date,one_way_turnover,two_way_turnover,buy_amount,sell_amount,trading_cost,buy_cost,sell_commission,sell_stamp_duty,event_type,trade_details_json
2023-01-09,0.49985004,0.99970009,0.99970009,0.00000000,0.00029991,0.00029991,0.00000000,0.00000000,rebalance,"[{""ts_code"": ""00005.HK"", ""side"": ""buy"", ""current_weight"": 0.0, ""target_weight"": 0.09449505425760951, ""post_trade_weight"": 0.0945234027738868, ""diff_weight"": 0.09449505425760951, ""gross_amount"": 0.09449505425760951, ""gross_amount_pct_nav"": 0.09449505425760951, ""fee"": 2.834851627728285e-05, ""fee_pct_nav"": 2.834851627728285e-05, ""name"": ""汇丰控股""}, {""ts_code"": ""00016.HK"", ""side"": ""buy"", ""current_weight"": 0.0, ""target_weight"": 0.060290817068383136, ""post_trade_weight"": 0.06030890431350365, ""diff_weight"": 0.060290817068383136, ""gross_amount"": 0.060290817068383136, ""gross_amount_pct_nav"": 0.060290817068383136, ""fee"": 1.8087245120514938e-05, ""fee_pct_nav"": 1.8087245120514938e-05, ""name"": ""新鸿基地产""}, {""ts_code"": ""00386.HK"", ""side"": ""buy"", ""current_weight"": 0.0, ""target_weight"": 0.0711770760666786, ""post_trade_weight"": 0.0711984291894986, ""diff_weight"": 0.0711770760666786, ""gross_amount"": 0.0711770760666786, ""gross_amount_pct_nav"": 0.0711770760666786, ""fee"": 2.1353122820003578e-05, ""fee_pct_nav"": 2.1353122820003578e-05, ""name"": ""中国石油化工股份""}, {""ts_code"": ""00728.HK"", ""side"": ""buy"", ""current_weight"": 0.0, ""target_weight"": 0.06655754636346768, ""post_trade_weight"": 0.06657751362737672, ""diff_weight"": 0.06655754636346768, ""gross_amount"": 0.06655754636346768, ""gross_amount_pct_nav"": 0.06655754636346768, ""fee"": 1.9967263909040302e-05, ""fee_pct_nav"": 1.9967263909040302e-05, ""name"": ""中国电信""}, {""ts_code"": ""00857.HK"", ""side"": ""buy"", ""current_weight"": 0.0, ""target_weight"": 0.08244698487267793, ""post_trade_weight"": 0.08247171896813973, ""diff_weight"": 0.08244698487267793, ""gross_amount"": 0.08244698487267793, ""gross_amount_pct_nav"": 0.08244698487267793, ""fee"": 2.4734095461803376e-05, ""fee_pct_nav"": 2.4734095461803376e-05, ""name"": ""中国石油股份""}, {""ts_code"": ""00939.HK"", ""side"": ""buy"", ""current_weight"": 0.0, ""target_weight"": 0.08355675219485915, ""post_trade_weight"": 0.08358181922051762, ""diff_weight"": 0.08355675219485915, ""gross_amount"": 0.08355675219485915, ""gross_amount_pct_nav"": 0.08355675219485915, ""fee"": 2.5067025658457745e-05, ""fee_pct_nav"": 2.5067025658457745e-05, ""name"": ""建设银行""}, {""ts_code"": ""00941.HK"", ""side"": ""buy"", ""current_weight"": 0.0, ""target_weight"": 0.10495248100124926, ""post_trade_weight"": 0.10498396674554965, ""diff_weight"": 0.10495248100124926, ""gross_amount"": 0.10495248100124926, ""gross_amount_pct_nav"": 0.10495248100124926, ""fee"": 3.148574430037478e-05, ""fee_pct_nav"": 3.148574430037478e-05, ""name"": ""中国移动""}, {""ts_code"": ""01288.HK"", ""side"": ""buy"", ""current_weight"": 0.0, ""target_weight"": 0.09561788064927326, ""post_trade_weight"": 0.09564656601346805, ""diff_weight"": 0.09561788064927326, ""gross_amount"": 0.09561788064927326, ""gross_amount_pct_nav"": 0.09561788064927326, ""fee"": 2.8685364194781975e-05, ""fee_pct_nav"": 2.8685364194781975e-05, ""name"": ""农业银行""}, {""ts_code"": ""01299.HK"", ""side"": ""buy"", ""current_weight"": 0.0, ""target_weight"": 0.0697825715832626, ""post_trade_weight"": 0.06980350635473759, ""diff_weight"": 0.0697825715832626, ""gross_amount"": 0.0697825715832626, ""gross_amount_pct_nav"": 0.0697825715832626, ""fee"": 2.093477147497878e-05, ""fee_pct_nav"": 2.093477147497878e-05, ""name"": ""友邦保险""}, {""ts_code"": ""01398.HK"", ""side"": ""buy"", ""current_weight"": 0.0, ""target_weight"": 0.10624986873220969, ""post_trade_weight"": 0.10628174369282936, ""diff_weight"": 0.10624986873220969, ""gross_amount"": 0.10624986873220969, ""gross_amount_pct_nav"": 0.10624986873220969, ""fee"": 3.18749606196629e-05, ""fee_pct_nav"": 3.18749606196629e-05, ""name"": ""工商银行""}, {""ts_code"": ""02628.HK"", ""side"": ""buy"", ""current_weight"": 0.0, ""target_weight"": 0.07295179826571982, ""post_trade_weight"": 0.07297368380519954, ""diff_weight"": 0.07295179826571982, ""gross_amount"": 0.07295179826571982, ""gross_amount_pct_nav"": 0.07295179826571982, ""fee"": 2.1885539479715943e-05, ""fee_pct_nav"": 2.1885539479715943e-05, ""name"": ""中国人寿""}, {""ts_code"": ""03988.HK"", ""side"": ""buy"", ""current_weight"": 0.0, ""target_weight"": 0.09162125891760924, ""post_trade_weight"": 0.09164874529528452, ""diff_weight"": 0.09162125891760924, ""gross_amount"": 0.09162125891760924, ""gross_amount_pct_nav"": 0.09162125891760924, ""fee"": 2.748637767528277e-05, ""fee_pct_nav"": 2.748637767528277e-05, ""name"": ""中国银行""}]"
2023-01-16,0.13644586,0.27289172,0.15239870,0.13026656,0.00008480,0.00004572,0.00003908,0.00000000,rebalance,"[{""ts_code"": ""00016.HK"", ""side"": ""sell"", ""current_weight"": 0.0578866155572246, ""target_weight"": 0.0, ""post_trade_weight"": 0.0, ""diff_weight"": -0.0578866155572246, ""gross_amount"": 0.05995980866094888, ""gross_amount_pct_nav"": 0.0578866155572246, ""fee"": 1.7987942598284662e-05, ""fee_pct_nav"": 1.7365984667167377e-05, ""name"": ""新鸿基地产""}, {""ts_code"": ""00883.HK"", ""side"": ""buy"", ""current_weight"": 0.0, ""target_weight"": 0.07577288117231647, ""post_trade_weight"": 0.07577908501772711, ""diff_weight"": 0.07577288117231647, ""gross_amount"": 0.07848666592520931, ""gross_amount_pct_nav"": 0.07577288117231647, ""fee"": 2.354599977756279e-05, ""fee_pct_nav"": 2.2731864351694937e-05, ""name"": ""中国海洋石油""}, {""ts_code"": ""01088.HK"", ""side"": ""buy"", ""current_weight"": 0.0, ""target_weight"": 0.07135642215804715, ""post_trade_weight"": 0.07136226440932857, ""diff_weight"": 0.07135642215804715, ""gross_amount"": 0.07391203265454022, ""gross_amount_pct_nav"": 0.07135642215804715, ""fee"": 2.2173609796362063e-05, ""fee_pct_nav"": 2.1406926647414144e-05, ""name"": ""中国神华""}, {""ts_code"": ""01299.HK"", ""side"": ""sell"", ""current_weight"": 0.06787579915427494, ""target_weight"": 0.0, ""post_trade_weight"": 0.0, ""diff_weight"": -0.06787579915427494, ""gross_amount"": 0.0703067521018921, ""gross_amount_pct_nav"": 0.06787579915427494, ""fee"": 2.109202563056763e-05, ""fee_pct_nav"": 2.036273974628248e-05, ""name"": ""友邦保险""}]"
2023-01-26,0.13540573,0.27081146,0.00000000,0.28994935,0.00008698,0.00000000,0.00008698,0.00000000,rebalance,"[{""ts_code"": ""00005.HK"", ""side"": ""sell"", ""current_weight"": 0.09587434318400746, ""target_weight"": 0.07297336236156898, ""post_trade_weight"": 0.07297929145005394, ""diff_weight"": -0.022900980822438473, ""gross_amount"": 0.024519363230255234, ""gross_amount_pct_nav"": 0.022900980822438473, ""fee"": 7.35580896907657e-06, ""fee_pct_nav"": 6.8702942467315415e-06, ""name"": ""汇丰控股""}, {""ts_code"": ""00386.HK"", ""side"": ""sell"", ""current_weight"": 0.07330245247011494, ""target_weight"": 0.055371234105520535, ""post_trade_weight"": 0.05537573302041096, ""diff_weight"": -0.017931218364594395, ""gross_amount"": 0.019198394149639676, ""gross_amount_pct_nav"": 0.017931218364594395, ""fee"": 5.759518244891902e-06, ""fee_pct_nav"": 5.379365509378318e-06, ""name"": ""中国石油化工股份""}, {""ts_code"": ""00728.HK"", ""side"": ""sell"", ""current_weight"": 0.07050868828217893, ""target_weight"": 0.05256120101970164, ""post_trade_weight"": 0.05256547161929628, ""diff_weight"": -0.01794748726247729, ""gross_amount"": 0.01921581274929004, ""gross_amount_pct_nav"": 0.01794748726247729, ""fee"": 5.764743824787011e-06, ""fee_pct_nav"": 5.384246178743187e-06, ""name"": ""中国电信""}, {""ts_code"": ""00857.HK"", ""side"": ""sell"", ""current_weight"": 0.08923959304363238, ""target_weight"": 0.06484875623269469, ""post_trade_weight"": 0.0648540251966207, ""diff_weight"": -0.024390836810937695, ""gross_amount"": 0.026114505395825313, ""gross_amount_pct_nav"": 0.024390836810937695, ""fee"": 7.834351618747593e-06, ""fee_pct_nav"": 7.317251043281308e-06, ""name"": ""中国石油股份""}, {""ts_code"": ""00883.HK"", ""side"": ""sell"", ""current_weight"": 0.0801961944151045, ""target_weight"": 0.058029986343528066, ""post_trade_weight"": 0.05803470128213959, ""diff_weight"": -0.02216620807157644, ""gross_amount"": 0.02373266504864601, ""gross_amount_pct_nav"": 0.02216620807157644, ""fee"": 7.119799514593803e-06, ""fee_pct_nav"": 6.649862421472932e-06, ""name"": ""中国海洋石油""}, {""ts_code"": ""00939.HK"", ""side"": ""sell"", ""current_weight"": 0.08153880009903605, ""target_weight"": 0.05798496165834963, ""post_trade_weight"": 0.05798967293870377, ""diff_weight"": -0.023553838440686415, ""gross_amount"": 0.025218357443803338, ""gross_amount_pct_nav"": 0.023553838440686415, ""fee"": 7.565507233141001e-06, ""fee_pct_nav"": 7.066151532205924e-06, ""name"": ""建设银行""}, {""ts_code"": ""00941.HK"", ""side"": ""sell"", ""current_weight"": 0.10419515802288344, ""target_weight"": 0.08057134301112462, ""post_trade_weight"": 0.08057788943582816, ""diff_weight"": -0.02362381501175882, ""gross_amount"": 0.025293279167769453, ""gross_amount_pct_nav"": 0.02362381501175882, ""fee"": 7.5879837503308356e-06, ""fee_pct_nav"": 7.087144503527645e-06, ""name"": ""中国移动""}, {""ts_code"": ""01088.HK"", ""side"": ""sell"", ""current_weight"": 0.06903352368794173, ""target_weight"": 0.052606523455110084, ""post_trade_weight"": 0.052610797737154345, ""diff_weight"": -0.01642700023283164, ""gross_amount"": 0.017587874886897475, ""gross_amount_pct_nav"": 0.01642700023283164, ""fee"": 5.276362466069242e-06, ""fee_pct_nav"": 4.928100069849492e-06, ""name"": ""中国神华""}, {""ts_code"": ""01288.HK"", ""side"": ""sell"", ""current_weight"": 0.09272694960169457, ""target_weight"": 0.06548587038042936, ""post_trade_weight"": 0.06549119110990426, ""diff_weight"": -0.027241079221265212, ""gross_amount"": 0.029166170715095127, ""gross_amount_pct_nav"": 0.027241079221265212, ""fee"": 8.749851214528538e-06, ""fee_pct_nav"": 8.172323766379564e-06, ""name"": ""农业银行""}, {""ts_code"": ""01398.HK"", ""side"": ""sell"", ""current_weight"": 0.10261041804486365, ""target_weight"": 0.06800030978914849, ""post_trade_weight"": 0.0680058348169216, ""diff_weight"": -0.03461010825571516, ""gross_amount"": 0.03705595940802921, ""gross_amount_pct_nav"": 0.03461010825571516, ""fee"": 1.111678782240876e-05, ""fee_pct_nav"": 1.0383032476714547e-05, ""name"": ""工商银行""}, {""ts_code"": ""02628.HK"", ""side"": ""sell"", ""current_weight"": 0.07252758383441232, ""target_weight"": 0.05750079711441634, ""post_trade_weight"": 0.05750546905638274, ""diff_weight"": -0.01502678671999599, ""gross_amount"": 0.016088710113679988, ""gross_amount_pct_nav"": 0.01502678671999599, ""fee"": 4.826613034103996e-06, ""fee_pct_nav"": 4.5080360159987964e-06, ""name"": ""中国人寿""}, {""ts_code"": ""03988.HK"", ""side"": ""sell"", ""current_weight"": 0.08899682021281913, ""target_weight"": 0.06400472195047605, ""post_trade_weight"": 0.06400992233658431, ""diff_weight"": -0.024992098262343082, ""gross_amount"": 0.026758257208800693, ""gross_amount_pct_nav"": 0.024992098262343082, ""fee"": 8.027477162640207e-06, ""fee_pct_nav"": 7.497629478702923e-06, ""name"": ""中国银行""}]"
2023-01-30,0.12547687,0.25095374,0.26756516,0.00000000,0.00008027,0.00008027,0.00000000,0.00000000,rebalance,"[{""ts_code"": ""00005.HK"", ""side"": ""buy"", ""current_weight"": 0.0732211737847801, ""target_weight"": 0.09894258896107065, ""post_trade_weight"": 0.09895003852560845, ""diff_weight"": 0.025721415176290553, ""gross_amount"": 0.027423997084169982, ""gross_amount_pct_nav"": 0.025721415176290553, ""fee"": 8.227199125250994e-06, ""fee_pct_nav"": 7.716424552887165e-06, ""name"": ""汇丰控股""}, {""ts_code"": ""00386.HK"", ""side"": ""buy"", ""current_weight"": 0.05604731057731813, ""target_weight"": 0.07444971143059054, ""post_trade_weight"": 0.07445531688255967, ""diff_weight"": 0.018402400853272414, ""gross_amount"": 0.01962051403015575, ""gross_amount_pct_nav"": 0.018402400853272414, ""fee"": 5.886154209046725e-06, ""fee_pct_nav"": 5.520720255981723e-06, ""name"": ""中国石油化工股份""}, {""ts_code"": ""00728.HK"", ""side"": ""buy"", ""current_weight"": 0.0552803840723806, ""target_weight"": 0.06969437921202551, ""post_trade_weight"": 0.0696996266265243, ""diff_weight"": 0.014413995139644909, ""gross_amount"": 0.0153681031145297, ""gross_amount_pct_nav"": 0.014413995139644909, ""fee"": 4.61043093435891e-06, ""fee_pct_nav"": 4.324198541893473e-06, ""name"": ""中国电信""}, {""ts_code"": ""00857.HK"", ""side"": ""buy"", ""current_weight"": 0.06529602633562051, ""target_weight"": 0.08662852895105272, ""post_trade_weight"": 0.08663505136798168, ""diff_weight"": 0.021332502615432195, ""gross_amount"": 0.022744568505037865, ""gross_amount_pct_nav"": 0.021332502615432195, ""fee"": 6.823370551511359e-06, ""fee_pct_nav"": 6.399750784629658e-06, ""name"": ""中国石油股份""}, {""ts_code"": ""00883.HK"", ""side"": ""buy"", ""current_weight"": 0.057749638868295594, ""target_weight"": 0.07767766739292732, ""post_trade_weight"": 0.0776835158834759, ""diff_weight"": 0.01992802852463173, ""gross_amount"": 0.02124712782741886, ""gross_amount_pct_nav"": 0.01992802852463173, ""fee"": 6.3741383482256575e-06, ""fee_pct_nav"": 5.978408557389518e-06, ""name"": ""中国海洋石油""}, {""ts_code"": ""00939.HK"", ""side"": ""buy"", ""current_weight"": 0.057308276433216045, ""target_weight"": 0.08026052656075322, ""post_trade_weight"": 0.08026656951938944, ""diff_weight"": 0.022952250127537176, ""gross_amount"": 0.024471532233301306, ""gross_amount_pct_nav"": 0.022952250127537176, ""fee"": 7.341459669990391e-06, ""fee_pct_nav"": 6.885675038261152e-06, ""name"": ""建设银行""}, {""ts_code"": ""00941.HK"", ""side"": ""buy"", ""current_weight"": 0.08084609651248571, ""target_weight"": 0.10735765213021445, ""post_trade_weight"": 0.10736573527991337, ""diff_weight"": 0.02651155561772874, ""gross_amount"": 0.028266439423114825, ""gross_amount_pct_nav"": 0.02651155561772874, ""fee"": 8.479931826934448e-06, ""fee_pct_nav"": 7.953466685318621e-06, ""name"": ""中国移动""}, {""ts_code"": ""01088.HK"", ""side"": ""buy"", ""current_weight"": 0.051660173480914846, ""target_weight"": 0.06452080031527782, ""post_trade_weight"": 0.06452565820176559, ""diff_weight"": 0.012860626834362971, ""gross_amount"": 0.01371191244295416, ""gross_amount_pct_nav"": 0.012860626834362971, ""fee"": 4.113573732886247e-06, ""fee_pct_nav"": 3.858188050308891e-06, ""name"": ""中国神华""}, {""ts_code"": ""01288.HK"", ""side"": ""buy"", ""current_weight"": 0.0652217358972312, ""target_weight"": 0.08680029211248935, ""post_trade_weight"": 0.08680682746177404, ""diff_weight"": 0.021578556215258147, ""gross_amount"": 0.02300690917167414, ""gross_amount_pct_nav"": 0.021578556215258147, ""fee"": 6.902072751502241e-06, ""fee_pct_nav"": 6.473566864577444e-06, ""name"": ""农业银行""}, {""ts_code"": ""01398.HK"", ""side"": ""buy"", ""current_weight"": 0.06716324718168964, ""target_weight"": 0.09774342744091094, ""post_trade_weight"": 0.09775078671843251, ""diff_weight"": 0.030580180259221306, ""gross_amount"": 0.032604379211424936, ""gross_amount_pct_nav"": 0.030580180259221306, ""fee"": 9.78131376342748e-06, ""fee_pct_nav"": 9.174054077766391e-06, ""name"": ""工商银行""}, {""ts_code"": ""02628.HK"", ""side"": ""buy"", ""current_weight"": 0.055397933276181824, ""target_weight"": 0.07026517053626236, ""post_trade_weight"": 0.07027046092666113, ""diff_weight"": 0.014867237260080534, ""gross_amount"": 0.015851346765940723, ""gross_amount_pct_nav"": 0.014867237260080534, ""fee"": 4.755404029782217e-06, ""fee_pct_nav"": 4.46017117802416e-06, ""name"": ""中国人寿""}, {""ts_code"": ""03988.HK"", ""side"": ""buy"", ""current_weight"": 0.06377898199133629, ""target_weight"": 0.08558396883578281, ""post_trade_weight"": 0.08559041260591192, ""diff_weight"": 0.021804986844446525, ""gross_amount"": 0.02324832796111745, ""gross_amount_pct_nav"": 0.021804986844446525, ""fee"": 6.974498388335234e-06, ""fee_pct_nav"": 6.541496053333957e-06, ""name"": ""中国银行""}]"
2023-02-06,0.13801847,0.27603694,0.13556388,0.15148317,0.00008611,0.00004067,0.00004544,0.00000000,rebalance,"[{""ts_code"": ""00016.HK"", ""side"": ""buy"", ""current_weight"": 0.0, ""target_weight"": 0.06297896263275711, ""post_trade_weight"": 0.06298417842073827, ""diff_weight"": 0.06297896263275711, ""gross_amount"": 0.06549096413923877, ""gross_amount_pct_nav"": 0.06297896263275711, ""fee"": 1.964728924177163e-05, ""fee_pct_nav"": 1.8893688789827133e-05, ""name"": ""新鸿基地产""}, {""ts_code"": ""00939.HK"", ""side"": ""sell"", ""current_weight"": 0.0794598287154024, ""target_weight"": 0.0, ""post_trade_weight"": 0.0, ""diff_weight"": -0.0794598287154024, ""gross_amount"": 0.08262919196137697, ""gross_amount_pct_nav"": 0.0794598287154024, ""fee"": 2.4788757588413088e-05, ""fee_pct_nav"": 2.383794861462072e-05, ""name"": ""建设银行""}, {""ts_code"": ""00941.HK"", ""side"": ""buy"", ""current_weight"": 0.11026796138777994, ""target_weight"": 0.12081957450748376, ""post_trade_weight"": 0.12082958053581863, ""diff_weight"": 0.010551613119703812, ""gross_amount"": 0.010972478547530362, ""gross_amount_pct_nav"": 0.010551613119703812, ""fee"": 3.2917435642591085e-06, ""fee_pct_nav"": 3.1654839359111435e-06, ""name"": ""中国移动""}, {""ts_code"": ""02628.HK"", ""side"": ""sell"", ""current_weight"": 0.06621298497497063, ""target_weight"": 0.0, ""post_trade_weight"": 0.0, ""diff_weight"": -0.06621298497497063, ""gross_amount"": 0.06885397985727221, ""gross_amount_pct_nav"": 0.06621298497497063, ""fee"": 2.0656193957181662e-05, ""fee_pct_nav"": 1.9863895492491187e-05, ""name"": ""中国人寿""}, {""ts_code"": ""02899.HK"", ""side"": ""buy"", ""current_weight"": 0.0, ""target_weight"": 0.056833551469914895, ""post_trade_weight"": 0.05683825830759991, ""diff_weight"": 0.056833551469914895, ""gross_amount"": 0.05910043490119061, ""gross_amount_pct_nav"": 0.056833551469914895, ""fee"": 1.7730130470357182e-05, ""fee_pct_nav"": 1.705006544097447e-05, ""name"": ""紫金矿业""}]"
2023-02-13,0.05750443,0.11500885,0.06191646,0.05785043,0.00003593,0.00001857,0.00001736,0.00000000,rebalance,"[{""ts_code"": ""02628.HK"", ""side"": ""buy"", ""current_weight"": 0.0, ""target_weight"": 0.05945667500420594, ""post_trade_weight"": 0.05945872648818655, ""diff_weight"": 0.05945667500420594, ""gross_amount"": 0.06191645553455584, ""gross_amount_pct_nav"": 0.05945667500420594, ""fee"": 1.857493666036675e-05, ""fee_pct_nav"": 1.783700250126178e-05, ""name"": ""中国人寿""}, {""ts_code"": ""02899.HK"", ""side"": ""sell"", ""current_weight"": 0.05555217801421266, ""target_weight"": 0.0, ""post_trade_weight"": 0.0, ""diff_weight"": -0.05555217801421266, ""gross_amount"": 0.05785042570277287, ""gross_amount_pct_nav"": 0.05555217801421266, ""fee"": 1.735512771083186e-05, ""fee_pct_nav"": 1.6665653404263794e-05, ""name"": ""紫金矿业""}]"
2023-02-20,0.00000000,0.00000000,0.00000000,0.00000000,0.00000000,0.00000000,0.00000000,0.00000000,rebalance,
2023-02-27,0.00000000,0.00000000,0.00000000,0.00000000,0.00000000,0.00000000,0.00000000,0.00000000,rebalance,
2023-03-06,0.01257825,0.02515651,0.01544220,0.01215557,0.00000828,0.00000463,0.00000365,0.00000000,rebalance,"[{""ts_code"": ""00941.HK"", ""side"": ""sell"", ""current_weight"": 0.12948814835526837, ""target_weight"": 0.11840784419530945, ""post_trade_weight"": 0.11840873782041256, ""diff_weight"": -0.011080304159958929, ""gross_amount"": 0.012155572576691753, ""gross_amount_pct_nav"": 0.011080304159958929, ""fee"": 3.6466717730075256e-06, ""fee_pct_nav"": 3.3240912479876787e-06, ""name"": ""中国移动""}, {""ts_code"": ""02628.HK"", ""side"": ""buy"", ""current_weight"": 0.05684062273783554, ""target_weight"": 0.07091682643836172, ""post_trade_weight"": 0.07091736164831144, ""diff_weight"": 0.01407620370052618, ""gross_amount"": 0.015442203861547897, ""gross_amount_pct_nav"": 0.01407620370052618, ""fee"": 4.6326611584643685e-06, ""fee_pct_nav"": 4.2228611101578535e-06, ""name"": ""中国人寿""}]"
2023-03-13,0.00000000,0.00000000,0.00000000,0.00000000,0.00000000,0.00000000,0.00000000,0.00000000,rebalance,
2023-03-20,0.07416947,0.14833894,0.08677821,0.07273427,0.00004785,0.00002603,0.00002182,0.00000000,rebalance,"[{""ts_code"": ""00939.HK"", ""side"": ""buy"", ""current_weight"": 0.0, ""target_weight"": 0.08069956279328906, ""post_trade_weight"": 0.08070315421945891, ""diff_weight"": 0.08069956279328906, ""gross_amount"": 0.08677820574440032, ""gross_amount_pct_nav"": 0.08069956279328906, ""fee"": 2.6033461723320093e-05, ""fee_pct_nav"": 2.420986883798672e-05, ""name"": ""建设银行""}, {""ts_code"": ""02628.HK"", ""side"": ""sell"", ""current_weight"": 0.06763937986558845, ""target_weight"": 0.0, ""post_trade_weight"": 0.0, ""diff_weight"": -0.06763937986558845, ""gross_amount"": 0.07273427289110168, ""gross_amount_pct_nav"": 0.06763937986558845, ""fee"": 2.1820281867330503e-05, ""fee_pct_nav"": 2.0291813959676532e-05, ""name"": ""中国人寿""}]"
2023-03-27,0.00577221,0.01154442,0.00000000,0.01229776,0.00000369,0.00000000,0.00000369,0.00000000,rebalance,"[{""ts_code"": ""00005.HK"", ""side"": ""sell"", ""current_weight"": 0.09377538696683266, ""target_weight"": 0.08223096411534662, ""post_trade_weight"": 0.08223124890903932, ""diff_weight"": -0.011544422851486038, ""gross_amount"": 0.012297764257195656, ""gross_amount_pct_nav"": 0.011544422851486038, ""fee"": 3.6893292771586965e-06, ""fee_pct_nav"": 3.463326855445811e-06, ""name"": ""汇丰控股""}]"
2023-04-03,0.18571824,0.37143648,0.20434124,0.20291392,0.00012218,0.00006130,0.00006087,0.00000000,rebalance,"[{""ts_code"": ""00005.HK"", ""side"": ""buy"", ""current_weight"": 0.08385005374208418, ""target_weight"": 0.10932946725798509, ""post_trade_weight"": 0.10934165130134822, ""diff_weight"": 0.025479413515900908, ""gross_amount"": 0.027936465870857283, ""gross_amount_pct_nav"": 0.025479413515900908, ""fee"": 8.380939761257185e-06, ""fee_pct_nav"": 7.643824054770272e-06, ""name"": ""汇丰控股""}, {""ts_code"": ""00016.HK"", ""side"": ""buy"", ""current_weight"": 0.05910077571396425, ""target_weight"": 0.07543668980768532, ""post_trade_weight"": 0.07544509672599234, ""diff_weight"": 0.016335914093721083, ""gross_amount"": 0.017911232778717243, ""gross_amount_pct_nav"": 0.016335914093721083, ""fee"": 5.373369833615172e-06, ""fee_pct_nav"": 4.900774228116324e-06, ""name"": ""新鸿基地产""}, {""ts_code"": ""00728.HK"", ""side"": ""buy"", ""current_weight"": 0.07351561144998904, ""target_weight"": 0.08640755062992578, ""post_trade_weight"": 0.08641718017784347, ""diff_weight"": 0.012891939179936746, ""gross_amount"": 0.014135145563091908, ""gross_amount_pct_nav"": 0.012891939179936746, ""fee"": 4.240543668927572e-06, ""fee_pct_nav"": 3.867581753981024e-06, ""name"": ""中国电信""}, {""ts_code"": ""00939.HK"", ""side"": ""sell"", ""current_weight"": 0.07988561939530447, ""target_weight"": 0.0, ""post_trade_weight"": 0.0, ""diff_weight"": -0.07988561939530447, ""gross_amount"": 0.08758921701303957, ""gross_amount_pct_nav"": 0.07988561939530447, ""fee"": 2.6276765103911867e-05, ""fee_pct_nav"": 2.3965685818591338e-05, ""name"": ""建设银行""}, {""ts_code"": ""00941.HK"", ""side"": ""buy"", ""current_weight"": 0.11902795217334822, ""target_weight"": 0.13059382425929345, ""post_trade_weight"": 0.130608378074085, ""diff_weight"": 0.01156587208594523, ""gross_amount"": 0.012681202045489282, ""gross_amount_pct_nav"": 0.01156587208594523, ""fee"": 3.8043606136467843e-06, ""fee_pct_nav"": 3.469761625783569e-06, ""name"": ""中国移动""}, {""ts_code"": ""01088.HK"", ""side"": ""sell"", ""current_weight"": 0.06314192060404113, ""target_weight"": 0.05115455533684141, ""post_trade_weight"": 0.05116025617245396, ""diff_weight"": -0.011987365267199714, ""gross_amount"": 0.013143341013702445, ""gross_amount_pct_nav"": 0.011987365267199714, ""fee"": 3.943002304110733e-06, ""fee_pct_nav"": 3.5962095801599135e-06, ""name"": ""中国神华""}, {""ts_code"": ""01398.HK"", ""side"": ""sell"", ""current_weight"": 0.0931943612467657, ""target_weight"": 0.0, ""post_trade_weight"": 0.0, ""diff_weight"": -0.0931943612467657, ""gross_amount"": 0.10218135871541306, ""gross_amount_pct_nav"": 0.0931943612467657, ""fee"": 3.065440761462391e-05, ""fee_pct_nav"": 2.7958308374029707e-05, ""name"": ""工商银行""}, {""ts_code"": ""01766.HK"", ""side"": ""buy"", ""current_weight"": 0.0, ""target_weight"": 0.06129931703007534, ""post_trade_weight"": 0.06130614843203454, ""diff_weight"": 0.06129931703007534, ""gross_amount"": 0.06721058461761104, ""gross_amount_pct_nav"": 0.06129931703007534, ""fee"": 2.016317538528331e-05, ""fee_pct_nav"": 1.83897951090226e-05, ""name"": ""中国中车""}, {""ts_code"": ""01928.HK"", ""side"": ""buy"", ""current_weight"": 0.0, ""target_weight"": 0.05879667635918483, ""post_trade_weight"": 0.058803228858454556, ""diff_weight"": 0.05879667635918483, ""gross_amount"": 0.06446660718478196, ""gross_amount_pct_nav"": 0.05879667635918483, ""fee"": 1.9339982155434586e-05, ""fee_pct_nav"": 1.7639002907755445e-05, ""name"": ""金沙中国有限公司""}]"
2023-04-11,0.22580077,0.45160155,0.26214007,0.24495922,0.00015213,0.00007864,0.00007349,0.00000000,rebalance,"[{""ts_code"": ""00005.HK"", ""side"": ""sell"", ""current_weight"": 0.10792456605582904, ""target_weight"": 0.07164628860141381, ""post_trade_weight"": 0.07165599658909493, ""diff_weight"": -0.03627827745441522, ""gross_amount"": 0.04073654888430275, ""gross_amount_pct_nav"": 0.03627827745441522, ""fee"": 1.2220964665290826e-05, ""fee_pct_nav"": 1.0883483236324566e-05, ""name"": ""汇丰控股""}, {""ts_code"": ""00016.HK"", ""side"": ""sell"", ""current_weight"": 0.07488076057821558, ""target_weight"": 0.05880690143855039, ""post_trade_weight"": 0.058814869704400224, ""diff_weight"": -0.01607385913966519, ""gross_amount"": 0.01804919071543945, ""gross_amount_pct_nav"": 0.01607385913966519, ""fee"": 5.414757214631834e-06, ""fee_pct_nav"": 4.822157741899556e-06, ""name"": ""新鸿基地产""}, {""ts_code"": ""00700.HK"", ""side"": ""buy"", ""current_weight"": 0.0, ""target_weight"": 0.18016503878057238, ""post_trade_weight"": 0.18018945093102975, ""diff_weight"": 0.18016503878057238, ""gross_amount"": 0.20230568881747896, ""gross_amount_pct_nav"": 0.18016503878057238, ""fee"": 6.069170664524368e-05, ""fee_pct_nav"": 5.404951163417171e-05, ""name"": ""腾讯控股""}, {""ts_code"": ""00728.HK"", ""side"": ""sell"", ""current_weight"": 0.08612931606688255, ""target_weight"": 0.0696772449189803, ""post_trade_weight"": 0.06968668610356266, ""diff_weight"": -0.01645207114790226, ""gross_amount"": 0.018473881550927412, ""gross_amount_pct_nav"": 0.01645207114790226, ""fee"": 5.5421644652782234e-06, ""fee_pct_nav"": 4.935621344370677e-06, ""name"": ""中国电信""}, {""ts_code"": ""00883.HK"", ""side"": ""sell"", ""current_weight"": 0.07948048844209375, ""target_weight"": 0.06597762309658307, ""post_trade_weight"": 0.06598656298676794, ""diff_weight"": -0.01350286534551069, ""gross_amount"": 0.015162245090515156, ""gross_amount_pct_nav"": 0.01350286534551069, ""fee"": 4.548673527154547e-06, ""fee_pct_nav"": 4.050859603653207e-06, ""name"": ""中国海洋石油""}, {""ts_code"": ""00941.HK"", ""side"": ""sell"", ""current_weight"": 0.1292978545212514, ""target_weight"": 0.11243080140586721, ""post_trade_weight"": 0.11244603564697492, ""diff_weight"": -0.016867053115384174, ""gross_amount"": 0.018939861040324968, ""gross_amount_pct_nav"": 0.016867053115384174, ""fee"": 5.68195831209749e-06, ""fee_pct_nav"": 5.060115934615252e-06, ""name"": ""中国移动""}, {""ts_code"": ""00998.HK"", ""side"": ""buy"", ""current_weight"": 0.0, ""target_weight"": 0.05328601192276414, ""post_trade_weight"": 0.05329323211459012, ""diff_weight"": 0.05328601192276414, ""gross_amount"": 0.05983437974056948, ""gross_amount_pct_nav"": 0.05328601192276414, ""fee"": 1.7950313922170843e-05, ""fee_pct_nav"": 1.598580357682924e-05, ""name"": ""中信银行""}, {""ts_code"": ""01088.HK"", ""side"": ""sell"", ""current_weight"": 0.04953481217246872, ""target_weight"": 0.0, ""post_trade_weight"": 0.0, ""diff_weight"": -0.04953481217246872, ""gross_amount"": 0.05562219154627868, ""gross_amount_pct_nav"": 0.04953481217246872, ""fee"": 1.6686657463883604e-05, ""fee_pct_nav"": 1.4860443651740613e-05, ""name"": ""中国神华""}, {""ts_code"": ""01766.HK"", ""side"": ""sell"", ""current_weight"": 0.06595956311527931, ""target_weight"": 0.05333944407974091, ""post_trade_weight"": 0.053346671511561194, ""diff_weight"": -0.012620119035538408, ""gross_amount"": 0.014171017261305, ""gross_amount_pct_nav"": 0.012620119035538408, ""fee"": 4.2513051783915e-06, ""fee_pct_nav"": 3.7860357106615226e-06, ""name"": ""中国中车""}, {""ts_code"": ""01928.HK"", ""side"": ""sell"", ""current_weight"": 0.05682143924265336, ""target_weight"": 0.0, ""post_trade_weight"": 0.0, ""diff_weight"": -0.05682143924265336, ""gross_amount"": 0.06380427902877393, ""gross_amount_pct_nav"": 0.05682143924265336, ""fee"": 1.9141283708632178e-05, ""fee_pct_nav"": 1.7046431772796006e-05, ""name"": ""金沙中国有限公司""}]"
2023-04-17,0.00658815,0.01317630,0.00000000,0.01529868,0.00000459,0.00000000,0.00000459,0.00000000,rebalance,"[{""ts_code"": ""00700.HK"", ""side"": ""sell"", ""current_weight"": 0.17164567230792407, ""target_weight"": 0.15846936907398365, ""post_trade_weight"": 0.15846999548859786, ""diff_weight"": -0.013176303233940407, ""gross_amount"": 0.01529867873304211, ""gross_amount_pct_nav"": 0.013176303233940407, ""fee"": 4.589603619912632e-06, ""fee_pct_nav"": 3.952890970182121e-06, ""name"": ""腾讯控股""}]"
2023-04-24,0.11579548,0.23159096,0.13886989,0.12328132,0.00007865,0.00004166,0.00003698,0.00000000,rebalance,"[{""ts_code"": ""00267.HK"", ""side"": ""buy"", ""current_weight"": 0.0, ""target_weight"": 0.053688724415344426, ""post_trade_weight"": 0.05369245482145434, ""diff_weight"": 0.053688724415344426, ""gross_amount"": 0.06077337435596007, ""gross_amount_pct_nav"": 0.053688724415344426, ""fee"": 1.823201230678802e-05, ""fee_pct_nav"": 1.6106617324603326e-05, ""name"": ""中信股份""}, {""ts_code"": ""00998.HK"", ""side"": ""sell"", ""current_weight"": 0.054564328259959376, ""target_weight"": 0.0, ""post_trade_weight"": 0.0, ""diff_weight"": -0.054564328259959376, ""gross_amount"": 0.06176452102252333, ""gross_amount_pct_nav"": 0.054564328259959376, ""fee"": 1.8529356306757e-05, ""fee_pct_nav"": 1.636929847798781e-05, ""name"": ""中信银行""}, {""ts_code"": ""01766.HK"", ""side"": ""sell"", ""current_weight"": 0.054345484677246515, ""target_weight"": 0.0, ""post_trade_weight"": 0.0, ""diff_weight"": -0.054345484677246515, ""gross_amount"": 0.06151679930586048, ""gross_amount_pct_nav"": 0.054345484677246515, ""fee"": 1.8455039791758144e-05, ""fee_pct_nav"": 1.6303645403173955e-05, ""name"": ""中国中车""}, {""ts_code"": ""02628.HK"", ""side"": ""buy"", ""current_weight"": 0.0, ""target_weight"": 0.06899242034195315, ""post_trade_weight"": 0.06899721408121932, ""diff_weight"": 0.06899242034195315, ""gross_amount"": 0.07809651346395048, ""gross_amount_pct_nav"": 0.06899242034195315, ""fee"": 2.3428954039185143e-05, ""fee_pct_nav"": 2.069772610258594e-05, ""name"": ""中国人寿""}]"
2023-05-02,0.07402541,0.14805083,0.08417524,0.08613367,0.00005109,0.00002525,0.00002584,0.00000000,rebalance,"[{""ts_code"": ""00016.HK"", ""side"": ""buy"", ""current_weight"": 0.055585836733914686, ""target_weight"": 0.06823702226852411, ""post_trade_weight"": 0.06824005316746824, ""diff_weight"": 0.01265118553460943, ""gross_amount"": 0.014553175286751291, ""gross_amount_pct_nav"": 0.01265118553460943, ""fee"": 4.365952586025387e-06, ""fee_pct_nav"": 3.795355660382829e-06, ""name"": ""新鸿基地产""}, {""ts_code"": ""00267.HK"", ""side"": ""sell"", ""current_weight"": 0.05494647403102988, ""target_weight"": 0.0, ""post_trade_weight"": 0.0, ""diff_weight"": -0.05494647403102988, ""gross_amount"": 0.0632071726222765, ""gross_amount_pct_nav"": 0.05494647403102988, ""fee"": 1.896215178668295e-05, ""fee_pct_nav"": 1.6483942209308965e-05, ""name"": ""中信股份""}, {""ts_code"": ""01766.HK"", ""side"": ""buy"", ""current_weight"": 0.0, ""target_weight"": 0.06052299065357708, ""post_trade_weight"": 0.06052567891666901, ""diff_weight"": 0.06052299065357708, ""gross_amount"": 0.06962206739047003, ""gross_amount_pct_nav"": 0.06052299065357708, ""fee"": 2.0886620217141005e-05, ""fee_pct_nav"": 1.8156897196073122e-05, ""name"": ""中国中车""}, {""ts_code"": ""03988.HK"", ""side"": ""sell"", ""current_weight"": 0.08301294852195006, ""target_weight"": 0.06308276918434956, ""post_trade_weight"": 0.06308557114569191, ""diff_weight"": -0.0199301793376005, ""gross_amount"": 0.022926499070226716, ""gross_amount_pct_nav"": 0.0199301793376005, ""fee"": 6.877949721068014e-06, ""fee_pct_nav"": 5.979053801280149e-06, ""name"": ""中国银行""}]"
2023-05-08,0.14633472,0.29266945,0.17191358,0.17588266,0.00010434,0.00005157,0.00005276,0.00000000,rebalance,"[{""ts_code"": ""00386.HK"", ""side"": ""sell"", ""current_weight"": 0.08424421985467023, ""target_weight"": 0.07354667218852681, ""post_trade_weight"": 0.0735531302146841, ""diff_weight"": -0.010697547666143415, ""gross_amount"": 0.012712521996164974, ""gross_amount_pct_nav"": 0.010697547666143415, ""fee"": 3.813756598849492e-06, ""fee_pct_nav"": 3.2092642998430245e-06, ""name"": ""中国石油化工股份""}, {""ts_code"": ""00883.HK"", ""side"": ""sell"", ""current_weight"": 0.06642518508316021, ""target_weight"": 0.0, ""post_trade_weight"": 0.0, ""diff_weight"": -0.06642518508316021, ""gross_amount"": 0.07893693515772206, ""gross_amount_pct_nav"": 0.06642518508316021, ""fee"": 2.3681080547316615e-05, ""fee_pct_nav"": 1.992755552494806e-05, ""name"": ""中国海洋石油""}, {""ts_code"": ""00941.HK"", ""side"": ""sell"", ""current_weight"": 0.11348196894287621, ""target_weight"": 0.10310972678744892, ""post_trade_weight"": 0.10311878070236918, ""diff_weight"": -0.01037224215542729, ""gross_amount"": 0.01232594241834821, ""gross_amount_pct_nav"": 0.01037224215542729, ""fee"": 3.6977827255044626e-06, ""fee_pct_nav"": 3.1116726466281866e-06, ""name"": ""中国移动""}, {""ts_code"": ""01088.HK"", ""side"": ""buy"", ""current_weight"": 0.0, ""target_weight"": 0.06011333677225202, ""post_trade_weight"": 0.060118615236793314, ""diff_weight"": 0.06011333677225202, ""gross_amount"": 0.07143619639094596, ""gross_amount_pct_nav"": 0.06011333677225202, ""fee"": 2.1430858917283787e-05, ""fee_pct_nav"": 1.8034001031675607e-05, ""name"": ""中国神华""}, {""ts_code"": ""01766.HK"", ""side"": ""sell"", ""current_weight"": 0.060509731627885505, ""target_weight"": 0.0, ""post_trade_weight"": 0.0, ""diff_weight"": -0.060509731627885505, ""gross_amount"": 0.07190725559803468, ""gross_amount_pct_nav"": 0.060509731627885505, ""fee"": 2.1572176679410403e-05, ""fee_pct_nav"": 1.815291948836565e-05, ""name"": ""中国中车""}, {""ts_code"": ""02318.HK"", ""side"": ""buy"", ""current_weight"": 0.0, ""target_weight"": 0.07306612700152289, ""post_trade_weight"": 0.07307254283170726, ""diff_weight"": 0.07306612700152289, ""gross_amount"": 0.08682875511937828, ""gross_amount_pct_nav"": 0.07306612700152289, ""fee"": 2.604862653581348e-05, ""fee_pct_nav"": 2.1919838100456864e-05, ""name"": ""中国平安""}, {""ts_code"": ""03988.HK"", ""side"": ""buy"", ""current_weight"": 0.06626644217325862, ""target_weight"": 0.07775171767829231, ""post_trade_weight"": 0.077758544943369, ""diff_weight"": 0.011485275505033685, ""gross_amount"": 0.013648625091136665, ""gross_amount_pct_nav"": 0.011485275505033685, ""fee"": 4.094587527340999e-06, ""fee_pct_nav"": 3.4455826515101052e-06, ""name"": ""中国银行""}]"
2023-05-15,0.19421143,0.38842287,0.20247011,0.24636133,0.00013465,0.00006074,0.00007391,0.00000000,rebalance,"[{""ts_code"": ""00005.HK"", ""side"": ""buy"", ""current_weight"": 0.07730771471465489, ""target_weight"": 0.10238701958527589, ""post_trade_weight"": 0.10239895181366344, ""diff_weight"": 0.025079304870621006, ""gross_amount"": 0.02897970561804389, ""gross_amount_pct_nav"": 0.025079304870621006, ""fee"": 8.693911685413166e-06, ""fee_pct_nav"": 7.523791461186301e-06, ""name"": ""汇丰控股""}, {""ts_code"": ""00016.HK"", ""side"": ""sell"", ""current_weight"": 0.06684719215210029, ""target_weight"": 0.0, ""post_trade_weight"": 0.0, ""diff_weight"": -0.06684719215210029, ""gross_amount"": 0.07724344673643706, ""gross_amount_pct_nav"": 0.06684719215210029, ""fee"": 2.3173034020931115e-05, ""fee_pct_nav"": 2.0054157645630086e-05, ""name"": ""新鸿基地产""}, {""ts_code"": ""00700.HK"", ""side"": ""sell"", ""current_weight"": 0.14635617471730789, ""target_weight"": 0.0, ""post_trade_weight"": 0.0, ""diff_weight"": -0.14635617471730789, ""gross_amount"": 0.16911787948553125, ""gross_amount_pct_nav"": 0.14635617471730789, ""fee"": 5.073536384565937e-05, ""fee_pct_nav"": 4.390685241519236e-05, ""name"": ""腾讯控股""}, {""ts_code"": ""00883.HK"", ""side"": ""buy"", ""current_weight"": 0.0, ""target_weight"": 0.06386887093769952, ""post_trade_weight"": 0.06387631424406756, ""diff_weight"": 0.06386887093769952, ""gross_amount"": 0.07380192901995451, ""gross_amount_pct_nav"": 0.06386887093769952, ""fee"": 2.214057870598635e-05, ""fee_pct_nav"": 1.9160661281309855e-05, ""name"": ""中国海洋石油""}, {""ts_code"": ""00939.HK"", ""side"": ""buy"", ""current_weight"": 0.0, ""target_weight"": 0.07587772360859493, ""post_trade_weight"": 0.0758865664319459, ""diff_weight"": 0.07587772360859493, ""gross_amount"": 0.08767843066177979, ""gross_amount_pct_nav"": 0.07587772360859493, ""fee"": 2.6303529198533934e-05, ""fee_pct_nav"": 2.2763317082578478e-05, ""name"": ""建设银行""}, {""ts_code"": ""00941.HK"", ""side"": ""buy"", ""current_weight"": 0.10072171320012947, ""target_weight"": 0.1111153157095895, ""post_trade_weight"": 0.1111282651374542, ""diff_weight"": 0.010393602509460023, ""gross_amount"": 0.01201004344374619, ""gross_amount_pct_nav"": 0.010393602509460023, ""fee"": 3.6030130331238568e-06, ""fee_pct_nav"": 3.118080752838007e-06, ""name"": ""中国移动""}]"
2023-05-22,0.07509847,0.15019694,0.09446828,0.07802749,0.00005175,0.00002834,0.00002341,0.00000000,rebalance,"[{""ts_code"": ""01398.HK"", ""side"": ""buy"", ""current_weight"": 0.0, ""target_weight"": 0.0822561973474811, ""post_trade_weight"": 0.08225990390316872, ""diff_weight"": 0.0822561973474811, ""gross_amount"": 0.09446827779897325, ""gross_amount_pct_nav"": 0.0822561973474811, ""fee"": 2.8340483339691973e-05, ""fee_pct_nav"": 2.4676859204244328e-05, ""name"": ""工商银行""}, {""ts_code"": ""02318.HK"", ""side"": ""sell"", ""current_weight"": 0.06794073991032541, ""target_weight"": 0.0, ""post_trade_weight"": 0.0, ""diff_weight"": -0.06794073991032541, ""gross_amount"": 0.07802749092087653, ""gross_amount_pct_nav"": 0.06794073991032541, ""fee"": 2.340824727626296e-05, ""fee_pct_nav"": 2.0382221973097623e-05, ""name"": ""中国平安""}]"
2023-05-29,0.11092392,0.22184784,0.00000000,0.24542659,0.00007363,0.00000000,0.00007363,0.00000000,rebalance,"[{""ts_code"": ""00005.HK"", ""side"": ""sell"", ""current_weight"": 0.10604477108743816, ""target_weight"": 0.07583058384602276, ""post_trade_weight"": 0.07583563103731512, ""diff_weight"": -0.0302141872414154, ""gross_amount"": 0.03342545500187609, ""gross_amount_pct_nav"": 0.0302141872414154, ""fee"": 1.0027636500562826e-05, ""fee_pct_nav"": 9.06425617242462e-06, ""name"": ""汇丰控股""}, {""ts_code"": ""00386.HK"", ""side"": ""sell"", ""current_weight"": 0.07520169030831438, ""target_weight"": 0.058057026082516394, ""post_trade_weight"": 0.0580608902874538, ""diff_weight"": -0.01714466422579799, ""gross_amount"": 0.01896685811942561, ""gross_amount_pct_nav"": 0.01714466422579799, ""fee"": 5.690057435827683e-06, ""fee_pct_nav"": 5.143399267739396e-06, ""name"": ""中国石油化工股份""}, {""ts_code"": ""00728.HK"", ""side"": ""sell"", ""current_weight"": 0.06567157785023994, ""target_weight"": 0.049973800881383035, ""post_trade_weight"": 0.049977127076697145, ""diff_weight"": -0.015697776968856915, ""gross_amount"": 0.017366190707350418, ""gross_amount_pct_nav"": 0.015697776968856915, ""fee"": 5.209857212205125e-06, ""fee_pct_nav"": 4.709333090657074e-06, ""name"": ""中国电信""}, {""ts_code"": ""00857.HK"", ""side"": ""sell"", ""current_weight"": 0.1065438886338769, ""target_weight"": 0.0768384315122281, ""post_trade_weight"": 0.07684354578463348, ""diff_weight"": -0.02970545712164879, ""gross_amount"": 0.0328626552948878, ""gross_amount_pct_nav"": 0.02970545712164879, ""fee"": 9.858796588466339e-06, ""fee_pct_nav"": 8.911637136494635e-06, ""name"": ""中国石油股份""}, {""ts_code"": ""00883.HK"", ""side"": ""sell"", ""current_weight"": 0.06421658992796964, ""target_weight"": 0.04955864500508919, ""post_trade_weight"": 0.04956194356813388, ""diff_weight"": -0.014657944922880445, ""gross_amount"": 0.016215841734380093, ""gross_amount_pct_nav"": 0.014657944922880445, ""fee"": 4.8647525203140274e-06, ""fee_pct_nav"": 4.397383476864133e-06, ""name"": ""中国海洋石油""}, {""ts_code"": ""00939.HK"", ""side"": ""sell"", ""current_weight"": 0.07526618191201569, ""target_weight"": 0.05723986789313709, ""post_trade_weight"": 0.057243677709020786, ""diff_weight"": -0.018026314018878595, ""gross_amount"": 0.0199422126854963, ""gross_amount_pct_nav"": 0.018026314018878595, ""fee"": 5.982663805648889e-06, ""fee_pct_nav"": 5.407894205663579e-06, ""name"": ""建设银行""}, {""ts_code"": ""00941.HK"", ""side"": ""sell"", ""current_weight"": 0.11228689198444204, ""target_weight"": 0.08246891976674812, ""post_trade_weight"": 0.0824744087975933, ""diff_weight"": -0.029817972217693917, ""gross_amount"": 0.03298712888240608, ""gross_amount_pct_nav"": 0.029817972217693917, ""fee"": 9.896138664721823e-06, ""fee_pct_nav"": 8.945391665308172e-06, ""name"": ""中国移动""}, {""ts_code"": ""01288.HK"", ""side"": ""sell"", ""current_weight"": 0.08953133655834622, ""target_weight"": 0.0691590785202034, ""post_trade_weight"": 0.06916368166422776, ""diff_weight"": -0.02037225803814282, ""gross_amount"": 0.022537491705457893, ""gross_amount_pct_nav"": 0.02037225803814282, ""fee"": 6.7612475116373676e-06, ""fee_pct_nav"": 6.1116774114428455e-06, ""name"": ""农业银行""}, {""ts_code"": ""01398.HK"", ""side"": ""sell"", ""current_weight"": 0.08158230930616593, ""target_weight"": 0.06153023061592845, ""post_trade_weight"": 0.06153432599312893, ""diff_weight"": -0.020052078690237483, ""gross_amount"": 0.022183282595001658, ""gross_amount_pct_nav"": 0.020052078690237483, ""fee"": 6.654984778500497e-06, ""fee_pct_nav"": 6.015623607071244e-06, ""name"": ""工商银行""}, {""ts_code"": ""02628.HK"", ""side"": ""sell"", ""current_weight"": 0.06776330967574899, ""target_weight"": 0.056857159123470585, ""post_trade_weight"": 0.056860943466724746, ""diff_weight"": -0.010906150552278398, ""gross_amount"": 0.012065293751445966, ""gross_amount_pct_nav"": 0.010906150552278398, ""fee"": 3.6195881254337893e-06, ""fee_pct_nav"": 3.271845165683519e-06, ""name"": ""中国人寿""}, {""ts_code"": ""03988.HK"", ""side"": ""sell"", ""current_weight"": 0.07667887410349952, ""target_weight"": 0.061425837654112234, ""post_trade_weight"": 0.06142992608304433, ""diff_weight"": -0.015253036449387285, ""gross_amount"": 0.016874181635510604, ""gross_amount_pct_nav"": 0.015253036449387285, ""fee"": 5.062254490653181e-06, ""fee_pct_nav"": 4.5759109348161854e-06, ""name"": ""中国银行""}]"
2023-06-05,0.11520012,0.23040025,0.25481675,0.00000000,0.00007645,0.00007645,0.00000000,0.00000000,rebalance,"[{""ts_code"": ""00005.HK"", ""side"": ""buy"", ""current_weight"": 0.07636641735255523, ""target_weight"": 0.09966642929774842, ""post_trade_weight"": 0.09967331872489815, ""diff_weight"": 0.023300011945193187, ""gross_amount"": 0.025769214253535122, ""gross_amount_pct_nav"": 0.023300011945193187, ""fee"": 7.730764276060537e-06, ""fee_pct_nav"": 6.990003583557956e-06, ""name"": ""汇丰控股""}, {""ts_code"": ""00386.HK"", ""side"": ""buy"", ""current_weight"": 0.056541652105257814, ""target_weight"": 0.08075116066697345, ""post_trade_weight"": 0.08075674257898326, ""diff_weight"": 0.02420950856171563, ""gross_amount"": 0.02677509413158674, ""gross_amount_pct_nav"": 0.02420950856171563, ""fee"": 8.032528239476021e-06, ""fee_pct_nav"": 7.262852568514688e-06, ""name"": ""中国石油化工股份""}, {""ts_code"": ""00728.HK"", ""side"": ""buy"", ""current_weight"": 0.05218614502079034, ""target_weight"": 0.08133269689209492, ""post_trade_weight"": 0.08133831900271009, ""diff_weight"": 0.02914655187130459, ""gross_amount"": 0.03223533711871647, ""gross_amount_pct_nav"": 0.02914655187130459, ""fee"": 9.67060113561494e-06, ""fee_pct_nav"": 8.743965561391376e-06, ""name"": ""中国电信""}, {""ts_code"": ""00857.HK"", ""side"": ""buy"", ""current_weight"": 0.07734432090012128, ""target_weight"": 0.09664286097902944, ""post_trade_weight"": 0.09664954140246738, ""diff_weight"": 0.019298540078908168, ""gross_amount"": 0.021343689232589183, ""gross_amount_pct_nav"": 0.019298540078908168, ""fee"": 6.403106769776755e-06, ""fee_pct_nav"": 5.78956202367245e-06, ""name"": ""中国石油股份""}, {""ts_code"": ""00883.HK"", ""side"": ""buy"", ""current_weight"": 0.04879291184251414, ""target_weight"": 0.0648548877094186, ""post_trade_weight"": 0.06485937079391682, ""diff_weight"": 0.01606197586690445, ""gross_amount"": 0.017764132414308062, ""gross_amount_pct_nav"": 0.01606197586690445, ""fee"": 5.329239724292418e-06, ""fee_pct_nav"": 4.8185927600713345e-06, ""name"": ""中国海洋石油""}, {""ts_code"": ""00939.HK"", ""side"": ""buy"", ""current_weight"": 0.057123941852139794, ""target_weight"": 0.06922686904648274, ""post_trade_weight"": 0.06923165434354275, ""diff_weight"": 0.012102927194342958, ""gross_amount"": 0.01338552635507563, ""gross_amount_pct_nav"": 0.012102927194342958, ""fee"": 4.015657906522689e-06, ""fee_pct_nav"": 3.6308781583028867e-06, ""name"": ""建设银行""}, {""ts_code"": ""00941.HK"", ""side"": ""buy"", ""current_weight"": 0.0843641908576676, ""target_weight"": 0.11426111414000738, ""post_trade_weight"": 0.1142690124225832, ""diff_weight"": 0.029896923282339782, ""gross_amount"": 0.03306522861002459, ""gross_amount_pct_nav"": 0.029896923282339782, ""fee"": 9.919568583007375e-06, ""fee_pct_nav"": 8.969076984701933e-06, ""name"": ""中国移动""}, {""ts_code"": ""01288.HK"", ""side"": ""buy"", ""current_weight"": 0.06864421393099808, ""target_weight"": 0.09287722069529823, ""post_trade_weight"": 0.09288364081940982, ""diff_weight"": 0.02423300676430016, ""gross_amount"": 0.026801082539592624, ""gross_amount_pct_nav"": 0.02423300676430016, ""fee"": 8.040324761877786e-06, ""fee_pct_nav"": 7.269902029290046e-06, ""name"": ""农业银行""}, {""ts_code"": ""01398.HK"", ""side"": ""buy"", ""current_weight"": 0.06171651614295055, ""target_weight"": 0.086838138856476, ""post_trade_weight"": 0.08684414152995076, ""diff_weight"": 0.02512162271352544, ""gross_amount"": 0.02778386893637895, ""gross_amount_pct_nav"": 0.02512162271352544, ""fee"": 8.335160680913684e-06, ""fee_pct_nav"": 7.536486814057631e-06, ""name"": ""工商银行""}, {""ts_code"": ""03988.HK"", ""side"": ""buy"", ""current_weight"": 0.061214594987326884, ""target_weight"": 0.08824377282860338, ""post_trade_weight"": 0.08824987266631809, ""diff_weight"": 0.027029177841276494, ""gross_amount"": 0.029893575871425715, ""gross_amount_pct_nav"": 0.027029177841276494, ""fee"": 8.968072761427713e-06, ""fee_pct_nav"": 8.108753352382947e-06, ""name"": ""中国银行""}]"
2023-06-12,0.05925738,0.11851475,0.06773996,0.06757974,0.00004060,0.00002032,0.00002027,0.00000000,rebalance,"[{""ts_code"": ""00998.HK"", ""side"": ""buy"", ""current_weight"": 0.0, ""target_weight"": 0.059327537700081846, ""post_trade_weight"": 0.05932964713161484, ""diff_weight"": 0.059327537700081846, ""gross_amount"": 0.06773996384583254, ""gross_amount_pct_nav"": 0.059327537700081846, ""fee"": 2.032198915374976e-05, ""fee_pct_nav"": 1.779826131002455e-05, ""name"": ""中信银行""}, {""ts_code"": ""01088.HK"", ""side"": ""sell"", ""current_weight"": 0.05918721475943866, ""target_weight"": 0.0, ""post_trade_weight"": 0.0, ""diff_weight"": -0.05918721475943866, ""gross_amount"": 0.06757974362948102, ""gross_amount_pct_nav"": 0.05918721475943866, ""fee"": 2.0273923088844305e-05, ""fee_pct_nav"": 1.7756164427831598e-05, ""name"": ""中国神华""}]"
2023-06-19,0.12757302,0.25514604,0.16126441,0.12662380,0.00008637,0.00004838,0.00003799,0.00000000,rebalance,"[{""ts_code"": ""00700.HK"", ""side"": ""buy"", ""current_weight"": 0.0, ""target_weight"": 0.14292344956562175, ""post_trade_weight"": 0.14293439030873703, ""diff_weight"": 0.14292344956562175, ""gross_amount"": 0.16126441028546987, ""gross_amount_pct_nav"": 0.14292344956562175, ""fee"": 4.8379323085640956e-05, ""fee_pct_nav"": 4.287703486968653e-05, ""name"": ""腾讯控股""}, {""ts_code"": ""00941.HK"", ""side"": ""sell"", ""current_weight"": 0.11837435766163697, ""target_weight"": 0.10432314950684163, ""post_trade_weight"": 0.10433113540966722, ""diff_weight"": -0.014051208154795339, ""gross_amount"": 0.015854359825264813, ""gross_amount_pct_nav"": 0.014051208154795339, ""fee"": 4.756307947579443e-06, ""fee_pct_nav"": 4.215362446438601e-06, ""name"": ""中国移动""}, {""ts_code"": ""00998.HK"", ""side"": ""sell"", ""current_weight"": 0.05741123329379264, ""target_weight"": 0.0, ""post_trade_weight"": 0.0, ""diff_weight"": -0.05741123329379264, ""gross_amount"": 0.06477865395093277, ""gross_amount_pct_nav"": 0.05741123329379264, ""fee"": 1.943359618527983e-05, ""fee_pct_nav"": 1.722336998813779e-05, ""name"": ""中信银行""}, {""ts_code"": ""01288.HK"", ""side"": ""sell"", ""current_weight"": 0.0920999565119487, ""target_weight"": 0.07977530462640339, ""post_trade_weight"": 0.07978141139976713, ""diff_weight"": -0.012324651885545311, ""gross_amount"": 0.0139062394892982, ""gross_amount_pct_nav"": 0.012324651885545311, ""fee"": 4.17187184678946e-06, ""fee_pct_nav"": 3.6973955656635934e-06, ""name"": ""农业银行""}, {""ts_code"": ""01398.HK"", ""side"": ""sell"", ""current_weight"": 0.08348542430126345, ""target_weight"": 0.06808443493798552, ""post_trade_weight"": 0.06808964677911494, ""diff_weight"": -0.01540098936327792, ""gross_amount"": 0.01737735462606138, ""gross_amount_pct_nav"": 0.01540098936327792, ""fee"": 5.213206387818414e-06, ""fee_pct_nav"": 4.6202968089833755e-06, ""name"": ""工商银行""}, {""ts_code"": ""03988.HK"", ""side"": ""sell"", ""current_weight"": 0.08714109796195259, ""target_weight"": 0.07410658987158635, ""post_trade_weight"": 0.07411226270669771, ""diff_weight"": -0.01303450809036624, ""gross_amount"": 0.014707189526579303, ""gross_amount_pct_nav"": 0.01303450809036624, ""fee"": 4.412156857973791e-06, ""fee_pct_nav"": 3.910352427109872e-06, ""name"": ""中国银行""}]"
2023-06-26,0.13600537,0.27201074,0.00000000,0.29802745,0.00008941,0.00000000,0.00008941,0.00000000,rebalance,"[{""ts_code"": ""00005.HK"", ""side"": ""sell"", ""current_weight"": 0.10137811517415024, ""target_weight"": 0.07397238622313586, ""post_trade_weight"": 0.07397842310088991, ""diff_weight"": -0.027405728951014386, ""gross_amount"": 0.030026974400692255, ""gross_amount_pct_nav"": 0.027405728951014386, ""fee"": 9.008092320207676e-06, ""fee_pct_nav"": 8.221718685304316e-06, ""name"": ""汇丰控股""}, {""ts_code"": ""00386.HK"", ""side"": ""sell"", ""current_weight"": 0.0787041983408561, ""target_weight"": 0.05570074797487453, ""post_trade_weight"": 0.055705293706376544, ""diff_weight"": -0.023003450365981573, ""gross_amount"": 0.025203635944204918, ""gross_amount_pct_nav"": 0.023003450365981573, ""fee"": 7.5610907832614745e-06, ""fee_pct_nav"": 6.901035109794471e-06, ""name"": ""中国石油化工股份""}, {""ts_code"": ""00700.HK"", ""side"": ""sell"", ""current_weight"": 0.1371328389514769, ""target_weight"": 0.09561323272800203, ""post_trade_weight"": 0.09562103571269834, ""diff_weight"": -0.04151960622347489, ""gross_amount"": 0.04549078608445327, ""gross_amount_pct_nav"": 0.04151960622347489, ""fee"": 1.364723582533598e-05, ""fee_pct_nav"": 1.2455881867042466e-05, ""name"": ""腾讯控股""}, {""ts_code"": ""00728.HK"", ""side"": ""sell"", ""current_weight"": 0.07658196846191315, ""target_weight"": 0.05462327283238095, ""post_trade_weight"": 0.0546277306312631, ""diff_weight"": -0.021958695629532194, ""gross_amount"": 0.024058954706846103, ""gross_amount_pct_nav"": 0.021958695629532194, ""fee"": 7.21768641205383e-06, ""fee_pct_nav"": 6.5876086888596576e-06, ""name"": ""中国电信""}, {""ts_code"": ""00857.HK"", ""side"": ""sell"", ""current_weight"": 0.10713343487827812, ""target_weight"": 0.06875135347691652, ""post_trade_weight"": 0.06875696426680118, ""diff_weight"": -0.0383820814013616, ""gross_amount"": 0.04205316989538835, ""gross_amount_pct_nav"": 0.0383820814013616, ""fee"": 1.2615950968616503e-05, ""fee_pct_nav"": 1.1514624420408478e-05, ""name"": ""中国石油股份""}, {""ts_code"": ""00883.HK"", ""side"": ""sell"", ""current_weight"": 0.06719659298718611, ""target_weight"": 0.04839778672862794, ""post_trade_weight"": 0.048401736466320136, ""diff_weight"": -0.01879880625855817, ""gross_amount"": 0.02059683489164795, ""gross_amount_pct_nav"": 0.01879880625855817, ""fee"": 6.179050467494385e-06, ""fee_pct_nav"": 5.639641877567451e-06, ""name"": ""中国海洋石油""}, {""ts_code"": ""00939.HK"", ""side"": ""sell"", ""current_weight"": 0.06842699487638731, ""target_weight"": 0.05297911749737171, ""post_trade_weight"": 0.05298344111693002, ""diff_weight"": -0.015447877379015599, ""gross_amount"": 0.016925403423270938, ""gross_amount_pct_nav"": 0.015447877379015599, ""fee"": 5.077621026981281e-06, ""fee_pct_nav"": 4.634363213704679e-06, ""name"": ""建设银行""}, {""ts_code"": ""00941.HK"", ""side"": ""sell"", ""current_weight"": 0.10518965162381773, ""target_weight"": 0.07993532678693227, ""post_trade_weight"": 0.07994185029956559, ""diff_weight"": -0.025254324836885462, ""gross_amount"": 0.027669797316442424, ""gross_amount_pct_nav"": 0.025254324836885462, ""fee"": 8.300939194932726e-06, ""fee_pct_nav"": 7.5762974510656365e-06, ""name"": ""中国移动""}, {""ts_code"": ""01288.HK"", ""side"": ""sell"", ""current_weight"": 0.08152290683410066, ""target_weight"": 0.06359221953261747, ""post_trade_weight"": 0.06359740928618672, ""diff_weight"": -0.01793068730148318, ""gross_amount"": 0.01964568392071632, ""gross_amount_pct_nav"": 0.01793068730148318, ""fee"": 5.893705176214896e-06, ""fee_pct_nav"": 5.379206190444953e-06, ""name"": ""农业银行""}, {""ts_code"": ""01398.HK"", ""side"": ""sell"", ""current_weight"": 0.0689401623443089, ""target_weight"": 0.053798368677482014, ""post_trade_weight"": 0.053802759156032935, ""diff_weight"": -0.015141793666826883, ""gross_amount"": 0.016590044060752714, ""gross_amount_pct_nav"": 0.015141793666826883, ""fee"": 4.977013218225813e-06, ""fee_pct_nav"": 4.542538100048064e-06, ""name"": ""工商银行""}, {""ts_code"": ""02628.HK"", ""side"": ""sell"", ""current_weight"": 0.05427357926943194, ""target_weight"": 0.04251088220653365, ""post_trade_weight"": 0.042514351514639025, ""diff_weight"": -0.011762697062898286, ""gross_amount"": 0.012887750740805295, ""gross_amount_pct_nav"": 0.011762697062898286, ""fee"": 3.866325222241588e-06, ""fee_pct_nav"": 3.528809118869485e-06, ""name"": ""中国人寿""}, {""ts_code"": ""03988.HK"", ""side"": ""sell"", ""current_weight"": 0.0754690970192753, ""target_weight"": 0.06006410291791068, ""post_trade_weight"": 0.06006900474229726, ""diff_weight"": -0.015404994101364622, ""gross_amount"": 0.016878418536186005, ""gross_amount_pct_nav"": 0.015404994101364622, ""fee"": 5.063525560855801e-06, ""fee_pct_nav"": 4.621498230409386e-06, ""name"": ""中国银行""}]"
2023-07-03,0.05037534,0.10075068,0.06388585,0.04914909,0.00003391,0.00001917,0.00001474,0.00000000,rebalance,"[{""ts_code"": ""01339.HK"", ""side"": ""buy"", ""current_weight"": 0.0, ""target_weight"": 0.03985934688743039, ""post_trade_weight"": 0.039860551680758374, ""diff_weight"": 0.03985934688743039, ""gross_amount"": 0.044719288026902206, ""gross_amount_pct_nav"": 0.03985934688743039, ""fee"": 1.341578640807066e-05, ""fee_pct_nav"": 1.1957804066229115e-05, ""name"": ""中国人民保险集团""}, {""ts_code"": ""01398.HK"", ""side"": ""buy"", ""current_weight"": 0.054179947727808785, ""target_weight"": 0.07126355122674576, ""post_trade_weight"": 0.07126570524726418, ""diff_weight"": 0.017083603498936967, ""gross_amount"": 0.019166560545106993, ""gross_amount_pct_nav"": 0.017083603498936967, ""fee"": 5.7499681635320974e-06, ""fee_pct_nav"": 5.1250810496810895e-06, ""name"": ""工商银行""}, {""ts_code"": ""02628.HK"", ""side"": ""sell"", ""current_weight"": 0.04380773144351223, ""target_weight"": 0.0, ""post_trade_weight"": 0.0, ""diff_weight"": -0.04380773144351223, ""gross_amount"": 0.04914908831196601, ""gross_amount_pct_nav"": 0.04380773144351223, ""fee"": 1.47447264935898e-05, ""fee_pct_nav"": 1.3142319433053666e-05, ""name"": ""中国人寿""}]"
2023-07-10,0.15134420,0.30268841,0.29318533,0.04275361,0.00010078,0.00008796,0.00001283,0.00000000,rebalance,"[{""ts_code"": ""00005.HK"", ""side"": ""buy"", ""current_weight"": 0.07468067502450357, ""target_weight"": 0.09146060970746196, ""post_trade_weight"": 0.09146891568156688, ""diff_weight"": 0.016779934682958384, ""gross_amount"": 0.018623221932269132, ""gross_amount_pct_nav"": 0.016779934682958384, ""fee"": 5.586966579680739e-06, ""fee_pct_nav"": 5.033980404887515e-06, ""name"": ""汇丰控股""}, {""ts_code"": ""00386.HK"", ""side"": ""buy"", ""current_weight"": 0.05498784374525137, ""target_weight"": 0.07182009035096949, ""post_trade_weight"": 0.07182661267585423, ""diff_weight"": 0.01683224660571813, ""gross_amount"": 0.01868128035535989, ""gross_amount_pct_nav"": 0.01683224660571813, ""fee"": 5.604384106607966e-06, ""fee_pct_nav"": 5.049673981715438e-06, ""name"": ""中国石油化工股份""}, {""ts_code"": ""00700.HK"", ""side"": ""buy"", ""current_weight"": 0.09325378920559015, ""target_weight"": 0.1317202219144952, ""post_trade_weight"": 0.1317321840559659, ""diff_weight"": 0.03846643270890506, ""gross_amount"": 0.04269199653132, ""gross_amount_pct_nav"": 0.03846643270890506, ""fee"": 1.2807598959395998e-05, ""fee_pct_nav"": 1.1539929812671518e-05, ""name"": ""腾讯控股""}, {""ts_code"": ""00728.HK"", ""side"": ""buy"", ""current_weight"": 0.05578897143625527, ""target_weight"": 0.06608024575262551, ""post_trade_weight"": 0.06608624681485135, ""diff_weight"": 0.01029127431637025, ""gross_amount"": 0.011421777806696114, ""gross_amount_pct_nav"": 0.01029127431637025, ""fee"": 3.426533342008834e-06, ""fee_pct_nav"": 3.0873822949110752e-06, ""name"": ""中国电信""}, {""ts_code"": ""00857.HK"", ""side"": ""buy"", ""current_weight"": 0.06746742027836654, ""target_weight"": 0.09305332175481243, ""post_trade_weight"": 0.09306177237069335, ""diff_weight"": 0.025585901476445898, ""gross_amount"": 0.02839653017344264, ""gross_amount_pct_nav"": 0.025585901476445898, ""fee"": 8.51895905203279e-06, ""fee_pct_nav"": 7.675770442933769e-06, ""name"": ""中国石油股份""}, {""ts_code"": ""00883.HK"", ""side"": ""buy"", ""current_weight"": 0.05029545524938085, ""target_weight"": 0.06412224047584598, ""post_trade_weight"": 0.06412806372227574, ""diff_weight"": 0.013826785226465141, ""gross_amount"": 0.01534566699736891, ""gross_amount_pct_nav"": 0.013826785226465141, ""fee"": 4.6037000992106725e-06, ""fee_pct_nav"": 4.1480355679395415e-06, ""name"": ""中国海洋石油""}, {""ts_code"": ""00941.HK"", ""side"": ""buy"", ""current_weight"": 0.07816363141988802, ""target_weight"": 0.09973312413444474, ""post_trade_weight"": 0.09974218137503295, ""diff_weight"": 0.021569492714556715, ""gross_amount"": 0.02393891617454326, ""gross_amount_pct_nav"": 0.021569492714556715, ""fee"": 7.181674852362977e-06, ""fee_pct_nav"": 6.470847814367014e-06, ""name"": ""中国移动""}, {""ts_code"": ""01088.HK"", ""side"": ""buy"", ""current_weight"": 0.0, ""target_weight"": 0.06049407632869345, ""post_trade_weight"": 0.0604995700842358, ""diff_weight"": 0.06049407632869345, ""gross_amount"": 0.06713939179996037, ""gross_amount_pct_nav"": 0.06049407632869345, ""fee"": 2.014181753998811e-05, ""fee_pct_nav"": 1.8148222898608035e-05, ""name"": ""中国神华""}, {""ts_code"": ""01288.HK"", ""side"": ""buy"", ""current_weight"": 0.0645852966498798, ""target_weight"": 0.0830045756920629, ""post_trade_weight"": 0.0830121137333956, ""diff_weight"": 0.018419279042183108, ""gross_amount"": 0.020442649385479753, ""gross_amount_pct_nav"": 0.018419279042183108, ""fee"": 6.132794815643925e-06, ""fee_pct_nav"": 5.525783712654932e-06, ""name"": ""农业银行""}, {""ts_code"": ""01339.HK"", ""side"": ""sell"", ""current_weight"": 0.03852194333430044, ""target_weight"": 0.0, ""post_trade_weight"": 0.0, ""diff_weight"": -0.03852194333430044, ""gross_amount"": 0.0427536050367087, ""gross_amount_pct_nav"": 0.03852194333430044, ""fee"": 1.282608151101261e-05, ""fee_pct_nav"": 1.1556583000290131e-05, ""name"": ""中国人民保险集团""}, {""ts_code"": ""01398.HK"", ""side"": ""buy"", ""current_weight"": 0.07202440806806365, ""target_weight"": 0.09022155328608349, ""post_trade_weight"": 0.09022974673556623, ""diff_weight"": 0.01819714521801983, ""gross_amount"": 0.020196114009495378, ""gross_amount_pct_nav"": 0.01819714521801983, ""fee"": 6.058834202848613e-06, ""fee_pct_nav"": 5.4591435654059485e-06, ""name"": ""工商银行""}, {""ts_code"": ""03988.HK"", ""side"": ""buy"", ""current_weight"": 0.0620871877973863, ""target_weight"": 0.0857910828371766, ""post_trade_weight"": 0.08579887393451083, ""diff_weight"": 0.023703895039790295, ""gross_amount"": 0.026307784048382216, ""gross_amount_pct_nav"": 0.023703895039790295, ""fee"": 7.892335214514665e-06, ""fee_pct_nav"": 7.111168511937088e-06, ""name"": ""中国银行""}]"
2023-07-17,0.00000000,0.00000000,0.00000000,0.00000000,0.00000000,0.00000000,0.00000000,0.00000000,rebalance,
2023-07-24,0.00000000,0.00000000,0.00000000,0.00000000,0.00000000,0.00000000,0.00000000,0.00000000,rebalance,
2023-07-31,0.00000000,0.00000000,0.00000000,0.00000000,0.00000000,0.00000000,0.00000000,0.00000000,rebalance,
2023-08-07,0.06250944,0.12501888,0.06149070,0.08090229,0.00004272,0.00001845,0.00002427,0.00000000,rebalance,"[{""ts_code"": ""01088.HK"", ""side"": ""sell"", ""current_weight"": 0.05644689228267725, ""target_weight"": 0.0, ""post_trade_weight"": 0.0, ""diff_weight"": -0.05644689228267725, ""gross_amount"": 0.06429142120916784, ""gross_amount_pct_nav"": 0.05644689228267725, ""fee"": 1.928742636275035e-05, ""fee_pct_nav"": 1.6934067684803174e-05, ""name"": ""中国神华""}, {""ts_code"": ""01398.HK"", ""side"": ""sell"", ""current_weight"": 0.08896764531716082, ""target_weight"": 0.07438355785919826, ""post_trade_weight"": 0.07438634776858125, ""diff_weight"": -0.014584087457962564, ""gross_amount"": 0.016610865041350717, ""gross_amount_pct_nav"": 0.014584087457962564, ""fee"": 4.9832595124052145e-06, ""fee_pct_nav"": 4.375226237388769e-06, ""name"": ""工商银行""}, {""ts_code"": ""02628.HK"", ""side"": ""buy"", ""current_weight"": 0.0, ""target_weight"": 0.05398790103899328, ""post_trade_weight"": 0.05398992596702861, ""diff_weight"": 0.05398790103899328, ""gross_amount"": 0.061490699408477, ""gross_amount_pct_nav"": 0.05398790103899328, ""fee"": 1.8447209822543097e-05, ""fee_pct_nav"": 1.619637031169798e-05, ""name"": ""中国人寿""}]"
2023-08-14,0.05177145,0.10354290,0.06071562,0.05602169,0.00003502,0.00001821,0.00001681,0.00000000,rebalance,"[{""ts_code"": ""00762.HK"", ""side"": ""buy"", ""current_weight"": 0.0, ""target_weight"": 0.05385314689466418, ""post_trade_weight"": 0.05385481977993028, ""diff_weight"": 0.05385314689466418, ""gross_amount"": 0.06071562159307801, ""gross_amount_pct_nav"": 0.05385314689466418, ""fee"": 1.82146864779234e-05, ""fee_pct_nav"": 1.615594406839925e-05, ""name"": ""中国联通""}, {""ts_code"": ""02628.HK"", ""side"": ""sell"", ""current_weight"": 0.04968975313000469, ""target_weight"": 0.0, ""post_trade_weight"": 0.0, ""diff_weight"": -0.04968975313000469, ""gross_amount"": 0.05602168902025204, ""gross_amount_pct_nav"": 0.04968975313000469, ""fee"": 1.680650670607561e-05, ""fee_pct_nav"": 1.4906925939001407e-05, ""name"": ""中国人寿""}]"
2023-08-21,0.14977029,0.29954058,0.04330122,0.28006069,0.00009701,0.00001299,0.00008402,0.00000000,rebalance,"[{""ts_code"": ""00005.HK"", ""side"": ""sell"", ""current_weight"": 0.0925317266776888, ""target_weight"": 0.07285005648978836, ""post_trade_weight"": 0.07285660354266635, ""diff_weight"": -0.01968167018790045, ""gross_amount"": 0.021246878725352095, ""gross_amount_pct_nav"": 0.01968167018790045, ""fee"": 6.374063617605628e-06, ""fee_pct_nav"": 5.904501056370135e-06, ""name"": ""汇丰控股""}, {""ts_code"": ""00386.HK"", ""side"": ""sell"", ""current_weight"": 0.06987554041519757, ""target_weight"": 0.05557126918100915, ""post_trade_weight"": 0.05557626338493096, ""diff_weight"": -0.014304271234188422, ""gross_amount"": 0.015441835640258986, ""gross_amount_pct_nav"": 0.014304271234188422, ""fee"": 4.6325506920776956e-06, ""fee_pct_nav"": 4.291281370256526e-06, ""name"": ""中国石油化工股份""}, {""ts_code"": ""00700.HK"", ""side"": ""sell"", ""current_weight"": 0.13097526441041976, ""target_weight"": 0.09929177359951437, ""post_trade_weight"": 0.09930069697615164, ""diff_weight"": -0.03168349081090541, ""gross_amount"": 0.034203158595196737, ""gross_amount_pct_nav"": 0.03168349081090541, ""fee"": 1.026094757855902e-05, ""fee_pct_nav"": 9.505047243271621e-06, ""name"": ""腾讯控股""}, {""ts_code"": ""00728.HK"", ""side"": ""sell"", ""current_weight"": 0.06774723755729746, ""target_weight"": 0.05266424270932996, ""post_trade_weight"": 0.05266897565805246, ""diff_weight"": -0.015082994847967497, ""gross_amount"": 0.01628248818775993, ""gross_amount_pct_nav"": 0.015082994847967497, ""fee"": 4.884746456327979e-06, ""fee_pct_nav"": 4.524898454390249e-06, ""name"": ""中国电信""}, {""ts_code"": ""00762.HK"", ""side"": ""sell"", ""current_weight"": 0.053430699734795965, ""target_weight"": 0.0, ""post_trade_weight"": 0.0, ""diff_weight"": -0.053430699734795965, ""gross_amount"": 0.05767984051342412, ""gross_amount_pct_nav"": 0.053430699734795965, ""fee"": 1.7303952154027234e-05, ""fee_pct_nav"": 1.6029209920438788e-05, ""name"": ""中国联通""}, {""ts_code"": ""00857.HK"", ""side"": ""sell"", ""current_weight"": 0.0981496234415077, ""target_weight"": 0.07630094216027351, ""post_trade_weight"": 0.07630779934511363, ""diff_weight"": -0.02184868128123419, ""gross_amount"": 0.02358622398705959, ""gross_amount_pct_nav"": 0.02184868128123419, ""fee"": 7.075867196117877e-06, ""fee_pct_nav"": 6.5546043843702564e-06, ""name"": ""中国石油股份""}, {""ts_code"": ""00883.HK"", ""side"": ""sell"", ""current_weight"": 0.07209424778087203, ""target_weight"": 0.053706689216072676, ""post_trade_weight"": 0.05371151584972462, ""diff_weight"": -0.01838755856479936, ""gross_amount"": 0.019849851316062365, ""gross_amount_pct_nav"": 0.01838755856479936, ""fee"": 5.954955394818709e-06, ""fee_pct_nav"": 5.516267569439807e-06, ""name"": ""中国海洋石油""}, {""ts_code"": ""00941.HK"", ""side"": ""sell"", ""current_weight"": 0.10416555649047685, ""target_weight"": 0.0809779259070846, ""post_trade_weight"": 0.08098520341362898, ""diff_weight"": -0.023187630583392245, ""gross_amount"": 0.0250316548458612, ""gross_amount_pct_nav"": 0.023187630583392245, ""fee"": 7.50949645375836e-06, ""fee_pct_nav"": 6.956289175017673e-06, ""name"": ""中国移动""}, {""ts_code"": ""01288.HK"", ""side"": ""sell"", ""current_weight"": 0.08217561847566027, ""target_weight"": 0.06130689528225802, ""post_trade_weight"": 0.06131240494833844, ""diff_weight"": -0.020868723193402244, ""gross_amount"": 0.022528333551475863, ""gross_amount_pct_nav"": 0.020868723193402244, ""fee"": 6.758500065442758e-06, ""fee_pct_nav"": 6.260616958020672e-06, ""name"": ""农业银行""}, {""ts_code"": ""01398.HK"", ""side"": ""sell"", ""current_weight"": 0.07244270221126853, ""target_weight"": 0.05410094487481788, ""post_trade_weight"": 0.05410580694032492, ""diff_weight"": -0.01834175733645064, ""gross_amount"": 0.019800407689840253, ""gross_amount_pct_nav"": 0.01834175733645064, ""fee"": 5.9401223069520755e-06, ""fee_pct_nav"": 5.502527200935191e-06, ""name"": ""工商银行""}, {""ts_code"": ""01816.HK"", ""side"": ""buy"", ""current_weight"": 0.0, ""target_weight"": 0.040111315712680895, ""post_trade_weight"": 0.04011492052670069, ""diff_weight"": 0.040111315712680895, ""gross_amount"": 0.043301216427535004, ""gross_amount_pct_nav"": 0.040111315712680895, ""fee"": 1.29903649282605e-05, ""fee_pct_nav"": 1.2033394713804268e-05, ""name"": ""中广核电力""}, {""ts_code"": ""03988.HK"", ""side"": ""sell"", ""current_weight"": 0.08339627704608167, ""target_weight"": 0.06078448626067173, ""post_trade_weight"": 0.06078994897772214, ""diff_weight"": -0.022611790785409938, ""gross_amount"": 0.024410020694076523, ""gross_amount_pct_nav"": 0.022611790785409938, ""fee"": 7.3230062082229565e-06, ""fee_pct_nav"": 6.783537235622982e-06, ""name"": ""中国银行""}]"
2023-08-28,0.00000000,0.00000000,0.00000000,0.00000000,0.00000000,0.00000000,0.00000000,0.00000000,rebalance,
2023-09-18,0.05636613,0.11273226,0.05515013,0.06992051,0.00003752,0.00001655,0.00002098,0.00000000,rebalance,"[{""ts_code"": ""00386.HK"", ""side"": ""sell"", ""current_weight"": 0.059368245058988134, ""target_weight"": 0.04867161537557151, ""post_trade_weight"": 0.048673261489574904, ""diff_weight"": -0.010696629683416614, ""gross_amount"": 0.011867360295013313, ""gross_amount_pct_nav"": 0.010696629683416614, ""fee"": 3.5602080885039934e-06, ""fee_pct_nav"": 3.208988905024984e-06, ""name"": ""中国石油化工股份""}, {""ts_code"": ""00700.HK"", ""side"": ""sell"", ""current_weight"": 0.0971863068183643, ""target_weight"": 0.0840972778351787, ""post_trade_weight"": 0.08410012207417966, ""diff_weight"": -0.013089028983185596, ""gross_amount"": 0.014521604229802643, ""gross_amount_pct_nav"": 0.013089028983185596, ""fee"": 4.356481268940793e-06, ""fee_pct_nav"": 3.926708694955679e-06, ""name"": ""腾讯控股""}, {""ts_code"": ""01088.HK"", ""side"": ""buy"", ""current_weight"": 0.0, ""target_weight"": 0.049709500957432234, ""post_trade_weight"": 0.04971118217357836, ""diff_weight"": 0.049709500957432234, ""gross_amount"": 0.05515013377173685, ""gross_amount_pct_nav"": 0.049709500957432234, ""fee"": 1.6545040131521053e-05, ""fee_pct_nav"": 1.4912850287229668e-05, ""name"": ""中国神华""}, {""ts_code"": ""01816.HK"", ""side"": ""sell"", ""current_weight"": 0.03923709849937628, ""target_weight"": 0.0, ""post_trade_weight"": 0.0, ""diff_weight"": -0.03923709849937628, ""gross_amount"": 0.0435315420468304, ""gross_amount_pct_nav"": 0.03923709849937628, ""fee"": 1.3059462614049119e-05, ""fee_pct_nav"": 1.1771129549812883e-05, ""name"": ""中广核电力""}]"
2023-09-25,0.00000000,0.00000000,0.00000000,0.00000000,0.00000000,0.00000000,0.00000000,0.00000000,rebalance,
2023-10-03,0.00504708,0.01009415,0.00000000,0.01099497,0.00000330,0.00000000,0.00000330,0.00000000,rebalance,"[{""ts_code"": ""00939.HK"", ""side"": ""sell"", ""current_weight"": 0.05141152718963903, ""target_weight"": 0.04131737686947771, ""post_trade_weight"": 0.04131750198900049, ""diff_weight"": -0.010094150320161328, ""gross_amount"": 0.010994972242003631, ""gross_amount_pct_nav"": 0.010094150320161328, ""fee"": 3.298491672601089e-06, ""fee_pct_nav"": 3.028245096048398e-06, ""name"": ""建设银行""}]"
2023-10-09,0.00000000,0.00000000,0.00000000,0.00000000,0.00000000,0.00000000,0.00000000,0.00000000,rebalance,
2023-10-16,0.00000000,0.00000000,0.00000000,0.00000000,0.00000000,0.00000000,0.00000000,0.00000000,rebalance,
2023-10-24,0.00000000,0.00000000,0.00000000,0.00000000,0.00000000,0.00000000,0.00000000,0.00000000,rebalance,
2023-10-30,0.05014465,0.10028930,0.05608392,0.05137653,0.00003224,0.00001683,0.00001541,0.00000000,rebalance,"[{""ts_code"": ""00728.HK"", ""side"": ""sell"", ""current_weight"": 0.04794802624636218, ""target_weight"": 0.0, ""post_trade_weight"": 0.0, ""diff_weight"": -0.04794802624636218, ""gross_amount"": 0.051376530873793895, ""gross_amount_pct_nav"": 0.04794802624636218, ""fee"": 1.541295926213817e-05, ""fee_pct_nav"": 1.4384407873908654e-05, ""name"": ""中国电信""}, {""ts_code"": ""00939.HK"", ""side"": ""buy"", ""current_weight"": 0.04435255221309451, ""target_weight"": 0.05446991940259101, ""post_trade_weight"": 0.05447155827692312, ""diff_weight"": 0.010117367189496497, ""gross_amount"": 0.010840805523503964, ""gross_amount_pct_nav"": 0.010117367189496497, ""fee"": 3.252241657051189e-06, ""fee_pct_nav"": 3.035210156848949e-06, ""name"": ""建设银行""}, {""ts_code"": ""01810.HK"", ""side"": ""buy"", ""current_weight"": 0.0, ""target_weight"": 0.04222390639610591, ""post_trade_weight"": 0.04222517681613137, ""diff_weight"": 0.04222390639610591, ""gross_amount"": 0.04524311010062286, ""gross_amount_pct_nav"": 0.04222390639610591, ""fee"": 1.3572933030186857e-05, ""fee_pct_nav"": 1.2667171918831772e-05, ""name"": ""小米集团-W""}]"
2023-11-06,0.06157202,0.12314405,0.07049102,0.06313965,0.00004009,0.00002115,0.00001894,0.00000000,rebalance,"[{""ts_code"": ""00386.HK"", ""side"": ""sell"", ""current_weight"": 0.04757115184502313, ""target_weight"": 0.0, ""post_trade_weight"": 0.0, ""diff_weight"": -0.04757115184502313, ""gross_amount"": 0.05162218427623681, ""gross_amount_pct_nav"": 0.04757115184502313, ""fee"": 1.5486655282871043e-05, ""fee_pct_nav"": 1.4271345553506937e-05, ""name"": ""中国石油化工股份""}, {""ts_code"": ""00700.HK"", ""side"": ""buy"", ""current_weight"": 0.08608812545517777, ""target_weight"": 0.10457608312066557, ""post_trade_weight"": 0.10457994663997769, ""diff_weight"": 0.018487957665487803, ""gross_amount"": 0.020062342837698685, ""gross_amount_pct_nav"": 0.018487957665487803, ""fee"": 6.018702851309605e-06, ""fee_pct_nav"": 5.54638729964634e-06, ""name"": ""腾讯控股""}, {""ts_code"": ""01919.HK"", ""side"": ""buy"", ""current_weight"": 0.0, ""target_weight"": 0.04647130264539852, ""post_trade_weight"": 0.04647301950808712, ""diff_weight"": 0.04647130264539852, ""gross_amount"": 0.05042867485178437, ""gross_amount_pct_nav"": 0.04647130264539852, ""fee"": 1.512860245553531e-05, ""fee_pct_nav"": 1.3941390793619554e-05, ""name"": ""中远海控""}, {""ts_code"": ""03988.HK"", ""side"": ""sell"", ""current_weight"": 0.06364938404598644, ""target_weight"": 0.05303575070516218, ""post_trade_weight"": 0.053037710088617435, ""diff_weight"": -0.010613633340824265, ""gross_amount"": 0.011517462052324935, ""gross_amount_pct_nav"": 0.010613633340824265, ""fee"": 3.4552386156974804e-06, ""fee_pct_nav"": 3.1840900022472795e-06, ""name"": ""中国银行""}]"
2023-11-13,0.00000000,0.00000000,0.00000000,0.00000000,0.00000000,0.00000000,0.00000000,0.00000000,rebalance,
2023-11-20,0.00000000,0.00000000,0.00000000,0.00000000,0.00000000,0.00000000,0.00000000,0.00000000,rebalance,
2023-11-27,0.11649906,0.23299812,0.25715775,0.00000000,0.00007715,0.00007715,0.00000000,0.00000000,rebalance,"[{""ts_code"": ""00005.HK"", ""side"": ""buy"", ""current_weight"": 0.0723825678028925, ""target_weight"": 0.09755351179845317, ""post_trade_weight"": 0.09756033121069353, ""diff_weight"": 0.02517094399556068, ""gross_amount"": 0.027780924425600997, ""gross_amount_pct_nav"": 0.02517094399556068, ""fee"": 8.3342773276803e-06, ""fee_pct_nav"": 7.551283198668204e-06, ""name"": ""汇丰控股""}, {""ts_code"": ""00700.HK"", ""side"": ""buy"", ""current_weight"": 0.10617751326103778, ""target_weight"": 0.15126777278606648, ""post_trade_weight"": 0.15127834705737964, ""diff_weight"": 0.04509025952502871, ""gross_amount"": 0.049765677934704544, ""gross_amount_pct_nav"": 0.04509025952502871, ""fee"": 1.4929703380411362e-05, ""fee_pct_nav"": 1.352707785750861e-05, ""name"": ""腾讯控股""}, {""ts_code"": ""00857.HK"", ""side"": ""buy"", ""current_weight"": 0.06780417302617876, ""target_weight"": 0.09713266312732774, ""post_trade_weight"": 0.09713945312042647, ""diff_weight"": 0.029328490101148977, ""gross_amount"": 0.03236956735356074, ""gross_amount_pct_nav"": 0.029328490101148977, ""fee"": 9.71087020606822e-06, ""fee_pct_nav"": 8.798547030344692e-06, ""name"": ""中国石油股份""}, {""ts_code"": ""00883.HK"", ""side"": ""buy"", ""current_weight"": 0.052053549333819095, ""target_weight"": 0.0721730498901522, ""post_trade_weight"": 0.07217809509837456, ""diff_weight"": 0.02011950055633311, ""gross_amount"": 0.022205695763134886, ""gross_amount_pct_nav"": 0.02011950055633311, ""fee"": 6.661708728940465e-06, ""fee_pct_nav"": 6.035850166899932e-06, ""name"": ""中国海洋石油""}, {""ts_code"": ""00941.HK"", ""side"": ""buy"", ""current_weight"": 0.07871590776638883, ""target_weight"": 0.10761380153028864, ""post_trade_weight"": 0.10762132420027619, ""diff_weight"": 0.028897893763899812, ""gross_amount"": 0.03189432239234, ""gross_amount_pct_nav"": 0.028897893763899812, ""fee"": 9.568296717701997e-06, ""fee_pct_nav"": 8.669368129169942e-06, ""name"": ""中国移动""}, {""ts_code"": ""01088.HK"", ""side"": ""buy"", ""current_weight"": 0.051394066600417156, ""target_weight"": 0.0697032018630771, ""post_trade_weight"": 0.06970807441824416, ""diff_weight"": 0.01830913526265995, ""gross_amount"": 0.020207613314771604, ""gross_amount_pct_nav"": 0.01830913526265995, ""fee"": 6.062283994431481e-06, ""fee_pct_nav"": 5.492740578797985e-06, ""name"": ""中国神华""}, {""ts_code"": ""01288.HK"", ""side"": ""buy"", ""current_weight"": 0.06705284148841108, ""target_weight"": 0.0904198909234063, ""post_trade_weight"": 0.09042621166470578, ""diff_weight"": 0.02336704943499522, ""gross_amount"": 0.02578998366201024, ""gross_amount_pct_nav"": 0.02336704943499522, ""fee"": 7.736995098603072e-06, ""fee_pct_nav"": 7.010114830498566e-06, ""name"": ""农业银行""}, {""ts_code"": ""01398.HK"", ""side"": ""buy"", ""current_weight"": 0.05665640588083352, ""target_weight"": 0.07820484278738477, ""post_trade_weight"": 0.07821030964400866, ""diff_weight"": 0.021548436906551248, ""gross_amount"": 0.02378279882138354, ""gross_amount_pct_nav"": 0.021548436906551248, ""fee"": 7.134839646415061e-06, ""fee_pct_nav"": 6.464531071965375e-06, ""name"": ""工商银行""}, {""ts_code"": ""03988.HK"", ""side"": ""buy"", ""current_weight"": 0.053334812421073276, ""target_weight"": 0.07450122672725978, ""post_trade_weight"": 0.07450643468510876, ""diff_weight"": 0.0211664143061865, ""gross_amount"": 0.023361164217950453, ""gross_amount_pct_nav"": 0.0211664143061865, ""fee"": 7.0083492653851355e-06, ""fee_pct_nav"": 6.34992429185595e-06, ""name"": ""中国银行""}]"
2023-12-04,0.16250693,0.32501386,0.05112796,0.30414709,0.00010658,0.00001534,0.00009124,0.00000000,rebalance,"[{""ts_code"": ""00005.HK"", ""side"": ""sell"", ""current_weight"": 0.09824932672929504, ""target_weight"": 0.06800020235134666, ""post_trade_weight"": 0.06800683330043532, ""diff_weight"": -0.030249124377948387, ""gross_amount"": 0.03306554067874938, ""gross_amount_pct_nav"": 0.030249124377948387, ""fee"": 9.919662203624813e-06, ""fee_pct_nav"": 9.074737313384516e-06, ""name"": ""汇丰控股""}, {""ts_code"": ""00700.HK"", ""side"": ""sell"", ""current_weight"": 0.14989275057173865, ""target_weight"": 0.09979150702004723, ""post_trade_weight"": 0.09980123805583314, ""diff_weight"": -0.05010124355169143, ""gross_amount"": 0.05476603838232298, ""gross_amount_pct_nav"": 0.05010124355169143, ""fee"": 1.6429811514696894e-05, ""fee_pct_nav"": 1.5030373065507428e-05, ""name"": ""腾讯控股""}, {""ts_code"": ""00728.HK"", ""side"": ""buy"", ""current_weight"": 0.0, ""target_weight"": 0.04677304250129662, ""post_trade_weight"": 0.04677760351218811, ""diff_weight"": 0.04677304250129662, ""gross_amount"": 0.051127957297929294, ""gross_amount_pct_nav"": 0.04677304250129662, ""fee"": 1.5338387189378786e-05, ""fee_pct_nav"": 1.4031912750388985e-05, ""name"": ""中国电信""}, {""ts_code"": ""00857.HK"", ""side"": ""sell"", ""current_weight"": 0.09748224470598713, ""target_weight"": 0.06859629701745197, ""post_trade_weight"": 0.0686029860939174, ""diff_weight"": -0.028885947688535165, ""gross_amount"": 0.03157544219811452, ""gross_amount_pct_nav"": 0.028885947688535165, ""fee"": 9.472632659434356e-06, ""fee_pct_nav"": 8.665784306560548e-06, ""name"": ""中国石油股份""}, {""ts_code"": ""00883.HK"", ""side"": ""sell"", ""current_weight"": 0.07252284109754487, ""target_weight"": 0.05319327953615793, ""post_trade_weight"": 0.05319846660790575, ""diff_weight"": -0.019329561561386936, ""gross_amount"": 0.021129286128241283, ""gross_amount_pct_nav"": 0.019329561561386936, ""fee"": 6.338785838472384e-06, ""fee_pct_nav"": 5.7988684684160796e-06, ""name"": ""中国海洋石油""}, {""ts_code"": ""00941.HK"", ""side"": ""sell"", ""current_weight"": 0.1077175970825021, ""target_weight"": 0.07557742804502188, ""post_trade_weight"": 0.07558479787717368, ""diff_weight"": -0.03214016903748022, ""gross_amount"": 0.03513265552590393, ""gross_amount_pct_nav"": 0.03214016903748022, ""fee"": 1.0539796657771178e-05, ""fee_pct_nav"": 9.642050711244066e-06, ""name"": ""中国移动""}, {""ts_code"": ""01088.HK"", ""side"": ""sell"", ""current_weight"": 0.07105815232548125, ""target_weight"": 0.050805726384377026, ""post_trade_weight"": 0.050810680637061845, ""diff_weight"": -0.02025242594110422, ""gross_amount"": 0.02213807597971732, ""gross_amount_pct_nav"": 0.02025242594110422, ""fee"": 6.641422793915196e-06, ""fee_pct_nav"": 6.075727782331266e-06, ""name"": ""中国神华""}, {""ts_code"": ""01288.HK"", ""side"": ""sell"", ""current_weight"": 0.08926650064651022, ""target_weight"": 0.0669829538459985, ""post_trade_weight"": 0.06698948559945515, ""diff_weight"": -0.02228354680051171, ""gross_amount"": 0.02435830915278578, ""gross_amount_pct_nav"": 0.02228354680051171, ""fee"": 7.307492745835733e-06, ""fee_pct_nav"": 6.685064040153513e-06, ""name"": ""农业银行""}, {""ts_code"": ""01398.HK"", ""side"": ""sell"", ""current_weight"": 0.07694306328770688, ""target_weight"": 0.06471455994483949, ""post_trade_weight"": 0.06472087049888861, ""diff_weight"": -0.012228503342867387, ""gross_amount"": 0.013367067081735753, ""gross_amount_pct_nav"": 0.012228503342867387, ""fee"": 4.010120124520726e-06, ""fee_pct_nav"": 3.668551002860216e-06, ""name"": ""工商银行""}, {""ts_code"": ""01919.HK"", ""side"": ""sell"", ""current_weight"": 0.050645022636122694, ""target_weight"": 0.0, ""post_trade_weight"": 0.0, ""diff_weight"": -0.050645022636122694, ""gross_amount"": 0.05536044730510234, ""gross_amount_pct_nav"": 0.050645022636122694, ""fee"": 1.66081341915307e-05, ""fee_pct_nav"": 1.5193506790836808e-05, ""name"": ""中远海控""}, {""ts_code"": ""03988.HK"", ""side"": ""sell"", ""current_weight"": 0.07410395486356125, ""target_weight"": 0.061978678898190157, ""post_trade_weight"": 0.06198472266644592, ""diff_weight"": -0.012125275965371093, ""gross_amount"": 0.013254228475000657, ""gross_amount_pct_nav"": 0.012125275965371093, ""fee"": 3.976268542500197e-06, ""fee_pct_nav"": 3.6375827896113277e-06, ""name"": ""中国银行""}]"
2023-12-11,0.37480753,0.74961505,0.00000000,0.80582304,0.00024175,0.00000000,0.00024175,0.00000000,rebalance,"[{""ts_code"": ""00005.HK"", ""side"": ""sell"", ""current_weight"": 0.06984669693876266, ""target_weight"": 0.0, ""post_trade_weight"": 0.0, ""diff_weight"": -0.06984669693876266, ""gross_amount"": 0.07508397423338005, ""gross_amount_pct_nav"": 0.06984669693876266, ""fee"": 2.2525192270014013e-05, ""fee_pct_nav"": 2.0954009081628796e-05, ""name"": ""汇丰控股""}, {""ts_code"": ""00700.HK"", ""side"": ""sell"", ""current_weight"": 0.09839840008102992, ""target_weight"": 0.0, ""post_trade_weight"": 0.0, ""diff_weight"": -0.09839840008102992, ""gross_amount"": 0.10577655436974129, ""gross_amount_pct_nav"": 0.09839840008102992, ""fee"": 3.1732966310922386e-05, ""fee_pct_nav"": 2.9519520024308974e-05, ""name"": ""腾讯控股""}, {""ts_code"": ""00728.HK"", ""side"": ""sell"", ""current_weight"": 0.04662383077689017, ""target_weight"": 0.0, ""post_trade_weight"": 0.0, ""diff_weight"": -0.04662383077689017, ""gross_amount"": 0.050119800393463074, ""gross_amount_pct_nav"": 0.04662383077689017, ""fee"": 1.503594011803892e-05, ""fee_pct_nav"": 1.3987149233067049e-05, ""name"": ""中国电信""}, {""ts_code"": ""00857.HK"", ""side"": ""sell"", ""current_weight"": 0.06608908786371961, ""target_weight"": 0.0, ""post_trade_weight"": 0.0, ""diff_weight"": -0.06608908786371961, ""gross_amount"": 0.07104461037889447, ""gross_amount_pct_nav"": 0.06608908786371961, ""fee"": 2.1313383113668337e-05, ""fee_pct_nav"": 1.9826726359115883e-05, ""name"": ""中国石油股份""}, {""ts_code"": ""00883.HK"", ""side"": ""sell"", ""current_weight"": 0.05209484650444427, ""target_weight"": 0.0, ""post_trade_weight"": 0.0, ""diff_weight"": -0.05209484650444427, ""gross_amount"": 0.05600104634956378, ""gross_amount_pct_nav"": 0.05209484650444427, ""fee"": 1.680031390486913e-05, ""fee_pct_nav"": 1.5628453951333277e-05, ""name"": ""中国海洋石油""}, {""ts_code"": ""00939.HK"", ""side"": ""sell"", ""current_weight"": 0.05363955363547703, ""target_weight"": 0.0, ""post_trade_weight"": 0.0, ""diff_weight"": -0.05363955363547703, ""gross_amount"": 0.0576615794242526, ""gross_amount_pct_nav"": 0.05363955363547703, ""fee"": 1.729847382727578e-05, ""fee_pct_nav"": 1.6091866090643108e-05, ""name"": ""建设银行""}, {""ts_code"": ""00941.HK"", ""side"": ""sell"", ""current_weight"": 0.07611931056740923, ""target_weight"": 0.0, ""post_trade_weight"": 0.0, ""diff_weight"": -0.07611931056740923, ""gross_amount"": 0.08182692387468045, ""gross_amount_pct_nav"": 0.07611931056740923, ""fee"": 2.454807716240413e-05, ""fee_pct_nav"": 2.2835793170222767e-05, ""name"": ""中国移动""}, {""ts_code"": ""01088.HK"", ""side"": ""sell"", ""current_weight"": 0.0501574068170679, ""target_weight"": 0.0, ""post_trade_weight"": 0.0, ""diff_weight"": -0.0501574068170679, ""gross_amount"": 0.05391833266457399, ""gross_amount_pct_nav"": 0.0501574068170679, ""fee"": 1.6175499799372197e-05, ""fee_pct_nav"": 1.504722204512037e-05, ""name"": ""中国神华""}, {""ts_code"": ""01288.HK"", ""side"": ""sell"", ""current_weight"": 0.06708032506184103, ""target_weight"": 0.0, ""post_trade_weight"": 0.0, ""diff_weight"": -0.06708032506184103, ""gross_amount"": 0.07211017298249428, ""gross_amount_pct_nav"": 0.06708032506184103, ""fee"": 2.1633051894748282e-05, ""fee_pct_nav"": 2.0124097518552304e-05, ""name"": ""农业银行""}, {""ts_code"": ""01398.HK"", ""side"": ""sell"", ""current_weight"": 0.06446271630703256, ""target_weight"": 0.0, ""post_trade_weight"": 0.0, ""diff_weight"": -0.06446271630703256, ""gross_amount"": 0.06929628947886313, ""gross_amount_pct_nav"": 0.06446271630703256, ""fee"": 2.0788886843658936e-05, ""fee_pct_nav"": 1.9338814892109764e-05, ""name"": ""工商银行""}, {""ts_code"": ""01810.HK"", ""side"": ""sell"", ""current_weight"": 0.04279267443381269, ""target_weight"": 0.0, ""post_trade_weight"": 0.0, ""diff_weight"": -0.04279267443381269, ""gross_amount"": 0.04600137451571711, ""gross_amount_pct_nav"": 0.04279267443381269, ""fee"": 1.3800412354715132e-05, ""fee_pct_nav"": 1.2837802330143805e-05, ""name"": ""小米集团-W""}, {""ts_code"": ""03988.HK"", ""side"": ""sell"", ""current_weight"": 0.06231020416074392, ""target_weight"": 0.0, ""post_trade_weight"": 0.0, ""diff_weight"": -0.06231020416074392, ""gross_amount"": 0.06698237667249704, ""gross_amount_pct_nav"": 0.06231020416074392, ""fee"": 2.009471300174911e-05, ""fee_pct_nav"": 1.8693061248223174e-05, ""name"": ""中国银行""}]"
2023-12-18,0.37491564,0.74983129,0.80587421,0.00000000,0.00024176,0.00024176,0.00000000,0.00000000,rebalance,"[{""ts_code"": ""00002.HK"", ""side"": ""buy"", ""current_weight"": 0.0, ""target_weight"": 0.04126048827346247, ""post_trade_weight"": 0.041269771883324, ""diff_weight"": 0.04126048827346247, ""gross_amount"": 0.04434432666934843, ""gross_amount_pct_nav"": 0.04126048827346247, ""fee"": 1.3303298000804527e-05, ""fee_pct_nav"": 1.237814648203874e-05, ""name"": ""中电控股""}, {""ts_code"": ""00005.HK"", ""side"": ""buy"", ""current_weight"": 0.0, ""target_weight"": 0.08071303855799097, ""post_trade_weight"": 0.08073119899166652, ""diff_weight"": 0.08071303855799097, ""gross_amount"": 0.08674558877174704, ""gross_amount_pct_nav"": 0.08071303855799097, ""fee"": 2.602367663152411e-05, ""fee_pct_nav"": 2.421391156739729e-05, ""name"": ""汇丰控股""}, {""ts_code"": ""00700.HK"", ""side"": ""buy"", ""current_weight"": 0.0, ""target_weight"": 0.11668290745561437, ""post_trade_weight"": 0.11670916110979188, ""diff_weight"": 0.11668290745561437, ""gross_amount"": 0.12540387139017506, ""gross_amount_pct_nav"": 0.11668290745561437, ""fee"": 3.762116141705251e-05, ""fee_pct_nav"": 3.500487223668431e-05, ""name"": ""腾讯控股""}, {""ts_code"": ""00728.HK"", ""side"": ""buy"", ""current_weight"": 0.0, ""target_weight"": 0.04640587027009382, ""post_trade_weight"": 0.04641631159090459, ""diff_weight"": 0.04640587027009382, ""gross_amount"": 0.04987427819549059, ""gross_amount_pct_nav"": 0.04640587027009382, ""fee"": 1.4962283458647176e-05, ""fee_pct_nav"": 1.3921761081028145e-05, ""name"": ""中国电信""}, {""ts_code"": ""00939.HK"", ""side"": ""buy"", ""current_weight"": 0.0, ""target_weight"": 0.06672749016675877, ""post_trade_weight"": 0.06674250385204629, ""diff_weight"": 0.06672749016675877, ""gross_amount"": 0.07171475049372157, ""gross_amount_pct_nav"": 0.06672749016675877, ""fee"": 2.151442514811647e-05, ""fee_pct_nav"": 2.0018247050027632e-05, ""name"": ""建设银行""}, {""ts_code"": ""00941.HK"", ""side"": ""buy"", ""current_weight"": 0.0, ""target_weight"": 0.08277380128374118, ""post_trade_weight"": 0.08279242538903002, ""diff_weight"": 0.08277380128374118, ""gross_amount"": 0.08896037437711903, ""gross_amount_pct_nav"": 0.08277380128374118, ""fee"": 2.6688112313135706e-05, ""fee_pct_nav"": 2.4832140385122352e-05, ""name"": ""中国移动""}, {""ts_code"": ""01088.HK"", ""side"": ""buy"", ""current_weight"": 0.0, ""target_weight"": 0.05463977655281784, ""post_trade_weight"": 0.05465207050254222, ""diff_weight"": 0.05463977655281784, ""gross_amount"": 0.05872359252124357, ""gross_amount_pct_nav"": 0.05463977655281784, ""fee"": 1.7617077756373068e-05, ""fee_pct_nav"": 1.639193296584535e-05, ""name"": ""中国神华""}, {""ts_code"": ""01171.HK"", ""side"": ""buy"", ""current_weight"": 0.0, ""target_weight"": 0.03545096548666181, ""post_trade_weight"": 0.0354589419538963, ""diff_weight"": 0.03545096548666181, ""gross_amount"": 0.03810059599550167, ""gross_amount_pct_nav"": 0.03545096548666181, ""fee"": 1.1430178798650499e-05, ""fee_pct_nav"": 1.0635289645998542e-05, ""name"": ""兖矿能源""}, {""ts_code"": ""01288.HK"", ""side"": ""buy"", ""current_weight"": 0.0, ""target_weight"": 0.07378822682808092, ""post_trade_weight"": 0.07380482917911724, ""diff_weight"": 0.07378822682808092, ""gross_amount"": 0.07930321166172216, ""gross_amount_pct_nav"": 0.07378822682808092, ""fee"": 2.3790963498516645e-05, ""fee_pct_nav"": 2.2136468048424274e-05, ""name"": ""农业银行""}, {""ts_code"": ""01810.HK"", ""side"": ""buy"", ""current_weight"": 0.0, ""target_weight"": 0.04221365868413103, ""post_trade_weight"": 0.042223156757334956, ""diff_weight"": 0.04221365868413103, ""gross_amount"": 0.0453687377180521, ""gross_amount_pct_nav"": 0.04221365868413103, ""fee"": 1.3610621315415629e-05, ""fee_pct_nav"": 1.2664097605239308e-05, ""name"": ""小米集团-W""}, {""ts_code"": ""03328.HK"", ""side"": ""buy"", ""current_weight"": 0.0, ""target_weight"": 0.035703551984453984, ""post_trade_weight"": 0.03571158528365048, ""diff_weight"": 0.035703551984453984, ""gross_amount"": 0.03837206098874477, ""gross_amount_pct_nav"": 0.035703551984453984, ""fee"": 1.1511618296623431e-05, ""fee_pct_nav"": 1.0711065595336193e-05, ""name"": ""交通银行""}, {""ts_code"": ""03988.HK"", ""side"": ""buy"", ""current_weight"": 0.0, ""target_weight"": 0.07347151241639995, ""post_trade_weight"": 0.07348804350669363, ""diff_weight"": 0.07347151241639995, ""gross_amount"": 0.07896282578845307, ""gross_amount_pct_nav"": 0.07347151241639995, ""fee"": 2.3688847736535918e-05, ""fee_pct_nav"": 2.2041453724919982e-05, ""name"": ""中国银行""}]"
2023-12-27,0.07868744,0.15737488,0.05550195,0.11469950,0.00005106,0.00001665,0.00003441,0.00000000,rebalance,"[{""ts_code"": ""00700.HK"", ""side"": ""sell"", ""current_weight"": 0.10605562143030768, ""target_weight"": 0.0, ""post_trade_weight"": 0.0, ""diff_weight"": -0.10605562143030768, ""gross_amount"": 0.11469950441850214, ""gross_amount_pct_nav"": 0.10605562143030768, ""fee"": 3.440985132555064e-05, ""fee_pct_nav"": 3.18166864290923e-05, ""name"": ""腾讯控股""}, {""ts_code"": ""01288.HK"", ""side"": ""buy"", ""current_weight"": 0.07495631807550966, ""target_weight"": 0.08845413091624191, ""post_trade_weight"": 0.08845830725096154, ""diff_weight"": 0.013497812840732256, ""gross_amount"": 0.014597929111971192, ""gross_amount_pct_nav"": 0.013497812840732256, ""fee"": 4.3793787335913575e-06, ""fee_pct_nav"": 4.049343852219677e-06, ""name"": ""农业银行""}, {""ts_code"": ""02899.HK"", ""side"": ""buy"", ""current_weight"": 0.0, ""target_weight"": 0.03782144848139049, ""post_trade_weight"": 0.0378232342095052, ""diff_weight"": 0.03782144848139049, ""gross_amount"": 0.04090402129279018, ""gross_amount_pct_nav"": 0.03782144848139049, ""fee"": 1.2271206387837052e-05, ""fee_pct_nav"": 1.1346434544417145e-05, ""name"": ""紫金矿业""}]"
2024-01-02,0.20109326,0.40218652,0.25358398,0.18396697,0.00013127,0.00007608,0.00005519,0.00000000,rebalance,"[{""ts_code"": ""00002.HK"", ""side"": ""sell"", ""current_weight"": 0.04101790210177036, ""target_weight"": 0.0, ""post_trade_weight"": 0.0, ""diff_weight"": -0.04101790210177036, ""gross_amount"": 0.0446246230615858, ""gross_amount_pct_nav"": 0.04101790210177036, ""fee"": 1.338738691847574e-05, ""fee_pct_nav"": 1.2305370630531106e-05, ""name"": ""中电控股""}, {""ts_code"": ""00386.HK"", ""side"": ""buy"", ""current_weight"": 0.0, ""target_weight"": 0.04573040648611379, ""post_trade_weight"": 0.04573592479787853, ""diff_weight"": 0.04573040648611379, ""gross_amount"": 0.04975149988979686, ""gross_amount_pct_nav"": 0.04573040648611379, ""fee"": 1.4925449966939057e-05, ""fee_pct_nav"": 1.3719121945834136e-05, ""name"": ""中国石油化工股份""}, {""ts_code"": ""00857.HK"", ""side"": ""buy"", ""current_weight"": 0.0, ""target_weight"": 0.07494676247258944, ""post_trade_weight"": 0.07495580633711768, ""diff_weight"": 0.07494676247258944, ""gross_amount"": 0.08153686204446713, ""gross_amount_pct_nav"": 0.07494676247258944, ""fee"": 2.4461058613340135e-05, ""fee_pct_nav"": 2.248402874177683e-05, ""name"": ""中国石油股份""}, {""ts_code"": ""01171.HK"", ""side"": ""sell"", ""current_weight"": 0.0377961675706859, ""target_weight"": 0.0, ""post_trade_weight"": 0.0, ""diff_weight"": -0.0377961675706859, ""gross_amount"": 0.0411196000914341, ""gross_amount_pct_nav"": 0.0377961675706859, ""fee"": 1.233588002743023e-05, ""fee_pct_nav"": 1.133885027120577e-05, ""name"": ""兖矿能源""}, {""ts_code"": ""01288.HK"", ""side"": ""sell"", ""current_weight"": 0.0892059455604285, ""target_weight"": 0.07332122035326678, ""post_trade_weight"": 0.0733300680627881, ""diff_weight"": -0.015884725207161724, ""gross_amount"": 0.017281475611495692, ""gross_amount_pct_nav"": 0.015884725207161724, ""fee"": 5.184442683448707e-06, ""fee_pct_nav"": 4.765417562148516e-06, ""name"": ""农业银行""}, {""ts_code"": ""01398.HK"", ""side"": ""buy"", ""current_weight"": 0.0, ""target_weight"": 0.0765924462287415, ""post_trade_weight"": 0.0766016886787784, ""diff_weight"": 0.0765924462287415, ""gross_amount"": 0.08332725144845596, ""gross_amount_pct_nav"": 0.0765924462287415, ""fee"": 2.4998175434536785e-05, ""fee_pct_nav"": 2.297773386862245e-05, ""name"": ""工商银行""}, {""ts_code"": ""02328.HK"", ""side"": ""buy"", ""current_weight"": 0.0, ""target_weight"": 0.035818800762423164, ""post_trade_weight"": 0.03582312303560712, ""diff_weight"": 0.035818800762423164, ""gross_amount"": 0.038968362608486205, ""gross_amount_pct_nav"": 0.035818800762423164, ""fee"": 1.169050878254586e-05, ""fee_pct_nav"": 1.0745640228726948e-05, ""name"": ""中国财险""}, {""ts_code"": ""02899.HK"", ""side"": ""sell"", ""current_weight"": 0.03807696819305572, ""target_weight"": 0.0, ""post_trade_weight"": 0.0, ""diff_weight"": -0.03807696819305572, ""gross_amount"": 0.04142509162773018, ""gross_amount_pct_nav"": 0.03807696819305572, ""fee"": 1.2427527488319053e-05, ""fee_pct_nav"": 1.1423090457916714e-05, ""name"": ""紫金矿业""}, {""ts_code"": ""03328.HK"", ""side"": ""sell"", ""current_weight"": 0.036322343507086775, ""target_weight"": 0.0, ""post_trade_weight"": 0.0, ""diff_weight"": -0.036322343507086775, ""gross_amount"": 0.039516182073271566, ""gross_amount_pct_nav"": 0.036322343507086775, ""fee"": 1.1854854621981468e-05, ""fee_pct_nav"": 1.0896703052126032e-05, ""name"": ""交通银行""}]"
2024-01-08,0.38176619,0.76353239,0.00000000,0.83313265,0.00024994,0.00000000,0.00024994,0.00000000,rebalance,"[{""ts_code"": ""00005.HK"", ""side"": ""sell"", ""current_weight"": 0.08252640358186739, ""target_weight"": 0.0, ""post_trade_weight"": 0.0, ""diff_weight"": -0.08252640358186739, ""gross_amount"": 0.09004914865166518, ""gross_amount_pct_nav"": 0.08252640358186739, ""fee"": 2.701474459549955e-05, ""fee_pct_nav"": 2.475792107456021e-05, ""name"": ""汇丰控股""}, {""ts_code"": ""00386.HK"", ""side"": ""sell"", ""current_weight"": 0.04512879048910307, ""target_weight"": 0.0, ""post_trade_weight"": 0.0, ""diff_weight"": -0.04512879048910307, ""gross_amount"": 0.0492425331390061, ""gross_amount_pct_nav"": 0.04512879048910307, ""fee"": 1.477275994170183e-05, ""fee_pct_nav"": 1.3538637146730922e-05, ""name"": ""中国石油化工股份""}, {""ts_code"": ""00728.HK"", ""side"": ""sell"", ""current_weight"": 0.04957226371826904, ""target_weight"": 0.0, ""post_trade_weight"": 0.0, ""diff_weight"": -0.04957226371826904, ""gross_amount"": 0.05409105390298105, ""gross_amount_pct_nav"": 0.04957226371826904, ""fee"": 1.6227316170894315e-05, ""fee_pct_nav"": 1.487167911548071e-05, ""name"": ""中国电信""}, {""ts_code"": ""00857.HK"", ""side"": ""sell"", ""current_weight"": 0.07784497861182804, ""target_weight"": 0.0, ""post_trade_weight"": 0.0, ""diff_weight"": -0.07784497861182804, ""gross_amount"": 0.08494098550954428, ""gross_amount_pct_nav"": 0.07784497861182804, ""fee"": 2.548229565286328e-05, ""fee_pct_nav"": 2.335349358354841e-05, ""name"": ""中国石油股份""}, {""ts_code"": ""00939.HK"", ""side"": ""sell"", ""current_weight"": 0.06556643536762954, ""target_weight"": 0.0, ""post_trade_weight"": 0.0, ""diff_weight"": -0.06556643536762954, ""gross_amount"": 0.07154318410498062, ""gross_amount_pct_nav"": 0.06556643536762954, ""fee"": 2.1462955231494184e-05, ""fee_pct_nav"": 1.9669930610288863e-05, ""name"": ""建设银行""}, {""ts_code"": ""00941.HK"", ""side"": ""sell"", ""current_weight"": 0.08648585176501744, ""target_weight"": 0.0, ""post_trade_weight"": 0.0, ""diff_weight"": -0.08648585176501744, ""gross_amount"": 0.09436952276889359, ""gross_amount_pct_nav"": 0.08648585176501744, ""fee"": 2.8310856830668074e-05, ""fee_pct_nav"": 2.594575552950523e-05, ""name"": ""中国移动""}, {""ts_code"": ""01088.HK"", ""side"": ""sell"", ""current_weight"": 0.06008254383084487, ""target_weight"": 0.0, ""post_trade_weight"": 0.0, ""diff_weight"": -0.06008254383084487, ""gross_amount"": 0.06555940506272954, ""gross_amount_pct_nav"": 0.06008254383084487, ""fee"": 1.966782151881886e-05, ""fee_pct_nav"": 1.8024763149253456e-05, ""name"": ""中国神华""}, {""ts_code"": ""01288.HK"", ""side"": ""sell"", ""current_weight"": 0.07310449971140345, ""target_weight"": 0.0, ""post_trade_weight"": 0.0, ""diff_weight"": -0.07310449971140345, ""gross_amount"": 0.07976838533969743, ""gross_amount_pct_nav"": 0.07310449971140345, ""fee"": 2.3930515601909227e-05, ""fee_pct_nav"": 2.1931349913421033e-05, ""name"": ""农业银行""}, {""ts_code"": ""01398.HK"", ""side"": ""sell"", ""current_weight"": 0.07504940044832067, ""target_weight"": 0.0, ""post_trade_weight"": 0.0, ""diff_weight"": -0.07504940044832067, ""gross_amount"": 0.08189057469934466, ""gross_amount_pct_nav"": 0.07504940044832067, ""fee"": 2.4567172409803394e-05, ""fee_pct_nav"": 2.25148201344962e-05, ""name"": ""工商银行""}, {""ts_code"": ""01810.HK"", ""side"": ""sell"", ""current_weight"": 0.037551502618528354, ""target_weight"": 0.0, ""post_trade_weight"": 0.0, ""diff_weight"": -0.037551502618528354, ""gross_amount"": 0.040974532932781645, ""gross_amount_pct_nav"": 0.037551502618528354, ""fee"": 1.2292359879834492e-05, ""fee_pct_nav"": 1.1265450785558505e-05, ""name"": ""小米集团-W""}, {""ts_code"": ""02328.HK"", ""side"": ""sell"", ""current_weight"": 0.037717434367271006, ""target_weight"": 0.0, ""post_trade_weight"": 0.0, ""diff_weight"": -0.037717434367271006, ""gross_amount"": 0.04115559029212404, ""gross_amount_pct_nav"": 0.037717434367271006, ""fee"": 1.234667708763721e-05, ""fee_pct_nav"": 1.13152303101813e-05, ""name"": ""中国财险""}, {""ts_code"": ""03988.HK"", ""side"": ""sell"", ""current_weight"": 0.07290228315533948, ""target_weight"": 0.0, ""post_trade_weight"": 0.0, ""diff_weight"": -0.07290228315533948, ""gross_amount"": 0.07954773560910826, ""gross_amount_pct_nav"": 0.07290228315533948, ""fee"": 2.3864320682732475e-05, ""fee_pct_nav"": 2.1870684946601843e-05, ""name"": ""中国银行""}]"
2024-01-15,0.00000000,0.00000000,0.00000000,0.00000000,0.00000000,0.00000000,0.00000000,0.00000000,rebalance,
2024-01-22,0.00000000,0.00000000,0.00000000,0.00000000,0.00000000,0.00000000,0.00000000,0.00000000,rebalance,
2024-01-29,0.00000000,0.00000000,0.00000000,0.00000000,0.00000000,0.00000000,0.00000000,0.00000000,rebalance,
2024-02-05,0.00000000,0.00000000,0.00000000,0.00000000,0.00000000,0.00000000,0.00000000,0.00000000,rebalance,
2024-02-14,0.00000000,0.00000000,0.00000000,0.00000000,0.00000000,0.00000000,0.00000000,0.00000000,rebalance,
2024-02-19,0.00000000,0.00000000,0.00000000,0.00000000,0.00000000,0.00000000,0.00000000,0.00000000,rebalance,
2024-02-26,0.00000000,0.00000000,0.00000000,0.00000000,0.00000000,0.00000000,0.00000000,0.00000000,rebalance,
2024-03-04,0.00000000,0.00000000,0.00000000,0.00000000,0.00000000,0.00000000,0.00000000,0.00000000,rebalance,
2024-03-11,0.00000000,0.00000000,0.00000000,0.00000000,0.00000000,0.00000000,0.00000000,0.00000000,rebalance,
2024-03-18,0.37491564,0.74983129,0.81799521,0.00000000,0.00024540,0.00024540,0.00000000,0.00000000,rebalance,"[{""ts_code"": ""00005.HK"", ""side"": ""buy"", ""current_weight"": 0.0, ""target_weight"": 0.06566994572486136, ""post_trade_weight"": 0.06568472146264945, ""diff_weight"": 0.06566994572486136, ""gross_amount"": 0.07163971647966991, ""gross_amount_pct_nav"": 0.06566994572486136, ""fee"": 2.149191494390097e-05, ""fee_pct_nav"": 1.9700983717458407e-05, ""name"": ""汇丰控股""}, {""ts_code"": ""00386.HK"", ""side"": ""buy"", ""current_weight"": 0.0, ""target_weight"": 0.04693769343890723, ""post_trade_weight"": 0.04694825441993098, ""diff_weight"": 0.04693769343890723, ""gross_amount"": 0.05120459615211713, ""gross_amount_pct_nav"": 0.04693769343890723, ""fee"": 1.5361378845635138e-05, ""fee_pct_nav"": 1.408130803167217e-05, ""name"": ""中国石油化工股份""}, {""ts_code"": ""00857.HK"", ""side"": ""buy"", ""current_weight"": 0.0, ""target_weight"": 0.08876682683493112, ""post_trade_weight"": 0.08878679937096896, ""diff_weight"": 0.08876682683493112, ""gross_amount"": 0.09683623516148178, ""gross_amount_pct_nav"": 0.08876682683493112, ""fee"": 2.905087054844453e-05, ""fee_pct_nav"": 2.663004805047933e-05, ""name"": ""中国石油股份""}, {""ts_code"": ""00883.HK"", ""side"": ""buy"", ""current_weight"": 0.0, ""target_weight"": 0.0630296175104254, ""post_trade_weight"": 0.06304379917436524, ""diff_weight"": 0.0630296175104254, ""gross_amount"": 0.06875936744621768, ""gross_amount_pct_nav"": 0.0630296175104254, ""fee"": 2.0627810233865302e-05, ""fee_pct_nav"": 1.890888525312762e-05, ""name"": ""中国海洋石油""}, {""ts_code"": ""00939.HK"", ""side"": ""buy"", ""current_weight"": 0.0, ""target_weight"": 0.06919506582939082, ""post_trade_weight"": 0.06921063471920243, ""diff_weight"": 0.06919506582939082, ""gross_amount"": 0.07548529000737375, ""gross_amount_pct_nav"": 0.06919506582939082, ""fee"": 2.2645587002212125e-05, ""fee_pct_nav"": 2.0758519748817247e-05, ""name"": ""建设银行""}, {""ts_code"": ""01088.HK"", ""side"": ""buy"", ""current_weight"": 0.0, ""target_weight"": 0.0556631142936955, ""post_trade_weight"": 0.055675638494411574, ""diff_weight"": 0.0556631142936955, ""gross_amount"": 0.06072320728089388, ""gross_amount_pct_nav"": 0.0556631142936955, ""fee"": 1.8216962184268163e-05, ""fee_pct_nav"": 1.6698934288108648e-05, ""name"": ""中国神华""}, {""ts_code"": ""01288.HK"", ""side"": ""buy"", ""current_weight"": 0.0, ""target_weight"": 0.08057176741873312, ""post_trade_weight"": 0.08058989606640232, ""diff_weight"": 0.08057176741873312, ""gross_amount"": 0.08789619833595701, ""gross_amount_pct_nav"": 0.08057176741873312, ""fee"": 2.63688595007871e-05, ""fee_pct_nav"": 2.4171530225619934e-05, ""name"": ""农业银行""}, {""ts_code"": ""01398.HK"", ""side"": ""buy"", ""current_weight"": 0.0, ""target_weight"": 0.0847871279978284, ""post_trade_weight"": 0.0848062051016279, ""diff_weight"": 0.0847871279978284, ""gross_amount"": 0.09249475911460002, ""gross_amount_pct_nav"": 0.0847871279978284, ""fee"": 2.7748427734380002e-05, ""fee_pct_nav"": 2.5436138399348515e-05, ""name"": ""工商银行""}, {""ts_code"": ""01816.HK"", ""side"": ""buy"", ""current_weight"": 0.0, ""target_weight"": 0.04140982735727072, ""post_trade_weight"": 0.0414191445684261, ""diff_weight"": 0.04140982735727072, ""gross_amount"": 0.04517421567205378, ""gross_amount_pct_nav"": 0.04140982735727072, ""fee"": 1.3552264701616132e-05, ""fee_pct_nav"": 1.2422948207181215e-05, ""name"": ""中广核电力""}, {""ts_code"": ""02328.HK"", ""side"": ""buy"", ""current_weight"": 0.0, ""target_weight"": 0.03884013294098729, ""post_trade_weight"": 0.03884887197089901, ""diff_weight"": 0.03884013294098729, ""gross_amount"": 0.04237092144986528, ""gross_amount_pct_nav"": 0.03884013294098729, ""fee"": 1.2711276434959583e-05, ""fee_pct_nav"": 1.1652039882296185e-05, ""name"": ""中国财险""}, {""ts_code"": ""02899.HK"", ""side"": ""buy"", ""current_weight"": 0.0, ""target_weight"": 0.040110917418610975, ""post_trade_weight"": 0.04011994237503016, ""diff_weight"": 0.040110917418610975, ""gross_amount"": 0.043757227448428956, ""gross_amount_pct_nav"": 0.040110917418610975, ""fee"": 1.3127168234528686e-05, ""fee_pct_nav"": 1.203327522558329e-05, ""name"": ""紫金矿业""}, {""ts_code"": ""03988.HK"", ""side"": ""buy"", ""current_weight"": 0.0, ""target_weight"": 0.07484925119456516, ""post_trade_weight"": 0.07486609227608393, ""diff_weight"": 0.07484925119456516, ""gross_amount"": 0.08165347291073252, ""gross_amount_pct_nav"": 0.07484925119456516, ""fee"": 2.4496041873219753e-05, ""fee_pct_nav"": 2.2454775358369542e-05, ""name"": ""中国银行""}]"
2024-03-25,0.09584583,0.19169165,0.12534363,0.08491250,0.00006308,0.00003760,0.00002547,0.00000000,rebalance,"[{""ts_code"": ""00941.HK"", ""side"": ""buy"", ""current_weight"": 0.0, ""target_weight"": 0.0752377745894607, ""post_trade_weight"": 0.07524210157429229, ""diff_weight"": 0.0752377745894607, ""gross_amount"": 0.08252421634139695, ""gross_amount_pct_nav"": 0.0752377745894607, ""fee"": 2.4757264902419082e-05, ""fee_pct_nav"": 2.2571332376838205e-05, ""name"": ""中国移动""}, {""ts_code"": ""02328.HK"", ""side"": ""sell"", ""current_weight"": 0.03793515663252832, ""target_weight"": 0.0, ""post_trade_weight"": 0.0, ""diff_weight"": -0.03793515663252832, ""gross_amount"": 0.041609006778439143, ""gross_amount_pct_nav"": 0.03793515663252832, ""fee"": 1.2482702033531743e-05, ""fee_pct_nav"": 1.1380546989758495e-05, ""name"": ""中国财险""}, {""ts_code"": ""02899.HK"", ""side"": ""sell"", ""current_weight"": 0.03948002688961972, ""target_weight"": 0.0, ""post_trade_weight"": 0.0, ""diff_weight"": -0.03948002688961972, ""gross_amount"": 0.043303490806060274, ""gross_amount_pct_nav"": 0.03948002688961972, ""fee"": 1.2991047241818081e-05, ""fee_pct_nav"": 1.1844008066885913e-05, ""name"": ""紫金矿业""}, {""ts_code"": ""03328.HK"", ""side"": ""buy"", ""current_weight"": 0.0, ""target_weight"": 0.039038694170824395, ""post_trade_weight"": 0.039040939317473725, ""diff_weight"": 0.039038694170824395, ""gross_amount"": 0.04281941698857785, ""gross_amount_pct_nav"": 0.039038694170824395, ""fee"": 1.2845825096573354e-05, ""fee_pct_nav"": 1.1711608251247316e-05, ""name"": ""交通银行""}]"
2024-04-02,0.04974084,0.09948167,0.04985221,0.06218681,0.00003361,0.00001496,0.00001866,0.00000000,rebalance,"[{""ts_code"": ""00728.HK"", ""side"": ""buy"", ""current_weight"": 0.0, ""target_weight"": 0.044264769699419525, ""post_trade_weight"": 0.04426609079884991, ""diff_weight"": 0.044264769699419525, ""gross_amount"": 0.04985221127462534, ""gross_amount_pct_nav"": 0.044264769699419525, ""fee"": 1.49556633823876e-05, ""fee_pct_nav"": 1.3279430909825855e-05, ""name"": ""中国电信""}, {""ts_code"": ""00857.HK"", ""side"": ""sell"", ""current_weight"": 0.09694141333431461, ""target_weight"": 0.07982279213233553, ""post_trade_weight"": 0.0798251744749058, ""diff_weight"": -0.017118621201979073, ""gross_amount"": 0.019279465965515524, ""gross_amount_pct_nav"": 0.017118621201979073, ""fee"": 5.783839789654657e-06, ""fee_pct_nav"": 5.135586360593722e-06, ""name"": ""中国石油股份""}, {""ts_code"": ""03328.HK"", ""side"": ""sell"", ""current_weight"": 0.03809828205619727, ""target_weight"": 0.0, ""post_trade_weight"": 0.0, ""diff_weight"": -0.03809828205619727, ""gross_amount"": 0.04290734186945788, ""gross_amount_pct_nav"": 0.03809828205619727, ""fee"": 1.2872202560837364e-05, ""fee_pct_nav"": 1.1429484616859182e-05, ""name"": ""交通银行""}]"
2024-04-08,0.04376280,0.08752559,0.04845451,0.05046919,0.00002968,0.00001454,0.00001514,0.00000000,rebalance,"[{""ts_code"": ""00728.HK"", ""side"": ""sell"", ""current_weight"": 0.04465406961986575, ""target_weight"": 0.0, ""post_trade_weight"": 0.0, ""diff_weight"": -0.04465406961986575, ""gross_amount"": 0.05046919408743011, ""gross_amount_pct_nav"": 0.04465406961986575, ""fee"": 1.514075822622903e-05, ""fee_pct_nav"": 1.3396220885959722e-05, ""name"": ""中国电信""}, {""ts_code"": ""02899.HK"", ""side"": ""buy"", ""current_weight"": 0.0, ""target_weight"": 0.04287152322962206, ""post_trade_weight"": 0.04287264896582739, ""diff_weight"": 0.04287152322962206, ""gross_amount"": 0.04845451366737197, ""gross_amount_pct_nav"": 0.04287152322962206, ""fee"": 1.453635410021159e-05, ""fee_pct_nav"": 1.2861456968886618e-05, ""name"": ""紫金矿业""}]"
2024-04-15,0.00000000,0.00000000,0.00000000,0.00000000,0.00000000,0.00000000,0.00000000,0.00000000,rebalance,
2024-04-22,0.39220094,0.78440187,0.00000000,0.89667389,0.00026900,0.00000000,0.00026900,0.00000000,rebalance,"[{""ts_code"": ""00005.HK"", ""side"": ""sell"", ""current_weight"": 0.06666346305639971, ""target_weight"": 0.0, ""post_trade_weight"": 0.0, ""diff_weight"": -0.06666346305639971, ""gross_amount"": 0.07620505350832747, ""gross_amount_pct_nav"": 0.06666346305639971, ""fee"": 2.286151605249824e-05, ""fee_pct_nav"": 1.999903891691991e-05, ""name"": ""汇丰控股""}, {""ts_code"": ""00386.HK"", ""side"": ""sell"", ""current_weight"": 0.045617083231811656, ""target_weight"": 0.0, ""post_trade_weight"": 0.0, ""diff_weight"": -0.045617083231811656, ""gross_amount"": 0.05214628987445491, ""gross_amount_pct_nav"": 0.045617083231811656, ""fee"": 1.5643886962336472e-05, ""fee_pct_nav"": 1.3685124969543496e-05, ""name"": ""中国石油化工股份""}, {""ts_code"": ""00857.HK"", ""side"": ""sell"", ""current_weight"": 0.08035210481100524, ""target_weight"": 0.0, ""post_trade_weight"": 0.0, ""diff_weight"": -0.08035210481100524, ""gross_amount"": 0.09185296061575605, ""gross_amount_pct_nav"": 0.08035210481100524, ""fee"": 2.7555888184726815e-05, ""fee_pct_nav"": 2.410563144330157e-05, ""name"": ""中国石油股份""}, {""ts_code"": ""00883.HK"", ""side"": ""sell"", ""current_weight"": 0.06256599692772252, ""target_weight"": 0.0, ""post_trade_weight"": 0.0, ""diff_weight"": -0.06256599692772252, ""gross_amount"": 0.07152111404181294, ""gross_amount_pct_nav"": 0.06256599692772252, ""fee"": 2.145633421254388e-05, ""fee_pct_nav"": 1.8769799078316756e-05, ""name"": ""中国海洋石油""}, {""ts_code"": ""00939.HK"", ""side"": ""sell"", ""current_weight"": 0.06767348670237357, ""target_weight"": 0.0, ""post_trade_weight"": 0.0, ""diff_weight"": -0.06767348670237357, ""gross_amount"": 0.07735964258092028, ""gross_amount_pct_nav"": 0.06767348670237357, ""fee"": 2.320789277427608e-05, ""fee_pct_nav"": 2.0302046010712065e-05, ""name"": ""建设银行""}, {""ts_code"": ""00941.HK"", ""side"": ""sell"", ""current_weight"": 0.07544186355002738, ""target_weight"": 0.0, ""post_trade_weight"": 0.0, ""diff_weight"": -0.07544186355002738, ""gross_amount"": 0.08623991291502318, ""gross_amount_pct_nav"": 0.07544186355002738, ""fee"": 2.5871973874506954e-05, ""fee_pct_nav"": 2.2632559065008212e-05, ""name"": ""中国移动""}, {""ts_code"": ""01088.HK"", ""side"": ""sell"", ""current_weight"": 0.05697465226806393, ""target_weight"": 0.0, ""post_trade_weight"": 0.0, ""diff_weight"": -0.05697465226806393, ""gross_amount"": 0.06512947611246778, ""gross_amount_pct_nav"": 0.05697465226806393, ""fee"": 1.9538842833740332e-05, ""fee_pct_nav"": 1.709239568041918e-05, ""name"": ""中国神华""}, {""ts_code"": ""01288.HK"", ""side"": ""sell"", ""current_weight"": 0.08302159166699505, ""target_weight"": 0.0, ""post_trade_weight"": 0.0, ""diff_weight"": -0.08302159166699505, ""gross_amount"": 0.09490453308699674, ""gross_amount_pct_nav"": 0.08302159166699505, ""fee"": 2.8471359926099022e-05, ""fee_pct_nav"": 2.490647750009851e-05, ""name"": ""农业银行""}, {""ts_code"": ""01398.HK"", ""side"": ""sell"", ""current_weight"": 0.08377190298747077, ""target_weight"": 0.0, ""post_trade_weight"": 0.0, ""diff_weight"": -0.08377190298747077, ""gross_amount"": 0.09576223701810488, ""gross_amount_pct_nav"": 0.08377190298747077, ""fee"": 2.872867110543146e-05, ""fee_pct_nav"": 2.5131570896241228e-05, ""name"": ""工商银行""}, {""ts_code"": ""01816.HK"", ""side"": ""sell"", ""current_weight"": 0.043946717344653045, ""target_weight"": 0.0, ""post_trade_weight"": 0.0, ""diff_weight"": -0.043946717344653045, ""gross_amount"": 0.0502368432904736, ""gross_amount_pct_nav"": 0.043946717344653045, ""fee"": 1.5071052987142079e-05, ""fee_pct_nav"": 1.3184015203395913e-05, ""name"": ""中广核电力""}, {""ts_code"": ""02899.HK"", ""side"": ""sell"", ""current_weight"": 0.04264320689519229, ""target_weight"": 0.0, ""post_trade_weight"": 0.0, ""diff_weight"": -0.04264320689519229, ""gross_amount"": 0.04874676043255515, ""gross_amount_pct_nav"": 0.04264320689519229, ""fee"": 1.4624028129766544e-05, ""fee_pct_nav"": 1.2792962068557687e-05, ""name"": ""紫金矿业""}, {""ts_code"": ""03988.HK"", ""side"": ""sell"", ""current_weight"": 0.07572980409140309, ""target_weight"": 0.0, ""post_trade_weight"": 0.0, ""diff_weight"": -0.07572980409140309, ""gross_amount"": 0.08656906659766624, ""gross_amount_pct_nav"": 0.07572980409140309, ""fee"": 2.597071997929987e-05, ""fee_pct_nav"": 2.271894122742093e-05, ""name"": ""中国银行""}]"
2024-04-29,0.37491564,0.74983129,0.85695348,0.00000000,0.00025709,0.00025709,0.00000000,0.00000000,rebalance,"[{""ts_code"": ""00005.HK"", ""side"": ""buy"", ""current_weight"": 0.0, ""target_weight"": 0.06807449259545137, ""post_trade_weight"": 0.06808980935628535, ""diff_weight"": 0.06807449259545137, ""gross_amount"": 0.07779973255610843, ""gross_amount_pct_nav"": 0.06807449259545137, ""fee"": 2.333991976683253e-05, ""fee_pct_nav"": 2.042234777863541e-05, ""name"": ""汇丰控股""}, {""ts_code"": ""00386.HK"", ""side"": ""buy"", ""current_weight"": 0.0, ""target_weight"": 0.049191893431135704, ""post_trade_weight"": 0.0492029616071577, ""diff_weight"": 0.049191893431135704, ""gross_amount"": 0.056219532558464735, ""gross_amount_pct_nav"": 0.049191893431135704, ""fee"": 1.686585976753942e-05, ""fee_pct_nav"": 1.4757568029340708e-05, ""name"": ""中国石油化工股份""}, {""ts_code"": ""00857.HK"", ""side"": ""buy"", ""current_weight"": 0.0, ""target_weight"": 0.08842974658976681, ""post_trade_weight"": 0.0884496432827495, ""diff_weight"": 0.08842974658976681, ""gross_amount"": 0.10106297340434378, ""gross_amount_pct_nav"": 0.08842974658976681, ""fee"": 3.0318892021303133e-05, ""fee_pct_nav"": 2.652892397693004e-05, ""name"": ""中国石油股份""}, {""ts_code"": ""00883.HK"", ""side"": ""buy"", ""current_weight"": 0.0, ""target_weight"": 0.06267290546750778, ""post_trade_weight"": 0.06268700687123797, ""diff_weight"": 0.06267290546750778, ""gross_amount"": 0.07162646533207027, ""gross_amount_pct_nav"": 0.06267290546750778, ""fee"": 2.148793959962108e-05, ""fee_pct_nav"": 1.8801871640252334e-05, ""name"": ""中国海洋石油""}, {""ts_code"": ""00939.HK"", ""side"": ""buy"", ""current_weight"": 0.0, ""target_weight"": 0.0642609267632068, ""post_trade_weight"": 0.06427538547172852, ""diff_weight"": 0.0642609267632068, ""gross_amount"": 0.0734413541015393, ""gross_amount_pct_nav"": 0.0642609267632068, ""fee"": 2.203240623046179e-05, ""fee_pct_nav"": 1.9278278028962036e-05, ""name"": ""建设银行""}, {""ts_code"": ""00941.HK"", ""side"": ""buy"", ""current_weight"": 0.0, ""target_weight"": 0.07439381526773742, ""post_trade_weight"": 0.07441055387617265, ""diff_weight"": 0.07439381526773742, ""gross_amount"": 0.08502184461445755, ""gross_amount_pct_nav"": 0.07439381526773742, ""fee"": 2.5506553384337265e-05, ""fee_pct_nav"": 2.2318144580321225e-05, ""name"": ""中国移动""}, {""ts_code"": ""01088.HK"", ""side"": ""buy"", ""current_weight"": 0.0, ""target_weight"": 0.05230989824323533, ""post_trade_weight"": 0.05232166797034006, ""diff_weight"": 0.05230989824323533, ""gross_amount"": 0.05978298094039537, ""gross_amount_pct_nav"": 0.05230989824323533, ""fee"": 1.793489428211861e-05, ""fee_pct_nav"": 1.56929694729706e-05, ""name"": ""中国神华""}, {""ts_code"": ""01288.HK"", ""side"": ""buy"", ""current_weight"": 0.0, ""target_weight"": 0.07338932958862644, ""post_trade_weight"": 0.07340584218778388, ""diff_weight"": 0.07338932958862644, ""gross_amount"": 0.08387385637081846, ""gross_amount_pct_nav"": 0.07338932958862644, ""fee"": 2.5162156911245533e-05, ""fee_pct_nav"": 2.201679887658793e-05, ""name"": ""农业银行""}, {""ts_code"": ""01398.HK"", ""side"": ""buy"", ""current_weight"": 0.0, ""target_weight"": 0.073689848363052, ""post_trade_weight"": 0.07370642857893368, ""diff_weight"": 0.073689848363052, ""gross_amount"": 0.08421730777804877, ""gross_amount_pct_nav"": 0.073689848363052, ""fee"": 2.526519233341463e-05, ""fee_pct_nav"": 2.2106954508915597e-05, ""name"": ""工商银行""}, {""ts_code"": ""01816.HK"", ""side"": ""buy"", ""current_weight"": 0.0, ""target_weight"": 0.039472955804021694, ""post_trade_weight"": 0.0394818372190776, ""diff_weight"": 0.039472955804021694, ""gross_amount"": 0.045112130662537976, ""gross_amount_pct_nav"": 0.039472955804021694, ""fee"": 1.3533639198761392e-05, ""fee_pct_nav"": 1.1841886741206508e-05, ""name"": ""中广核电力""}, {""ts_code"": ""01919.HK"", ""side"": ""buy"", ""current_weight"": 0.0, ""target_weight"": 0.038573184631106955, ""post_trade_weight"": 0.03858186359764895, ""diff_weight"": 0.038573184631106955, ""gross_amount"": 0.04408381662088267, ""gross_amount_pct_nav"": 0.038573184631106955, ""fee"": 1.32251449862648e-05, ""fee_pct_nav"": 1.1571955389332086e-05, ""name"": ""中远海控""}, {""ts_code"": ""03988.HK"", ""side"": ""buy"", ""current_weight"": 0.0, ""target_weight"": 0.06537229121535883, ""post_trade_weight"": 0.06538699998088228, ""diff_weight"": 0.06537229121535883, ""gross_amount"": 0.07471149000491835, ""gross_amount_pct_nav"": 0.06537229121535883, ""fee"": 2.2413447001475504e-05, ""fee_pct_nav"": 1.9611687364607645e-05, ""name"": ""中国银行""}]"
2024-05-06,0.12839378,0.25678756,0.16132918,0.13464227,0.00008879,0.00004840,0.00004039,0.00000000,rebalance,"[{""ts_code"": ""00386.HK"", ""side"": ""sell"", ""current_weight"": 0.04975647074300236, ""target_weight"": 0.0, ""post_trade_weight"": 0.0, ""diff_weight"": -0.04975647074300236, ""gross_amount"": 0.057348942810755324, ""gross_amount_pct_nav"": 0.04975647074300236, ""fee"": 1.7204682843226597e-05, ""fee_pct_nav"": 1.4926941222900706e-05, ""name"": ""中国石油化工股份""}, {""ts_code"": ""00700.HK"", ""side"": ""buy"", ""current_weight"": 0.0, ""target_weight"": 0.10285414220389619, ""post_trade_weight"": 0.10286206631357483, ""diff_weight"": 0.10285414220389619, ""gross_amount"": 0.11854892903412169, ""gross_amount_pct_nav"": 0.10285414220389619, ""fee"": 3.5564678710236505e-05, ""fee_pct_nav"": 3.085624266116886e-05, ""name"": ""腾讯控股""}, {""ts_code"": ""00857.HK"", ""side"": ""sell"", ""current_weight"": 0.08594440645381596, ""target_weight"": 0.07316646073405732, ""post_trade_weight"": 0.0731720976393606, ""diff_weight"": -0.012777945719758646, ""gross_amount"": 0.014727766406632328, ""gross_amount_pct_nav"": 0.012777945719758646, ""fee"": 4.418329921989698e-06, ""fee_pct_nav"": 3.833383715927593e-06, ""name"": ""中国石油股份""}, {""ts_code"": ""00941.HK"", ""side"": ""sell"", ""current_weight"": 0.07376573510753498, ""target_weight"": 0.06128966402188381, ""post_trade_weight"": 0.06129438591260663, ""diff_weight"": -0.012476071085651167, ""gross_amount"": 0.014379827920061067, ""gross_amount_pct_nav"": 0.012476071085651167, ""fee"": 4.313948376018319e-06, ""fee_pct_nav"": 3.7428213256953494e-06, ""name"": ""中国移动""}, {""ts_code"": ""01919.HK"", ""side"": ""sell"", ""current_weight"": 0.04180638576857261, ""target_weight"": 0.0, ""post_trade_weight"": 0.0, ""diff_weight"": -0.04180638576857261, ""gross_amount"": 0.0481857332476386, ""gross_amount_pct_nav"": 0.04180638576857261, ""fee"": 1.4455719974291579e-05, ""fee_pct_nav"": 1.2541915730571782e-05, ""name"": ""中远海控""}, {""ts_code"": ""02899.HK"", ""side"": ""buy"", ""current_weight"": 0.0, ""target_weight"": 0.037116543541839575, ""post_trade_weight"": 0.03711940308211297, ""diff_weight"": 0.037116543541839575, ""gross_amount"": 0.04278025553517034, ""gross_amount_pct_nav"": 0.037116543541839575, ""fee"": 1.2834076660551101e-05, ""fee_pct_nav"": 1.1134963062551872e-05, ""name"": ""紫金矿业""}]"
2024-05-13,0.03794902,0.07589804,0.04639670,0.04490800,0.00002739,0.00001392,0.00001347,0.00000000,rebalance,"[{""ts_code"": ""02899.HK"", ""side"": ""sell"", ""current_weight"": 0.03733027231823542, ""target_weight"": 0.0, ""post_trade_weight"": 0.0, ""diff_weight"": -0.03733027231823542, ""gross_amount"": 0.04490800376249011, ""gross_amount_pct_nav"": 0.03733027231823542, ""fee"": 1.347240112874703e-05, ""fee_pct_nav"": 1.1199081695470625e-05, ""name"": ""紫金矿业""}, {""ts_code"": ""03328.HK"", ""side"": ""buy"", ""current_weight"": 0.0, ""target_weight"": 0.0385677707881762, ""post_trade_weight"": 0.038568648973670905, ""diff_weight"": 0.0385677707881762, ""gross_amount"": 0.04639670401815444, ""gross_amount_pct_nav"": 0.0385677707881762, ""fee"": 1.391901120544633e-05, ""fee_pct_nav"": 1.1570331236452859e-05, ""name"": ""交通银行""}]"
2024-05-20,0.08034150,0.16068300,0.09870601,0.09841284,0.00005914,0.00002961,0.00002952,0.00000000,rebalance,"[{""ts_code"": ""00386.HK"", ""side"": ""buy"", ""current_weight"": 0.0, ""target_weight"": 0.040079202881335915, ""post_trade_weight"": 0.04008113498847392, ""diff_weight"": 0.040079202881335915, ""gross_amount"": 0.04916740639590737, ""gross_amount_pct_nav"": 0.040079202881335915, ""fee"": 1.475022191877221e-05, ""fee_pct_nav"": 1.2023760864400774e-05, ""name"": ""中国石油化工股份""}, {""ts_code"": ""01816.HK"", ""side"": ""sell"", ""current_weight"": 0.041134008133912284, ""target_weight"": 0.0, ""post_trade_weight"": 0.0, ""diff_weight"": -0.041134008133912284, ""gross_amount"": 0.05046139516797726, ""gross_amount_pct_nav"": 0.041134008133912284, ""fee"": 1.5138418550393178e-05, ""fee_pct_nav"": 1.2340202440173685e-05, ""name"": ""中广核电力""}, {""ts_code"": ""02899.HK"", ""side"": ""buy"", ""current_weight"": 0.0, ""target_weight"": 0.0403817906393559, ""post_trade_weight"": 0.04038373733340994, ""diff_weight"": 0.0403817906393559, ""gross_amount"": 0.049538607772168355, ""gross_amount_pct_nav"": 0.0403817906393559, ""fee"": 1.4861582331650505e-05, ""fee_pct_nav"": 1.2114537191806769e-05, ""name"": ""紫金矿业""}, {""ts_code"": ""03328.HK"", ""side"": ""sell"", ""current_weight"": 0.039088001172682504, ""target_weight"": 0.0, ""post_trade_weight"": 0.0, ""diff_weight"": -0.039088001172682504, ""gross_amount"": 0.04795144365897443, ""gross_amount_pct_nav"": 0.039088001172682504, ""fee"": 1.4385433097692326e-05, ""fee_pct_nav"": 1.172640035180475e-05, ""name"": ""交通银行""}]"
2024-05-27,0.14323123,0.28646246,0.30343369,0.04653162,0.00010499,0.00009103,0.00001396,0.00000000,rebalance,"[{""ts_code"": ""00005.HK"", ""side"": ""buy"", ""current_weight"": 0.07170451044491964, ""target_weight"": 0.083454201568929, ""post_trade_weight"": 0.08346137413420904, ""diff_weight"": 0.011749691124009372, ""gross_amount"": 0.014354356420006167, ""gross_amount_pct_nav"": 0.011749691124009372, ""fee"": 4.30630692600185e-06, ""fee_pct_nav"": 3.524907337202811e-06, ""name"": ""汇丰控股""}, {""ts_code"": ""00386.HK"", ""side"": ""buy"", ""current_weight"": 0.04000281781258569, ""target_weight"": 0.05179425007658718, ""post_trade_weight"": 0.051798701591703494, ""diff_weight"": 0.011791432264001497, ""gross_amount"": 0.014405350713771047, ""gross_amount_pct_nav"": 0.011791432264001497, ""fee"": 4.321605214131314e-06, ""fee_pct_nav"": 3.5374296792004486e-06, ""name"": ""中国石油化工股份""}, {""ts_code"": ""00700.HK"", ""side"": ""buy"", ""current_weight"": 0.10063208306107368, ""target_weight"": 0.13715325420406552, ""post_trade_weight"": 0.13716504199486157, ""diff_weight"": 0.03652117114299184, ""gross_amount"": 0.04461716499009227, ""gross_amount_pct_nav"": 0.03652117114299184, ""fee"": 1.338514949702768e-05, ""fee_pct_nav"": 1.095635134289755e-05, ""name"": ""腾讯控股""}, {""ts_code"": ""00857.HK"", ""side"": ""buy"", ""current_weight"": 0.07661005001691217, ""target_weight"": 0.09748688305535501, ""post_trade_weight"": 0.0974952616752389, ""diff_weight"": 0.020876833038442837, ""gross_amount"": 0.025504798312733057, ""gross_amount_pct_nav"": 0.020876833038442837, ""fee"": 7.651439493819916e-06, ""fee_pct_nav"": 6.26304991153285e-06, ""name"": ""中国石油股份""}, {""ts_code"": ""00883.HK"", ""side"": ""buy"", ""current_weight"": 0.06067970401823076, ""target_weight"": 0.07278014290415684, ""post_trade_weight"": 0.07278639807545147, ""diff_weight"": 0.012100438885926088, ""gross_amount"": 0.014782857759737894, ""gross_amount_pct_nav"": 0.012100438885926088, ""fee"": 4.434857327921368e-06, ""fee_pct_nav"": 3.630131665777826e-06, ""name"": ""中国海洋石油""}, {""ts_code"": ""00939.HK"", ""side"": ""buy"", ""current_weight"": 0.06921565248135195, ""target_weight"": 0.08409529886997763, ""post_trade_weight"": 0.08410252653508674, ""diff_weight"": 0.01487964638862568, ""gross_amount"": 0.01817815850746446, ""gross_amount_pct_nav"": 0.01487964638862568, ""fee"": 5.4534475522393375e-06, ""fee_pct_nav"": 4.463893916587704e-06, ""name"": ""建设银行""}, {""ts_code"": ""00941.HK"", ""side"": ""buy"", ""current_weight"": 0.06214503493484146, ""target_weight"": 0.08339501237997912, ""post_trade_weight"": 0.08340217985817767, ""diff_weight"": 0.021249977445137652, ""gross_amount"": 0.025960661173577468, ""gross_amount_pct_nav"": 0.021249977445137652, ""fee"": 7.78819835207324e-06, ""fee_pct_nav"": 6.374993233541295e-06, ""name"": ""中国移动""}, {""ts_code"": ""01088.HK"", ""side"": ""buy"", ""current_weight"": 0.05610184630964779, ""target_weight"": 0.06862764031785372, ""post_trade_weight"": 0.06863353859763999, ""diff_weight"": 0.012525794008205927, ""gross_amount"": 0.015302505379904158, ""gross_amount_pct_nav"": 0.012525794008205927, ""fee"": 4.590751613971247e-06, ""fee_pct_nav"": 3.7577382024617777e-06, ""name"": ""中国神华""}, {""ts_code"": ""01288.HK"", ""side"": ""buy"", ""current_weight"": 0.0729841180811226, ""target_weight"": 0.08839373062658105, ""post_trade_weight"": 0.08840132772524528, ""diff_weight"": 0.015409612545458456, ""gross_amount"": 0.018825607280834655, ""gross_amount_pct_nav"": 0.015409612545458456, ""fee"": 5.647682184250396e-06, ""fee_pct_nav"": 4.622883763637536e-06, ""name"": ""农业银行""}, {""ts_code"": ""01398.HK"", ""side"": ""buy"", ""current_weight"": 0.07634053819130147, ""target_weight"": 0.094836938988212, ""post_trade_weight"": 0.09484508985567057, ""diff_weight"": 0.01849640079691052, ""gross_amount"": 0.02259667311454748, ""gross_amount_pct_nav"": 0.01849640079691052, ""fee"": 6.779001934364244e-06, ""fee_pct_nav"": 5.548920239073156e-06, ""name"": ""工商银行""}, {""ts_code"": ""01816.HK"", ""side"": ""buy"", ""current_weight"": 0.0, ""target_weight"": 0.05677078328740846, ""post_trade_weight"": 0.056775662516272585, ""diff_weight"": 0.05677078328740846, ""gross_amount"": 0.06935570041370737, ""gross_amount_pct_nav"": 0.05677078328740846, ""fee"": 2.0806710124112207e-05, ""fee_pct_nav"": 1.7031234986222538e-05, ""name"": ""中广核电力""}, {""ts_code"": ""02899.HK"", ""side"": ""sell"", ""current_weight"": 0.03808824260105068, ""target_weight"": 0.0, ""post_trade_weight"": 0.0, ""diff_weight"": -0.03808824260105068, ""gross_amount"": 0.046531624017753896, ""gross_amount_pct_nav"": 0.03808824260105068, ""fee"": 1.3959487205326167e-05, ""fee_pct_nav"": 1.1426472780315203e-05, ""name"": ""紫金矿业""}, {""ts_code"": ""03988.HK"", ""side"": ""buy"", ""current_weight"": 0.06512348390981264, ""target_weight"": 0.08112592498151228, ""post_trade_weight"": 0.08113289744044055, ""diff_weight"": 0.01600244107169963, ""gross_amount"": 0.0195498537203197, ""gross_amount_pct_nav"": 0.01600244107169963, ""fee"": 5.864956116095909e-06, ""fee_pct_nav"": 4.800732321509889e-06, ""name"": ""中国银行""}]"
2024-06-03,0.07559434,0.15118868,0.09452985,0.08977175,0.00005529,0.00002836,0.00002693,0.00000000,rebalance,"[{""ts_code"": ""00386.HK"", ""side"": ""sell"", ""current_weight"": 0.0505413825997135, ""target_weight"": 0.0, ""post_trade_weight"": 0.0, ""diff_weight"": -0.0505413825997135, ""gross_amount"": 0.06161081480355453, ""gross_amount_pct_nav"": 0.0505413825997135, ""fee"": 1.8483244441066356e-05, ""fee_pct_nav"": 1.5162414779914045e-05, ""name"": ""中国石油化工股份""}, {""ts_code"": ""00700.HK"", ""side"": ""sell"", ""current_weight"": 0.13657868589236624, ""target_weight"": 0.11347734080925895, ""post_trade_weight"": 0.11348248798946257, ""diff_weight"": -0.023101345083107277, ""gross_amount"": 0.028160937046395634, ""gross_amount_pct_nav"": 0.023101345083107277, ""fee"": 8.448281113918689e-06, ""fee_pct_nav"": 6.930403524932182e-06, ""name"": ""腾讯控股""}, {""ts_code"": ""00728.HK"", ""side"": ""buy"", ""current_weight"": 0.0, ""target_weight"": 0.05725154181698915, ""post_trade_weight"": 0.05725413867025136, ""diff_weight"": 0.05725154181698915, ""gross_amount"": 0.06979061431779018, ""gross_amount_pct_nav"": 0.05725154181698915, ""fee"": 2.0937184295337054e-05, ""fee_pct_nav"": 1.7175462545096745e-05, ""name"": ""中国电信""}, {""ts_code"": ""00883.HK"", ""side"": ""buy"", ""current_weight"": 0.07507245804867346, ""target_weight"": 0.08527917918836447, ""post_trade_weight"": 0.08528304733772159, ""diff_weight"": 0.010206721139691005, ""gross_amount"": 0.012442168645631635, ""gross_amount_pct_nav"": 0.010206721139691005, ""fee"": 3.73265059368949e-06, ""fee_pct_nav"": 3.062016341907301e-06, ""name"": ""中国海洋石油""}, {""ts_code"": ""00941.HK"", ""side"": ""buy"", ""current_weight"": 0.08507618072292103, ""target_weight"": 0.09516386817272869, ""post_trade_weight"": 0.09516818467834, ""diff_weight"": 0.010087687449807668, ""gross_amount"": 0.01229706453004245, ""gross_amount_pct_nav"": 0.010087687449807668, ""fee"": 3.6891193590127347e-06, ""fee_pct_nav"": 3.0263062349423e-06, ""name"": ""中国移动""}]"
2024-06-11,0.06177877,0.12355755,0.08026043,0.07006264,0.00004510,0.00002408,0.00002102,0.00000000,rebalance,"[{""ts_code"": ""00700.HK"", ""side"": ""buy"", ""current_weight"": 0.11333672884340057, ""target_weight"": 0.12549040154321267, ""post_trade_weight"": 0.1254950533015633, ""diff_weight"": 0.012153672699812107, ""gross_amount"": 0.014786448547590536, ""gross_amount_pct_nav"": 0.012153672699812107, ""fee"": 4.435934564277161e-06, ""fee_pct_nav"": 3.6461018099436318e-06, ""name"": ""腾讯控股""}, {""ts_code"": ""00728.HK"", ""side"": ""sell"", ""current_weight"": 0.0575877545582225, ""target_weight"": 0.0, ""post_trade_weight"": 0.0, ""diff_weight"": -0.0575877545582225, ""gross_amount"": 0.07006263791846178, ""gross_amount_pct_nav"": 0.0575877545582225, ""fee"": 2.101879137553853e-05, ""fee_pct_nav"": 1.727632636746675e-05, ""name"": ""中国电信""}, {""ts_code"": ""01919.HK"", ""side"": ""buy"", ""current_weight"": 0.0, ""target_weight"": 0.05381612151264352, ""post_trade_weight"": 0.05381811640300618, ""diff_weight"": 0.05381612151264352, ""gross_amount"": 0.06547397905407522, ""gross_amount_pct_nav"": 0.05381612151264352, ""fee"": 1.9642193716222563e-05, ""fee_pct_nav"": 1.6144836453793057e-05, ""name"": ""中远海控""}]"
2024-06-17,0.05070749,0.10141497,0.05791956,0.06597378,0.00003717,0.00001738,0.00001979,0.00000000,rebalance,"[{""ts_code"": ""00998.HK"", ""side"": ""buy"", ""current_weight"": 0.0, ""target_weight"": 0.04741102670640764, ""post_trade_weight"": 0.04741246920665291, ""diff_weight"": 0.04741102670640764, ""gross_amount"": 0.05791956038929227, ""gross_amount_pct_nav"": 0.04741102670640764, ""fee"": 1.737586811678768e-05, ""fee_pct_nav"": 1.4223308011922292e-05, ""name"": ""中信银行""}, {""ts_code"": ""01919.HK"", ""side"": ""sell"", ""current_weight"": 0.0540039434766883, ""target_weight"": 0.0, ""post_trade_weight"": 0.0, ""diff_weight"": -0.0540039434766883, ""gross_amount"": 0.06597378042090023, ""gross_amount_pct_nav"": 0.0540039434766883, ""fee"": 1.9792134126270067e-05, ""fee_pct_nav"": 1.620118304300649e-05, ""name"": ""中远海控""}]"
2024-06-24,0.00680828,0.01361656,0.00000000,0.01728742,0.00000519,0.00000000,0.00000519,0.00000000,rebalance,"[{""ts_code"": ""00883.HK"", ""side"": ""sell"", ""current_weight"": 0.09329778859278744, ""target_weight"": 0.07968122373564876, ""post_trade_weight"": 0.07968154923234368, ""diff_weight"": -0.013616564857138679, ""gross_amount"": 0.01728742185963425, ""gross_amount_pct_nav"": 0.013616564857138679, ""fee"": 5.186226557890275e-06, ""fee_pct_nav"": 4.084969457141604e-06, ""name"": ""中国海洋石油""}]"
2024-07-02,0.05694106,0.11388213,0.07097031,0.07748143,0.00004454,0.00002129,0.00002324,0.00000000,rebalance,"[{""ts_code"": ""00728.HK"", ""side"": ""buy"", ""current_weight"": 0.0, ""target_weight"": 0.05444361915858136, ""post_trade_weight"": 0.05444547926867615, ""diff_weight"": 0.05444361915858136, ""gross_amount"": 0.0709703091344365, ""gross_amount_pct_nav"": 0.05444361915858136, ""fee"": 2.1291092740330948e-05, ""fee_pct_nav"": 1.6333085747574407e-05, ""name"": ""中国电信""}, {""ts_code"": ""00998.HK"", ""side"": ""sell"", ""current_weight"": 0.04887516454047261, ""target_weight"": 0.0, ""post_trade_weight"": 0.0, ""diff_weight"": -0.04887516454047261, ""gross_amount"": 0.06371151642822148, ""gross_amount_pct_nav"": 0.04887516454047261, ""fee"": 1.9113454928466444e-05, ""fee_pct_nav"": 1.4662549362141782e-05, ""name"": ""中信银行""}, {""ts_code"": ""01816.HK"", ""side"": ""sell"", ""current_weight"": 0.06541298510743322, ""target_weight"": 0.05484964184416417, ""post_trade_weight"": 0.054851515826351, ""diff_weight"": -0.010563343263269055, ""gross_amount"": 0.013769910018357173, ""gross_amount_pct_nav"": 0.010563343263269055, ""fee"": 4.130973005507152e-06, ""fee_pct_nav"": 3.169002978980716e-06, ""name"": ""中广核电力""}]"
2024-07-08,0.01325061,0.02650123,0.01566454,0.01946595,0.00001054,0.00000470,0.00000584,0.00000000,rebalance,"[{""ts_code"": ""00700.HK"", ""side"": ""buy"", ""current_weight"": 0.11665140620330487, ""target_weight"": 0.12846819353053762, ""post_trade_weight"": 0.12846921490820012, ""diff_weight"": 0.011816787327232743, ""gross_amount"": 0.015664538421906543, ""gross_amount_pct_nav"": 0.011816787327232743, ""fee"": 4.699361526571962e-06, ""fee_pct_nav"": 3.5450361981698227e-06, ""name"": ""腾讯控股""}, {""ts_code"": ""00939.HK"", ""side"": ""sell"", ""current_weight"": 0.08324101312114243, ""target_weight"": 0.0685565704781061, ""post_trade_weight"": 0.06855711553247154, ""diff_weight"": -0.014684442643036342, ""gross_amount"": 0.019465952091395802, ""gross_amount_pct_nav"": 0.014684442643036342, ""fee"": 5.83978562741874e-06, ""fee_pct_nav"": 4.405332792910902e-06, ""name"": ""建设银行""}]"
2024-07-15,0.05432411,0.10864822,0.07258837,0.07170623,0.00004329,0.00002178,0.00002151,0.00000000,rebalance,"[{""ts_code"": ""01816.HK"", ""side"": ""sell"", ""current_weight"": 0.05399199833705463, ""target_weight"": 0.0, ""post_trade_weight"": 0.0, ""diff_weight"": -0.05399199833705463, ""gross_amount"": 0.0717062286547267, ""gross_amount_pct_nav"": 0.05399199833705463, ""fee"": 2.1511868596418008e-05, ""fee_pct_nav"": 1.6197599501116387e-05, ""name"": ""中广核电力""}, {""ts_code"": ""03968.HK"", ""side"": ""buy"", ""current_weight"": 0.0, ""target_weight"": 0.05465621885713518, ""post_trade_weight"": 0.05465800040542501, ""diff_weight"": 0.05465621885713518, ""gross_amount"": 0.07258837323090495, ""gross_amount_pct_nav"": 0.05465621885713518, ""fee"": 2.177651196927148e-05, ""fee_pct_nav"": 1.6396865657140554e-05, ""name"": ""招商银行""}]"
2024-07-22,0.05461769,0.10923539,0.06923408,0.06947744,0.00004161,0.00002077,0.00002084,0.00000000,rebalance,"[{""ts_code"": ""00762.HK"", ""side"": ""buy"", ""current_weight"": 0.0, ""target_weight"": 0.05452186876349347, ""post_trade_weight"": 0.05452365553728264, ""diff_weight"": 0.05452186876349347, ""gross_amount"": 0.06923407828026833, ""gross_amount_pct_nav"": 0.05452186876349347, ""fee"": 2.0770223484080498e-05, ""fee_pct_nav"": 1.635656062904804e-05, ""name"": ""中国联通""}, {""ts_code"": ""03968.HK"", ""side"": ""sell"", ""current_weight"": 0.05471351855347397, ""target_weight"": 0.0, ""post_trade_weight"": 0.0, ""diff_weight"": -0.05471351855347397, ""gross_amount"": 0.06947744294958046, ""gross_amount_pct_nav"": 0.05471351855347397, ""fee"": 2.0843232884874136e-05, ""fee_pct_nav"": 1.641405556604219e-05, ""name"": ""招商银行""}]"
2024-07-29,0.00000000,0.00000000,0.00000000,0.00000000,0.00000000,0.00000000,0.00000000,0.00000000,rebalance,
2024-08-05,0.13119580,0.26239159,0.16188962,0.15487740,0.00009503,0.00004857,0.00004646,0.00000000,rebalance,"[{""ts_code"": ""00386.HK"", ""side"": ""buy"", ""current_weight"": 0.0, ""target_weight"": 0.06506395880440045, ""post_trade_weight"": 0.06506908087830278, ""diff_weight"": 0.06506395880440045, ""gross_amount"": 0.07854716794194279, ""gross_amount_pct_nav"": 0.06506395880440045, ""fee"": 2.3564150382582834e-05, ""fee_pct_nav"": 1.9519187641320136e-05, ""name"": ""中国石油化工股份""}, {""ts_code"": ""00700.HK"", ""side"": ""sell"", ""current_weight"": 0.1328692497578856, ""target_weight"": 0.12265900238659146, ""post_trade_weight"": 0.12266865855394668, ""diff_weight"": -0.010210247371294152, ""gross_amount"": 0.01232611771153988, ""gross_amount_pct_nav"": 0.010210247371294152, ""fee"": 3.697835313461964e-06, ""fee_pct_nav"": 3.0630742113882453e-06, ""name"": ""腾讯控股""}, {""ts_code"": ""00728.HK"", ""side"": ""sell"", ""current_weight"": 0.05640613225719171, ""target_weight"": 0.0, ""post_trade_weight"": 0.0, ""diff_weight"": -0.05640613225719171, ""gross_amount"": 0.06809517934007765, ""gross_amount_pct_nav"": 0.05640613225719171, ""fee"": 2.0428553802023295e-05, ""fee_pct_nav"": 1.6921839677157513e-05, ""name"": ""中国电信""}, {""ts_code"": ""00762.HK"", ""side"": ""sell"", ""current_weight"": 0.051630246875507865, ""target_weight"": 0.0, ""post_trade_weight"": 0.0, ""diff_weight"": -0.051630246875507865, ""gross_amount"": 0.06232958686707217, ""gross_amount_pct_nav"": 0.051630246875507865, ""fee"": 1.869887606012165e-05, ""fee_pct_nav"": 1.548907406265236e-05, ""name"": ""中国联通""}, {""ts_code"": ""00857.HK"", ""side"": ""sell"", ""current_weight"": 0.08555378503589077, ""target_weight"": 0.07550887780433328, ""post_trade_weight"": 0.07551482214063716, ""diff_weight"": -0.010044907231557492, ""gross_amount"": 0.012126514122055232, ""gross_amount_pct_nav"": 0.010044907231557492, ""fee"": 3.6379542366165694e-06, ""fee_pct_nav"": 3.0134721694672477e-06, ""name"": ""中国石油股份""}, {""ts_code"": ""00998.HK"", ""side"": ""buy"", ""current_weight"": 0.0, ""target_weight"": 0.0557799649959412, ""post_trade_weight"": 0.055784356199738636, ""diff_weight"": 0.0557799649959412, ""gross_amount"": 0.06733925138959666, ""gross_amount_pct_nav"": 0.0557799649959412, ""fee"": 2.0201775416878997e-05, ""fee_pct_nav"": 1.6733989498782357e-05, ""name"": ""中信银行""}, {""ts_code"": ""01288.HK"", ""side"": ""buy"", ""current_weight"": 0.09230832926739944, ""target_weight"": 0.10556446300537049, ""post_trade_weight"": 0.10557277342777498, ""diff_weight"": 0.013256133737971047, ""gross_amount"": 0.016003203341922137, ""gross_amount_pct_nav"": 0.013256133737971047, ""fee"": 4.800961002576641e-06, ""fee_pct_nav"": 3.976840121391314e-06, ""name"": ""农业银行""}]"
2024-08-12,0.06748167,0.13496335,0.10011643,0.06822920,0.00005050,0.00003003,0.00002047,0.00000000,rebalance,"[{""ts_code"": ""00939.HK"", ""side"": ""buy"", ""current_weight"": 0.07530086600818878, ""target_weight"": 0.08582172951907692, ""post_trade_weight"": 0.08582520449612469, ""diff_weight"": 0.010520863510888143, ""gross_amount"": 0.013123128454760241, ""gross_amount_pct_nav"": 0.010520863510888143, ""fee"": 3.936938536428072e-06, ""fee_pct_nav"": 3.1562590532664424e-06, ""name"": ""建设银行""}, {""ts_code"": ""00998.HK"", ""side"": ""sell"", ""current_weight"": 0.05469961497610737, ""target_weight"": 0.0, ""post_trade_weight"": 0.0, ""diff_weight"": -0.05469961497610737, ""gross_amount"": 0.06822919744320367, ""gross_amount_pct_nav"": 0.05469961497610737, ""fee"": 2.04687592329611e-05, ""fee_pct_nav"": 1.640988449283221e-05, ""name"": ""中信银行""}, {""ts_code"": ""03328.HK"", ""side"": ""buy"", ""current_weight"": 0.0, ""target_weight"": 0.05835291919071151, ""post_trade_weight"": 0.05835528193795507, ""diff_weight"": 0.05835291919071151, ""gross_amount"": 0.07278612192406503, ""gross_amount_pct_nav"": 0.05835291919071151, ""fee"": 2.1835836577219506e-05, ""fee_pct_nav"": 1.750587575721345e-05, ""name"": ""交通银行""}, {""ts_code"": ""03988.HK"", ""side"": ""buy"", ""current_weight"": 0.08019278721056455, ""target_weight"": 0.09158273618499457, ""post_trade_weight"": 0.09158644442890901, ""diff_weight"": 0.011389948974430013, ""gross_amount"": 0.014207176371969846, ""gross_amount_pct_nav"": 0.011389948974430013, ""fee"": 4.262152911590953e-06, ""fee_pct_nav"": 3.4169846923290037e-06, ""name"": ""中国银行""}]"
2024-08-19,0.00575059,0.01150118,0.00000000,0.01483722,0.00000445,0.00000000,0.00000445,0.00000000,rebalance,"[{""ts_code"": ""00883.HK"", ""side"": ""sell"", ""current_weight"": 0.07146180940332908, ""target_weight"": 0.059960624833833166, ""post_trade_weight"": 0.059960831720010925, ""diff_weight"": -0.011501184569495913, ""gross_amount"": 0.01483721914101127, ""gross_amount_pct_nav"": 0.011501184569495913, ""fee"": 4.451165742303381e-06, ""fee_pct_nav"": 3.450355370848774e-06, ""name"": ""中国海洋石油""}]"
2024-08-26,0.00589508,0.01179016,0.00000000,0.01537886,0.00000461,0.00000000,0.00000461,0.00000000,rebalance,"[{""ts_code"": ""01288.HK"", ""side"": ""sell"", ""current_weight"": 0.10457839024885095, ""target_weight"": 0.09278822793230421, ""post_trade_weight"": 0.09278855612994558, ""diff_weight"": -0.01179016231654674, ""gross_amount"": 0.0153788586936804, ""gross_amount_pct_nav"": 0.01179016231654674, ""fee"": 4.61365760810412e-06, ""fee_pct_nav"": 3.5370486949640218e-06, ""name"": ""农业银行""}]"
2024-09-02,0.02072088,0.04144175,0.03944938,0.01363651,0.00001593,0.00001183,0.00000409,0.00000000,rebalance,"[{""ts_code"": ""00386.HK"", ""side"": ""sell"", ""current_weight"": 0.06685826175519795, ""target_weight"": 0.05621285320261273, ""post_trade_weight"": 0.05621355207905085, ""diff_weight"": -0.010645408552585221, ""gross_amount"": 0.013636513387649166, ""gross_amount_pct_nav"": 0.010645408552585221, ""fee"": 4.090954016294749e-06, ""fee_pct_nav"": 3.1936225657755656e-06, ""name"": ""中国石油化工股份""}, {""ts_code"": ""00700.HK"", ""side"": ""buy"", ""current_weight"": 0.12246982010618965, ""target_weight"": 0.14276197592582615, ""post_trade_weight"": 0.1427637508398458, ""diff_weight"": 0.020292155819636497, ""gross_amount"": 0.025993765587468826, ""gross_amount_pct_nav"": 0.020292155819636497, ""fee"": 7.798129676240648e-06, ""fee_pct_nav"": 6.087646745890949e-06, ""name"": ""腾讯控股""}, {""ts_code"": ""00883.HK"", ""side"": ""buy"", ""current_weight"": 0.06214892541369036, ""target_weight"": 0.07265311380201504, ""post_trade_weight"": 0.07265401707495886, ""diff_weight"": 0.010504188388324684, ""gross_amount"": 0.013455613739596, ""gross_amount_pct_nav"": 0.010504188388324684, ""fee"": 4.0366841218788e-06, ""fee_pct_nav"": 3.1512565164974053e-06, ""name"": ""中国海洋石油""}]"
2024-09-09,0.11313946,0.22627893,0.12779676,0.14586328,0.00008210,0.00003834,0.00004376,0.00000000,rebalance,"[{""ts_code"": ""00386.HK"", ""side"": ""sell"", ""current_weight"": 0.05081494264508355, ""target_weight"": 0.0, ""post_trade_weight"": 0.0, ""diff_weight"": -0.05081494264508355, ""gross_amount"": 0.06145521020976354, ""gross_amount_pct_nav"": 0.05081494264508355, ""fee"": 1.843656306292906e-05, ""fee_pct_nav"": 1.5244482793525063e-05, ""name"": ""中国石油化工股份""}, {""ts_code"": ""00788.HK"", ""side"": ""buy"", ""current_weight"": 0.0, ""target_weight"": 0.05361601148358649, ""post_trade_weight"": 0.05361965138275043, ""diff_weight"": 0.05361601148358649, ""gross_amount"": 0.06484280183777202, ""gross_amount_pct_nav"": 0.05361601148358649, ""fee"": 1.9452840551331605e-05, ""fee_pct_nav"": 1.6084803445075943e-05, ""name"": ""中国铁塔""}, {""ts_code"": ""00857.HK"", ""side"": ""sell"", ""current_weight"": 0.0694048180088597, ""target_weight"": 0.054257309260053274, ""post_trade_weight"": 0.05426099269582458, ""diff_weight"": -0.015147508748806422, ""gross_amount"": 0.018319283381149243, ""gross_amount_pct_nav"": 0.015147508748806422, ""fee"": 5.495785014344772e-06, ""fee_pct_nav"": 4.544252624641926e-06, ""name"": ""中国石油股份""}, {""ts_code"": ""01038.HK"", ""side"": ""buy"", ""current_weight"": 0.0, ""target_weight"": 0.05205419552028538, ""post_trade_weight"": 0.052057729390439296, ""diff_weight"": 0.05205419552028538, ""gross_amount"": 0.06295395333499958, ""gross_amount_pct_nav"": 0.05205419552028538, ""fee"": 1.8886186000499872e-05, ""fee_pct_nav"": 1.5616258656085612e-05, ""name"": ""长江基建集团""}, {""ts_code"": ""03328.HK"", ""side"": ""sell"", ""current_weight"": 0.0546462692016289, ""target_weight"": 0.0, ""post_trade_weight"": 0.0, ""diff_weight"": -0.0546462692016289, ""gross_amount"": 0.066088787788691, ""gross_amount_pct_nav"": 0.0546462692016289, ""fee"": 1.9826636336607298e-05, ""fee_pct_nav"": 1.6393880760488668e-05, ""name"": ""交通银行""}]"
2024-09-16,0.11225170,0.22450340,0.13219154,0.14160091,0.00008214,0.00003966,0.00004248,0.00000000,rebalance,"[{""ts_code"": ""00006.HK"", ""side"": ""buy"", ""current_weight"": 0.0, ""target_weight"": 0.053662970460929375, ""post_trade_weight"": 0.05366658496016454, ""diff_weight"": 0.053662970460929375, ""gross_amount"": 0.06544451547441851, ""gross_amount_pct_nav"": 0.053662970460929375, ""fee"": 1.9633354642325553e-05, ""fee_pct_nav"": 1.609889113827881e-05, ""name"": ""电能实业""}, {""ts_code"": ""00788.HK"", ""side"": ""sell"", ""current_weight"": 0.052084485910116024, ""target_weight"": 0.0, ""post_trade_weight"": 0.0, ""diff_weight"": -0.052084485910116024, ""gross_amount"": 0.06351947935128688, ""gross_amount_pct_nav"": 0.052084485910116024, ""fee"": 1.905584380538606e-05, ""fee_pct_nav"": 1.5625345773034805e-05, ""name"": ""中国铁塔""}, {""ts_code"": ""00883.HK"", ""side"": ""sell"", ""current_weight"": 0.0691925991073857, ""target_weight"": 0.05685937518633081, ""post_trade_weight"": 0.05686320498118483, ""diff_weight"": -0.012333223921054898, ""gross_amount"": 0.015040946425777996, ""gross_amount_pct_nav"": 0.012333223921054898, ""fee"": 4.512283927733398e-06, ""fee_pct_nav"": 3.699967176316469e-06, ""name"": ""中国海洋石油""}, {""ts_code"": ""01038.HK"", ""side"": ""sell"", ""current_weight"": 0.05169171862809005, ""target_weight"": 0.0, ""post_trade_weight"": 0.0, ""diff_weight"": -0.05169171862809005, ""gross_amount"": 0.06304048118466267, ""gross_amount_pct_nav"": 0.05169171862809005, ""fee"": 1.89121443553988e-05, ""fee_pct_nav"": 1.5507515588427013e-05, ""name"": ""长江基建集团""}, {""ts_code"": ""01810.HK"", ""side"": ""buy"", ""current_weight"": 0.0, ""target_weight"": 0.054731000966710845, ""post_trade_weight"": 0.05473468740373501, ""diff_weight"": 0.054731000966710845, ""gross_amount"": 0.06674702889032523, ""gross_amount_pct_nav"": 0.054731000966710845, ""fee"": 2.0024108667097568e-05, ""fee_pct_nav"": 1.6419300290013253e-05, ""name"": ""小米集团-W""}]"
2024-09-23,0.06240676,0.12481353,0.09290882,0.06465894,0.00004727,0.00002787,0.00001940,0.00000000,rebalance,"[{""ts_code"": ""00005.HK"", ""side"": ""buy"", ""current_weight"": 0.08177210253439574, ""target_weight"": 0.09304591710563434, ""post_trade_weight"": 0.09304940125280728, ""diff_weight"": 0.011273814571238607, ""gross_amount"": 0.014232349631089505, ""gross_amount_pct_nav"": 0.011273814571238607, ""fee"": 4.269704889326852e-06, ""fee_pct_nav"": 3.382144371371582e-06, ""name"": ""汇丰控股""}, {""ts_code"": ""00006.HK"", ""side"": ""sell"", ""current_weight"": 0.051218028928076434, ""target_weight"": 0.0, ""post_trade_weight"": 0.0, ""diff_weight"": -0.051218028928076434, ""gross_amount"": 0.06465893957306354, ""gross_amount_pct_nav"": 0.051218028928076434, ""fee"": 1.939768187191906e-05, ""fee_pct_nav"": 1.536540867842293e-05, ""name"": ""电能实业""}, {""ts_code"": ""00700.HK"", ""side"": ""buy"", ""current_weight"": 0.1486173995757596, ""target_weight"": 0.16156886603976464, ""post_trade_weight"": 0.1615749160602852, ""diff_weight"": 0.012951466464005041, ""gross_amount"": 0.016350259957380042, ""gross_amount_pct_nav"": 0.012951466464005041, ""fee"": 4.905077987214012e-06, ""fee_pct_nav"": 3.885439939201512e-06, ""name"": ""腾讯控股""}, {""ts_code"": ""02388.HK"", ""side"": ""buy"", ""current_weight"": 0.0, ""target_weight"": 0.049370216544029344, ""post_trade_weight"": 0.0493720652345012, ""diff_weight"": 0.049370216544029344, ""gross_amount"": 0.06232621432410409, ""gross_amount_pct_nav"": 0.049370216544029344, ""fee"": 1.8697864297231224e-05, ""fee_pct_nav"": 1.48110649632088e-05, ""name"": ""中银香港""}]"
2024-09-30,0.12063153,0.24126306,0.15693538,0.16447452,0.00009642,0.00004708,0.00004934,0.00000000,rebalance,"[{""ts_code"": ""00883.HK"", ""side"": ""sell"", ""current_weight"": 0.05487718262374497, ""target_weight"": 0.0, ""post_trade_weight"": 0.0, ""diff_weight"": -0.05487718262374497, ""gross_amount"": 0.07310721341991751, ""gross_amount_pct_nav"": 0.05487718262374497, ""fee"": 2.193216402597525e-05, ""fee_pct_nav"": 1.646315478712349e-05, ""name"": ""中国海洋石油""}, {""ts_code"": ""00941.HK"", ""side"": ""sell"", ""current_weight"": 0.0926905070189848, ""target_weight"": 0.07234404682226817, ""post_trade_weight"": 0.07234928338501788, ""diff_weight"": -0.020346460196716643, ""gross_amount"": 0.027105491514384003, ""gross_amount_pct_nav"": 0.020346460196716643, ""fee"": 8.1316474543152e-06, ""fee_pct_nav"": 6.103938059014993e-06, ""name"": ""中国移动""}, {""ts_code"": ""02388.HK"", ""side"": ""sell"", ""current_weight"": 0.04823747172583442, ""target_weight"": 0.0, ""post_trade_weight"": 0.0, ""diff_weight"": -0.04823747172583442, ""gross_amount"": 0.06426181104224397, ""gross_amount_pct_nav"": 0.04823747172583442, ""fee"": 1.927854331267319e-05, ""fee_pct_nav"": 1.4471241517750324e-05, ""name"": ""中银香港""}, {""ts_code"": ""02628.HK"", ""side"": ""buy"", ""current_weight"": 0.0, ""target_weight"": 0.06398463966376444, ""post_trade_weight"": 0.06398927113788479, ""diff_weight"": 0.06398463966376444, ""gross_amount"": 0.08524013959622122, ""gross_amount_pct_nav"": 0.06398463966376444, ""fee"": 2.5572041878866364e-05, ""fee_pct_nav"": 1.9195391899129334e-05, ""name"": ""中国人寿""}, {""ts_code"": ""03968.HK"", ""side"": ""buy"", ""current_weight"": 0.0, ""target_weight"": 0.053817301193554865, ""post_trade_weight"": 0.053821196713464234, ""diff_weight"": 0.053817301193554865, ""gross_amount"": 0.07169524264787594, ""gross_amount_pct_nav"": 0.053817301193554865, ""fee"": 2.150857279436278e-05, ""fee_pct_nav"": 1.614519035806646e-05, ""name"": ""招商银行""}]"
2024-10-07,0.14287937,0.28575874,0.19408152,0.21914914,0.00012397,0.00005822,0.00006574,0.00000000,rebalance,"[{""ts_code"": ""00005.HK"", ""side"": ""sell"", ""current_weight"": 0.08287811223026272, ""target_weight"": 0.0, ""post_trade_weight"": 0.0, ""diff_weight"": -0.08287811223026272, ""gross_amount"": 0.11984857338835896, ""gross_amount_pct_nav"": 0.08287811223026272, ""fee"": 3.595457201650768e-05, ""fee_pct_nav"": 2.4863433669078813e-05, ""name"": ""汇丰控股""}, {""ts_code"": ""00857.HK"", ""side"": ""sell"", ""current_weight"": 0.05487472958896021, ""target_weight"": 0.0, ""post_trade_weight"": 0.0, ""diff_weight"": -0.05487472958896021, ""gross_amount"": 0.07935337665554841, ""gross_amount_pct_nav"": 0.05487472958896021, ""fee"": 2.380601299666452e-05, ""fee_pct_nav"": 1.646241887668806e-05, ""name"": ""中国石油股份""}, {""ts_code"": ""00883.HK"", ""side"": ""buy"", ""current_weight"": 0.0, ""target_weight"": 0.05510177182550129, ""post_trade_weight"": 0.05510649597430627, ""diff_weight"": 0.05510177182550129, ""gross_amount"": 0.07968169842128495, ""gross_amount_pct_nav"": 0.05510177182550129, ""fee"": 2.3904509526385483e-05, ""fee_pct_nav"": 1.6530531547650387e-05, ""name"": ""中国海洋石油""}, {""ts_code"": ""01288.HK"", ""side"": ""sell"", ""current_weight"": 0.08828197686571078, ""target_weight"": 0.0744880246238855, ""post_trade_weight"": 0.07449441085251035, ""diff_weight"": -0.013793952241825285, ""gross_amount"": 0.019947190555895167, ""gross_amount_pct_nav"": 0.013793952241825285, ""fee"": 5.9841571667685495e-06, ""fee_pct_nav"": 4.138185672547585e-06, ""name"": ""农业银行""}, {""ts_code"": ""03690.HK"", ""side"": ""buy"", ""current_weight"": 0.0, ""target_weight"": 0.07911017098921214, ""post_trade_weight"": 0.0791169534974212, ""diff_weight"": 0.07911017098921214, ""gross_amount"": 0.11439982015063523, ""gross_amount_pct_nav"": 0.07911017098921214, ""fee"": 3.4319946045190565e-05, ""fee_pct_nav"": 2.373305129676364e-05, ""name"": ""美团-W""}]"
2024-10-14,0.12247706,0.24495412,0.16240966,0.16791827,0.00009910,0.00004872,0.00005038,0.00000000,rebalance,"[{""ts_code"": ""00883.HK"", ""side"": ""sell"", ""current_weight"": 0.053996360722597406, ""target_weight"": 0.0, ""post_trade_weight"": 0.0, ""diff_weight"": -0.053996360722597406, ""gross_amount"": 0.07281570173192252, ""gross_amount_pct_nav"": 0.053996360722597406, ""fee"": 2.1844710519576754e-05, ""fee_pct_nav"": 1.619890821677922e-05, ""name"": ""中国海洋石油""}, {""ts_code"": ""00939.HK"", ""side"": ""buy"", ""current_weight"": 0.08796397354671097, ""target_weight"": 0.1009096079547293, ""post_trade_weight"": 0.10091702396698712, ""diff_weight"": 0.012945634408018318, ""gross_amount"": 0.017457573828494694, ""gross_amount_pct_nav"": 0.012945634408018318, ""fee"": 5.237272148548407e-06, ""fee_pct_nav"": 3.883690322405495e-06, ""name"": ""建设银行""}, {""ts_code"": ""00998.HK"", ""side"": ""buy"", ""current_weight"": 0.0, ""target_weight"": 0.05315886875067123, ""post_trade_weight"": 0.05316277548294636, ""diff_weight"": 0.05315886875067123, ""gross_amount"": 0.07168631884732499, ""gross_amount_pct_nav"": 0.05315886875067123, ""fee"": 2.1505895654197494e-05, ""fee_pct_nav"": 1.5947660625201368e-05, ""name"": ""中信银行""}, {""ts_code"": ""01919.HK"", ""side"": ""buy"", ""current_weight"": 0.0, ""target_weight"": 0.05433010458301085, ""post_trade_weight"": 0.05433409739132438, ""diff_weight"": 0.05433010458301085, ""gross_amount"": 0.07326576527453005, ""gross_amount_pct_nav"": 0.05433010458301085, ""fee"": 2.1979729582359012e-05, ""fee_pct_nav"": 1.6299031374903256e-05, ""name"": ""中远海控""}, {""ts_code"": ""02628.HK"", ""side"": ""sell"", ""current_weight"": 0.06636611901916495, ""target_weight"": 0.05204254047143883, ""post_trade_weight"": 0.05204636516292151, ""diff_weight"": -0.014323578547726118, ""gross_amount"": 0.019315772568881714, ""gross_amount_pct_nav"": 0.014323578547726118, ""fee"": 5.794731770664514e-06, ""fee_pct_nav"": 4.297073564317835e-06, ""name"": ""中国人寿""}, {""ts_code"": ""03968.HK"", ""side"": ""sell"", ""current_weight"": 0.05619957358835972, ""target_weight"": 0.0, ""post_trade_weight"": 0.0, ""diff_weight"": -0.05619957358835972, ""gross_amount"": 0.0757867999455498, ""gross_amount_pct_nav"": 0.05619957358835972, ""fee"": 2.2736039983664936e-05, ""fee_pct_nav"": 1.6859872076507913e-05, ""name"": ""招商银行""}]"
2024-10-21,0.12725937,0.25451875,0.18172233,0.15607549,0.00010134,0.00005452,0.00004682,0.00000000,rebalance,"[{""ts_code"": ""00005.HK"", ""side"": ""buy"", ""current_weight"": 0.0, ""target_weight"": 0.05955190388153038, ""post_trade_weight"": 0.059556451351545095, ""diff_weight"": 0.05955190388153038, ""gross_amount"": 0.07903741165948411, ""gross_amount_pct_nav"": 0.05955190388153038, ""fee"": 2.371122349784523e-05, ""fee_pct_nav"": 1.7865571164459112e-05, ""name"": ""汇丰控股""}, {""ts_code"": ""01288.HK"", ""side"": ""buy"", ""current_weight"": 0.08326812450361232, ""target_weight"": 0.10335914068210218, ""post_trade_weight"": 0.10336703333644845, ""diff_weight"": 0.02009101617848986, ""gross_amount"": 0.026664838785265904, ""gross_amount_pct_nav"": 0.02009101617848986, ""fee"": 7.99945163557977e-06, ""fee_pct_nav"": 6.0273048535469576e-06, ""name"": ""农业银行""}, {""ts_code"": ""01919.HK"", ""side"": ""sell"", ""current_weight"": 0.054180890803111365, ""target_weight"": 0.0, ""post_trade_weight"": 0.0, ""diff_weight"": -0.054180890803111365, ""gross_amount"": 0.07190899184352025, ""gross_amount_pct_nav"": 0.054180890803111365, ""fee"": 2.157269755305607e-05, ""fee_pct_nav"": 1.6254267240933407e-05, ""name"": ""中远海控""}, {""ts_code"": ""02628.HK"", ""side"": ""sell"", ""current_weight"": 0.053136792832219136, ""target_weight"": 0.0, ""post_trade_weight"": 0.0, ""diff_weight"": -0.053136792832219136, ""gross_amount"": 0.07052326282799778, ""gross_amount_pct_nav"": 0.053136792832219136, ""fee"": 2.1156978848399334e-05, ""fee_pct_nav"": 1.594103784966574e-05, ""name"": ""中国人寿""}, {""ts_code"": ""03328.HK"", ""side"": ""buy"", ""current_weight"": 0.0, ""target_weight"": 0.05727845003720791, ""post_trade_weight"": 0.05728282390297973, ""diff_weight"": 0.05727845003720791, ""gross_amount"": 0.07602007895186802, ""gross_amount_pct_nav"": 0.05727845003720791, ""fee"": 2.2806023685560405e-05, ""fee_pct_nav"": 1.7183535011162374e-05, ""name"": ""交通银行""}, {""ts_code"": ""03690.HK"", ""side"": ""sell"", ""current_weight"": 0.07325871148174225, ""target_weight"": 0.0629790180689855, ""post_trade_weight"": 0.06298382723842524, ""diff_weight"": -0.010279693412756745, ""gross_amount"": 0.013643230644878296, ""gross_amount_pct_nav"": 0.010279693412756745, ""fee"": 4.092969193463489e-06, ""fee_pct_nav"": 3.0839080238270237e-06, ""name"": ""美团-W""}]"
2024-10-28,0.11522228,0.23044456,0.14654001,0.15993070,0.00009194,0.00004396,0.00004798,0.00000000,rebalance,"[{""ts_code"": ""00998.HK"", ""side"": ""sell"", ""current_weight"": 0.0521374918854636, ""target_weight"": 0.0, ""post_trade_weight"": 0.0, ""diff_weight"": -0.0521374918854636, ""gross_amount"": 0.06933821206427195, ""gross_amount_pct_nav"": 0.0521374918854636, ""fee"": 2.0801463619281583e-05, ""fee_pct_nav"": 1.564124756563908e-05, ""name"": ""中信银行""}, {""ts_code"": ""01088.HK"", ""side"": ""sell"", ""current_weight"": 0.06617615351213973, ""target_weight"": 0.0549403380239402, ""post_trade_weight"": 0.05494413649716208, ""diff_weight"": -0.011235815488199529, ""gross_amount"": 0.014942632045808521, ""gross_amount_pct_nav"": 0.011235815488199529, ""fee"": 4.482789613742556e-06, ""fee_pct_nav"": 3.370744646459858e-06, ""name"": ""中国神华""}, {""ts_code"": ""01919.HK"", ""side"": ""buy"", ""current_weight"": 0.0, ""target_weight"": 0.05255337812809962, ""post_trade_weight"": 0.05255701157133493, ""diff_weight"": 0.05255337812809962, ""gross_amount"": 0.06989130365812649, ""gross_amount_pct_nav"": 0.05255337812809962, ""fee"": 2.0967391097437944e-05, ""fee_pct_nav"": 1.5766013438429885e-05, ""name"": ""中远海控""}, {""ts_code"": ""02628.HK"", ""side"": ""buy"", ""current_weight"": 0.0, ""target_weight"": 0.05763447165619812, ""post_trade_weight"": 0.057638456396829824, ""diff_weight"": 0.05763447165619812, ""gross_amount"": 0.07664870467280634, ""gross_amount_pct_nav"": 0.05763447165619812, ""fee"": 2.29946114018419e-05, ""fee_pct_nav"": 1.7290341496859435e-05, ""name"": ""中国人寿""}, {""ts_code"": ""03328.HK"", ""side"": ""sell"", ""current_weight"": 0.05688340369022708, ""target_weight"": 0.0, ""post_trade_weight"": 0.0, ""diff_weight"": -0.05688340369022708, ""gross_amount"": 0.07564985129463489, ""gross_amount_pct_nav"": 0.05688340369022708, ""fee"": 2.2694955388390463e-05, ""fee_pct_nav"": 1.7065021107068123e-05, ""name"": ""交通银行""}]"
2024-11-04,0.02192466,0.04384931,0.03845475,0.02066149,0.00001773,0.00001154,0.00000620,0.00000000,rebalance,"[{""ts_code"": ""00005.HK"", ""side"": ""buy"", ""current_weight"": 0.06157848010539248, ""target_weight"": 0.07960286201749542, ""post_trade_weight"": 0.0796039091904596, ""diff_weight"": 0.018024381912102937, ""gross_amount"": 0.024299892468531314, ""gross_amount_pct_nav"": 0.018024381912102937, ""fee"": 7.289967740559394e-06, ""fee_pct_nav"": 5.407314573630881e-06, ""name"": ""汇丰控股""}, {""ts_code"": ""00700.HK"", ""side"": ""sell"", ""current_weight"": 0.16354967194739492, ""target_weight"": 0.14822406903573168, ""post_trade_weight"": 0.14822601891835904, ""diff_weight"": -0.015325602911663247, ""gross_amount"": 0.02066148534717646, ""gross_amount_pct_nav"": 0.015325602911663247, ""fee"": 6.198445604152938e-06, ""fee_pct_nav"": 4.597680873498974e-06, ""name"": ""腾讯控股""}, {""ts_code"": ""01088.HK"", ""side"": ""buy"", ""current_weight"": 0.0537989938931029, ""target_weight"": 0.06429831977280775, ""post_trade_weight"": 0.06429916561503507, ""diff_weight"": 0.01049932587970486, ""gross_amount"": 0.014154853748276422, ""gross_amount_pct_nav"": 0.01049932587970486, ""fee"": 4.246456124482926e-06, ""fee_pct_nav"": 3.1497977639114574e-06, ""name"": ""中国神华""}]"
2024-11-11,0.06392547,0.12785094,0.08579334,0.08522504,0.00005131,0.00002574,0.00002557,0.00000000,rebalance,"[{""ts_code"": ""01088.HK"", ""side"": ""sell"", ""current_weight"": 0.06279425056326261, ""target_weight"": 0.05222108140706188, ""post_trade_weight"": 0.052223084438130944, ""diff_weight"": -0.010573169156200726, ""gross_amount"": 0.014143082167955026, ""gross_amount_pct_nav"": 0.010573169156200726, ""fee"": 4.242924650386508e-06, ""fee_pct_nav"": 3.171950746860218e-06, ""name"": ""中国神华""}, {""ts_code"": ""01378.HK"", ""side"": ""buy"", ""current_weight"": 0.0, ""target_weight"": 0.05153214721702153, ""post_trade_weight"": 0.051534123822812715, ""diff_weight"": 0.05153214721702153, ""gross_amount"": 0.06893140378389441, ""gross_amount_pct_nav"": 0.05153214721702153, ""fee"": 2.067942113516832e-05, ""fee_pct_nav"": 1.5459644165106458e-05, ""name"": ""中国宏桥""}, {""ts_code"": ""01919.HK"", ""side"": ""sell"", ""current_weight"": 0.05313986992595412, ""target_weight"": 0.0, ""post_trade_weight"": 0.0, ""diff_weight"": -0.05313986992595412, ""gross_amount"": 0.07108195619063291, ""gross_amount_pct_nav"": 0.05313986992595412, ""fee"": 2.1324586857189873e-05, ""fee_pct_nav"": 1.5941960977786233e-05, ""name"": ""中远海控""}, {""ts_code"": ""02628.HK"", ""side"": ""buy"", ""current_weight"": 0.05828344447707006, ""target_weight"": 0.07088919425412171, ""post_trade_weight"": 0.07089191333336568, ""diff_weight"": 0.012605749777051648, ""gross_amount"": 0.016861941036946895, ""gross_amount_pct_nav"": 0.012605749777051648, ""fee"": 5.058582311084068e-06, ""fee_pct_nav"": 3.781724933115494e-06, ""name"": ""中国人寿""}]"
2024-11-18,0.04818455,0.09636910,0.06795863,0.05854590,0.00003795,0.00002039,0.00001756,0.00000000,rebalance,"[{""ts_code"": ""01038.HK"", ""side"": ""buy"", ""current_weight"": 0.0, ""target_weight"": 0.051769785337772316, ""post_trade_weight"": 0.05177128208339414, ""diff_weight"": 0.051769785337772316, ""gross_amount"": 0.06795863201278782, ""gross_amount_pct_nav"": 0.051769785337772316, ""fee"": 2.0387589603836345e-05, ""fee_pct_nav"": 1.5530935601331694e-05, ""name"": ""长江基建集团""}, {""ts_code"": ""01378.HK"", ""side"": ""sell"", ""current_weight"": 0.04459931876737928, ""target_weight"": 0.0, ""post_trade_weight"": 0.0, ""diff_weight"": -0.04459931876737928, ""gross_amount"": 0.05854590032309707, ""gross_amount_pct_nav"": 0.04459931876737928, ""fee"": 1.7563770096929118e-05, ""fee_pct_nav"": 1.3379795630213782e-05, ""name"": ""中国宏桥""}]"
2024-11-25,0.06156738,0.12313477,0.07645730,0.08119672,0.00004730,0.00002294,0.00002436,0.00000000,rebalance,"[{""ts_code"": ""02628.HK"", ""side"": ""sell"", ""current_weight"": 0.06341823200604292, ""target_weight"": 0.0, ""post_trade_weight"": 0.0, ""diff_weight"": -0.06341823200604292, ""gross_amount"": 0.08119672085671877, ""gross_amount_pct_nav"": 0.06341823200604292, ""fee"": 2.4359016257015626e-05, ""fee_pct_nav"": 1.902546960181287e-05, ""name"": ""中国人寿""}, {""ts_code"": ""09992.HK"", ""side"": ""buy"", ""current_weight"": 0.0, ""target_weight"": 0.05971653552190973, ""post_trade_weight"": 0.05971874155791737, ""diff_weight"": 0.05971653552190973, ""gross_amount"": 0.07645730118810014, ""gross_amount_pct_nav"": 0.05971653552190973, ""fee"": 2.293719035643004e-05, ""fee_pct_nav"": 1.7914960656572918e-05, ""name"": ""泡泡玛特""}]"
2024-12-02,0.08683232,0.17366463,0.09656247,0.12882119,0.00006762,0.00002897,0.00003865,0.00000000,rebalance,"[{""ts_code"": ""00700.HK"", ""side"": ""sell"", ""current_weight"": 0.14691983130752873, ""target_weight"": 0.12162626471259505, ""post_trade_weight"": 0.12163260169689054, ""diff_weight"": -0.025293566594933693, ""gross_amount"": 0.03282623850449598, ""gross_amount_pct_nav"": 0.025293566594933693, ""fee"": 9.847871551348794e-06, ""fee_pct_nav"": 7.588069978480108e-06, ""name"": ""腾讯控股""}, {""ts_code"": ""00998.HK"", ""side"": ""buy"", ""current_weight"": 0.0, ""target_weight"": 0.05348160840922224, ""post_trade_weight"": 0.05348439491354668, ""diff_weight"": 0.05348160840922224, ""gross_amount"": 0.06940895530315737, ""gross_amount_pct_nav"": 0.05348160840922224, ""fee"": 2.0822686590947208e-05, ""fee_pct_nav"": 1.6044482522766668e-05, ""name"": ""中信银行""}, {""ts_code"": ""01088.HK"", ""side"": ""sell"", ""current_weight"": 0.05259299308880751, ""target_weight"": 0.0, ""post_trade_weight"": 0.0, ""diff_weight"": -0.05259299308880751, ""gross_amount"": 0.06825570163538378, ""gross_amount_pct_nav"": 0.05259299308880751, ""fee"": 2.047671049061513e-05, ""fee_pct_nav"": 1.5777897926642252e-05, ""name"": ""中国神华""}, {""ts_code"": ""01288.HK"", ""side"": ""sell"", ""current_weight"": 0.10623516874822683, ""target_weight"": 0.0952170211204202, ""post_trade_weight"": 0.095221982127559, ""diff_weight"": -0.011018147627806627, ""gross_amount"": 0.014299459925931221, ""gross_amount_pct_nav"": 0.011018147627806627, ""fee"": 4.289837977779366e-06, ""fee_pct_nav"": 3.305444288341988e-06, ""name"": ""农业银行""}, {""ts_code"": ""03690.HK"", ""side"": ""buy"", ""current_weight"": 0.05950030012754165, ""target_weight"": 0.08042286887038287, ""post_trade_weight"": 0.08042705907106226, ""diff_weight"": 0.020922568742841225, ""gross_amount"": 0.027153514673442167, ""gross_amount_pct_nav"": 0.020922568742841225, ""fee"": 8.146054402032649e-06, ""fee_pct_nav"": 6.276770622852367e-06, ""name"": ""美团-W""}, {""ts_code"": ""03988.HK"", ""side"": ""sell"", ""current_weight"": 0.0942347378528584, ""target_weight"": 0.0838789905459357, ""post_trade_weight"": 0.08388336081782613, ""diff_weight"": -0.010355747306922703, ""gross_amount"": 0.01343979030056705, ""gross_amount_pct_nav"": 0.010355747306922703, ""fee"": 4.031937090170115e-06, ""fee_pct_nav"": 3.1067241920768106e-06, ""name"": ""中国银行""}]"
2024-12-09,0.06156962,0.12313925,0.08239915,0.08439643,0.00005004,0.00002472,0.00002532,0.00000000,rebalance,"[{""ts_code"": ""00700.HK"", ""side"": ""buy"", ""current_weight"": 0.1220714891067747, ""target_weight"": 0.13419841516386619, ""post_trade_weight"": 0.13420337287461154, ""diff_weight"": 0.012126926057091477, ""gross_amount"": 0.01642626358668428, ""gross_amount_pct_nav"": 0.012126926057091477, ""fee"": 4.9278790760052836e-06, ""fee_pct_nav"": 3.6380778171274427e-06, ""name"": ""腾讯控股""}, {""ts_code"": ""01038.HK"", ""side"": ""sell"", ""current_weight"": 0.05078100000716701, ""target_weight"": 0.0, ""post_trade_weight"": 0.0, ""diff_weight"": -0.05078100000716701, ""gross_amount"": 0.0687842976353731, ""gross_amount_pct_nav"": 0.05078100000716701, ""fee"": 2.0635289290611927e-05, ""fee_pct_nav"": 1.5234300002150102e-05, ""name"": ""长江基建集团""}, {""ts_code"": ""01088.HK"", ""side"": ""buy"", ""current_weight"": 0.0, ""target_weight"": 0.04870543716848154, ""post_trade_weight"": 0.04870723650023156, ""diff_weight"": 0.04870543716848154, ""gross_amount"": 0.06597288919448158, ""gross_amount_pct_nav"": 0.04870543716848154, ""fee"": 1.979186675834447e-05, ""fee_pct_nav"": 1.4611631150544459e-05, ""name"": ""中国神华""}, {""ts_code"": ""03690.HK"", ""side"": ""sell"", ""current_weight"": 0.07903462422936855, ""target_weight"": 0.06750873894308058, ""post_trade_weight"": 0.06751123292782737, ""diff_weight"": -0.011525885286287962, ""gross_amount"": 0.015612136900244308, ""gross_amount_pct_nav"": 0.011525885286287962, ""fee"": 4.683641070073292e-06, ""fee_pct_nav"": 3.457765585886388e-06, ""name"": ""美团-W""}]"
2024-12-16,0.05319296,0.10638592,0.06339192,0.07930995,0.00004281,0.00001902,0.00002379,0.00000000,rebalance,"[{""ts_code"": ""01088.HK"", ""side"": ""sell"", ""current_weight"": 0.04833066958930484, ""target_weight"": 0.0, ""post_trade_weight"": 0.0, ""diff_weight"": -0.04833066958930484, ""gross_amount"": 0.0648288506535368, ""gross_amount_pct_nav"": 0.04833066958930484, ""fee"": 1.944865519606104e-05, ""fee_pct_nav"": 1.4499200876791451e-05, ""name"": ""中国神华""}, {""ts_code"": ""02328.HK"", ""side"": ""buy"", ""current_weight"": 0.0, ""target_weight"": 0.04725942142004675, ""post_trade_weight"": 0.04726092978928725, ""diff_weight"": 0.04725942142004675, ""gross_amount"": 0.06339192068406095, ""gross_amount_pct_nav"": 0.04725942142004675, ""fee"": 1.9017576205218285e-05, ""fee_pct_nav"": 1.4177826426014026e-05, ""name"": ""中国财险""}, {""ts_code"": ""09992.HK"", ""side"": ""sell"", ""current_weight"": 0.061906869759650755, ""target_weight"": 0.05111104134796369, ""post_trade_weight"": 0.05111267264856582, ""diff_weight"": -0.010795828411687068, ""gross_amount"": 0.014481097690758005, ""gross_amount_pct_nav"": 0.010795828411687068, ""fee"": 4.344329307227401e-06, ""fee_pct_nav"": 3.2387485235061203e-06, ""name"": ""泡泡玛特""}]"
2024-12-23,0.10153419,0.20306838,0.14883885,0.12823634,0.00008312,0.00004465,0.00003847,0.00000000,rebalance,"[{""ts_code"": ""00728.HK"", ""side"": ""buy"", ""current_weight"": 0.0, ""target_weight"": 0.05391410719039248, ""post_trade_weight"": 0.05391739186554937, ""diff_weight"": 0.05391410719039248, ""gross_amount"": 0.07356271810285064, ""gross_amount_pct_nav"": 0.05391410719039248, ""fee"": 2.206881543085519e-05, ""fee_pct_nav"": 1.617423215711774e-05, ""name"": ""中国电信""}, {""ts_code"": ""02328.HK"", ""side"": ""sell"", ""current_weight"": 0.04708776789899098, ""target_weight"": 0.0, ""post_trade_weight"": 0.0, ""diff_weight"": -0.04708776789899098, ""gross_amount"": 0.0642485682608726, ""gross_amount_pct_nav"": 0.04708776789899098, ""fee"": 1.9274570478261776e-05, ""fee_pct_nav"": 1.4126330369697292e-05, ""name"": ""中国财险""}, {""ts_code"": ""03968.HK"", ""side"": ""buy"", ""current_weight"": 0.0, ""target_weight"": 0.05516986732174485, ""post_trade_weight"": 0.05517322850311358, ""diff_weight"": 0.05516986732174485, ""gross_amount"": 0.07527613103615309, ""gross_amount_pct_nav"": 0.05516986732174485, ""fee"": 2.2582839310845926e-05, ""fee_pct_nav"": 1.6550960196523453e-05, ""name"": ""招商银行""}, {""ts_code"": ""09992.HK"", ""side"": ""sell"", ""current_weight"": 0.04689663331690445, ""target_weight"": 0.0, ""post_trade_weight"": 0.0, ""diff_weight"": -0.04689663331690445, ""gross_amount"": 0.06398777604684065, ""gross_amount_pct_nav"": 0.04689663331690445, ""fee"": 1.9196332814052193e-05, ""fee_pct_nav"": 1.4068989995071332e-05, ""name"": ""泡泡玛特""}]"
2024-12-30,0.06910652,0.13821303,0.09604300,0.09574974,0.00005754,0.00002881,0.00002872,0.00000000,rebalance,"[{""ts_code"": ""01398.HK"", ""side"": ""buy"", ""current_weight"": 0.10720435765281869, ""target_weight"": 0.11743757938306028, ""post_trade_weight"": 0.1174424490061571, ""diff_weight"": 0.010233221730241588, ""gross_amount"": 0.014200235511355241, ""gross_amount_pct_nav"": 0.010233221730241588, ""fee"": 4.260070653406572e-06, ""fee_pct_nav"": 3.069966519072476e-06, ""name"": ""工商银行""}, {""ts_code"": ""01810.HK"", ""side"": ""sell"", ""current_weight"": 0.08612573365215384, ""target_weight"": 0.07576812368937583, ""post_trade_weight"": 0.07577126546228241, ""diff_weight"": -0.010357609962778005, ""gross_amount"": 0.014372844123131764, ""gross_amount_pct_nav"": 0.010357609962778005, ""fee"": 4.311853236939529e-06, ""fee_pct_nav"": 3.1072829888334016e-06, ""name"": ""小米集团-W""}, {""ts_code"": ""03328.HK"", ""side"": ""buy"", ""current_weight"": 0.0, ""target_weight"": 0.05897896148553068, ""post_trade_weight"": 0.058981407085266176, ""diff_weight"": 0.05897896148553068, ""gross_amount"": 0.08184276324577534, ""gross_amount_pct_nav"": 0.05897896148553068, ""fee"": 2.45528289737326e-05, ""fee_pct_nav"": 1.7693688445659203e-05, ""name"": ""交通银行""}, {""ts_code"": ""03690.HK"", ""side"": ""sell"", ""current_weight"": 0.05864323904946507, ""target_weight"": 0.0, ""post_trade_weight"": 0.0, ""diff_weight"": -0.05864323904946507, ""gross_amount"": 0.08137689455024137, ""gross_amount_pct_nav"": 0.05864323904946507, ""fee"": 2.441306836507241e-05, ""fee_pct_nav"": 1.759297171483952e-05, ""name"": ""美团-W""}]"
2025-01-06,0.06101679,0.12203358,0.09497534,0.07219764,0.00005015,0.00002849,0.00002166,0.00000000,rebalance,"[{""ts_code"": ""00700.HK"", ""side"": ""buy"", ""current_weight"": 0.12971490998803883, ""target_weight"": 0.14697749695759066, ""post_trade_weight"": 0.14698287801178841, ""diff_weight"": 0.01726258696955183, ""gross_amount"": 0.0236479006034426, ""gross_amount_pct_nav"": 0.01726258696955183, ""fee"": 7.09437018103278e-06, ""fee_pct_nav"": 5.178776090865549e-06, ""name"": ""腾讯控股""}, {""ts_code"": ""00728.HK"", ""side"": ""sell"", ""current_weight"": 0.052703113229838436, ""target_weight"": 0.0, ""post_trade_weight"": 0.0, ""diff_weight"": -0.052703113229838436, ""gross_amount"": 0.07219763673599362, ""gross_amount_pct_nav"": 0.052703113229838436, ""fee"": 2.1659291020798084e-05, ""fee_pct_nav"": 1.5810933968951527e-05, ""name"": ""中国电信""}, {""ts_code"": ""00883.HK"", ""side"": ""buy"", ""current_weight"": 0.0, ""target_weight"": 0.05206788336170002, ""post_trade_weight"": 0.05206978964060756, ""diff_weight"": 0.05206788336170002, ""gross_amount"": 0.07132743965553454, ""gross_amount_pct_nav"": 0.05206788336170002, ""fee"": 2.139823189666036e-05, ""fee_pct_nav"": 1.5620365008510006e-05, ""name"": ""中国海洋石油""}]"
2025-01-13,0.08327739,0.16655479,0.10878466,0.11165199,0.00006613,0.00003264,0.00003350,0.00000000,rebalance,"[{""ts_code"": ""00005.HK"", ""side"": ""buy"", ""current_weight"": 0.0857963020309492, ""target_weight"": 0.09652455283441803, ""post_trade_weight"": 0.09652937606326648, ""diff_weight"": 0.010728250803468821, ""gross_amount"": 0.014198929932508084, ""gross_amount_pct_nav"": 0.010728250803468821, ""fee"": 4.259678979752425e-06, ""fee_pct_nav"": 3.2184752410406458e-06, ""name"": ""汇丰控股""}, {""ts_code"": ""00700.HK"", ""side"": ""sell"", ""current_weight"": 0.13600162814503608, ""target_weight"": 0.11058009644963152, ""post_trade_weight"": 0.1105856220189877, ""diff_weight"": -0.02542153169540456, ""gross_amount"": 0.03364561044782549, ""gross_amount_pct_nav"": 0.02542153169540456, ""fee"": 1.0093683134347647e-05, ""fee_pct_nav"": 7.626459508621367e-06, ""name"": ""腾讯控股""}, {""ts_code"": ""01658.HK"", ""side"": ""buy"", ""current_weight"": 0.0, ""target_weight"": 0.05568474449541087, ""post_trade_weight"": 0.055687527002640194, ""diff_weight"": 0.05568474449541087, ""gross_amount"": 0.07369922645211695, ""gross_amount_pct_nav"": 0.05568474449541087, ""fee"": 2.2109767935635083e-05, ""fee_pct_nav"": 1.670542334862326e-05, ""name"": ""邮储银行""}, {""ts_code"": ""03328.HK"", ""side"": ""sell"", ""current_weight"": 0.05893909278959736, ""target_weight"": 0.0, ""post_trade_weight"": 0.0, ""diff_weight"": -0.05893909278959736, ""gross_amount"": 0.07800638371862961, ""gross_amount_pct_nav"": 0.05893909278959736, ""fee"": 2.3401915115588882e-05, ""fee_pct_nav"": 1.7681727836879205e-05, ""name"": ""交通银行""}, {""ts_code"": ""03968.HK"", ""side"": ""buy"", ""current_weight"": 0.05563976325637901, ""target_weight"": 0.0714209286631378, ""post_trade_weight"": 0.07142449749068888, ""diff_weight"": 0.015781165406758797, ""gross_amount"": 0.02088650479642376, ""gross_amount_pct_nav"": 0.015781165406758797, ""fee"": 6.265951438927128e-06, ""fee_pct_nav"": 4.734349622027638e-06, ""name"": ""招商银行""}]"
2025-01-20,0.00549983,0.01099966,0.01508212,0.00000000,0.00000452,0.00000452,0.00000000,0.00000000,rebalance,"[{""ts_code"": ""00883.HK"", ""side"": ""buy"", ""current_weight"": 0.05185730662694631, ""target_weight"": 0.06285696498666013, ""post_trade_weight"": 0.06285717240888672, ""diff_weight"": 0.010999658359713817, ""gross_amount"": 0.015082117222467578, ""gross_amount_pct_nav"": 0.010999658359713817, ""fee"": 4.524635166740273e-06, ""fee_pct_nav"": 3.2998975079141445e-06, ""name"": ""中国海洋石油""}]"
2025-01-27,0.05747618,0.11495235,0.07885338,0.08437913,0.00004897,0.00002366,0.00002531,0.00000000,rebalance,"[{""ts_code"": ""00883.HK"", ""side"": ""sell"", ""current_weight"": 0.059421860366311884, ""target_weight"": 0.0, ""post_trade_weight"": 0.0, ""diff_weight"": -0.059421860366311884, ""gross_amount"": 0.0843791263478472, ""gross_amount_pct_nav"": 0.059421860366311884, ""fee"": 2.5313737904354156e-05, ""fee_pct_nav"": 1.7826558109893565e-05, ""name"": ""中国海洋石油""}, {""ts_code"": ""02328.HK"", ""side"": ""buy"", ""current_weight"": 0.0, ""target_weight"": 0.05553049293563615, ""post_trade_weight"": 0.055532408009931734, ""diff_weight"": 0.05553049293563615, ""gross_amount"": 0.07885337905426301, ""gross_amount_pct_nav"": 0.05553049293563615, ""fee"": 2.36560137162789e-05, ""fee_pct_nav"": 1.6659147880690845e-05, ""name"": ""中国财险""}]"
2025-02-03,0.13466245,0.26932491,0.18670737,0.19298661,0.00011391,0.00005601,0.00005790,0.00000000,rebalance,"[{""ts_code"": ""00005.HK"", ""side"": ""sell"", ""current_weight"": 0.0961521731166208, ""target_weight"": 0.08546646259961914, ""post_trade_weight"": 0.08547336863168943, ""diff_weight"": -0.010685710517001668, ""gross_amount"": 0.015064703912717844, ""gross_amount_pct_nav"": 0.010685710517001668, ""fee"": 4.519411173815353e-06, ""fee_pct_nav"": 3.2057131551005005e-06, ""name"": ""汇丰控股""}, {""ts_code"": ""00700.HK"", ""side"": ""buy"", ""current_weight"": 0.1146467349314277, ""target_weight"": 0.13114214200631732, ""post_trade_weight"": 0.13115273881600048, ""diff_weight"": 0.01649540707488963, ""gross_amount"": 0.023255208262247612, ""gross_amount_pct_nav"": 0.01649540707488963, ""fee"": 6.976562478674283e-06, ""fee_pct_nav"": 4.948622122466888e-06, ""name"": ""腾讯控股""}, {""ts_code"": ""00981.HK"", ""side"": ""buy"", ""current_weight"": 0.0, ""target_weight"": 0.05715008486990132, ""post_trade_weight"": 0.057154702825376796, ""diff_weight"": 0.05715008486990132, ""gross_amount"": 0.0805701320264977, ""gross_amount_pct_nav"": 0.05715008486990132, ""fee"": 2.4171039607949305e-05, ""fee_pct_nav"": 1.7145025460970395e-05, ""name"": ""中芯国际""}, {""ts_code"": ""01398.HK"", ""side"": ""sell"", ""current_weight"": 0.12162033601241519, ""target_weight"": 0.10498491547292636, ""post_trade_weight"": 0.10499339867406865, ""diff_weight"": -0.016635420539488834, ""gross_amount"": 0.02345259910346728, ""gross_amount_pct_nav"": 0.016635420539488834, ""fee"": 7.035779731040184e-06, ""fee_pct_nav"": 4.99062616184665e-06, ""name"": ""工商银行""}, {""ts_code"": ""01658.HK"", ""side"": ""sell"", ""current_weight"": 0.05381047805238107, ""target_weight"": 0.0, ""post_trade_weight"": 0.0, ""diff_weight"": -0.05381047805238107, ""gross_amount"": 0.07586195770240481, ""gross_amount_pct_nav"": 0.05381047805238107, ""fee"": 2.275858731072144e-05, ""fee_pct_nav"": 1.614314341571432e-05, ""name"": ""邮储银行""}, {""ts_code"": ""02328.HK"", ""side"": ""sell"", ""current_weight"": 0.05575784004088505, ""target_weight"": 0.0, ""post_trade_weight"": 0.0, ""diff_weight"": -0.05575784004088505, ""gross_amount"": 0.07860734667031834, ""gross_amount_pct_nav"": 0.05575784004088505, ""fee"": 2.35822040010955e-05, ""fee_pct_nav"": 1.6727352012265512e-05, ""name"": ""中国财险""}, {""ts_code"": ""09992.HK"", ""side"": ""buy"", ""current_weight"": 0.0, ""target_weight"": 0.05878996407168093, ""post_trade_weight"": 0.05879471453595593, ""diff_weight"": 0.05878996407168093, ""gross_amount"": 0.08288203207171488, ""gross_amount_pct_nav"": 0.05878996407168093, ""fee"": 2.486460962151446e-05, ""fee_pct_nav"": 1.7636989221504276e-05, ""name"": ""泡泡玛特""}]"
2025-02-10,0.20636463,0.41272927,0.30798338,0.30461165,0.00018378,0.00009240,0.00009138,0.00000000,rebalance,"[{""ts_code"": ""00939.HK"", ""side"": ""sell"", ""current_weight"": 0.09829043774732363, ""target_weight"": 0.08294679718339533, ""post_trade_weight"": 0.08295706882652845, ""diff_weight"": -0.015343640563928307, ""gross_amount"": 0.022773858314323714, ""gross_amount_pct_nav"": 0.015343640563928307, ""fee"": 6.8321574942971135e-06, ""fee_pct_nav"": 4.603092169178492e-06, ""name"": ""建设银行""}, {""ts_code"": ""00981.HK"", ""side"": ""sell"", ""current_weight"": 0.06192695855316844, ""target_weight"": 0.0, ""post_trade_weight"": 0.0, ""diff_weight"": -0.06192695855316844, ""gross_amount"": 0.0919153296149544, ""gross_amount_pct_nav"": 0.06192695855316844, ""fee"": 2.7574598884486318e-05, ""fee_pct_nav"": 1.857808756595053e-05, ""name"": ""中芯国际""}, {""ts_code"": ""00998.HK"", ""side"": ""sell"", ""current_weight"": 0.05346198217692756, ""target_weight"": 0.0, ""post_trade_weight"": 0.0, ""diff_weight"": -0.05346198217692756, ""gross_amount"": 0.07935115543325347, ""gross_amount_pct_nav"": 0.05346198217692756, ""fee"": 2.3805346629976038e-05, ""fee_pct_nav"": 1.603859465307827e-05, ""name"": ""中信银行""}, {""ts_code"": ""01211.HK"", ""side"": ""buy"", ""current_weight"": 0.0, ""target_weight"": 0.06831794611667141, ""post_trade_weight"": 0.06832640620899477, ""diff_weight"": 0.06831794611667141, ""gross_amount"": 0.10140117781723777, ""gross_amount_pct_nav"": 0.06831794611667141, ""fee"": 3.042035334517133e-05, ""fee_pct_nav"": 2.049538383500142e-05, ""name"": ""比亚迪股份""}, {""ts_code"": ""01398.HK"", ""side"": ""buy"", ""current_weight"": 0.10255145050197789, ""target_weight"": 0.11352270179545508, ""post_trade_weight"": 0.11353675977864365, ""diff_weight"": 0.010971251293477181, ""gross_amount"": 0.016284122496709547, ""gross_amount_pct_nav"": 0.010971251293477181, ""fee"": 4.8852367490128635e-06, ""fee_pct_nav"": 3.2913753880431542e-06, ""name"": ""工商银行""}, {""ts_code"": ""01810.HK"", ""side"": ""sell"", ""current_weight"": 0.08996018262707602, ""target_weight"": 0.07712096169723316, ""post_trade_weight"": 0.07713051190319091, ""diff_weight"": -0.012839220929842854, ""gross_amount"": 0.019056663710563373, ""gross_amount_pct_nav"": 0.012839220929842854, ""fee"": 5.716999113169011e-06, ""fee_pct_nav"": 3.851766278952855e-06, ""name"": ""小米集团-W""}, {""ts_code"": ""02628.HK"", ""side"": ""buy"", ""current_weight"": 0.0, ""target_weight"": 0.06207528398376404, ""post_trade_weight"": 0.06208297102155355, ""diff_weight"": 0.06207528398376404, ""gross_amount"": 0.09213548221346719, ""gross_amount_pct_nav"": 0.06207528398376404, ""fee"": 2.7640644664040154e-05, ""fee_pct_nav"": 1.8622585195129207e-05, ""name"": ""中国人寿""}, {""ts_code"": ""03690.HK"", ""side"": ""buy"", ""current_weight"": 0.0, ""target_weight"": 0.06613598442058521, ""post_trade_weight"": 0.06614417431161529, ""diff_weight"": 0.06613598442058521, ""gross_amount"": 0.09816259266484768, ""gross_amount_pct_nav"": 0.06613598442058521, ""fee"": 2.9448777799454302e-05, ""fee_pct_nav"": 1.9840795326175564e-05, ""name"": ""美团-W""}, {""ts_code"": ""09992.HK"", ""side"": ""sell"", ""current_weight"": 0.061657001788045826, ""target_weight"": 0.0, ""post_trade_weight"": 0.0, ""diff_weight"": -0.061657001788045826, ""gross_amount"": 0.09151464523406835, ""gross_amount_pct_nav"": 0.061657001788045826, ""fee"": 2.7454393570220503e-05, ""fee_pct_nav"": 1.8497100536413747e-05, ""name"": ""泡泡玛特""}]"
2025-02-17,0.00000000,0.00000000,0.00000000,0.00000000,0.00000000,0.00000000,0.00000000,0.00000000,rebalance,
2025-02-24,0.06893476,0.13786953,0.12427682,0.09603025,0.00006609,0.00003728,0.00002881,0.00000000,rebalance,"[{""ts_code"": ""00700.HK"", ""side"": ""buy"", ""current_weight"": 0.14232269211689696, ""target_weight"": 0.16024954422884818, ""post_trade_weight"": 0.16025617256176947, ""diff_weight"": 0.017926852111951202, ""gross_amount"": 0.028646011704011154, ""gross_amount_pct_nav"": 0.017926852111951202, ""fee"": 8.593803511203346e-06, ""fee_pct_nav"": 5.3780556335853604e-06, ""name"": ""腾讯控股""}, {""ts_code"": ""00788.HK"", ""side"": ""buy"", ""current_weight"": 0.0, ""target_weight"": 0.05984635315025732, ""post_trade_weight"": 0.05984882854920285, ""diff_weight"": 0.05984635315025732, ""gross_amount"": 0.09563080690790955, ""gross_amount_pct_nav"": 0.05984635315025732, ""fee"": 2.8689242072372865e-05, ""fee_pct_nav"": 1.7953905945077195e-05, ""name"": ""中国铁塔""}, {""ts_code"": ""02628.HK"", ""side"": ""sell"", ""current_weight"": 0.060096323991313115, ""target_weight"": 0.0, ""post_trade_weight"": 0.0, ""diff_weight"": -0.060096323991313115, ""gross_amount"": 0.09603024500188323, ""gross_amount_pct_nav"": 0.060096323991313115, ""fee"": 2.8809073500564967e-05, ""fee_pct_nav"": 1.802889719739393e-05, ""name"": ""中国人寿""}]"
2025-03-03,0.14884351,0.29768703,0.21169491,0.25876173,0.00014114,0.00006351,0.00007763,0.00000000,rebalance,"[{""ts_code"": ""00005.HK"", ""side"": ""buy"", ""current_weight"": 0.08707216020962621, ""target_weight"": 0.09963892517774298, ""post_trade_weight"": 0.09964782433707985, ""diff_weight"": 0.012566764968116756, ""gross_amount"": 0.01986018053855948, ""gross_amount_pct_nav"": 0.012566764968116756, ""fee"": 5.958054161567843e-06, ""fee_pct_nav"": 3.770029490435026e-06, ""name"": ""汇丰控股""}, {""ts_code"": ""00700.HK"", ""side"": ""sell"", ""current_weight"": 0.15746826357035676, ""target_weight"": 0.12646199439767053, ""post_trade_weight"": 0.1264732892348659, ""diff_weight"": -0.031006269172686243, ""gross_amount"": 0.04900148169867474, ""gross_amount_pct_nav"": 0.031006269172686243, ""fee"": 1.4700444509602422e-05, ""fee_pct_nav"": 9.301880751805873e-06, ""name"": ""腾讯控股""}, {""ts_code"": ""00939.HK"", ""side"": ""buy"", ""current_weight"": 0.08071028869816756, ""target_weight"": 0.09368125286712052, ""post_trade_weight"": 0.09368961992241197, ""diff_weight"": 0.012970964168952964, ""gross_amount"": 0.020498966186458134, ""gross_amount_pct_nav"": 0.012970964168952964, ""fee"": 6.14968985593744e-06, ""fee_pct_nav"": 3.891289250685889e-06, ""name"": ""建设银行""}, {""ts_code"": ""00998.HK"", ""side"": ""buy"", ""current_weight"": 0.0, ""target_weight"": 0.05396772918386872, ""post_trade_weight"": 0.05397254926216844, ""diff_weight"": 0.05396772918386872, ""gross_amount"": 0.08528916133682879, ""gross_amount_pct_nav"": 0.05396772918386872, ""fee"": 2.5586748401048635e-05, ""fee_pct_nav"": 1.6190318755160615e-05, ""name"": ""中信银行""}, {""ts_code"": ""01211.HK"", ""side"": ""sell"", ""current_weight"": 0.07065291842421415, ""target_weight"": 0.0, ""post_trade_weight"": 0.0, ""diff_weight"": -0.07065291842421415, ""gross_amount"": 0.11165798986780029, ""gross_amount_pct_nav"": 0.07065291842421415, ""fee"": 3.349739696034008e-05, ""fee_pct_nav"": 2.119587552726424e-05, ""name"": ""比亚迪股份""}, {""ts_code"": ""02628.HK"", ""side"": ""buy"", ""current_weight"": 0.0, ""target_weight"": 0.05444701097582808, ""post_trade_weight"": 0.054451873860742045, ""diff_weight"": 0.05444701097582808, ""gross_amount"": 0.08604660551130862, ""gross_amount_pct_nav"": 0.05444701097582808, ""fee"": 2.5813981653392584e-05, ""fee_pct_nav"": 1.6334103292748425e-05, ""name"": ""中国人寿""}, {""ts_code"": ""03690.HK"", ""side"": ""sell"", ""current_weight"": 0.06207536892546061, ""target_weight"": 0.0, ""post_trade_weight"": 0.0, ""diff_weight"": -0.06207536892546061, ""gross_amount"": 0.09810225917212194, ""gross_amount_pct_nav"": 0.06207536892546061, ""fee"": 2.943067775163658e-05, ""fee_pct_nav"": 1.862261067763818e-05, ""name"": ""美团-W""}]"
2025-03-10,0.13545865,0.27091730,0.24621525,0.19370873,0.00013198,0.00007386,0.00005811,0.00000000,rebalance,"[{""ts_code"": ""00005.HK"", ""side"": ""sell"", ""current_weight"": 0.09644430011110582, ""target_weight"": 0.08605466829566603, ""post_trade_weight"": 0.08606166297379361, ""diff_weight"": -0.010389631815439787, ""gross_amount"": 0.01687100884252235, ""gross_amount_pct_nav"": 0.010389631815439787, ""fee"": 5.0613026527567045e-06, ""fee_pct_nav"": 3.1168895446319356e-06, ""name"": ""汇丰控股""}, {""ts_code"": ""00700.HK"", ""side"": ""buy"", ""current_weight"": 0.13155950499135827, ""target_weight"": 0.16213776036071648, ""post_trade_weight"": 0.1621509392093311, ""diff_weight"": 0.030578255369358216, ""gross_amount"": 0.04965392671169569, ""gross_amount_pct_nav"": 0.030578255369358216, ""fee"": 1.4896178013508706e-05, ""fee_pct_nav"": 9.173476610807465e-06, ""name"": ""腾讯控股""}, {""ts_code"": ""00998.HK"", ""side"": ""sell"", ""current_weight"": 0.05279461936114521, ""target_weight"": 0.0, ""post_trade_weight"": 0.0, ""diff_weight"": -0.05279461936114521, ""gross_amount"": 0.08572955287557317, ""gross_amount_pct_nav"": 0.05279461936114521, ""fee"": 2.571886586267195e-05, ""fee_pct_nav"": 1.583838580834356e-05, ""name"": ""中信银行""}, {""ts_code"": ""01211.HK"", ""side"": ""buy"", ""current_weight"": 0.0, ""target_weight"": 0.0542641261210132, ""post_trade_weight"": 0.054268536806727385, ""diff_weight"": 0.0542641261210132, ""gross_amount"": 0.08811578387781488, ""gross_amount_pct_nav"": 0.0542641261210132, ""fee"": 2.643473516334446e-05, ""fee_pct_nav"": 1.627923783630396e-05, ""name"": ""比亚迪股份""}, {""ts_code"": ""02628.HK"", ""side"": ""sell"", ""current_weight"": 0.0561069202285933, ""target_weight"": 0.0, ""post_trade_weight"": 0.0, ""diff_weight"": -0.0561069202285933, ""gross_amount"": 0.09110817054138559, ""gross_amount_pct_nav"": 0.0561069202285933, ""fee"": 2.7332451162415676e-05, ""fee_pct_nav"": 1.683207606857799e-05, ""name"": ""中国人寿""}, {""ts_code"": ""03690.HK"", ""side"": ""buy"", ""current_weight"": 0.0, ""target_weight"": 0.06678375166192003, ""post_trade_weight"": 0.06678917996530297, ""diff_weight"": 0.06678375166192003, ""gross_amount"": 0.1084455430991013, ""gross_amount_pct_nav"": 0.06678375166192003, ""fee"": 3.2533662929730386e-05, ""fee_pct_nav"": 2.0035125498576006e-05, ""name"": ""美团-W""}]"
2025-03-17,0.06751217,0.13502434,0.10012796,0.12599960,0.00006784,0.00003004,0.00003780,0.00000000,rebalance,"[{""ts_code"": ""01810.HK"", ""side"": ""sell"", ""current_weight"": 0.0871756794215386, ""target_weight"": 0.07676791989666942, ""post_trade_weight"": 0.0767710296839235, ""diff_weight"": -0.010407759524869187, ""gross_amount"": 0.017430052072863855, ""gross_amount_pct_nav"": 0.010407759524869187, ""fee"": 5.229015621859156e-06, ""fee_pct_nav"": 3.1223278574607557e-06, ""name"": ""小米集团-W""}, {""ts_code"": ""02628.HK"", ""side"": ""buy"", ""current_weight"": 0.0, ""target_weight"": 0.05978798419926903, ""post_trade_weight"": 0.05979040614728404, ""diff_weight"": 0.05978798419926903, ""gross_amount"": 0.10012795505456479, ""gross_amount_pct_nav"": 0.05978798419926903, ""fee"": 3.0038386516369433e-05, ""fee_pct_nav"": 1.7936395259780705e-05, ""name"": ""中国人寿""}, {""ts_code"": ""03690.HK"", ""side"": ""sell"", ""current_weight"": 0.06482859496632701, ""target_weight"": 0.0, ""post_trade_weight"": 0.0, ""diff_weight"": -0.06482859496632701, ""gross_amount"": 0.1085695517247149, ""gross_amount_pct_nav"": 0.06482859496632701, ""fee"": 3.257086551741447e-05, ""fee_pct_nav"": 1.9448578489898102e-05, ""name"": ""美团-W""}]"
2025-03-24,0.05279131,0.10558263,0.09023334,0.08583063,0.00005282,0.00002707,0.00002575,0.00000000,rebalance,"[{""ts_code"": ""00788.HK"", ""side"": ""sell"", ""current_weight"": 0.05147119509313387, ""target_weight"": 0.0, ""post_trade_weight"": 0.0, ""diff_weight"": -0.05147119509313387, ""gross_amount"": 0.08583062504296674, ""gross_amount_pct_nav"": 0.05147119509313387, ""fee"": 2.574918751289002e-05, ""fee_pct_nav"": 1.544135852794016e-05, ""name"": ""中国铁塔""}, {""ts_code"": ""03690.HK"", ""side"": ""buy"", ""current_weight"": 0.0, ""target_weight"": 0.05411143062635391, ""post_trade_weight"": 0.05411314464872329, ""diff_weight"": 0.05411143062635391, ""gross_amount"": 0.09023334127418857, ""gross_amount_pct_nav"": 0.05411143062635391, ""fee"": 2.707000238225657e-05, ""fee_pct_nav"": 1.623342918790617e-05, ""name"": ""美团-W""}]"
2025-03-31,0.10654315,0.21308629,0.16594766,0.17542842,0.00010241,0.00004978,0.00005263,0.00000000,rebalance,"[{""ts_code"": ""00981.HK"", ""side"": ""buy"", ""current_weight"": 0.0, ""target_weight"": 0.051713264945017684, ""post_trade_weight"": 0.05171657097272031, ""diff_weight"": 0.051713264945017684, ""gross_amount"": 0.08284752289534199, ""gross_amount_pct_nav"": 0.051713264945017684, ""fee"": 2.4854256868602594e-05, ""fee_pct_nav"": 1.5513979483505302e-05, ""name"": ""中芯国际""}, {""ts_code"": ""01378.HK"", ""side"": ""buy"", ""current_weight"": 0.0, ""target_weight"": 0.051870943565541755, ""post_trade_weight"": 0.05187425967363455, ""diff_weight"": 0.051870943565541755, ""gross_amount"": 0.08310013280380286, ""gross_amount_pct_nav"": 0.051870943565541755, ""fee"": 2.4930039841140858e-05, ""fee_pct_nav"": 1.5561283069662524e-05, ""name"": ""中国宏桥""}, {""ts_code"": ""02628.HK"", ""side"": ""sell"", ""current_weight"": 0.056543737243488226, ""target_weight"": 0.0, ""post_trade_weight"": 0.0, ""diff_weight"": -0.056543737243488226, ""gross_amount"": 0.09058620782982339, ""gross_amount_pct_nav"": 0.056543737243488226, ""fee"": 2.7175862348947015e-05, ""fee_pct_nav"": 1.6963121173046467e-05, ""name"": ""中国人寿""}, {""ts_code"": ""03690.HK"", ""side"": ""sell"", ""current_weight"": 0.05295834621832508, ""target_weight"": 0.0, ""post_trade_weight"": 0.0, ""diff_weight"": -0.05295834621832508, ""gross_amount"": 0.08484221225418577, ""gross_amount_pct_nav"": 0.05295834621832508, ""fee"": 2.545266367625573e-05, ""fee_pct_nav"": 1.588750386549752e-05, ""name"": ""美团-W""}]"
2025-04-07,0.11868524,0.23737049,0.16810272,0.15963456,0.00009832,0.00005043,0.00004789,0.00000000,rebalance,"[{""ts_code"": ""00700.HK"", ""side"": ""sell"", ""current_weight"": 0.16074743120174415, ""target_weight"": 0.1401671579867157, ""post_trade_weight"": 0.14017714016150243, ""diff_weight"": -0.020580273215028436, ""gross_amount"": 0.028415170002479284, ""gross_amount_pct_nav"": 0.020580273215028436, ""fee"": 8.524551000743784e-06, ""fee_pct_nav"": 6.17408196450853e-06, ""name"": ""腾讯控股""}, {""ts_code"": ""00981.HK"", ""side"": ""sell"", ""current_weight"": 0.049070539164752715, ""target_weight"": 0.0, ""post_trade_weight"": 0.0, ""diff_weight"": -0.049070539164752715, ""gross_amount"": 0.06775166189055083, ""gross_amount_pct_nav"": 0.049070539164752715, ""fee"": 2.0325498567165247e-05, ""fee_pct_nav"": 1.4721161749425813e-05, ""name"": ""中芯国际""}, {""ts_code"": ""00998.HK"", ""side"": ""buy"", ""current_weight"": 0.0, ""target_weight"": 0.05595968609339821, ""post_trade_weight"": 0.055963671330565165, ""diff_weight"": 0.05595968609339821, ""gross_amount"": 0.077263502627756, ""gross_amount_pct_nav"": 0.05595968609339821, ""fee"": 2.3179050788326798e-05, ""fee_pct_nav"": 1.6787905828019462e-05, ""name"": ""中信银行""}, {""ts_code"": ""01378.HK"", ""side"": ""sell"", ""current_weight"": 0.045967810508596885, ""target_weight"": 0.0, ""post_trade_weight"": 0.0, ""diff_weight"": -0.045967810508596885, ""gross_amount"": 0.06346772642890443, ""gross_amount_pct_nav"": 0.045967810508596885, ""fee"": 1.9040317928671326e-05, ""fee_pct_nav"": 1.3790343152579064e-05, ""name"": ""中国宏桥""}, {""ts_code"": ""01810.HK"", ""side"": ""buy"", ""current_weight"": 0.060825462458388505, ""target_weight"": 0.07140579489388803, ""post_trade_weight"": 0.07141088014449633, ""diff_weight"": 0.010580332435499523, ""gross_amount"": 0.014608258194450274, ""gross_amount_pct_nav"": 0.010580332435499523, ""fee"": 4.382477458335082e-06, ""fee_pct_nav"": 3.174099730649857e-06, ""name"": ""小米集团-W""}, {""ts_code"": ""02328.HK"", ""side"": ""buy"", ""current_weight"": 0.0, ""target_weight"": 0.055211845078762305, ""post_trade_weight"": 0.05521577705752103, ""diff_weight"": 0.055211845078762305, ""gross_amount"": 0.07623095901943362, ""gross_amount_pct_nav"": 0.055211845078762305, ""fee"": 2.2869287705830084e-05, ""fee_pct_nav"": 1.656355352362869e-05, ""name"": ""中国财险""}]"
2025-04-14,0.12959216,0.25918433,0.19158034,0.19428454,0.00011576,0.00005747,0.00005829,0.00000000,rebalance,"[{""ts_code"": ""00005.HK"", ""side"": ""sell"", ""current_weight"": 0.08368143565672986, ""target_weight"": 0.06384470293061692, ""post_trade_weight"": 0.06384966758059092, ""diff_weight"": -0.019836732726112947, ""gross_amount"": 0.029532257489906247, ""gross_amount_pct_nav"": 0.019836732726112947, ""fee"": 8.859677246971873e-06, ""fee_pct_nav"": 5.951019817833883e-06, ""name"": ""汇丰控股""}, {""ts_code"": ""00728.HK"", ""side"": ""buy"", ""current_weight"": 0.0, ""target_weight"": 0.055596812560308836, ""post_trade_weight"": 0.05560113584323384, ""diff_weight"": 0.055596812560308836, ""gross_amount"": 0.08277065617704818, ""gross_amount_pct_nav"": 0.055596812560308836, ""fee"": 2.483119685311445e-05, ""fee_pct_nav"": 1.667904376809265e-05, ""name"": ""中国电信""}, {""ts_code"": ""00941.HK"", ""side"": ""buy"", ""current_weight"": 0.07196297466926976, ""target_weight"": 0.08760084042875854, ""post_trade_weight"": 0.08760765238793751, ""diff_weight"": 0.015637865759488785, ""gross_amount"": 0.023281126210561498, ""gross_amount_pct_nav"": 0.015637865759488785, ""fee"": 6.984337863168449e-06, ""fee_pct_nav"": 4.6913597278466355e-06, ""name"": ""中国移动""}, {""ts_code"": ""00998.HK"", ""side"": ""sell"", ""current_weight"": 0.05609802455949721, ""target_weight"": 0.0, ""post_trade_weight"": 0.0, ""diff_weight"": -0.05609802455949721, ""gross_amount"": 0.08351684366777222, ""gross_amount_pct_nav"": 0.05609802455949721, ""fee"": 2.5055053100331664e-05, ""fee_pct_nav"": 1.682940736784916e-05, ""name"": ""中信银行""}, {""ts_code"": ""02328.HK"", ""side"": ""sell"", ""current_weight"": 0.05456560835219918, ""target_weight"": 0.0, ""post_trade_weight"": 0.0, ""diff_weight"": -0.05456560835219918, ""gross_amount"": 0.08123543419170177, ""gross_amount_pct_nav"": 0.05456560835219918, ""fee"": 2.437063025751053e-05, ""fee_pct_nav"": 1.6369682505659755e-05, ""name"": ""中国财险""}, {""ts_code"": ""03328.HK"", ""side"": ""buy"", ""current_weight"": 0.0, ""target_weight"": 0.05744928500949167, ""post_trade_weight"": 0.05745375234316598, ""diff_weight"": 0.05744928500949167, ""gross_amount"": 0.08552855457279597, ""gross_amount_pct_nav"": 0.05744928500949167, ""fee"": 2.565856637183879e-05, ""fee_pct_nav"": 1.7234785502847498e-05, ""name"": ""交通银行""}]"
2025-04-22,0.06038654,0.12077307,0.08361315,0.09894300,0.00005477,0.00002508,0.00002968,0.00000000,rebalance,"[{""ts_code"": ""00728.HK"", ""side"": ""sell"", ""current_weight"": 0.05410196147396616, ""target_weight"": 0.0, ""post_trade_weight"": 0.0, ""diff_weight"": -0.05410196147396616, ""gross_amount"": 0.08177854214752878, ""gross_amount_pct_nav"": 0.05410196147396616, ""fee"": 2.453356264425863e-05, ""fee_pct_nav"": 1.6230588442189847e-05, ""name"": ""中国电信""}, {""ts_code"": ""00998.HK"", ""side"": ""buy"", ""current_weight"": 0.0, ""target_weight"": 0.055315674059318594, ""post_trade_weight"": 0.05531767832510511, ""diff_weight"": 0.055315674059318594, ""gross_amount"": 0.08361314560943822, ""gross_amount_pct_nav"": 0.055315674059318594, ""fee"": 2.5083943682831463e-05, ""fee_pct_nav"": 1.6594702217795577e-05, ""name"": ""中信银行""}, {""ts_code"": ""01810.HK"", ""side"": ""sell"", ""current_weight"": 0.0794495908269885, ""target_weight"": 0.06809415421859259, ""post_trade_weight"": 0.06809662149004654, ""diff_weight"": -0.011355436608395914, ""gross_amount"": 0.01716446180477492, ""gross_amount_pct_nav"": 0.011355436608395914, ""fee"": 5.1493385414324755e-06, ""fee_pct_nav"": 3.406630982518774e-06, ""name"": ""小米集团-W""}]"
2025-04-28,0.05614168,0.11228336,0.09072026,0.08347697,0.00005226,0.00002722,0.00002504,0.00000000,rebalance,"[{""ts_code"": ""00788.HK"", ""side"": ""buy"", ""current_weight"": 0.0, ""target_weight"": 0.05847610351164308, ""post_trade_weight"": 0.05847807334593736, ""diff_weight"": 0.05847610351164308, ""gross_amount"": 0.09072025810250615, ""gross_amount_pct_nav"": 0.05847610351164308, ""fee"": 2.7216077430751845e-05, ""fee_pct_nav"": 1.754283105349292e-05, ""name"": ""中国铁塔""}, {""ts_code"": ""00998.HK"", ""side"": ""sell"", ""current_weight"": 0.053807252258849934, ""target_weight"": 0.0, ""post_trade_weight"": 0.0, ""diff_weight"": -0.053807252258849934, ""gross_amount"": 0.08347696784785934, ""gross_amount_pct_nav"": 0.053807252258849934, ""fee"": 2.50430903543578e-05, ""fee_pct_nav"": 1.614217567765498e-05, ""name"": ""中信银行""}]"
2025-05-06,0.06336022,0.12672044,0.08761845,0.11004514,0.00005930,0.00002629,0.00003301,0.00000000,rebalance,"[{""ts_code"": ""00981.HK"", ""side"": ""buy"", ""current_weight"": 0.0, ""target_weight"": 0.05617143938490336, ""post_trade_weight"": 0.05617357488698173, ""diff_weight"": 0.05617143938490336, ""gross_amount"": 0.08761844694969197, ""gross_amount_pct_nav"": 0.05617143938490336, ""fee"": 2.6285534084907586e-05, ""fee_pct_nav"": 1.6851431815471006e-05, ""name"": ""中芯国际""}, {""ts_code"": ""03328.HK"", ""side"": ""sell"", ""current_weight"": 0.05665934810520098, ""target_weight"": 0.0, ""post_trade_weight"": 0.0, ""diff_weight"": -0.05665934810520098, ""gross_amount"": 0.08837950639188917, ""gross_amount_pct_nav"": 0.05665934810520098, ""fee"": 2.651385191756675e-05, ""fee_pct_nav"": 1.699780443156029e-05, ""name"": ""交通银行""}, {""ts_code"": ""03968.HK"", ""side"": ""sell"", ""current_weight"": 0.06963051909096131, ""target_weight"": 0.05574086417440899, ""post_trade_weight"": 0.055742983307060706, ""diff_weight"": -0.013889654916552327, ""gross_amount"": 0.021665636590087925, ""gross_amount_pct_nav"": 0.013889654916552327, ""fee"": 6.499690977026377e-06, ""fee_pct_nav"": 4.166896474965698e-06, ""name"": ""招商银行""}]"
2025-05-12,0.05422490,0.10844980,0.09173517,0.08295293,0.00005241,0.00002752,0.00002489,0.00000000,rebalance,"[{""ts_code"": ""00981.HK"", ""side"": ""sell"", ""current_weight"": 0.05149880576292239, ""target_weight"": 0.0, ""post_trade_weight"": 0.0, ""diff_weight"": -0.05149880576292239, ""gross_amount"": 0.08295292794278612, ""gross_amount_pct_nav"": 0.05149880576292239, ""fee"": 2.4885878382835834e-05, ""fee_pct_nav"": 1.5449641728876714e-05, ""name"": ""中芯国际""}, {""ts_code"": ""03328.HK"", ""side"": ""buy"", ""current_weight"": 0.0, ""target_weight"": 0.056950996769223786, ""post_trade_weight"": 0.05695284972681574, ""diff_weight"": 0.056950996769223786, ""gross_amount"": 0.09173517446240642, ""gross_amount_pct_nav"": 0.056950996769223786, ""fee"": 2.7520552338721924e-05, ""fee_pct_nav"": 1.7085299030767135e-05, ""name"": ""交通银行""}]"
2025-05-19,0.00000000,0.00000000,0.00000000,0.00000000,0.00000000,0.00000000,0.00000000,0.00000000,rebalance,
2025-05-26,0.09298975,0.18597949,0.15816018,0.13157578,0.00008692,0.00004745,0.00003947,0.00000000,rebalance,"[{""ts_code"": ""00939.HK"", ""side"": ""sell"", ""current_weight"": 0.10430733243616569, ""target_weight"": 0.09241466808741063, ""post_trade_weight"": 0.09241982454503932, ""diff_weight"": -0.011892664348755059, ""gross_amount"": 0.018527486502459833, ""gross_amount_pct_nav"": 0.011892664348755059, ""fee"": 5.55824595073795e-06, ""fee_pct_nav"": 3.5677993046265176e-06, ""name"": ""建设银行""}, {""ts_code"": ""00998.HK"", ""side"": ""buy"", ""current_weight"": 0.0, ""target_weight"": 0.0556008351277003, ""post_trade_weight"": 0.05560393748532804, ""diff_weight"": 0.0556008351277003, ""gross_amount"": 0.08662009556015081, ""gross_amount_pct_nav"": 0.0556008351277003, ""fee"": 2.598602866804524e-05, ""fee_pct_nav"": 1.668025053831009e-05, ""name"": ""中信银行""}, {""ts_code"": ""01211.HK"", ""side"": ""buy"", ""current_weight"": 0.023112069705367732, ""target_weight"": 0.0690331522031805, ""post_trade_weight"": 0.06903700404327988, ""diff_weight"": 0.04592108249781276, ""gross_amount"": 0.07154008649421217, ""gross_amount_pct_nav"": 0.04592108249781276, ""fee"": 2.146202594826365e-05, ""fee_pct_nav"": 1.3776324749343827e-05, ""name"": ""比亚迪股份""}, {""ts_code"": ""03328.HK"", ""side"": ""sell"", ""current_weight"": 0.05871806374724517, ""target_weight"": 0.0, ""post_trade_weight"": 0.0, ""diff_weight"": -0.05871806374724517, ""gross_amount"": 0.09147640105066479, ""gross_amount_pct_nav"": 0.05871806374724517, ""fee"": 2.7442920315199434e-05, ""fee_pct_nav"": 1.761541912417355e-05, ""name"": ""交通银行""}, {""ts_code"": ""03988.HK"", ""side"": ""sell"", ""current_weight"": 0.0945103762789823, ""target_weight"": 0.0806635291779565, ""post_trade_weight"": 0.08066802995774607, ""diff_weight"": -0.013846847101025803, ""gross_amount"": 0.021571892154909456, ""gross_amount_pct_nav"": 0.013846847101025803, ""fee"": 6.471567646472836e-06, ""fee_pct_nav"": 4.154054130307741e-06, ""name"": ""中国银行""}]"
2025-06-02,0.21017598,0.42035195,0.34222873,0.39177593,0.00022020,0.00010267,0.00011753,0.00000000,rebalance,"[{""ts_code"": ""00700.HK"", ""side"": ""buy"", ""current_weight"": 0.12798059889697413, ""target_weight"": 0.1473676150090591, ""post_trade_weight"": 0.1473862012322218, ""diff_weight"": 0.019387016112084963, ""gross_amount"": 0.03385296609651414, ""gross_amount_pct_nav"": 0.019387016112084963, ""fee"": 1.0155889828954242e-05, ""fee_pct_nav"": 5.816104833625489e-06, ""name"": ""腾讯控股""}, {""ts_code"": ""00788.HK"", ""side"": ""sell"", ""current_weight"": 0.056280004339242094, ""target_weight"": 0.0, ""post_trade_weight"": 0.0, ""diff_weight"": -0.056280004339242094, ""gross_amount"": 0.09827428149814092, ""gross_amount_pct_nav"": 0.056280004339242094, ""fee"": 2.9482284449442275e-05, ""fee_pct_nav"": 1.6884001301772627e-05, ""name"": ""中国铁塔""}, {""ts_code"": ""00939.HK"", ""side"": ""buy"", ""current_weight"": 0.08127584231880329, ""target_weight"": 0.09344434375525486, ""post_trade_weight"": 0.09345612909510867, ""diff_weight"": 0.012168501436451564, ""gross_amount"": 0.021248234601548316, ""gross_amount_pct_nav"": 0.012168501436451564, ""fee"": 6.3744703804644945e-06, ""fee_pct_nav"": 3.650550430935469e-06, ""name"": ""建设银行""}, {""ts_code"": ""00998.HK"", ""side"": ""buy"", ""current_weight"": 0.05166957657840535, ""target_weight"": 0.06198079323742901, ""post_trade_weight"": 0.0619886103474151, ""diff_weight"": 0.010311216659023662, ""gross_amount"": 0.01800510537328892, ""gross_amount_pct_nav"": 0.010311216659023662, ""fee"": 5.401531611986676e-06, ""fee_pct_nav"": 3.0933649977070987e-06, ""name"": ""中信银行""}, {""ts_code"": ""01211.HK"", ""side"": ""sell"", ""current_weight"": 0.16808338920781477, ""target_weight"": 0.0, ""post_trade_weight"": 0.0, ""diff_weight"": -0.16808338920781477, ""gross_amount"": 0.2935016530311948, ""gross_amount_pct_nav"": 0.16808338920781477, ""fee"": 8.805049590935843e-05, ""fee_pct_nav"": 5.042501676234443e-05, ""name"": ""比亚迪股份""}, {""ts_code"": ""01398.HK"", ""side"": ""buy"", ""current_weight"": 0.10004922455832588, ""target_weight"": 0.11398820229543827, ""post_trade_weight"": 0.11400257865733873, ""diff_weight"": 0.013938977737112392, ""gross_amount"": 0.024339781739820487, ""gross_amount_pct_nav"": 0.013938977737112392, ""fee"": 7.301934521946146e-06, ""fee_pct_nav"": 4.181693321133717e-06, ""name"": ""工商银行""}, {""ts_code"": ""02388.HK"", ""side"": ""buy"", ""current_weight"": 0.0, ""target_weight"": 0.05558258086659028, ""post_trade_weight"": 0.05558959102449969, ""diff_weight"": 0.05558258086659028, ""gross_amount"": 0.09705646370513472, ""gross_amount_pct_nav"": 0.05558258086659028, ""fee"": 2.9116939111540415e-05, ""fee_pct_nav"": 1.6674774259977082e-05, ""name"": ""中银香港""}, {""ts_code"": ""03328.HK"", ""side"": ""buy"", ""current_weight"": 0.0, ""target_weight"": 0.05655879036707136, ""post_trade_weight"": 0.05656592364597738, ""diff_weight"": 0.05655879036707136, ""gross_amount"": 0.09876108843602771, ""gross_amount_pct_nav"": 0.05655879036707136, ""fee"": 2.962832653080831e-05, ""fee_pct_nav"": 1.6967637110121406e-05, ""name"": ""交通银行""}, {""ts_code"": ""03968.HK"", ""side"": ""buy"", ""current_weight"": 0.054494683881209156, ""target_weight"": 0.06542700888562201, ""post_trade_weight"": 0.06543526063746005, ""diff_weight"": 0.010932325004412866, ""gross_amount"": 0.019089664216029853, ""gross_amount_pct_nav"": 0.010932325004412866, ""fee"": 5.7268992648089555e-06, ""fee_pct_nav"": 3.2796975013238595e-06, ""name"": ""招商银行""}, {""ts_code"": ""03988.HK"", ""side"": ""buy"", ""current_weight"": 0.0700969862315583, ""target_weight"": 0.08720613530243336, ""post_trade_weight"": 0.08721713387014303, ""diff_weight"": 0.017109149070875056, ""gross_amount"": 0.02987543003461457, ""gross_amount_pct_nav"": 0.017109149070875056, ""fee"": 8.96262901038437e-06, ""fee_pct_nav"": 5.132744721262517e-06, ""name"": ""中国银行""}]"
2025-06-09,0.05391131,0.10782263,0.09364915,0.10365595,0.00005919,0.00002809,0.00003110,0.00000000,rebalance,"[{""ts_code"": ""00728.HK"", ""side"": ""buy"", ""current_weight"": 0.0, ""target_weight"": 0.05117707139544966, ""post_trade_weight"": 0.05117872686291786, ""diff_weight"": 0.05117707139544966, ""gross_amount"": 0.09364914563898306, ""gross_amount_pct_nav"": 0.05117707139544966, ""fee"": 2.8094743691694916e-05, ""fee_pct_nav"": 1.5353121418634895e-05, ""name"": ""中国电信""}, {""ts_code"": ""03328.HK"", ""side"": ""sell"", ""current_weight"": 0.05664555789353722, ""target_weight"": 0.0, ""post_trade_weight"": 0.0, ""diff_weight"": -0.05664555789353722, ""gross_amount"": 0.10365595287746349, ""gross_amount_pct_nav"": 0.05664555789353722, ""fee"": 3.109678586323904e-05, ""fee_pct_nav"": 1.6993667368061165e-05, ""name"": ""交通银行""}]"
2025-06-16,0.11157315,0.22314631,0.21967965,0.19492531,0.00012438,0.00006590,0.00005848,0.00000000,rebalance,"[{""ts_code"": ""00700.HK"", ""side"": ""buy"", ""current_weight"": 0.14158236802950094, ""target_weight"": 0.15406154921068244, ""post_trade_weight"": 0.1540718633808555, ""diff_weight"": 0.012479181181181487, ""gross_amount"": 0.023186269689667305, ""gross_amount_pct_nav"": 0.012479181181181487, ""fee"": 6.955880906900191e-06, ""fee_pct_nav"": 3.743754354354446e-06, ""name"": ""腾讯控股""}, {""ts_code"": ""00728.HK"", ""side"": ""sell"", ""current_weight"": 0.05014169756257655, ""target_weight"": 0.0, ""post_trade_weight"": 0.0, ""diff_weight"": -0.05014169756257655, ""gross_amount"": 0.09316307740902297, ""gross_amount_pct_nav"": 0.05014169756257655, ""fee"": 2.794892322270689e-05, ""fee_pct_nav"": 1.5042509268772963e-05, ""name"": ""中国电信""}, {""ts_code"": ""01339.HK"", ""side"": ""buy"", ""current_weight"": 0.0, ""target_weight"": 0.05302122795192348, ""post_trade_weight"": 0.05302477763690771, ""diff_weight"": 0.05302122795192348, ""gross_amount"": 0.09851323357853774, ""gross_amount_pct_nav"": 0.05302122795192348, ""fee"": 2.9553970073561318e-05, ""fee_pct_nav"": 1.5906368385577044e-05, ""name"": ""中国人民保险集团""}, {""ts_code"": ""02388.HK"", ""side"": ""sell"", ""current_weight"": 0.05476988506832594, ""target_weight"": 0.0, ""post_trade_weight"": 0.0, ""diff_weight"": -0.05476988506832594, ""gross_amount"": 0.10176223164235339, ""gross_amount_pct_nav"": 0.05476988506832594, ""fee"": 3.0528669492706014e-05, ""fee_pct_nav"": 1.6430965520497782e-05, ""name"": ""中银香港""}, {""ts_code"": ""02628.HK"", ""side"": ""buy"", ""current_weight"": 0.0, ""target_weight"": 0.052734314700223134, ""post_trade_weight"": 0.05273784517683176, ""diff_weight"": 0.052734314700223134, ""gross_amount"": 0.09798014988218949, ""gross_amount_pct_nav"": 0.052734314700223134, ""fee"": 2.9394044964656845e-05, ""fee_pct_nav"": 1.582029441006694e-05, ""name"": ""中国人寿""}]"
2025-06-23,0.06115951,0.12231902,0.12925648,0.09902366,0.00006848,0.00003878,0.00002971,0.00000000,rebalance,"[{""ts_code"": ""01339.HK"", ""side"": ""sell"", ""current_weight"": 0.0530597077915, ""target_weight"": 0.0, ""post_trade_weight"": 0.0, ""diff_weight"": -0.0530597077915, ""gross_amount"": 0.0990236648406027, ""gross_amount_pct_nav"": 0.0530597077915, ""fee"": 2.9707099452180807e-05, ""fee_pct_nav"": 1.591791233745e-05, ""name"": ""中国人民保险集团""}, {""ts_code"": ""01810.HK"", ""side"": ""buy"", ""current_weight"": 0.06813271630496444, ""target_weight"": 0.08138545843327848, ""post_trade_weight"": 0.08138844503970806, ""diff_weight"": 0.013252742128314034, ""gross_amount"": 0.024733176064406004, ""gross_amount_pct_nav"": 0.013252742128314034, ""fee"": 7.419952819321801e-06, ""fee_pct_nav"": 3.97582263849421e-06, ""name"": ""小米集团-W""}, {""ts_code"": ""02388.HK"", ""side"": ""buy"", ""current_weight"": 0.0, ""target_weight"": 0.05600656920402149, ""post_trade_weight"": 0.05600862448002415, ""diff_weight"": 0.05600656920402149, ""gross_amount"": 0.10452329966693659, ""gross_amount_pct_nav"": 0.05600656920402149, ""fee"": 3.1356989900080976e-05, ""fee_pct_nav"": 1.6801970761206447e-05, ""name"": ""中银香港""}]"
2025-06-30,0.10789896,0.21579792,0.20266366,0.20355723,0.00012187,0.00006080,0.00006107,0.00000000,rebalance,"[{""ts_code"": ""01658.HK"", ""side"": ""buy"", ""current_weight"": 0.0, ""target_weight"": 0.05384801776981678, ""post_trade_weight"": 0.05385150408260516, ""diff_weight"": 0.05384801776981678, ""gross_amount"": 0.10136422790183337, ""gross_amount_pct_nav"": 0.05384801776981678, ""fee"": 3.040926837055001e-05, ""fee_pct_nav"": 1.615440533094503e-05, ""name"": ""邮储银行""}, {""ts_code"": ""02388.HK"", ""side"": ""sell"", ""current_weight"": 0.05489920740456576, ""target_weight"": 0.0, ""post_trade_weight"": 0.0, ""diff_weight"": -0.05489920740456576, ""gross_amount"": 0.10334300131110205, ""gross_amount_pct_nav"": 0.05489920740456576, ""fee"": 3.100290039333061e-05, ""fee_pct_nav"": 1.6469762221369725e-05, ""name"": ""中银香港""}, {""ts_code"": ""02628.HK"", ""side"": ""sell"", ""current_weight"": 0.05323709831550269, ""target_weight"": 0.0, ""post_trade_weight"": 0.0, ""diff_weight"": -0.05323709831550269, ""gross_amount"": 0.10021422496093649, ""gross_amount_pct_nav"": 0.05323709831550269, ""fee"": 3.0064267488280944e-05, ""fee_pct_nav"": 1.5971129494650805e-05, ""name"": ""中国人寿""}, {""ts_code"": ""03328.HK"", ""side"": ""buy"", ""current_weight"": 0.0, ""target_weight"": 0.0538135975880345, ""post_trade_weight"": 0.053817081672337515, ""diff_weight"": 0.0538135975880345, ""gross_amount"": 0.10129943489189353, ""gross_amount_pct_nav"": 0.0538135975880345, ""fee"": 3.0389830467568056e-05, ""fee_pct_nav"": 1.614407927641035e-05, ""name"": ""交通银行""}]"
2025-07-07,0.11402154,0.22804308,0.22501685,0.20710312,0.00012964,0.00006751,0.00006213,0.00000000,rebalance,"[{""ts_code"": ""00939.HK"", ""side"": ""buy"", ""current_weight"": 0.10203732799635815, ""target_weight"": 0.11292358914868271, ""post_trade_weight"": 0.11293131511000964, ""diff_weight"": 0.010886261152324564, ""gross_amount"": 0.020628431268669006, ""gross_amount_pct_nav"": 0.010886261152324564, ""fee"": 6.188529380600702e-06, ""fee_pct_nav"": 3.265878345697369e-06, ""name"": ""建设银行""}, {""ts_code"": ""01339.HK"", ""side"": ""buy"", ""current_weight"": 0.0, ""target_weight"": 0.05243279973028446, ""post_trade_weight"": 0.05243638705677694, ""diff_weight"": 0.05243279973028446, ""gross_amount"": 0.0993551771655875, ""gross_amount_pct_nav"": 0.05243279973028446, ""fee"": 2.980655314967625e-05, ""fee_pct_nav"": 1.5729839919085337e-05, ""name"": ""中国人民保险集团""}, {""ts_code"": ""01658.HK"", ""side"": ""sell"", ""current_weight"": 0.05554295362473897, ""target_weight"": 0.0, ""post_trade_weight"": 0.0, ""diff_weight"": -0.05554295362473897, ""gross_amount"": 0.10524862349661167, ""gross_amount_pct_nav"": 0.05554295362473897, ""fee"": 3.15745870489835e-05, ""fee_pct_nav"": 1.666288608742169e-05, ""name"": ""邮储银行""}, {""ts_code"": ""02628.HK"", ""side"": ""buy"", ""current_weight"": 0.0, ""target_weight"": 0.055429291200088125, ""post_trade_weight"": 0.05543308353934532, ""diff_weight"": 0.055429291200088125, ""gross_amount"": 0.10503324399377478, ""gross_amount_pct_nav"": 0.055429291200088125, ""fee"": 3.150997319813243e-05, ""fee_pct_nav"": 1.6628787360026435e-05, ""name"": ""中国人寿""}, {""ts_code"": ""03328.HK"", ""side"": ""sell"", ""current_weight"": 0.05375176983840229, ""target_weight"": 0.0, ""post_trade_weight"": 0.0, ""diff_weight"": -0.05375176983840229, ""gross_amount"": 0.10185450028856144, ""gross_amount_pct_nav"": 0.05375176983840229, ""fee"": 3.055635008656843e-05, ""fee_pct_nav"": 1.6125530951520684e-05, ""name"": ""交通银行""}]"
2025-07-14,0.13464255,0.26928510,0.25159004,0.26243965,0.00015421,0.00007548,0.00007873,0.00000000,rebalance,"[{""ts_code"": ""00005.HK"", ""side"": ""buy"", ""current_weight"": 0.06181064714209779, ""target_weight"": 0.07514499186498924, ""post_trade_weight"": 0.07515106298351501, ""diff_weight"": 0.01333434472289145, ""gross_amount"": 0.025453502569526165, ""gross_amount_pct_nav"": 0.01333434472289145, ""fee"": 7.636050770857849e-06, ""fee_pct_nav"": 4.000303416867435e-06, ""name"": ""汇丰控股""}, {""ts_code"": ""00388.HK"", ""side"": ""buy"", ""current_weight"": 0.0, ""target_weight"": 0.059540832744590454, ""post_trade_weight"": 0.05954564317099073, ""diff_weight"": 0.059540832744590454, ""gross_amount"": 0.11365558418888179, ""gross_amount_pct_nav"": 0.059540832744590454, ""fee"": 3.4096675256664535e-05, ""fee_pct_nav"": 1.7862249823377134e-05, ""name"": ""香港交易所""}, {""ts_code"": ""00941.HK"", ""side"": ""sell"", ""current_weight"": 0.07454795234564408, ""target_weight"": 0.0, ""post_trade_weight"": 0.0, ""diff_weight"": -0.07454795234564408, ""gross_amount"": 0.14230219302229846, ""gross_amount_pct_nav"": 0.07454795234564408, ""fee"": 4.2690657906689535e-05, ""fee_pct_nav"": 2.2364385703693225e-05, ""name"": ""中国移动""}, {""ts_code"": ""00981.HK"", ""side"": ""buy"", ""current_weight"": 0.0, ""target_weight"": 0.05892547761272506, ""post_trade_weight"": 0.058930238323317966, ""diff_weight"": 0.05892547761272506, ""gross_amount"": 0.11248095253238818, ""gross_amount_pct_nav"": 0.05892547761272506, ""fee"": 3.3744285759716455e-05, ""fee_pct_nav"": 1.7677643283817518e-05, ""name"": ""中芯国际""}, {""ts_code"": ""00998.HK"", ""side"": ""sell"", ""current_weight"": 0.06840432553633573, ""target_weight"": 0.055921038628258764, ""post_trade_weight"": 0.05592555660404359, ""diff_weight"": -0.012483286908076962, ""gross_amount"": 0.023828945628305995, ""gross_amount_pct_nav"": 0.012483286908076962, ""fee"": 7.1486836884917975e-06, ""fee_pct_nav"": 3.7449860724230883e-06, ""name"": ""中信银行""}, {""ts_code"": ""01339.HK"", ""side"": ""sell"", ""current_weight"": 0.05045320888597287, ""target_weight"": 0.0, ""post_trade_weight"": 0.0, ""diff_weight"": -0.05045320888597287, ""gross_amount"": 0.09630851074483694, ""gross_amount_pct_nav"": 0.05045320888597287, ""fee"": 2.889255322345108e-05, ""fee_pct_nav"": 1.513596266579186e-05, ""name"": ""中国人民保险集团""}]"
2025-07-21,0.06038303,0.12076605,0.10769581,0.12427393,0.00006959,0.00003231,0.00003728,0.00000000,rebalance,"[{""ts_code"": ""00998.HK"", ""side"": ""sell"", ""current_weight"": 0.053199376798800796, ""target_weight"": 0.0, ""post_trade_weight"": 0.0, ""diff_weight"": -0.053199376798800796, ""gross_amount"": 0.10218637821561682, ""gross_amount_pct_nav"": 0.053199376798800796, ""fee"": 3.065591346468505e-05, ""fee_pct_nav"": 1.595981303964024e-05, ""name"": ""中信银行""}, {""ts_code"": ""01398.HK"", ""side"": ""sell"", ""current_weight"": 0.11631391335737291, ""target_weight"": 0.10481488586685352, ""post_trade_weight"": 0.10481868342851243, ""diff_weight"": -0.011499027490519391, ""gross_amount"": 0.02208755145200267, ""gross_amount_pct_nav"": 0.011499027490519391, ""fee"": 6.6262654356008e-06, ""fee_pct_nav"": 3.449708247155817e-06, ""name"": ""工商银行""}, {""ts_code"": ""02388.HK"", ""side"": ""buy"", ""current_weight"": 0.0, ""target_weight"": 0.0560676504729296, ""post_trade_weight"": 0.05606968186721087, ""diff_weight"": 0.0560676504729296, ""gross_amount"": 0.10769581302721089, ""gross_amount_pct_nav"": 0.0560676504729296, ""fee"": 3.230874390816326e-05, ""fee_pct_nav"": 1.6820295141878878e-05, ""name"": ""中银香港""}]"
2025-07-28,0.08450142,0.16900284,0.18009744,0.15355794,0.00010010,0.00005403,0.00004607,0.00000000,rebalance,"[{""ts_code"": ""00700.HK"", ""side"": ""buy"", ""current_weight"": 0.15807922415107212, ""target_weight"": 0.1683346882211447, ""post_trade_weight"": 0.16834322336601143, ""diff_weight"": 0.010255464070072563, ""gross_amount"": 0.020246942533420964, ""gross_amount_pct_nav"": 0.010255464070072563, ""fee"": 6.074082760026289e-06, ""fee_pct_nav"": 3.0766392210217685e-06, ""name"": ""腾讯控股""}, {""ts_code"": ""01339.HK"", ""side"": ""buy"", ""current_weight"": 0.0, ""target_weight"": 0.05864803300036425, ""post_trade_weight"": 0.058651006656377146, ""diff_weight"": 0.05864803300036425, ""gross_amount"": 0.11578640866401568, ""gross_amount_pct_nav"": 0.05864803300036425, ""fee"": 3.47359225992047e-05, ""fee_pct_nav"": 1.7594409900109275e-05, ""name"": ""中国人民保险集团""}, {""ts_code"": ""01810.HK"", ""side"": ""buy"", ""current_weight"": 0.07966884603188358, ""target_weight"": 0.0911332620995133, ""post_trade_weight"": 0.09113788286783157, ""diff_weight"": 0.011464416067629725, ""gross_amount"": 0.02263372692981261, ""gross_amount_pct_nav"": 0.011464416067629725, ""fee"": 6.790118078943782e-06, ""fee_pct_nav"": 3.439324820288917e-06, ""name"": ""小米集团-W""}, {""ts_code"": ""02388.HK"", ""side"": ""sell"", ""current_weight"": 0.05366896865495913, ""target_weight"": 0.0, ""post_trade_weight"": 0.0, ""diff_weight"": -0.05366896865495913, ""gross_amount"": 0.10595644592582928, ""gross_amount_pct_nav"": 0.05366896865495913, ""fee"": 3.1786933777748785e-05, ""fee_pct_nav"": 1.610069059648774e-05, ""name"": ""中银香港""}, {""ts_code"": ""02628.HK"", ""side"": ""buy"", ""current_weight"": 0.06744858893575063, ""target_weight"": 0.07830347696832833, ""post_trade_weight"": 0.07830744722262681, ""diff_weight"": 0.0108548880325777, ""gross_amount"": 0.021430360703390827, ""gross_amount_pct_nav"": 0.0108548880325777, ""fee"": 6.4291082110172475e-06, ""fee_pct_nav"": 3.2564664097733094e-06, ""name"": ""中国人寿""}, {""ts_code"": ""03968.HK"", ""side"": ""sell"", ""current_weight"": 0.0663576944371087, ""target_weight"": 0.05561459145001096, ""post_trade_weight"": 0.05561741130015442, ""diff_weight"": -0.01074310298709775, ""gross_amount"": 0.021209668068083068, ""gross_amount_pct_nav"": 0.01074310298709775, ""fee"": 6.36290042042492e-06, ""fee_pct_nav"": 3.222930896129325e-06, ""name"": ""招商银行""}, {""ts_code"": ""03988.HK"", ""side"": ""sell"", ""current_weight"": 0.079873380493314, ""target_weight"": 0.06650541303583196, ""post_trade_weight"": 0.0665087850879068, ""diff_weight"": -0.013367967457482026, ""gross_amount"": 0.02639183044774346, ""gross_amount_pct_nav"": 0.013367967457482026, ""fee"": 7.917549134323036e-06, ""fee_pct_nav"": 4.010390237244607e-06, ""name"": ""中国银行""}]"
2025-08-04,0.07304140,0.14608281,0.12526081,0.15484385,0.00008403,0.00003758,0.00004645,0.00000000,rebalance,"[{""ts_code"": ""00005.HK"", ""side"": ""sell"", ""current_weight"": 0.07465426195794102, ""target_weight"": 0.06089172118080032, ""post_trade_weight"": 0.0608943898678662, ""diff_weight"": -0.013762540777140692, ""gross_amount"": 0.026388811799634676, ""gross_amount_pct_nav"": 0.013762540777140692, ""fee"": 7.916643539890402e-06, ""fee_pct_nav"": 4.128762233142207e-06, ""name"": ""汇丰控股""}, {""ts_code"": ""00700.HK"", ""side"": ""buy"", ""current_weight"": 0.17160706392287645, ""target_weight"": 0.18192599697993334, ""post_trade_weight"": 0.18193397020758517, ""diff_weight"": 0.010318933057056898, ""gross_amount"": 0.01978590921728607, ""gross_amount_pct_nav"": 0.010318933057056898, ""fee"": 5.93577276518582e-06, ""fee_pct_nav"": 3.095679917117069e-06, ""name"": ""腾讯控股""}, {""ts_code"": ""00939.HK"", ""side"": ""sell"", ""current_weight"": 0.1077859712177874, ""target_weight"": 0.09589472014858384, ""post_trade_weight"": 0.09589892290380876, ""diff_weight"": -0.011891251069203546, ""gross_amount"": 0.02280073073778832, ""gross_amount_pct_nav"": 0.011891251069203546, ""fee"": 6.840219221336496e-06, ""fee_pct_nav"": 3.5673753207610635e-06, ""name"": ""建设银行""}, {""ts_code"": ""02359.HK"", ""side"": ""buy"", ""current_weight"": 0.0, ""target_weight"": 0.05500826079990831, ""post_trade_weight"": 0.05501067163394727, ""diff_weight"": 0.05500826079990831, ""gross_amount"": 0.10547490214053246, ""gross_amount_pct_nav"": 0.05500826079990831, ""fee"": 3.164247064215973e-05, ""fee_pct_nav"": 1.650247823997249e-05, ""name"": ""药明康德""}, {""ts_code"": ""03968.HK"", ""side"": ""sell"", ""current_weight"": 0.05510182376794388, ""target_weight"": 0.0, ""post_trade_weight"": 0.0, ""diff_weight"": -0.05510182376794388, ""gross_amount"": 0.10565430328417934, ""gross_amount_pct_nav"": 0.05510182376794388, ""fee"": 3.16962909852538e-05, ""fee_pct_nav"": 1.6530547130383164e-05, ""name"": ""招商银行""}]"
2025-08-11,0.18289749,0.36579497,0.34851012,0.35258408,0.00021033,0.00010455,0.00010578,0.00000000,rebalance,"[{""ts_code"": ""00700.HK"", ""side"": ""buy"", ""current_weight"": 0.18564254567817487, ""target_weight"": 0.19997805230154259, ""post_trade_weight"": 0.19999999999999998, ""diff_weight"": 0.0143355066233677, ""gross_amount"": 0.027475884556655283, ""gross_amount_pct_nav"": 0.0143355066233677, ""fee"": 8.242765366996585e-06, ""fee_pct_nav"": 4.30065198701031e-06, ""name"": ""腾讯控股""}, {""ts_code"": ""00981.HK"", ""side"": ""sell"", ""current_weight"": 0.06152952906621997, ""target_weight"": 0.0, ""post_trade_weight"": 0.0, ""diff_weight"": -0.06152952906621997, ""gross_amount"": 0.11792943785419387, ""gross_amount_pct_nav"": 0.06152952906621997, ""fee"": 3.537883135625816e-05, ""fee_pct_nav"": 1.8458858719865992e-05, ""name"": ""中芯国际""}, {""ts_code"": ""01378.HK"", ""side"": ""buy"", ""current_weight"": 0.0, ""target_weight"": 0.054195986468266816, ""post_trade_weight"": 0.05420193450683864, ""diff_weight"": 0.054195986468266816, ""gross_amount"": 0.10387373859594613, ""gross_amount_pct_nav"": 0.054195986468266816, ""fee"": 3.1162121578783835e-05, ""fee_pct_nav"": 1.6258795940480042e-05, ""name"": ""中国宏桥""}, {""ts_code"": ""02359.HK"", ""side"": ""sell"", ""current_weight"": 0.055689792934168585, ""target_weight"": 0.0, ""post_trade_weight"": 0.0, ""diff_weight"": -0.055689792934168585, ""gross_amount"": 0.10673681522695956, ""gross_amount_pct_nav"": 0.055689792934168585, ""fee"": 3.2021044568087865e-05, ""fee_pct_nav"": 1.6706937880250573e-05, ""name"": ""药明康德""}, {""ts_code"": ""03988.HK"", ""side"": ""sell"", ""current_weight"": 0.06674095654138319, ""target_weight"": 0.0, ""post_trade_weight"": 0.0, ""diff_weight"": -0.06674095654138319, ""gross_amount"": 0.1279178242743543, ""gross_amount_pct_nav"": 0.06674095654138319, ""fee"": 3.837534728230629e-05, ""fee_pct_nav"": 2.0022286962414957e-05, ""name"": ""中国银行""}, {""ts_code"": ""06618.HK"", ""side"": ""buy"", ""current_weight"": 0.0, ""target_weight"": 0.051592658875818716, ""post_trade_weight"": 0.05159832119779151, ""diff_weight"": 0.051592658875818716, ""gross_amount"": 0.0988841187469578, ""gross_amount_pct_nav"": 0.051592658875818716, ""fee"": 2.9665235624087337e-05, ""fee_pct_nav"": 1.5477797662745613e-05, ""name"": ""京东健康""}, {""ts_code"": ""09992.HK"", ""side"": ""buy"", ""current_weight"": 0.0, ""target_weight"": 0.061710543780908886, ""post_trade_weight"": 0.06171731654617466, ""diff_weight"": 0.061710543780908886, ""gross_amount"": 0.11827637637087951, ""gross_amount_pct_nav"": 0.061710543780908886, ""fee"": 3.548291291126385e-05, ""fee_pct_nav"": 1.8513163134272662e-05, ""name"": ""泡泡玛特""}]"
2025-08-18,0.15225760,0.30451521,0.29076147,0.31786991,0.00018259,0.00008723,0.00009536,0.00000000,rebalance,"[{""ts_code"": ""01288.HK"", ""side"": ""buy"", ""current_weight"": 0.08818049167118897, ""target_weight"": 0.10393122213909634, ""post_trade_weight"": 0.10394071759779372, ""diff_weight"": 0.015750730467907384, ""gross_amount"": 0.031480821417724875, ""gross_amount_pct_nav"": 0.015750730467907384, ""fee"": 9.444246425317461e-06, ""fee_pct_nav"": 4.725219140372215e-06, ""name"": ""农业银行""}, {""ts_code"": ""01336.HK"", ""side"": ""buy"", ""current_weight"": 0.0, ""target_weight"": 0.05729063595953268, ""post_trade_weight"": 0.05729587019864104, ""diff_weight"": 0.05729063595953268, ""gross_amount"": 0.11450619913944556, ""gross_amount_pct_nav"": 0.05729063595953268, ""fee"": 3.4351859741833664e-05, ""fee_pct_nav"": 1.7187190787859805e-05, ""name"": ""新华保险""}, {""ts_code"": ""01398.HK"", ""side"": ""sell"", ""current_weight"": 0.0964657236780117, ""target_weight"": 0.0, ""post_trade_weight"": 0.0, ""diff_weight"": -0.0964657236780117, ""gross_amount"": 0.1928050401361828, ""gross_amount_pct_nav"": 0.0964657236780117, ""fee"": 5.7841512040854836e-05, ""fee_pct_nav"": 2.893971710340351e-05, ""name"": ""工商银行""}, {""ts_code"": ""01810.HK"", ""side"": ""buy"", ""current_weight"": 0.08407613626954115, ""target_weight"": 0.09834249035774198, ""post_trade_weight"": 0.0983514752136512, ""diff_weight"": 0.014266354088200837, ""gross_amount"": 0.02851401376258511, ""gross_amount_pct_nav"": 0.014266354088200837, ""fee"": 8.554204128775533e-06, ""fee_pct_nav"": 4.279906226460251e-06, ""name"": ""小米集团-W""}, {""ts_code"": ""02318.HK"", ""side"": ""buy"", ""current_weight"": 0.0, ""target_weight"": 0.058168330597521474, ""post_trade_weight"": 0.05817364502536438, ""diff_weight"": 0.058168330597521474, ""gross_amount"": 0.11626043829769399, ""gross_amount_pct_nav"": 0.058168330597521474, ""fee"": 3.487813148930819e-05, ""fee_pct_nav"": 1.745049917925644e-05, ""name"": ""中国平安""}, {""ts_code"": ""06618.HK"", ""side"": ""sell"", ""current_weight"": 0.0625734308254588, ""target_weight"": 0.0, ""post_trade_weight"": 0.0, ""diff_weight"": -0.0625734308254588, ""gross_amount"": 0.12506486637710473, ""gross_amount_pct_nav"": 0.0625734308254588, ""fee"": 3.7519459913131414e-05, ""fee_pct_nav"": 1.8772029247637636e-05, ""name"": ""京东健康""}]"
2025-08-25,0.05809058,0.11618116,0.12839897,0.11053489,0.00007168,0.00003852,0.00003316,0.00000000,rebalance,"[{""ts_code"": ""00981.HK"", ""side"": ""buy"", ""current_weight"": 0.0, ""target_weight"": 0.06243377062384008, ""post_trade_weight"": 0.062435946788116654, ""diff_weight"": 0.06243377062384008, ""gross_amount"": 0.12839896751730712, ""gross_amount_pct_nav"": 0.06243377062384008, ""fee"": 3.851969025519213e-05, ""fee_pct_nav"": 1.873013118715202e-05, ""name"": ""中芯国际""}, {""ts_code"": ""01336.HK"", ""side"": ""sell"", ""current_weight"": 0.05374739255352866, ""target_weight"": 0.0, ""post_trade_weight"": 0.0, ""diff_weight"": -0.05374739255352866, ""gross_amount"": 0.1105348858744937, ""gross_amount_pct_nav"": 0.05374739255352866, ""fee"": 3.3160465762348104e-05, ""fee_pct_nav"": 1.6124217766058597e-05, ""name"": ""新华保险""}]"
2025-09-01,0.12303668,0.24607336,0.24501640,0.25544032,0.00015014,0.00007350,0.00007663,0.00000000,rebalance,"[{""ts_code"": ""00981.HK"", ""side"": ""sell"", ""current_weight"": 0.0695232679385777, ""target_weight"": 0.0, ""post_trade_weight"": 0.0, ""diff_weight"": -0.0695232679385777, ""gross_amount"": 0.14139436474873007, ""gross_amount_pct_nav"": 0.0695232679385777, ""fee"": 4.241830942461902e-05, ""fee_pct_nav"": 2.085698038157331e-05, ""name"": ""中芯国际""}, {""ts_code"": ""02269.HK"", ""side"": ""buy"", ""current_weight"": 0.0, ""target_weight"": 0.054317665631340266, ""post_trade_weight"": 0.05432167576650144, ""diff_weight"": 0.054317665631340266, ""gross_amount"": 0.1104696607956143, ""gross_amount_pct_nav"": 0.054317665631340266, ""fee"": 3.3140898238684284e-05, ""fee_pct_nav"": 1.6295299689402078e-05, ""name"": ""药明生物""}, {""ts_code"": ""02318.HK"", ""side"": ""sell"", ""current_weight"": 0.056076120251088594, ""target_weight"": 0.0, ""post_trade_weight"": 0.0, ""diff_weight"": -0.056076120251088594, ""gross_amount"": 0.11404595375869031, ""gross_amount_pct_nav"": 0.056076120251088594, ""fee"": 3.421378612760709e-05, ""fee_pct_nav"": 1.6822836075326575e-05, ""name"": ""中国平安""}, {""ts_code"": ""02359.HK"", ""side"": ""buy"", ""current_weight"": 0.0, ""target_weight"": 0.06615630483915541, ""post_trade_weight"": 0.06616118899095179, ""diff_weight"": 0.06615630483915541, ""gross_amount"": 0.13454673484451113, ""gross_amount_pct_nav"": 0.06615630483915541, ""fee"": 4.0364020453353334e-05, ""fee_pct_nav"": 1.984689145174662e-05, ""name"": ""药明康德""}]"
2025-09-08,0.08004842,0.16009684,0.14894475,0.17734892,0.00009789,0.00004468,0.00005320,0.00000000,rebalance,"[{""ts_code"": ""00005.HK"", ""side"": ""buy"", ""current_weight"": 0.060905218549961414, ""target_weight"": 0.07218442132072675, ""post_trade_weight"": 0.07218788843650635, ""diff_weight"": 0.011279202770765332, ""gross_amount"": 0.022988164335479372, ""gross_amount_pct_nav"": 0.011279202770765332, ""fee"": 6.896449300643811e-06, ""fee_pct_nav"": 3.3837608312295997e-06, ""name"": ""汇丰控股""}, {""ts_code"": ""01810.HK"", ""side"": ""sell"", ""current_weight"": 0.09953123759020296, ""target_weight"": 0.08130907008832865, ""post_trade_weight"": 0.08131297547337947, ""diff_weight"": -0.018222167501874317, ""gross_amount"": 0.03713863378424706, ""gross_amount_pct_nav"": 0.018222167501874317, ""fee"": 1.1141590135274117e-05, ""fee_pct_nav"": 5.466650250562295e-06, ""name"": ""小米集团-W""}, {""ts_code"": ""02269.HK"", ""side"": ""sell"", ""current_weight"": 0.05872159012534914, ""target_weight"": 0.0, ""post_trade_weight"": 0.0, ""diff_weight"": -0.05872159012534914, ""gross_amount"": 0.11968058304094069, ""gross_amount_pct_nav"": 0.05872159012534914, ""fee"": 3.59041749122822e-05, ""fee_pct_nav"": 1.761647703760474e-05, ""name"": ""药明生物""}, {""ts_code"": ""02359.HK"", ""side"": ""sell"", ""current_weight"": 0.06726653960624253, ""target_weight"": 0.05719358834954122, ""post_trade_weight"": 0.05719633543525626, ""diff_weight"": -0.010072951256701304, ""gross_amount"": 0.02052970086081811, ""gross_amount_pct_nav"": 0.010072951256701304, ""fee"": 6.158910258245432e-06, ""fee_pct_nav"": 3.021885377010391e-06, ""name"": ""药明康德""}, {""ts_code"": ""02899.HK"", ""side"": ""buy"", ""current_weight"": 0.0, ""target_weight"": 0.06180092521054835, ""post_trade_weight"": 0.06180389359290941, ""diff_weight"": 0.06180092521054835, ""gross_amount"": 0.1259565816572652, ""gross_amount_pct_nav"": 0.06180092521054835, ""fee"": 3.778697449717956e-05, ""fee_pct_nav"": 1.8540277563164505e-05, ""name"": ""紫金矿业""}]"
2025-09-15,0.06013528,0.12027056,0.11853066,0.13277321,0.00007539,0.00003556,0.00003983,0.00000000,rebalance,"[{""ts_code"": ""00700.HK"", ""side"": ""sell"", ""current_weight"": 0.21041020957349857, ""target_weight"": 0.19999278376644947, ""post_trade_weight"": 0.20000000000001325, ""diff_weight"": -0.010417425807049104, ""gross_amount"": 0.021767084771609935, ""gross_amount_pct_nav"": 0.010417425807049104, ""fee"": 6.53012543148298e-06, ""fee_pct_nav"": 3.125227742114731e-06, ""name"": ""腾讯控股""}, {""ts_code"": ""02359.HK"", ""side"": ""sell"", ""current_weight"": 0.0531259963661831, ""target_weight"": 0.0, ""post_trade_weight"": 0.0, ""diff_weight"": -0.0531259963661831, ""gross_amount"": 0.11100612453572313, ""gross_amount_pct_nav"": 0.0531259963661831, ""fee"": 3.330183736071694e-05, ""fee_pct_nav"": 1.5937798909854928e-05, ""name"": ""药明康德""}, {""ts_code"": ""06618.HK"", ""side"": ""buy"", ""current_weight"": 0.0, ""target_weight"": 0.0567271372230788, ""post_trade_weight"": 0.05672918407828976, ""diff_weight"": 0.0567271372230788, ""gross_amount"": 0.1185306646436561, ""gross_amount_pct_nav"": 0.0567271372230788, ""fee"": 3.5559199393096824e-05, ""fee_pct_nav"": 1.701814116692364e-05, ""name"": ""京东健康""}]"
2025-09-22,0.12069487,0.24138973,0.25983798,0.23417660,0.00014820,0.00007795,0.00007025,0.00000000,rebalance,"[{""ts_code"": ""00981.HK"", ""side"": ""buy"", ""current_weight"": 0.0, ""target_weight"": 0.060682570208185155, ""post_trade_weight"": 0.06068696497121521, ""diff_weight"": 0.060682570208185155, ""gross_amount"": 0.12418951916769978, ""gross_amount_pct_nav"": 0.060682570208185155, ""fee"": 3.725685575030993e-05, ""fee_pct_nav"": 1.8204771062455544e-05, ""name"": ""中芯国际""}, {""ts_code"": ""01339.HK"", ""side"": ""sell"", ""current_weight"": 0.05821383282797482, ""target_weight"": 0.0, ""post_trade_weight"": 0.0, ""diff_weight"": -0.05821383282797482, ""gross_amount"": 0.11913714074754028, ""gross_amount_pct_nav"": 0.05821383282797482, ""fee"": 3.574114222426208e-05, ""fee_pct_nav"": 1.7464149848392444e-05, ""name"": ""中国人民保险集团""}, {""ts_code"": ""06618.HK"", ""side"": ""sell"", ""current_weight"": 0.05621158804785687, ""target_weight"": 0.0, ""post_trade_weight"": 0.0, ""diff_weight"": -0.05621158804785687, ""gross_amount"": 0.11503945972239898, ""gross_amount_pct_nav"": 0.05621158804785687, ""fee"": 3.4511837916719695e-05, ""fee_pct_nav"": 1.686347641435706e-05, ""name"": ""京东健康""}, {""ts_code"": ""09633.HK"", ""side"": ""buy"", ""current_weight"": 0.0, ""target_weight"": 0.06628173910134479, ""post_trade_weight"": 0.0662865393683007, ""diff_weight"": 0.06628173910134479, ""gross_amount"": 0.13564846182940074, ""gross_amount_pct_nav"": 0.06628173910134479, ""fee"": 4.069453854882022e-05, ""fee_pct_nav"": 1.9884521730403432e-05, ""name"": ""农夫山泉""}]"
2025-09-29,0.06923493,0.13846985,0.15157609,0.13552204,0.00008613,0.00004547,0.00004066,0.00000000,rebalance,"[{""ts_code"": ""01339.HK"", ""side"": ""buy"", ""current_weight"": 0.0, ""target_weight"": 0.062187976656994326, ""post_trade_weight"": 0.06219056011234524, ""diff_weight"": 0.062187976656994326, ""gross_amount"": 0.12893818797860462, ""gross_amount_pct_nav"": 0.062187976656994326, ""fee"": 3.8681456393581386e-05, ""fee_pct_nav"": 1.8656392997098296e-05, ""name"": ""中国人民保险集团""}, {""ts_code"": ""09633.HK"", ""side"": ""sell"", ""current_weight"": 0.06536342504424564, ""target_weight"": 0.0, ""post_trade_weight"": 0.0, ""diff_weight"": -0.06536342504424564, ""gross_amount"": 0.1355220420140891, ""gross_amount_pct_nav"": 0.06536342504424564, ""fee"": 4.0656612604226724e-05, ""fee_pct_nav"": 1.9609027513273687e-05, ""name"": ""农夫山泉""}, {""ts_code"": ""09992.HK"", ""side"": ""buy"", ""current_weight"": 0.05506844736619834, ""target_weight"": 0.06598690058933691, ""post_trade_weight"": 0.06598964186217746, ""diff_weight"": 0.010918453223138573, ""gross_amount"": 0.02263790606801011, ""gross_amount_pct_nav"": 0.010918453223138573, ""fee"": 6.791371820403032e-06, ""fee_pct_nav"": 3.2755359669415716e-06, ""name"": ""泡泡玛特""}]"
2025-10-06,0.07609033,0.15218066,0.17803612,0.14347117,0.00009645,0.00005341,0.00004304,0.00000000,rebalance,"[{""ts_code"": ""00005.HK"", ""side"": ""buy"", ""current_weight"": 0.07593615591894025, ""target_weight"": 0.09416741242542308, ""post_trade_weight"": 0.09417171175942904, ""diff_weight"": 0.018231256506482822, ""gross_amount"": 0.03851660098844886, ""gross_amount_pct_nav"": 0.018231256506482822, ""fee"": 1.1554980296534658e-05, ""fee_pct_nav"": 5.469376951944847e-06, ""name"": ""汇丰控股""}, {""ts_code"": ""00388.HK"", ""side"": ""sell"", ""current_weight"": 0.05770852009167886, ""target_weight"": 0.0, ""post_trade_weight"": 0.0, ""diff_weight"": -0.05770852009167886, ""gross_amount"": 0.1219189714770729, ""gross_amount_pct_nav"": 0.05770852009167886, ""fee"": 3.657569144312186e-05, ""fee_pct_nav"": 1.7312556027503655e-05, ""name"": ""香港交易所""}, {""ts_code"": ""00981.HK"", ""side"": ""buy"", ""current_weight"": 0.07296816494951101, ""target_weight"": 0.08362449638230486, ""post_trade_weight"": 0.08362831436595514, ""diff_weight"": 0.01065633143279385, ""gross_amount"": 0.02251329554008724, ""gross_amount_pct_nav"": 0.01065633143279385, ""fee"": 6.753988662026172e-06, ""fee_pct_nav"": 3.1968994298381545e-06, ""name"": ""中芯国际""}, {""ts_code"": ""02628.HK"", ""side"": ""sell"", ""current_weight"": 0.06909601307489312, ""target_weight"": 0.05889460293640732, ""post_trade_weight"": 0.05889729184505046, ""diff_weight"": -0.010201410138485804, ""gross_amount"": 0.02155219766031241, ""gross_amount_pct_nav"": 0.010201410138485804, ""fee"": 6.465659298093723e-06, ""fee_pct_nav"": 3.0604230415457404e-06, ""name"": ""中国人寿""}, {""ts_code"": ""03993.HK"", ""side"": ""buy"", ""current_weight"": 0.0, ""target_weight"": 0.055383142938549026, ""post_trade_weight"": 0.0553856715269817, ""diff_weight"": 0.055383142938549026, ""gross_amount"": 0.11700622045945058, ""gross_amount_pct_nav"": 0.055383142938549026, ""fee"": 3.5101866137835175e-05, ""fee_pct_nav"": 1.661494288156471e-05, ""name"": ""洛阳钼业""}]"
2025-10-13,0.06655585,0.13311170,0.12984417,0.14344385,0.00008199,0.00003895,0.00004303,0.00000000,rebalance,"[{""ts_code"": ""00005.HK"", ""side"": ""sell"", ""current_weight"": 0.08964858603279145, ""target_weight"": 0.0790881812401086, ""post_trade_weight"": 0.07909133963490307, ""diff_weight"": -0.010560404792682868, ""gross_amount"": 0.021681280392241903, ""gross_amount_pct_nav"": 0.010560404792682868, ""fee"": 6.50438411767257e-06, ""fee_pct_nav"": 3.16812143780486e-06, ""name"": ""汇丰控股""}, {""ts_code"": ""03993.HK"", ""side"": ""sell"", ""current_weight"": 0.059307476951387196, ""target_weight"": 0.0, ""post_trade_weight"": 0.0, ""diff_weight"": -0.059307476951387196, ""gross_amount"": 0.1217625708846315, ""gross_amount_pct_nav"": 0.059307476951387196, ""fee"": 3.6528771265389445e-05, ""fee_pct_nav"": 1.7792243085416157e-05, ""name"": ""洛阳钼业""}, {""ts_code"": ""09633.HK"", ""side"": ""buy"", ""current_weight"": 0.0, ""target_weight"": 0.06324381792974887, ""post_trade_weight"": 0.06324634357823643, ""diff_weight"": 0.06324381792974887, ""gross_amount"": 0.1298441656858521, ""gross_amount_pct_nav"": 0.06324381792974887, ""fee"": 3.895324970575563e-05, ""fee_pct_nav"": 1.8973145378924657e-05, ""name"": ""农夫山泉""}]"
2025-10-20,0.08026287,0.16052574,0.18765529,0.14268238,0.00009910,0.00005630,0.00004280,0.00000000,rebalance,"[{""ts_code"": ""01288.HK"", ""side"": ""buy"", ""current_weight"": 0.10620675138808203, ""target_weight"": 0.1305065497307303, ""post_trade_weight"": 0.13051283493140958, ""diff_weight"": 0.024299798342648293, ""gross_amount"": 0.050005306875964856, ""gross_amount_pct_nav"": 0.024299798342648293, ""fee"": 1.5001592062789455e-05, ""fee_pct_nav"": 7.289939502794487e-06, ""name"": ""农业银行""}, {""ts_code"": ""01810.HK"", ""side"": ""sell"", ""current_weight"": 0.06933570095459904, ""target_weight"": 0.0, ""post_trade_weight"": 0.0, ""diff_weight"": -0.06933570095459904, ""gross_amount"": 0.1426823776397228, ""gross_amount_pct_nav"": 0.06933570095459904, ""fee"": 4.2804713291916836e-05, ""fee_pct_nav"": 2.0800710286379708e-05, ""name"": ""小米集团-W""}, {""ts_code"": ""01929.HK"", ""side"": ""buy"", ""current_weight"": 0.0, ""target_weight"": 0.05607913402966525, ""post_trade_weight"": 0.05608183480301359, ""diff_weight"": 0.05607913402966525, ""gross_amount"": 0.11540236947440262, ""gross_amount_pct_nav"": 0.05607913402966525, ""fee"": 3.462071084232078e-05, ""fee_pct_nav"": 1.6823740208899574e-05, ""name"": ""周大福""}, {""ts_code"": ""02628.HK"", ""side"": ""buy"", ""current_weight"": 0.06583846310654275, ""target_weight"": 0.07664956613270195, ""post_trade_weight"": 0.07665325757888697, ""diff_weight"": 0.0108111030261592, ""gross_amount"": 0.02224761361669164, ""gross_amount_pct_nav"": 0.0108111030261592, ""fee"": 6.6742840850074915e-06, ""fee_pct_nav"": 3.2433309078477596e-06, ""name"": ""中国人寿""}]"
2025-10-27,0.12509012,0.25018024,0.27151813,0.26183057,0.00016000,0.00008146,0.00007855,0.00000000,rebalance,"[{""ts_code"": ""00857.HK"", ""side"": ""buy"", ""current_weight"": 0.0, ""target_weight"": 0.07018005314896966, ""post_trade_weight"": 0.07018532084313435, ""diff_weight"": 0.07018005314896966, ""gross_amount"": 0.14961389256299965, ""gross_amount_pct_nav"": 0.07018005314896966, ""fee"": 4.4884167768899887e-05, ""fee_pct_nav"": 2.1054015944690896e-05, ""name"": ""中国石油股份""}, {""ts_code"": ""00981.HK"", ""side"": ""sell"", ""current_weight"": 0.07536279997070747, ""target_weight"": 0.062702545159398, ""post_trade_weight"": 0.06270725159401049, ""diff_weight"": -0.012660254811309469, ""gross_amount"": 0.026989862762554245, ""gross_amount_pct_nav"": 0.012660254811309469, ""fee"": 8.096958828766272e-06, ""fee_pct_nav"": 3.7980764433928402e-06, ""name"": ""中芯国际""}, {""ts_code"": ""01929.HK"", ""side"": ""sell"", ""current_weight"": 0.05294330700889958, ""target_weight"": 0.0, ""post_trade_weight"": 0.0, ""diff_weight"": -0.05294330700889958, ""gross_amount"": 0.11286760113939438, ""gross_amount_pct_nav"": 0.05294330700889958, ""fee"": 3.386028034181831e-05, ""fee_pct_nav"": 1.588299210266987e-05, ""name"": ""周大福""}, {""ts_code"": ""02328.HK"", ""side"": ""buy"", ""current_weight"": 0.0, ""target_weight"": 0.05718216138808418, ""post_trade_weight"": 0.05718645346431314, ""diff_weight"": 0.05718216138808418, ""gross_amount"": 0.12190423584144201, ""gross_amount_pct_nav"": 0.05718216138808418, ""fee"": 3.65712707524326e-05, ""fee_pct_nav"": 1.715464841642525e-05, ""name"": ""中国财险""}, {""ts_code"": ""09992.HK"", ""side"": ""sell"", ""current_weight"": 0.05721446557911587, ""target_weight"": 0.0, ""post_trade_weight"": 0.0, ""diff_weight"": -0.05721446557911587, ""gross_amount"": 0.12197310378253762, ""gross_amount_pct_nav"": 0.05721446557911587, ""fee"": 3.6591931134761284e-05, ""fee_pct_nav"": 1.716433967373476e-05, ""name"": ""泡泡玛特""}]"
2025-11-03,0.17112055,0.34224111,0.32395581,0.39372762,0.00021531,0.00009719,0.00011812,0.00000000,rebalance,"[{""ts_code"": ""01288.HK"", ""side"": ""sell"", ""current_weight"": 0.13690946578834506, ""target_weight"": 0.09326284246684531, ""post_trade_weight"": 0.09327241896357687, ""diff_weight"": -0.04364662332149976, ""gross_amount"": 0.09152745802703305, ""gross_amount_pct_nav"": 0.04364662332149976, ""fee"": 2.7458237408109912e-05, ""fee_pct_nav"": 1.3093986996449927e-05, ""name"": ""农业银行""}, {""ts_code"": ""01339.HK"", ""side"": ""sell"", ""current_weight"": 0.0659247811524199, ""target_weight"": 0.0, ""post_trade_weight"": 0.0, ""diff_weight"": -0.0659247811524199, ""gross_amount"": 0.13824500455450392, ""gross_amount_pct_nav"": 0.0659247811524199, ""fee"": 4.1473501366351173e-05, ""fee_pct_nav"": 1.977743434572597e-05, ""name"": ""中国人民保险集团""}, {""ts_code"": ""01530.HK"", ""side"": ""buy"", ""current_weight"": 0.0, ""target_weight"": 0.05917045533652491, ""post_trade_weight"": 0.05917653112895357, ""diff_weight"": 0.05917045533652491, ""gross_amount"": 0.12408110765779454, ""gross_amount_pct_nav"": 0.05917045533652491, ""fee"": 3.7224332297338356e-05, ""fee_pct_nav"": 1.775113660095747e-05, ""name"": ""三生制药""}, {""ts_code"": ""02328.HK"", ""side"": ""sell"", ""current_weight"": 0.05609158687399345, ""target_weight"": 0.0, ""post_trade_weight"": 0.0, ""diff_weight"": -0.05609158687399345, ""gross_amount"": 0.11762468600291953, ""gross_amount_pct_nav"": 0.05609158687399345, ""fee"": 3.5287405800875856e-05, ""fee_pct_nav"": 1.6827476062198035e-05, ""name"": ""中国财险""}, {""ts_code"": ""02628.HK"", ""side"": ""sell"", ""current_weight"": 0.0786080347867367, ""target_weight"": 0.056514459829314516, ""post_trade_weight"": 0.056520262896490314, ""diff_weight"": -0.02209357495742218, ""gross_amount"": 0.046330474174080566, ""gross_amount_pct_nav"": 0.02209357495742218, ""fee"": 1.3899142252224169e-05, ""fee_pct_nav"": 6.628072487226654e-06, ""name"": ""中国人寿""}, {""ts_code"": ""02899.HK"", ""side"": ""buy"", ""current_weight"": 0.06983648789719323, ""target_weight"": 0.08253312865201953, ""post_trade_weight"": 0.08254160339089597, ""diff_weight"": 0.012696640754826308, ""gross_amount"": 0.026624997888422014, ""gross_amount_pct_nav"": 0.012696640754826308, ""fee"": 7.987499366526603e-06, ""fee_pct_nav"": 3.808992226447892e-06, ""name"": ""紫金矿业""}, {""ts_code"": ""03993.HK"", ""side"": ""buy"", ""current_weight"": 0.0, ""target_weight"": 0.06224712041021564, ""post_trade_weight"": 0.06225351212345738, ""diff_weight"": 0.06224712041021564, ""gross_amount"": 0.13053290878158857, ""gross_amount_pct_nav"": 0.06224712041021564, ""fee"": 3.915987263447657e-05, ""fee_pct_nav"": 1.867413612306469e-05, ""name"": ""洛阳钼业""}, {""ts_code"": ""09633.HK"", ""side"": ""buy"", ""current_weight"": 0.059969388279315944, ""target_weight"": 0.08033971089864754, ""post_trade_weight"": 0.08034796041108448, ""diff_weight"": 0.020370322619331603, ""gross_amount"": 0.042716794717533035, ""gross_amount_pct_nav"": 0.020370322619331603, ""fee"": 1.2815038415259909e-05, ""fee_pct_nav"": 6.11109678579948e-06, ""name"": ""农夫山泉""}]"
2025-11-10,0.24839901,0.49679803,0.55254640,0.52032803,0.00032186,0.00016576,0.00015610,0.00000000,rebalance,"[{""ts_code"": ""00005.HK"", ""side"": ""sell"", ""current_weight"": 0.0809770279690978, ""target_weight"": 0.07012249718387961, ""post_trade_weight"": 0.07013294975718103, ""diff_weight"": -0.010854530785218187, ""gross_amount"": 0.0234412133470098, ""gross_amount_pct_nav"": 0.010854530785218187, ""fee"": 7.032364004102939e-06, ""fee_pct_nav"": 3.256359235565456e-06, ""name"": ""汇丰控股""}, {""ts_code"": ""00700.HK"", ""side"": ""sell"", ""current_weight"": 0.1953060737107154, ""target_weight"": 0.16824657819959013, ""post_trade_weight"": 0.1682716573077504, ""diff_weight"": -0.027059495511125273, ""gross_amount"": 0.05843710980142486, ""gross_amount_pct_nav"": 0.027059495511125273, ""fee"": 1.7531132940427457e-05, ""fee_pct_nav"": 8.117848653337583e-06, ""name"": ""腾讯控股""}, {""ts_code"": ""00857.HK"", ""side"": ""buy"", ""current_weight"": 0.07595567302950905, ""target_weight"": 0.10074571414909313, ""post_trade_weight"": 0.10076073146884408, ""diff_weight"": 0.02479004111958407, ""gross_amount"": 0.05353604446510721, ""gross_amount_pct_nav"": 0.02479004111958407, ""fee"": 1.606081333953216e-05, ""fee_pct_nav"": 7.43701233587522e-06, ""name"": ""中国石油股份""}, {""ts_code"": ""00981.HK"", ""side"": ""sell"", ""current_weight"": 0.05584247151255737, ""target_weight"": 0.0, ""post_trade_weight"": 0.0, ""diff_weight"": -0.05584247151255737, ""gross_amount"": 0.12059621133810823, ""gross_amount_pct_nav"": 0.05584247151255737, ""fee"": 3.617886340143247e-05, ""fee_pct_nav"": 1.675274145376721e-05, ""name"": ""中芯国际""}, {""ts_code"": ""01088.HK"", ""side"": ""buy"", ""current_weight"": 0.0, ""target_weight"": 0.05348300173726837, ""post_trade_weight"": 0.0534909740003578, ""diff_weight"": 0.05348300173726837, ""gross_amount"": 0.11550075069749804, ""gross_amount_pct_nav"": 0.05348300173726837, ""fee"": 3.465022520924941e-05, ""fee_pct_nav"": 1.6044900521180507e-05, ""name"": ""中国神华""}, {""ts_code"": ""01288.HK"", ""side"": ""buy"", ""current_weight"": 0.0922101104970476, ""target_weight"": 0.10850451464819157, ""post_trade_weight"": 0.10852068850734437, ""diff_weight"": 0.016294404151143974, ""gross_amount"": 0.035189047930982514, ""gross_amount_pct_nav"": 0.016294404151143974, ""fee"": 1.0556714379294754e-05, ""fee_pct_nav"": 4.8883212453431925e-06, ""name"": ""农业银行""}, {""ts_code"": ""01398.HK"", ""side"": ""buy"", ""current_weight"": 0.0, ""target_weight"": 0.09210328467770541, ""post_trade_weight"": 0.09211701374288501, ""diff_weight"": 0.09210328467770541, ""gross_amount"": 0.1989042906424511, ""gross_amount_pct_nav"": 0.09210328467770541, ""fee"": 5.9671287192735324e-05, ""fee_pct_nav"": 2.763098540331162e-05, ""name"": ""工商银行""}, {""ts_code"": ""01530.HK"", ""side"": ""sell"", ""current_weight"": 0.052430105776600955, ""target_weight"": 0.0, ""post_trade_weight"": 0.0, ""diff_weight"": -0.052430105776600955, ""gross_amount"": 0.1132269390206432, ""gross_amount_pct_nav"": 0.052430105776600955, ""fee"": 3.3968081706192956e-05, ""fee_pct_nav"": 1.5729031732980286e-05, ""name"": ""三生制药""}, {""ts_code"": ""02600.HK"", ""side"": ""buy"", ""current_weight"": 0.0, ""target_weight"": 0.05540770120905244, ""post_trade_weight"": 0.05541596037097064, ""diff_weight"": 0.05540770120905244, ""gross_amount"": 0.11965729065668346, ""gross_amount_pct_nav"": 0.05540770120905244, ""fee"": 3.5897187197005034e-05, ""fee_pct_nav"": 1.662231036271573e-05, ""name"": ""中国铝业""}, {""ts_code"": ""02628.HK"", ""side"": ""buy"", ""current_weight"": 0.05947625850845153, ""target_weight"": 0.0732562496449923, ""post_trade_weight"": 0.07326716934052444, ""diff_weight"": 0.013779991136540779, ""gross_amount"": 0.02975897517297091, ""gross_amount_pct_nav"": 0.013779991136540779, ""fee"": 8.927692551891272e-06, ""fee_pct_nav"": 4.1339973409622335e-06, ""name"": ""中国人寿""}, {""ts_code"": ""02899.HK"", ""side"": ""sell"", ""current_weight"": 0.08383072635944619, ""target_weight"": 0.06506982676567173, ""post_trade_weight"": 0.06507952617971563, ""diff_weight"": -0.018760899593774458, ""gross_amount"": 0.040515638921803154, ""gross_amount_pct_nav"": 0.018760899593774458, ""fee"": 1.2154691676540945e-05, ""fee_pct_nav"": 5.628269878132336e-06, ""name"": ""紫金矿业""}, {""ts_code"": ""03993.HK"", ""side"": ""sell"", ""current_weight"": 0.06166965489967988, ""target_weight"": 0.0, ""post_trade_weight"": 0.0, ""diff_weight"": -0.06166965489967988, ""gross_amount"": 0.13318047238932826, ""gross_amount_pct_nav"": 0.06166965489967988, ""fee"": 3.995414171679848e-05, ""fee_pct_nav"": 1.8500896469903962e-05, ""name"": ""洛阳钼业""}, {""ts_code"": ""09633.HK"", ""side"": ""sell"", ""current_weight"": 0.08039870591157278, ""target_weight"": 0.06607626191111435, ""post_trade_weight"": 0.06608611134601537, ""diff_weight"": -0.014322444000458427, ""gross_amount"": 0.030930444816882785, ""gross_amount_pct_nav"": 0.014322444000458427, ""fee"": 9.279133445064835e-06, ""fee_pct_nav"": 4.296733200137528e-06, ""name"": ""农夫山泉""}]"
2025-11-17,0.11462364,0.22924728,0.23186576,0.26105549,0.00014788,0.00006956,0.00007832,0.00000000,rebalance,"[{""ts_code"": ""01088.HK"", ""side"": ""sell"", ""current_weight"": 0.05159102776464611, ""target_weight"": 0.0, ""post_trade_weight"": 0.0, ""diff_weight"": -0.05159102776464611, ""gross_amount"": 0.1109296211254848, ""gross_amount_pct_nav"": 0.05159102776464611, ""fee"": 3.327888633764544e-05, ""fee_pct_nav"": 1.547730832939383e-05, ""name"": ""中国神华""}, {""ts_code"": ""01378.HK"", ""side"": ""sell"", ""current_weight"": 0.07028812541285814, ""target_weight"": 0.05682226555759258, ""post_trade_weight"": 0.0568261737312864, ""diff_weight"": -0.013465859855265569, ""gross_amount"": 0.02895392467635853, ""gross_amount_pct_nav"": 0.013465859855265569, ""fee"": 8.686177402907558e-06, ""fee_pct_nav"": 4.03975795657967e-06, ""name"": ""中国宏桥""}, {""ts_code"": ""02600.HK"", ""side"": ""sell"", ""current_weight"": 0.0563545142635001, ""target_weight"": 0.0, ""post_trade_weight"": 0.0, ""diff_weight"": -0.0563545142635001, ""gross_amount"": 0.12117193990550222, ""gross_amount_pct_nav"": 0.0563545142635001, ""fee"": 3.6351581971650665e-05, ""fee_pct_nav"": 1.690635427905003e-05, ""name"": ""中国铝业""}, {""ts_code"": ""03993.HK"", ""side"": ""buy"", ""current_weight"": 0.0, ""target_weight"": 0.05030570040293567, ""post_trade_weight"": 0.0503091603743577, ""diff_weight"": 0.05030570040293567, ""gross_amount"": 0.1081659452803902, ""gross_amount_pct_nav"": 0.05030570040293567, ""fee"": 3.2449783584117054e-05, ""fee_pct_nav"": 1.50917101208807e-05, ""name"": ""洛阳钼业""}, {""ts_code"": ""06618.HK"", ""side"": ""buy"", ""current_weight"": 0.0, ""target_weight"": 0.05753017569607585, ""post_trade_weight"": 0.05753413255905993, ""diff_weight"": 0.05753017569607585, ""gross_amount"": 0.12369981506012055, ""gross_amount_pct_nav"": 0.05753017569607585, ""fee"": 3.7109944518036164e-05, ""fee_pct_nav"": 1.7259052708822755e-05, ""name"": ""京东健康""}]"
2025-11-24,0.10366892,0.20733784,0.21345879,0.21584707,0.00012879,0.00006404,0.00006475,0.00000000,rebalance,"[{""ts_code"": ""03692.HK"", ""side"": ""buy"", ""current_weight"": 0.0, ""target_weight"": 0.05189711355059899, ""post_trade_weight"": 0.05190034182198374, ""diff_weight"": 0.05189711355059899, ""gross_amount"": 0.1074561966357088, ""gross_amount_pct_nav"": 0.05189711355059899, ""fee"": 3.2236858990712634e-05, ""fee_pct_nav"": 1.5569134065179696e-05, ""name"": ""翰森制药""}, {""ts_code"": ""03968.HK"", ""side"": ""buy"", ""current_weight"": 0.0, ""target_weight"": 0.05119508243924737, ""post_trade_weight"": 0.051198267040632135, ""diff_weight"": 0.05119508243924737, ""gross_amount"": 0.10600259762056831, ""gross_amount_pct_nav"": 0.05119508243924737, ""fee"": 3.180077928617049e-05, ""fee_pct_nav"": 1.535852473177421e-05, ""name"": ""招商银行""}, {""ts_code"": ""03993.HK"", ""side"": ""sell"", ""current_weight"": 0.05040023794818732, ""target_weight"": 0.0, ""post_trade_weight"": 0.0, ""diff_weight"": -0.05040023794818732, ""gross_amount"": 0.10435682273863997, ""gross_amount_pct_nav"": 0.05040023794818732, ""fee"": 3.130704682159199e-05, ""fee_pct_nav"": 1.5120071384456197e-05, ""name"": ""洛阳钼业""}, {""ts_code"": ""06618.HK"", ""side"": ""sell"", ""current_weight"": 0.053845403117861255, ""target_weight"": 0.0, ""post_trade_weight"": 0.0, ""diff_weight"": -0.053845403117861255, ""gross_amount"": 0.11149025118170806, ""gross_amount_pct_nav"": 0.053845403117861255, ""fee"": 3.344707535451242e-05, ""fee_pct_nav"": 1.6153620935358377e-05, ""name"": ""京东健康""}]"
2025-12-01,0.20112093,0.40224185,0.41711426,0.42746724,0.00025337,0.00012513,0.00012824,0.00000000,rebalance,"[{""ts_code"": ""00005.HK"", ""side"": ""sell"", ""current_weight"": 0.07212272007577368, ""target_weight"": 0.06154139976151578, ""post_trade_weight"": 0.061548827015771086, ""diff_weight"": -0.010581320314257906, ""gross_amount"": 0.022217447896856368, ""gross_amount_pct_nav"": 0.010581320314257906, ""fee"": 6.66523436905691e-06, ""fee_pct_nav"": 3.1743960942773716e-06, ""name"": ""汇丰控股""}, {""ts_code"": ""00700.HK"", ""side"": ""buy"", ""current_weight"": 0.1650528848603389, ""target_weight"": 0.17890428498370475, ""post_trade_weight"": 0.17892587642649105, ""diff_weight"": 0.01385140012336586, ""gross_amount"": 0.02908358800221933, ""gross_amount_pct_nav"": 0.01385140012336586, ""fee"": 8.725076400665798e-06, ""fee_pct_nav"": 4.155420037009758e-06, ""name"": ""腾讯控股""}, {""ts_code"": ""00857.HK"", ""side"": ""sell"", ""current_weight"": 0.10385602908354168, ""target_weight"": 0.09179086389233321, ""post_trade_weight"": 0.09180194186727504, ""diff_weight"": -0.012065165191208458, ""gross_amount"": 0.025333055898652146, ""gross_amount_pct_nav"": 0.012065165191208458, ""fee"": 7.599916769595643e-06, ""fee_pct_nav"": 3.6195495573625372e-06, ""name"": ""中国石油股份""}, {""ts_code"": ""00939.HK"", ""side"": ""sell"", ""current_weight"": 0.09011436595433434, ""target_weight"": 0.07452990893825877, ""post_trade_weight"": 0.0745389037382707, ""diff_weight"": -0.015584457016075571, ""gross_amount"": 0.032722462932050445, ""gross_amount_pct_nav"": 0.015584457016075571, ""fee"": 9.816738879615133e-06, ""fee_pct_nav"": 4.675337104822671e-06, ""name"": ""建设银行""}, {""ts_code"": ""01378.HK"", ""side"": ""buy"", ""current_weight"": 0.057251775158076446, ""target_weight"": 0.06727926252914125, ""post_trade_weight"": 0.06728738226952496, ""diff_weight"": 0.010027487371064809, ""gross_amount"": 0.021054572736336458, ""gross_amount_pct_nav"": 0.010027487371064809, ""fee"": 6.3163718209009365e-06, ""fee_pct_nav"": 3.0082462113194423e-06, ""name"": ""中国宏桥""}, {""ts_code"": ""02400.HK"", ""side"": ""buy"", ""current_weight"": 0.0, ""target_weight"": 0.0538105218632418, ""post_trade_weight"": 0.05381701610011385, ""diff_weight"": 0.0538105218632418, ""gross_amount"": 0.11298518807603744, ""gross_amount_pct_nav"": 0.0538105218632418, ""fee"": 3.389555642281123e-05, ""fee_pct_nav"": 1.6143156558972537e-05, ""name"": ""心动公司""}, {""ts_code"": ""02600.HK"", ""side"": ""buy"", ""current_weight"": 0.0, ""target_weight"": 0.053659194677010545, ""post_trade_weight"": 0.05366567065064042, ""diff_weight"": 0.053659194677010545, ""gross_amount"": 0.11266744853355895, ""gross_amount_pct_nav"": 0.053659194677010545, ""fee"": 3.380023456006768e-05, ""fee_pct_nav"": 1.609775840310316e-05, ""name"": ""中国铝业""}, {""ts_code"": ""02899.HK"", ""side"": ""buy"", ""current_weight"": 0.06519125546403735, ""target_weight"": 0.07747572795034291, ""post_trade_weight"": 0.07748507827276542, ""diff_weight"": 0.01228447248630555, ""gross_amount"": 0.025793532309677597, ""gross_amount_pct_nav"": 0.01228447248630555, ""fee"": 7.738059692903279e-06, ""fee_pct_nav"": 3.6853417458916655e-06, ""name"": ""紫金矿业""}, {""ts_code"": ""03692.HK"", ""side"": ""sell"", ""current_weight"": 0.05153373342964177, ""target_weight"": 0.0, ""post_trade_weight"": 0.0, ""diff_weight"": -0.05153373342964177, ""gross_amount"": 0.1082046477565545, ""gross_amount_pct_nav"": 0.05153373342964177, ""fee"": 3.246139432696635e-05, ""fee_pct_nav"": 1.546012002889253e-05, ""name"": ""翰森制药""}, {""ts_code"": ""03968.HK"", ""side"": ""sell"", ""current_weight"": 0.05161013098317377, ""target_weight"": 0.0, ""post_trade_weight"": 0.0, ""diff_weight"": -0.05161013098317377, ""gross_amount"": 0.10836505861404998, ""gross_amount_pct_nav"": 0.05161013098317377, ""fee"": 3.250951758421499e-05, ""fee_pct_nav"": 1.548303929495213e-05, ""name"": ""招商银行""}, {""ts_code"": ""09633.HK"", ""side"": ""sell"", ""current_weight"": 0.06221148523798784, ""target_weight"": 0.0, ""post_trade_weight"": 0.0, ""diff_weight"": -0.06221148523798784, ""gross_amount"": 0.13062457149119766, ""gross_amount_pct_nav"": 0.06221148523798784, ""fee"": 3.91873714473593e-05, ""fee_pct_nav"": 1.8663445571396352e-05, ""name"": ""农夫山泉""}, {""ts_code"": ""09995.HK"", ""side"": ""buy"", ""current_weight"": 0.0, ""target_weight"": 0.05502248358479222, ""post_trade_weight"": 0.05502912408983316, ""diff_weight"": 0.05502248358479222, ""gross_amount"": 0.1155299268800644, ""gross_amount_pct_nav"": 0.05502248358479222, ""fee"": 3.465897806401932e-05, ""fee_pct_nav"": 1.6506745075437664e-05, ""name"": ""荣昌生物""}]"
2025-12-08,0.18773874,0.37547748,0.39587901,0.37684351,0.00023182,0.00011876,0.00011305,0.00000000,rebalance,"[{""ts_code"": ""00005.HK"", ""side"": ""buy"", ""current_weight"": 0.06199326064236639, ""target_weight"": 0.07310200296397663, ""post_trade_weight"": 0.07311023833841862, ""diff_weight"": 0.011108742321610238, ""gross_amount"": 0.022861491736584194, ""gross_amount_pct_nav"": 0.011108742321610238, ""fee"": 6.8584475209752575e-06, ""fee_pct_nav"": 3.332622696483071e-06, ""name"": ""汇丰控股""}, {""ts_code"": ""01288.HK"", ""side"": ""sell"", ""current_weight"": 0.10478967290941082, ""target_weight"": 0.09157826438688656, ""post_trade_weight"": 0.09158858122182123, ""diff_weight"": -0.013211408522524263, ""gross_amount"": 0.02718872200129907, ""gross_amount_pct_nav"": 0.013211408522524263, ""fee"": 8.15661660038972e-06, ""fee_pct_nav"": 3.963422556757278e-06, ""name"": ""农业银行""}, {""ts_code"": ""01378.HK"", ""side"": ""sell"", ""current_weight"": 0.0704140892404529, ""target_weight"": 0.05735947253411272, ""post_trade_weight"": 0.05736593441908113, ""diff_weight"": -0.013054616706340182, ""gross_amount"": 0.026866048677327614, ""gross_amount_pct_nav"": 0.013054616706340182, ""fee"": 8.059814603198283e-06, ""fee_pct_nav"": 3.916385011902054e-06, ""name"": ""中国宏桥""}, {""ts_code"": ""02400.HK"", ""side"": ""sell"", ""current_weight"": 0.04841592626547651, ""target_weight"": 0.0, ""post_trade_weight"": 0.0, ""diff_weight"": -0.04841592626547651, ""gross_amount"": 0.09963866891430594, ""gross_amount_pct_nav"": 0.04841592626547651, ""fee"": 2.989160067429178e-05, ""fee_pct_nav"": 1.4524777879642952e-05, ""name"": ""心动公司""}, {""ts_code"": ""02600.HK"", ""side"": ""sell"", ""current_weight"": 0.05810488149899822, ""target_weight"": 0.0, ""post_trade_weight"": 0.0, ""diff_weight"": -0.05810488149899822, ""gross_amount"": 0.11957827716108209, ""gross_amount_pct_nav"": 0.05810488149899822, ""fee"": 3.5873483148324625e-05, ""fee_pct_nav"": 1.7431464449699467e-05, ""name"": ""中国铝业""}, {""ts_code"": ""03692.HK"", ""side"": ""buy"", ""current_weight"": 0.0, ""target_weight"": 0.056403116202814844, ""post_trade_weight"": 0.05640947034856724, ""diff_weight"": 0.056403116202814844, ""gross_amount"": 0.11607609013306733, ""gross_amount_pct_nav"": 0.056403116202814844, ""fee"": 3.48228270399202e-05, ""fee_pct_nav"": 1.6920934860844452e-05, ""name"": ""翰森制药""}, {""ts_code"": ""03968.HK"", ""side"": ""buy"", ""current_weight"": 0.0, ""target_weight"": 0.06465429467932524, ""post_trade_weight"": 0.06466157836929785, ""diff_weight"": 0.06465429467932524, ""gross_amount"": 0.13305679263715428, ""gross_amount_pct_nav"": 0.06465429467932524, ""fee"": 3.991703779114628e-05, ""fee_pct_nav"": 1.939628840379757e-05, ""name"": ""招商银行""}, {""ts_code"": ""03993.HK"", ""side"": ""buy"", ""current_weight"": 0.0, ""target_weight"": 0.06019740351070544, ""post_trade_weight"": 0.06020418510543945, ""diff_weight"": 0.06019740351070544, ""gross_amount"": 0.12388463095832553, ""gross_amount_pct_nav"": 0.06019740351070544, ""fee"": 3.716538928749765e-05, ""fee_pct_nav"": 1.805922105321163e-05, ""name"": ""洛阳钼业""}, {""ts_code"": ""09995.HK"", ""side"": ""sell"", ""current_weight"": 0.05032709147427183, ""target_weight"": 0.0, ""post_trade_weight"": 0.0, ""diff_weight"": -0.05032709147427183, ""gross_amount"": 0.10357179530820253, ""gross_amount_pct_nav"": 0.05032709147427183, ""fee"": 3.107153859246076e-05, ""fee_pct_nav"": 1.5098127442281548e-05, ""name"": ""荣昌生物""}]"
2025-12-15,0.07231641,0.14463282,0.16401625,0.13010283,0.00008824,0.00004920,0.00003903,0.00000000,rebalance,"[{""ts_code"": ""00005.HK"", ""side"": ""buy"", ""current_weight"": 0.07879415202553658, ""target_weight"": 0.08917632917017933, ""post_trade_weight"": 0.08918019868533845, ""diff_weight"": 0.010382177144642736, ""gross_amount"": 0.02111274852799247, ""gross_amount_pct_nav"": 0.010382177144642736, ""fee"": 6.33382455839774e-06, ""fee_pct_nav"": 3.1146531433928204e-06, ""name"": ""汇丰控股""}, {""ts_code"": ""02318.HK"", ""side"": ""buy"", ""current_weight"": 0.0, ""target_weight"": 0.07027268375072511, ""post_trade_weight"": 0.07027573300401437, ""diff_weight"": 0.07027268375072511, ""gross_amount"": 0.14290350470293928, ""gross_amount_pct_nav"": 0.07027268375072511, ""fee"": 4.287105141088178e-05, ""fee_pct_nav"": 2.108180512521753e-05, ""name"": ""中国平安""}, {""ts_code"": ""03968.HK"", ""side"": ""sell"", ""current_weight"": 0.06397796179321323, ""target_weight"": 0.0, ""post_trade_weight"": 0.0, ""diff_weight"": -0.06397796179321323, ""gross_amount"": 0.13010282909405146, ""gross_amount_pct_nav"": 0.06397796179321323, ""fee"": 3.903084872821544e-05, ""fee_pct_nav"": 1.919338853796397e-05, ""name"": ""招商银行""}]"
2025-12-22,0.12735190,0.25470379,0.24834273,0.27525664,0.00015708,0.00007450,0.00008258,0.00000000,rebalance,"[{""ts_code"": ""01336.HK"", ""side"": ""buy"", ""current_weight"": 0.0, ""target_weight"": 0.05564736025773998, ""post_trade_weight"": 0.05565161266074345, ""diff_weight"": 0.05564736025773998, ""gross_amount"": 0.11439532480032726, ""gross_amount_pct_nav"": 0.05564736025773998, ""fee"": 3.431859744009817e-05, ""fee_pct_nav"": 1.669420807732199e-05, ""name"": ""新华保险""}, {""ts_code"": ""02388.HK"", ""side"": ""buy"", ""current_weight"": 0.0, ""target_weight"": 0.06515842747924325, ""post_trade_weight"": 0.06516340668924406, ""diff_weight"": 0.06515842747924325, ""gross_amount"": 0.1339474045209512, ""gross_amount_pct_nav"": 0.06515842747924325, ""fee"": 4.018422135628535e-05, ""fee_pct_nav"": 1.954752824377297e-05, ""name"": ""中银香港""}, {""ts_code"": ""02899.HK"", ""side"": ""sell"", ""current_weight"": 0.08662489929562803, ""target_weight"": 0.06438442978862521, ""post_trade_weight"": 0.06438934985206293, ""diff_weight"": -0.02224046950700282, ""gross_amount"": 0.04572015134557059, ""gross_amount_pct_nav"": 0.02224046950700282, ""fee"": 1.3716045403671175e-05, ""fee_pct_nav"": 6.672140852100846e-06, ""name"": ""紫金矿业""}, {""ts_code"": ""03692.HK"", ""side"": ""sell"", ""current_weight"": 0.051551465857409176, ""target_weight"": 0.0, ""post_trade_weight"": 0.0, ""diff_weight"": -0.051551465857409176, ""gross_amount"": 0.10597531766785032, ""gross_amount_pct_nav"": 0.051551465857409176, ""fee"": 3.179259530035509e-05, ""fee_pct_nav"": 1.5465439757222748e-05, ""name"": ""翰森制药""}, {""ts_code"": ""03993.HK"", ""side"": ""sell"", ""current_weight"": 0.060106067148808735, ""target_weight"": 0.0, ""post_trade_weight"": 0.0, ""diff_weight"": -0.060106067148808735, ""gross_amount"": 0.12356117239185473, ""gross_amount_pct_nav"": 0.060106067148808735, ""fee"": 3.706835171755642e-05, ""fee_pct_nav"": 1.803182014464262e-05, ""name"": ""洛阳钼业""}]"
2025-12-29,0.06362462,0.12724923,0.14738944,0.11449951,0.00007857,0.00004422,0.00003435,0.00000000,rebalance,"[{""ts_code"": ""01336.HK"", ""side"": ""sell"", ""current_weight"": 0.05563417160386457, ""target_weight"": 0.0, ""post_trade_weight"": 0.0, ""diff_weight"": -0.05563417160386457, ""gross_amount"": 0.11449950997774103, ""gross_amount_pct_nav"": 0.05563417160386457, ""fee"": 3.43498529933223e-05, ""fee_pct_nav"": 1.6690251481159367e-05, ""name"": ""新华保险""}, {""ts_code"": ""02318.HK"", ""side"": ""buy"", ""current_weight"": 0.07065915525716447, ""target_weight"": 0.080706851014398, ""post_trade_weight"": 0.08070993209744366, ""diff_weight"": 0.010047695757233537, ""gross_amount"": 0.020678949779289107, ""gross_amount_pct_nav"": 0.010047695757233537, ""fee"": 6.203684933786732e-06, ""fee_pct_nav"": 3.014308727170061e-06, ""name"": ""中国平安""}, {""ts_code"": ""03993.HK"", ""side"": ""buy"", ""current_weight"": 0.0, ""target_weight"": 0.0615673639532746, ""post_trade_weight"": 0.06156971436292208, ""diff_weight"": 0.0615673639532746, ""gross_amount"": 0.12671048745842198, ""gross_amount_pct_nav"": 0.0615673639532746, ""fee"": 3.801314623752659e-05, ""fee_pct_nav"": 1.8470209185982376e-05, ""name"": ""洛阳钼业""}]"
2026-01-05,0.05787740,0.11575481,0.12484429,0.12028926,0.00007354,0.00003745,0.00003609,0.00000000,rebalance,"[{""ts_code"": ""00981.HK"", ""side"": ""buy"", ""current_weight"": 0.0, ""target_weight"": 0.058952870379555655, ""post_trade_weight"": 0.058954917674062836, ""diff_weight"": 0.058952870379555655, ""gross_amount"": 0.12484428713373576, ""gross_amount_pct_nav"": 0.058952870379555655, ""fee"": 3.745328614012072e-05, ""fee_pct_nav"": 1.7685861113866696e-05, ""name"": ""中芯国际""}, {""ts_code"": ""01378.HK"", ""side"": ""sell"", ""current_weight"": 0.05680193504065299, ""target_weight"": 0.0, ""post_trade_weight"": 0.0, ""diff_weight"": -0.05680193504065299, ""gross_amount"": 0.12028925889970446, ""gross_amount_pct_nav"": 0.05680193504065299, ""fee"": 3.6086777669911336e-05, ""fee_pct_nav"": 1.7040580512195896e-05, ""name"": ""中国宏桥""}]"
2026-01-12,0.12950661,0.25901321,0.27197188,0.28465444,0.00016699,0.00008159,0.00008540,0.00000000,rebalance,"[{""ts_code"": ""00700.HK"", ""side"": ""buy"", ""current_weight"": 0.1757842514363304, ""target_weight"": 0.19998445920735416, ""post_trade_weight"": 0.19999999999999996, ""diff_weight"": 0.024200207771023767, ""gross_amount"": 0.0520068941166294, ""gross_amount_pct_nav"": 0.024200207771023767, ""fee"": 1.5602068234988817e-05, ""fee_pct_nav"": 7.260062331307129e-06, ""name"": ""腾讯控股""}, {""ts_code"": ""00939.HK"", ""side"": ""sell"", ""current_weight"": 0.06897675632875955, ""target_weight"": 0.0, ""post_trade_weight"": 0.0, ""diff_weight"": -0.06897675632875955, ""gross_amount"": 0.1482328952230557, ""gross_amount_pct_nav"": 0.06897675632875955, ""fee"": 4.4469868566916704e-05, ""fee_pct_nav"": 2.0693026898627863e-05, ""name"": ""建设银行""}, {""ts_code"": ""01378.HK"", ""side"": ""buy"", ""current_weight"": 0.0, ""target_weight"": 0.0519480125554385, ""post_trade_weight"": 0.05195204943557752, ""diff_weight"": 0.0519480125554385, ""gross_amount"": 0.11163766915153778, ""gross_amount_pct_nav"": 0.0519480125554385, ""fee"": 3.349130074546133e-05, ""fee_pct_nav"": 1.558440376663155e-05, ""name"": ""中国宏桥""}, {""ts_code"": ""02388.HK"", ""side"": ""sell"", ""current_weight"": 0.06348061874432082, ""target_weight"": 0.0, ""post_trade_weight"": 0.0, ""diff_weight"": -0.06348061874432082, ""gross_amount"": 0.13642154847310833, ""gross_amount_pct_nav"": 0.06348061874432082, ""fee"": 4.0926464541932496e-05, ""fee_pct_nav"": 1.9044185623296244e-05, ""name"": ""中银香港""}, {""ts_code"": ""02600.HK"", ""side"": ""buy"", ""current_weight"": 0.0, ""target_weight"": 0.05040761536377837, ""post_trade_weight"": 0.05041153253964915, ""diff_weight"": 0.05040761536377837, ""gross_amount"": 0.10832731436441304, ""gross_amount_pct_nav"": 0.05040761536377837, ""fee"": 3.249819430932391e-05, ""fee_pct_nav"": 1.5122284609133509e-05, ""name"": ""中国铝业""}]"
2026-01-19,0.11729836,0.23459671,0.23094842,0.27162032,0.00015077,0.00006928,0.00008149,0.00000000,rebalance,"[{""ts_code"": ""01378.HK"", ""side"": ""sell"", ""current_weight"": 0.05255431312105602, ""target_weight"": 0.0, ""post_trade_weight"": 0.0, ""diff_weight"": -0.05255431312105602, ""gross_amount"": 0.11258535734467476, ""gross_amount_pct_nav"": 0.05255431312105602, ""fee"": 3.377560720340243e-05, ""fee_pct_nav"": 1.5766293936316806e-05, ""name"": ""中国宏桥""}, {""ts_code"": ""02318.HK"", ""side"": ""sell"", ""current_weight"": 0.07987058784227073, ""target_weight"": 0.06789295447202592, ""post_trade_weight"": 0.06789773304755078, ""diff_weight"": -0.011977633370244814, ""gross_amount"": 0.025659285661793402, ""gross_amount_pct_nav"": 0.011977633370244814, ""fee"": 7.697785698538019e-06, ""fee_pct_nav"": 3.5932900110734435e-06, ""name"": ""中国平安""}, {""ts_code"": ""02388.HK"", ""side"": ""buy"", ""current_weight"": 0.0, ""target_weight"": 0.057098244579731075, ""post_trade_weight"": 0.05710226338074192, ""diff_weight"": 0.057098244579731075, ""gross_amount"": 0.12231967060353599, ""gross_amount_pct_nav"": 0.057098244579731075, ""fee"": 3.669590118106079e-05, ""fee_pct_nav"": 1.712947337391932e-05, ""name"": ""中银香港""}, {""ts_code"": ""02600.HK"", ""side"": ""sell"", ""current_weight"": 0.04904224212730757, ""target_weight"": 0.0, ""post_trade_weight"": 0.0, ""diff_weight"": -0.04904224212730757, ""gross_amount"": 0.1050615644460741, ""gross_amount_pct_nav"": 0.04904224212730757, ""fee"": 3.1518469333822225e-05, ""fee_pct_nav"": 1.4712672638192267e-05, ""name"": ""中国铝业""}, {""ts_code"": ""02628.HK"", ""side"": ""sell"", ""current_weight"": 0.08876203996341873, ""target_weight"": 0.07554514591715236, ""post_trade_weight"": 0.07555046308427389, ""diff_weight"": -0.013216894046266362, ""gross_amount"": 0.02831411259734304, ""gross_amount_pct_nav"": 0.013216894046266362, ""fee"": 8.49423377920291e-06, ""fee_pct_nav"": 3.965068213879908e-06, ""name"": ""中国人寿""}, {""ts_code"": ""03692.HK"", ""side"": ""buy"", ""current_weight"": 0.0, ""target_weight"": 0.05070738707762866, ""post_trade_weight"": 0.050710956064730535, ""diff_weight"": 0.05070738707762866, ""gross_amount"": 0.10862874909999114, ""gross_amount_pct_nav"": 0.05070738707762866, ""fee"": 3.2588624729997335e-05, ""fee_pct_nav"": 1.5212216123288597e-05, ""name"": ""翰森制药""}]"
2026-01-26,0.12070093,0.24140185,0.23599571,0.28536717,0.00015641,0.00007080,0.00008561,0.00000000,rebalance,"[{""ts_code"": ""01288.HK"", ""side"": ""sell"", ""current_weight"": 0.08310074353831357, ""target_weight"": 0.0, ""post_trade_weight"": 0.0, ""diff_weight"": -0.08310074353831357, ""gross_amount"": 0.17947518703120532, ""gross_amount_pct_nav"": 0.08310074353831357, ""fee"": 5.3842556109361594e-05, ""fee_pct_nav"": 2.4930223061494067e-05, ""name"": ""农业银行""}, {""ts_code"": ""01378.HK"", ""side"": ""buy"", ""current_weight"": 0.0, ""target_weight"": 0.055190822616666, ""post_trade_weight"": 0.05519481985616614, ""diff_weight"": 0.055190822616666, ""gross_amount"": 0.1191972874101341, ""gross_amount_pct_nav"": 0.055190822616666, ""fee"": 3.575918622304023e-05, ""fee_pct_nav"": 1.65572467849998e-05, ""name"": ""中国宏桥""}, {""ts_code"": ""03692.HK"", ""side"": ""sell"", ""current_weight"": 0.04903018782789445, ""target_weight"": 0.0, ""post_trade_weight"": 0.0, ""diff_weight"": -0.04903018782789445, ""gross_amount"": 0.10589197828933244, ""gross_amount_pct_nav"": 0.04903018782789445, ""fee"": 3.176759348679973e-05, ""fee_pct_nav"": 1.4709056348368335e-05, ""name"": ""翰森制药""}, {""ts_code"": ""09988.HK"", ""side"": ""buy"", ""current_weight"": 0.0, ""target_weight"": 0.05408009680427069, ""post_trade_weight"": 0.0540840135985649, ""diff_weight"": 0.05408009680427069, ""gross_amount"": 0.11679841930821243, ""gross_amount_pct_nav"": 0.05408009680427069, ""fee"": 3.503952579246373e-05, ""fee_pct_nav"": 1.6224029041281206e-05, ""name"": ""阿里巴巴-W""}]"
2026-02-02,0.05827283,0.11654565,0.13589465,0.11545510,0.00007540,0.00004077,0.00003464,0.00000000,rebalance,"[{""ts_code"": ""01299.HK"", ""side"": ""buy"", ""current_weight"": 0.0, ""target_weight"": 0.06301152654852608, ""post_trade_weight"": 0.06301372974144116, ""diff_weight"": 0.06301152654852608, ""gross_amount"": 0.1358946547255598, ""gross_amount_pct_nav"": 0.06301152654852608, ""fee"": 4.076839641766794e-05, ""fee_pct_nav"": 1.8903457964557822e-05, ""name"": ""友邦保险""}, {""ts_code"": ""09988.HK"", ""side"": ""sell"", ""current_weight"": 0.053534128084243474, ""target_weight"": 0.0, ""post_trade_weight"": 0.0, ""diff_weight"": -0.053534128084243474, ""gross_amount"": 0.11545509608372331, ""gross_amount_pct_nav"": 0.053534128084243474, ""fee"": 3.463652882511699e-05, ""fee_pct_nav"": 1.606023842527304e-05, ""name"": ""阿里巴巴-W""}]"
2026-02-09,0.11063853,0.22127705,0.25061400,0.22989707,0.00014415,0.00007518,0.00006897,0.00000000,rebalance,"[{""ts_code"": ""00016.HK"", ""side"": ""buy"", ""current_weight"": 0.0, ""target_weight"": 0.061071534055800396, ""post_trade_weight"": 0.061075588443633824, ""diff_weight"": 0.061071534055800396, ""gross_amount"": 0.13261903069211645, ""gross_amount_pct_nav"": 0.061071534055800396, ""fee"": 3.9785709207634933e-05, ""fee_pct_nav"": 1.8321460216740117e-05, ""name"": ""新鸿基地产""}, {""ts_code"": ""00883.HK"", ""side"": ""buy"", ""current_weight"": 0.0, ""target_weight"": 0.05433710082251536, ""post_trade_weight"": 0.05434070812801185, ""diff_weight"": 0.05433710082251536, ""gross_amount"": 0.11799496693693047, ""gross_amount_pct_nav"": 0.05433710082251536, ""fee"": 3.5398490081079135e-05, ""fee_pct_nav"": 1.6301130246754607e-05, ""name"": ""中国海洋石油""}, {""ts_code"": ""00981.HK"", ""side"": ""sell"", ""current_weight"": 0.052869392520167376, ""target_weight"": 0.0, ""post_trade_weight"": 0.0, ""diff_weight"": -0.052869392520167376, ""gross_amount"": 0.11480778561906287, ""gross_amount_pct_nav"": 0.052869392520167376, ""fee"": 3.444233568571886e-05, ""fee_pct_nav"": 1.5860817756050213e-05, ""name"": ""中芯国际""}, {""ts_code"": ""01378.HK"", ""side"": ""sell"", ""current_weight"": 0.052999023806992646, ""target_weight"": 0.0, ""post_trade_weight"": 0.0, ""diff_weight"": -0.052999023806992646, ""gross_amount"": 0.1150892846164588, ""gross_amount_pct_nav"": 0.052999023806992646, ""fee"": 3.4526785384937635e-05, ""fee_pct_nav"": 1.5899707142097792e-05, ""name"": ""中国宏桥""}]"
2026-02-16,0.26406988,0.52813976,0.57032455,0.56504852,0.00034061,0.00017110,0.00016951,0.00000000,rebalance,"[{""ts_code"": ""00005.HK"", ""side"": ""buy"", ""current_weight"": 0.09742324559842122, ""target_weight"": 0.11638455071550739, ""post_trade_weight"": 0.11640299383021864, ""diff_weight"": 0.018961305117086175, ""gross_amount"": 0.040762231598762605, ""gross_amount_pct_nav"": 0.018961305117086175, ""fee"": 1.222866947962878e-05, ""fee_pct_nav"": 5.688391535125852e-06, ""name"": ""汇丰控股""}, {""ts_code"": ""00700.HK"", ""side"": ""sell"", ""current_weight"": 0.17103599105559178, ""target_weight"": 0.0, ""post_trade_weight"": 0.0, ""diff_weight"": -0.17103599105559178, ""gross_amount"": 0.3676861184439025, ""gross_amount_pct_nav"": 0.17103599105559178, ""fee"": 0.00011030583553317074, ""fee_pct_nav"": 5.131079731667753e-05, ""name"": ""腾讯控股""}, {""ts_code"": ""00857.HK"", ""side"": ""buy"", ""current_weight"": 0.09373724951165592, ""target_weight"": 0.12298499278671166, ""post_trade_weight"": 0.12300448185390987, ""diff_weight"": 0.029247743275055738, ""gross_amount"": 0.06287559204164012, ""gross_amount_pct_nav"": 0.029247743275055738, ""fee"": 1.8862677612492033e-05, ""fee_pct_nav"": 8.774322982516721e-06, ""name"": ""中国石油股份""}, {""ts_code"": ""00883.HK"", ""side"": ""buy"", ""current_weight"": 0.057494696942338906, ""target_weight"": 0.07425996673825642, ""post_trade_weight"": 0.07427173449502987, ""diff_weight"": 0.016765269795917526, ""gross_amount"": 0.03604128545039455, ""gross_amount_pct_nav"": 0.016765269795917526, ""fee"": 1.0812385635118364e-05, ""fee_pct_nav"": 5.029580938775257e-06, ""name"": ""中国海洋石油""}, {""ts_code"": ""01088.HK"", ""side"": ""buy"", ""current_weight"": 0.0, ""target_weight"": 0.058333927274108494, ""post_trade_weight"": 0.05834317127862335, ""diff_weight"": 0.058333927274108494, ""gross_amount"": 0.12540387061594788, ""gross_amount_pct_nav"": 0.058333927274108494, ""fee"": 3.762116118478436e-05, ""fee_pct_nav"": 1.7500178182232547e-05, ""name"": ""中国神华""}, {""ts_code"": ""01378.HK"", ""side"": ""buy"", ""current_weight"": 0.0, ""target_weight"": 0.061908366065951785, ""post_trade_weight"": 0.061918176501184995, ""diff_weight"": 0.061908366065951785, ""gross_amount"": 0.13308805168729324, ""gross_amount_pct_nav"": 0.061908366065951785, ""fee"": 3.9926415506187965e-05, ""fee_pct_nav"": 1.8572509819785534e-05, ""name"": ""中国宏桥""}, {""ts_code"": ""01398.HK"", ""side"": ""sell"", ""current_weight"": 0.09180676522841787, ""target_weight"": 0.0, ""post_trade_weight"": 0.0, ""diff_weight"": -0.09180676522841787, ""gross_amount"": 0.19736239691654064, ""gross_amount_pct_nav"": 0.09180676522841787, ""fee"": 5.9208719074962185e-05, ""fee_pct_nav"": 2.7542029568525357e-05, ""name"": ""工商银行""}, {""ts_code"": ""02318.HK"", ""side"": ""buy"", ""current_weight"": 0.06988188215352954, ""target_weight"": 0.09610107148032519, ""post_trade_weight"": 0.09611630033221566, ""diff_weight"": 0.026219189326795646, ""gross_amount"": 0.05636493168962234, ""gross_amount_pct_nav"": 0.026219189326795646, ""fee"": 1.69094795068867e-05, ""fee_pct_nav"": 7.865756798038695e-06, ""name"": ""中国平安""}, {""ts_code"": ""02388.HK"", ""side"": ""buy"", ""current_weight"": 0.06198362580632362, ""target_weight"": 0.07271530417088518, ""post_trade_weight"": 0.07272682714956097, ""diff_weight"": 0.010731678364561556, ""gross_amount"": 0.023070519473129575, ""gross_amount_pct_nav"": 0.010731678364561556, ""fee"": 6.921155841938872e-06, ""fee_pct_nav"": 3.2195035093684663e-06, ""name"": ""中银香港""}, {""ts_code"": ""02628.HK"", ""side"": ""buy"", ""current_weight"": 0.07927871891362595, ""target_weight"": 0.10293336150719157, ""post_trade_weight"": 0.10294967305182717, ""diff_weight"": 0.023654642593565617, ""gross_amount"": 0.050851774908469455, ""gross_amount_pct_nav"": 0.023654642593565617, ""fee"": 1.5255532472540836e-05, ""fee_pct_nav"": 7.096392778069685e-06, ""name"": ""中国人寿""}, {""ts_code"": ""02899.HK"", ""side"": ""buy"", ""current_weight"": 0.07573312796903466, ""target_weight"": 0.09520800826297937, ""post_trade_weight"": 0.09522309559378941, ""diff_weight"": 0.01947488029394472, ""gross_amount"": 0.041866294329319015, ""gross_amount_pct_nav"": 0.01947488029394472, ""fee"": 1.2559888298795704e-05, ""fee_pct_nav"": 5.842464088183415e-06, ""name"": ""紫金矿业""}]"
2026-02-23,0.00561381,0.01122761,0.02480797,0.00000000,0.00000744,0.00000744,0.00000000,0.00000000,rebalance,"[{""ts_code"": ""00883.HK"", ""side"": ""buy"", ""current_weight"": 0.07426220058177829, ""target_weight"": 0.08548981314980537, ""post_trade_weight"": 0.08549010110472545, ""diff_weight"": 0.011227612568027082, ""gross_amount"": 0.024807974990356085, ""gross_amount_pct_nav"": 0.011227612568027082, ""fee"": 7.442392497106825e-06, ""fee_pct_nav"": 3.368283770408124e-06, ""name"": ""中国海洋石油""}]"
2026-03-02,0.02258175,0.04516349,0.07363003,0.02590526,0.00002986,0.00002209,0.00000777,0.00000000,rebalance,"[{""ts_code"": ""01088.HK"", ""side"": ""buy"", ""current_weight"": 0.05893898284699878, ""target_weight"": 0.07450399768977833, ""post_trade_weight"": 0.07450500716172626, ""diff_weight"": 0.015565014842779562, ""gross_amount"": 0.0343035497738825, ""gross_amount_pct_nav"": 0.015565014842779562, ""fee"": 1.029106493216475e-05, ""fee_pct_nav"": 4.669504452833868e-06, ""name"": ""中国神华""}, {""ts_code"": ""01299.HK"", ""side"": ""buy"", ""current_weight"": 0.05885696341143463, ""target_weight"": 0.0767010997283185, ""post_trade_weight"": 0.07670213896931162, ""diff_weight"": 0.017844136316883877, ""gross_amount"": 0.039326478291289574, ""gross_amount_pct_nav"": 0.017844136316883877, ""fee"": 1.1797943487386871e-05, ""fee_pct_nav"": 5.353240895065163e-06, ""name"": ""友邦保险""}, {""ts_code"": ""02899.HK"", ""side"": ""sell"", ""current_weight"": 0.09824718348643094, ""target_weight"": 0.08649283998683381, ""post_trade_weight"": 0.08649401189838715, ""diff_weight"": -0.011754343499597131, ""gross_amount"": 0.025905256844955066, ""gross_amount_pct_nav"": 0.011754343499597131, ""fee"": 7.77157705348652e-06, ""fee_pct_nav"": 3.5263030498791393e-06, ""name"": ""紫金矿业""}]"
2026-03-09,0.01964130,0.03928259,0.00000000,0.08298421,0.00002490,0.00000000,0.00002490,0.00000000,rebalance,"[{""ts_code"": ""00005.HK"", ""side"": ""sell"", ""current_weight"": 0.11464269329634935, ""target_weight"": 0.10442654891358176, ""post_trade_weight"": 0.10442777957182992, ""diff_weight"": -0.010216144382767595, ""gross_amount"": 0.021581535292404946, ""gross_amount_pct_nav"": 0.010216144382767595, ""fee"": 6.474460587721483e-06, ""fee_pct_nav"": 3.064843314830278e-06, ""name"": ""汇丰控股""}, {""ts_code"": ""02318.HK"", ""side"": ""sell"", ""current_weight"": 0.08672245221740446, ""target_weight"": 0.0726751083592086, ""post_trade_weight"": 0.07267596482935405, ""diff_weight"": -0.014047343858195865, ""gross_amount"": 0.029674918039683557, ""gross_amount_pct_nav"": 0.014047343858195865, ""fee"": 8.902475411905066e-06, ""fee_pct_nav"": 4.2142031574587595e-06, ""name"": ""中国平安""}, {""ts_code"": ""02628.HK"", ""side"": ""sell"", ""current_weight"": 0.08878206150404454, ""target_weight"": 0.07376295485179306, ""post_trade_weight"": 0.07376382414211952, ""diff_weight"": -0.015019106652251476, ""gross_amount"": 0.03172776031070046, ""gross_amount_pct_nav"": 0.015019106652251476, ""fee"": 9.518328093210136e-06, ""fee_pct_nav"": 4.505731995675442e-06, ""name"": ""中国人寿""}]"
2026-03-16,0.04123999,0.08247998,0.08694724,0.08621427,0.00005195,0.00002608,0.00002586,0.00000000,rebalance,"[{""ts_code"": ""00005.HK"", ""side"": ""sell"", ""current_weight"": 0.10054614527717212, ""target_weight"": 0.08677362814380965, ""post_trade_weight"": 0.08677577532316721, ""diff_weight"": -0.013772517133362474, ""gross_amount"": 0.028914528442559206, ""gross_amount_pct_nav"": 0.013772517133362474, ""fee"": 8.674358532767762e-06, ""fee_pct_nav"": 4.131755140008742e-06, ""name"": ""汇丰控股""}, {""ts_code"": ""00883.HK"", ""side"": ""buy"", ""current_weight"": 0.102508710176584, ""target_weight"": 0.11814755755026889, ""post_trade_weight"": 0.11815048106519094, ""diff_weight"": 0.01563884737368489, ""gross_amount"": 0.032832770714067344, ""gross_amount_pct_nav"": 0.01563884737368489, ""fee"": 9.849831214220202e-06, ""fee_pct_nav"": 4.691654212105467e-06, ""name"": ""中国海洋石油""}, {""ts_code"": ""01088.HK"", ""side"": ""buy"", ""current_weight"": 0.08309889467398603, ""target_weight"": 0.09725373458003977, ""post_trade_weight"": 0.09725614108551618, ""diff_weight"": 0.014154839906053738, ""gross_amount"": 0.02971719091726696, ""gross_amount_pct_nav"": 0.014154839906053738, ""fee"": 8.915157275180088e-06, ""fee_pct_nav"": 4.246451971816121e-06, ""name"": ""中国神华""}, {""ts_code"": ""01299.HK"", ""side"": ""sell"", ""current_weight"": 0.07900152007859093, ""target_weight"": 0.051708607840845515, ""post_trade_weight"": 0.051709887350043636, ""diff_weight"": -0.027292912237745413, ""gross_amount"": 0.057299742635055495, ""gross_amount_pct_nav"": 0.027292912237745413, ""fee"": 1.7189922790516645e-05, ""fee_pct_nav"": 8.187873671323622e-06, ""name"": ""友邦保险""}, {""ts_code"": ""02899.HK"", ""side"": ""buy"", ""current_weight"": 0.07292870152879516, ""target_weight"": 0.08454956847435653, ""post_trade_weight"": 0.08455166062023083, ""diff_weight"": 0.01162086694556137, ""gross_amount"": 0.024397274991270618, ""gross_amount_pct_nav"": 0.01162086694556137, ""fee"": 7.319182497381185e-06, ""fee_pct_nav"": 3.4862600836684108e-06, ""name"": ""紫金矿业""}]"
2026-03-23,0.20170420,0.40340840,0.43062827,0.37863942,0.00024278,0.00012919,0.00011359,0.00000000,rebalance,"[{""ts_code"": ""00857.HK"", ""side"": ""sell"", ""current_weight"": 0.1544771215642478, ""target_weight"": 0.12872792824013024, ""post_trade_weight"": 0.12874350910392932, ""diff_weight"": -0.02574919332411755, ""gross_amount"": 0.05165482505591895, ""gross_amount_pct_nav"": 0.02574919332411755, ""fee"": 1.5496447516775684e-05, ""fee_pct_nav"": 7.724757997235264e-06, ""name"": ""中国石油股份""}, {""ts_code"": ""00883.HK"", ""side"": ""sell"", ""current_weight"": 0.12809798761468852, ""target_weight"": 0.10252140384299716, ""post_trade_weight"": 0.10253381274331587, ""diff_weight"": -0.025576583771691367, ""gross_amount"": 0.051308557267203264, ""gross_amount_pct_nav"": 0.025576583771691367, ""fee"": 1.539256718016098e-05, ""fee_pct_nav"": 7.672975131507409e-06, ""name"": ""中国海洋石油""}, {""ts_code"": ""00939.HK"", ""side"": ""buy"", ""current_weight"": 0.0, ""target_weight"": 0.0977965533688395, ""post_trade_weight"": 0.09780839038664044, ""diff_weight"": 0.0977965533688395, ""gross_amount"": 0.19618726659711275, ""gross_amount_pct_nav"": 0.0977965533688395, ""fee"": 5.885617997913382e-05, ""fee_pct_nav"": 2.9338966010651844e-05, ""name"": ""建设银行""}, {""ts_code"": ""01088.HK"", ""side"": ""sell"", ""current_weight"": 0.10330846003836731, ""target_weight"": 0.08848681103138828, ""post_trade_weight"": 0.08849752122434751, ""diff_weight"": -0.014821649006979033, ""gross_amount"": 0.029733346472591876, ""gross_amount_pct_nav"": 0.014821649006979033, ""fee"": 8.920003941777563e-06, ""fee_pct_nav"": 4.44649470209371e-06, ""name"": ""中国神华""}, {""ts_code"": ""01378.HK"", ""side"": ""sell"", ""current_weight"": 0.05746057625419527, ""target_weight"": 0.0, ""post_trade_weight"": 0.0, ""diff_weight"": -0.05746057625419527, ""gross_amount"": 0.11527025241768298, ""gross_amount_pct_nav"": 0.05746057625419527, ""fee"": 3.458107572530489e-05, ""fee_pct_nav"": 1.723817287625858e-05, ""name"": ""中国宏桥""}, {""ts_code"": ""01398.HK"", ""side"": ""buy"", ""current_weight"": 0.0, ""target_weight"": 0.11686549329151408, ""post_trade_weight"": 0.11687963835978853, ""diff_weight"": 0.11686549329151408, ""gross_amount"": 0.2344409991823972, ""gross_amount_pct_nav"": 0.11686549329151408, ""fee"": 7.033229975471915e-05, ""fee_pct_nav"": 3.505964798745422e-05, ""name"": ""工商银行""}, {""ts_code"": ""02388.HK"", ""side"": ""sell"", ""current_weight"": 0.07224977949953919, ""target_weight"": 0.06220411637935926, ""post_trade_weight"": 0.062211645389406246, ""diff_weight"": -0.01004566312017993, ""gross_amount"": 0.020152358348157096, ""gross_amount_pct_nav"": 0.01004566312017993, ""fee"": 6.045707504447128e-06, ""fee_pct_nav"": 3.013698936053979e-06, ""name"": ""中银香港""}, {""ts_code"": ""03993.HK"", ""side"": ""sell"", ""current_weight"": 0.05509268510907827, ""target_weight"": 0.0, ""post_trade_weight"": 0.0, ""diff_weight"": -0.05509268510907827, ""gross_amount"": 0.11052008407986885, ""gross_amount_pct_nav"": 0.05509268510907827, ""fee"": 3.3156025223960655e-05, ""fee_pct_nav"": 1.652780553272348e-05, ""name"": ""洛阳钼业""}]"
2026-03-30,0.13567759,0.27135519,0.27778994,0.27726070,0.00016652,0.00008334,0.00008318,0.00000000,rebalance,"[{""ts_code"": ""00288.HK"", ""side"": ""buy"", ""current_weight"": 0.0, ""target_weight"": 0.056628086277933795, ""post_trade_weight"": 0.05663269655073556, ""diff_weight"": 0.056628086277933795, ""gross_amount"": 0.11583141641967754, ""gross_amount_pct_nav"": 0.056628086277933795, ""fee"": 3.474942492590326e-05, ""fee_pct_nav"": 1.6988425883380137e-05, ""name"": ""万洲国际""}, {""ts_code"": ""02318.HK"", ""side"": ""sell"", ""current_weight"": 0.07056360174107978, ""target_weight"": 0.0, ""post_trade_weight"": 0.0, ""diff_weight"": -0.07056360174107978, ""gross_amount"": 0.14433618500239248, ""gross_amount_pct_nav"": 0.07056360174107978, ""fee"": 4.330085550071774e-05, ""fee_pct_nav"": 2.1169080522323933e-05, ""name"": ""中国平安""}, {""ts_code"": ""02628.HK"", ""side"": ""sell"", ""current_weight"": 0.06498462471452461, ""target_weight"": 0.0, ""post_trade_weight"": 0.0, ""diff_weight"": -0.06498462471452461, ""gross_amount"": 0.13292451892582688, ""gross_amount_pct_nav"": 0.06498462471452461, ""fee"": 3.987735567774806e-05, ""fee_pct_nav"": 1.9495387414357382e-05, ""name"": ""中国人寿""}, {""ts_code"": ""03988.HK"", ""side"": ""buy"", ""current_weight"": 0.0, ""target_weight"": 0.07917887502603603, ""post_trade_weight"": 0.07918532123034912, ""diff_weight"": 0.07917887502603603, ""gross_amount"": 0.16195852354551837, ""gross_amount_pct_nav"": 0.07917887502603603, ""fee"": 4.8587557063655506e-05, ""fee_pct_nav"": 2.375366250781081e-05, ""name"": ""中国银行""}]"
2026-04-08,0.10050795,0.20101591,0.20313500,0.21571076,0.00012565,0.00006094,0.00006471,0.00000000,rebalance,"[{""ts_code"": ""00005.HK"", ""side"": ""sell"", ""current_weight"": 0.09748974854540335, ""target_weight"": 0.07961516887717979, ""post_trade_weight"": 0.0796199703413129, ""diff_weight"": -0.017874579668223558, ""gross_amount"": 0.03724427616748849, ""gross_amount_pct_nav"": 0.017874579668223558, ""fee"": 1.1173282850246546e-05, ""fee_pct_nav"": 5.362373900467067e-06, ""name"": ""汇丰控股""}, {""ts_code"": ""01288.HK"", ""side"": ""buy"", ""current_weight"": 0.0, ""target_weight"": 0.09749022175171577, ""post_trade_weight"": 0.09749610123184088, ""diff_weight"": 0.09749022175171577, ""gross_amount"": 0.20313500009208624, ""gross_amount_pct_nav"": 0.09749022175171577, ""fee"": 6.094050002762587e-05, ""fee_pct_nav"": 2.924706652551473e-05, ""name"": ""农业银行""}, {""ts_code"": ""02899.HK"", ""side"": ""sell"", ""current_weight"": 0.08565110420189809, ""target_weight"": 0.0, ""post_trade_weight"": 0.0, ""diff_weight"": -0.08565110420189809, ""gross_amount"": 0.17846648358488987, ""gross_amount_pct_nav"": 0.08565110420189809, ""fee"": 5.353994507546696e-05, ""fee_pct_nav"": 2.5695331260569424e-05, ""name"": ""紫金矿业""}]"
2026-04-13,0.00552232,0.01104464,0.02320465,0.00000000,0.00000696,0.00000696,0.00000000,0.00000000,rebalance,"[{""ts_code"": ""00005.HK"", ""side"": ""buy"", ""current_weight"": 0.07907190476216222, ""target_weight"": 0.09011654062035518, ""post_trade_weight"": 0.09011683921265731, ""diff_weight"": 0.011044635858192956, ""gross_amount"": 0.023204646567081155, ""gross_amount_pct_nav"": 0.011044635858192956, ""fee"": 6.961393970124346e-06, ""fee_pct_nav"": 3.3133907574578867e-06, ""name"": ""汇丰控股""}]"
2026-04-20,0.06223240,0.12446480,0.13340364,0.13067154,0.00007922,0.00004002,0.00003920,0.00000000,rebalance,"[{""ts_code"": ""00288.HK"", ""side"": ""sell"", ""current_weight"": 0.05668147138144683, ""target_weight"": 0.04632064027347273, ""post_trade_weight"": 0.046322369924837174, ""diff_weight"": -0.0103608311079741, ""gross_amount"": 0.021982426728398438, ""gross_amount_pct_nav"": 0.0103608311079741, ""fee"": 6.5947280185195306e-06, ""fee_pct_nav"": 3.1082493323922296e-06, ""name"": ""万洲国际""}, {""ts_code"": ""01288.HK"", ""side"": ""buy"", ""current_weight"": 0.10327444124677679, ""target_weight"": 0.11532700404867219, ""post_trade_weight"": 0.11533131045524889, ""diff_weight"": 0.01205256280189541, ""gross_amount"": 0.02557174959431341, ""gross_amount_pct_nav"": 0.01205256280189541, ""fee"": 7.671524878294021e-06, ""fee_pct_nav"": 3.6157688405686223e-06, ""name"": ""农业银行""}, {""ts_code"": ""01299.HK"", ""side"": ""sell"", ""current_weight"": 0.05122771950323019, ""target_weight"": 0.0, ""post_trade_weight"": 0.0, ""diff_weight"": -0.05122771950323019, ""gross_amount"": 0.10868911757243176, ""gross_amount_pct_nav"": 0.05122771950323019, ""fee"": 3.260673527172952e-05, ""fee_pct_nav"": 1.5368315850969056e-05, ""name"": ""友邦保险""}, {""ts_code"": ""01378.HK"", ""side"": ""buy"", ""current_weight"": 0.0, ""target_weight"": 0.05082368744881493, ""post_trade_weight"": 0.0508255852477189, ""diff_weight"": 0.05082368744881493, ""gross_amount"": 0.10783188855870214, ""gross_amount_pct_nav"": 0.05082368744881493, ""fee"": 3.234956656761064e-05, ""fee_pct_nav"": 1.5247106234644479e-05, ""name"": ""中国宏桥""}]"
2026-04-27,0.10848739,0.21697478,0.24513618,0.22315563,0.00014049,0.00007354,0.00006695,0.00000000,rebalance,"[{""ts_code"": ""00001.HK"", ""side"": ""buy"", ""current_weight"": 0.0, ""target_weight"": 0.051946263373082426, ""post_trade_weight"": 0.051949644901917294, ""diff_weight"": 0.051946263373082426, ""gross_amount"": 0.11211445725311926, ""gross_amount_pct_nav"": 0.051946263373082426, ""fee"": 3.3634337175935776e-05, ""fee_pct_nav"": 1.5583879011924727e-05, ""name"": ""长和""}, {""ts_code"": ""00005.HK"", ""side"": ""sell"", ""current_weight"": 0.08860930083128356, ""target_weight"": 0.07772718967602164, ""post_trade_weight"": 0.07773224945734326, ""diff_weight"": -0.01088211115526191, ""gross_amount"": 0.023486616875170785, ""gross_amount_pct_nav"": 0.01088211115526191, ""fee"": 7.045985062551235e-06, ""fee_pct_nav"": 3.264633346578573e-06, ""name"": ""汇丰控股""}, {""ts_code"": ""00288.HK"", ""side"": ""sell"", ""current_weight"": 0.04557830740623378, ""target_weight"": 0.0, ""post_trade_weight"": 0.0, ""diff_weight"": -0.04557830740623378, ""gross_amount"": 0.09837064045714644, ""gross_amount_pct_nav"": 0.04557830740623378, ""fee"": 2.951119213714393e-05, ""fee_pct_nav"": 1.3673492221870133e-05, ""name"": ""万洲国际""}, {""ts_code"": ""00939.HK"", ""side"": ""buy"", ""current_weight"": 0.10385228574279473, ""target_weight"": 0.11521045892660821, ""post_trade_weight"": 0.1152179587439895, ""diff_weight"": 0.01135817318381348, ""gross_amount"": 0.024514090893206414, ""gross_amount_pct_nav"": 0.01135817318381348, ""fee"": 7.354227267961923e-06, ""fee_pct_nav"": 3.4074519551440433e-06, ""name"": ""建设银行""}, {""ts_code"": ""00998.HK"", ""side"": ""buy"", ""current_weight"": 0.0, ""target_weight"": 0.05027510346125951, ""post_trade_weight"": 0.05027837620314682, ""diff_weight"": 0.05027510346125951, ""gross_amount"": 0.10850763022974795, ""gross_amount_pct_nav"": 0.05027510346125951, ""fee"": 3.2552289068924385e-05, ""fee_pct_nav"": 1.5082531038377853e-05, ""name"": ""中信银行""}, {""ts_code"": ""01378.HK"", ""side"": ""sell"", ""current_weight"": 0.04693482159809129, ""target_weight"": 0.0, ""post_trade_weight"": 0.0, ""diff_weight"": -0.04693482159809129, ""gross_amount"": 0.10129837466747783, ""gross_amount_pct_nav"": 0.04693482159809129, ""fee"": 3.0389512400243346e-05, ""fee_pct_nav"": 1.4080446479427386e-05, ""name"": ""中国宏桥""}]"
2026-05-04,0.12943526,0.25887052,0.25747633,0.30029247,0.00016733,0.00007724,0.00009009,0.00000000,rebalance,"[{""ts_code"": ""00001.HK"", ""side"": ""sell"", ""current_weight"": 0.052516877456789804, ""target_weight"": 0.0, ""post_trade_weight"": 0.0, ""diff_weight"": -0.052516877456789804, ""gross_amount"": 0.11315415855685762, ""gross_amount_pct_nav"": 0.052516877456789804, ""fee"": 3.3946247567057285e-05, ""fee_pct_nav"": 1.5755063237036942e-05, ""name"": ""长和""}, {""ts_code"": ""00857.HK"", ""side"": ""sell"", ""current_weight"": 0.13032328357012296, ""target_weight"": 0.11917602320722215, ""post_trade_weight"": 0.11918527927381144, ""diff_weight"": -0.011147260362900807, ""gross_amount"": 0.024018161925489223, ""gross_amount_pct_nav"": 0.011147260362900807, ""fee"": 7.205448577646766e-06, ""fee_pct_nav"": 3.344178108870242e-06, ""name"": ""中国石油股份""}, {""ts_code"": ""00998.HK"", ""side"": ""sell"", ""current_weight"": 0.04962959765722658, ""target_weight"": 0.0, ""post_trade_weight"": 0.0, ""diff_weight"": -0.04962959765722658, ""gross_amount"": 0.10693315433765971, ""gross_amount_pct_nav"": 0.04962959765722658, ""fee"": 3.207994630129791e-05, ""fee_pct_nav"": 1.4888879297167974e-05, ""name"": ""中信银行""}, {""ts_code"": ""01288.HK"", ""side"": ""sell"", ""current_weight"": 0.10933059395834986, ""target_weight"": 0.08325320024073557, ""post_trade_weight"": 0.08325966628268311, ""diff_weight"": -0.0260773937176143, ""gross_amount"": 0.056186995235967374, ""gross_amount_pct_nav"": 0.0260773937176143, ""fee"": 1.685609857079021e-05, ""fee_pct_nav"": 7.823218115284288e-06, ""name"": ""农业银行""}, {""ts_code"": ""01299.HK"", ""side"": ""buy"", ""current_weight"": 0.0, ""target_weight"": 0.0558171406996068, ""post_trade_weight"": 0.05582147585996234, ""diff_weight"": 0.0558171406996068, ""gross_amount"": 0.1202649870817322, ""gross_amount_pct_nav"": 0.0558171406996068, ""fee"": 3.607949612451965e-05, ""fee_pct_nav"": 1.6745142209882037e-05, ""name"": ""友邦保险""}, {""ts_code"": ""02628.HK"", ""side"": ""buy"", ""current_weight"": 0.0, ""target_weight"": 0.06368225074065229, ""post_trade_weight"": 0.06368719676198735, ""diff_weight"": 0.06368225074065229, ""gross_amount"": 0.13721134702828175, ""gross_amount_pct_nav"": 0.06368225074065229, ""fee"": 4.116340410848452e-05, ""fee_pct_nav"": 1.9104675222195684e-05, ""name"": ""中国人寿""}]"
2026-05-11,0.19644924,0.39289849,0.40701971,0.43009680,0.00025113,0.00012211,0.00012903,0.00000000,rebalance,"[{""ts_code"": ""00001.HK"", ""side"": ""buy"", ""current_weight"": 0.0, ""target_weight"": 0.06030203343219998, ""post_trade_weight"": 0.06030914204342837, ""diff_weight"": 0.06030203343219998, ""gross_amount"": 0.1284805853446983, ""gross_amount_pct_nav"": 0.06030203343219998, ""fee"": 3.854417560340949e-05, ""fee_pct_nav"": 1.8090610029659994e-05, ""name"": ""长和""}, {""ts_code"": ""00016.HK"", ""side"": ""sell"", ""current_weight"": 0.06782983139133253, ""target_weight"": 0.0, ""post_trade_weight"": 0.0, ""diff_weight"": -0.06782983139133253, ""gross_amount"": 0.14451944561353833, ""gross_amount_pct_nav"": 0.06782983139133253, ""fee"": 4.33558336840615e-05, ""fee_pct_nav"": 2.034894941739976e-05, ""name"": ""新鸿基地产""}, {""ts_code"": ""01299.HK"", ""side"": ""sell"", ""current_weight"": 0.05683987318924512, ""target_weight"": 0.0, ""post_trade_weight"": 0.0, ""diff_weight"": -0.05683987318924512, ""gross_amount"": 0.12110404513113962, ""gross_amount_pct_nav"": 0.05683987318924512, ""fee"": 3.6331213539341884e-05, ""fee_pct_nav"": 1.7051961956773535e-05, ""name"": ""友邦保险""}, {""ts_code"": ""01398.HK"", ""side"": ""sell"", ""current_weight"": 0.12057131694979381, ""target_weight"": 0.11032774961179158, ""post_trade_weight"": 0.11034075542660501, ""diff_weight"": -0.010243567338002222, ""gross_amount"": 0.021825126827341612, ""gross_amount_pct_nav"": 0.010243567338002222, ""fee"": 6.547538048202483e-06, ""fee_pct_nav"": 3.0730702014006666e-06, ""name"": ""工商银行""}, {""ts_code"": ""02318.HK"", ""side"": ""buy"", ""current_weight"": 0.0, ""target_weight"": 0.06204844019939577, ""post_trade_weight"": 0.06205575468306407, ""diff_weight"": 0.06204844019939577, ""gross_amount"": 0.132201510675542, ""gross_amount_pct_nav"": 0.06204844019939577, ""fee"": 3.9660453202662596e-05, ""fee_pct_nav"": 1.8614532059818727e-05, ""name"": ""中国平安""}, {""ts_code"": ""02388.HK"", ""side"": ""sell"", ""current_weight"": 0.06695156028439367, ""target_weight"": 0.0, ""post_trade_weight"": 0.0, ""diff_weight"": -0.06695156028439367, ""gross_amount"": 0.14264818556659958, ""gross_amount_pct_nav"": 0.06695156028439367, ""fee"": 4.279445566997987e-05, ""fee_pct_nav"": 2.00854680853181e-05, ""name"": ""中银香港""}, {""ts_code"": ""02899.HK"", ""side"": ""buy"", ""current_weight"": 0.0, ""target_weight"": 0.06868318282572433, ""post_trade_weight"": 0.06869127943568666, ""diff_weight"": 0.06868318282572433, ""gross_amount"": 0.14633761136276913, ""gross_amount_pct_nav"": 0.06868318282572433, ""fee"": 4.390128340883073e-05, ""fee_pct_nav"": 2.0604954847717297e-05, ""name"": ""紫金矿业""}]"
