date,one_way_turnover,two_way_turnover,buy_amount,sell_amount,trading_cost,buy_cost,sell_commission,sell_stamp_duty,event_type,trade_details_json
2020-01-06,0.49985004,0.99970009,0.99970009,0.00000000,0.00029991,0.00029991,0.00000000,0.00000000,rebalance,"[{""ts_code"": ""00388.HK"", ""side"": ""buy"", ""current_weight"": 0.0, ""target_weight"": 0.02184677539858183, ""post_trade_weight"": 0.021853329431201406, ""diff_weight"": 0.02184677539858183, ""gross_amount"": 0.02184677539858183, ""gross_amount_pct_nav"": 0.02184677539858183, ""fee"": 6.5540326195745485e-06, ""fee_pct_nav"": 6.5540326195745485e-06, ""name"": ""香港交易所""}, {""ts_code"": ""00700.HK"", ""side"": ""buy"", ""current_weight"": 0.0, ""target_weight"": 0.17994601619513997, ""post_trade_weight"": 0.17999999999999852, ""diff_weight"": 0.17994601619513997, ""gross_amount"": 0.17994601619513997, ""gross_amount_pct_nav"": 0.17994601619513997, ""fee"": 5.3983804858541984e-05, ""fee_pct_nav"": 5.3983804858541984e-05, ""name"": ""腾讯控股""}, {""ts_code"": ""00939.HK"", ""side"": ""buy"", ""current_weight"": 0.0, ""target_weight"": 0.12286133091903026, ""post_trade_weight"": 0.12289818931830597, ""diff_weight"": 0.12286133091903026, ""gross_amount"": 0.12286133091903026, ""gross_amount_pct_nav"": 0.12286133091903026, ""fee"": 3.685839927570907e-05, ""fee_pct_nav"": 3.685839927570907e-05, ""name"": ""建设银行""}, {""ts_code"": ""01288.HK"", ""side"": ""buy"", ""current_weight"": 0.0, ""target_weight"": 0.07378882773680573, ""post_trade_weight"": 0.07381096438512677, ""diff_weight"": 0.07378882773680573, ""gross_amount"": 0.07378882773680573, ""gross_amount_pct_nav"": 0.07378882773680573, ""fee"": 2.2136648321041718e-05, ""fee_pct_nav"": 2.2136648321041718e-05, ""name"": ""农业银行""}, {""ts_code"": ""01398.HK"", ""side"": ""buy"", ""current_weight"": 0.0, ""target_weight"": 0.15148159994907442, ""post_trade_weight"": 0.15152704442905915, ""diff_weight"": 0.15148159994907442, ""gross_amount"": 0.15148159994907442, ""gross_amount_pct_nav"": 0.15148159994907442, ""fee"": 4.5444479984722325e-05, ""fee_pct_nav"": 4.5444479984722325e-05, ""name"": ""工商银行""}, {""ts_code"": ""01658.HK"", ""side"": ""buy"", ""current_weight"": 0.0, ""target_weight"": 0.048094590908553364, ""post_trade_weight"": 0.04810901928582593, ""diff_weight"": 0.048094590908553364, ""gross_amount"": 0.048094590908553364, ""gross_amount_pct_nav"": 0.048094590908553364, ""fee"": 1.4428377272566008e-05, ""fee_pct_nav"": 1.4428377272566008e-05, ""name"": ""邮储银行""}, {""ts_code"": ""01928.HK"", ""side"": ""buy"", ""current_weight"": 0.0, ""target_weight"": 0.025529471076823847, ""post_trade_weight"": 0.025537129918146894, ""diff_weight"": 0.025529471076823847, ""gross_amount"": 0.025529471076823847, ""gross_amount_pct_nav"": 0.025529471076823847, ""fee"": 7.658841323047154e-06, ""fee_pct_nav"": 7.658841323047154e-06, ""name"": ""金沙中国有限公司""}, {""ts_code"": ""02202.HK"", ""side"": ""buy"", ""current_weight"": 0.0, ""target_weight"": 0.026273317909875974, ""post_trade_weight"": 0.026281199905248936, ""diff_weight"": 0.026273317909875974, ""gross_amount"": 0.026273317909875974, ""gross_amount_pct_nav"": 0.026273317909875974, ""fee"": 7.88199537296279e-06, ""fee_pct_nav"": 7.88199537296279e-06, ""name"": ""万科企业""}, {""ts_code"": ""02318.HK"", ""side"": ""buy"", ""current_weight"": 0.0, ""target_weight"": 0.1524844064263663, ""post_trade_weight"": 0.1525301517482942, ""diff_weight"": 0.1524844064263663, ""gross_amount"": 0.1524844064263663, ""gross_amount_pct_nav"": 0.1524844064263663, ""fee"": 4.5745321927909884e-05, ""fee_pct_nav"": 4.5745321927909884e-05, ""name"": ""中国平安""}, {""ts_code"": ""02628.HK"", ""side"": ""buy"", ""current_weight"": 0.0, ""target_weight"": 0.06502319222293186, ""post_trade_weight"": 0.06504269918059874, ""diff_weight"": 0.06502319222293186, ""gross_amount"": 0.06502319222293186, ""gross_amount_pct_nav"": 0.06502319222293186, ""fee"": 1.9506957666879557e-05, ""fee_pct_nav"": 1.9506957666879557e-05, ""name"": ""中国人寿""}, {""ts_code"": ""03690.HK"", ""side"": ""buy"", ""current_weight"": 0.0, ""target_weight"": 0.04304054760157429, ""post_trade_weight"": 0.043053459765854764, ""diff_weight"": 0.04304054760157429, ""gross_amount"": 0.04304054760157429, ""gross_amount_pct_nav"": 0.04304054760157429, ""fee"": 1.2912164280472285e-05, ""fee_pct_nav"": 1.2912164280472285e-05, ""name"": ""美团-W""}, {""ts_code"": ""03968.HK"", ""side"": ""buy"", ""current_weight"": 0.0, ""target_weight"": 0.08933001362824215, ""post_trade_weight"": 0.08935681263233063, ""diff_weight"": 0.08933001362824215, ""gross_amount"": 0.08933001362824215, ""gross_amount_pct_nav"": 0.08933001362824215, ""fee"": 2.6799004088472642e-05, ""fee_pct_nav"": 2.6799004088472642e-05, ""name"": ""招商银行""}]"
2020-01-13,0.05023065,0.10046131,0.04856772,0.05451200,0.00003092,0.00001457,0.00001635,0.00000000,rebalance,"[{""ts_code"": ""00883.HK"", ""side"": ""buy"", ""current_weight"": 0.0, ""target_weight"": 0.03592983526569784, ""post_trade_weight"": 0.035930918165802336, ""diff_weight"": 0.03592983526569784, ""gross_amount"": 0.03686630628147762, ""gross_amount_pct_nav"": 0.03592983526569784, ""fee"": 1.1059891884443285e-05, ""fee_pct_nav"": 1.077895057970935e-05, ""name"": ""中国海洋石油""}, {""ts_code"": ""01398.HK"", ""side"": ""sell"", ""current_weight"": 0.14834347005269216, ""target_weight"": 0.13151315042005937, ""post_trade_weight"": 0.13151711413442876, ""diff_weight"": -0.0168303196326328, ""gross_amount"": 0.017268983111207586, ""gross_amount_pct_nav"": 0.0168303196326328, ""fee"": 5.1806949333622755e-06, ""fee_pct_nav"": 5.049095889789839e-06, ""name"": ""工商银行""}, {""ts_code"": ""02202.HK"", ""side"": ""sell"", ""current_weight"": 0.025526498990332675, ""target_weight"": 0.0, ""post_trade_weight"": 0.0, ""diff_weight"": -0.025526498990332675, ""gross_amount"": 0.026191818668589044, ""gross_amount_pct_nav"": 0.025526498990332675, ""fee"": 7.857545600576713e-06, ""fee_pct_nav"": 7.657949697099802e-06, ""name"": ""万科企业""}, {""ts_code"": ""02318.HK"", ""side"": ""sell"", ""current_weight"": 0.15139119783457508, ""target_weight"": 0.14062071634619025, ""post_trade_weight"": 0.14062495455622656, ""diff_weight"": -0.010770481488384833, ""gross_amount"": 0.01105120205571497, ""gross_amount_pct_nav"": 0.010770481488384833, ""fee"": 3.315360616714491e-06, ""fee_pct_nav"": 3.2311444465154496e-06, ""name"": ""中国平安""}, {""ts_code"": ""02628.HK"", ""side"": ""buy"", ""current_weight"": 0.06600891123366487, ""target_weight"": 0.07741308325604968, ""post_trade_weight"": 0.07741541643223397, ""diff_weight"": 0.011404172022384819, ""gross_amount"": 0.011701409025531503, ""gross_amount_pct_nav"": 0.011404172022384819, ""fee"": 3.510422707659451e-06, ""fee_pct_nav"": 3.4212516067154453e-06, ""name"": ""中国人寿""}]"
2020-01-20,0.01595578,0.03191156,0.01728904,0.01496553,0.00000968,0.00000519,0.00000449,0.00000000,rebalance,"[{""ts_code"": ""00939.HK"", ""side"": ""buy"", ""current_weight"": 0.12155476936299034, ""target_weight"": 0.13865995388652938, ""post_trade_weight"": 0.13866128135600808, ""diff_weight"": 0.017105184523539034, ""gross_amount"": 0.017289043837530133, ""gross_amount_pct_nav"": 0.017105184523539034, ""fee"": 5.186713151259039e-06, ""fee_pct_nav"": 5.13155535706171e-06, ""name"": ""建设银行""}, {""ts_code"": ""01398.HK"", ""side"": ""sell"", ""current_weight"": 0.12999256036584184, ""target_weight"": 0.11518618155210657, ""post_trade_weight"": 0.11518728429400209, ""diff_weight"": -0.014806378813735263, ""gross_amount"": 0.014965528844981021, ""gross_amount_pct_nav"": 0.014806378813735263, ""fee"": 4.489658653494306e-06, ""fee_pct_nav"": 4.441913644120578e-06, ""name"": ""工商银行""}]"
2020-01-29,0.06887910,0.13775821,0.05737605,0.07332246,0.00003921,0.00001721,0.00002200,0.00000000,rebalance,"[{""ts_code"": ""00700.HK"", ""side"": ""sell"", ""current_weight"": 0.19258624817231823, ""target_weight"": 0.17999256105691852, ""post_trade_weight"": 0.1800000000000562, ""diff_weight"": -0.01259368711539972, ""gross_amount"": 0.01194829868749489, ""gross_amount_pct_nav"": 0.01259368711539972, ""fee"": 3.584489606248467e-06, ""fee_pct_nav"": 3.7781061346199158e-06, ""name"": ""腾讯控股""}, {""ts_code"": ""00939.HK"", ""side"": ""sell"", ""current_weight"": 0.1374666846546061, ""target_weight"": 0.1146013671613957, ""post_trade_weight"": 0.11460610354077053, ""diff_weight"": -0.022865317493210406, ""gross_amount"": 0.0216935390318857, ""gross_amount_pct_nav"": 0.022865317493210406, ""fee"": 6.508061709565709e-06, ""fee_pct_nav"": 6.859595247963121e-06, ""name"": ""建设银行""}, {""ts_code"": ""01299.HK"", ""side"": ""buy"", ""current_weight"": 0.0, ""target_weight"": 0.06047522491874577, ""post_trade_weight"": 0.060477724309591516, ""diff_weight"": 0.06047522491874577, ""gross_amount"": 0.057376052295203775, ""gross_amount_pct_nav"": 0.06047522491874577, ""fee"": 1.721281568856113e-05, ""fee_pct_nav"": 1.8142567475623726e-05, ""name"": ""友邦保险""}, {""ts_code"": ""01928.HK"", ""side"": ""sell"", ""current_weight"": 0.0244026467439873, ""target_weight"": 0.0, ""post_trade_weight"": 0.0, ""diff_weight"": -0.0244026467439873, ""gross_amount"": 0.023152084801761452, ""gross_amount_pct_nav"": 0.0244026467439873, ""fee"": 6.945625440528435e-06, ""fee_pct_nav"": 7.320794023196188e-06, ""name"": ""金沙中国有限公司""}, {""ts_code"": ""02628.HK"", ""side"": ""sell"", ""current_weight"": 0.07308184964803573, ""target_weight"": 0.055660519666275714, ""post_trade_weight"": 0.055662820069350034, ""diff_weight"": -0.017421329981760006, ""gross_amount"": 0.016528539437901675, ""gross_amount_pct_nav"": 0.017421329981760006, ""fee"": 4.958561831370502e-06, ""fee_pct_nav"": 5.226398994528001e-06, ""name"": ""中国人寿""}]"
2020-02-03,0.08906062,0.17812124,0.02903778,0.13524894,0.00004929,0.00000871,0.00004057,0.00000000,rebalance,"[{""ts_code"": ""00700.HK"", ""side"": ""sell"", ""current_weight"": 0.1835997888304675, ""target_weight"": 0.1529918242350254, ""post_trade_weight"": 0.15300000000013958, ""diff_weight"": -0.030607964595442124, ""gross_amount"": 0.02823067037749713, ""gross_amount_pct_nav"": 0.030607964595442124, ""fee"": 8.469201113249138e-06, ""fee_pct_nav"": 9.182389378632637e-06, ""name"": ""腾讯控股""}, {""ts_code"": ""00883.HK"", ""side"": ""sell"", ""current_weight"": 0.03398198902172954, ""target_weight"": 0.02055212007902606, ""post_trade_weight"": 0.020553218368475217, ""diff_weight"": -0.013429868942703484, ""gross_amount"": 0.012386782602032458, ""gross_amount_pct_nav"": 0.013429868942703484, ""fee"": 3.716034780609737e-06, ""fee_pct_nav"": 4.028960682811045e-06, ""name"": ""中国海洋石油""}, {""ts_code"": ""00939.HK"", ""side"": ""sell"", ""current_weight"": 0.11458690573260095, ""target_weight"": 0.10405182640500836, ""post_trade_weight"": 0.10405738685437646, ""diff_weight"": -0.010535079327592584, ""gross_amount"": 0.009716828800250848, ""gross_amount_pct_nav"": 0.010535079327592584, ""fee"": 2.915048640075254e-06, ""fee_pct_nav"": 3.1605237982777745e-06, ""name"": ""建设银行""}, {""ts_code"": ""01299.HK"", ""side"": ""sell"", ""current_weight"": 0.060435610417281224, ""target_weight"": 0.045475870615781976, ""post_trade_weight"": 0.04547830081124096, ""diff_weight"": -0.014959739801499252, ""gross_amount"": 0.013797829710379975, ""gross_amount_pct_nav"": 0.014959739801499252, ""fee"": 4.139348913113992e-06, ""fee_pct_nav"": 4.4879219404497756e-06, ""name"": ""友邦保险""}, {""ts_code"": ""01398.HK"", ""side"": ""buy"", ""current_weight"": 0.11444288819529642, ""target_weight"": 0.14592593365478418, ""post_trade_weight"": 0.1459337318241543, ""diff_weight"": 0.03148304545948775, ""gross_amount"": 0.029037784465384117, ""gross_amount_pct_nav"": 0.03148304545948775, ""fee"": 8.711335339615234e-06, ""fee_pct_nav"": 9.444913637846325e-06, ""name"": ""工商银行""}, {""ts_code"": ""01658.HK"", ""side"": ""sell"", ""current_weight"": 0.04787471173931174, ""target_weight"": 0.03613109585951761, ""post_trade_weight"": 0.03613302667741944, ""diff_weight"": -0.011743615879794125, ""gross_amount"": 0.01083149936052192, ""gross_amount_pct_nav"": 0.011743615879794125, ""fee"": 3.2494498081565753e-06, ""fee_pct_nav"": 3.5230847639382373e-06, ""name"": ""邮储银行""}, {""ts_code"": ""02318.HK"", ""side"": ""sell"", ""current_weight"": 0.14333523404610335, ""target_weight"": 0.1239150708648744, ""post_trade_weight"": 0.12392169279070976, ""diff_weight"": -0.019420163181228956, ""gross_amount"": 0.01791181585227397, ""gross_amount_pct_nav"": 0.019420163181228956, ""fee"": 5.373544755682191e-06, ""fee_pct_nav"": 5.8260489543686865e-06, ""name"": ""中国平安""}, {""ts_code"": ""02628.HK"", ""side"": ""sell"", ""current_weight"": 0.05390636197592519, ""target_weight"": 0.038979444636552625, ""post_trade_weight"": 0.03898152766801672, ""diff_weight"": -0.014926917339372557, ""gross_amount"": 0.013767556540584994, ""gross_amount_pct_nav"": 0.014926917339372557, ""fee"": 4.130266962175498e-06, ""fee_pct_nav"": 4.478075201811767e-06, ""name"": ""中国人寿""}, {""ts_code"": ""03968.HK"", ""side"": ""sell"", ""current_weight"": 0.09034308800332537, ""target_weight"": 0.059328238212578065, ""post_trade_weight"": 0.05933140866787978, ""diff_weight"": -0.03101484979074731, ""gross_amount"": 0.028605953150525908, ""gross_amount_pct_nav"": 0.03101484979074731, ""fee"": 8.58178594515777e-06, ""fee_pct_nav"": 9.30445493722419e-06, ""name"": ""招商银行""}]"
2020-02-10,0.07819128,0.15638256,0.12831619,0.01976572,0.00004442,0.00003849,0.00000593,0.00000000,rebalance,"[{""ts_code"": ""00700.HK"", ""side"": ""buy"", ""current_weight"": 0.1570995542133986, ""target_weight"": 0.1799915553419133, ""post_trade_weight"": 0.1799999999999999, ""diff_weight"": 0.02289200112851471, ""gross_amount"": 0.02167691318830539, ""gross_amount_pct_nav"": 0.02289200112851471, ""fee"": 6.503073956491617e-06, ""fee_pct_nav"": 6.867600338554413e-06, ""name"": ""腾讯控股""}, {""ts_code"": ""00883.HK"", ""side"": ""sell"", ""current_weight"": 0.02087367446030906, ""target_weight"": 0.0, ""post_trade_weight"": 0.0, ""diff_weight"": -0.02087367446030906, ""gross_amount"": 0.019765717582175598, ""gross_amount_pct_nav"": 0.02087367446030906, ""fee"": 5.929715274652679e-06, ""fee_pct_nav"": 6.2621023380927174e-06, ""name"": ""中国海洋石油""}, {""ts_code"": ""00939.HK"", ""side"": ""buy"", ""current_weight"": 0.10596762557844577, ""target_weight"": 0.12114086875524928, ""post_trade_weight"": 0.12114655231754201, ""diff_weight"": 0.015173243176803502, ""gross_amount"": 0.014367860340480293, ""gross_amount_pct_nav"": 0.015173243176803502, ""fee"": 4.310358102144087e-06, ""fee_pct_nav"": 4.55197295304105e-06, ""name"": ""建设银行""}, {""ts_code"": ""01299.HK"", ""side"": ""buy"", ""current_weight"": 0.044666019458350525, ""target_weight"": 0.07108175939787517, ""post_trade_weight"": 0.07108509433852374, ""diff_weight"": 0.02641573993952464, ""gross_amount"": 0.02501361494171303, ""gross_amount_pct_nav"": 0.02641573993952464, ""fee"": 7.5040844825139086e-06, ""fee_pct_nav"": 7.924721981857392e-06, ""name"": ""友邦保险""}, {""ts_code"": ""01658.HK"", ""side"": ""buy"", ""current_weight"": 0.036714682403535724, ""target_weight"": 0.04880407582051392, ""post_trade_weight"": 0.04880636555978949, ""diff_weight"": 0.012089393416978202, ""gross_amount"": 0.011447698701739069, ""gross_amount_pct_nav"": 0.012089393416978202, ""fee"": 3.4343096105217204e-06, ""fee_pct_nav"": 3.62681802509346e-06, ""name"": ""邮储银行""}, {""ts_code"": ""02318.HK"", ""side"": ""buy"", ""current_weight"": 0.1256554774327156, ""target_weight"": 0.15449222399110538, ""post_trade_weight"": 0.1544994722978727, ""diff_weight"": 0.02883674655838978, ""gross_amount"": 0.027306116589377302, ""gross_amount_pct_nav"": 0.02883674655838978, ""fee"": 8.19183497681319e-06, ""fee_pct_nav"": 8.651023967516933e-06, ""name"": ""中国平安""}, {""ts_code"": ""02359.HK"", ""side"": ""buy"", ""current_weight"": 0.0, ""target_weight"": 0.014447373522708815, ""post_trade_weight"": 0.014448051349673625, ""diff_weight"": 0.014447373522708815, ""gross_amount"": 0.01368051922995429, ""gross_amount_pct_nav"": 0.014447373522708815, ""fee"": 4.104155768986287e-06, ""fee_pct_nav"": 4.334212056812644e-06, ""name"": ""药明康德""}, {""ts_code"": ""03968.HK"", ""side"": ""buy"", ""current_weight"": 0.058161006118544675, ""target_weight"": 0.07381539107493286, ""post_trade_weight"": 0.07381885426929202, ""diff_weight"": 0.015654384956388188, ""gross_amount"": 0.014823463523826838, ""gross_amount_pct_nav"": 0.015654384956388188, ""fee"": 4.447039057148051e-06, ""fee_pct_nav"": 4.696315486916456e-06, ""name"": ""招商银行""}]"
2020-02-17,0.03150367,0.06300733,0.02385430,0.03745702,0.00001839,0.00000716,0.00001124,0.00000000,rebalance,"[{""ts_code"": ""00960.HK"", ""side"": ""buy"", ""current_weight"": 0.0, ""target_weight"": 0.024514166121027924, ""post_trade_weight"": 0.024514629501465077, ""diff_weight"": 0.024514166121027924, ""gross_amount"": 0.023854302526411002, ""gross_amount_pct_nav"": 0.024514166121027924, ""fee"": 7.1562907579233005e-06, ""fee_pct_nav"": 7.354249836308377e-06, ""name"": ""龙湖集团""}, {""ts_code"": ""02628.HK"", ""side"": ""sell"", ""current_weight"": 0.038493168217133375, ""target_weight"": 0.0, ""post_trade_weight"": 0.0, ""diff_weight"": -0.038493168217133375, ""gross_amount"": 0.0374570228217506, ""gross_amount_pct_nav"": 0.038493168217133375, ""fee"": 1.1237106846525179e-05, ""fee_pct_nav"": 1.1547950465140012e-05, ""name"": ""中国人寿""}]"
2020-02-24,0.01292218,0.02584436,0.02423108,0.00000000,0.00000727,0.00000727,0.00000000,0.00000000,rebalance,"[{""ts_code"": ""00939.HK"", ""side"": ""buy"", ""current_weight"": 0.12347060040387678, ""target_weight"": 0.13553075636164766, ""post_trade_weight"": 0.1355318071813987, ""diff_weight"": 0.012060155957770881, ""gross_amount"": 0.011307326034473764, ""gross_amount_pct_nav"": 0.012060155957770881, ""fee"": 3.3921978103421287e-06, ""fee_pct_nav"": 3.618046787331264e-06, ""name"": ""建设银行""}, {""ts_code"": ""03690.HK"", ""side"": ""buy"", ""current_weight"": 0.04213303460101935, ""target_weight"": 0.05591723633557844, ""post_trade_weight"": 0.05591766988245697, ""diff_weight"": 0.01378420173455909, ""gross_amount"": 0.012923751872146352, ""gross_amount_pct_nav"": 0.01378420173455909, ""fee"": 3.8771255616439055e-06, ""fee_pct_nav"": 4.135260520367727e-06, ""name"": ""美团-W""}]"
2020-03-02,0.15175246,0.30350492,0.07441164,0.20978923,0.00008526,0.00002232,0.00006294,0.00000000,rebalance,"[{""ts_code"": ""00016.HK"", ""side"": ""buy"", ""current_weight"": 0.0, ""target_weight"": 0.017613915947937958, ""post_trade_weight"": 0.017615519867046067, ""diff_weight"": 0.017613915947937958, ""gross_amount"": 0.016493604202473, ""gross_amount_pct_nav"": 0.017613915947937958, ""fee"": 4.9480812607418995e-06, ""fee_pct_nav"": 5.284174784381387e-06, ""name"": ""新鸿基地产""}, {""ts_code"": ""00700.HK"", ""side"": ""sell"", ""current_weight"": 0.1770122826047104, ""target_weight"": 0.15298606912396612, ""post_trade_weight"": 0.15300000000000002, ""diff_weight"": -0.024026213480744296, ""gross_amount"": 0.022498055333454087, ""gross_amount_pct_nav"": 0.024026213480744296, ""fee"": 6.749416600036225e-06, ""fee_pct_nav"": 7.207864044223288e-06, ""name"": ""腾讯控股""}, {""ts_code"": ""00939.HK"", ""side"": ""sell"", ""current_weight"": 0.13786056386034576, ""target_weight"": 0.09966232331231871, ""post_trade_weight"": 0.09967139854040494, ""diff_weight"": -0.03819824054802704, ""gross_amount"": 0.035768687820028455, ""gross_amount_pct_nav"": 0.03819824054802704, ""fee"": 1.0730606346008536e-05, ""fee_pct_nav"": 1.1459472164408112e-05, ""name"": ""建设银行""}, {""ts_code"": ""00960.HK"", ""side"": ""sell"", ""current_weight"": 0.024408558714171264, ""target_weight"": 0.0, ""post_trade_weight"": 0.0, ""diff_weight"": -0.024408558714171264, ""gross_amount"": 0.022856081962369892, ""gross_amount_pct_nav"": 0.024408558714171264, ""fee"": 6.856824588710967e-06, ""fee_pct_nav"": 7.3225676142513795e-06, ""name"": ""龙湖集团""}, {""ts_code"": ""01288.HK"", ""side"": ""sell"", ""current_weight"": 0.07402505110031445, ""target_weight"": 0.059710634628632006, ""post_trade_weight"": 0.059716071865196625, ""diff_weight"": -0.014314416471682443, ""gross_amount"": 0.013403965385728425, ""gross_amount_pct_nav"": 0.014314416471682443, ""fee"": 4.021189615718527e-06, ""fee_pct_nav"": 4.294324941504732e-06, ""name"": ""农业银行""}, {""ts_code"": ""01299.HK"", ""side"": ""sell"", ""current_weight"": 0.06942228871456402, ""target_weight"": 0.05895322525554292, ""post_trade_weight"": 0.05895859352258539, ""diff_weight"": -0.010469063459021105, ""gross_amount"": 0.009803191384246478, ""gross_amount_pct_nav"": 0.010469063459021105, ""fee"": 2.9409574152739433e-06, ""fee_pct_nav"": 3.1407190377063316e-06, ""name"": ""友邦保险""}, {""ts_code"": ""01398.HK"", ""side"": ""sell"", ""current_weight"": 0.147629251007921, ""target_weight"": 0.12806689054293519, ""post_trade_weight"": 0.12807855228433698, ""diff_weight"": -0.019562360464985804, ""gross_amount"": 0.018318120270884697, ""gross_amount_pct_nav"": 0.019562360464985804, ""fee"": 5.495436081265408e-06, ""fee_pct_nav"": 5.868708139495741e-06, ""name"": ""工商银行""}, {""ts_code"": ""01658.HK"", ""side"": ""sell"", ""current_weight"": 0.04845761433918497, ""target_weight"": 0.03767882500085573, ""post_trade_weight"": 0.03768225602593662, ""diff_weight"": -0.010778789338329237, ""gross_amount"": 0.01009321752492244, ""gross_amount_pct_nav"": 0.010778789338329237, ""fee"": 3.027965257476732e-06, ""fee_pct_nav"": 3.2336368014987705e-06, ""name"": ""邮储银行""}, {""ts_code"": ""02318.HK"", ""side"": ""sell"", ""current_weight"": 0.14921072447007594, ""target_weight"": 0.10475582448281143, ""post_trade_weight"": 0.10476536352393497, ""diff_weight"": -0.044454899987264505, ""gross_amount"": 0.04162740002948068, ""gross_amount_pct_nav"": 0.044454899987264505, ""fee"": 1.2488220008844201e-05, ""fee_pct_nav"": 1.333646999617935e-05, ""name"": ""中国平安""}, {""ts_code"": ""02359.HK"", ""side"": ""sell"", ""current_weight"": 0.015270892607572953, ""target_weight"": 0.0, ""post_trade_weight"": 0.0, ""diff_weight"": -0.015270892607572953, ""gross_amount"": 0.014299606017892093, ""gross_amount_pct_nav"": 0.015270892607572953, ""fee"": 4.289881805367628e-06, ""fee_pct_nav"": 4.581267782271886e-06, ""name"": ""药明康德""}, {""ts_code"": ""03690.HK"", ""side"": ""sell"", ""current_weight"": 0.055319242827455394, ""target_weight"": 0.04329659403927423, ""post_trade_weight"": 0.04330053661710309, ""diff_weight"": -0.012022648788181163, ""gross_amount"": 0.011257962804166563, ""gross_amount_pct_nav"": 0.012022648788181163, ""fee"": 3.3773888412499684e-06, ""fee_pct_nav"": 3.6067946364543484e-06, ""name"": ""美团-W""}, {""ts_code"": ""03968.HK"", ""side"": ""sell"", ""current_weight"": 0.0724164722961194, ""target_weight"": 0.06188360362846722, ""post_trade_weight"": 0.061889238735085866, ""diff_weight"": -0.010532868667652177, ""gross_amount"": 0.009862938340024378, ""gross_amount_pct_nav"": 0.010532868667652177, ""fee"": 2.958881502007313e-06, ""fee_pct_nav"": 3.1598606002956524e-06, ""name"": ""招商银行""}, {""ts_code"": ""03988.HK"", ""side"": ""buy"", ""current_weight"": 0.0, ""target_weight"": 0.06185205601067758, ""post_trade_weight"": 0.06185768824457745, ""diff_weight"": 0.06185205601067758, ""gross_amount"": 0.05791803105934183, ""gross_amount_pct_nav"": 0.06185205601067758, ""fee"": 1.7375409317802548e-05, ""fee_pct_nav"": 1.855561680320327e-05, ""name"": ""中国银行""}]"
2020-03-09,0.08747658,0.17495317,0.14262693,0.01617508,0.00004764,0.00004279,0.00000485,0.00000000,rebalance,"[{""ts_code"": ""00016.HK"", ""side"": ""sell"", ""current_weight"": 0.017820184940201905, ""target_weight"": 0.0, ""post_trade_weight"": 0.0, ""diff_weight"": -0.017820184940201905, ""gross_amount"": 0.0161750784213945, ""gross_amount_pct_nav"": 0.017820184940201905, ""fee"": 4.85252352641835e-06, ""fee_pct_nav"": 5.346055482060571e-06, ""name"": ""新鸿基地产""}, {""ts_code"": ""00700.HK"", ""side"": ""buy"", ""current_weight"": 0.15288294442268197, ""target_weight"": 0.17999055252907475, ""post_trade_weight"": 0.1799999999999999, ""diff_weight"": 0.02710760810639281, ""gross_amount"": 0.02460511427960327, ""gross_amount_pct_nav"": 0.02710760810639281, ""fee"": 7.38153428388098e-06, ""fee_pct_nav"": 8.132282431917842e-06, ""name"": ""腾讯控股""}, {""ts_code"": ""00939.HK"", ""side"": ""buy"", ""current_weight"": 0.09936482952418378, ""target_weight"": 0.1342448493843096, ""post_trade_weight"": 0.13425189572254007, ""diff_weight"": 0.03488001986012584, ""gross_amount"": 0.03166000007690946, ""gross_amount_pct_nav"": 0.03488001986012584, ""fee"": 9.498000023072837e-06, ""fee_pct_nav"": 1.046400595803775e-05, ""name"": ""建设银行""}, {""ts_code"": ""01109.HK"", ""side"": ""buy"", ""current_weight"": 0.0, ""target_weight"": 0.021047797104338947, ""post_trade_weight"": 0.02104890187594161, ""diff_weight"": 0.021047797104338947, ""gross_amount"": 0.019104727021785065, ""gross_amount_pct_nav"": 0.021047797104338947, ""fee"": 5.731418106535519e-06, ""fee_pct_nav"": 6.314339131301684e-06, ""name"": ""华润置地""}, {""ts_code"": ""01288.HK"", ""side"": ""buy"", ""current_weight"": 0.05989628263512748, ""target_weight"": 0.08658677594370093, ""post_trade_weight"": 0.08659132077139735, ""diff_weight"": 0.026690493308573447, ""gross_amount"": 0.024226506280410648, ""gross_amount_pct_nav"": 0.026690493308573447, ""fee"": 7.267951884123193e-06, ""fee_pct_nav"": 8.007147992572032e-06, ""name"": ""农业银行""}, {""ts_code"": ""01398.HK"", ""side"": ""buy"", ""current_weight"": 0.12619196019958553, ""target_weight"": 0.14942295391091429, ""post_trade_weight"": 0.14943079692818817, ""diff_weight"": 0.023230993711328758, ""gross_amount"": 0.021086377405654902, ""gross_amount_pct_nav"": 0.023230993711328758, ""fee"": 6.32591322169647e-06, ""fee_pct_nav"": 6.969298113398627e-06, ""name"": ""工商银行""}, {""ts_code"": ""02318.HK"", ""side"": ""buy"", ""current_weight"": 0.10434628165443915, ""target_weight"": 0.11673928209931203, ""post_trade_weight"": 0.1167454095929941, ""diff_weight"": 0.012393000444872885, ""gross_amount"": 0.011248915471127802, ""gross_amount_pct_nav"": 0.012393000444872885, ""fee"": 3.3746746413383404e-06, ""fee_pct_nav"": 3.7179001334618654e-06, ""name"": ""中国平安""}, {""ts_code"": ""03988.HK"", ""side"": ""buy"", ""current_weight"": 0.06169178175926606, ""target_weight"": 0.07347484956362094, ""post_trade_weight"": 0.07347870616328812, ""diff_weight"": 0.011783067804354872, ""gross_amount"": 0.010695289999492527, ""gross_amount_pct_nav"": 0.011783067804354872, ""fee"": 3.208586999847758e-06, ""fee_pct_nav"": 3.5349203413064614e-06, ""name"": ""中国银行""}]"
2020-03-16,0.06764124,0.13528247,0.01384944,0.10229117,0.00003484,0.00000415,0.00003069,0.00000000,rebalance,"[{""ts_code"": ""00700.HK"", ""side"": ""sell"", ""current_weight"": 0.17235495369979234, ""target_weight"": 0.15299379053463655, ""post_trade_weight"": 0.15300000000015337, ""diff_weight"": -0.019361163165155796, ""gross_amount"": 0.01662164572119945, ""gross_amount_pct_nav"": 0.019361163165155796, ""fee"": 4.986493716359835e-06, ""fee_pct_nav"": 5.808348949546738e-06, ""name"": ""腾讯控股""}, {""ts_code"": ""00939.HK"", ""side"": ""sell"", ""current_weight"": 0.14094925638012196, ""target_weight"": 0.12671359148992095, ""post_trade_weight"": 0.12671873433705297, ""diff_weight"": -0.014235664890201026, ""gross_amount"": 0.012221382382463647, ""gross_amount_pct_nav"": 0.014235664890201026, ""fee"": 3.666414714739094e-06, ""fee_pct_nav"": 4.270699467060307e-06, ""name"": ""建设银行""}, {""ts_code"": ""00960.HK"", ""side"": ""buy"", ""current_weight"": 0.0, ""target_weight"": 0.016132057790940044, ""post_trade_weight"": 0.016132712532914983, ""diff_weight"": 0.016132057790940044, ""gross_amount"": 0.01384944422334572, ""gross_amount_pct_nav"": 0.016132057790940044, ""fee"": 4.154833267003715e-06, ""fee_pct_nav"": 4.839617337282012e-06, ""name"": ""龙湖集团""}, {""ts_code"": ""01109.HK"", ""side"": ""sell"", ""current_weight"": 0.02081622435425452, ""target_weight"": 0.0, ""post_trade_weight"": 0.0, ""diff_weight"": -0.02081622435425452, ""gross_amount"": 0.01787082230121985, ""gross_amount_pct_nav"": 0.02081622435425452, ""fee"": 5.361246690365954e-06, ""fee_pct_nav"": 6.244867306276355e-06, ""name"": ""华润置地""}, {""ts_code"": ""01299.HK"", ""side"": ""sell"", ""current_weight"": 0.05555326105490741, ""target_weight"": 0.039029325488761146, ""post_trade_weight"": 0.03903090954815284, ""diff_weight"": -0.016523935566146265, ""gross_amount"": 0.014185873057188318, ""gross_amount_pct_nav"": 0.016523935566146265, ""fee"": 4.255761917156495e-06, ""fee_pct_nav"": 4.957180669843878e-06, ""name"": ""友邦保险""}, {""ts_code"": ""01398.HK"", ""side"": ""sell"", ""current_weight"": 0.1558004023292155, ""target_weight"": 0.13832736901382114, ""post_trade_weight"": 0.138332983222247, ""diff_weight"": -0.017473033315394352, ""gross_amount"": 0.015000677746773328, ""gross_amount_pct_nav"": 0.017473033315394352, ""fee"": 4.500203324031998e-06, ""fee_pct_nav"": 5.241909994618305e-06, ""name"": ""工商银行""}, {""ts_code"": ""02318.HK"", ""side"": ""sell"", ""current_weight"": 0.11374103020617617, ""target_weight"": 0.08300063615495265, ""post_trade_weight"": 0.08300400485106951, ""diff_weight"": -0.030740394051223505, ""gross_amount"": 0.026390766654405845, ""gross_amount_pct_nav"": 0.030740394051223505, ""fee"": 7.917229996321752e-06, ""fee_pct_nav"": 9.222118215367051e-06, ""name"": ""中国平安""}]"
2020-03-23,0.02958638,0.05917277,0.02085310,0.02852580,0.00001481,0.00000626,0.00000856,0.00000000,rebalance,"[{""ts_code"": ""00914.HK"", ""side"": ""buy"", ""current_weight"": 0.0, ""target_weight"": 0.013419901076182088, ""post_trade_weight"": 0.013420139308208965, ""diff_weight"": 0.013419901076182088, ""gross_amount"": 0.01119873228063165, ""gross_amount_pct_nav"": 0.013419901076182088, ""fee"": 3.3596196841894946e-06, ""fee_pct_nav"": 4.025970322854626e-06, ""name"": ""海螺水泥""}, {""ts_code"": ""00939.HK"", ""side"": ""buy"", ""current_weight"": 0.12549863101406955, ""target_weight"": 0.13706786069170035, ""post_trade_weight"": 0.13707029394020842, ""diff_weight"": 0.011569229677630808, ""gross_amount"": 0.009654371155005961, ""gross_amount_pct_nav"": 0.011569229677630808, ""fee"": 2.8963113465017882e-06, ""fee_pct_nav"": 3.470768903289242e-06, ""name"": ""建设银行""}, {""ts_code"": ""00960.HK"", ""side"": ""sell"", ""current_weight"": 0.014891211272552754, ""target_weight"": 0.0, ""post_trade_weight"": 0.0, ""diff_weight"": -0.014891211272552754, ""gross_amount"": 0.012426521434767968, ""gross_amount_pct_nav"": 0.014891211272552754, ""fee"": 3.72795643043039e-06, ""fee_pct_nav"": 4.467363381765826e-06, ""name"": ""龙湖集团""}, {""ts_code"": ""03690.HK"", ""side"": ""sell"", ""current_weight"": 0.039532651767090095, ""target_weight"": 0.02024022829413875, ""post_trade_weight"": 0.020240587601601866, ""diff_weight"": -0.019292423472951344, ""gross_amount"": 0.016099275567806316, ""gross_amount_pct_nav"": 0.019292423472951344, ""fee"": 4.829782670341895e-06, ""fee_pct_nav"": 5.787727041885403e-06, ""name"": ""美团-W""}]"
2020-03-30,0.14402418,0.28804837,0.01138018,0.24178314,0.00007595,0.00000341,0.00007253,0.00000000,rebalance,"[{""ts_code"": ""00700.HK"", ""side"": ""sell"", ""current_weight"": 0.1646599781814521, ""target_weight"": 0.10799066723296549, ""post_trade_weight"": 0.10800000000000004, ""diff_weight"": -0.05666931094848659, ""gross_amount"": 0.04980618759699086, ""gross_amount_pct_nav"": 0.05666931094848659, ""fee"": 1.4941856279097258e-05, ""fee_pct_nav"": 1.7000793284545976e-05, ""name"": ""腾讯控股""}, {""ts_code"": ""00914.HK"", ""side"": ""sell"", ""current_weight"": 0.013656235406467016, ""target_weight"": 0.0, ""post_trade_weight"": 0.0, ""diff_weight"": -0.013656235406467016, ""gross_amount"": 0.01200235208685433, ""gross_amount_pct_nav"": 0.013656235406467016, ""fee"": 3.600705626056299e-06, ""fee_pct_nav"": 4.096870621940105e-06, ""name"": ""海螺水泥""}, {""ts_code"": ""00939.HK"", ""side"": ""sell"", ""current_weight"": 0.13644501051833055, ""target_weight"": 0.09741014500015664, ""post_trade_weight"": 0.09741856337753482, ""diff_weight"": -0.039034865518173895, ""gross_amount"": 0.034307419700034314, ""gross_amount_pct_nav"": 0.039034865518173895, ""fee"": 1.0292225910010294e-05, ""fee_pct_nav"": 1.1710459655452169e-05, ""name"": ""建设银行""}, {""ts_code"": ""01288.HK"", ""side"": ""sell"", ""current_weight"": 0.08645658979155409, ""target_weight"": 0.05364980432405808, ""post_trade_weight"": 0.05365444084625055, ""diff_weight"": -0.03280678546749601, ""gross_amount"": 0.02883361177505154, ""gross_amount_pct_nav"": 0.03280678546749601, ""fee"": 8.65008353251546e-06, ""fee_pct_nav"": 9.842035640248802e-06, ""name"": ""农业银行""}, {""ts_code"": ""01299.HK"", ""side"": ""sell"", ""current_weight"": 0.039338685560555496, ""target_weight"": 0.02739213753516637, ""post_trade_weight"": 0.02739450481786537, ""diff_weight"": -0.011946548025389128, ""gross_amount"": 0.010499722021145946, ""gross_amount_pct_nav"": 0.011946548025389128, ""fee"": 3.1499166063437836e-06, ""fee_pct_nav"": 3.5839644076167383e-06, ""name"": ""友邦保险""}, {""ts_code"": ""01398.HK"", ""side"": ""sell"", ""current_weight"": 0.13852501135171927, ""target_weight"": 0.1009320299847577, ""post_trade_weight"": 0.10094075273040146, ""diff_weight"": -0.03759298136696157, ""gross_amount"": 0.033040159672932695, ""gross_amount_pct_nav"": 0.03759298136696157, ""fee"": 9.912047901879807e-06, ""fee_pct_nav"": 1.1277894410088468e-05, ""name"": ""工商银行""}, {""ts_code"": ""01658.HK"", ""side"": ""sell"", ""current_weight"": 0.0384493539628352, ""target_weight"": 0.024519358147830055, ""post_trade_weight"": 0.02452147715925293, ""diff_weight"": -0.013929995815005142, ""gross_amount"": 0.012242957840410663, ""gross_amount_pct_nav"": 0.013929995815005142, ""fee"": 3.6728873521231987e-06, ""fee_pct_nav"": 4.1789987445015424e-06, ""name"": ""邮储银行""}, {""ts_code"": ""01988.HK"", ""side"": ""buy"", ""current_weight"": 0.0, ""target_weight"": 0.012948324952987478, ""post_trade_weight"": 0.012949443972837713, ""diff_weight"": 0.012948324952987478, ""gross_amount"": 0.011380175457956845, ""gross_amount_pct_nav"": 0.012948324952987478, ""fee"": 3.4140526373870535e-06, ""fee_pct_nav"": 3.884497485896243e-06, ""name"": ""民生银行""}, {""ts_code"": ""02318.HK"", ""side"": ""sell"", ""current_weight"": 0.07887387773983665, ""target_weight"": 0.06063865673462586, ""post_trade_weight"": 0.06064389724726545, ""diff_weight"": -0.01823522100521079, ""gross_amount"": 0.01602678456923027, ""gross_amount_pct_nav"": 0.01823522100521079, ""fee"": 4.80803537076908e-06, ""fee_pct_nav"": 5.470566301563236e-06, ""name"": ""中国平安""}, {""ts_code"": ""03968.HK"", ""side"": ""sell"", ""current_weight"": 0.060805432994434604, ""target_weight"": 0.03269243263738908, ""post_trade_weight"": 0.032695257982073164, ""diff_weight"": -0.028113000357045528, ""gross_amount"": 0.024708282953538798, ""gross_amount_pct_nav"": 0.028113000357045528, ""fee"": 7.412484886061639e-06, ""fee_pct_nav"": 8.433900107113658e-06, ""name"": ""招商银行""}, {""ts_code"": ""03988.HK"", ""side"": ""sell"", ""current_weight"": 0.07327799608909956, ""target_weight"": 0.05016289968864663, ""post_trade_weight"": 0.050167234865644485, ""diff_weight"": -0.02311509640045294, ""gross_amount"": 0.020315666599334807, ""gross_amount_pct_nav"": 0.02311509640045294, ""fee"": 6.094699979800441e-06, ""fee_pct_nav"": 6.93452892013588e-06, ""name"": ""中国银行""}]"
2020-04-06,0.00000000,0.00000000,0.00000000,0.00000000,0.00000000,0.00000000,0.00000000,0.00000000,rebalance,
2020-04-14,0.01922953,0.03845906,0.01245371,0.02192977,0.00001032,0.00000374,0.00000658,0.00000000,rebalance,"[{""ts_code"": ""00914.HK"", ""side"": ""buy"", ""current_weight"": 0.0, ""target_weight"": 0.013929887237686811, ""post_trade_weight"": 0.013930047958672148, ""diff_weight"": 0.013929887237686811, ""gross_amount"": 0.012453710390378857, ""gross_amount_pct_nav"": 0.013929887237686811, ""fee"": 3.7361131171136567e-06, ""fee_pct_nav"": 4.178966171306043e-06, ""name"": ""海螺水泥""}, {""ts_code"": ""01988.HK"", ""side"": ""sell"", ""current_weight"": 0.012962358698280165, ""target_weight"": 0.0, ""post_trade_weight"": 0.0, ""diff_weight"": -0.012962358698280165, ""gross_amount"": 0.011588712704568621, ""gross_amount_pct_nav"": 0.012962358698280165, ""fee"": 3.4766138113705863e-06, ""fee_pct_nav"": 3.888707609484049e-06, ""name"": ""民生银行""}, {""ts_code"": ""02318.HK"", ""side"": ""sell"", ""current_weight"": 0.06111831040919959, ""target_weight"": 0.0495514914965796, ""post_trade_weight"": 0.049552063214383366, ""diff_weight"": -0.011566818912619993, ""gross_amount"": 0.010341060944557015, ""gross_amount_pct_nav"": 0.011566818912619993, ""fee"": 3.1023182833671044e-06, ""fee_pct_nav"": 3.4700456737859977e-06, ""name"": ""中国平安""}]"
2020-04-20,0.01968947,0.03937895,0.02276069,0.01241099,0.00001055,0.00000683,0.00000372,0.00000000,rebalance,"[{""ts_code"": ""00016.HK"", ""side"": ""buy"", ""current_weight"": 0.0, ""target_weight"": 0.014960901694074939, ""post_trade_weight"": 0.014961078439542475, ""diff_weight"": 0.014960901694074939, ""gross_amount"": 0.013362471354604366, ""gross_amount_pct_nav"": 0.014960901694074939, ""fee"": 4.0087414063813096e-06, ""fee_pct_nav"": 4.488270508222482e-06, ""name"": ""新鸿基地产""}, {""ts_code"": ""00914.HK"", ""side"": ""sell"", ""current_weight"": 0.013895606036635798, ""target_weight"": 0.0, ""post_trade_weight"": 0.0, ""diff_weight"": -0.013895606036635798, ""gross_amount"": 0.012410992426542661, ""gross_amount_pct_nav"": 0.013895606036635798, ""fee"": 3.723297727962798e-06, ""fee_pct_nav"": 4.168681810990739e-06, ""name"": ""海螺水泥""}, {""ts_code"": ""02318.HK"", ""side"": ""buy"", ""current_weight"": 0.05062235380583985, ""target_weight"": 0.0611447959836704, ""post_trade_weight"": 0.06114551833756152, ""diff_weight"": 0.010522442177830547, ""gross_amount"": 0.00939821910850644, ""gross_amount_pct_nav"": 0.010522442177830547, ""fee"": 2.8194657325519314e-06, ""fee_pct_nav"": 3.1567326533491635e-06, ""name"": ""中国平安""}]"
2020-04-27,0.01531094,0.03062188,0.01414495,0.01329866,0.00000823,0.00000424,0.00000399,0.00000000,rebalance,"[{""ts_code"": ""00016.HK"", ""side"": ""sell"", ""current_weight"": 0.014838789297904697, ""target_weight"": 0.0, ""post_trade_weight"": 0.0, ""diff_weight"": -0.014838789297904697, ""gross_amount"": 0.01329865524213625, ""gross_amount_pct_nav"": 0.014838789297904697, ""fee"": 3.989596572640874e-06, ""fee_pct_nav"": 4.451636789371408e-06, ""name"": ""新鸿基地产""}, {""ts_code"": ""00914.HK"", ""side"": ""buy"", ""current_weight"": 0.0, ""target_weight"": 0.015783094369507106, ""post_trade_weight"": 0.015783239363263007, ""diff_weight"": 0.015783094369507106, ""gross_amount"": 0.014144949864866316, ""gross_amount_pct_nav"": 0.015783094369507106, ""fee"": 4.243484959459894e-06, ""fee_pct_nav"": 4.734928310852131e-06, ""name"": ""海螺水泥""}]"
2020-05-04,0.00000000,0.00000000,0.00000000,0.00000000,0.00000000,0.00000000,0.00000000,0.00000000,rebalance,
2020-05-11,0.00626236,0.01252473,0.00000000,0.01139261,0.00000342,0.00000000,0.00000342,0.00000000,rebalance,"[{""ts_code"": ""00700.HK"", ""side"": ""sell"", ""current_weight"": 0.1205243216326589, ""target_weight"": 0.10799959419883154, ""post_trade_weight"": 0.10800000000000039, ""diff_weight"": -0.012524727433827366, ""gross_amount"": 0.011392611385077508, ""gross_amount_pct_nav"": 0.012524727433827366, ""fee"": 3.4177834155232523e-06, ""fee_pct_nav"": 3.7574182301482097e-06, ""name"": ""腾讯控股""}]"
2020-05-18,0.10522974,0.21045947,0.18966977,0.00000000,0.00005690,0.00005690,0.00000000,0.00000000,rebalance,"[{""ts_code"": ""00700.HK"", ""side"": ""buy"", ""current_weight"": 0.1065922134917991, ""target_weight"": 0.15299033991012284, ""post_trade_weight"": 0.1529999999999999, ""diff_weight"": 0.04639812641832372, ""gross_amount"": 0.041814806293383425, ""gross_amount_pct_nav"": 0.04639812641832372, ""fee"": 1.2544441888015026e-05, ""fee_pct_nav"": 1.3919437925497115e-05, ""name"": ""腾讯控股""}, {""ts_code"": ""00939.HK"", ""side"": ""buy"", ""current_weight"": 0.09346125645058519, ""target_weight"": 0.1296456186772215, ""post_trade_weight"": 0.12965380473870305, ""diff_weight"": 0.0361843622266363, ""gross_amount"": 0.0326099826470338, ""gross_amount_pct_nav"": 0.0361843622266363, ""fee"": 9.782994794110139e-06, ""fee_pct_nav"": 1.0855308667990888e-05, ""name"": ""建设银行""}, {""ts_code"": ""01288.HK"", ""side"": ""buy"", ""current_weight"": 0.05411605790394363, ""target_weight"": 0.08545955296834255, ""post_trade_weight"": 0.08546494904082018, ""diff_weight"": 0.03134349506439893, ""gross_amount"": 0.028247308153328037, ""gross_amount_pct_nav"": 0.03134349506439893, ""fee"": 8.474192445998411e-06, ""fee_pct_nav"": 9.403048519319679e-06, ""name"": ""农业银行""}, {""ts_code"": ""01299.HK"", ""side"": ""buy"", ""current_weight"": 0.026773698789271685, ""target_weight"": 0.04142182643572387, ""post_trade_weight"": 0.04142444188560441, ""diff_weight"": 0.014648127646452182, ""gross_amount"": 0.01320114986055252, ""gross_amount_pct_nav"": 0.014648127646452182, ""fee"": 3.960344958165756e-06, ""fee_pct_nav"": 4.394438293935654e-06, ""name"": ""友邦保险""}, {""ts_code"": ""01398.HK"", ""side"": ""buy"", ""current_weight"": 0.09520437521510147, ""target_weight"": 0.1278963653682582, ""post_trade_weight"": 0.12790444097868653, ""diff_weight"": 0.03269199015315674, ""gross_amount"": 0.029462595607299844, ""gross_amount_pct_nav"": 0.03269199015315674, ""fee"": 8.838778682189952e-06, ""fee_pct_nav"": 9.80759704594702e-06, ""name"": ""工商银行""}, {""ts_code"": ""02318.HK"", ""side"": ""buy"", ""current_weight"": 0.06148865926352881, ""target_weight"": 0.08522071321491437, ""post_trade_weight"": 0.08522609420661312, ""diff_weight"": 0.02373205395138556, ""gross_amount"": 0.021387743763063002, ""gross_amount_pct_nav"": 0.02373205395138556, ""fee"": 6.4163231289189e-06, ""fee_pct_nav"": 7.119616185415668e-06, ""name"": ""中国平安""}, {""ts_code"": ""03690.HK"", ""side"": ""buy"", ""current_weight"": 0.028274677110835793, ""target_weight"": 0.04086823544974556, ""post_trade_weight"": 0.04087081594487875, ""diff_weight"": 0.012593558338909768, ""gross_amount"": 0.011349535921734325, ""gross_amount_pct_nav"": 0.012593558338909768, ""fee"": 3.4048607765202974e-06, ""fee_pct_nav"": 3.77806750167293e-06, ""name"": ""美团-W""}, {""ts_code"": ""03988.HK"", ""side"": ""buy"", ""current_weight"": 0.04842356292591352, ""target_weight"": 0.06129132357297906, ""post_trade_weight"": 0.06129519361924962, ""diff_weight"": 0.012867760647065535, ""gross_amount"": 0.011596651856920104, ""gross_amount_pct_nav"": 0.012867760647065535, ""fee"": 3.478995557076031e-06, ""fee_pct_nav"": 3.86032819411966e-06, ""name"": ""中国银行""}]"
2020-05-25,0.03991648,0.07983297,0.03679079,0.03443089,0.00002137,0.00001104,0.00001033,0.00000000,rebalance,"[{""ts_code"": ""01299.HK"", ""side"": ""sell"", ""current_weight"": 0.03859386654671418, ""target_weight"": 0.0, ""post_trade_weight"": 0.0, ""diff_weight"": -0.03859386654671418, ""gross_amount"": 0.03443088650299974, ""gross_amount_pct_nav"": 0.03859386654671418, ""fee"": 1.032926595089992e-05, ""fee_pct_nav"": 1.1578159964014252e-05, ""name"": ""友邦保险""}, {""ts_code"": ""01658.HK"", ""side"": ""buy"", ""current_weight"": 0.024421593076069992, ""target_weight"": 0.034470306208699585, ""post_trade_weight"": 0.03447113178854653, ""diff_weight"": 0.01004871313262959, ""gross_amount"": 0.00896479498761777, ""gross_amount_pct_nav"": 0.01004871313262959, ""fee"": 2.689438496285331e-06, ""fee_pct_nav"": 3.014613939788877e-06, ""name"": ""邮储银行""}, {""ts_code"": ""01810.HK"", ""side"": ""buy"", ""current_weight"": 0.0, ""target_weight"": 0.017531084630748515, ""post_trade_weight"": 0.01753150450836952, ""diff_weight"": 0.017531084630748515, ""gross_amount"": 0.015640070280731583, ""gross_amount_pct_nav"": 0.017531084630748515, ""fee"": 4.692021084219475e-06, ""fee_pct_nav"": 5.259325389224555e-06, ""name"": ""小米集团-W""}, {""ts_code"": ""03968.HK"", ""side"": ""buy"", ""current_weight"": 0.03318945786265094, ""target_weight"": 0.046848763355063515, ""post_trade_weight"": 0.04684988540470955, ""diff_weight"": 0.013659305492412578, ""gross_amount"": 0.012185925878916613, ""gross_amount_pct_nav"": 0.013659305492412578, ""fee"": 3.6557777636749837e-06, ""fee_pct_nav"": 4.097791647723773e-06, ""name"": ""招商银行""}]"
2020-06-01,0.00629277,0.01258554,0.01158811,0.00000000,0.00000348,0.00000348,0.00000000,0.00000000,rebalance,"[{""ts_code"": ""01398.HK"", ""side"": ""buy"", ""current_weight"": 0.1262443829167597, ""target_weight"": 0.13882992690461438, ""post_trade_weight"": 0.13883045108163905, ""diff_weight"": 0.012585543987854669, ""gross_amount"": 0.011588113230904806, ""gross_amount_pct_nav"": 0.012585543987854669, ""fee"": 3.4764339692714416e-06, ""fee_pct_nav"": 3.7756631963564006e-06, ""name"": ""工商银行""}]"
2020-06-08,0.05963209,0.11926417,0.11150309,0.00000000,0.00003345,0.00003345,0.00000000,0.00000000,rebalance,"[{""ts_code"": ""00700.HK"", ""side"": ""buy"", ""current_weight"": 0.1499127282547894, ""target_weight"": 0.17999355973476386, ""post_trade_weight"": 0.17999999999999994, ""diff_weight"": 0.03008083147997445, ""gross_amount"": 0.028123331323947454, ""gross_amount_pct_nav"": 0.03008083147997445, ""fee"": 8.436999397184235e-06, ""fee_pct_nav"": 9.024249443992334e-06, ""name"": ""腾讯控股""}, {""ts_code"": ""00939.HK"", ""side"": ""buy"", ""current_weight"": 0.1279049797840448, ""target_weight"": 0.15627172032645265, ""post_trade_weight"": 0.15627731181166626, ""diff_weight"": 0.028366740542407842, ""gross_amount"": 0.026520784287019525, ""gross_amount_pct_nav"": 0.028366740542407842, ""fee"": 7.956235286105857e-06, ""fee_pct_nav"": 8.510022162722353e-06, ""name"": ""建设银行""}, {""ts_code"": ""01288.HK"", ""side"": ""buy"", ""current_weight"": 0.08354965356888049, ""target_weight"": 0.10111424082969567, ""post_trade_weight"": 0.101117858750976, ""diff_weight"": 0.01756458726081518, ""gross_amount"": 0.01642157755623022, ""gross_amount_pct_nav"": 0.01756458726081518, ""fee"": 4.926473266869066e-06, ""fee_pct_nav"": 5.269376178244554e-06, ""name"": ""农业银行""}, {""ts_code"": ""01398.HK"", ""side"": ""buy"", ""current_weight"": 0.13863958860065576, ""target_weight"": 0.14890540848983955, ""post_trade_weight"": 0.14891073640450037, ""diff_weight"": 0.010265819889183797, ""gross_amount"": 0.009597775056440383, ""gross_amount_pct_nav"": 0.010265819889183797, ""fee"": 2.8793325169321148e-06, ""fee_pct_nav"": 3.0797459667551388e-06, ""name"": ""工商银行""}, {""ts_code"": ""01810.HK"", ""side"": ""buy"", ""current_weight"": 0.01754737963096025, ""target_weight"": 0.0280253321883686, ""post_trade_weight"": 0.028026334949650105, ""diff_weight"": 0.010477952557408349, ""gross_amount"": 0.009796103261466356, ""gross_amount_pct_nav"": 0.010477952557408349, ""fee"": 2.9388309784399066e-06, ""fee_pct_nav"": 3.1433857672225045e-06, ""name"": ""小米集团-W""}, {""ts_code"": ""02318.HK"", ""side"": ""buy"", ""current_weight"": 0.08705389587581147, ""target_weight"": 0.10956213518449656, ""post_trade_weight"": 0.10956605537592708, ""diff_weight"": 0.0225082393086851, ""gross_amount"": 0.021043523082739823, ""gross_amount_pct_nav"": 0.0225082393086851, ""fee"": 6.313056924821946e-06, ""fee_pct_nav"": 6.752471792605529e-06, ""name"": ""中国平安""}]"
2020-06-15,0.02418473,0.04836946,0.04441089,0.00000000,0.00001332,0.00001332,0.00000000,0.00000000,rebalance,"[{""ts_code"": ""00388.HK"", ""side"": ""buy"", ""current_weight"": 0.026079281100610415, ""target_weight"": 0.039757475237407004, ""post_trade_weight"": 0.03975805216005963, ""diff_weight"": 0.01367819413679659, ""gross_amount"": 0.012558768183839705, ""gross_amount_pct_nav"": 0.01367819413679659, ""fee"": 3.7676304551519113e-06, ""fee_pct_nav"": 4.103458241038977e-06, ""name"": ""香港交易所""}, {""ts_code"": ""00914.HK"", ""side"": ""buy"", ""current_weight"": 0.014880979449639915, ""target_weight"": 0.02737223296884805, ""post_trade_weight"": 0.027372630168649048, ""diff_weight"": 0.012491253519208134, ""gross_amount"": 0.011468967007222684, ""gross_amount_pct_nav"": 0.012491253519208134, ""fee"": 3.440690102166805e-06, ""fee_pct_nav"": 3.74737605576244e-06, ""name"": ""海螺水泥""}, {""ts_code"": ""03690.HK"", ""side"": ""buy"", ""current_weight"": 0.05248730006290567, ""target_weight"": 0.07468731228358476, ""post_trade_weight"": 0.07468839607479791, ""diff_weight"": 0.022200012220679084, ""gross_amount"": 0.020383159090269554, ""gross_amount_pct_nav"": 0.022200012220679084, ""fee"": 6.114947727080866e-06, ""fee_pct_nav"": 6.660003666203726e-06, ""name"": ""美团-W""}]"
2020-06-22,0.06588214,0.13176427,0.00000000,0.12577410,0.00003773,0.00000000,0.00003773,0.00000000,rebalance,"[{""ts_code"": ""00700.HK"", ""side"": ""sell"", ""current_weight"": 0.19441894086044345, ""target_weight"": 0.15299395201994093, ""post_trade_weight"": 0.15300000000000002, ""diff_weight"": -0.041424988840502525, ""gross_amount"": 0.03954175579555591, ""gross_amount_pct_nav"": 0.041424988840502525, ""fee"": 1.1862526738666772e-05, ""fee_pct_nav"": 1.2427496652150756e-05, ""name"": ""腾讯控股""}, {""ts_code"": ""00939.HK"", ""side"": ""sell"", ""current_weight"": 0.15095438620546048, ""target_weight"": 0.1282571421955221, ""post_trade_weight"": 0.12826221230860954, ""diff_weight"": -0.02269724400993838, ""gross_amount"": 0.021665398229283872, ""gross_amount_pct_nav"": 0.02269724400993838, ""fee"": 6.499619468785161e-06, ""fee_pct_nav"": 6.809173202981513e-06, ""name"": ""建设银行""}, {""ts_code"": ""01288.HK"", ""side"": ""sell"", ""current_weight"": 0.09903659552952697, ""target_weight"": 0.0833115432213247, ""post_trade_weight"": 0.08331483659694801, ""diff_weight"": -0.01572505230820227, ""gross_amount"": 0.015010171291472432, ""gross_amount_pct_nav"": 0.01572505230820227, ""fee"": 4.5030513874417295e-06, ""fee_pct_nav"": 4.71751569246068e-06, ""name"": ""农业银行""}, {""ts_code"": ""01398.HK"", ""side"": ""sell"", ""current_weight"": 0.15400093716711719, ""target_weight"": 0.12531028083315762, ""post_trade_weight"": 0.1253152344543281, ""diff_weight"": -0.028690656333959546, ""gross_amount"": 0.02738634235339689, ""gross_amount_pct_nav"": 0.028690656333959546, ""fee"": 8.215902706019066e-06, ""fee_pct_nav"": 8.607196900187863e-06, ""name"": ""工商银行""}, {""ts_code"": ""02318.HK"", ""side"": ""sell"", ""current_weight"": 0.10342910712263066, ""target_weight"": 0.08020277717508796, ""post_trade_weight"": 0.0802059476585655, ""diff_weight"": -0.023226329947542694, ""gross_amount"": 0.022170431242573604, ""gross_amount_pct_nav"": 0.023226329947542694, ""fee"": 6.651129372772081e-06, ""fee_pct_nav"": 6.967898984262807e-06, ""name"": ""中国平安""}]"
2020-06-29,0.03784011,0.07568022,0.03381847,0.03865032,0.00002174,0.00001015,0.00001160,0.00000000,rebalance,"[{""ts_code"": ""01398.HK"", ""side"": ""buy"", ""current_weight"": 0.12214596376150193, ""target_weight"": 0.13333325447163244, ""post_trade_weight"": 0.13333628174723489, ""diff_weight"": 0.011187290710130506, ""gross_amount"": 0.010712567204378742, ""gross_amount_pct_nav"": 0.011187290710130506, ""fee"": 3.2137701613136225e-06, ""fee_pct_nav"": 3.3561872130391514e-06, ""name"": ""工商银行""}, {""ts_code"": ""01810.HK"", ""side"": ""sell"", ""current_weight"": 0.027660590277833366, ""target_weight"": 0.0, ""post_trade_weight"": 0.0, ""diff_weight"": -0.027660590277833366, ""gross_amount"": 0.026486835815909403, ""gross_amount_pct_nav"": 0.027660590277833366, ""fee"": 7.94605074477282e-06, ""fee_pct_nav"": 8.298177083350009e-06, ""name"": ""小米集团-W""}, {""ts_code"": ""03690.HK"", ""side"": ""sell"", ""current_weight"": 0.07709142681991292, ""target_weight"": 0.0643889256867598, ""post_trade_weight"": 0.06439038761030297, ""diff_weight"": -0.012702501133153124, ""gross_amount"": 0.012163480915837625, ""gross_amount_pct_nav"": 0.012702501133153124, ""fee"": 3.6490442747512873e-06, ""fee_pct_nav"": 3.8107503399459367e-06, ""name"": ""美团-W""}, {""ts_code"": ""06030.HK"", ""side"": ""buy"", ""current_weight"": 0.0, ""target_weight"": 0.02412983441551743, ""post_trade_weight"": 0.024130382273284096, ""diff_weight"": 0.02412983441551743, ""gross_amount"": 0.023105904682774268, ""gross_amount_pct_nav"": 0.02412983441551743, ""fee"": 6.93177140483228e-06, ""fee_pct_nav"": 7.238950324655228e-06, ""name"": ""中信证券""}]"
2020-07-06,0.08137472,0.16274943,0.14012318,0.03289751,0.00005191,0.00004204,0.00000987,0.00000000,rebalance,"[{""ts_code"": ""00700.HK"", ""side"": ""buy"", ""current_weight"": 0.1506378536086336, ""target_weight"": 0.1799912115306023, ""post_trade_weight"": 0.1799999999999999, ""diff_weight"": 0.029353357921968696, ""gross_amount"": 0.031205872939617407, ""gross_amount_pct_nav"": 0.029353357921968696, ""fee"": 9.361761881885221e-06, ""fee_pct_nav"": 8.806007376590609e-06, ""name"": ""腾讯控股""}, {""ts_code"": ""00939.HK"", ""side"": ""buy"", ""current_weight"": 0.1359063580050777, ""target_weight"": 0.15211719381522554, ""post_trade_weight"": 0.15212462127399606, ""diff_weight"": 0.016210835810147844, ""gross_amount"": 0.01723391524340276, ""gross_amount_pct_nav"": 0.016210835810147844, ""fee"": 5.170174573020827e-06, ""fee_pct_nav"": 4.863250743044353e-06, ""name"": ""建设银行""}, {""ts_code"": ""01288.HK"", ""side"": ""buy"", ""current_weight"": 0.0862628294548062, ""target_weight"": 0.10003522809670248, ""post_trade_weight"": 0.10004011253818904, ""diff_weight"": 0.013772398641896288, ""gross_amount"": 0.014641586261962838, ""gross_amount_pct_nav"": 0.013772398641896288, ""fee"": 4.392475878588851e-06, ""fee_pct_nav"": 4.1317195925688865e-06, ""name"": ""农业银行""}, {""ts_code"": ""01810.HK"", ""side"": ""buy"", ""current_weight"": 0.0, ""target_weight"": 0.028510475553472706, ""post_trade_weight"": 0.028511867640562863, ""diff_weight"": 0.028510475553472706, ""gross_amount"": 0.030309795558479218, ""gross_amount_pct_nav"": 0.028510475553472706, ""fee"": 9.092938667543765e-06, ""fee_pct_nav"": 8.553142666041811e-06, ""name"": ""小米集团-W""}, {""ts_code"": ""03690.HK"", ""side"": ""buy"", ""current_weight"": 0.06451554067507263, ""target_weight"": 0.08970715085314647, ""post_trade_weight"": 0.08971153100339557, ""diff_weight"": 0.025191610178073844, ""gross_amount"": 0.026781473807907713, ""gross_amount_pct_nav"": 0.025191610178073844, ""fee"": 8.034442142372314e-06, ""fee_pct_nav"": 7.557483053422152e-06, ""name"": ""美团-W""}, {""ts_code"": ""03968.HK"", ""side"": ""buy"", ""current_weight"": 0.050288649566246735, ""target_weight"": 0.06905483707536417, ""post_trade_weight"": 0.06905820883066952, ""diff_weight"": 0.01876618750911743, ""gross_amount"": 0.019950537329572998, ""gross_amount_pct_nav"": 0.01876618750911743, ""fee"": 5.985161198871899e-06, ""fee_pct_nav"": 5.629856252735228e-06, ""name"": ""招商银行""}, {""ts_code"": ""06030.HK"", ""side"": ""sell"", ""current_weight"": 0.03094456767509256, ""target_weight"": 0.0, ""post_trade_weight"": 0.0, ""diff_weight"": -0.03094456767509256, ""gross_amount"": 0.0328975052737532, ""gross_amount_pct_nav"": 0.03094456767509256, ""fee"": 9.86925158212596e-06, ""fee_pct_nav"": 9.283370302527768e-06, ""name"": ""中信证券""}]"
2020-07-13,0.02903870,0.05807741,0.03630524,0.02527325,0.00001847,0.00001089,0.00000758,0.00000000,rebalance,"[{""ts_code"": ""01288.HK"", ""side"": ""sell"", ""current_weight"": 0.09248628850606298, ""target_weight"": 0.07975211152324195, ""post_trade_weight"": 0.07975350108624141, ""diff_weight"": -0.012734176982821034, ""gross_amount"": 0.013501830946247434, ""gross_amount_pct_nav"": 0.012734176982821034, ""fee"": 4.05054928387423e-06, ""fee_pct_nav"": 3.82025309484631e-06, ""name"": ""农业银行""}, {""ts_code"": ""02318.HK"", ""side"": ""buy"", ""current_weight"": 0.08072557899415882, ""target_weight"": 0.11496666010975704, ""post_trade_weight"": 0.11496866323436412, ""diff_weight"": 0.03424108111559821, ""gross_amount"": 0.036305235058633076, ""gross_amount_pct_nav"": 0.03424108111559821, ""fee"": 1.0891570517589922e-05, ""fee_pct_nav"": 1.0272324334679462e-05, ""name"": ""中国平安""}, {""ts_code"": ""03968.HK"", ""side"": ""sell"", ""current_weight"": 0.06477702991460882, ""target_weight"": 0.053674879476014244, ""post_trade_weight"": 0.0536758146816796, ""diff_weight"": -0.011102150438594574, ""gross_amount"": 0.011771421000660788, ""gross_amount_pct_nav"": 0.011102150438594574, ""fee"": 3.531426300198236e-06, ""fee_pct_nav"": 3.330645131578372e-06, ""name"": ""招商银行""}]"
2020-07-20,0.00551542,0.01103083,0.01133414,0.00000000,0.00000340,0.00000340,0.00000000,0.00000000,rebalance,"[{""ts_code"": ""03988.HK"", ""side"": ""buy"", ""current_weight"": 0.05967742821720519, ""target_weight"": 0.07070825927992962, ""post_trade_weight"": 0.07070849327196281, ""diff_weight"": 0.011030831062724433, ""gross_amount"": 0.011334141195326108, ""gross_amount_pct_nav"": 0.011030831062724433, ""fee"": 3.4002423585978322e-06, ""fee_pct_nav"": 3.3092493188173296e-06, ""name"": ""中国银行""}]"
2020-07-27,0.00565131,0.01130261,0.00000000,0.01130549,0.00000339,0.00000000,0.00000339,0.00000000,rebalance,"[{""ts_code"": ""00700.HK"", ""side"": ""sell"", ""current_weight"": 0.19130200347748144, ""target_weight"": 0.17999938965885554, ""post_trade_weight"": 0.18000000000000171, ""diff_weight"": -0.011302613818625924, ""gross_amount"": 0.01130548548270216, ""gross_amount_pct_nav"": 0.011302613818625924, ""fee"": 3.3916456448106476e-06, ""fee_pct_nav"": 3.3907841455877767e-06, ""name"": ""腾讯控股""}]"
2020-08-03,0.08833136,0.17666273,0.09060368,0.08618870,0.00005304,0.00002718,0.00002586,0.00000000,rebalance,"[{""ts_code"": ""00960.HK"", ""side"": ""buy"", ""current_weight"": 0.0, ""target_weight"": 0.023998306990789097, ""post_trade_weight"": 0.023999578940114234, ""diff_weight"": 0.023998306990789097, ""gross_amount"": 0.02401591892283167, ""gross_amount_pct_nav"": 0.023998306990789097, ""fee"": 7.2047756768495e-06, ""fee_pct_nav"": 7.199492097236728e-06, ""name"": ""龙湖集团""}, {""ts_code"": ""01288.HK"", ""side"": ""buy"", ""current_weight"": 0.07815054182329756, ""target_weight"": 0.09633831828515053, ""post_trade_weight"": 0.09634342437279975, ""diff_weight"": 0.01818777646185298, ""gross_amount"": 0.01820112414855332, ""gross_amount_pct_nav"": 0.01818777646185298, ""fee"": 5.460337244565996e-06, ""fee_pct_nav"": 5.456332938555894e-06, ""name"": ""农业银行""}, {""ts_code"": ""01398.HK"", ""side"": ""buy"", ""current_weight"": 0.12216041692200788, ""target_weight"": 0.17051156502297252, ""post_trade_weight"": 0.17052060241340766, ""diff_weight"": 0.04835114810096462, ""gross_amount"": 0.04838663215135457, ""gross_amount_pct_nav"": 0.04835114810096462, ""fee"": 1.451598964540637e-05, ""fee_pct_nav"": 1.4505344430289385e-05, ""name"": ""工商银行""}, {""ts_code"": ""02318.HK"", ""side"": ""sell"", ""current_weight"": 0.11234568656720026, ""target_weight"": 0.09509776747890904, ""post_trade_weight"": 0.09510280781534665, ""diff_weight"": -0.017247919088291215, ""gross_amount"": 0.017260577030327517, ""gross_amount_pct_nav"": 0.017247919088291215, ""fee"": 5.1781731090982546e-06, ""fee_pct_nav"": 5.174375726487364e-06, ""name"": ""中国平安""}, {""ts_code"": ""03690.HK"", ""side"": ""sell"", ""current_weight"": 0.10008858891018113, ""target_weight"": 0.08345817119989413, ""post_trade_weight"": 0.08346259461878677, ""diff_weight"": -0.016630417710287008, ""gross_amount"": 0.016642622479009467, ""gross_amount_pct_nav"": 0.016630417710287008, ""fee"": 4.99278674370284e-06, ""fee_pct_nav"": 4.989125313086102e-06, ""name"": ""美团-W""}, {""ts_code"": ""03968.HK"", ""side"": ""sell"", ""current_weight"": 0.05224715953853124, ""target_weight"": 0.0, ""post_trade_weight"": 0.0, ""diff_weight"": -0.05224715953853124, ""gross_amount"": 0.052285502802644136, ""gross_amount_pct_nav"": 0.05224715953853124, ""fee"": 1.568565084079324e-05, ""fee_pct_nav"": 1.567414786155937e-05, ""name"": ""招商银行""}]"
2020-08-10,0.05134340,0.10268680,0.04056306,0.06196865,0.00003076,0.00001217,0.00001859,0.00000000,rebalance,"[{""ts_code"": ""01288.HK"", ""side"": ""sell"", ""current_weight"": 0.0975350962458315, ""target_weight"": 0.07875771762088038, ""post_trade_weight"": 0.07876014390893779, ""diff_weight"": -0.018777378624951126, ""gross_amount"": 0.018749019544340745, ""gross_amount_pct_nav"": 0.018777378624951126, ""fee"": 5.624705863302223e-06, ""fee_pct_nav"": 5.633213587485338e-06, ""name"": ""农业银行""}, {""ts_code"": ""01398.HK"", ""side"": ""sell"", ""current_weight"": 0.17089479926412054, ""target_weight"": 0.12760979526441119, ""post_trade_weight"": 0.1276137265378357, ""diff_weight"": -0.04328500399970936, ""gross_amount"": 0.043219631567158134, ""gross_amount_pct_nav"": 0.04328500399970936, ""fee"": 1.2965889470147439e-05, ""fee_pct_nav"": 1.2985501199912807e-05, ""name"": ""工商银行""}, {""ts_code"": ""03690.HK"", ""side"": ""buy"", ""current_weight"": 0.09298605096623044, ""target_weight"": 0.13361046469129417, ""post_trade_weight"": 0.1336145808272694, ""diff_weight"": 0.040624413725063736, ""gross_amount"": 0.04056305952613164, ""gross_amount_pct_nav"": 0.040624413725063736, ""fee"": 1.216891785783949e-05, ""fee_pct_nav"": 1.218732411751912e-05, ""name"": ""美团-W""}]"
2020-08-17,0.00000000,0.00000000,0.00000000,0.00000000,0.00000000,0.00000000,0.00000000,0.00000000,rebalance,
2020-08-24,0.00000000,0.00000000,0.00000000,0.00000000,0.00000000,0.00000000,0.00000000,0.00000000,rebalance,
2020-08-31,0.09167870,0.18335739,0.10702862,0.08143724,0.00005654,0.00003211,0.00002443,0.00000000,rebalance,"[{""ts_code"": ""00939.HK"", ""side"": ""sell"", ""current_weight"": 0.13237077260342245, ""target_weight"": 0.11381657557843265, ""post_trade_weight"": 0.11382283665593089, ""diff_weight"": -0.018554197024989783, ""gross_amount"": 0.019071130758990557, ""gross_amount_pct_nav"": 0.018554197024989783, ""fee"": 5.721339227697166e-06, ""fee_pct_nav"": 5.566259107496935e-06, ""name"": ""建设银行""}, {""ts_code"": ""00960.HK"", ""side"": ""sell"", ""current_weight"": 0.025209555547768873, ""target_weight"": 0.0, ""post_trade_weight"": 0.0, ""diff_weight"": -0.025209555547768873, ""gross_amount"": 0.02591191252200259, ""gross_amount_pct_nav"": 0.025209555547768873, ""fee"": 7.773573756600776e-06, ""fee_pct_nav"": 7.562866664330662e-06, ""name"": ""龙湖集团""}, {""ts_code"": ""01299.HK"", ""side"": ""buy"", ""current_weight"": 0.0, ""target_weight"": 0.07681951138161737, ""post_trade_weight"": 0.07682373724161792, ""diff_weight"": 0.07681951138161737, ""gross_amount"": 0.0789597601247524, ""gross_amount_pct_nav"": 0.07681951138161737, ""fee"": 2.368792803742572e-05, ""fee_pct_nav"": 2.304585341448521e-05, ""name"": ""友邦保险""}, {""ts_code"": ""01658.HK"", ""side"": ""sell"", ""current_weight"": 0.025117474403255742, ""target_weight"": 0.0, ""post_trade_weight"": 0.0, ""diff_weight"": -0.025117474403255742, ""gross_amount"": 0.02581726592829216, ""gross_amount_pct_nav"": 0.025117474403255742, ""fee"": 7.745179778487647e-06, ""fee_pct_nav"": 7.535242320976721e-06, ""name"": ""邮储银行""}, {""ts_code"": ""02269.HK"", ""side"": ""buy"", ""current_weight"": 0.0, ""target_weight"": 0.027308042214951277, ""post_trade_weight"": 0.02730954443699375, ""diff_weight"": 0.027308042214951277, ""gross_amount"": 0.028068864589070333, ""gross_amount_pct_nav"": 0.027308042214951277, ""fee"": 8.4206593767211e-06, ""fee_pct_nav"": 8.192412664485383e-06, ""name"": ""药明生物""}, {""ts_code"": ""03690.HK"", ""side"": ""sell"", ""current_weight"": 0.14876671712334988, ""target_weight"": 0.13841810702967228, ""post_trade_weight"": 0.13842572144339776, ""diff_weight"": -0.010348610093677612, ""gross_amount"": 0.010636930070566819, ""gross_amount_pct_nav"": 0.010348610093677612, ""fee"": 3.1910790211700455e-06, ""fee_pct_nav"": 3.1045830281032835e-06, ""name"": ""美团-W""}]"
2020-09-07,0.17219137,0.34438273,0.15662986,0.18991362,0.00010396,0.00004699,0.00005697,0.00000000,rebalance,"[{""ts_code"": ""00388.HK"", ""side"": ""buy"", ""current_weight"": 0.047599324861883, ""target_weight"": 0.06084851839933002, ""post_trade_weight"": 0.06085480560262839, ""diff_weight"": 0.013249193537447019, ""gross_amount"": 0.013332322161166352, ""gross_amount_pct_nav"": 0.013249193537447019, ""fee"": 3.999696648349905e-06, ""fee_pct_nav"": 3.974758061234105e-06, ""name"": ""香港交易所""}, {""ts_code"": ""00960.HK"", ""side"": ""buy"", ""current_weight"": 0.0, ""target_weight"": 0.03339265216314551, ""post_trade_weight"": 0.03339610247546772, ""diff_weight"": 0.03339265216314551, ""gross_amount"": 0.03360216568627543, ""gross_amount_pct_nav"": 0.03339265216314551, ""fee"": 1.0080649705882629e-05, ""fee_pct_nav"": 1.0017795648943653e-05, ""name"": ""龙湖集团""}, {""ts_code"": ""01088.HK"", ""side"": ""buy"", ""current_weight"": 0.0, ""target_weight"": 0.0365778743740235, ""post_trade_weight"": 0.03658165380100811, ""diff_weight"": 0.0365778743740235, ""gross_amount"": 0.036807372746637444, ""gross_amount_pct_nav"": 0.0365778743740235, ""fee"": 1.1042211823991233e-05, ""fee_pct_nav"": 1.097336231220705e-05, ""name"": ""中国神华""}, {""ts_code"": ""01288.HK"", ""side"": ""sell"", ""current_weight"": 0.07147245116018287, ""target_weight"": 0.0, ""post_trade_weight"": 0.0, ""diff_weight"": -0.07147245116018287, ""gross_amount"": 0.0719208864918882, ""gross_amount_pct_nav"": 0.07147245116018287, ""fee"": 2.1576265947566457e-05, ""fee_pct_nav"": 2.1441735348054858e-05, ""name"": ""农业银行""}, {""ts_code"": ""01398.HK"", ""side"": ""sell"", ""current_weight"": 0.11725703067243956, ""target_weight"": 0.0, ""post_trade_weight"": 0.0, ""diff_weight"": -0.11725703067243956, ""gross_amount"": 0.1179927294569479, ""gross_amount_pct_nav"": 0.11725703067243956, ""fee"": 3.539781883708437e-05, ""fee_pct_nav"": 3.5177109201731864e-05, ""name"": ""工商银行""}, {""ts_code"": ""01810.HK"", ""side"": ""buy"", ""current_weight"": 0.048559250341871155, ""target_weight"": 0.05993987244249393, ""post_trade_weight"": 0.05994606575949881, ""diff_weight"": 0.01138062210062277, ""gross_amount"": 0.011452026858174293, ""gross_amount_pct_nav"": 0.01138062210062277, ""fee"": 3.4356080574522873e-06, ""fee_pct_nav"": 3.4141866301868308e-06, ""name"": ""小米集团-W""}, {""ts_code"": ""02318.HK"", ""side"": ""buy"", ""current_weight"": 0.09346471900084, ""target_weight"": 0.11563015059670646, ""post_trade_weight"": 0.11564209813928181, ""diff_weight"": 0.02216543159586646, ""gross_amount"": 0.022304502839523788, ""gross_amount_pct_nav"": 0.02216543159586646, ""fee"": 6.691350851857136e-06, ""fee_pct_nav"": 6.649629478759938e-06, ""name"": ""中国平安""}, {""ts_code"": ""03690.HK"", ""side"": ""buy"", ""current_weight"": 0.13729406312998702, ""target_weight"": 0.17618154148434928, ""post_trade_weight"": 0.1761997455293757, ""diff_weight"": 0.03888747835436228, ""gross_amount"": 0.03913146773729165, ""gross_amount_pct_nav"": 0.03888747835436228, ""fee"": 1.1739440321187493e-05, ""fee_pct_nav"": 1.1666243506308682e-05, ""name"": ""美团-W""}]"
2020-09-14,0.03598868,0.07197736,0.04657718,0.02606186,0.00002179,0.00001397,0.00000782,0.00000000,rebalance,"[{""ts_code"": ""01299.HK"", ""side"": ""buy"", ""current_weight"": 0.07963429801009995, ""target_weight"": 0.09761001167971231, ""post_trade_weight"": 0.09761211943839072, ""diff_weight"": 0.017975713669612356, ""gross_amount"": 0.018140963400401125, ""gross_amount_pct_nav"": 0.017975713669612356, ""fee"": 5.442289020120337e-06, ""fee_pct_nav"": 5.392714100883707e-06, ""name"": ""友邦保险""}, {""ts_code"": ""02269.HK"", ""side"": ""sell"", ""current_weight"": 0.02582445230862522, ""target_weight"": 0.0, ""post_trade_weight"": 0.0, ""diff_weight"": -0.02582445230862522, ""gross_amount"": 0.026061855054919616, ""gross_amount_pct_nav"": 0.02582445230862522, ""fee"": 7.818556516475885e-06, ""fee_pct_nav"": 7.747335692587565e-06, ""name"": ""药明生物""}, {""ts_code"": ""06862.HK"", ""side"": ""buy"", ""current_weight"": 0.0, ""target_weight"": 0.0281771899256545, ""post_trade_weight"": 0.02817779837468116, ""diff_weight"": 0.0281771899256545, ""gross_amount"": 0.02843622125732673, ""gross_amount_pct_nav"": 0.0281771899256545, ""fee"": 8.530866377198019e-06, ""fee_pct_nav"": 8.45315697769635e-06, ""name"": ""海底捞""}]"
2020-09-21,0.02864892,0.05729783,0.02882970,0.02821069,0.00001711,0.00000865,0.00000846,0.00000000,rebalance,"[{""ts_code"": ""01299.HK"", ""side"": ""sell"", ""current_weight"": 0.09625325313719713, ""target_weight"": 0.08014532310074304, ""post_trade_weight"": 0.08014670077042635, ""diff_weight"": -0.016107930036454082, ""gross_amount"": 0.01603555444689002, ""gross_amount_pct_nav"": 0.016107930036454082, ""fee"": 4.810666334067005e-06, ""fee_pct_nav"": 4.832379010936224e-06, ""name"": ""友邦保险""}, {""ts_code"": ""02318.HK"", ""side"": ""buy"", ""current_weight"": 0.12269909079219493, ""target_weight"": 0.15165890905541662, ""post_trade_weight"": 0.15166151601828262, ""diff_weight"": 0.028959818263221693, ""gross_amount"": 0.028829697017616243, ""gross_amount_pct_nav"": 0.028959818263221693, ""fee"": 8.648909105284871e-06, ""fee_pct_nav"": 8.687945478966506e-06, ""name"": ""中国平安""}, {""ts_code"": ""03690.HK"", ""side"": ""sell"", ""current_weight"": 0.1733515253480099, ""target_weight"": 0.16112144062994066, ""post_trade_weight"": 0.16112421025036888, ""diff_weight"": -0.012230084718069235, ""gross_amount"": 0.012175132927871146, ""gross_amount_pct_nav"": 0.012230084718069235, ""fee"": 3.6525398783613436e-06, ""fee_pct_nav"": 3.6690254154207703e-06, ""name"": ""美团-W""}]"
2020-09-28,0.07059439,0.14118879,0.07040536,0.06712427,0.00004126,0.00002112,0.00002014,0.00000000,rebalance,"[{""ts_code"": ""01810.HK"", ""side"": ""sell"", ""current_weight"": 0.05179291530568499, ""target_weight"": 0.04056824469723589, ""post_trade_weight"": 0.04056996310438962, ""diff_weight"": -0.0112246706084491, ""gross_amount"": 0.010933762907519975, ""gross_amount_pct_nav"": 0.0112246706084491, ""fee"": 3.2801288722559923e-06, ""fee_pct_nav"": 3.3674011825347293e-06, ""name"": ""小米集团-W""}, {""ts_code"": ""02318.HK"", ""side"": ""sell"", ""current_weight"": 0.15049592323865885, ""target_weight"": 0.13308491244276432, ""post_trade_weight"": 0.1330905497107137, ""diff_weight"": -0.01741101079589452, ""gross_amount"": 0.01695977286667874, ""gross_amount_pct_nav"": 0.01741101079589452, ""fee"": 5.087931860003622e-06, ""fee_pct_nav"": 5.223303238768357e-06, ""name"": ""中国平安""}, {""ts_code"": ""03690.HK"", ""side"": ""sell"", ""current_weight"": 0.16152991021479796, ""target_weight"": 0.14982767923925497, ""post_trade_weight"": 0.14983402570451992, ""diff_weight"": -0.011702230975543005, ""gross_amount"": 0.011398946431382367, ""gross_amount_pct_nav"": 0.011702230975543005, ""fee"": 3.41968392941471e-06, ""fee_pct_nav"": 3.5106692926629012e-06, ""name"": ""美团-W""}, {""ts_code"": ""03968.HK"", ""side"": ""buy"", ""current_weight"": 0.0, ""target_weight"": 0.07227858592383093, ""post_trade_weight"": 0.07228164753125418, ""diff_weight"": 0.07227858592383093, ""gross_amount"": 0.07040535525266249, ""gross_amount_pct_nav"": 0.07227858592383093, ""fee"": 2.1121606575798745e-05, ""fee_pct_nav"": 2.1683575777149275e-05, ""name"": ""招商银行""}, {""ts_code"": ""06862.HK"", ""side"": ""sell"", ""current_weight"": 0.028572287868730294, ""target_weight"": 0.0, ""post_trade_weight"": 0.0, ""diff_weight"": -0.028572287868730294, ""gross_amount"": 0.027831785197059835, ""gross_amount_pct_nav"": 0.028572287868730294, ""fee"": 8.34953555911795e-06, ""fee_pct_nav"": 8.571686360619088e-06, ""name"": ""海底捞""}]"
2020-10-05,0.06540692,0.13081384,0.05612963,0.07241579,0.00003856,0.00001684,0.00002172,0.00000000,rebalance,"[{""ts_code"": ""01088.HK"", ""side"": ""sell"", ""current_weight"": 0.03926364938056995, ""target_weight"": 0.029256171010368794, ""post_trade_weight"": 0.029257319189012164, ""diff_weight"": -0.010007478370201155, ""gross_amount"": 0.00983394092055074, ""gross_amount_pct_nav"": 0.010007478370201155, ""fee"": 2.9501822761652216e-06, ""fee_pct_nav"": 3.0022435110603462e-06, ""name"": ""中国神华""}, {""ts_code"": ""01211.HK"", ""side"": ""buy"", ""current_weight"": 0.0, ""target_weight"": 0.026748607150566824, ""post_trade_weight"": 0.026749656918134124, ""diff_weight"": 0.026748607150566824, ""gross_amount"": 0.02628476552184723, ""gross_amount_pct_nav"": 0.026748607150566824, ""fee"": 7.885429656554169e-06, ""fee_pct_nav"": 8.024582145170046e-06, ""name"": ""比亚迪股份""}, {""ts_code"": ""01810.HK"", ""side"": ""buy"", ""current_weight"": 0.0414086712470509, ""target_weight"": 0.05368015413479276, ""post_trade_weight"": 0.05368226084952752, ""diff_weight"": 0.012271482887741854, ""gross_amount"": 0.01205868584087453, ""gross_amount_pct_nav"": 0.012271482887741854, ""fee"": 3.6176057522623583e-06, ""fee_pct_nav"": 3.6814448663225556e-06, ""name"": ""小米集团-W""}, {""ts_code"": ""03690.HK"", ""side"": ""buy"", ""current_weight"": 0.1540347461625254, ""target_weight"": 0.1721347930923392, ""post_trade_weight"": 0.17214154864121603, ""diff_weight"": 0.018100046929813804, ""gross_amount"": 0.017786178054303103, ""gross_amount_pct_nav"": 0.018100046929813804, ""fee"": 5.335853416290931e-06, ""fee_pct_nav"": 5.430014078944141e-06, ""name"": ""美团-W""}, {""ts_code"": ""03988.HK"", ""side"": ""sell"", ""current_weight"": 0.06368622033256834, ""target_weight"": 0.0, ""post_trade_weight"": 0.0, ""diff_weight"": -0.06368622033256834, ""gross_amount"": 0.0625818517948059, ""gross_amount_pct_nav"": 0.06368622033256834, ""fee"": 1.8774555538441767e-05, ""fee_pct_nav"": 1.91058660997705e-05, ""name"": ""中国银行""}]"
2020-10-12,0.13195991,0.26391982,0.13556272,0.13848229,0.00008221,0.00004067,0.00004154,0.00000000,rebalance,"[{""ts_code"": ""00241.HK"", ""side"": ""buy"", ""current_weight"": 0.0, ""target_weight"": 0.035207395246438095, ""post_trade_weight"": 0.03521018304596225, ""diff_weight"": 0.035207395246438095, ""gross_amount"": 0.036558114915811527, ""gross_amount_pct_nav"": 0.035207395246438095, ""fee"": 1.0967434474743457e-05, ""fee_pct_nav"": 1.0562218573931427e-05, ""name"": ""阿里健康""}, {""ts_code"": ""00914.HK"", ""side"": ""sell"", ""current_weight"": 0.024614460222589812, ""target_weight"": 0.0, ""post_trade_weight"": 0.0, ""diff_weight"": -0.024614460222589812, ""gross_amount"": 0.02555878556506245, ""gross_amount_pct_nav"": 0.024614460222589812, ""fee"": 7.667635669518735e-06, ""fee_pct_nav"": 7.384338066776944e-06, ""name"": ""海螺水泥""}, {""ts_code"": ""00939.HK"", ""side"": ""sell"", ""current_weight"": 0.10875129868717112, ""target_weight"": 0.0, ""post_trade_weight"": 0.0, ""diff_weight"": -0.10875129868717112, ""gross_amount"": 0.11292350504263925, ""gross_amount_pct_nav"": 0.10875129868717112, ""fee"": 3.387705151279177e-05, ""fee_pct_nav"": 3.262538960615133e-05, ""name"": ""建设银行""}, {""ts_code"": ""01299.HK"", ""side"": ""buy"", ""current_weight"": 0.07884385081554994, ""target_weight"": 0.10228919883658263, ""post_trade_weight"": 0.10229729832187107, ""diff_weight"": 0.02344534802103268, ""gross_amount"": 0.02434482077400546, ""gross_amount_pct_nav"": 0.02344534802103268, ""fee"": 7.303446232201637e-06, ""fee_pct_nav"": 7.033604406309804e-06, ""name"": ""友邦保险""}, {""ts_code"": ""02269.HK"", ""side"": ""buy"", ""current_weight"": 0.0, ""target_weight"": 0.03434439727105211, ""post_trade_weight"": 0.03434711673648542, ""diff_weight"": 0.03434439727105211, ""gross_amount"": 0.035662008318449276, ""gross_amount_pct_nav"": 0.03434439727105211, ""fee"": 1.0698602495534783e-05, ""fee_pct_nav"": 1.0303319181315633e-05, ""name"": ""药明生物""}, {""ts_code"": ""02318.HK"", ""side"": ""buy"", ""current_weight"": 0.1282009596276661, ""target_weight"": 0.15131769102834589, ""post_trade_weight"": 0.15132967269822212, ""diff_weight"": 0.023116731400679796, ""gross_amount"": 0.02400359688947734, ""gross_amount_pct_nav"": 0.023116731400679796, ""fee"": 7.2010790668432014e-06, ""fee_pct_nav"": 6.935019420203938e-06, ""name"": ""中国平安""}, {""ts_code"": ""03968.HK"", ""side"": ""buy"", ""current_weight"": 0.06877723812845575, ""target_weight"": 0.0832174246907284, ""post_trade_weight"": 0.08322401403070458, ""diff_weight"": 0.014440186562272653, ""gross_amount"": 0.014994179377775155, ""gross_amount_pct_nav"": 0.014440186562272653, ""fee"": 4.498253813332546e-06, ""fee_pct_nav"": 4.332055968681795e-06, ""name"": ""招商银行""}]"
2020-10-19,0.05756662,0.11513325,0.05966280,0.05858319,0.00003547,0.00001790,0.00001757,0.00000000,rebalance,"[{""ts_code"": ""00241.HK"", ""side"": ""sell"", ""current_weight"": 0.03417191742533878, ""target_weight"": 0.0, ""post_trade_weight"": 0.0, ""diff_weight"": -0.03417191742533878, ""gross_amount"": 0.03509579031917906, ""gross_amount_pct_nav"": 0.03417191742533878, ""fee"": 1.0528737095753716e-05, ""fee_pct_nav"": 1.0251575227601633e-05, ""name"": ""阿里健康""}, {""ts_code"": ""01088.HK"", ""side"": ""buy"", ""current_weight"": 0.028149134607012107, ""target_weight"": 0.03866994535334065, ""post_trade_weight"": 0.038671281058381975, ""diff_weight"": 0.010520810746328548, ""gross_amount"": 0.010805251673326372, ""gross_amount_pct_nav"": 0.010520810746328548, ""fee"": 3.2415755019979115e-06, ""fee_pct_nav"": 3.1562432238985645e-06, ""name"": ""中国神华""}, {""ts_code"": ""01299.HK"", ""side"": ""sell"", ""current_weight"": 0.09988528347134885, ""target_weight"": 0.07701617582576341, ""post_trade_weight"": 0.07701883605435628, ""diff_weight"": -0.022869107645585446, ""gross_amount"": 0.023487397465178805, ""gross_amount_pct_nav"": 0.022869107645585446, ""fee"": 7.046219239553641e-06, ""fee_pct_nav"": 6.860732293675633e-06, ""name"": ""友邦保险""}, {""ts_code"": ""02318.HK"", ""side"": ""buy"", ""current_weight"": 0.1566079096271409, ""target_weight"": 0.17173883700198034, ""post_trade_weight"": 0.17174476906183403, ""diff_weight"": 0.015130927374839441, ""gross_amount"": 0.015540007541055528, ""gross_amount_pct_nav"": 0.015130927374839441, ""fee"": 4.662002262316658e-06, ""fee_pct_nav"": 4.539278212451832e-06, ""name"": ""中国平安""}, {""ts_code"": ""02359.HK"", ""side"": ""buy"", ""current_weight"": 0.0, ""target_weight"": 0.03244048338952113, ""post_trade_weight"": 0.032441603921676276, ""diff_weight"": 0.03244048338952113, ""gross_amount"": 0.033317545185428156, ""gross_amount_pct_nav"": 0.03244048338952113, ""fee"": 9.995263555628446e-06, ""fee_pct_nav"": 9.732145016856336e-06, ""name"": ""药明康德""}]"
2020-10-27,0.08886428,0.17772856,0.12240152,0.06370731,0.00005583,0.00003672,0.00001911,0.00000000,rebalance,"[{""ts_code"": ""00700.HK"", ""side"": ""sell"", ""current_weight"": 0.19342920728512653, ""target_weight"": 0.1799904026578138, ""post_trade_weight"": 0.18000000000004263, ""diff_weight"": -0.013438804627312721, ""gross_amount"": 0.014072472556499432, ""gross_amount_pct_nav"": 0.013438804627312721, ""fee"": 4.2217417669498296e-06, ""fee_pct_nav"": 4.031641388193817e-06, ""name"": ""腾讯控股""}, {""ts_code"": ""00960.HK"", ""side"": ""sell"", ""current_weight"": 0.031516412902580816, ""target_weight"": 0.0, ""post_trade_weight"": 0.0, ""diff_weight"": -0.031516412902580816, ""gross_amount"": 0.033002478118439614, ""gross_amount_pct_nav"": 0.031516412902580816, ""fee"": 9.900743435531883e-06, ""fee_pct_nav"": 9.454923870774243e-06, ""name"": ""龙湖集团""}, {""ts_code"": ""02628.HK"", ""side"": ""buy"", ""current_weight"": 0.0, ""target_weight"": 0.11688991664943732, ""post_trade_weight"": 0.11689614938471997, ""diff_weight"": 0.11688991664943732, ""gross_amount"": 0.12240152229295707, ""gross_amount_pct_nav"": 0.11688991664943732, ""fee"": 3.672045668788712e-05, ""fee_pct_nav"": 3.5066974994831195e-05, ""name"": ""中国人寿""}, {""ts_code"": ""03690.HK"", ""side"": ""sell"", ""current_weight"": 0.17480811289853415, ""target_weight"": 0.15892468728504736, ""post_trade_weight"": 0.15893316137360963, ""diff_weight"": -0.015883425613486782, ""gross_amount"": 0.01663236256852174, ""gross_amount_pct_nav"": 0.015883425613486782, ""fee"": 4.989708770556522e-06, ""fee_pct_nav"": 4.765027684046034e-06, ""name"": ""美团-W""}]"
2020-11-02,0.17734084,0.35468168,0.16719154,0.20731979,0.00011235,0.00005016,0.00006220,0.00000000,rebalance,"[{""ts_code"": ""00388.HK"", ""side"": ""buy"", ""current_weight"": 0.058677368701812324, ""target_weight"": 0.07971803080186052, ""post_trade_weight"": 0.07972651406209466, ""diff_weight"": 0.021040662100048197, ""gross_amount"": 0.022217009816037463, ""gross_amount_pct_nav"": 0.021040662100048197, ""fee"": 6.665102944811239e-06, ""fee_pct_nav"": 6.312198630014459e-06, ""name"": ""香港交易所""}, {""ts_code"": ""00669.HK"", ""side"": ""buy"", ""current_weight"": 0.0, ""target_weight"": 0.026111677218639877, ""post_trade_weight"": 0.026114455914384962, ""diff_weight"": 0.026111677218639877, ""gross_amount"": 0.027571536785355965, ""gross_amount_pct_nav"": 0.026111677218639877, ""fee"": 8.271461035606789e-06, ""fee_pct_nav"": 7.833503165591962e-06, ""name"": ""创科实业""}, {""ts_code"": ""01088.HK"", ""side"": ""buy"", ""current_weight"": 0.03689894058757081, ""target_weight"": 0.048830660715527184, ""post_trade_weight"": 0.04883585707070666, ""diff_weight"": 0.011931720127956373, ""gross_amount"": 0.012598802354437853, ""gross_amount_pct_nav"": 0.011931720127956373, ""fee"": 3.7796407063313557e-06, ""fee_pct_nav"": 3.5795160383869117e-06, ""name"": ""中国神华""}, {""ts_code"": ""01211.HK"", ""side"": ""buy"", ""current_weight"": 0.03498269799053049, ""target_weight"": 0.050840820568100506, ""post_trade_weight"": 0.050846230836104594, ""diff_weight"": 0.015858122577570015, ""gross_amount"": 0.016744723302646987, ""gross_amount_pct_nav"": 0.015858122577570015, ""fee"": 5.023416990794096e-06, ""fee_pct_nav"": 4.757436773271004e-06, ""name"": ""比亚迪股份""}, {""ts_code"": ""01299.HK"", ""side"": ""buy"", ""current_weight"": 0.07080688842733716, ""target_weight"": 0.08841454974946229, ""post_trade_weight"": 0.08842395845695876, ""diff_weight"": 0.01760766132212512, ""gross_amount"": 0.018592075789773788, ""gross_amount_pct_nav"": 0.01760766132212512, ""fee"": 5.577622736932136e-06, ""fee_pct_nav"": 5.282298396637536e-06, ""name"": ""友邦保险""}, {""ts_code"": ""01810.HK"", ""side"": ""buy"", ""current_weight"": 0.05307859550791201, ""target_weight"": 0.06709829345345936, ""post_trade_weight"": 0.06710543377389762, ""diff_weight"": 0.014019697945547353, ""gross_amount"": 0.014803515468906861, ""gross_amount_pct_nav"": 0.014019697945547353, ""fee"": 4.441054640672058e-06, ""fee_pct_nav"": 4.205909383664206e-06, ""name"": ""小米集团-W""}, {""ts_code"": ""02313.HK"", ""side"": ""buy"", ""current_weight"": 0.0, ""target_weight"": 0.027510720692557496, ""post_trade_weight"": 0.027513648268671913, ""diff_weight"": 0.027510720692557496, ""gross_amount"": 0.02904879840598813, ""gross_amount_pct_nav"": 0.027510720692557496, ""fee"": 8.714639521796437e-06, ""fee_pct_nav"": 8.253216207767248e-06, ""name"": ""申洲国际""}, {""ts_code"": ""02318.HK"", ""side"": ""buy"", ""current_weight"": 0.15732690828725893, ""target_weight"": 0.17047403141191977, ""post_trade_weight"": 0.17049217254708185, ""diff_weight"": 0.013147123124660851, ""gross_amount"": 0.013882156470379048, ""gross_amount_pct_nav"": 0.013147123124660851, ""fee"": 4.164646941113714e-06, ""fee_pct_nav"": 3.944136937398255e-06, ""name"": ""中国平安""}, {""ts_code"": ""02359.HK"", ""side"": ""buy"", ""current_weight"": 0.03493656074603917, ""target_weight"": 0.04604825118125092, ""post_trade_weight"": 0.04605315144401668, ""diff_weight"": 0.011111690435211749, ""gross_amount"": 0.011732926193007184, ""gross_amount_pct_nav"": 0.011111690435211749, ""fee"": 3.519877857902155e-06, ""fee_pct_nav"": 3.3335071305635244e-06, ""name"": ""药明康德""}, {""ts_code"": ""02628.HK"", ""side"": ""sell"", ""current_weight"": 0.10675478358326164, ""target_weight"": 0.0, ""post_trade_weight"": 0.0, ""diff_weight"": -0.10675478358326164, ""gross_amount"": 0.11272326239072325, ""gross_amount_pct_nav"": 0.10675478358326164, ""fee"": 3.3816978717216974e-05, ""fee_pct_nav"": 3.2026435074978494e-05, ""name"": ""中国人寿""}, {""ts_code"": ""03968.HK"", ""side"": ""sell"", ""current_weight"": 0.08958782295087822, ""target_weight"": 0.0, ""post_trade_weight"": 0.0, ""diff_weight"": -0.08958782295087822, ""gross_amount"": 0.09459652611846889, ""gross_amount_pct_nav"": 0.08958782295087822, ""fee"": 2.8378957835540665e-05, ""fee_pct_nav"": 2.6876346885263462e-05, ""name"": ""招商银行""}]"
2020-11-09,0.16804546,0.33609092,0.20161427,0.18236842,0.00011519,0.00006048,0.00005471,0.00000000,rebalance,"[{""ts_code"": ""00388.HK"", ""side"": ""sell"", ""current_weight"": 0.07631273754285502, ""target_weight"": 0.06230841709316355, ""post_trade_weight"": 0.06231470011464442, ""diff_weight"": -0.014004320449691467, ""gross_amount"": 0.0159998866643513, ""gross_amount_pct_nav"": 0.014004320449691467, ""fee"": 4.79996599930539e-06, ""fee_pct_nav"": 4.20129613490744e-06, ""name"": ""香港交易所""}, {""ts_code"": ""00669.HK"", ""side"": ""sell"", ""current_weight"": 0.024644308081995917, ""target_weight"": 0.0, ""post_trade_weight"": 0.0, ""diff_weight"": -0.024644308081995917, ""gross_amount"": 0.02815603496433692, ""gross_amount_pct_nav"": 0.024644308081995917, ""fee"": 8.446810489301075e-06, ""fee_pct_nav"": 7.393292424598775e-06, ""name"": ""创科实业""}, {""ts_code"": ""00960.HK"", ""side"": ""buy"", ""current_weight"": 0.0, ""target_weight"": 0.03696926328383486, ""post_trade_weight"": 0.03697299116982813, ""diff_weight"": 0.03696926328383486, ""gross_amount"": 0.04223725276287527, ""gross_amount_pct_nav"": 0.03696926328383486, ""fee"": 1.2671175828862581e-05, ""fee_pct_nav"": 1.1090778985150459e-05, ""name"": ""龙湖集团""}, {""ts_code"": ""01299.HK"", ""side"": ""sell"", ""current_weight"": 0.09167619644321269, ""target_weight"": 0.0735243681440074, ""post_trade_weight"": 0.07353178215331732, ""diff_weight"": -0.018151828299205294, ""gross_amount"": 0.020738399737521562, ""gross_amount_pct_nav"": 0.018151828299205294, ""fee"": 6.221519921256468e-06, ""fee_pct_nav"": 5.445548489761588e-06, ""name"": ""友邦保险""}, {""ts_code"": ""02269.HK"", ""side"": ""sell"", ""current_weight"": 0.03499631291826211, ""target_weight"": 0.0, ""post_trade_weight"": 0.0, ""diff_weight"": -0.03499631291826211, ""gross_amount"": 0.03998316393671948, ""gross_amount_pct_nav"": 0.03499631291826211, ""fee"": 1.1994949181015843e-05, ""fee_pct_nav"": 1.049889387547863e-05, ""name"": ""药明生物""}, {""ts_code"": ""02313.HK"", ""side"": ""sell"", ""current_weight"": 0.026658854989196835, ""target_weight"": 0.0, ""post_trade_weight"": 0.0, ""diff_weight"": -0.026658854989196835, ""gross_amount"": 0.030457647692425004, ""gross_amount_pct_nav"": 0.026658854989196835, ""fee"": 9.1372943077275e-06, ""fee_pct_nav"": 7.99765649675905e-06, ""name"": ""申洲国际""}, {""ts_code"": ""02318.HK"", ""side"": ""sell"", ""current_weight"": 0.16668343939262809, ""target_weight"": 0.13621974326753683, ""post_trade_weight"": 0.1362334793181861, ""diff_weight"": -0.030463696125091255, ""gross_amount"": 0.03480466525524531, ""gross_amount_pct_nav"": 0.030463696125091255, ""fee"": 1.0441399576573593e-05, ""fee_pct_nav"": 9.139108837527376e-06, ""name"": ""中国平安""}, {""ts_code"": ""02359.HK"", ""side"": ""sell"", ""current_weight"": 0.046340710410643145, ""target_weight"": 0.03563729236784756, ""post_trade_weight"": 0.035640885941298994, ""diff_weight"": -0.010703418042795588, ""gross_amount"": 0.012228617319998213, ""gross_amount_pct_nav"": 0.010703418042795588, ""fee"": 3.6685851959994634e-06, ""fee_pct_nav"": 3.2110254128386762e-06, ""name"": ""药明康德""}, {""ts_code"": ""03968.HK"", ""side"": ""buy"", ""current_weight"": 0.0, ""target_weight"": 0.09955723306035547, ""post_trade_weight"": 0.09956727215720747, ""diff_weight"": 0.09955723306035547, ""gross_amount"": 0.11374378723368826, ""gross_amount_pct_nav"": 0.09955723306035547, ""fee"": 3.412313617010647e-05, ""fee_pct_nav"": 2.9867169918106634e-05, ""name"": ""招商银行""}, {""ts_code"": ""06030.HK"", ""side"": ""buy"", ""current_weight"": 0.0, ""target_weight"": 0.03994168547463723, ""post_trade_weight"": 0.03994571309208487, ""diff_weight"": 0.03994168547463723, ""gross_amount"": 0.04563323462020905, ""gross_amount_pct_nav"": 0.03994168547463723, ""fee"": 1.3689970386062715e-05, ""fee_pct_nav"": 1.1982505642391169e-05, ""name"": ""中信证券""}]"
2020-11-16,0.05064062,0.10128124,0.04242858,0.07203767,0.00003434,0.00001273,0.00002161,0.00000000,rebalance,"[{""ts_code"": ""01088.HK"", ""side"": ""sell"", ""current_weight"": 0.049669915288385505, ""target_weight"": 0.03824261024493693, ""post_trade_weight"": 0.03824377225793715, ""diff_weight"": -0.011427305043448579, ""gross_amount"": 0.012914936338250714, ""gross_amount_pct_nav"": 0.011427305043448579, ""fee"": 3.874480901475214e-06, ""fee_pct_nav"": 3.428191513034574e-06, ""name"": ""中国神华""}, {""ts_code"": ""01810.HK"", ""side"": ""sell"", ""current_weight"": 0.07148213209559122, ""target_weight"": 0.05472174227306349, ""post_trade_weight"": 0.05472340500935448, ""diff_weight"": -0.01676038982252772, ""gross_amount"": 0.01894229363259272, ""gross_amount_pct_nav"": 0.01676038982252772, ""fee"": 5.682688089777815e-06, ""fee_pct_nav"": 5.028116946758315e-06, ""name"": ""小米集团-W""}, {""ts_code"": ""02269.HK"", ""side"": ""buy"", ""current_weight"": 0.0, ""target_weight"": 0.037541360425466005, ""post_trade_weight"": 0.03754250113078348, ""diff_weight"": 0.037541360425466005, ""gross_amount"": 0.04242857595056375, ""gross_amount_pct_nav"": 0.037541360425466005, ""fee"": 1.2728572785169124e-05, ""fee_pct_nav"": 1.12624081276398e-05, ""name"": ""药明生物""}, {""ts_code"": ""02359.HK"", ""side"": ""sell"", ""current_weight"": 0.03555218446932866, ""target_weight"": 0.0, ""post_trade_weight"": 0.0, ""diff_weight"": -0.03555218446932866, ""gross_amount"": 0.04018044476465292, ""gross_amount_pct_nav"": 0.03555218446932866, ""fee"": 1.2054133429395876e-05, ""fee_pct_nav"": 1.0665655340798597e-05, ""name"": ""药明康德""}]"
2020-11-23,0.03255565,0.06511131,0.05654418,0.01764474,0.00002226,0.00001696,0.00000529,0.00000000,rebalance,"[{""ts_code"": ""00700.HK"", ""side"": ""buy"", ""current_weight"": 0.1656981139493814, ""target_weight"": 0.17999648398945464, ""post_trade_weight"": 0.1800000000000569, ""diff_weight"": 0.014298370040073265, ""gross_amount"": 0.016291803934368992, ""gross_amount_pct_nav"": 0.014298370040073265, ""fee"": 4.887541180310698e-06, ""fee_pct_nav"": 4.2895110120219796e-06, ""name"": ""腾讯控股""}, {""ts_code"": ""01211.HK"", ""side"": ""sell"", ""current_weight"": 0.05375946775297528, ""target_weight"": 0.03827370158933997, ""post_trade_weight"": 0.038274449219169136, ""diff_weight"": -0.015485766163635308, ""gross_amount"": 0.017644743100391824, ""gross_amount_pct_nav"": 0.015485766163635308, ""fee"": 5.293422930117547e-06, ""fee_pct_nav"": 4.645729849090592e-06, ""name"": ""比亚迪股份""}, {""ts_code"": ""01299.HK"", ""side"": ""buy"", ""current_weight"": 0.07793611258315893, ""target_weight"": 0.10238391941186747, ""post_trade_weight"": 0.10238591935618957, ""diff_weight"": 0.02444780682870855, ""gross_amount"": 0.02785624335937288, ""gross_amount_pct_nav"": 0.02444780682870855, ""fee"": 8.356873007811864e-06, ""fee_pct_nav"": 7.334342048612564e-06, ""name"": ""友邦保险""}, {""ts_code"": ""03690.HK"", ""side"": ""buy"", ""current_weight"": 0.16911711957304545, ""target_weight"": 0.17999648398945464, ""post_trade_weight"": 0.1800000000000569, ""diff_weight"": 0.010879364416409203, ""gross_amount"": 0.012396131272721017, ""gross_amount_pct_nav"": 0.010879364416409203, ""fee"": 3.7188393818163046e-06, ""fee_pct_nav"": 3.2638093249227606e-06, ""name"": ""美团-W""}]"
2020-11-30,0.06272065,0.12544130,0.06743444,0.07222572,0.00004190,0.00002023,0.00002167,0.00000000,rebalance,"[{""ts_code"": ""01299.HK"", ""side"": ""sell"", ""current_weight"": 0.10231827914661057, ""target_weight"": 0.07233368234109565, ""post_trade_weight"": 0.0723364045329446, ""diff_weight"": -0.02998459680551492, ""gross_amount"": 0.03338337160497326, ""gross_amount_pct_nav"": 0.02998459680551492, ""fee"": 1.0015011481491977e-05, ""fee_pct_nav"": 8.995379041654476e-06, ""name"": ""友邦保险""}, {""ts_code"": ""02202.HK"", ""side"": ""buy"", ""current_weight"": 0.0, ""target_weight"": 0.024762280937119144, ""post_trade_weight"": 0.02476321283602359, ""diff_weight"": 0.024762280937119144, ""gross_amount"": 0.027569102618666942, ""gross_amount_pct_nav"": 0.024762280937119144, ""fee"": 8.270730785600083e-06, ""fee_pct_nav"": 7.428684281135743e-06, ""name"": ""万科企业""}, {""ts_code"": ""02269.HK"", ""side"": ""sell"", ""current_weight"": 0.03488779533266579, ""target_weight"": 0.0, ""post_trade_weight"": 0.0, ""diff_weight"": -0.03488779533266579, ""gross_amount"": 0.038842351078551815, ""gross_amount_pct_nav"": 0.03488779533266579, ""fee"": 1.1652705323565544e-05, ""fee_pct_nav"": 1.0466338599799736e-05, ""name"": ""药明生物""}, {""ts_code"": ""02318.HK"", ""side"": ""buy"", ""current_weight"": 0.15161254895145992, ""target_weight"": 0.17059869211490747, ""post_trade_weight"": 0.1706051123931801, ""diff_weight"": 0.01898614316344754, ""gross_amount"": 0.021138235630836166, ""gross_amount_pct_nav"": 0.01898614316344754, ""fee"": 6.34147068925085e-06, ""fee_pct_nav"": 5.695842949034262e-06, ""name"": ""中国平安""}, {""ts_code"": ""03968.HK"", ""side"": ""buy"", ""current_weight"": 0.10684371599379999, ""target_weight"": 0.12366420262849033, ""post_trade_weight"": 0.12366885658323873, ""diff_weight"": 0.016820486634690327, ""gross_amount"": 0.018727100435750224, ""gross_amount_pct_nav"": 0.016820486634690327, ""fee"": 5.618130130725066e-06, ""fee_pct_nav"": 5.046145990407097e-06, ""name"": ""招商银行""}]"
2020-12-07,0.08376660,0.16753321,0.08858260,0.09776925,0.00005591,0.00002657,0.00002933,0.00000000,rebalance,"[{""ts_code"": ""00960.HK"", ""side"": ""sell"", ""current_weight"": 0.03416592418520171, ""target_weight"": 0.0, ""post_trade_weight"": 0.0, ""diff_weight"": -0.03416592418520171, ""gross_amount"": 0.03800370740715436, ""gross_amount_pct_nav"": 0.03416592418520171, ""fee"": 1.1401112222146308e-05, ""fee_pct_nav"": 1.0249777255560511e-05, ""name"": ""龙湖集团""}, {""ts_code"": ""01299.HK"", ""side"": ""buy"", ""current_weight"": 0.0749498902055822, ""target_weight"": 0.0972881298474551, ""post_trade_weight"": 0.09729301979096527, ""diff_weight"": 0.022338239641872898, ""gross_amount"": 0.024847445037308083, ""gross_amount_pct_nav"": 0.022338239641872898, ""fee"": 7.4542335111924245e-06, ""fee_pct_nav"": 6.701471892561869e-06, ""name"": ""友邦保险""}, {""ts_code"": ""02202.HK"", ""side"": ""sell"", ""current_weight"": 0.02272734752846862, ""target_weight"": 0.0, ""post_trade_weight"": 0.0, ""diff_weight"": -0.02272734752846862, ""gross_amount"": 0.025280260558171556, ""gross_amount_pct_nav"": 0.02272734752846862, ""fee"": 7.584078167451466e-06, ""fee_pct_nav"": 6.818204258540586e-06, ""name"": ""万科企业""}, {""ts_code"": ""02269.HK"", ""side"": ""buy"", ""current_weight"": 0.0, ""target_weight"": 0.025293720175723837, ""post_trade_weight"": 0.025294991501043952, ""diff_weight"": 0.025293720175723837, ""gross_amount"": 0.02813490820813196, ""gross_amount_pct_nav"": 0.025293720175723837, ""fee"": 8.440472462439587e-06, ""fee_pct_nav"": 7.58811605271715e-06, ""name"": ""药明生物""}, {""ts_code"": ""03690.HK"", ""side"": ""sell"", ""current_weight"": 0.1690549327275299, ""target_weight"": 0.15259759186883795, ""post_trade_weight"": 0.1526052618035484, ""diff_weight"": -0.01645734085869193, ""gross_amount"": 0.018305957810572898, ""gross_amount_pct_nav"": 0.01645734085869193, ""fee"": 5.491787343171869e-06, ""fee_pct_nav"": 4.937202257607578e-06, ""name"": ""美团-W""}, {""ts_code"": ""03968.HK"", ""side"": ""sell"", ""current_weight"": 0.12225017063580586, ""target_weight"": 0.10770471070054613, ""post_trade_weight"": 0.10771012420733192, ""diff_weight"": -0.014545459935259731, ""gross_amount"": 0.016179319502252, ""gross_amount_pct_nav"": 0.014545459935259731, ""fee"": 4.8537958506756e-06, ""fee_pct_nav"": 4.363637980577919e-06, ""name"": ""招商银行""}, {""ts_code"": ""06066.HK"", ""side"": ""buy"", ""current_weight"": 0.0, ""target_weight"": 0.0320051754591546, ""post_trade_weight"": 0.03200678411891889, ""diff_weight"": 0.0320051754591546, ""gross_amount"": 0.03560024652256214, ""gross_amount_pct_nav"": 0.0320051754591546, ""fee"": 1.0680073956768641e-05, ""fee_pct_nav"": 9.60155263774638e-06, ""name"": ""中信建投证券""}]"
2020-12-14,0.04674045,0.09348089,0.04404430,0.05997203,0.00003120,0.00001321,0.00001799,0.00000000,rebalance,"[{""ts_code"": ""00016.HK"", ""side"": ""buy"", ""current_weight"": 0.0, ""target_weight"": 0.02733273108580802, ""post_trade_weight"": 0.027333497633732443, ""diff_weight"": 0.02733273108580802, ""gross_amount"": 0.030413169801792626, ""gross_amount_pct_nav"": 0.02733273108580802, ""fee"": 9.123950940537788e-06, ""fee_pct_nav"": 8.199819325742406e-06, ""name"": ""新鸿基地产""}, {""ts_code"": ""01810.HK"", ""side"": ""buy"", ""current_weight"": 0.06440387788865001, ""target_weight"": 0.07665435807883492, ""post_trade_weight"": 0.07665650785446103, ""diff_weight"": 0.012250480190184907, ""gross_amount"": 0.013631127200861501, ""gross_amount_pct_nav"": 0.012250480190184907, ""fee"": 4.0893381602584496e-06, ""fee_pct_nav"": 3.6751440570554716e-06, ""name"": ""小米集团-W""}, {""ts_code"": ""02269.HK"", ""side"": ""sell"", ""current_weight"": 0.024426247000629887, ""target_weight"": 0.0, ""post_trade_weight"": 0.0, ""diff_weight"": -0.024426247000629887, ""gross_amount"": 0.027179120714958854, ""gross_amount_pct_nav"": 0.024426247000629887, ""fee"": 8.153736214487656e-06, ""fee_pct_nav"": 7.3278741001889665e-06, ""name"": ""药明生物""}, {""ts_code"": ""02318.HK"", ""side"": ""sell"", ""current_weight"": 0.17548458761373045, ""target_weight"": 0.16420208751380316, ""post_trade_weight"": 0.16420669257024537, ""diff_weight"": -0.011282500099927296, ""gross_amount"": 0.012554054340585014, ""gross_amount_pct_nav"": 0.011282500099927296, ""fee"": 3.7662163021755036e-06, ""fee_pct_nav"": 3.3847500299781885e-06, ""name"": ""中国平安""}, {""ts_code"": ""03968.HK"", ""side"": ""sell"", ""current_weight"": 0.10790598825086421, ""target_weight"": 0.08971705434219561, ""post_trade_weight"": 0.08971957046184628, ""diff_weight"": -0.018188933908668607, ""gross_amount"": 0.020238853327216588, ""gross_amount_pct_nav"": 0.018188933908668607, ""fee"": 6.071655998164976e-06, ""fee_pct_nav"": 5.456680172600581e-06, ""name"": ""招商银行""}]"
2020-12-21,0.07313987,0.14627974,0.08613428,0.07724852,0.00004901,0.00002584,0.00002317,0.00000000,rebalance,"[{""ts_code"": ""00016.HK"", ""side"": ""sell"", ""current_weight"": 0.0261947217976412, ""target_weight"": 0.0, ""post_trade_weight"": 0.0, ""diff_weight"": -0.0261947217976412, ""gross_amount"": 0.029257414476668114, ""gross_amount_pct_nav"": 0.0261947217976412, ""fee"": 8.777224343000434e-06, ""fee_pct_nav"": 7.85841653929236e-06, ""name"": ""新鸿基地产""}, {""ts_code"": ""01299.HK"", ""side"": ""buy"", ""current_weight"": 0.0989866432967548, ""target_weight"": 0.11052073499337138, ""post_trade_weight"": 0.11052558528948575, ""diff_weight"": 0.011534091696616587, ""gross_amount"": 0.012882660254486658, ""gross_amount_pct_nav"": 0.011534091696616587, ""fee"": 3.864798076345997e-06, ""fee_pct_nav"": 3.4602275089849754e-06, ""name"": ""友邦保险""}, {""ts_code"": ""02269.HK"", ""side"": ""buy"", ""current_weight"": 0.0, ""target_weight"": 0.03329968528126452, ""post_trade_weight"": 0.03330114666617242, ""diff_weight"": 0.03329968528126452, ""gross_amount"": 0.03719309186571669, ""gross_amount_pct_nav"": 0.03329968528126452, ""fee"": 1.1157927559715007e-05, ""fee_pct_nav"": 9.989905584379354e-06, ""name"": ""药明生物""}, {""ts_code"": ""02359.HK"", ""side"": ""buy"", ""current_weight"": 0.0, ""target_weight"": 0.032283890285327306, ""post_trade_weight"": 0.03228530709121099, ""diff_weight"": 0.032283890285327306, ""gross_amount"": 0.036058529893688546, ""gross_amount_pct_nav"": 0.032283890285327306, ""fee"": 1.0817558968106562e-05, ""fee_pct_nav"": 9.68516708559819e-06, ""name"": ""药明康德""}, {""ts_code"": ""03968.HK"", ""side"": ""sell"", ""current_weight"": 0.08717104226047798, ""target_weight"": 0.07439586877467656, ""post_trade_weight"": 0.07439913370042342, ""diff_weight"": -0.012775173485801415, ""gross_amount"": 0.014268849601567074, ""gross_amount_pct_nav"": 0.012775173485801415, ""fee"": 4.280654880470122e-06, ""fee_pct_nav"": 3.8325520457404245e-06, ""name"": ""招商银行""}, {""ts_code"": ""06066.HK"", ""side"": ""sell"", ""current_weight"": 0.030192175960690112, ""target_weight"": 0.0, ""post_trade_weight"": 0.0, ""diff_weight"": -0.030192175960690112, ""gross_amount"": 0.03372225186655542, ""gross_amount_pct_nav"": 0.030192175960690112, ""fee"": 1.0116675559966625e-05, ""fee_pct_nav"": 9.057652788207033e-06, ""name"": ""中信建投证券""}]"
2020-12-28,0.01979422,0.03958844,0.03065462,0.01303051,0.00001311,0.00000920,0.00000391,0.00000000,rebalance,"[{""ts_code"": ""00700.HK"", ""side"": ""buy"", ""current_weight"": 0.16460938863286295, ""target_weight"": 0.17999786222430708, ""post_trade_weight"": 0.18000000000000288, ""diff_weight"": 0.015388473591444138, ""gross_amount"": 0.016980904494208526, ""gross_amount_pct_nav"": 0.015388473591444138, ""fee"": 5.094271348262558e-06, ""fee_pct_nav"": 4.616542077433241e-06, ""name"": ""腾讯控股""}, {""ts_code"": ""01810.HK"", ""side"": ""buy"", ""current_weight"": 0.08245660185393174, ""target_weight"": 0.09484803023424646, ""post_trade_weight"": 0.0948491567132575, ""diff_weight"": 0.012391428380314722, ""gross_amount"": 0.013673718879430627, ""gross_amount_pct_nav"": 0.012391428380314722, ""fee"": 4.1021156638291875e-06, ""fee_pct_nav"": 3.717428514094416e-06, ""name"": ""小米集团-W""}, {""ts_code"": ""02318.HK"", ""side"": ""sell"", ""current_weight"": 0.16469644291450072, ""target_weight"": 0.15288790607504893, ""post_trade_weight"": 0.15288972187466873, ""diff_weight"": -0.011808536839451777, ""gross_amount"": 0.01303050852285706, ""gross_amount_pct_nav"": 0.011808536839451777, ""fee"": 3.909152556857118e-06, ""fee_pct_nav"": 3.542561051835533e-06, ""name"": ""中国平安""}]"
2021-01-04,0.11518965,0.23037930,0.13692041,0.13483878,0.00008153,0.00004108,0.00004045,0.00000000,rebalance,"[{""ts_code"": ""01299.HK"", ""side"": ""sell"", ""current_weight"": 0.11477409598762207, ""target_weight"": 0.07217955022503462, ""post_trade_weight"": 0.07218453917204412, ""diff_weight"": -0.042594545762587456, ""gross_amount"": 0.05024522343782782, ""gross_amount_pct_nav"": 0.042594545762587456, ""fee"": 1.5073567031348344e-05, ""fee_pct_nav"": 1.2778363728776235e-05, ""name"": ""友邦保险""}, {""ts_code"": ""02020.HK"", ""side"": ""buy"", ""current_weight"": 0.0, ""target_weight"": 0.03139234123109821, ""post_trade_weight"": 0.03139451102470897, ""diff_weight"": 0.03139234123109821, ""gross_amount"": 0.03703091959671713, ""gross_amount_pct_nav"": 0.03139234123109821, ""fee"": 1.1109275879015138e-05, ""fee_pct_nav"": 9.417702369329462e-06, ""name"": ""安踏体育""}, {""ts_code"": ""02333.HK"", ""side"": ""buy"", ""current_weight"": 0.0, ""target_weight"": 0.030120468355288206, ""post_trade_weight"": 0.030122550238869603, ""diff_weight"": 0.030120468355288206, ""gross_amount"": 0.03553059753234341, ""gross_amount_pct_nav"": 0.030120468355288206, ""fee"": 1.0659179259703023e-05, ""fee_pct_nav"": 9.036140506586463e-06, ""name"": ""长城汽车""}, {""ts_code"": ""02359.HK"", ""side"": ""sell"", ""current_weight"": 0.034387976393977594, ""target_weight"": 0.0, ""post_trade_weight"": 0.0, ""diff_weight"": -0.034387976393977594, ""gross_amount"": 0.04056461987224145, ""gross_amount_pct_nav"": 0.034387976393977594, ""fee"": 1.2169385961672434e-05, ""fee_pct_nav"": 1.0316392918193278e-05, ""name"": ""药明康德""}, {""ts_code"": ""03690.HK"", ""side"": ""buy"", ""current_weight"": 0.14909027361907085, ""target_weight"": 0.16427618445339298, ""post_trade_weight"": 0.16428753898769816, ""diff_weight"": 0.015185910834322126, ""gross_amount"": 0.01791354900766748, ""gross_amount_pct_nav"": 0.015185910834322126, ""fee"": 5.3740647023002435e-06, ""fee_pct_nav"": 4.5557732502966375e-06, ""name"": ""美团-W""}, {""ts_code"": ""03968.HK"", ""side"": ""buy"", ""current_weight"": 0.06991198744384854, ""target_weight"": 0.1092852448076316, ""post_trade_weight"": 0.10929279844704286, ""diff_weight"": 0.03937325736378306, ""gross_amount"": 0.046445338911349957, ""gross_amount_pct_nav"": 0.03937325736378306, ""fee"": 1.3933601673404985e-05, ""fee_pct_nav"": 1.1811977209134917e-05, ""name"": ""招商银行""}, {""ts_code"": ""06030.HK"", ""side"": ""sell"", ""current_weight"": 0.0373247967303078, ""target_weight"": 0.0, ""post_trade_weight"": 0.0, ""diff_weight"": -0.0373247967303078, ""gross_amount"": 0.04402894121559234, ""gross_amount_pct_nav"": 0.0373247967303078, ""fee"": 1.32086823646777e-05, ""fee_pct_nav"": 1.1197439019092338e-05, ""name"": ""中信证券""}]"
2021-01-11,0.11741949,0.23483898,0.13325657,0.15436861,0.00008629,0.00003998,0.00004631,0.00000000,rebalance,"[{""ts_code"": ""00388.HK"", ""side"": ""sell"", ""current_weight"": 0.0674758230292467, ""target_weight"": 0.05498277135941494, ""post_trade_weight"": 0.05498664526173661, ""diff_weight"": -0.012493051669831766, ""gross_amount"": 0.015301191780417472, ""gross_amount_pct_nav"": 0.012493051669831766, ""fee"": 4.590357534125241e-06, ""fee_pct_nav"": 3.7479155009495295e-06, ""name"": ""香港交易所""}, {""ts_code"": ""01088.HK"", ""side"": ""sell"", ""current_weight"": 0.03562086346051393, ""target_weight"": 0.0, ""post_trade_weight"": 0.0, ""diff_weight"": -0.03562086346051393, ""gross_amount"": 0.043627584164208325, ""gross_amount_pct_nav"": 0.03562086346051393, ""fee"": 1.3088275249262496e-05, ""fee_pct_nav"": 1.0686259038154176e-05, ""name"": ""中国神华""}, {""ts_code"": ""01299.HK"", ""side"": ""buy"", ""current_weight"": 0.06973072590443091, ""target_weight"": 0.10022462475431114, ""post_trade_weight"": 0.10023168624642813, ""diff_weight"": 0.030493898849880224, ""gross_amount"": 0.0373482001648483, ""gross_amount_pct_nav"": 0.030493898849880224, ""fee"": 1.120446004945449e-05, ""fee_pct_nav"": 9.148169654964068e-06, ""name"": ""友邦保险""}, {""ts_code"": ""01810.HK"", ""side"": ""sell"", ""current_weight"": 0.08792388152999979, ""target_weight"": 0.07488504894308493, ""post_trade_weight"": 0.07489032509337322, ""diff_weight"": -0.013038832586914862, ""gross_amount"": 0.01596965123316646, ""gross_amount_pct_nav"": 0.013038832586914862, ""fee"": 4.790895369949938e-06, ""fee_pct_nav"": 3.9116497760744585e-06, ""name"": ""小米集团-W""}, {""ts_code"": ""02269.HK"", ""side"": ""sell"", ""current_weight"": 0.03252797158824331, ""target_weight"": 0.0, ""post_trade_weight"": 0.0, ""diff_weight"": -0.03252797158824331, ""gross_amount"": 0.039839483951032435, ""gross_amount_pct_nav"": 0.03252797158824331, ""fee"": 1.1951845185309729e-05, ""fee_pct_nav"": 9.758391476472992e-06, ""name"": ""药明生物""}, {""ts_code"": ""02318.HK"", ""side"": ""buy"", ""current_weight"": 0.13921472087058065, ""target_weight"": 0.15392380704207906, ""post_trade_weight"": 0.15393465199912137, ""diff_weight"": 0.014709086171498404, ""gross_amount"": 0.01801533799530139, ""gross_amount_pct_nav"": 0.014709086171498404, ""fee"": 5.404601398590416e-06, ""fee_pct_nav"": 4.41272585144952e-06, ""name"": ""中国平安""}, {""ts_code"": ""02359.HK"", ""side"": ""buy"", ""current_weight"": 0.0, ""target_weight"": 0.0323557399859399, ""post_trade_weight"": 0.032358019663248846, ""diff_weight"": 0.0323557399859399, ""gross_amount"": 0.03962853879150372, ""gross_amount_pct_nav"": 0.0323557399859399, ""fee"": 1.1888561637451116e-05, ""fee_pct_nav"": 9.706721995781969e-06, ""name"": ""药明康德""}, {""ts_code"": ""03690.HK"", ""side"": ""sell"", ""current_weight"": 0.16741150696490825, ""target_weight"": 0.15460900930152413, ""post_trade_weight"": 0.1546199025356278, ""diff_weight"": -0.012802497663384095, ""gross_amount"": 0.0156801938543831, ""gross_amount_pct_nav"": 0.012802497663384095, ""fee"": 4.70405815631493e-06, ""fee_pct_nav"": 3.8407492990152285e-06, ""name"": ""美团-W""}, {""ts_code"": ""03968.HK"", ""side"": ""sell"", ""current_weight"": 0.12607287179579182, ""target_weight"": 0.10651786462490248, ""post_trade_weight"": 0.10652536951766922, ""diff_weight"": -0.01955500717088935, ""gross_amount"": 0.023950506481275613, ""gross_amount_pct_nav"": 0.01955500717088935, ""fee"": 7.185151944382683e-06, ""fee_pct_nav"": 5.866502151266805e-06, ""name"": ""招商银行""}, {""ts_code"": ""06862.HK"", ""side"": ""buy"", ""current_weight"": 0.0, ""target_weight"": 0.03124203179922744, ""post_trade_weight"": 0.03124423300837948, ""diff_weight"": 0.03124203179922744, ""gross_amount"": 0.038264495561500994, ""gross_amount_pct_nav"": 0.03124203179922744, ""fee"": 1.1479348668450297e-05, ""fee_pct_nav"": 9.372609539768232e-06, ""name"": ""海底捞""}]"
2021-01-18,0.06132724,0.12265448,0.07491115,0.08207312,0.00004710,0.00002247,0.00002462,0.00000000,rebalance,"[{""ts_code"": ""00700.HK"", ""side"": ""sell"", ""current_weight"": 0.19645210338278937, ""target_weight"": 0.1799933766580935, ""post_trade_weight"": 0.18000000000000138, ""diff_weight"": -0.016458726724695862, ""gross_amount"": 0.021065363416107902, ""gross_amount_pct_nav"": 0.016458726724695862, ""fee"": 6.31960902483237e-06, ""fee_pct_nav"": 4.937618017408759e-06, ""name"": ""腾讯控股""}, {""ts_code"": ""01299.HK"", ""side"": ""buy"", ""current_weight"": 0.10120283639283094, ""target_weight"": 0.11431329479572515, ""post_trade_weight"": 0.1143175012618191, ""diff_weight"": 0.01311045840289421, ""gross_amount"": 0.01677994752743156, ""gross_amount_pct_nav"": 0.01311045840289421, ""fee"": 5.033984258229468e-06, ""fee_pct_nav"": 3.933137520868262e-06, ""name"": ""友邦保险""}, {""ts_code"": ""02269.HK"", ""side"": ""buy"", ""current_weight"": 0.0, ""target_weight"": 0.029144133365043942, ""post_trade_weight"": 0.029145205802060623, ""diff_weight"": 0.029144133365043942, ""gross_amount"": 0.03730129134843577, ""gross_amount_pct_nav"": 0.029144133365043942, ""fee"": 1.119038740453073e-05, ""fee_pct_nav"": 8.743240009513182e-06, ""name"": ""药明生物""}, {""ts_code"": ""03690.HK"", ""side"": ""sell"", ""current_weight"": 0.15531063920793192, ""target_weight"": 0.13661871788297636, ""post_trade_weight"": 0.1366237451372918, ""diff_weight"": -0.018691921324955552, ""gross_amount"": 0.023923607350784415, ""gross_amount_pct_nav"": 0.018691921324955552, ""fee"": 7.1770822052353235e-06, ""fee_pct_nav"": 5.6075763974866655e-06, ""name"": ""美团-W""}, {""ts_code"": ""03968.HK"", ""side"": ""buy"", ""current_weight"": 0.1088310527130483, ""target_weight"": 0.12510581456540257, ""post_trade_weight"": 0.12511041817137916, ""diff_weight"": 0.016274761852354266, ""gross_amount"": 0.02082990857464323, ""gross_amount_pct_nav"": 0.016274761852354266, ""fee"": 6.248972572392968e-06, ""fee_pct_nav"": 4.882428555706279e-06, ""name"": ""招商银行""}, {""ts_code"": ""06862.HK"", ""side"": ""sell"", ""current_weight"": 0.02897447810544678, ""target_weight"": 0.0, ""post_trade_weight"": 0.0, ""diff_weight"": -0.02897447810544678, ""gross_amount"": 0.037084151240415995, ""gross_amount_pct_nav"": 0.02897447810544678, ""fee"": 1.1125245372124797e-05, ""fee_pct_nav"": 8.692343431634033e-06, ""name"": ""海底捞""}]"
2021-01-25,0.05941669,0.11883337,0.07387771,0.09106308,0.00004948,0.00002216,0.00002732,0.00000000,rebalance,"[{""ts_code"": ""00700.HK"", ""side"": ""sell"", ""current_weight"": 0.19363378563099168, ""target_weight"": 0.17999358299781326, ""post_trade_weight"": 0.18000000000000138, ""diff_weight"": -0.01364020263317841, ""gross_amount"": 0.01893260960690754, ""gross_amount_pct_nav"": 0.01364020263317841, ""fee"": 5.679782882072262e-06, ""fee_pct_nav"": 4.092060789953522e-06, ""name"": ""腾讯控股""}, {""ts_code"": ""01299.HK"", ""side"": ""sell"", ""current_weight"": 0.10317994719793205, ""target_weight"": 0.07814409497937536, ""post_trade_weight"": 0.07814688091663, ""diff_weight"": -0.025035852218556687, ""gross_amount"": 0.03474977820910237, ""gross_amount_pct_nav"": 0.025035852218556687, ""fee"": 1.042493346273071e-05, ""fee_pct_nav"": 7.510755665567006e-06, ""name"": ""友邦保险""}, {""ts_code"": ""02333.HK"", ""side"": ""sell"", ""current_weight"": 0.02693132403202766, ""target_weight"": 0.0, ""post_trade_weight"": 0.0, ""diff_weight"": -0.02693132403202766, ""gross_amount"": 0.03738069424681968, ""gross_amount_pct_nav"": 0.02693132403202766, ""fee"": 1.1214208274045904e-05, ""fee_pct_nav"": 8.079397209608297e-06, ""name"": ""长城汽车""}, {""ts_code"": ""03690.HK"", ""side"": ""buy"", ""current_weight"": 0.15497180731736873, ""target_weight"": 0.17999358299781326, ""post_trade_weight"": 0.18000000000000138, ""diff_weight"": 0.025021775680444554, ""gross_amount"": 0.0347302399655835, ""gross_amount_pct_nav"": 0.025021775680444554, ""fee"": 1.0419071989675048e-05, ""fee_pct_nav"": 7.5065327041333654e-06, ""name"": ""美团-W""}, {""ts_code"": ""06862.HK"", ""side"": ""buy"", ""current_weight"": 0.0, ""target_weight"": 0.028204219289568774, ""post_trade_weight"": 0.02820522480617598, ""diff_weight"": 0.028204219289568774, ""gross_amount"": 0.03914747364369543, ""gross_amount_pct_nav"": 0.028204219289568774, ""fee"": 1.1744242093108628e-05, ""fee_pct_nav"": 8.461265786870632e-06, ""name"": ""海底捞""}]"
2021-02-01,0.01371124,0.02742249,0.02043453,0.01580973,0.00001087,0.00000613,0.00000474,0.00000000,rebalance,"[{""ts_code"": ""01299.HK"", ""side"": ""buy"", ""current_weight"": 0.07728058829521048, ""target_weight"": 0.09274139527966564, ""post_trade_weight"": 0.0927421582458109, ""diff_weight"": 0.015460806984455159, ""gross_amount"": 0.02043452796280669, ""gross_amount_pct_nav"": 0.015460806984455159, ""fee"": 6.130358388842007e-06, ""fee_pct_nav"": 4.638242095336547e-06, ""name"": ""友邦保险""}, {""ts_code"": ""02318.HK"", ""side"": ""sell"", ""current_weight"": 0.13854630528927175, ""target_weight"": 0.1265846268335219, ""post_trade_weight"": 0.12658566822161502, ""diff_weight"": -0.011961678455749858, ""gross_amount"": 0.015809734455121432, ""gross_amount_pct_nav"": 0.011961678455749858, ""fee"": 4.742920336536429e-06, ""fee_pct_nav"": 3.588503536724957e-06, ""name"": ""中国平安""}]"
2021-02-08,0.03393523,0.06787046,0.04290423,0.04915085,0.00002762,0.00001287,0.00001475,0.00000000,rebalance,"[{""ts_code"": ""01211.HK"", ""side"": ""buy"", ""current_weight"": 0.04055644486561931, ""target_weight"": 0.055799919610329804, ""post_trade_weight"": 0.05580105578336477, ""diff_weight"": 0.01524347474471049, ""gross_amount"": 0.020675258105504073, ""gross_amount_pct_nav"": 0.01524347474471049, ""fee"": 6.2025774316512215e-06, ""fee_pct_nav"": 4.573042423413147e-06, ""name"": ""比亚迪股份""}, {""ts_code"": ""02318.HK"", ""side"": ""sell"", ""current_weight"": 0.12207838214475758, ""target_weight"": 0.08584039650209735, ""post_trade_weight"": 0.08584214434590245, ""diff_weight"": -0.036237985642660224, ""gross_amount"": 0.04915084775179196, ""gross_amount_pct_nav"": 0.036237985642660224, ""fee"": 1.4745254325537586e-05, ""fee_pct_nav"": 1.0871395692798067e-05, ""name"": ""中国平安""}, {""ts_code"": ""03968.HK"", ""side"": ""buy"", ""current_weight"": 0.12442027176752056, ""target_weight"": 0.1408092736275265, ""post_trade_weight"": 0.14081214072305073, ""diff_weight"": 0.01638900186000592, ""gross_amount"": 0.022228976609469514, ""gross_amount_pct_nav"": 0.01638900186000592, ""fee"": 6.668692982840853e-06, ""fee_pct_nav"": 4.916700558001776e-06, ""name"": ""招商银行""}]"
2021-02-16,0.10152774,0.20305548,0.17207616,0.11656101,0.00008659,0.00005162,0.00003497,0.00000000,rebalance,"[{""ts_code"": ""00939.HK"", ""side"": ""buy"", ""current_weight"": 0.0, ""target_weight"": 0.10863419439185518, ""post_trade_weight"": 0.10864081242538952, ""diff_weight"": 0.10863419439185518, ""gross_amount"": 0.1544201954416399, ""gross_amount_pct_nav"": 0.10863419439185518, ""fee"": 4.6326058632491965e-05, ""fee_pct_nav"": 3.2590258317556545e-05, ""name"": ""建设银行""}, {""ts_code"": ""02020.HK"", ""side"": ""sell"", ""current_weight"": 0.03017384259473059, ""target_weight"": 0.0, ""post_trade_weight"": 0.0, ""diff_weight"": -0.03017384259473059, ""gross_amount"": 0.04289119735077557, ""gross_amount_pct_nav"": 0.03017384259473059, ""fee"": 1.2867359205232669e-05, ""fee_pct_nav"": 9.052152778419175e-06, ""name"": ""安踏体育""}, {""ts_code"": ""02269.HK"", ""side"": ""buy"", ""current_weight"": 0.03110830282823056, ""target_weight"": 0.043529228040325205, ""post_trade_weight"": 0.04353187985628893, ""diff_weight"": 0.012420925212094647, ""gross_amount"": 0.017655966517310988, ""gross_amount_pct_nav"": 0.012420925212094647, ""fee"": 5.296789955193296e-06, ""fee_pct_nav"": 3.726277563628394e-06, ""name"": ""药明生物""}, {""ts_code"": ""02318.HK"", ""side"": ""sell"", ""current_weight"": 0.08199466875707664, ""target_weight"": 0.06992388517892446, ""post_trade_weight"": 0.06992814496673397, ""diff_weight"": -0.012070783578152172, ""gross_amount"": 0.01715825085928696, ""gross_amount_pct_nav"": 0.012070783578152172, ""fee"": 5.147475257786088e-06, ""fee_pct_nav"": 3.6212350734456514e-06, ""name"": ""中国平安""}, {""ts_code"": ""03690.HK"", ""side"": ""sell"", ""current_weight"": 0.1930761685020678, ""target_weight"": 0.17998903500438998, ""post_trade_weight"": 0.18000000000004482, ""diff_weight"": -0.013087133497677797, ""gross_amount"": 0.01860296128484712, ""gross_amount_pct_nav"": 0.013087133497677797, ""fee"": 5.580888385454135e-06, ""fee_pct_nav"": 3.926140049303339e-06, ""name"": ""美团-W""}, {""ts_code"": ""03968.HK"", ""side"": ""sell"", ""current_weight"": 0.14201164425898732, ""target_weight"": 0.11534304844399243, ""post_trade_weight"": 0.11535007518328781, ""diff_weight"": -0.0266685958149949, ""gross_amount"": 0.03790859591641038, ""gross_amount_pct_nav"": 0.0266685958149949, ""fee"": 1.1372578774923113e-05, ""fee_pct_nav"": 8.00057874449847e-06, ""name"": ""招商银行""}]"
2021-02-22,0.05025787,0.10051573,0.04083636,0.09452127,0.00004061,0.00001225,0.00002836,0.00000000,rebalance,"[{""ts_code"": ""00939.HK"", ""side"": ""sell"", ""current_weight"": 0.11367864721575568, ""target_weight"": 0.08399035431616034, ""post_trade_weight"": 0.0839928870981328, ""diff_weight"": -0.029688292899595355, ""gross_amount"": 0.03997918434990079, ""gross_amount_pct_nav"": 0.029688292899595355, ""fee"": 1.1993755304970235e-05, ""fee_pct_nav"": 8.906487869878605e-06, ""name"": ""建设银行""}, {""ts_code"": ""01299.HK"", ""side"": ""sell"", ""current_weight"": 0.09524235584371823, ""target_weight"": 0.08401751547293816, ""post_trade_weight"": 0.08402004907397238, ""diff_weight"": -0.011224840370780068, ""gross_amount"": 0.015115721338350901, ""gross_amount_pct_nav"": 0.011224840370780068, ""fee"": 4.53471640150527e-06, ""fee_pct_nav"": 3.36745211123402e-06, ""name"": ""友邦保险""}, {""ts_code"": ""02020.HK"", ""side"": ""buy"", ""current_weight"": 0.0, ""target_weight"": 0.030324828606745482, ""post_trade_weight"": 0.03032574307102937, ""diff_weight"": 0.030324828606745482, ""gross_amount"": 0.04083636325430982, ""gross_amount_pct_nav"": 0.030324828606745482, ""fee"": 1.2250908976292943e-05, ""fee_pct_nav"": 9.097448582023643e-06, ""name"": ""安踏体育""}, {""ts_code"": ""06862.HK"", ""side"": ""sell"", ""current_weight"": 0.029277770663351688, ""target_weight"": 0.0, ""post_trade_weight"": 0.0, ""diff_weight"": -0.029277770663351688, ""gross_amount"": 0.039426362258781406, ""gross_amount_pct_nav"": 0.029277770663351688, ""fee"": 1.182790867763442e-05, ""fee_pct_nav"": 8.783331199005506e-06, ""name"": ""海底捞""}]"
2021-03-01,0.04712611,0.09425222,0.07989836,0.04048829,0.00003612,0.00002397,0.00001215,0.00000000,rebalance,"[{""ts_code"": ""00939.HK"", ""side"": ""buy"", ""current_weight"": 0.08719716979615474, ""target_weight"": 0.10110459216169217, ""post_trade_weight"": 0.10110745104209393, ""diff_weight"": 0.013907422365537431, ""gross_amount"": 0.017763700239351657, ""gross_amount_pct_nav"": 0.013907422365537431, ""fee"": 5.329110071805496e-06, ""fee_pct_nav"": 4.1722267096612285e-06, ""name"": ""建设银行""}, {""ts_code"": ""01658.HK"", ""side"": ""buy"", ""current_weight"": 0.0, ""target_weight"": 0.029032059921774163, ""post_trade_weight"": 0.029032880845783236, ""diff_weight"": 0.029032059921774163, ""gross_amount"": 0.03708212753063693, ""gross_amount_pct_nav"": 0.029032059921774163, ""fee"": 1.1124638259191078e-05, ""fee_pct_nav"": 8.709617976532249e-06, ""name"": ""邮储银行""}, {""ts_code"": ""02318.HK"", ""side"": ""buy"", ""current_weight"": 0.08228839206727409, ""target_weight"": 0.10190233543066972, ""post_trade_weight"": 0.10190521686843063, ""diff_weight"": 0.019613943363395617, ""gross_amount"": 0.025052536786569116, ""gross_amount_pct_nav"": 0.019613943363395617, ""fee"": 7.515761035970734e-06, ""fee_pct_nav"": 5.884183009018685e-06, ""name"": ""中国平安""}, {""ts_code"": ""02359.HK"", ""side"": ""sell"", ""current_weight"": 0.031698790590308945, ""target_weight"": 0.0, ""post_trade_weight"": 0.0, ""diff_weight"": -0.031698790590308945, ""gross_amount"": 0.04048829460961506, ""gross_amount_pct_nav"": 0.031698790590308945, ""fee"": 1.2146488382884517e-05, ""fee_pct_nav"": 9.509637177092684e-06, ""name"": ""药明康德""}]"
2021-03-08,0.12353793,0.24707587,0.13748790,0.15689088,0.00008831,0.00004125,0.00004707,0.00000000,rebalance,"[{""ts_code"": ""00388.HK"", ""side"": ""sell"", ""current_weight"": 0.05717240556401966, ""target_weight"": 0.04641668002603405, ""post_trade_weight"": 0.04642012081349327, ""diff_weight"": -0.010755725537985601, ""gross_amount"": 0.012814919460900062, ""gross_amount_pct_nav"": 0.010755725537985601, ""fee"": 3.844475838270018e-06, ""fee_pct_nav"": 3.22671766139568e-06, ""name"": ""香港交易所""}, {""ts_code"": ""01299.HK"", ""side"": ""sell"", ""current_weight"": 0.09113066121787589, ""target_weight"": 0.07177386991259047, ""post_trade_weight"": 0.0717791903842691, ""diff_weight"": -0.019356791305285417, ""gross_amount"": 0.023062667480927612, ""gross_amount_pct_nav"": 0.019356791305285417, ""fee"": 6.918800244278283e-06, ""fee_pct_nav"": 5.807037391585624e-06, ""name"": ""友邦保险""}, {""ts_code"": ""01398.HK"", ""side"": ""buy"", ""current_weight"": 0.0, ""target_weight"": 0.11539534811505714, ""post_trade_weight"": 0.11540390217076346, ""diff_weight"": 0.11539534811505714, ""gross_amount"": 0.13748789768151135, ""gross_amount_pct_nav"": 0.11539534811505714, ""fee"": 4.12463693044534e-05, ""fee_pct_nav"": 3.461860443451714e-05, ""name"": ""工商银行""}, {""ts_code"": ""01810.HK"", ""side"": ""sell"", ""current_weight"": 0.05368156448050737, ""target_weight"": 0.030492367599942356, ""post_trade_weight"": 0.030494627945921015, ""diff_weight"": -0.023189196880565015, ""gross_amount"": 0.027628790762454787, ""gross_amount_pct_nav"": 0.023189196880565015, ""fee"": 8.288637228736435e-06, ""fee_pct_nav"": 6.956759064169504e-06, ""name"": ""小米集团-W""}, {""ts_code"": ""02020.HK"", ""side"": ""sell"", ""current_weight"": 0.028611901826910643, ""target_weight"": 0.0, ""post_trade_weight"": 0.0, ""diff_weight"": -0.028611901826910643, ""gross_amount"": 0.0340896777479234, ""gross_amount_pct_nav"": 0.028611901826910643, ""fee"": 1.022690332437702e-05, ""fee_pct_nav"": 8.583570548073192e-06, ""name"": ""安踏体育""}, {""ts_code"": ""02318.HK"", ""side"": ""sell"", ""current_weight"": 0.11175557900705846, ""target_weight"": 0.09093353462725111, ""post_trade_weight"": 0.09094027537142738, ""diff_weight"": -0.020822044379807347, ""gross_amount"": 0.024808444655467846, ""gross_amount_pct_nav"": 0.020822044379807347, ""fee"": 7.4425333966403534e-06, ""fee_pct_nav"": 6.246613313942204e-06, ""name"": ""中国平安""}, {""ts_code"": ""03690.HK"", ""side"": ""sell"", ""current_weight"": 0.15098103175072797, ""target_weight"": 0.1379707107080591, ""post_trade_weight"": 0.1379809382359839, ""diff_weight"": -0.013010321042668862, ""gross_amount"": 0.015501159427454142, ""gross_amount_pct_nav"": 0.013010321042668862, ""fee"": 4.650347828236242e-06, ""fee_pct_nav"": 3.903096312800658e-06, ""name"": ""美团-W""}, {""ts_code"": ""03968.HK"", ""side"": ""sell"", ""current_weight"": 0.12065352018775545, ""target_weight"": 0.10471898368764643, ""post_trade_weight"": 0.10472674632309584, ""diff_weight"": -0.01593453650010902, ""gross_amount"": 0.01898521872601755, ""gross_amount_pct_nav"": 0.01593453650010902, ""fee"": 5.695565617805264e-06, ""fee_pct_nav"": 4.780360950032706e-06, ""name"": ""招商银行""}]"
2021-03-15,0.05121692,0.10243384,0.07236105,0.05194297,0.00003729,0.00002171,0.00001558,0.00000000,rebalance,"[{""ts_code"": ""00386.HK"", ""side"": ""buy"", ""current_weight"": 0.0, ""target_weight"": 0.027337280273019942, ""post_trade_weight"": 0.02733812037760273, ""diff_weight"": 0.027337280273019942, ""gross_amount"": 0.033173936961358064, ""gross_amount_pct_nav"": 0.027337280273019942, ""fee"": 9.952181088407418e-06, ""fee_pct_nav"": 8.201184081905982e-06, ""name"": ""中国石油化工股份""}, {""ts_code"": ""00700.HK"", ""side"": ""buy"", ""current_weight"": 0.1686757403565584, ""target_weight"": 0.1799944685727501, ""post_trade_weight"": 0.18000000000003233, ""diff_weight"": 0.011318728216191674, ""gross_amount"": 0.01373533769916635, ""gross_amount_pct_nav"": 0.011318728216191674, ""fee"": 4.120601309749905e-06, ""fee_pct_nav"": 3.395618464857502e-06, ""name"": ""腾讯控股""}, {""ts_code"": ""01299.HK"", ""side"": ""sell"", ""current_weight"": 0.07299097544668819, ""target_weight"": 0.06280413613649603, ""post_trade_weight"": 0.06280606617642903, ""diff_weight"": -0.010186839310192155, ""gross_amount"": 0.012361784410767462, ""gross_amount_pct_nav"": 0.010186839310192155, ""fee"": 3.7085353232302384e-06, ""fee_pct_nav"": 3.0560517930576463e-06, ""name"": ""友邦保险""}, {""ts_code"": ""01810.HK"", ""side"": ""sell"", ""current_weight"": 0.03261722764889929, ""target_weight"": 0.0, ""post_trade_weight"": 0.0, ""diff_weight"": -0.03261722764889929, ""gross_amount"": 0.03958118156131109, ""gross_amount_pct_nav"": 0.03261722764889929, ""fee"": 1.1874354468393325e-05, ""fee_pct_nav"": 9.785168294669786e-06, ""name"": ""小米集团-W""}, {""ts_code"": ""02318.HK"", ""side"": ""buy"", ""current_weight"": 0.08941322779272469, ""target_weight"": 0.11038699090407689, ""post_trade_weight"": 0.1103903832172848, ""diff_weight"": 0.02097376311135219, ""gross_amount"": 0.02545177458582612, ""gross_amount_pct_nav"": 0.02097376311135219, ""fee"": 7.635532375747835e-06, ""fee_pct_nav"": 6.292128933405656e-06, ""name"": ""中国平安""}]"
2021-03-22,0.02538136,0.05076272,0.03096571,0.03033946,0.00001839,0.00000929,0.00000910,0.00000000,rebalance,"[{""ts_code"": ""00386.HK"", ""side"": ""sell"", ""current_weight"": 0.02512208076795465, ""target_weight"": 0.0, ""post_trade_weight"": 0.0, ""diff_weight"": -0.02512208076795465, ""gross_amount"": 0.030339455005798988, ""gross_amount_pct_nav"": 0.02512208076795465, ""fee"": 9.101836501739695e-06, ""fee_pct_nav"": 7.5366242303863936e-06, ""name"": ""中国石油化工股份""}, {""ts_code"": ""01088.HK"", ""side"": ""buy"", ""current_weight"": 0.0, ""target_weight"": 0.02564064016635651, ""post_trade_weight"": 0.0256410306489015, ""diff_weight"": 0.02564064016635651, ""gross_amount"": 0.030965709243294955, ""gross_amount_pct_nav"": 0.02564064016635651, ""fee"": 9.289712772988486e-06, ""fee_pct_nav"": 7.692192049906953e-06, ""name"": ""中国神华""}]"
2021-03-29,0.08029298,0.16058595,0.09810363,0.09114295,0.00005677,0.00002943,0.00002734,0.00000000,rebalance,"[{""ts_code"": ""01088.HK"", ""side"": ""sell"", ""current_weight"": 0.028406569638859205, ""target_weight"": 0.0, ""post_trade_weight"": 0.0, ""diff_weight"": -0.028406569638859205, ""gross_amount"": 0.03347644242518374, ""gross_amount_pct_nav"": 0.028406569638859205, ""fee"": 1.004293272755512e-05, ""fee_pct_nav"": 8.52197089165776e-06, ""name"": ""中国神华""}, {""ts_code"": ""01288.HK"", ""side"": ""buy"", ""current_weight"": 0.0, ""target_weight"": 0.06726651967195156, ""post_trade_weight"": 0.06726976044550298, ""diff_weight"": 0.06726651967195156, ""gross_amount"": 0.07927193608974634, ""gross_amount_pct_nav"": 0.06726651967195156, ""fee"": 2.37815808269239e-05, ""fee_pct_nav"": 2.0179955901585464e-05, ""name"": ""农业银行""}, {""ts_code"": ""01398.HK"", ""side"": ""buy"", ""current_weight"": 0.11723087571267497, ""target_weight"": 0.13321058818137207, ""post_trade_weight"": 0.1332170060152819, ""diff_weight"": 0.01597971246869711, ""gross_amount"": 0.018831697428806915, ""gross_amount_pct_nav"": 0.01597971246869711, ""fee"": 5.649509228642074e-06, ""fee_pct_nav"": 4.793913740609132e-06, ""name"": ""工商银行""}, {""ts_code"": ""02318.HK"", ""side"": ""sell"", ""current_weight"": 0.10862129330520509, ""target_weight"": 0.0933633945383048, ""post_trade_weight"": 0.09336789260987394, ""diff_weight"": -0.015257898766900277, ""gross_amount"": 0.01798105776561945, ""gross_amount_pct_nav"": 0.015257898766900277, ""fee"": 5.394317329685835e-06, ""fee_pct_nav"": 4.577369630070082e-06, ""name"": ""中国平安""}, {""ts_code"": ""03690.HK"", ""side"": ""sell"", ""current_weight"": 0.12666110762520172, ""target_weight"": 0.09298585642743575, ""post_trade_weight"": 0.09299033630993354, ""diff_weight"": -0.03367525119776597, ""gross_amount"": 0.0396854538301403, ""gross_amount_pct_nav"": 0.03367525119776597, ""fee"": 1.1905636149042088e-05, ""fee_pct_nav"": 1.010257535932979e-05, ""name"": ""美团-W""}]"
2021-04-07,0.11777812,0.23555624,0.13340887,0.14659012,0.00008400,0.00004002,0.00004398,0.00000000,rebalance,"[{""ts_code"": ""00939.HK"", ""side"": ""sell"", ""current_weight"": 0.11490466501269213, ""target_weight"": 0.09791533478401121, ""post_trade_weight"": 0.09792225464347586, ""diff_weight"": -0.016989330228680922, ""gross_amount"": 0.020194732620062397, ""gross_amount_pct_nav"": 0.016989330228680922, ""fee"": 6.0584197860187184e-06, ""fee_pct_nav"": 5.0967990686042755e-06, ""name"": ""建设银行""}, {""ts_code"": ""01288.HK"", ""side"": ""sell"", ""current_weight"": 0.06438988497155469, ""target_weight"": 0.0, ""post_trade_weight"": 0.0, ""diff_weight"": -0.06438988497155469, ""gross_amount"": 0.07653842105216889, ""gross_amount_pct_nav"": 0.06438988497155469, ""fee"": 2.2961526315650665e-05, ""fee_pct_nav"": 1.9316965491466404e-05, ""name"": ""农业银行""}, {""ts_code"": ""01398.HK"", ""side"": ""sell"", ""current_weight"": 0.12952205194611968, ""target_weight"": 0.11718864611885002, ""post_trade_weight"": 0.11719692805919964, ""diff_weight"": -0.012333405827269661, ""gross_amount"": 0.014660367985311007, ""gross_amount_pct_nav"": 0.012333405827269661, ""fee"": 4.398110395593302e-06, ""fee_pct_nav"": 3.700021748180898e-06, ""name"": ""工商银行""}, {""ts_code"": ""01658.HK"", ""side"": ""sell"", ""current_weight"": 0.029610027386970345, ""target_weight"": 0.0, ""post_trade_weight"": 0.0, ""diff_weight"": -0.029610027386970345, ""gross_amount"": 0.03519659562229947, ""gross_amount_pct_nav"": 0.029610027386970345, ""fee"": 1.055897868668984e-05, ""fee_pct_nav"": 8.883008216091103e-06, ""name"": ""邮储银行""}, {""ts_code"": ""01810.HK"", ""side"": ""buy"", ""current_weight"": 0.0, ""target_weight"": 0.05213695892572745, ""post_trade_weight"": 0.05214064354192649, ""diff_weight"": 0.05213695892572745, ""gross_amount"": 0.06197371708925748, ""gross_amount_pct_nav"": 0.05213695892572745, ""fee"": 1.8592115126777243e-05, ""fee_pct_nav"": 1.5641087677718233e-05, ""name"": ""小米集团-W""}, {""ts_code"": ""02020.HK"", ""side"": ""buy"", ""current_weight"": 0.0, ""target_weight"": 0.032049454674940525, ""post_trade_weight"": 0.03205171966972156, ""diff_weight"": 0.032049454674940525, ""gross_amount"": 0.038096273311975334, ""gross_amount_pct_nav"": 0.032049454674940525, ""fee"": 1.14288819935926e-05, ""fee_pct_nav"": 9.614836402482157e-06, ""name"": ""安踏体育""}, {""ts_code"": ""03690.HK"", ""side"": ""buy"", ""current_weight"": 0.10455015084884282, ""target_weight"": 0.13259732984790581, ""post_trade_weight"": 0.13260670074869432, ""diff_weight"": 0.028047178999062995, ""gross_amount"": 0.033338882287243826, ""gross_amount_pct_nav"": 0.028047178999062995, ""fee"": 1.0001664686173147e-05, ""fee_pct_nav"": 8.414153699718898e-06, ""name"": ""美团-W""}]"
2021-04-12,0.00550202,0.01100403,0.01282360,0.00000000,0.00000385,0.00000385,0.00000000,0.00000000,rebalance,"[{""ts_code"": ""01299.HK"", ""side"": ""buy"", ""current_weight"": 0.06291462846259059, ""target_weight"": 0.07391866179949173, ""post_trade_weight"": 0.07391890582132289, ""diff_weight"": 0.011004033336901146, ""gross_amount"": 0.012823599719466436, ""gross_amount_pct_nav"": 0.011004033336901146, ""fee"": 3.847079915839931e-06, ""fee_pct_nav"": 3.3012100010703436e-06, ""name"": ""友邦保险""}]"
2021-04-19,0.07253472,0.14506945,0.07805994,0.09406712,0.00005164,0.00002342,0.00002822,0.00000000,rebalance,"[{""ts_code"": ""01211.HK"", ""side"": ""sell"", ""current_weight"": 0.04709847328467783, ""target_weight"": 0.033268686357077054, ""post_trade_weight"": 0.033270134301101324, ""diff_weight"": -0.013829786927600781, ""gross_amount"": 0.016409247351172315, ""gross_amount_pct_nav"": 0.013829786927600781, ""fee"": 4.922774205351694e-06, ""fee_pct_nav"": 4.148936078280234e-06, ""name"": ""比亚迪股份""}, {""ts_code"": ""02020.HK"", ""side"": ""sell"", ""current_weight"": 0.03434079341273714, ""target_weight"": 0.0, ""post_trade_weight"": 0.0, ""diff_weight"": -0.03434079341273714, ""gross_amount"": 0.0407458608216512, ""gross_amount_pct_nav"": 0.03434079341273714, ""fee"": 1.222375824649536e-05, ""fee_pct_nav"": 1.0302238023821141e-05, ""name"": ""安踏体育""}, {""ts_code"": ""03690.HK"", ""side"": ""sell"", ""current_weight"": 0.1208077022723669, ""target_weight"": 0.0896980977306577, ""post_trade_weight"": 0.08970200163666722, ""diff_weight"": -0.031109604541709187, ""gross_amount"": 0.03691200729226417, ""gross_amount_pct_nav"": 0.031109604541709187, ""fee"": 1.1073602187679249e-05, ""fee_pct_nav"": 9.332881362512754e-06, ""name"": ""美团-W""}, {""ts_code"": ""03988.HK"", ""side"": ""buy"", ""current_weight"": 0.0, ""target_weight"": 0.06578926501053868, ""post_trade_weight"": 0.06579212833889829, ""diff_weight"": 0.06578926501053868, ""gross_amount"": 0.07805993890298049, ""gross_amount_pct_nav"": 0.06578926501053868, ""fee"": 2.3417981670894146e-05, ""fee_pct_nav"": 1.9736779503161602e-05, ""name"": ""中国银行""}]"
2021-04-26,0.00745996,0.01491992,0.01777128,0.00000000,0.00000533,0.00000533,0.00000000,0.00000000,rebalance,"[{""ts_code"": ""03968.HK"", ""side"": ""buy"", ""current_weight"": 0.11125197086761086, ""target_weight"": 0.12617188723991687, ""post_trade_weight"": 0.1261724519846465, ""diff_weight"": 0.014919916372306002, ""gross_amount"": 0.017771279004686252, ""gross_amount_pct_nav"": 0.014919916372306002, ""fee"": 5.331383701405875e-06, ""fee_pct_nav"": 4.4759749116918e-06, ""name"": ""招商银行""}]"
2021-05-03,0.29388657,0.58777315,0.31609555,0.35863806,0.00020242,0.00009483,0.00010759,0.00000000,rebalance,"[{""ts_code"": ""00005.HK"", ""side"": ""buy"", ""current_weight"": 0.0, ""target_weight"": 0.09748260569278866, ""post_trade_weight"": 0.097499798021719, ""diff_weight"": 0.09748260569278866, ""gross_amount"": 0.11190506200666953, ""gross_amount_pct_nav"": 0.09748260569278866, ""fee"": 3.3571518602000855e-05, ""fee_pct_nav"": 2.9244781707836594e-05, ""name"": ""汇丰控股""}, {""ts_code"": ""00388.HK"", ""side"": ""buy"", ""current_weight"": 0.05017069497590457, ""target_weight"": 0.06110330864255001, ""post_trade_weight"": 0.061114085007968735, ""diff_weight"": 0.010932613666645441, ""gross_amount"": 0.012550083182187893, ""gross_amount_pct_nav"": 0.010932613666645441, ""fee"": 3.7650249546563676e-06, ""fee_pct_nav"": 3.279784099993632e-06, ""name"": ""香港交易所""}, {""ts_code"": ""00700.HK"", ""side"": ""sell"", ""current_weight"": 0.18921397785869784, ""target_weight"": 0.0, ""post_trade_weight"": 0.0, ""diff_weight"": -0.18921397785869784, ""gross_amount"": 0.21720800110262684, ""gross_amount_pct_nav"": 0.18921397785869784, ""fee"": 6.516240033078805e-05, ""fee_pct_nav"": 5.676419335760935e-05, ""name"": ""腾讯控股""}, {""ts_code"": ""00939.HK"", ""side"": ""buy"", ""current_weight"": 0.09501214082534348, ""target_weight"": 0.11160826578764955, ""post_trade_weight"": 0.11162794936097148, ""diff_weight"": 0.01659612496230608, ""gross_amount"": 0.019051505443239136, ""gross_amount_pct_nav"": 0.01659612496230608, ""fee"": 5.71545163297174e-06, ""fee_pct_nav"": 4.978837488691823e-06, ""name"": ""建设银行""}, {""ts_code"": ""01088.HK"", ""side"": ""buy"", ""current_weight"": 0.0, ""target_weight"": 0.027276716301625696, ""post_trade_weight"": 0.02728152690630193, ""diff_weight"": 0.027276716301625696, ""gross_amount"": 0.031312279840890224, ""gross_amount_pct_nav"": 0.027276716301625696, ""fee"": 9.393683952267067e-06, ""fee_pct_nav"": 8.183014890487709e-06, ""name"": ""中国神华""}, {""ts_code"": ""01211.HK"", ""side"": ""sell"", ""current_weight"": 0.02920852896248858, ""target_weight"": 0.0, ""post_trade_weight"": 0.0, ""diff_weight"": -0.02920852896248858, ""gross_amount"": 0.03352990229838186, ""gross_amount_pct_nav"": 0.02920852896248858, ""fee"": 1.0058970689514558e-05, ""fee_pct_nav"": 8.762558688746574e-06, ""name"": ""比亚迪股份""}, {""ts_code"": ""01299.HK"", ""side"": ""buy"", ""current_weight"": 0.07515695844292637, ""target_weight"": 0.0936287769090353, ""post_trade_weight"": 0.09364528956499608, ""diff_weight"": 0.018471818466108923, ""gross_amount"": 0.02120470596918786, ""gross_amount_pct_nav"": 0.018471818466108923, ""fee"": 6.361411790756358e-06, ""fee_pct_nav"": 5.541545539832676e-06, ""name"": ""友邦保险""}, {""ts_code"": ""01398.HK"", ""side"": ""buy"", ""current_weight"": 0.11061251927775739, ""target_weight"": 0.15311595316245352, ""post_trade_weight"": 0.1531429571578078, ""diff_weight"": 0.042503433884696115, ""gross_amount"": 0.04879177542045485, ""gross_amount_pct_nav"": 0.042503433884696115, ""fee"": 1.4637532626136452e-05, ""fee_pct_nav"": 1.2751030165408834e-05, ""name"": ""工商银行""}, {""ts_code"": ""02020.HK"", ""side"": ""buy"", ""current_weight"": 0.0, ""target_weight"": 0.036304714759056146, ""post_trade_weight"": 0.03631111756900798, ""diff_weight"": 0.036304714759056146, ""gross_amount"": 0.04167596185364553, ""gross_amount_pct_nav"": 0.036304714759056146, ""fee"": 1.2502788556093658e-05, ""fee_pct_nav"": 1.0891414427716844e-05, ""name"": ""安踏体育""}, {""ts_code"": ""02318.HK"", ""side"": ""buy"", ""current_weight"": 0.08803914506426733, ""target_weight"": 0.11382789848480325, ""post_trade_weight"": 0.11384797351930087, ""diff_weight"": 0.025788753420535934, ""gross_amount"": 0.02960417430463977, ""gross_amount_pct_nav"": 0.025788753420535934, ""fee"": 8.88125229139193e-06, ""fee_pct_nav"": 7.73662602616078e-06, ""name"": ""中国平安""}, {""ts_code"": ""03690.HK"", ""side"": ""sell"", ""current_weight"": 0.09399385888169141, ""target_weight"": 0.0, ""post_trade_weight"": 0.0, ""diff_weight"": -0.09399385888169141, ""gross_amount"": 0.107900158511868, ""gross_amount_pct_nav"": 0.09399385888169141, ""fee"": 3.23700475535604e-05, ""fee_pct_nav"": 2.819815766450742e-05, ""name"": ""美团-W""}]"
2021-05-10,0.37525552,0.75051103,0.44414057,0.43882557,0.00026489,0.00013324,0.00013165,0.00000000,rebalance,"[{""ts_code"": ""00005.HK"", ""side"": ""buy"", ""current_weight"": 0.09885584539571303, ""target_weight"": 0.1456539107395431, ""post_trade_weight"": 0.14568671258515292, ""diff_weight"": 0.04679806534383005, ""gross_amount"": 0.05505729430212736, ""gross_amount_pct_nav"": 0.04679806534383005, ""fee"": 1.6517188290638206e-05, ""fee_pct_nav"": 1.4039419603149012e-05, ""name"": ""汇丰控股""}, {""ts_code"": ""00388.HK"", ""side"": ""buy"", ""current_weight"": 0.0584673637997888, ""target_weight"": 0.07732400541448504, ""post_trade_weight"": 0.0773414190910191, ""diff_weight"": 0.018856641614696242, ""gross_amount"": 0.022184585181082725, ""gross_amount_pct_nav"": 0.018856641614696242, ""fee"": 6.655375554324817e-06, ""fee_pct_nav"": 5.656992484408872e-06, ""name"": ""香港交易所""}, {""ts_code"": ""00669.HK"", ""side"": ""buy"", ""current_weight"": 0.0, ""target_weight"": 0.0396532452294549, ""post_trade_weight"": 0.03966217529951853, ""diff_weight"": 0.0396532452294549, ""gross_amount"": 0.04665150955690872, ""gross_amount_pct_nav"": 0.0396532452294549, ""fee"": 1.3995452867072616e-05, ""fee_pct_nav"": 1.189597356883647e-05, ""name"": ""创科实业""}, {""ts_code"": ""00939.HK"", ""side"": ""sell"", ""current_weight"": 0.11279905605971574, ""target_weight"": 0.0, ""post_trade_weight"": 0.0, ""diff_weight"": -0.11279905605971574, ""gross_amount"": 0.1327065719673116, ""gross_amount_pct_nav"": 0.11279905605971574, ""fee"": 3.9811971590193474e-05, ""fee_pct_nav"": 3.3839716817914724e-05, ""name"": ""建设银行""}, {""ts_code"": ""01088.HK"", ""side"": ""buy"", ""current_weight"": 0.029825062357765407, ""target_weight"": 0.049699071234100854, ""post_trade_weight"": 0.049710263664522365, ""diff_weight"": 0.019874008876335447, ""gross_amount"": 0.02338150407774827, ""gross_amount_pct_nav"": 0.019874008876335447, ""fee"": 7.014451223324481e-06, ""fee_pct_nav"": 5.962202662900634e-06, ""name"": ""中国神华""}, {""ts_code"": ""01299.HK"", ""side"": ""buy"", ""current_weight"": 0.09662300047958405, ""target_weight"": 0.13997171528104743, ""post_trade_weight"": 0.14000323747342167, ""diff_weight"": 0.043348714801463385, ""gross_amount"": 0.05099917979318383, ""gross_amount_pct_nav"": 0.043348714801463385, ""fee"": 1.5299753937955148e-05, ""fee_pct_nav"": 1.3004614440439014e-05, ""name"": ""友邦保险""}, {""ts_code"": ""01398.HK"", ""side"": ""sell"", ""current_weight"": 0.15060998744488346, ""target_weight"": 0.0, ""post_trade_weight"": 0.0, ""diff_weight"": -0.15060998744488346, ""gross_amount"": 0.17719062407108488, ""gross_amount_pct_nav"": 0.15060998744488346, ""fee"": 5.315718722132546e-05, ""fee_pct_nav"": 4.5182996233465035e-05, ""name"": ""工商银行""}, {""ts_code"": ""02020.HK"", ""side"": ""buy"", ""current_weight"": 0.035729537018419084, ""target_weight"": 0.051029171516145055, ""post_trade_weight"": 0.051040663490491446, ""diff_weight"": 0.015299634497725971, ""gross_amount"": 0.017999814160423136, ""gross_amount_pct_nav"": 0.015299634497725971, ""fee"": 5.39994424812694e-06, ""fee_pct_nav"": 4.58989034931779e-06, ""name"": ""安踏体育""}, {""ts_code"": ""02269.HK"", ""side"": ""buy"", ""current_weight"": 0.04377131173800853, ""target_weight"": 0.06032776986231122, ""post_trade_weight"": 0.060341355918346114, ""diff_weight"": 0.016556458124302696, ""gross_amount"": 0.019478450249028556, ""gross_amount_pct_nav"": 0.016556458124302696, ""fee"": 5.843535074708566e-06, ""fee_pct_nav"": 4.966937437290808e-06, ""name"": ""药明生物""}, {""ts_code"": ""02318.HK"", ""side"": ""sell"", ""current_weight"": 0.10958763012737574, ""target_weight"": 0.0, ""post_trade_weight"": 0.0, ""diff_weight"": -0.10958763012737574, ""gross_amount"": 0.12892837256126202, ""gross_amount_pct_nav"": 0.10958763012737574, ""fee"": 3.86785117683786e-05, ""fee_pct_nav"": 3.287628903821272e-05, ""name"": ""中国平安""}, {""ts_code"": ""02388.HK"", ""side"": ""buy"", ""current_weight"": 0.0, ""target_weight"": 0.04670238136345584, ""post_trade_weight"": 0.046712898927284495, ""diff_weight"": 0.04670238136345584, ""gross_amount"": 0.05494472338645475, ""gross_amount_pct_nav"": 0.04670238136345584, ""fee"": 1.6483417015936425e-05, ""fee_pct_nav"": 1.4010714409036753e-05, ""name"": ""中银香港""}, {""ts_code"": ""02899.HK"", ""side"": ""buy"", ""current_weight"": 0.0, ""target_weight"": 0.035579901706716245, ""post_trade_weight"": 0.03558791444346098, ""diff_weight"": 0.035579901706716245, ""gross_amount"": 0.041859275701141986, ""gross_amount_pct_nav"": 0.035579901706716245, ""fee"": 1.2557782710342595e-05, ""fee_pct_nav"": 1.0673970512014873e-05, ""name"": ""紫金矿业""}, {""ts_code"": ""03968.HK"", ""side"": ""buy"", ""current_weight"": 0.13552340991049497, ""target_weight"": 0.17995947240413943, ""post_trade_weight"": 0.17999999999999905, ""diff_weight"": 0.04443606249364446, ""gross_amount"": 0.05227842972493438, ""gross_amount_pct_nav"": 0.04443606249364446, ""fee"": 1.568352891748031e-05, ""fee_pct_nav"": 1.3330818748093335e-05, ""name"": ""招商银行""}, {""ts_code"": ""03988.HK"", ""side"": ""buy"", ""current_weight"": 0.06693721659973507, ""target_weight"": 0.1173464633534506, ""post_trade_weight"": 0.11737289024823315, ""diff_weight"": 0.05040924675371553, ""gross_amount"": 0.05930580064959434, ""gross_amount_pct_nav"": 0.05040924675371553, ""fee"": 1.77917401948783e-05, ""fee_pct_nav"": 1.5122774026114658e-05, ""name"": ""中国银行""}]"
2021-05-17,0.09632417,0.19264834,0.12999841,0.09613565,0.00006784,0.00003900,0.00002884,0.00000000,rebalance,"[{""ts_code"": ""00669.HK"", ""side"": ""sell"", ""current_weight"": 0.035612566947382525, ""target_weight"": 0.0, ""post_trade_weight"": 0.0, ""diff_weight"": -0.035612566947382525, ""gross_amount"": 0.0418026651794081, ""gross_amount_pct_nav"": 0.035612566947382525, ""fee"": 1.2540799553822429e-05, ""fee_pct_nav"": 1.0683770084214755e-05, ""name"": ""创科实业""}, {""ts_code"": ""00857.HK"", ""side"": ""buy"", ""current_weight"": 0.0, ""target_weight"": 0.07473525237035018, ""post_trade_weight"": 0.07473957190679975, ""diff_weight"": 0.07473525237035018, ""gross_amount"": 0.08772556992457782, ""gross_amount_pct_nav"": 0.07473525237035018, ""fee"": 2.6317670977373342e-05, ""fee_pct_nav"": 2.2420575711105052e-05, ""name"": ""中国石油股份""}, {""ts_code"": ""01299.HK"", ""side"": ""sell"", ""current_weight"": 0.1416678098814992, ""target_weight"": 0.12841992744190642, ""post_trade_weight"": 0.12842734983682505, ""diff_weight"": -0.013247882439592778, ""gross_amount"": 0.015550600291652394, ""gross_amount_pct_nav"": 0.013247882439592778, ""fee"": 4.665180087495718e-06, ""fee_pct_nav"": 3.974364731877833e-06, ""name"": ""友邦保险""}, {""ts_code"": ""02359.HK"", ""side"": ""buy"", ""current_weight"": 0.0, ""target_weight"": 0.036013118620529805, ""post_trade_weight"": 0.03601520010113782, ""diff_weight"": 0.036013118620529805, ""gross_amount"": 0.042272839865337565, ""gross_amount_pct_nav"": 0.036013118620529805, ""fee"": 1.2681851959601268e-05, ""fee_pct_nav"": 1.080393558615894e-05, ""name"": ""药明康德""}, {""ts_code"": ""02899.HK"", ""side"": ""sell"", ""current_weight"": 0.03303952459577075, ""target_weight"": 0.0, ""post_trade_weight"": 0.0, ""diff_weight"": -0.03303952459577075, ""gross_amount"": 0.03878238225299666, ""gross_amount_pct_nav"": 0.03303952459577075, ""fee"": 1.1634714675898997e-05, ""fee_pct_nav"": 9.911857378731224e-06, ""name"": ""紫金矿业""}]"
2021-05-24,0.08295258,0.16590516,0.09537629,0.09974130,0.00005854,0.00002861,0.00002992,0.00000000,rebalance,"[{""ts_code"": ""01088.HK"", ""side"": ""sell"", ""current_weight"": 0.04638782434124455, ""target_weight"": 0.0, ""post_trade_weight"": 0.0, ""diff_weight"": -0.04638782434124455, ""gross_amount"": 0.05455575242707474, ""gross_amount_pct_nav"": 0.04638782434124455, ""fee"": 1.6366725728122422e-05, ""fee_pct_nav"": 1.3916347302373364e-05, ""name"": ""中国神华""}, {""ts_code"": ""01299.HK"", ""side"": ""sell"", ""current_weight"": 0.1264170270160519, ""target_weight"": 0.1121824193816581, ""post_trade_weight"": 0.11218800315213083, ""diff_weight"": -0.014234607634393812, ""gross_amount"": 0.016741025064804793, ""gross_amount_pct_nav"": 0.014234607634393812, ""fee"": 5.022307519441437e-06, ""fee_pct_nav"": 4.270382290318143e-06, ""name"": ""友邦保险""}, {""ts_code"": ""01810.HK"", ""side"": ""buy"", ""current_weight"": 0.0533964598029531, ""target_weight"": 0.08291348100452023, ""post_trade_weight"": 0.08291760794214179, ""diff_weight"": 0.029517021201567125, ""gross_amount"": 0.03471435282696875, ""gross_amount_pct_nav"": 0.029517021201567125, ""fee"": 1.0414305848090624e-05, ""fee_pct_nav"": 8.855106360470137e-06, ""name"": ""小米集团-W""}, {""ts_code"": ""02313.HK"", ""side"": ""buy"", ""current_weight"": 0.0, ""target_weight"": 0.03777082630648816, ""post_trade_weight"": 0.03777270631251606, ""diff_weight"": 0.03777082630648816, ""gross_amount"": 0.04442148081324578, ""gross_amount_pct_nav"": 0.03777082630648816, ""fee"": 1.3326444243973734e-05, ""fee_pct_nav"": 1.1331247891946449e-05, ""name"": ""申洲国际""}, {""ts_code"": ""02359.HK"", ""side"": ""buy"", ""current_weight"": 0.037148010902445204, ""target_weight"": 0.05095699671338897, ""post_trade_weight"": 0.05095953304818363, ""diff_weight"": 0.013808985810943763, ""gross_amount"": 0.016240460117915155, ""gross_amount_pct_nav"": 0.013808985810943763, ""fee"": 4.8721380353745465e-06, ""fee_pct_nav"": 4.142695743283129e-06, ""name"": ""药明康德""}, {""ts_code"": ""03988.HK"", ""side"": ""sell"", ""current_weight"": 0.11687225800190547, ""target_weight"": 0.09268636659955537, ""post_trade_weight"": 0.0926909799730224, ""diff_weight"": -0.024185891402350102, ""gross_amount"": 0.028444522292491878, ""gross_amount_pct_nav"": 0.024185891402350102, ""fee"": 8.533356687747563e-06, ""fee_pct_nav"": 7.2557674207050304e-06, ""name"": ""中国银行""}]"
2021-05-31,0.07239751,0.14479502,0.09443698,0.08674417,0.00005435,0.00002833,0.00002602,0.00000000,rebalance,"[{""ts_code"": ""00016.HK"", ""side"": ""buy"", ""current_weight"": 0.0, ""target_weight"": 0.03292335302202439, ""post_trade_weight"": 0.03292478322545665, ""diff_weight"": 0.03292335302202439, ""gross_amount"": 0.041196796641539905, ""gross_amount_pct_nav"": 0.03292335302202439, ""fee"": 1.235903899246197e-05, ""fee_pct_nav"": 9.877005906607316e-06, ""name"": ""新鸿基地产""}, {""ts_code"": ""01299.HK"", ""side"": ""buy"", ""current_weight"": 0.10513072266843541, ""target_weight"": 0.1330238000315875, ""post_trade_weight"": 0.1330295786378932, ""diff_weight"": 0.027893077363152087, ""gross_amount"": 0.034902442502372455, ""gross_amount_pct_nav"": 0.027893077363152087, ""fee"": 1.0470732750711736e-05, ""fee_pct_nav"": 8.367923208945624e-06, ""name"": ""友邦保险""}, {""ts_code"": ""01810.HK"", ""side"": ""sell"", ""current_weight"": 0.08553245997653323, ""target_weight"": 0.06876055059838142, ""post_trade_weight"": 0.0687635375838019, ""diff_weight"": -0.016771909378151813, ""gross_amount"": 0.020986590870007663, ""gross_amount_pct_nav"": 0.016771909378151813, ""fee"": 6.295977261002298e-06, ""fee_pct_nav"": 5.031572813445543e-06, ""name"": ""小米集团-W""}, {""ts_code"": ""02313.HK"", ""side"": ""sell"", ""current_weight"": 0.03650256314121021, ""target_weight"": 0.0, ""post_trade_weight"": 0.0, ""diff_weight"": -0.03650256314121021, ""gross_amount"": 0.045675441065113676, ""gross_amount_pct_nav"": 0.03650256314121021, ""fee"": 1.3702632319534102e-05, ""fee_pct_nav"": 1.0950768942363062e-05, ""name"": ""申洲国际""}, {""ts_code"": ""02359.HK"", ""side"": ""sell"", ""current_weight"": 0.061116967018730366, ""target_weight"": 0.04506786773650121, ""post_trade_weight"": 0.04506982550243952, ""diff_weight"": -0.016049099282229154, ""gross_amount"": 0.020082142877962082, ""gross_amount_pct_nav"": 0.016049099282229154, ""fee"": 6.024642863388624e-06, ""fee_pct_nav"": 4.8147297846687455e-06, ""name"": ""药明康德""}, {""ts_code"": ""03988.HK"", ""side"": ""buy"", ""current_weight"": 0.09507083025377838, ""target_weight"": 0.10972585197207052, ""post_trade_weight"": 0.10973061850632945, ""diff_weight"": 0.014655021718292142, ""gross_amount"": 0.018337741878901415, ""gross_amount_pct_nav"": 0.014655021718292142, ""fee"": 5.501322563670424e-06, ""fee_pct_nav"": 4.396506515487642e-06, ""name"": ""中国银行""}]"
2021-06-07,0.07533391,0.15066782,0.07381562,0.11216866,0.00005580,0.00002214,0.00003365,0.00000000,rebalance,"[{""ts_code"": ""00005.HK"", ""side"": ""sell"", ""current_weight"": 0.13754272742935017, ""target_weight"": 0.11736218336180765, ""post_trade_weight"": 0.11736748841286014, ""diff_weight"": -0.020180544067542525, ""gross_amount"": 0.02491085346750538, ""gross_amount_pct_nav"": 0.020180544067542525, ""fee"": 7.473256040251613e-06, ""fee_pct_nav"": 6.054163220262758e-06, ""name"": ""汇丰控股""}, {""ts_code"": ""00016.HK"", ""side"": ""sell"", ""current_weight"": 0.0333180273755244, ""target_weight"": 0.0, ""post_trade_weight"": 0.0, ""diff_weight"": -0.0333180273755244, ""gross_amount"": 0.04112775626861935, ""gross_amount_pct_nav"": 0.0333180273755244, ""fee"": 1.2338326880585804e-05, ""fee_pct_nav"": 9.99540821265732e-06, ""name"": ""新鸿基地产""}, {""ts_code"": ""00857.HK"", ""side"": ""buy"", ""current_weight"": 0.07586520524113266, ""target_weight"": 0.09684731818474504, ""post_trade_weight"": 0.09685169591488392, ""diff_weight"": 0.02098211294361238, ""gross_amount"": 0.02590030968578466, ""gross_amount_pct_nav"": 0.02098211294361238, ""fee"": 7.770092905735399e-06, ""fee_pct_nav"": 6.294633883083714e-06, ""name"": ""中国石油股份""}, {""ts_code"": ""01299.HK"", ""side"": ""sell"", ""current_weight"": 0.13232424123826717, ""target_weight"": 0.10528184072040715, ""post_trade_weight"": 0.10528659971111373, ""diff_weight"": -0.027042400517860023, ""gross_amount"": 0.033381125625521146, ""gross_amount_pct_nav"": 0.027042400517860023, ""fee"": 1.0014337687656344e-05, ""fee_pct_nav"": 8.112720155358007e-06, ""name"": ""友邦保险""}, {""ts_code"": ""02333.HK"", ""side"": ""buy"", ""current_weight"": 0.0, ""target_weight"": 0.03881669405657078, ""post_trade_weight"": 0.038818448663870686, ""diff_weight"": 0.03881669405657078, ""gross_amount"": 0.04791530765968949, ""gross_amount_pct_nav"": 0.03881669405657078, ""fee"": 1.4374592297906845e-05, ""fee_pct_nav"": 1.1645008216971235e-05, ""name"": ""长城汽车""}, {""ts_code"": ""03988.HK"", ""side"": ""sell"", ""current_weight"": 0.10831335164221209, ""target_weight"": 0.09798531153825028, ""post_trade_weight"": 0.09798974070840728, ""diff_weight"": -0.0103280401039618, ""gross_amount"": 0.01274892752025003, ""gross_amount_pct_nav"": 0.0103280401039618, ""fee"": 3.824678256075009e-06, ""fee_pct_nav"": 3.0984120311885398e-06, ""name"": ""中国银行""}]"
2021-06-15,0.11894465,0.23788929,0.14967695,0.14149090,0.00008735,0.00004490,0.00004245,0.00000000,rebalance,"[{""ts_code"": ""00386.HK"", ""side"": ""buy"", ""current_weight"": 0.0, ""target_weight"": 0.0496051270269348, ""post_trade_weight"": 0.04960866743818351, ""diff_weight"": 0.0496051270269348, ""gross_amount"": 0.06071487390306028, ""gross_amount_pct_nav"": 0.0496051270269348, ""fee"": 1.821446217091808e-05, ""fee_pct_nav"": 1.4881538108080439e-05, ""name"": ""中国石油化工股份""}, {""ts_code"": ""00857.HK"", ""side"": ""buy"", ""current_weight"": 0.10307789581091055, ""target_weight"": 0.11336153389720185, ""post_trade_weight"": 0.11336962472316754, ""diff_weight"": 0.01028363808629131, ""gross_amount"": 0.012586799532533444, ""gross_amount_pct_nav"": 0.01028363808629131, ""fee"": 3.7760398597600327e-06, ""fee_pct_nav"": 3.085091425887393e-06, ""name"": ""中国石油股份""}, {""ts_code"": ""01211.HK"", ""side"": ""buy"", ""current_weight"": 0.0, ""target_weight"": 0.06239995650302277, ""post_trade_weight"": 0.06240441010532485, ""diff_weight"": 0.06239995650302277, ""gross_amount"": 0.07637528049429892, ""gross_amount_pct_nav"": 0.06239995650302277, ""fee"": 2.2912584148289676e-05, ""fee_pct_nav"": 1.871998695090683e-05, ""name"": ""比亚迪股份""}, {""ts_code"": ""01810.HK"", ""side"": ""sell"", ""current_weight"": 0.06765232585972399, ""target_weight"": 0.05692474764889807, ""post_trade_weight"": 0.05692881047524255, ""diff_weight"": -0.010727578210825914, ""gross_amount"": 0.01313016612177717, ""gross_amount_pct_nav"": 0.010727578210825914, ""fee"": 3.939049836533151e-06, ""fee_pct_nav"": 3.2182734632477742e-06, ""name"": ""小米集团-W""}, {""ts_code"": ""02359.HK"", ""side"": ""sell"", ""current_weight"": 0.04651610261633027, ""target_weight"": 0.0, ""post_trade_weight"": 0.0, ""diff_weight"": -0.04651610261633027, ""gross_amount"": 0.056934020212846104, ""gross_amount_pct_nav"": 0.04651610261633027, ""fee"": 1.708020606385383e-05, ""fee_pct_nav"": 1.3954830784899079e-05, ""name"": ""药明康德""}, {""ts_code"": ""02388.HK"", ""side"": ""sell"", ""current_weight"": 0.04374743339461098, ""target_weight"": 0.0, ""post_trade_weight"": 0.0, ""diff_weight"": -0.04374743339461098, ""gross_amount"": 0.05354526963904563, ""gross_amount_pct_nav"": 0.04374743339461098, ""fee"": 1.6063580891713686e-05, ""fee_pct_nav"": 1.312423001838329e-05, ""name"": ""中银香港""}, {""ts_code"": ""03988.HK"", ""side"": ""sell"", ""current_weight"": 0.09704818882942116, ""target_weight"": 0.08243873155721926, ""post_trade_weight"": 0.08244461536460022, ""diff_weight"": -0.014609457272201903, ""gross_amount"": 0.017881445109338243, ""gross_amount_pct_nav"": 0.014609457272201903, ""fee"": 5.364433532801473e-06, ""fee_pct_nav"": 4.382837181660571e-06, ""name"": ""中国银行""}]"
2021-06-21,0.09351135,0.18702270,0.10891962,0.12134814,0.00006908,0.00003268,0.00003640,0.00000000,rebalance,"[{""ts_code"": ""00005.HK"", ""side"": ""sell"", ""current_weight"": 0.11004265924855541, ""target_weight"": 0.09970886740268634, ""post_trade_weight"": 0.09971446206301315, ""diff_weight"": -0.010333791845869078, ""gross_amount"": 0.012723263452675868, ""gross_amount_pct_nav"": 0.010333791845869078, ""fee"": 3.81697903580276e-06, ""fee_pct_nav"": 3.1001375537607228e-06, ""name"": ""汇丰控股""}, {""ts_code"": ""00016.HK"", ""side"": ""buy"", ""current_weight"": 0.0, ""target_weight"": 0.038879678384364756, ""post_trade_weight"": 0.03888185992147216, ""diff_weight"": 0.038879678384364756, ""gross_amount"": 0.04786978472353557, ""gross_amount_pct_nav"": 0.038879678384364756, ""fee"": 1.436093541706067e-05, ""fee_pct_nav"": 1.1663903515309426e-05, ""name"": ""新鸿基地产""}, {""ts_code"": ""00386.HK"", ""side"": ""sell"", ""current_weight"": 0.04687923822200596, ""target_weight"": 0.0, ""post_trade_weight"": 0.0, ""diff_weight"": -0.04687923822200596, ""gross_amount"": 0.05771907420389613, ""gross_amount_pct_nav"": 0.04687923822200596, ""fee"": 1.7315722261168838e-05, ""fee_pct_nav"": 1.4063771466601787e-05, ""name"": ""中国石油化工股份""}, {""ts_code"": ""01810.HK"", ""side"": ""buy"", ""current_weight"": 0.05618679343038376, ""target_weight"": 0.06678532070496943, ""post_trade_weight"": 0.0667890680264855, ""diff_weight"": 0.010598527274585663, ""gross_amount"": 0.013049213370678589, ""gross_amount_pct_nav"": 0.010598527274585663, ""fee"": 3.914764011203576e-06, ""fee_pct_nav"": 3.1795581823756987e-06, ""name"": ""小米集团-W""}, {""ts_code"": ""02333.HK"", ""side"": ""sell"", ""current_weight"": 0.04134551855370439, ""target_weight"": 0.0, ""post_trade_weight"": 0.0, ""diff_weight"": -0.04134551855370439, ""gross_amount"": 0.050905798470923046, ""gross_amount_pct_nav"": 0.04134551855370439, ""fee"": 1.527173954127691e-05, ""fee_pct_nav"": 1.2403655566111316e-05, ""name"": ""长城汽车""}, {""ts_code"": ""02359.HK"", ""side"": ""buy"", ""current_weight"": 0.0, ""target_weight"": 0.038985944034587564, ""post_trade_weight"": 0.03898813153425611, ""diff_weight"": 0.038985944034587564, ""gross_amount"": 0.04800062206610264, ""gross_amount_pct_nav"": 0.038985944034587564, ""fee"": 1.4400186619830789e-05, ""fee_pct_nav"": 1.1695783210376268e-05, ""name"": ""药明康德""}]"
2021-06-28,0.05467165,0.10934329,0.07010141,0.06977016,0.00004196,0.00002103,0.00002093,0.00000000,rebalance,"[{""ts_code"": ""00005.HK"", ""side"": ""sell"", ""current_weight"": 0.09671710882242689, ""target_weight"": 0.07896850385168641, ""post_trade_weight"": 0.07897109433956088, ""diff_weight"": -0.017748604970740475, ""gross_amount"": 0.022703954240843635, ""gross_amount_pct_nav"": 0.017748604970740475, ""fee"": 6.81118627225309e-06, ""fee_pct_nav"": 5.3245814912221425e-06, ""name"": ""汇丰控股""}, {""ts_code"": ""00016.HK"", ""side"": ""sell"", ""current_weight"": 0.03679356692343241, ""target_weight"": 0.0, ""post_trade_weight"": 0.0, ""diff_weight"": -0.03679356692343241, ""gross_amount"": 0.04706620386019983, ""gross_amount_pct_nav"": 0.03679356692343241, ""fee"": 1.4119861158059948e-05, ""fee_pct_nav"": 1.1038070077029722e-05, ""name"": ""新鸿基地产""}, {""ts_code"": ""02333.HK"", ""side"": ""buy"", ""current_weight"": 0.0, ""target_weight"": 0.042960733027542476, ""post_trade_weight"": 0.04296214231418915, ""diff_weight"": 0.042960733027542476, ""gross_amount"": 0.05495522146210295, ""gross_amount_pct_nav"": 0.042960733027542476, ""fee"": 1.6486566438630885e-05, ""fee_pct_nav"": 1.2888219908262741e-05, ""name"": ""长城汽车""}, {""ts_code"": ""03968.HK"", ""side"": ""buy"", ""current_weight"": 0.16815370643884953, ""target_weight"": 0.179994095462138, ""post_trade_weight"": 0.18000000000001104, ""diff_weight"": 0.011840389023288466, ""gross_amount"": 0.015146184785885919, ""gross_amount_pct_nav"": 0.011840389023288466, ""fee"": 4.5438554357657754e-06, ""fee_pct_nav"": 3.5521167069865398e-06, ""name"": ""招商银行""}]"
2021-07-05,0.13977654,0.27955307,0.16559890,0.18402730,0.00010489,0.00004968,0.00005521,0.00000000,rebalance,"[{""ts_code"": ""00005.HK"", ""side"": ""buy"", ""current_weight"": 0.07943628250158787, ""target_weight"": 0.10391279842105552, ""post_trade_weight"": 0.10392151389459872, ""diff_weight"": 0.024476515919467652, ""gross_amount"": 0.030611830532987397, ""gross_amount_pct_nav"": 0.024476515919467652, ""fee"": 9.183549159896219e-06, ""fee_pct_nav"": 7.3429547758402954e-06, ""name"": ""汇丰控股""}, {""ts_code"": ""01299.HK"", ""side"": ""sell"", ""current_weight"": 0.10327596503955039, ""target_weight"": 0.0, ""post_trade_weight"": 0.0, ""diff_weight"": -0.10327596503955039, ""gross_amount"": 0.12916324979924707, ""gross_amount_pct_nav"": 0.10327596503955039, ""fee"": 3.874897493977412e-05, ""fee_pct_nav"": 3.0982789511865114e-05, ""name"": ""友邦保险""}, {""ts_code"": ""01919.HK"", ""side"": ""buy"", ""current_weight"": 0.0, ""target_weight"": 0.04161506561965054, ""post_trade_weight"": 0.04161855599820754, ""diff_weight"": 0.04161506561965054, ""gross_amount"": 0.05204635090056556, ""gross_amount_pct_nav"": 0.04161506561965054, ""fee"": 1.5613905270169666e-05, ""fee_pct_nav"": 1.248451968589516e-05, ""name"": ""中远海控""}, {""ts_code"": ""02331.HK"", ""side"": ""buy"", ""current_weight"": 0.0, ""target_weight"": 0.03053503030027594, ""post_trade_weight"": 0.030537591363520956, ""diff_weight"": 0.03053503030027594, ""gross_amount"": 0.03818897983467625, ""gross_amount_pct_nav"": 0.03053503030027594, ""fee"": 1.1456693950402874e-05, ""fee_pct_nav"": 9.16050909008278e-06, ""name"": ""李宁""}, {""ts_code"": ""02333.HK"", ""side"": ""sell"", ""current_weight"": 0.04386803088729006, ""target_weight"": 0.0, ""post_trade_weight"": 0.0, ""diff_weight"": -0.04386803088729006, ""gross_amount"": 0.05486404730787301, ""gross_amount_pct_nav"": 0.04386803088729006, ""fee"": 1.6459214192361902e-05, ""fee_pct_nav"": 1.3160409266187017e-05, ""name"": ""长城汽车""}, {""ts_code"": ""03988.HK"", ""side"": ""buy"", ""current_weight"": 0.08067893013641182, ""target_weight"": 0.11646139457422244, ""post_trade_weight"": 0.11647116253561546, ""diff_weight"": 0.035782464437810635, ""gross_amount"": 0.04475174248765103, ""gross_amount_pct_nav"": 0.035782464437810635, ""fee"": 1.3425522746295308e-05, ""fee_pct_nav"": 1.073473933134319e-05, ""name"": ""中国银行""}]"
2021-07-12,0.08071083,0.16142165,0.10632956,0.09597660,0.00006069,0.00003190,0.00002879,0.00000000,rebalance,"[{""ts_code"": ""00388.HK"", ""side"": ""buy"", ""current_weight"": 0.08006730368755885, ""target_weight"": 0.10349215875637062, ""post_trade_weight"": 0.10349717076161219, ""diff_weight"": 0.02342485506881178, ""gross_amount"": 0.02935784821668186, ""gross_amount_pct_nav"": 0.02342485506881178, ""fee"": 8.807354465004556e-06, ""fee_pct_nav"": 7.027456520643533e-06, ""name"": ""香港交易所""}, {""ts_code"": ""01810.HK"", ""side"": ""sell"", ""current_weight"": 0.06255872939530761, ""target_weight"": 0.0, ""post_trade_weight"": 0.0, ""diff_weight"": -0.06255872939530761, ""gross_amount"": 0.07840345977897549, ""gross_amount_pct_nav"": 0.06255872939530761, ""fee"": 2.3521037933692646e-05, ""fee_pct_nav"": 1.8767618818592284e-05, ""name"": ""小米集团-W""}, {""ts_code"": ""01919.HK"", ""side"": ""sell"", ""current_weight"": 0.052174815091852, ""target_weight"": 0.038153073095431665, ""post_trade_weight"": 0.03815492080452029, ""diff_weight"": -0.01402174199642033, ""gross_amount"": 0.017573136399569728, ""gross_amount_pct_nav"": 0.01402174199642033, ""fee"": 5.271940919870918e-06, ""fee_pct_nav"": 4.206522598926099e-06, ""name"": ""中远海控""}, {""ts_code"": ""02020.HK"", ""side"": ""buy"", ""current_weight"": 0.06369942752637099, ""target_weight"": 0.07907893268912197, ""post_trade_weight"": 0.07908276239013408, ""diff_weight"": 0.015379505162750983, ""gross_amount"": 0.0192747906823494, ""gross_amount_pct_nav"": 0.015379505162750983, ""fee"": 5.782437204704819e-06, ""fee_pct_nav"": 4.613851548825295e-06, ""name"": ""安踏体育""}, {""ts_code"": ""03328.HK"", ""side"": ""buy"", ""current_weight"": 0.0, ""target_weight"": 0.046036818993592785, ""post_trade_weight"": 0.046039048503353455, ""diff_weight"": 0.046036818993592785, ""gross_amount"": 0.05769691809928069, ""gross_amount_pct_nav"": 0.046036818993592785, ""fee"": 1.7309075429784204e-05, ""fee_pct_nav"": 1.3811045698077833e-05, ""name"": ""交通银行""}]"
2021-07-19,0.06284121,0.12568242,0.08650144,0.07086434,0.00004721,0.00002595,0.00002126,0.00000000,rebalance,"[{""ts_code"": ""00388.HK"", ""side"": ""buy"", ""current_weight"": 0.10750315792588629, ""target_weight"": 0.11923335123344085, ""post_trade_weight"": 0.11923784706393976, ""diff_weight"": 0.011730193307554562, ""gross_amount"": 0.014687264511458215, ""gross_amount_pct_nav"": 0.011730193307554562, ""fee"": 4.406179353437464e-06, ""fee_pct_nav"": 3.5190579922663686e-06, ""name"": ""香港交易所""}, {""ts_code"": ""01211.HK"", ""side"": ""sell"", ""current_weight"": 0.05659681798089365, ""target_weight"": 0.0, ""post_trade_weight"": 0.0, ""diff_weight"": -0.05659681798089365, ""gross_amount"": 0.07086434250464486, ""gross_amount_pct_nav"": 0.05659681798089365, ""fee"": 2.1259302751393458e-05, ""fee_pct_nav"": 1.6979045394268095e-05, ""name"": ""比亚迪股份""}, {""ts_code"": ""02269.HK"", ""side"": ""buy"", ""current_weight"": 0.07667860622656127, ""target_weight"": 0.08920509439706961, ""post_trade_weight"": 0.08920845797764416, ""diff_weight"": 0.012526488170508339, ""gross_amount"": 0.01568429780619389, ""gross_amount_pct_nav"": 0.012526488170508339, ""fee"": 4.705289341858166e-06, ""fee_pct_nav"": 3.757946451152501e-06, ""name"": ""药明生物""}, {""ts_code"": ""02359.HK"", ""side"": ""buy"", ""current_weight"": 0.04286658352766226, ""target_weight"": 0.05953899301240463, ""post_trade_weight"": 0.05954123799854224, ""diff_weight"": 0.016672409484742363, ""gross_amount"": 0.02087536681838411, ""gross_amount_pct_nav"": 0.016672409484742363, ""fee"": 6.262610045515232e-06, ""fee_pct_nav"": 5.001722845422709e-06, ""name"": ""药明康德""}, {""ts_code"": ""02688.HK"", ""side"": ""buy"", ""current_weight"": 0.0, ""target_weight"": 0.028156515152653622, ""post_trade_weight"": 0.02815757682640729, ""diff_weight"": 0.028156515152653622, ""gross_amount"": 0.035254507315030575, ""gross_amount_pct_nav"": 0.028156515152653622, ""fee"": 1.0576352194509171e-05, ""fee_pct_nav"": 8.446954545796086e-06, ""name"": ""新奥能源""}]"
2021-07-26,0.11138122,0.22276244,0.15071066,0.11161418,0.00007870,0.00004521,0.00003348,0.00000000,rebalance,"[{""ts_code"": ""00005.HK"", ""side"": ""sell"", ""current_weight"": 0.10351471489277078, ""target_weight"": 0.09322595120940186, ""post_trade_weight"": 0.09323218179781731, ""diff_weight"": -0.010288763683368922, ""gross_amount"": 0.012116038469341006, ""gross_amount_pct_nav"": 0.010288763683368922, ""fee"": 3.6348115408023014e-06, ""fee_pct_nav"": 3.086629105010676e-06, ""name"": ""汇丰控股""}, {""ts_code"": ""00388.HK"", ""side"": ""sell"", ""current_weight"": 0.12143373403199961, ""target_weight"": 0.1104446351417265, ""post_trade_weight"": 0.11045201650984701, ""diff_weight"": -0.01098909889027312, ""gross_amount"": 0.012940752552530715, ""gross_amount_pct_nav"": 0.01098909889027312, ""fee"": 3.882225765759214e-06, ""fee_pct_nav"": 3.296729667081936e-06, ""name"": ""香港交易所""}, {""ts_code"": ""00857.HK"", ""side"": ""sell"", ""current_weight"": 0.11366003597673491, ""target_weight"": 0.10103499878388417, ""post_trade_weight"": 0.10104175127591895, ""diff_weight"": -0.012625037192850746, ""gross_amount"": 0.014867231964195926, ""gross_amount_pct_nav"": 0.012625037192850746, ""fee"": 4.460169589258778e-06, ""fee_pct_nav"": 3.787511157855224e-06, ""name"": ""中国石油股份""}, {""ts_code"": ""01658.HK"", ""side"": ""buy"", ""current_weight"": 0.0, ""target_weight"": 0.06289128316076535, ""post_trade_weight"": 0.062895486386318, ""diff_weight"": 0.06289128316076535, ""gross_amount"": 0.07406071609884099, ""gross_amount_pct_nav"": 0.06289128316076535, ""fee"": 2.2218214829652294e-05, ""fee_pct_nav"": 1.88673849482296e-05, ""name"": ""邮储银行""}, {""ts_code"": ""02331.HK"", ""side"": ""sell"", ""current_weight"": 0.03045805662498371, ""target_weight"": 0.0, ""post_trade_weight"": 0.0, ""diff_weight"": -0.03045805662498371, ""gross_amount"": 0.035867378931657506, ""gross_amount_pct_nav"": 0.03045805662498371, ""fee"": 1.0760213679497252e-05, ""fee_pct_nav"": 9.137416987495113e-06, ""name"": ""李宁""}, {""ts_code"": ""02333.HK"", ""side"": ""buy"", ""current_weight"": 0.0, ""target_weight"": 0.06509001484656725, ""post_trade_weight"": 0.06509436502038905, ""diff_weight"": 0.06509001484656725, ""gross_amount"": 0.07664994047105554, ""gross_amount_pct_nav"": 0.06509001484656725, ""fee"": 2.299498214131666e-05, ""fee_pct_nav"": 1.952700445397017e-05, ""name"": ""长城汽车""}, {""ts_code"": ""02688.HK"", ""side"": ""sell"", ""current_weight"": 0.030420182894796085, ""target_weight"": 0.0, ""post_trade_weight"": 0.0, ""diff_weight"": -0.030420182894796085, ""gross_amount"": 0.03582277886248958, ""gross_amount_pct_nav"": 0.030420182894796085, ""fee"": 1.0746833658746873e-05, ""fee_pct_nav"": 9.126054868438825e-06, ""name"": ""新奥能源""}]"
2021-08-02,0.24858780,0.49717560,0.28925241,0.31365531,0.00018087,0.00008678,0.00009410,0.00000000,rebalance,"[{""ts_code"": ""00003.HK"", ""side"": ""buy"", ""current_weight"": 0.0, ""target_weight"": 0.03565394408105458, ""post_trade_weight"": 0.03565926275570366, ""diff_weight"": 0.03565394408105458, ""gross_amount"": 0.043236309396127694, ""gross_amount_pct_nav"": 0.03565394408105458, ""fee"": 1.2970892818838307e-05, ""fee_pct_nav"": 1.0696183224316372e-05, ""name"": ""香港中华煤气""}, {""ts_code"": ""00005.HK"", ""side"": ""buy"", ""current_weight"": 0.09288294000126669, ""target_weight"": 0.15994051103318194, ""post_trade_weight"": 0.15996437014788353, ""diff_weight"": 0.06705757103191524, ""gross_amount"": 0.08131840566915874, ""gross_amount_pct_nav"": 0.06705757103191524, ""fee"": 2.439552170074762e-05, ""fee_pct_nav"": 2.0117271309574573e-05, ""name"": ""汇丰控股""}, {""ts_code"": ""00267.HK"", ""side"": ""buy"", ""current_weight"": 0.0, ""target_weight"": 0.031679030193463686, ""post_trade_weight"": 0.03168375591060776, ""diff_weight"": 0.031679030193463686, ""gross_amount"": 0.03841606829527944, ""gross_amount_pct_nav"": 0.031679030193463686, ""fee"": 1.152482048858383e-05, ""fee_pct_nav"": 9.503709058039104e-06, ""name"": ""中信股份""}, {""ts_code"": ""00388.HK"", ""side"": ""sell"", ""current_weight"": 0.11100502913103967, ""target_weight"": 0.0, ""post_trade_weight"": 0.0, ""diff_weight"": -0.11100502913103967, ""gross_amount"": 0.13461197373072897, ""gross_amount_pct_nav"": 0.11100502913103967, ""fee"": 4.038359211921869e-05, ""fee_pct_nav"": 3.33015087393119e-05, ""name"": ""香港交易所""}, {""ts_code"": ""00669.HK"", ""side"": ""buy"", ""current_weight"": 0.0, ""target_weight"": 0.03400031517917923, ""post_trade_weight"": 0.03400538717385094, ""diff_weight"": 0.03400031517917923, ""gross_amount"": 0.04123101060883721, ""gross_amount_pct_nav"": 0.03400031517917923, ""fee"": 1.2369303182651161e-05, ""fee_pct_nav"": 1.0200094553753767e-05, ""name"": ""创科实业""}, {""ts_code"": ""00857.HK"", ""side"": ""buy"", ""current_weight"": 0.10046810517548067, ""target_weight"": 0.144221469864936, ""post_trade_weight"": 0.14424298409275552, ""diff_weight"": 0.043753364689455315, ""gross_amount"": 0.053058197671884175, ""gross_amount_pct_nav"": 0.043753364689455315, ""fee"": 1.591745930156525e-05, ""fee_pct_nav"": 1.3126009406836593e-05, ""name"": ""中国石油股份""}, {""ts_code"": ""01658.HK"", ""side"": ""sell"", ""current_weight"": 0.06295405019546912, ""target_weight"": 0.0, ""post_trade_weight"": 0.0, ""diff_weight"": -0.06295405019546912, ""gross_amount"": 0.07634220735307069, ""gross_amount_pct_nav"": 0.06295405019546912, ""fee"": 2.2902662205921207e-05, ""fee_pct_nav"": 1.8886215058640738e-05, ""name"": ""邮储银行""}, {""ts_code"": ""01919.HK"", ""side"": ""sell"", ""current_weight"": 0.03491429003566839, ""target_weight"": 0.0, ""post_trade_weight"": 0.0, ""diff_weight"": -0.03491429003566839, ""gross_amount"": 0.04233935642285459, ""gross_amount_pct_nav"": 0.03491429003566839, ""fee"": 1.2701806926856377e-05, ""fee_pct_nav"": 1.0474287010700516e-05, ""name"": ""中远海控""}, {""ts_code"": ""02333.HK"", ""side"": ""sell"", ""current_weight"": 0.07339786117106628, ""target_weight"": 0.055980032446717905, ""post_trade_weight"": 0.05598838326419696, ""diff_weight"": -0.017417828724348373, ""gross_amount"": 0.021122000697108054, ""gross_amount_pct_nav"": 0.017417828724348373, ""fee"": 6.336600209132416e-06, ""fee_pct_nav"": 5.225348617304511e-06, ""name"": ""长城汽车""}, {""ts_code"": ""02359.HK"", ""side"": ""sell"", ""current_weight"": 0.05651982822892947, ""target_weight"": 0.035338823850283724, ""post_trade_weight"": 0.035344095516894124, ""diff_weight"": -0.021181004378645743, ""gross_amount"": 0.02568547413867979, ""gross_amount_pct_nav"": 0.021181004378645743, ""fee"": 7.705642241603937e-06, ""fee_pct_nav"": 6.354301313593723e-06, ""name"": ""药明康德""}, {""ts_code"": ""03968.HK"", ""side"": ""sell"", ""current_weight"": 0.17856602401412114, ""target_weight"": 0.16738874713187007, ""post_trade_weight"": 0.16741371733667795, ""diff_weight"": -0.011177276882251067, ""gross_amount"": 0.013554298519921237, ""gross_amount_pct_nav"": 0.011177276882251067, ""fee"": 4.0662895559763705e-06, ""fee_pct_nav"": 3.3531830646753194e-06, ""name"": ""招商银行""}, {""ts_code"": ""03988.HK"", ""side"": ""buy"", ""current_weight"": 0.1168197142543615, ""target_weight"": 0.14320161368104647, ""post_trade_weight"": 0.1432229757718901, ""diff_weight"": 0.026381899426684976, ""gross_amount"": 0.03199242034700406, ""gross_amount_pct_nav"": 0.026381899426684976, ""fee"": 9.597726104101217e-06, ""fee_pct_nav"": 7.914569828005493e-06, ""name"": ""中国银行""}]"
2021-08-09,0.25913207,0.51826413,0.31660338,0.31083357,0.00018823,0.00009498,0.00009325,0.00000000,rebalance,"[{""ts_code"": ""00005.HK"", ""side"": ""sell"", ""current_weight"": 0.16151428803485748, ""target_weight"": 0.13179958720888288, ""post_trade_weight"": 0.1318200824951351, ""diff_weight"": -0.0297147008259746, ""gross_amount"": 0.03597413043511871, ""gross_amount_pct_nav"": 0.0297147008259746, ""fee"": 1.0792239130535612e-05, ""fee_pct_nav"": 8.91441024779238e-06, ""name"": ""汇丰控股""}, {""ts_code"": ""00267.HK"", ""side"": ""sell"", ""current_weight"": 0.032014644371044905, ""target_weight"": 0.0, ""post_trade_weight"": 0.0, ""diff_weight"": -0.032014644371044905, ""gross_amount"": 0.038758559245905995, ""gross_amount_pct_nav"": 0.032014644371044905, ""fee"": 1.1627567773771797e-05, ""fee_pct_nav"": 9.60439331131347e-06, ""name"": ""中信股份""}, {""ts_code"": ""00388.HK"", ""side"": ""buy"", ""current_weight"": 0.0, ""target_weight"": 0.0756687082661132, ""post_trade_weight"": 0.07568047500885566, ""diff_weight"": 0.0756687082661132, ""gross_amount"": 0.0916083926593873, ""gross_amount_pct_nav"": 0.0756687082661132, ""fee"": 2.748251779781619e-05, ""fee_pct_nav"": 2.2700612479833956e-05, ""name"": ""香港交易所""}, {""ts_code"": ""00669.HK"", ""side"": ""sell"", ""current_weight"": 0.035324350776609226, ""target_weight"": 0.0, ""post_trade_weight"": 0.0, ""diff_weight"": -0.035324350776609226, ""gross_amount"": 0.042765458411171735, ""gross_amount_pct_nav"": 0.035324350776609226, ""fee"": 1.2829637523351518e-05, ""fee_pct_nav"": 1.0597305232982766e-05, ""name"": ""创科实业""}, {""ts_code"": ""00857.HK"", ""side"": ""sell"", ""current_weight"": 0.14107564833822162, ""target_weight"": 0.10612287457855009, ""post_trade_weight"": 0.10613937704823496, ""diff_weight"": -0.03495277375967154, ""gross_amount"": 0.04231560834697981, ""gross_amount_pct_nav"": 0.03495277375967154, ""fee"": 1.2694682504093942e-05, ""fee_pct_nav"": 1.0485832127901461e-05, ""name"": ""中国石油股份""}, {""ts_code"": ""00941.HK"", ""side"": ""buy"", ""current_weight"": 0.0, ""target_weight"": 0.10739674346218482, ""post_trade_weight"": 0.1074134440228347, ""diff_weight"": 0.10739674346218482, ""gross_amount"": 0.1300199682386976, ""gross_amount_pct_nav"": 0.10739674346218482, ""fee"": 3.9005990471609275e-05, ""fee_pct_nav"": 3.221902303865544e-05, ""name"": ""中国移动""}, {""ts_code"": ""01211.HK"", ""side"": ""buy"", ""current_weight"": 0.0, ""target_weight"": 0.06669150594530103, ""post_trade_weight"": 0.06670187670240191, ""diff_weight"": 0.06669150594530103, ""gross_amount"": 0.08074013424673492, ""gross_amount_pct_nav"": 0.06669150594530103, ""fee"": 2.4222040274020473e-05, ""fee_pct_nav"": 2.000745178359031e-05, ""name"": ""比亚迪股份""}, {""ts_code"": ""02269.HK"", ""side"": ""sell"", ""current_weight"": 0.08294014093337569, ""target_weight"": 0.043900925724441806, ""post_trade_weight"": 0.04390775246842875, ""diff_weight"": -0.03903921520893388, ""gross_amount"": 0.04726286252167895, ""gross_amount_pct_nav"": 0.03903921520893388, ""fee"": 1.4178858756503685e-05, ""fee_pct_nav"": 1.1711764562680163e-05, ""name"": ""药明生物""}, {""ts_code"": ""02333.HK"", ""side"": ""buy"", ""current_weight"": 0.05073825593450027, ""target_weight"": 0.062496301997306845, ""post_trade_weight"": 0.06250602038585619, ""diff_weight"": 0.011758046062806579, ""gross_amount"": 0.014234889498055868, ""gross_amount_pct_nav"": 0.011758046062806579, ""fee"": 4.27046684941676e-06, ""fee_pct_nav"": 3.5274138188419734e-06, ""name"": ""长城汽车""}, {""ts_code"": ""02359.HK"", ""side"": ""sell"", ""current_weight"": 0.03344459743104658, ""target_weight"": 0.0, ""post_trade_weight"": 0.0, ""diff_weight"": -0.03344459743104658, ""gross_amount"": 0.04048973325966658, ""gross_amount_pct_nav"": 0.03344459743104658, ""fee"": 1.2146919977899972e-05, ""fee_pct_nav"": 1.0033379229313973e-05, ""name"": ""药明康德""}, {""ts_code"": ""03968.HK"", ""side"": ""sell"", ""current_weight"": 0.17295526151476756, ""target_weight"": 0.13980845441312972, ""post_trade_weight"": 0.1398301951056035, ""diff_weight"": -0.03314680710163783, ""gross_amount"": 0.04012921311796275, ""gross_amount_pct_nav"": 0.03314680710163783, ""fee"": 1.2038763935388824e-05, ""fee_pct_nav"": 9.944042130491348e-06, ""name"": ""招商银行""}, {""ts_code"": ""03988.HK"", ""side"": ""sell"", ""current_weight"": 0.14343991060652722, ""target_weight"": 0.12432787025344263, ""post_trade_weight"": 0.12434720366217276, ""diff_weight"": -0.019112040353084593, ""gross_amount"": 0.023138009585548874, ""gross_amount_pct_nav"": 0.019112040353084593, ""fee"": 6.941402875664661e-06, ""fee_pct_nav"": 5.733612105925377e-06, ""name"": ""中国银行""}]"
2021-08-16,0.24831503,0.49663007,0.29513835,0.31163380,0.00018203,0.00008854,0.00009349,0.00000000,rebalance,"[{""ts_code"": ""00003.HK"", ""side"": ""sell"", ""current_weight"": 0.03573932181178577, ""target_weight"": 0.0, ""post_trade_weight"": 0.0, ""diff_weight"": -0.03573932181178577, ""gross_amount"": 0.04366555073489792, ""gross_amount_pct_nav"": 0.03573932181178577, ""fee"": 1.3099665220469375e-05, ""fee_pct_nav"": 1.072179654353573e-05, ""name"": ""香港中华煤气""}, {""ts_code"": ""00005.HK"", ""side"": ""sell"", ""current_weight"": 0.13223984516701542, ""target_weight"": 0.1203310645101619, ""post_trade_weight"": 0.12034899518896296, ""diff_weight"": -0.011908780656853529, ""gross_amount"": 0.014549897412746288, ""gross_amount_pct_nav"": 0.011908780656853529, ""fee"": 4.364969223823886e-06, ""fee_pct_nav"": 3.5726341970560585e-06, ""name"": ""汇丰控股""}, {""ts_code"": ""00388.HK"", ""side"": ""sell"", ""current_weight"": 0.07040418901815923, ""target_weight"": 0.047749716188208176, ""post_trade_weight"": 0.0477568314317016, ""diff_weight"": -0.02265447282995105, ""gross_amount"": 0.02767875781018258, ""gross_amount_pct_nav"": 0.02265447282995105, ""fee"": 8.303627343054773e-06, ""fee_pct_nav"": 6.796341848985314e-06, ""name"": ""香港交易所""}, {""ts_code"": ""00669.HK"", ""side"": ""buy"", ""current_weight"": 0.0, ""target_weight"": 0.03538490396062885, ""post_trade_weight"": 0.03539017670835952, ""diff_weight"": 0.03538490396062885, ""gross_amount"": 0.04323253046824187, ""gross_amount_pct_nav"": 0.03538490396062885, ""fee"": 1.296975914047256e-05, ""fee_pct_nav"": 1.0615471188188655e-05, ""name"": ""创科实业""}, {""ts_code"": ""00857.HK"", ""side"": ""sell"", ""current_weight"": 0.10936255615900098, ""target_weight"": 0.09099548724995538, ""post_trade_weight"": 0.09100904659858132, ""diff_weight"": -0.018367068909045603, ""gross_amount"": 0.022440497990502392, ""gross_amount_pct_nav"": 0.018367068909045603, ""fee"": 6.7321493971507175e-06, ""fee_pct_nav"": 5.510120672713681e-06, ""name"": ""中国石油股份""}, {""ts_code"": ""00939.HK"", ""side"": ""buy"", ""current_weight"": 0.0, ""target_weight"": 0.12938311693123727, ""post_trade_weight"": 0.1294023964674187, ""diff_weight"": 0.12938311693123727, ""gross_amount"": 0.15807756751380506, ""gross_amount_pct_nav"": 0.12938311693123727, ""fee"": 4.742327025414151e-05, ""fee_pct_nav"": 3.881493507937118e-05, ""name"": ""建设银行""}, {""ts_code"": ""01658.HK"", ""side"": ""buy"", ""current_weight"": 0.0, ""target_weight"": 0.06314788503695237, ""post_trade_weight"": 0.06315729478038125, ""diff_weight"": 0.06314788503695237, ""gross_amount"": 0.0771527560708564, ""gross_amount_pct_nav"": 0.06314788503695237, ""fee"": 2.3145826821256917e-05, ""fee_pct_nav"": 1.894436551108571e-05, ""name"": ""邮储银行""}, {""ts_code"": ""02020.HK"", ""side"": ""sell"", ""current_weight"": 0.07465381629115554, ""target_weight"": 0.044512819284903166, ""post_trade_weight"": 0.044519452194438015, ""diff_weight"": -0.03014099700625237, ""gross_amount"": 0.03682563538580916, ""gross_amount_pct_nav"": 0.03014099700625237, ""fee"": 1.1047690615742746e-05, ""fee_pct_nav"": 9.042299101875709e-06, ""name"": ""安踏体育""}, {""ts_code"": ""02269.HK"", ""side"": ""sell"", ""current_weight"": 0.04194127518058651, ""target_weight"": 0.0, ""post_trade_weight"": 0.0, ""diff_weight"": -0.04194127518058651, ""gross_amount"": 0.05124296675042886, ""gross_amount_pct_nav"": 0.04194127518058651, ""fee"": 1.5372890025128658e-05, ""fee_pct_nav"": 1.2582382554175953e-05, ""name"": ""药明生物""}, {""ts_code"": ""02333.HK"", ""side"": ""sell"", ""current_weight"": 0.05992055171872173, ""target_weight"": 0.041698805092508534, ""post_trade_weight"": 0.04170501868235373, ""diff_weight"": -0.018221746626213196, ""gross_amount"": 0.022262946285762517, ""gross_amount_pct_nav"": 0.018221746626213196, ""fee"": 6.6788838857287545e-06, ""fee_pct_nav"": 5.466523987863958e-06, ""name"": ""长城汽车""}, {""ts_code"": ""03328.HK"", ""side"": ""sell"", ""current_weight"": 0.04658725872451483, ""target_weight"": 0.0, ""post_trade_weight"": 0.0, ""diff_weight"": -0.04658725872451483, ""gross_amount"": 0.05691933160198579, ""gross_amount_pct_nav"": 0.04658725872451483, ""fee"": 1.7075799480595734e-05, ""fee_pct_nav"": 1.3976177617354447e-05, ""name"": ""交通银行""}, {""ts_code"": ""03968.HK"", ""side"": ""buy"", ""current_weight"": 0.14589571881889155, ""target_weight"": 0.15954425792625102, ""post_trade_weight"": 0.15956803181086737, ""diff_weight"": 0.01364853910735947, ""gross_amount"": 0.01667549764900994, ""gross_amount_pct_nav"": 0.01364853910735947, ""fee"": 5.002649294702982e-06, ""fee_pct_nav"": 4.094561732207841e-06, ""name"": ""招商银行""}, {""ts_code"": ""03988.HK"", ""side"": ""sell"", ""current_weight"": 0.12319548798357438, ""target_weight"": 0.09369078948659842, ""post_trade_weight"": 0.0937047504655006, ""diff_weight"": -0.029504698496975953, ""gross_amount"": 0.036048219267348094, ""gross_amount_pct_nav"": 0.029504698496975953, ""fee"": 1.0814465780204427e-05, ""fee_pct_nav"": 8.851409549092785e-06, ""name"": ""中国银行""}]"
2021-08-23,0.07293084,0.14586169,0.08064227,0.09619601,0.00005305,0.00002419,0.00002886,0.00000000,rebalance,"[{""ts_code"": ""00388.HK"", ""side"": ""sell"", ""current_weight"": 0.048139385644683105, ""target_weight"": 0.0, ""post_trade_weight"": 0.0, ""diff_weight"": -0.048139385644683105, ""gross_amount"": 0.05836273094448964, ""gross_amount_pct_nav"": 0.048139385644683105, ""fee"": 1.750881928334689e-05, ""fee_pct_nav"": 1.4441815693404929e-05, ""name"": ""香港交易所""}, {""ts_code"": ""00857.HK"", ""side"": ""sell"", ""current_weight"": 0.08394233331417661, ""target_weight"": 0.0673078413925455, ""post_trade_weight"": 0.06731078681206062, ""diff_weight"": -0.01663449192163111, ""gross_amount"": 0.02016715343203948, ""gross_amount_pct_nav"": 0.01663449192163111, ""fee"": 6.050146029611844e-06, ""fee_pct_nav"": 4.990347576489333e-06, ""name"": ""中国石油股份""}, {""ts_code"": ""00939.HK"", ""side"": ""buy"", ""current_weight"": 0.1309759228641472, ""target_weight"": 0.15027893079802981, ""post_trade_weight"": 0.15028550706739643, ""diff_weight"": 0.0193030079338826, ""gross_amount"": 0.023402381301244696, ""gross_amount_pct_nav"": 0.0193030079338826, ""fee"": 7.020714390373408e-06, ""fee_pct_nav"": 5.79090238016478e-06, ""name"": ""建设银行""}, {""ts_code"": ""01211.HK"", ""side"": ""sell"", ""current_weight"": 0.06629280546563353, ""target_weight"": 0.051721236609743725, ""post_trade_weight"": 0.05172349995286252, ""diff_weight"": -0.014571568855889807, ""gross_amount"": 0.0176661280817432, ""gross_amount_pct_nav"": 0.014571568855889807, ""fee"": 5.299838424522959e-06, ""fee_pct_nav"": 4.371470656766942e-06, ""name"": ""比亚迪股份""}, {""ts_code"": ""03328.HK"", ""side"": ""buy"", ""current_weight"": 0.0, ""target_weight"": 0.03387845933685832, ""post_trade_weight"": 0.03387994187252145, ""diff_weight"": 0.03387845933685832, ""gross_amount"": 0.041073216465305616, ""gross_amount_pct_nav"": 0.03387845933685832, ""fee"": 1.2321964939591685e-05, ""fee_pct_nav"": 1.0163537801057494e-05, ""name"": ""交通银行""}, {""ts_code"": ""03988.HK"", ""side"": ""buy"", ""current_weight"": 0.09486120596424845, ""target_weight"": 0.108195981243075, ""post_trade_weight"": 0.10820071594482769, ""diff_weight"": 0.013334775278826545, ""gross_amount"": 0.016166677064549162, ""gross_amount_pct_nav"": 0.013334775278826545, ""fee"": 4.850003119364748e-06, ""fee_pct_nav"": 4.000432583647963e-06, ""name"": ""中国银行""}]"
2021-08-30,0.07534934,0.15069867,0.09032606,0.09048406,0.00005424,0.00002710,0.00002715,0.00000000,rebalance,"[{""ts_code"": ""00857.HK"", ""side"": ""buy"", ""current_weight"": 0.07315607888350424, ""target_weight"": 0.0985210088893191, ""post_trade_weight"": 0.09852546318624371, ""diff_weight"": 0.02536493000581486, ""gross_amount"": 0.030433155255606553, ""gross_amount_pct_nav"": 0.02536493000581486, ""fee"": 9.129946576681965e-06, ""fee_pct_nav"": 7.6094790017444565e-06, ""name"": ""中国石油股份""}, {""ts_code"": ""00939.HK"", ""side"": ""sell"", ""current_weight"": 0.14946308587462734, ""target_weight"": 0.139210263230171, ""post_trade_weight"": 0.13921655715523706, ""diff_weight"": -0.010252822644456318, ""gross_amount"": 0.012301462817969788, ""gross_amount_pct_nav"": 0.010252822644456318, ""fee"": 3.6904388453909362e-06, ""fee_pct_nav"": 3.075846793336895e-06, ""name"": ""建设银行""}, {""ts_code"": ""00941.HK"", ""side"": ""sell"", ""current_weight"": 0.1093287629641107, ""target_weight"": 0.0893635075915499, ""post_trade_weight"": 0.08936754786277251, ""diff_weight"": -0.019965255372560803, ""gross_amount"": 0.02395455916226394, ""gross_amount_pct_nav"": 0.019965255372560803, ""fee"": 7.186367748679181e-06, ""fee_pct_nav"": 5.989576611768241e-06, ""name"": ""中国移动""}, {""ts_code"": ""01088.HK"", ""side"": ""buy"", ""current_weight"": 0.0, ""target_weight"": 0.03953362550381297, ""post_trade_weight"": 0.03953541288407314, ""diff_weight"": 0.03953362550381297, ""gross_amount"": 0.04743293052646829, ""gross_amount_pct_nav"": 0.03953362550381297, ""fee"": 1.4229879157940486e-05, ""fee_pct_nav"": 1.1860087651143891e-05, ""name"": ""中国神华""}, {""ts_code"": ""01658.HK"", ""side"": ""sell"", ""current_weight"": 0.060227488058779484, ""target_weight"": 0.049656907728683, ""post_trade_weight"": 0.04965915279919005, ""diff_weight"": -0.010570580330096476, ""gross_amount"": 0.012682712400702019, ""gross_amount_pct_nav"": 0.010570580330096476, ""fee"": 3.804813720210605e-06, ""fee_pct_nav"": 3.1711740990289427e-06, ""name"": ""邮储银行""}, {""ts_code"": ""03328.HK"", ""side"": ""sell"", ""current_weight"": 0.034626517886071115, ""target_weight"": 0.0, ""post_trade_weight"": 0.0, ""diff_weight"": -0.034626517886071115, ""gross_amount"": 0.04154532240168845, ""gross_amount_pct_nav"": 0.034626517886071115, ""fee"": 1.2463596720506533e-05, ""fee_pct_nav"": 1.0387955365821334e-05, ""name"": ""交通银行""}, {""ts_code"": ""03968.HK"", ""side"": ""buy"", ""current_weight"": 0.15800745584778175, ""target_weight"": 0.16839239564834904, ""post_trade_weight"": 0.16840000894563986, ""diff_weight"": 0.01038493980056729, ""gross_amount"": 0.012459978608194033, ""gross_amount_pct_nav"": 0.01038493980056729, ""fee"": 3.7379935824582095e-06, ""fee_pct_nav"": 3.1154819401701865e-06, ""name"": ""招商银行""}]"
2021-09-06,0.12422369,0.24844737,0.15532260,0.15008191,0.00009162,0.00004660,0.00004502,0.00000000,rebalance,"[{""ts_code"": ""00005.HK"", ""side"": ""sell"", ""current_weight"": 0.11452277247738434, ""target_weight"": 0.08296574747416877, ""post_trade_weight"": 0.08297193172169123, ""diff_weight"": -0.03155702500321557, ""gross_amount"": 0.038791546982872016, ""gross_amount_pct_nav"": 0.03155702500321557, ""fee"": 1.1637464094861603e-05, ""fee_pct_nav"": 9.467107500964669e-06, ""name"": ""汇丰控股""}, {""ts_code"": ""00941.HK"", ""side"": ""sell"", ""current_weight"": 0.09053500261082396, ""target_weight"": 0.0, ""post_trade_weight"": 0.0, ""diff_weight"": -0.09053500261082396, ""gross_amount"": 0.11129036425373928, ""gross_amount_pct_nav"": 0.09053500261082396, ""fee"": 3.338710927612178e-05, ""fee_pct_nav"": 2.7160500783247184e-05, ""name"": ""中国移动""}, {""ts_code"": ""01288.HK"", ""side"": ""buy"", ""current_weight"": 0.0, ""target_weight"": 0.11551481039676557, ""post_trade_weight"": 0.11552342084386878, ""diff_weight"": 0.11551481039676557, ""gross_amount"": 0.14199685154944372, ""gross_amount_pct_nav"": 0.11551481039676557, ""fee"": 4.2599055464833115e-05, ""fee_pct_nav"": 3.465444311902967e-05, ""name"": ""农业银行""}, {""ts_code"": ""01658.HK"", ""side"": ""buy"", ""current_weight"": 0.0503724893841129, ""target_weight"": 0.061213023641025266, ""post_trade_weight"": 0.06121758644557196, ""diff_weight"": 0.010840534256912367, ""gross_amount"": 0.013325752155141361, ""gross_amount_pct_nav"": 0.010840534256912367, ""fee"": 3.997725646542408e-06, ""fee_pct_nav"": 3.2521602770737094e-06, ""name"": ""邮储银行""}]"
2021-09-13,0.05676217,0.11352434,0.06895057,0.07450083,0.00004304,0.00002069,0.00002235,0.00000000,rebalance,"[{""ts_code"": ""00005.HK"", ""side"": ""sell"", ""current_weight"": 0.07934422833070807, ""target_weight"": 0.06795358588092999, ""post_trade_weight"": 0.06795590027554373, ""diff_weight"": -0.011390642449778087, ""gross_amount"": 0.01439342078660863, ""gross_amount_pct_nav"": 0.011390642449778087, ""fee"": 4.318026235982588e-06, ""fee_pct_nav"": 3.4171927349334254e-06, ""name"": ""汇丰控股""}, {""ts_code"": ""00669.HK"", ""side"": ""sell"", ""current_weight"": 0.03384864602107781, ""target_weight"": 0.0, ""post_trade_weight"": 0.0, ""diff_weight"": -0.03384864602107781, ""gross_amount"": 0.042771758255639954, ""gross_amount_pct_nav"": 0.03384864602107781, ""fee"": 1.2831527476691985e-05, ""fee_pct_nav"": 1.0154593806323341e-05, ""name"": ""创科实业""}, {""ts_code"": ""00939.HK"", ""side"": ""sell"", ""current_weight"": 0.13731122820687966, ""target_weight"": 0.1235921669230854, ""post_trade_weight"": 0.12359637628219014, ""diff_weight"": -0.01371906128379425, ""gross_amount"": 0.017335652727715006, ""gross_amount_pct_nav"": 0.01371906128379425, ""fee"": 5.2006958183145015e-06, ""fee_pct_nav"": 4.115718385138275e-06, ""name"": ""建设银行""}, {""ts_code"": ""01211.HK"", ""side"": ""buy"", ""current_weight"": 0.04841382097793362, ""target_weight"": 0.06555193914477873, ""post_trade_weight"": 0.06555417174299868, ""diff_weight"": 0.017138118166845115, ""gross_amount"": 0.021656034534806176, ""gross_amount_pct_nav"": 0.017138118166845115, ""fee"": 6.496810360441852e-06, ""fee_pct_nav"": 5.141435450053534e-06, ""name"": ""比亚迪股份""}, {""ts_code"": ""02269.HK"", ""side"": ""buy"", ""current_weight"": 0.0, ""target_weight"": 0.037427871851584874, ""post_trade_weight"": 0.03742914658733125, ""diff_weight"": 0.037427871851584874, ""gross_amount"": 0.04729453242715217, ""gross_amount_pct_nav"": 0.037427871851584874, ""fee"": 1.418835972814565e-05, ""fee_pct_nav"": 1.1228361555475461e-05, ""name"": ""药明生物""}]"
2021-09-20,0.04870866,0.09741732,0.05205102,0.06272883,0.00003443,0.00001562,0.00001882,0.00000000,rebalance,"[{""ts_code"": ""00386.HK"", ""side"": ""buy"", ""current_weight"": 0.0, ""target_weight"": 0.044177359507909505, ""post_trade_weight"": 0.04417865063763784, ""diff_weight"": 0.044177359507909505, ""gross_amount"": 0.05205101506849844, ""gross_amount_pct_nav"": 0.044177359507909505, ""fee"": 1.5615304520549533e-05, ""fee_pct_nav"": 1.3253207852372851e-05, ""name"": ""中国石油化工股份""}, {""ts_code"": ""02333.HK"", ""side"": ""sell"", ""current_weight"": 0.038541333001922536, ""target_weight"": 0.0, ""post_trade_weight"": 0.0, ""diff_weight"": -0.038541333001922536, ""gross_amount"": 0.04541048915528579, ""gross_amount_pct_nav"": 0.038541333001922536, ""fee"": 1.3623146746585735e-05, ""fee_pct_nav"": 1.156239990057676e-05, ""name"": ""长城汽车""}, {""ts_code"": ""03968.HK"", ""side"": ""sell"", ""current_weight"": 0.15477891331333873, ""target_weight"": 0.14008028548842857, ""post_trade_weight"": 0.14008437948188954, ""diff_weight"": -0.014698627824910155, ""gross_amount"": 0.017318339233553998, ""gross_amount_pct_nav"": 0.014698627824910155, ""fee"": 5.195501770066199e-06, ""fee_pct_nav"": 4.409588347473046e-06, ""name"": ""招商银行""}]"
2021-09-27,0.09815425,0.19630850,0.12534526,0.10780903,0.00006995,0.00003760,0.00003234,0.00000000,rebalance,"[{""ts_code"": ""00005.HK"", ""side"": ""buy"", ""current_weight"": 0.07158984979502508, ""target_weight"": 0.0871012807403326, ""post_trade_weight"": 0.08710641065886238, ""diff_weight"": 0.01551143094530751, ""gross_amount"": 0.018422822761924376, ""gross_amount_pct_nav"": 0.01551143094530751, ""fee"": 5.5268468285773125e-06, ""fee_pct_nav"": 4.653429283592253e-06, ""name"": ""汇丰控股""}, {""ts_code"": ""00386.HK"", ""side"": ""buy"", ""current_weight"": 0.04427249647158713, ""target_weight"": 0.06118081934101944, ""post_trade_weight"": 0.061184422647608476, ""diff_weight"": 0.016908322869432307, ""gross_amount"": 0.020081901954969415, ""gross_amount_pct_nav"": 0.016908322869432307, ""fee"": 6.024570586490824e-06, ""fee_pct_nav"": 5.072496860829692e-06, ""name"": ""中国石油化工股份""}, {""ts_code"": ""00857.HK"", ""side"": ""buy"", ""current_weight"": 0.12739597673435277, ""target_weight"": 0.1468346118185712, ""post_trade_weight"": 0.14684325979239635, ""diff_weight"": 0.019438635084218413, ""gross_amount"": 0.02308713684462599, ""gross_amount_pct_nav"": 0.019438635084218413, ""fee"": 6.926141053387796e-06, ""fee_pct_nav"": 5.831590525265523e-06, ""name"": ""中国石油股份""}, {""ts_code"": ""01088.HK"", ""side"": ""buy"", ""current_weight"": 0.04105001809761854, ""target_weight"": 0.053410628379682246, ""post_trade_weight"": 0.05341377405297067, ""diff_weight"": 0.012360610282063707, ""gross_amount"": 0.014680614139249891, ""gross_amount_pct_nav"": 0.012360610282063707, ""fee"": 4.4041842417749666e-06, ""fee_pct_nav"": 3.7081830846191116e-06, ""name"": ""中国神华""}, {""ts_code"": ""01658.HK"", ""side"": ""sell"", ""current_weight"": 0.056966217498987504, ""target_weight"": 0.04500647881309408, ""post_trade_weight"": 0.045009129515444966, ""diff_weight"": -0.011959738685893425, ""gross_amount"": 0.014204501626318325, ""gross_amount_pct_nav"": 0.011959738685893425, ""fee"": 4.261350487895497e-06, ""fee_pct_nav"": 3.587921605768027e-06, ""name"": ""邮储银行""}, {""ts_code"": ""02020.HK"", ""side"": ""sell"", ""current_weight"": 0.03781412771896696, ""target_weight"": 0.0, ""post_trade_weight"": 0.0, ""diff_weight"": -0.03781412771896696, ""gross_amount"": 0.044911586514463205, ""gross_amount_pct_nav"": 0.03781412771896696, ""fee"": 1.347347595433896e-05, ""fee_pct_nav"": 1.1344238315690087e-05, ""name"": ""安踏体育""}, {""ts_code"": ""02359.HK"", ""side"": ""buy"", ""current_weight"": 0.0, ""target_weight"": 0.041317723559085945, ""post_trade_weight"": 0.041320157008443895, ""diff_weight"": 0.041317723559085945, ""gross_amount"": 0.04907278385463858, ""gross_amount_pct_nav"": 0.041317723559085945, ""fee"": 1.4721835156391572e-05, ""fee_pct_nav"": 1.2395317067725783e-05, ""name"": ""药明康德""}, {""ts_code"": ""03968.HK"", ""side"": ""sell"", ""current_weight"": 0.14271897722859633, ""target_weight"": 0.10172107078451234, ""post_trade_weight"": 0.10172706175044822, ""diff_weight"": -0.04099790644408399, ""gross_amount"": 0.048692939206734356, ""gross_amount_pct_nav"": 0.04099790644408399, ""fee"": 1.4607881762020305e-05, ""fee_pct_nav"": 1.2299371933225196e-05, ""name"": ""招商银行""}]"
2021-10-04,0.08699760,0.17399521,0.11582339,0.09167081,0.00006225,0.00003475,0.00002750,0.00000000,rebalance,"[{""ts_code"": ""00005.HK"", ""side"": ""buy"", ""current_weight"": 0.08718993933835605, ""target_weight"": 0.10204841752947437, ""post_trade_weight"": 0.1020537445881637, ""diff_weight"": 0.014858478191118326, ""gross_amount"": 0.017719154663361283, ""gross_amount_pct_nav"": 0.014858478191118326, ""fee"": 5.315746399008385e-06, ""fee_pct_nav"": 4.4575434573354976e-06, ""name"": ""汇丰控股""}, {""ts_code"": ""00386.HK"", ""side"": ""sell"", ""current_weight"": 0.060522449660984294, ""target_weight"": 0.04242863543474784, ""post_trade_weight"": 0.04243085026410572, ""diff_weight"": -0.01809381422623645, ""gross_amount"": 0.02157738421128845, ""gross_amount_pct_nav"": 0.01809381422623645, ""fee"": 6.473215263386534e-06, ""fee_pct_nav"": 5.428144267870934e-06, ""name"": ""中国石油化工股份""}, {""ts_code"": ""00857.HK"", ""side"": ""sell"", ""current_weight"": 0.14016545753874843, ""target_weight"": 0.11577245734515447, ""post_trade_weight"": 0.11577850081637937, ""diff_weight"": -0.024393000193593948, ""gross_amount"": 0.029089341288804055, ""gross_amount_pct_nav"": 0.024393000193593948, ""fee"": 8.726802386641216e-06, ""fee_pct_nav"": 7.3179000580781835e-06, ""name"": ""中国石油股份""}, {""ts_code"": ""00939.HK"", ""side"": ""buy"", ""current_weight"": 0.12376422886855977, ""target_weight"": 0.13952646594580242, ""post_trade_weight"": 0.1395337494068379, ""diff_weight"": 0.01576223707724265, ""gross_amount"": 0.01879691264608635, ""gross_amount_pct_nav"": 0.01576223707724265, ""fee"": 5.639073793825905e-06, ""fee_pct_nav"": 4.728671123172795e-06, ""name"": ""建设银行""}, {""ts_code"": ""01288.HK"", ""side"": ""sell"", ""current_weight"": 0.11794346377993073, ""target_weight"": 0.08355930296954471, ""post_trade_weight"": 0.08356366487266613, ""diff_weight"": -0.034384160810386026, ""gross_amount"": 0.041004082351670496, ""gross_amount_pct_nav"": 0.034384160810386026, ""fee"": 1.2301224705501147e-05, ""fee_pct_nav"": 1.0315248243115807e-05, ""name"": ""农业银行""}, {""ts_code"": ""01658.HK"", ""side"": ""buy"", ""current_weight"": 0.04691858691248745, ""target_weight"": 0.062036558425209797, ""post_trade_weight"": 0.0620397968133751, ""diff_weight"": 0.015117971512722343, ""gross_amount"": 0.018028607774270004, ""gross_amount_pct_nav"": 0.015117971512722343, ""fee"": 5.408582332281001e-06, ""fee_pct_nav"": 4.5353914538167024e-06, ""name"": ""邮储银行""}, {""ts_code"": ""02269.HK"", ""side"": ""buy"", ""current_weight"": 0.03979675151651218, ""target_weight"": 0.055155410805385933, ""post_trade_weight"": 0.055158289988792276, ""diff_weight"": 0.015358659288873752, ""gross_amount"": 0.01831563474138946, ""gross_amount_pct_nav"": 0.015358659288873752, ""fee"": 5.494690422416838e-06, ""fee_pct_nav"": 4.607597786662125e-06, ""name"": ""药明生物""}, {""ts_code"": ""03968.HK"", ""side"": ""buy"", ""current_weight"": 0.10224357076683106, ""target_weight"": 0.13827045532044036, ""post_trade_weight"": 0.13827767321610523, ""diff_weight"": 0.0360268845536093, ""gross_amount"": 0.0429630767857538, ""gross_amount_pct_nav"": 0.0360268845536093, ""fee"": 1.2888923035726138e-05, ""fee_pct_nav"": 1.0808065366082788e-05, ""name"": ""招商银行""}]"
2021-10-11,0.15069699,0.30139398,0.19149809,0.18009303,0.00011148,0.00005745,0.00005403,0.00000000,rebalance,"[{""ts_code"": ""00386.HK"", ""side"": ""buy"", ""current_weight"": 0.043125748018446014, ""target_weight"": 0.05976086742450109, ""post_trade_weight"": 0.05976627138274088, ""diff_weight"": 0.016635119406055075, ""gross_amount"": 0.02050957644764037, ""gross_amount_pct_nav"": 0.016635119406055075, ""fee"": 6.152872934292111e-06, ""fee_pct_nav"": 4.990535821816523e-06, ""name"": ""中国石油化工股份""}, {""ts_code"": ""00883.HK"", ""side"": ""buy"", ""current_weight"": 0.0, ""target_weight"": 0.04241043428435453, ""post_trade_weight"": 0.0424142693059277, ""diff_weight"": 0.04241043428435453, ""gross_amount"": 0.05228817557005262, ""gross_amount_pct_nav"": 0.04241043428435453, ""fee"": 1.5686452671015786e-05, ""fee_pct_nav"": 1.2723130285306359e-05, ""name"": ""中国海洋石油""}, {""ts_code"": ""00939.HK"", ""side"": ""sell"", ""current_weight"": 0.1346428604267512, ""target_weight"": 0.11986789011190306, ""post_trade_weight"": 0.11987872932994613, ""diff_weight"": -0.014774970314848137, ""gross_amount"": 0.018216183231825472, ""gross_amount_pct_nav"": 0.014774970314848137, ""fee"": 5.464854969547641e-06, ""fee_pct_nav"": 4.432491094454441e-06, ""name"": ""建设银行""}, {""ts_code"": ""00941.HK"", ""side"": ""buy"", ""current_weight"": 0.0, ""target_weight"": 0.08138537814058001, ""post_trade_weight"": 0.08139273752480175, ""diff_weight"": 0.08138537814058001, ""gross_amount"": 0.10034070654682374, ""gross_amount_pct_nav"": 0.08138537814058001, ""fee"": 3.0102211964047118e-05, ""fee_pct_nav"": 2.4415613442174e-05, ""name"": ""中国移动""}, {""ts_code"": ""01088.HK"", ""side"": ""sell"", ""current_weight"": 0.05543180762642827, ""target_weight"": 0.040859079781640446, ""post_trade_weight"": 0.04086277451985915, ""diff_weight"": -0.014572727844787825, ""gross_amount"": 0.017966836816004028, ""gross_amount_pct_nav"": 0.014572727844787825, ""fee"": 5.390051044801208e-06, ""fee_pct_nav"": 4.3718183534363475e-06, ""name"": ""中国神华""}, {""ts_code"": ""01288.HK"", ""side"": ""buy"", ""current_weight"": 0.08120929043425515, ""target_weight"": 0.09610061357470241, ""post_trade_weight"": 0.09610930360423105, ""diff_weight"": 0.014891323140447258, ""gross_amount"": 0.018359635593859946, ""gross_amount_pct_nav"": 0.014891323140447258, ""fee"": 5.507890678157983e-06, ""fee_pct_nav"": 4.467396942134177e-06, ""name"": ""农业银行""}, {""ts_code"": ""02269.HK"", ""side"": ""sell"", ""current_weight"": 0.05173373103271801, ""target_weight"": 0.0, ""post_trade_weight"": 0.0, ""diff_weight"": -0.05173373103271801, ""gross_amount"": 0.06378294532415466, ""gross_amount_pct_nav"": 0.05173373103271801, ""fee"": 1.9134883597246396e-05, ""fee_pct_nav"": 1.55201193098154e-05, ""name"": ""药明生物""}, {""ts_code"": ""02359.HK"", ""side"": ""sell"", ""current_weight"": 0.03656202212229559, ""target_weight"": 0.0, ""post_trade_weight"": 0.0, ""diff_weight"": -0.03656202212229559, ""gross_amount"": 0.045077619793014015, ""gross_amount_pct_nav"": 0.03656202212229559, ""fee"": 1.3523285937904202e-05, ""fee_pct_nav"": 1.0968606636688676e-05, ""name"": ""药明康德""}, {""ts_code"": ""03968.HK"", ""side"": ""sell"", ""current_weight"": 0.14204215969784761, ""target_weight"": 0.11361389048743838, ""post_trade_weight"": 0.1136241641790047, ""diff_weight"": -0.028428269210409227, ""gross_amount"": 0.035049448483836065, ""gross_amount_pct_nav"": 0.028428269210409227, ""fee"": 1.051483454515082e-05, ""fee_pct_nav"": 8.528480763122768e-06, ""name"": ""招商银行""}]"
2021-10-18,0.06337461,0.12674921,0.06937860,0.08756941,0.00004708,0.00002081,0.00002627,0.00000000,rebalance,"[{""ts_code"": ""00728.HK"", ""side"": ""buy"", ""current_weight"": 0.0, ""target_weight"": 0.037531466627479894, ""post_trade_weight"": 0.03753289380691396, ""diff_weight"": 0.037531466627479894, ""gross_amount"": 0.0464735764135275, ""gross_amount_pct_nav"": 0.037531466627479894, ""fee"": 1.3942072924058249e-05, ""fee_pct_nav"": 1.1259439988243969e-05, ""name"": ""中国电信""}, {""ts_code"": ""00857.HK"", ""side"": ""sell"", ""current_weight"": 0.12339006382142444, ""target_weight"": 0.10980942022714044, ""post_trade_weight"": 0.10981359586322122, ""diff_weight"": -0.01358064359428399, ""gross_amount"": 0.01681631800025979, ""gross_amount_pct_nav"": 0.01358064359428399, ""fee"": 5.044895400077936e-06, ""fee_pct_nav"": 4.074193078285196e-06, ""name"": ""中国石油股份""}, {""ts_code"": ""00883.HK"", ""side"": ""sell"", ""current_weight"": 0.041776666836544255, ""target_weight"": 0.0, ""post_trade_weight"": 0.0, ""diff_weight"": -0.041776666836544255, ""gross_amount"": 0.0517302224770795, ""gross_amount_pct_nav"": 0.041776666836544255, ""fee"": 1.551906674312385e-05, ""fee_pct_nav"": 1.2533000050963277e-05, ""name"": ""中国海洋石油""}, {""ts_code"": ""03968.HK"", ""side"": ""buy"", ""current_weight"": 0.11161045948134095, ""target_weight"": 0.1301082676505799, ""post_trade_weight"": 0.1301132151748969, ""diff_weight"": 0.018497808169238933, ""gross_amount"": 0.022905028198564215, ""gross_amount_pct_nav"": 0.018497808169238933, ""fee"": 6.871508459569263e-06, ""fee_pct_nav"": 5.549342450771679e-06, ""name"": ""招商银行""}, {""ts_code"": ""03988.HK"", ""side"": ""sell"", ""current_weight"": 0.10642908268980056, ""target_weight"": 0.09106645415645259, ""post_trade_weight"": 0.09106991706856832, ""diff_weight"": -0.01536262853334797, ""gross_amount"": 0.01902287214468827, ""gross_amount_pct_nav"": 0.01536262853334797, ""fee"": 5.706861643406481e-06, ""fee_pct_nav"": 4.608788560004391e-06, ""name"": ""中国银行""}]"
2021-10-25,0.04504454,0.09008908,0.04293562,0.07023948,0.00003395,0.00001288,0.00002107,0.00000000,rebalance,"[{""ts_code"": ""00728.HK"", ""side"": ""sell"", ""current_weight"": 0.03699366308460062, ""target_weight"": 0.0, ""post_trade_weight"": 0.0, ""diff_weight"": -0.03699366308460062, ""gross_amount"": 0.0464735764135275, ""gross_amount_pct_nav"": 0.03699366308460062, ""fee"": 1.3942072924058249e-05, ""fee_pct_nav"": 1.1098098925380186e-05, ""name"": ""中国电信""}, {""ts_code"": ""00939.HK"", ""side"": ""sell"", ""current_weight"": 0.11654308489770694, ""target_weight"": 0.09762506995720414, ""post_trade_weight"": 0.0976277085142153, ""diff_weight"": -0.0189180149405028, ""gross_amount"": 0.0237659031201939, ""gross_amount_pct_nav"": 0.0189180149405028, ""fee"": 7.1297709360581695e-06, ""fee_pct_nav"": 5.6754044821508395e-06, ""name"": ""建设银行""}, {""ts_code"": ""02359.HK"", ""side"": ""buy"", ""current_weight"": 0.0, ""target_weight"": 0.03417739782317922, ""post_trade_weight"": 0.03417832155119999, ""diff_weight"": 0.03417739782317922, ""gross_amount"": 0.04293562131759344, ""gross_amount_pct_nav"": 0.03417739782317922, ""fee"": 1.288068639527803e-05, ""fee_pct_nav"": 1.0253219346953764e-05, ""name"": ""药明康德""}]"
2021-11-01,0.08799605,0.17599211,0.11953808,0.09892918,0.00006554,0.00003586,0.00002968,0.00000000,rebalance,"[{""ts_code"": ""00005.HK"", ""side"": ""sell"", ""current_weight"": 0.11363894477351509, ""target_weight"": 0.09270278659137476, ""post_trade_weight"": 0.09270768133749846, ""diff_weight"": -0.020936158182140327, ""gross_amount"": 0.02598903533131479, ""gross_amount_pct_nav"": 0.020936158182140327, ""fee"": 7.796710599394436e-06, ""fee_pct_nav"": 6.280847454642097e-06, ""name"": ""汇丰控股""}, {""ts_code"": ""00939.HK"", ""side"": ""buy"", ""current_weight"": 0.09717046914525487, ""target_weight"": 0.1399029058692453, ""post_trade_weight"": 0.1399102928015197, ""diff_weight"": 0.04273243672399045, ""gross_amount"": 0.05304577841603918, ""gross_amount_pct_nav"": 0.04273243672399045, ""fee"": 1.591373352481175e-05, ""fee_pct_nav"": 1.2819731017197132e-05, ""name"": ""建设银行""}, {""ts_code"": ""01088.HK"", ""side"": ""sell"", ""current_weight"": 0.03784786430038417, ""target_weight"": 0.0, ""post_trade_weight"": 0.0, ""diff_weight"": -0.03784786430038417, ""gross_amount"": 0.04698232951624243, ""gross_amount_pct_nav"": 0.03784786430038417, ""fee"": 1.4094698854872727e-05, ""fee_pct_nav"": 1.135435929011525e-05, ""name"": ""中国神华""}, {""ts_code"": ""02333.HK"", ""side"": ""buy"", ""current_weight"": 0.0, ""target_weight"": 0.053564642561022655, ""post_trade_weight"": 0.05356747079667967, ""diff_weight"": 0.053564642561022655, ""gross_amount"": 0.06649230369376921, ""gross_amount_pct_nav"": 0.053564642561022655, ""fee"": 1.9947691108130763e-05, ""fee_pct_nav"": 1.60693927683068e-05, ""name"": ""长城汽车""}, {""ts_code"": ""03968.HK"", ""side"": ""sell"", ""current_weight"": 0.13923020857276602, ""target_weight"": 0.11831920076614207, ""post_trade_weight"": 0.1183254480697087, ""diff_weight"": -0.020911007806623964, ""gross_amount"": 0.025957814990304556, ""gross_amount_pct_nav"": 0.020911007806623964, ""fee"": 7.787344497091366e-06, ""fee_pct_nav"": 6.273302341987189e-06, ""name"": ""招商银行""}]"
2021-11-08,0.10393049,0.20786098,0.03481848,0.21804249,0.00007586,0.00001045,0.00006541,0.00000000,rebalance,"[{""ts_code"": ""00386.HK"", ""side"": ""sell"", ""current_weight"": 0.056855191373620634, ""target_weight"": 0.046609496621141354, ""post_trade_weight"": 0.04661240329109829, ""diff_weight"": -0.01024569475247928, ""gross_amount"": 0.012463793472759097, ""gross_amount_pct_nav"": 0.01024569475247928, ""fee"": 3.739138041827729e-06, ""fee_pct_nav"": 3.0737084257437837e-06, ""name"": ""中国石油化工股份""}, {""ts_code"": ""00857.HK"", ""side"": ""sell"", ""current_weight"": 0.09595069022297957, ""target_weight"": 0.07829561611710777, ""post_trade_weight"": 0.07830049880264665, ""diff_weight"": -0.01765507410587181, ""gross_amount"": 0.021477235338149728, ""gross_amount_pct_nav"": 0.01765507410587181, ""fee"": 6.4431706014449176e-06, ""fee_pct_nav"": 5.296522231761543e-06, ""name"": ""中国石油股份""}, {""ts_code"": ""00939.HK"", ""side"": ""sell"", ""current_weight"": 0.14105381685598284, ""target_weight"": 0.08677618522475256, ""post_trade_weight"": 0.08678159677709392, ""diff_weight"": -0.054277631631230276, ""gross_amount"": 0.06602823987884747, ""gross_amount_pct_nav"": 0.054277631631230276, ""fee"": 1.9808471963654238e-05, ""fee_pct_nav"": 1.628328948936908e-05, ""name"": ""建设银行""}, {""ts_code"": ""01288.HK"", ""side"": ""sell"", ""current_weight"": 0.09600617101178445, ""target_weight"": 0.07132436470850664, ""post_trade_weight"": 0.0713288126515896, ""diff_weight"": -0.024681806303277813, ""gross_amount"": 0.030025190456143297, ""gross_amount_pct_nav"": 0.024681806303277813, ""fee"": 9.007557136842988e-06, ""fee_pct_nav"": 7.404541890983343e-06, ""name"": ""农业银行""}, {""ts_code"": ""01658.HK"", ""side"": ""sell"", ""current_weight"": 0.06475121147140336, ""target_weight"": 0.05346289095489231, ""post_trade_weight"": 0.05346622501748073, ""diff_weight"": -0.011288320516511052, ""gross_amount"": 0.013732138129340349, ""gross_amount_pct_nav"": 0.011288320516511052, ""fee"": 4.119641438802104e-06, ""fee_pct_nav"": 3.3864961549533147e-06, ""name"": ""邮储银行""}, {""ts_code"": ""02333.HK"", ""side"": ""sell"", ""current_weight"": 0.05391303089755344, ""target_weight"": 0.043208352872181756, ""post_trade_weight"": 0.043211047439389874, ""diff_weight"": -0.010704678025371686, ""gross_amount"": 0.013022142404577282, ""gross_amount_pct_nav"": 0.010704678025371686, ""fee"": 3.906642721373184e-06, ""fee_pct_nav"": 3.2114034076115057e-06, ""name"": ""长城汽车""}, {""ts_code"": ""02359.HK"", ""side"": ""sell"", ""current_weight"": 0.03101490249997465, ""target_weight"": 0.0, ""post_trade_weight"": 0.0, ""diff_weight"": -0.03101490249997465, ""gross_amount"": 0.03772934375620572, ""gross_amount_pct_nav"": 0.03101490249997465, ""fee"": 1.1318803126861716e-05, ""fee_pct_nav"": 9.304470749992394e-06, ""name"": ""药明康德""}, {""ts_code"": ""03328.HK"", ""side"": ""buy"", ""current_weight"": 0.0, ""target_weight"": 0.028622067154906894, ""post_trade_weight"": 0.0286238520894961, ""diff_weight"": 0.028622067154906894, ""gross_amount"": 0.03481848155742453, ""gross_amount_pct_nav"": 0.028622067154906894, ""fee"": 1.0445544467227357e-05, ""fee_pct_nav"": 8.586620146472066e-06, ""name"": ""交通银行""}, {""ts_code"": ""03968.HK"", ""side"": ""sell"", ""current_weight"": 0.11505307603793248, ""target_weight"": 0.09568227042244787, ""post_trade_weight"": 0.09568823737770397, ""diff_weight"": -0.019370805615484613, ""gross_amount"": 0.023564406946043323, ""gross_amount_pct_nav"": 0.019370805615484613, ""fee"": 7.069322083812997e-06, ""fee_pct_nav"": 5.811241684645384e-06, ""name"": ""招商银行""}]"
2021-11-15,0.08692657,0.17385314,0.17608800,0.03509264,0.00006335,0.00005283,0.00001053,0.00000000,rebalance,"[{""ts_code"": ""00005.HK"", ""side"": ""buy"", ""current_weight"": 0.09120366466883499, ""target_weight"": 0.10670188116828694, ""post_trade_weight"": 0.10670744659569018, ""diff_weight"": 0.01549821649945194, ""gross_amount"": 0.01882579341967333, ""gross_amount_pct_nav"": 0.01549821649945194, ""fee"": 5.647738025901999e-06, ""fee_pct_nav"": 4.649464949835582e-06, ""name"": ""汇丰控股""}, {""ts_code"": ""00857.HK"", ""side"": ""buy"", ""current_weight"": 0.079235962816643, ""target_weight"": 0.08930097359506084, ""post_trade_weight"": 0.08930563141439955, ""diff_weight"": 0.010065010778417843, ""gross_amount"": 0.012226039924528115, ""gross_amount_pct_nav"": 0.010065010778417843, ""fee"": 3.6678119773584343e-06, ""fee_pct_nav"": 3.019503233525353e-06, ""name"": ""中国石油股份""}, {""ts_code"": ""00939.HK"", ""side"": ""buy"", ""current_weight"": 0.08648276975429213, ""target_weight"": 0.10326284871891876, ""post_trade_weight"": 0.10326823477098931, ""diff_weight"": 0.016780078964626636, ""gross_amount"": 0.020382880840839848, ""gross_amount_pct_nav"": 0.016780078964626636, ""fee"": 6.114864252251954e-06, ""fee_pct_nav"": 5.0340236893879905e-06, ""name"": ""建设银行""}, {""ts_code"": ""00941.HK"", ""side"": ""buy"", ""current_weight"": 0.08005494461665749, ""target_weight"": 0.0925124326636535, ""post_trade_weight"": 0.09251725798840175, ""diff_weight"": 0.012457488046995997, ""gross_amount"": 0.01513219901845414, ""gross_amount_pct_nav"": 0.012457488046995997, ""fee"": 4.539659705536242e-06, ""fee_pct_nav"": 3.737246414098799e-06, ""name"": ""中国移动""}, {""ts_code"": ""01288.HK"", ""side"": ""buy"", ""current_weight"": 0.07142909996012495, ""target_weight"": 0.08504288919878336, ""post_trade_weight"": 0.08504732492213533, ""diff_weight"": 0.01361378923865841, ""gross_amount"": 0.01653676627081692, ""gross_amount_pct_nav"": 0.01361378923865841, ""fee"": 4.961029881245075e-06, ""fee_pct_nav"": 4.0841367715975225e-06, ""name"": ""农业银行""}, {""ts_code"": ""01658.HK"", ""side"": ""buy"", ""current_weight"": 0.05410262836342542, ""target_weight"": 0.0667858985583933, ""post_trade_weight"": 0.06678938202153302, ""diff_weight"": 0.012683270194967882, ""gross_amount"": 0.01540645819374177, ""gross_amount_pct_nav"": 0.012683270194967882, ""fee"": 4.621937458122531e-06, ""fee_pct_nav"": 3.8049810584903644e-06, ""name"": ""邮储银行""}, {""ts_code"": ""03328.HK"", ""side"": ""sell"", ""current_weight"": 0.028889798373206443, ""target_weight"": 0.0, ""post_trade_weight"": 0.0, ""diff_weight"": -0.028889798373206443, ""gross_amount"": 0.03509264282953022, ""gross_amount_pct_nav"": 0.028889798373206443, ""fee"": 1.0527792848859066e-05, ""fee_pct_nav"": 8.666939511961933e-06, ""name"": ""交通银行""}, {""ts_code"": ""03968.HK"", ""side"": ""buy"", ""current_weight"": 0.09756310739833986, ""target_weight"": 0.12287119422349707, ""post_trade_weight"": 0.1228776030206421, ""diff_weight"": 0.025308086825157214, ""gross_amount"": 0.030741912428079346, ""gross_amount_pct_nav"": 0.025308086825157214, ""fee"": 9.222573728423803e-06, ""fee_pct_nav"": 7.5924260475471635e-06, ""name"": ""招商银行""}, {""ts_code"": ""09633.HK"", ""side"": ""buy"", ""current_weight"": 0.0, ""target_weight"": 0.03855740131709417, ""post_trade_weight"": 0.03855941241957463, ""diff_weight"": 0.03855740131709417, ""gross_amount"": 0.04683594864097582, ""gross_amount_pct_nav"": 0.03855740131709417, ""fee"": 1.4050784592292746e-05, ""fee_pct_nav"": 1.1567220395128249e-05, ""name"": ""农夫山泉""}]"
2021-11-22,0.01222492,0.02444984,0.02983697,0.00000000,0.00000895,0.00000895,0.00000000,0.00000000,rebalance,"[{""ts_code"": ""01288.HK"", ""side"": ""buy"", ""current_weight"": 0.0846507835242303, ""target_weight"": 0.09770371284804766, ""post_trade_weight"": 0.09770442950545544, ""diff_weight"": 0.013052929323817356, ""gross_amount"": 0.015928928975257592, ""gross_amount_pct_nav"": 0.013052929323817356, ""fee"": 4.778678692577277e-06, ""fee_pct_nav"": 3.915878797145206e-06, ""name"": ""农业银行""}, {""ts_code"": ""09633.HK"", ""side"": ""buy"", ""current_weight"": 0.03906033756359907, ""target_weight"": 0.05045725189599239, ""post_trade_weight"": 0.05045762200028314, ""diff_weight"": 0.011396914332393326, ""gross_amount"": 0.013908038144858095, ""gross_amount_pct_nav"": 0.011396914332393326, ""fee"": 4.1724114434574285e-06, ""fee_pct_nav"": 3.4190742997179973e-06, ""name"": ""农夫山泉""}]"
2021-11-29,0.09081560,0.18163120,0.04026131,0.17513690,0.00006462,0.00001208,0.00005254,0.00000000,rebalance,"[{""ts_code"": ""00005.HK"", ""side"": ""sell"", ""current_weight"": 0.10578993776931377, ""target_weight"": 0.0886176366224345, ""post_trade_weight"": 0.0886224656039249, ""diff_weight"": -0.017172301146879263, ""gross_amount"": 0.02036479885136752, ""gross_amount_pct_nav"": 0.017172301146879263, ""fee"": 6.109439655410256e-06, ""fee_pct_nav"": 5.151690344063779e-06, ""name"": ""汇丰控股""}, {""ts_code"": ""00728.HK"", ""side"": ""buy"", ""current_weight"": 0.0, ""target_weight"": 0.0339497251339728, ""post_trade_weight"": 0.03395157513359505, ""diff_weight"": 0.0339497251339728, ""gross_amount"": 0.04026130904058931, ""gross_amount_pct_nav"": 0.0339497251339728, ""fee"": 1.2078392712176792e-05, ""fee_pct_nav"": 1.0184917540191838e-05, ""name"": ""中国电信""}, {""ts_code"": ""00939.HK"", ""side"": ""sell"", ""current_weight"": 0.1024248386646308, ""target_weight"": 0.08651545261927486, ""post_trade_weight"": 0.08652016704786103, ""diff_weight"": -0.01590938604535595, ""gross_amount"": 0.018867095556457006, ""gross_amount_pct_nav"": 0.01590938604535595, ""fee"": 5.660128666937101e-06, ""fee_pct_nav"": 4.772815813606785e-06, ""name"": ""建设银行""}, {""ts_code"": ""00941.HK"", ""side"": ""sell"", ""current_weight"": 0.09395565804985738, ""target_weight"": 0.08201243953453698, ""post_trade_weight"": 0.08201690858344857, ""diff_weight"": -0.01194321851532039, ""gross_amount"": 0.014163578929934431, ""gross_amount_pct_nav"": 0.01194321851532039, ""fee"": 4.249073678980329e-06, ""fee_pct_nav"": 3.582965554596117e-06, ""name"": ""中国移动""}, {""ts_code"": ""01211.HK"", ""side"": ""sell"", ""current_weight"": 0.08245167682240034, ""target_weight"": 0.07003949799098198, ""post_trade_weight"": 0.07004331460641303, ""diff_weight"": -0.012412178831418357, ""gross_amount"": 0.014719723527267234, ""gross_amount_pct_nav"": 0.012412178831418357, ""fee"": 4.41591705818017e-06, ""fee_pct_nav"": 3.723653649425507e-06, ""name"": ""比亚迪股份""}, {""ts_code"": ""01288.HK"", ""side"": ""sell"", ""current_weight"": 0.09908270401673529, ""target_weight"": 0.0740237689075098, ""post_trade_weight"": 0.07402780263514605, ""diff_weight"": -0.025058935109225494, ""gross_amount"": 0.029717634728388717, ""gross_amount_pct_nav"": 0.025058935109225494, ""fee"": 8.915290418516614e-06, ""fee_pct_nav"": 7.517680532767648e-06, ""name"": ""农业银行""}, {""ts_code"": ""03968.HK"", ""side"": ""sell"", ""current_weight"": 0.1179973568063903, ""target_weight"": 0.10541243651518367, ""post_trade_weight"": 0.10541818068445054, ""diff_weight"": -0.01258492029120663, ""gross_amount"": 0.014924579303542684, ""gross_amount_pct_nav"": 0.01258492029120663, ""fee"": 4.477373791062805e-06, ""fee_pct_nav"": 3.7754760873619883e-06, ""name"": ""招商银行""}, {""ts_code"": ""09633.HK"", ""side"": ""sell"", ""current_weight"": 0.05260053710850091, ""target_weight"": 0.0, ""post_trade_weight"": 0.0, ""diff_weight"": -0.05260053710850091, ""gross_amount"": 0.06237948825415189, ""gross_amount_pct_nav"": 0.05260053710850091, ""fee"": 1.8713846476245565e-05, ""fee_pct_nav"": 1.5780161132550273e-05, ""name"": ""农夫山泉""}]"
2021-12-06,0.13895139,0.27790279,0.14335738,0.19059077,0.00010018,0.00004301,0.00005718,0.00000000,rebalance,"[{""ts_code"": ""00005.HK"", ""side"": ""sell"", ""current_weight"": 0.08965123644282176, ""target_weight"": 0.06869184722713159, ""post_trade_weight"": 0.0686975746013462, ""diff_weight"": -0.02095938921569017, ""gross_amount"": 0.025186322519953536, ""gross_amount_pct_nav"": 0.02095938921569017, ""fee"": 7.55589675598606e-06, ""fee_pct_nav"": 6.28781676470705e-06, ""name"": ""汇丰控股""}, {""ts_code"": ""00857.HK"", ""side"": ""sell"", ""current_weight"": 0.08932931291763523, ""target_weight"": 0.07309427373693476, ""post_trade_weight"": 0.07310036817572971, ""diff_weight"": -0.016235039180700458, ""gross_amount"": 0.01950920080357596, ""gross_amount_pct_nav"": 0.016235039180700458, ""fee"": 5.8527602410727874e-06, ""fee_pct_nav"": 4.870511754210137e-06, ""name"": ""中国石油股份""}, {""ts_code"": ""01398.HK"", ""side"": ""buy"", ""current_weight"": 0.0, ""target_weight"": 0.11929820438977248, ""post_trade_weight"": 0.11930815121006126, ""diff_weight"": 0.11929820438977248, ""gross_amount"": 0.14335737653857036, ""gross_amount_pct_nav"": 0.11929820438977248, ""fee"": 4.3007212961571104e-05, ""fee_pct_nav"": 3.578946131693174e-05, ""name"": ""工商银行""}, {""ts_code"": ""01658.HK"", ""side"": ""sell"", ""current_weight"": 0.06709013661677507, ""target_weight"": 0.04621887893079355, ""post_trade_weight"": 0.046222732558641726, ""diff_weight"": -0.02087125768598152, ""gross_amount"": 0.02508041728060824, ""gross_amount_pct_nav"": 0.02087125768598152, ""fee"": 7.524125184182471e-06, ""fee_pct_nav"": 6.261377305794455e-06, ""name"": ""邮储银行""}, {""ts_code"": ""02333.HK"", ""side"": ""sell"", ""current_weight"": 0.04078666018279332, ""target_weight"": 0.0, ""post_trade_weight"": 0.0, ""diff_weight"": -0.04078666018279332, ""gross_amount"": 0.049012209626155025, ""gross_amount_pct_nav"": 0.04078666018279332, ""fee"": 1.4703662887846505e-05, ""fee_pct_nav"": 1.2235998054837994e-05, ""name"": ""长城汽车""}, {""ts_code"": ""03968.HK"", ""side"": ""sell"", ""current_weight"": 0.110442488893788, ""target_weight"": 0.07536007404162763, ""post_trade_weight"": 0.07536635739783802, ""diff_weight"": -0.03508241485216036, ""gross_amount"": 0.04215757463885729, ""gross_amount_pct_nav"": 0.03508241485216036, ""fee"": 1.2647272391657186e-05, ""fee_pct_nav"": 1.0524724455648108e-05, ""name"": ""招商银行""}, {""ts_code"": ""03988.HK"", ""side"": ""sell"", ""current_weight"": 0.09471180697819764, ""target_weight"": 0.0700419863556554, ""post_trade_weight"": 0.07004782630148285, ""diff_weight"": -0.02466982062254225, ""gross_amount"": 0.029645046060961272, ""gross_amount_pct_nav"": 0.02466982062254225, ""fee"": 8.89351381828838e-06, ""fee_pct_nav"": 7.400946186762674e-06, ""name"": ""中国银行""}]"
2021-12-13,0.07466740,0.14933480,0.17955135,0.00000000,0.00005387,0.00005387,0.00000000,0.00000000,rebalance,"[{""ts_code"": ""00005.HK"", ""side"": ""buy"", ""current_weight"": 0.06904173848671273, ""target_weight"": 0.07952989467625836, ""post_trade_weight"": 0.0795334578101032, ""diff_weight"": 0.010488156189545631, ""gross_amount"": 0.012610340411900484, ""gross_amount_pct_nav"": 0.010488156189545631, ""fee"": 3.7831021235701447e-06, ""fee_pct_nav"": 3.1464468568636888e-06, ""name"": ""汇丰控股""}, {""ts_code"": ""00728.HK"", ""side"": ""buy"", ""current_weight"": 0.032853958269621404, ""target_weight"": 0.043600980667600896, ""post_trade_weight"": 0.04360293409820101, ""diff_weight"": 0.01074702239797949, ""gross_amount"": 0.012921585873018122, ""gross_amount_pct_nav"": 0.01074702239797949, ""fee"": 3.876475761905436e-06, ""fee_pct_nav"": 3.2241067193938467e-06, ""name"": ""中国电信""}, {""ts_code"": ""00857.HK"", ""side"": ""buy"", ""current_weight"": 0.07382262038573592, ""target_weight"": 0.09093623231403841, ""post_trade_weight"": 0.09094030647971409, ""diff_weight"": 0.01711361192830249, ""gross_amount"": 0.020576397623461057, ""gross_amount_pct_nav"": 0.01711361192830249, ""fee"": 6.172919287038316e-06, ""fee_pct_nav"": 5.134083578490747e-06, ""name"": ""中国石油股份""}, {""ts_code"": ""00939.HK"", ""side"": ""buy"", ""current_weight"": 0.0894068166037139, ""target_weight"": 0.10479018600815937, ""post_trade_weight"": 0.1047948808648531, ""diff_weight"": 0.015383369404445476, ""gross_amount"": 0.018496056062307392, ""gross_amount_pct_nav"": 0.015383369404445476, ""fee"": 5.548816818692217e-06, ""fee_pct_nav"": 4.615010821333642e-06, ""name"": ""建设银行""}, {""ts_code"": ""00941.HK"", ""side"": ""buy"", ""current_weight"": 0.08003243838547738, ""target_weight"": 0.09641883242047118, ""post_trade_weight"": 0.09642315222004436, ""diff_weight"": 0.0163863940349938, ""gross_amount"": 0.019702033719785725, ""gross_amount_pct_nav"": 0.0163863940349938, ""fee"": 5.910610115935717e-06, ""fee_pct_nav"": 4.91591821049814e-06, ""name"": ""中国移动""}, {""ts_code"": ""01288.HK"", ""side"": ""buy"", ""current_weight"": 0.07408586161244021, ""target_weight"": 0.08560577917032684, ""post_trade_weight"": 0.08560961451866117, ""diff_weight"": 0.011519917557886636, ""gross_amount"": 0.013850869428010795, ""gross_amount_pct_nav"": 0.011519917557886636, ""fee"": 4.155260828403238e-06, ""fee_pct_nav"": 3.4559752673659904e-06, ""name"": ""农业银行""}, {""ts_code"": ""01658.HK"", ""side"": ""buy"", ""current_weight"": 0.045710998612438526, ""target_weight"": 0.05764086083473798, ""post_trade_weight"": 0.057643443286317, ""diff_weight"": 0.01192986222229945, ""gross_amount"": 0.014343762714005219, ""gross_amount_pct_nav"": 0.01192986222229945, ""fee"": 4.303128814201565e-06, ""fee_pct_nav"": 3.5789586666898344e-06, ""name"": ""邮储银行""}, {""ts_code"": ""03968.HK"", ""side"": ""buy"", ""current_weight"": 0.07660047400473399, ""target_weight"": 0.1204517316770815, ""post_trade_weight"": 0.12045712820933588, ""diff_weight"": 0.043851257672347495, ""gross_amount"": 0.05272416588241341, ""gross_amount_pct_nav"": 0.043851257672347495, ""fee"": 1.581724976472402e-05, ""fee_pct_nav"": 1.3155377301704247e-05, ""name"": ""招商银行""}, {""ts_code"": ""03988.HK"", ""side"": ""buy"", ""current_weight"": 0.0696804497126628, ""target_weight"": 0.08159565579990029, ""post_trade_weight"": 0.08159931148489719, ""diff_weight"": 0.011915206087237503, ""gross_amount"": 0.014326141041624121, ""gross_amount_pct_nav"": 0.011915206087237503, ""fee"": 4.297842312487236e-06, ""fee_pct_nav"": 3.5745618261712504e-06, ""name"": ""中国银行""}]"
2021-12-20,0.06085171,0.12170342,0.00000000,0.14329044,0.00004299,0.00000000,0.00004299,0.00000000,rebalance,"[{""ts_code"": ""00857.HK"", ""side"": ""sell"", ""current_weight"": 0.0899625823299599, ""target_weight"": 0.07539036649963853, ""post_trade_weight"": 0.07539311917979898, ""diff_weight"": -0.014572215830321377, ""gross_amount"": 0.017156947327267136, ""gross_amount_pct_nav"": 0.014572215830321377, ""fee"": 5.14708419818014e-06, ""fee_pct_nav"": 4.371664749096413e-06, ""name"": ""中国石油股份""}, {""ts_code"": ""00939.HK"", ""side"": ""sell"", ""current_weight"": 0.10624246501623837, ""target_weight"": 0.09297107372233411, ""post_trade_weight"": 0.092974468315596, ""diff_weight"": -0.013271391293904262, ""gross_amount"": 0.01562539040324147, ""gross_amount_pct_nav"": 0.013271391293904262, ""fee"": 4.6876171209724405e-06, ""fee_pct_nav"": 3.981417388171278e-06, ""name"": ""建设银行""}, {""ts_code"": ""00941.HK"", ""side"": ""sell"", ""current_weight"": 0.09846346373533744, ""target_weight"": 0.08569022379999681, ""post_trade_weight"": 0.08569335255224926, ""diff_weight"": -0.012773239935340628, ""gross_amount"": 0.015038879970003236, ""gross_amount_pct_nav"": 0.012773239935340628, ""fee"": 4.5116639910009706e-06, ""fee_pct_nav"": 3.831971980602188e-06, ""name"": ""中国移动""}, {""ts_code"": ""01288.HK"", ""side"": ""sell"", ""current_weight"": 0.08742111184373946, ""target_weight"": 0.06545579813470322, ""post_trade_weight"": 0.06545818808033259, ""diff_weight"": -0.021965313709036236, ""gross_amount"": 0.025861388187010004, ""gross_amount_pct_nav"": 0.021965313709036236, ""fee"": 7.758416456103e-06, ""fee_pct_nav"": 6.58959411271087e-06, ""name"": ""农业银行""}, {""ts_code"": ""01398.HK"", ""side"": ""sell"", ""current_weight"": 0.11862032561579089, ""target_weight"": 0.0961199995847072, ""post_trade_weight"": 0.09612350915268204, ""diff_weight"": -0.022500326031083696, ""gross_amount"": 0.02649129775846361, ""gross_amount_pct_nav"": 0.022500326031083696, ""fee"": 7.947389327539082e-06, ""fee_pct_nav"": 6.750097809325108e-06, ""name"": ""工商银行""}, {""ts_code"": ""03968.HK"", ""side"": ""sell"", ""current_weight"": 0.11589657649992555, ""target_weight"": 0.09236439088536344, ""post_trade_weight"": 0.09236776332720352, ""diff_weight"": -0.023532185614562114, ""gross_amount"": 0.02770618235316183, ""gross_amount_pct_nav"": 0.023532185614562114, ""fee"": 8.311854705948548e-06, ""fee_pct_nav"": 7.059655684368633e-06, ""name"": ""招商银行""}, {""ts_code"": ""03988.HK"", ""side"": ""sell"", ""current_weight"": 0.08332595089700318, ""target_weight"": 0.07023720216805902, ""post_trade_weight"": 0.0702397666940311, ""diff_weight"": -0.013088748728944154, ""gross_amount"": 0.015410351804909891, ""gross_amount_pct_nav"": 0.013088748728944154, ""fee"": 4.623105541472967e-06, ""fee_pct_nav"": 3.9266246186832455e-06, ""name"": ""中国银行""}]"
2021-12-28,0.01136778,0.02273555,0.01280546,0.01439877,0.00000816,0.00000384,0.00000432,0.00000000,rebalance,"[{""ts_code"": ""00941.HK"", ""side"": ""buy"", ""current_weight"": 0.0860610865757552, ""target_weight"": 0.09676306982335074, ""post_trade_weight"": 0.09676372981635674, ""diff_weight"": 0.010701983247595536, ""gross_amount"": 0.012805463962137123, ""gross_amount_pct_nav"": 0.010701983247595536, ""fee"": 3.841639188641136e-06, ""fee_pct_nav"": 3.2105949742786603e-06, ""name"": ""中国移动""}, {""ts_code"": ""01211.HK"", ""side"": ""sell"", ""current_weight"": 0.05967675137229717, ""target_weight"": 0.0476431839044126, ""post_trade_weight"": 0.04764350886483622, ""diff_weight"": -0.012033567467884575, ""gross_amount"": 0.014398771795925108, ""gross_amount_pct_nav"": 0.012033567467884575, ""fee"": 4.319631538777532e-06, ""fee_pct_nav"": 3.6100702403653723e-06, ""name"": ""比亚迪股份""}]"
2022-01-03,0.04025635,0.08051269,0.04091059,0.05533611,0.00002887,0.00001227,0.00001660,0.00000000,rebalance,"[{""ts_code"": ""00386.HK"", ""side"": ""sell"", ""current_weight"": 0.04628999133713904, ""target_weight"": 0.0, ""post_trade_weight"": 0.0, ""diff_weight"": -0.04628999133713904, ""gross_amount"": 0.0553361060295886, ""gross_amount_pct_nav"": 0.04628999133713904, ""fee"": 1.660083180887658e-05, ""fee_pct_nav"": 1.3886997401141712e-05, ""name"": ""中国石油化工股份""}, {""ts_code"": ""00388.HK"", ""side"": ""buy"", ""current_weight"": 0.0, ""target_weight"": 0.03422269931995607, ""post_trade_weight"": 0.03422352594840344, ""diff_weight"": 0.03422269931995607, ""gross_amount"": 0.04091059132837726, ""gross_amount_pct_nav"": 0.03422269931995607, ""fee"": 1.2273177398513176e-05, ""fee_pct_nav"": 1.026680979598682e-05, ""name"": ""香港交易所""}]"
2022-01-10,0.09164232,0.18328463,0.10375678,0.12598161,0.00006892,0.00003113,0.00003779,0.00000000,rebalance,"[{""ts_code"": ""00386.HK"", ""side"": ""buy"", ""current_weight"": 0.0, ""target_weight"": 0.03874113614001524, ""post_trade_weight"": 0.038743266453619966, ""diff_weight"": 0.03874113614001524, ""gross_amount"": 0.04856013278790118, ""gross_amount_pct_nav"": 0.03874113614001524, ""fee"": 1.4568039836370353e-05, ""fee_pct_nav"": 1.1622340842004572e-05, ""name"": ""中国石油化工股份""}, {""ts_code"": ""00388.HK"", ""side"": ""sell"", ""current_weight"": 0.03289660365734727, ""target_weight"": 0.0, ""post_trade_weight"": 0.0, ""diff_weight"": -0.03289660365734727, ""gross_amount"": 0.04123429514556076, ""gross_amount_pct_nav"": 0.03289660365734727, ""fee"": 1.2370288543668227e-05, ""fee_pct_nav"": 9.86898109720418e-06, ""name"": ""香港交易所""}, {""ts_code"": ""00728.HK"", ""side"": ""sell"", ""current_weight"": 0.046045644505485234, ""target_weight"": 0.03316696461446597, ""post_trade_weight"": 0.033168788413223196, ""diff_weight"": -0.012878679891019264, ""gross_amount"": 0.01614279982343652, ""gross_amount_pct_nav"": 0.012878679891019264, ""fee"": 4.8428399470309554e-06, ""fee_pct_nav"": 3.863603967305779e-06, ""name"": ""中国电信""}, {""ts_code"": ""00883.HK"", ""side"": ""buy"", ""current_weight"": 0.0, ""target_weight"": 0.03253202687116634, ""post_trade_weight"": 0.032533815755704534, ""diff_weight"": 0.03253202687116634, ""gross_amount"": 0.04077731584881664, ""gross_amount_pct_nav"": 0.03253202687116634, ""fee"": 1.2233194754644992e-05, ""fee_pct_nav"": 9.759608061349901e-06, ""name"": ""中国海洋石油""}, {""ts_code"": ""00939.HK"", ""side"": ""buy"", ""current_weight"": 0.09513294858099347, ""target_weight"": 0.10663664761015491, ""post_trade_weight"": 0.10664251139020374, ""diff_weight"": 0.011503699029161454, ""gross_amount"": 0.014419328085505917, ""gross_amount_pct_nav"": 0.011503699029161454, ""fee"": 4.325798425651775e-06, ""fee_pct_nav"": 3.4511097087484357e-06, ""name"": ""建设银行""}, {""ts_code"": ""01211.HK"", ""side"": ""sell"", ""current_weight"": 0.04299419923735026, ""target_weight"": 0.0, ""post_trade_weight"": 0.0, ""diff_weight"": -0.04299419923735026, ""gross_amount"": 0.053891140841343096, ""gross_amount_pct_nav"": 0.04299419923735026, ""fee"": 1.6167342252402928e-05, ""fee_pct_nav"": 1.2898259771205078e-05, ""name"": ""比亚迪股份""}, {""ts_code"": ""01658.HK"", ""side"": ""sell"", ""current_weight"": 0.0610061975447004, ""target_weight"": 0.04926790999276438, ""post_trade_weight"": 0.049270619156960155, ""diff_weight"": -0.01173828755193602, ""gross_amount"": 0.01471337340661575, ""gross_amount_pct_nav"": 0.01173828755193602, ""fee"": 4.414012021984725e-06, ""fee_pct_nav"": 3.5214862655808055e-06, ""name"": ""邮储银行""}]"
2022-01-17,0.01380151,0.02760302,0.00000000,0.03526082,0.00001058,0.00000000,0.00001058,0.00000000,rebalance,"[{""ts_code"": ""00857.HK"", ""side"": ""sell"", ""current_weight"": 0.07894952209594025, ""target_weight"": 0.06719916286539412, ""post_trade_weight"": 0.06719971933993554, ""diff_weight"": -0.011750359230546126, ""gross_amount"": 0.015010217147026814, ""gross_amount_pct_nav"": 0.011750359230546126, ""fee"": 4.503065144108044e-06, ""fee_pct_nav"": 3.525107769163838e-06, ""name"": ""中国石油股份""}, {""ts_code"": ""03968.HK"", ""side"": ""sell"", ""current_weight"": 0.08622865937567581, ""target_weight"": 0.07037599948191373, ""post_trade_weight"": 0.07037658226375755, ""diff_weight"": -0.015852659893762097, ""gross_amount"": 0.020250603636419437, ""gross_amount_pct_nav"": 0.015852659893762097, ""fee"": 6.07518109092583e-06, ""fee_pct_nav"": 4.755797968128628e-06, ""name"": ""招商银行""}]"
2022-01-24,0.15106846,0.30213692,0.30360855,0.08816629,0.00011753,0.00009108,0.00002645,0.00000000,rebalance,"[{""ts_code"": ""00005.HK"", ""side"": ""buy"", ""current_weight"": 0.08714634374137156, ""target_weight"": 0.10034728167187436, ""post_trade_weight"": 0.10035637808202139, ""diff_weight"": 0.013200937930502787, ""gross_amount"": 0.01711738938207147, ""gross_amount_pct_nav"": 0.013200937930502787, ""fee"": 5.13521681462144e-06, ""fee_pct_nav"": 3.960281379150836e-06, ""name"": ""汇丰控股""}, {""ts_code"": ""00388.HK"", ""side"": ""buy"", ""current_weight"": 0.0, ""target_weight"": 0.04403777116333516, ""post_trade_weight"": 0.04404176315616037, ""diff_weight"": 0.04403777116333516, ""gross_amount"": 0.0571028877258463, ""gross_amount_pct_nav"": 0.04403777116333516, ""fee"": 1.713086631775389e-05, ""fee_pct_nav"": 1.3211331349000549e-05, ""name"": ""香港交易所""}, {""ts_code"": ""00728.HK"", ""side"": ""sell"", ""current_weight"": 0.0336013138096627, ""target_weight"": 0.0, ""post_trade_weight"": 0.0, ""diff_weight"": -0.0336013138096627, ""gross_amount"": 0.04357014442891674, ""gross_amount_pct_nav"": 0.0336013138096627, ""fee"": 1.3071043328675021e-05, ""fee_pct_nav"": 1.008039414289881e-05, ""name"": ""中国电信""}, {""ts_code"": ""00857.HK"", ""side"": ""buy"", ""current_weight"": 0.06641020345127495, ""target_weight"": 0.07781488330068385, ""post_trade_weight"": 0.07782193716484692, ""diff_weight"": 0.0114046798494089, ""gross_amount"": 0.014788217836333772, ""gross_amount_pct_nav"": 0.0114046798494089, ""fee"": 4.436465350900131e-06, ""fee_pct_nav"": 3.42140395482267e-06, ""name"": ""中国石油股份""}, {""ts_code"": ""00883.HK"", ""side"": ""sell"", ""current_weight"": 0.034392564990168496, ""target_weight"": 0.0, ""post_trade_weight"": 0.0, ""diff_weight"": -0.034392564990168496, ""gross_amount"": 0.04459614384100742, ""gross_amount_pct_nav"": 0.034392564990168496, ""fee"": 1.3378843152302225e-05, ""fee_pct_nav"": 1.0317769497050548e-05, ""name"": ""中国海洋石油""}, {""ts_code"": ""00939.HK"", ""side"": ""buy"", ""current_weight"": 0.10651006019078665, ""target_weight"": 0.13262905699359862, ""post_trade_weight"": 0.13264107972385825, ""diff_weight"": 0.026118996802811947, ""gross_amount"": 0.03386797520725737, ""gross_amount_pct_nav"": 0.026118996802811947, ""fee"": 1.016039256217721e-05, ""fee_pct_nav"": 7.835699040843582e-06, ""name"": ""建设银行""}, {""ts_code"": ""00941.HK"", ""side"": ""buy"", ""current_weight"": 0.09872869211687316, ""target_weight"": 0.11365409623015735, ""post_trade_weight"": 0.11366439889363737, ""diff_weight"": 0.014925404113284187, ""gross_amount"": 0.019353469824407082, ""gross_amount_pct_nav"": 0.014925404113284187, ""fee"": 5.8060409473221245e-06, ""fee_pct_nav"": 4.4776212339852556e-06, ""name"": ""中国移动""}, {""ts_code"": ""01088.HK"", ""side"": ""buy"", ""current_weight"": 0.0, ""target_weight"": 0.03883238671274915, ""post_trade_weight"": 0.03883590684115364, ""diff_weight"": 0.03883238671274915, ""gross_amount"": 0.05035317092593802, ""gross_amount_pct_nav"": 0.03883238671274915, ""fee"": 1.5105951277781406e-05, ""fee_pct_nav"": 1.1649716013824743e-05, ""name"": ""中国神华""}, {""ts_code"": ""01288.HK"", ""side"": ""buy"", ""current_weight"": 0.0666112286377381, ""target_weight"": 0.08859213782183212, ""post_trade_weight"": 0.08860016863649899, ""diff_weight"": 0.02198090918409401, ""gross_amount"": 0.028502200635811756, ""gross_amount_pct_nav"": 0.02198090918409401, ""fee"": 8.550660190743525e-06, ""fee_pct_nav"": 6.594272755228203e-06, ""name"": ""农业银行""}, {""ts_code"": ""01398.HK"", ""side"": ""buy"", ""current_weight"": 0.09600373454800572, ""target_weight"": 0.11583559603850159, ""post_trade_weight"": 0.11584609645339712, ""diff_weight"": 0.019831861490495886, ""gross_amount"": 0.025715573930525773, ""gross_amount_pct_nav"": 0.019831861490495886, ""fee"": 7.714672179157732e-06, ""fee_pct_nav"": 5.9495584471487656e-06, ""name"": ""工商银行""}, {""ts_code"": ""03968.HK"", ""side"": ""buy"", ""current_weight"": 0.07479712352318352, ""target_weight"": 0.10526457137500732, ""post_trade_weight"": 0.10527411353398985, ""diff_weight"": 0.030467447851823794, ""gross_amount"": 0.03950652378665956, ""gross_amount_pct_nav"": 0.030467447851823794, ""fee"": 1.1851957135997867e-05, ""fee_pct_nav"": 9.140234355547137e-06, ""name"": ""招商银行""}, {""ts_code"": ""03988.HK"", ""side"": ""buy"", ""current_weight"": 0.07027034592307892, ""target_weight"": 0.08361299382568356, ""post_trade_weight"": 0.08362057328446698, ""diff_weight"": 0.013342647902604648, ""gross_amount"": 0.017301141838492393, ""gross_amount_pct_nav"": 0.013342647902604648, ""fee"": 5.190342551547718e-06, ""fee_pct_nav"": 4.002794370781394e-06, ""name"": ""中国银行""}]"
2022-01-31,0.12826033,0.25652065,0.08329301,0.24649282,0.00009894,0.00002499,0.00007395,0.00000000,rebalance,"[{""ts_code"": ""00388.HK"", ""side"": ""sell"", ""current_weight"": 0.04113219152342858, ""target_weight"": 0.0, ""post_trade_weight"": 0.0, ""diff_weight"": -0.04113219152342858, ""gross_amount"": 0.052880006032594976, ""gross_amount_pct_nav"": 0.04113219152342858, ""fee"": 1.5864001809778492e-05, ""fee_pct_nav"": 1.2339657457028572e-05, ""name"": ""香港交易所""}, {""ts_code"": ""00728.HK"", ""side"": ""buy"", ""current_weight"": 0.0, ""target_weight"": 0.0314263811456294, ""post_trade_weight"": 0.03142879978651136, ""diff_weight"": 0.0314263811456294, ""gross_amount"": 0.04040210752244863, ""gross_amount_pct_nav"": 0.0314263811456294, ""fee"": 1.2120632256734588e-05, ""fee_pct_nav"": 9.427914343688819e-06, ""name"": ""中国电信""}, {""ts_code"": ""00857.HK"", ""side"": ""sell"", ""current_weight"": 0.07749760707550922, ""target_weight"": 0.06499198227836628, ""post_trade_weight"": 0.06499698419903319, ""diff_weight"": -0.012505624797142933, ""gross_amount"": 0.01607737128077938, ""gross_amount_pct_nav"": 0.012505624797142933, ""fee"": 4.823211384233813e-06, ""fee_pct_nav"": 3.7516874391428795e-06, ""name"": ""中国石油股份""}, {""ts_code"": ""00883.HK"", ""side"": ""buy"", ""current_weight"": 0.0, ""target_weight"": 0.03336226389739852, ""post_trade_weight"": 0.03336483152791898, ""diff_weight"": 0.03336226389739852, ""gross_amount"": 0.042890900066693174, ""gross_amount_pct_nav"": 0.03336226389739852, ""fee"": 1.286727002000795e-05, ""fee_pct_nav"": 1.0008679169219555e-05, ""name"": ""中国海洋石油""}, {""ts_code"": ""00939.HK"", ""side"": ""sell"", ""current_weight"": 0.13434506333461002, ""target_weight"": 0.1214831168275791, ""post_trade_weight"": 0.12149246642565932, ""diff_weight"": -0.012861946507030935, ""gross_amount"": 0.016535462461204076, ""gross_amount_pct_nav"": 0.012861946507030935, ""fee"": 4.960638738361222e-06, ""fee_pct_nav"": 3.85858395210928e-06, ""name"": ""建设银行""}, {""ts_code"": ""00941.HK"", ""side"": ""sell"", ""current_weight"": 0.11505816198699584, ""target_weight"": 0.0945315732317688, ""post_trade_weight"": 0.09453884858194657, ""diff_weight"": -0.020526588755227042, ""gross_amount"": 0.026389212366346698, ""gross_amount_pct_nav"": 0.020526588755227042, ""fee"": 7.91676370990401e-06, ""fee_pct_nav"": 6.1579766265681125e-06, ""name"": ""中国移动""}, {""ts_code"": ""01088.HK"", ""side"": ""sell"", ""current_weight"": 0.0353370831160125, ""target_weight"": 0.0, ""post_trade_weight"": 0.0, ""diff_weight"": -0.0353370831160125, ""gross_amount"": 0.0454297497687352, ""gross_amount_pct_nav"": 0.0353370831160125, ""fee"": 1.3628924930620559e-05, ""fee_pct_nav"": 1.0601124934803751e-05, ""name"": ""中国神华""}, {""ts_code"": ""01288.HK"", ""side"": ""sell"", ""current_weight"": 0.08935488003008933, ""target_weight"": 0.07059922488196023, ""post_trade_weight"": 0.07060465834789902, ""diff_weight"": -0.018755655148129106, ""gross_amount"": 0.02411248028963925, ""gross_amount_pct_nav"": 0.018755655148129106, ""fee"": 7.233744086891774e-06, ""fee_pct_nav"": 5.626696544438732e-06, ""name"": ""农业银行""}, {""ts_code"": ""01398.HK"", ""side"": ""sell"", ""current_weight"": 0.11652050590589189, ""target_weight"": 0.09799434119805982, ""post_trade_weight"": 0.0980018830501975, ""diff_weight"": -0.01852616470783206, ""gross_amount"": 0.02381744480969361, ""gross_amount_pct_nav"": 0.01852616470783206, ""fee"": 7.145233442908083e-06, ""fee_pct_nav"": 5.5578494123496176e-06, ""name"": ""工商银行""}, {""ts_code"": ""03968.HK"", ""side"": ""sell"", ""current_weight"": 0.10170088713156321, ""target_weight"": 0.07972743966921175, ""post_trade_weight"": 0.07973357566190224, ""diff_weight"": -0.021973447462351456, ""gross_amount"": 0.028249310122564528, ""gross_amount_pct_nav"": 0.021973447462351456, ""fee"": 8.474793036769358e-06, ""fee_pct_nav"": 6.592034238705437e-06, ""name"": ""招商银行""}, {""ts_code"": ""03988.HK"", ""side"": ""sell"", ""current_weight"": 0.08433286763297171, ""target_weight"": 0.07421956077149419, ""post_trade_weight"": 0.07422527286615413, ""diff_weight"": -0.01011330686147752, ""gross_amount"": 0.013001780552825692, ""gross_amount_pct_nav"": 0.01011330686147752, ""fee"": 3.9005341658477075e-06, ""fee_pct_nav"": 3.033992058443256e-06, ""name"": ""中国银行""}]"
2022-02-07,0.01499177,0.02998354,0.02027763,0.01966298,0.00001198,0.00000608,0.00000590,0.00000000,rebalance,"[{""ts_code"": ""01398.HK"", ""side"": ""buy"", ""current_weight"": 0.09736461618140325, ""target_weight"": 0.11258709260413709, ""post_trade_weight"": 0.11258810534098662, ""diff_weight"": 0.015222476422733831, ""gross_amount"": 0.02027762982982026, ""gross_amount_pct_nav"": 0.015222476422733831, ""fee"": 6.083288948946077e-06, ""fee_pct_nav"": 4.566742926820149e-06, ""name"": ""工商银行""}, {""ts_code"": ""03968.HK"", ""side"": ""sell"", ""current_weight"": 0.08074028490828541, ""target_weight"": 0.06597922543077785, ""post_trade_weight"": 0.06597981892325866, ""diff_weight"": -0.01476105947750757, ""gross_amount"": 0.019662983319444896, ""gross_amount_pct_nav"": 0.01476105947750757, ""fee"": 5.898894995833469e-06, ""fee_pct_nav"": 4.428317843252271e-06, ""name"": ""招商银行""}]"
2022-02-14,0.04786205,0.09572411,0.05991084,0.06851682,0.00003853,0.00001797,0.00002056,0.00000000,rebalance,"[{""ts_code"": ""00005.HK"", ""side"": ""sell"", ""current_weight"": 0.10735263701013646, ""target_weight"": 0.08777743332977495, ""post_trade_weight"": 0.08777995412708746, ""diff_weight"": -0.019575203680361516, ""gross_amount"": 0.026262953034665054, ""gross_amount_pct_nav"": 0.019575203680361516, ""fee"": 7.878885910399515e-06, ""fee_pct_nav"": 5.872561104108454e-06, ""name"": ""汇丰控股""}, {""ts_code"": ""00728.HK"", ""side"": ""sell"", ""current_weight"": 0.031494102197367556, ""target_weight"": 0.0, ""post_trade_weight"": 0.0, ""diff_weight"": -0.031494102197367556, ""gross_amount"": 0.0422538707838942, ""gross_amount_pct_nav"": 0.031494102197367556, ""fee"": 1.2676161235168258e-05, ""fee_pct_nav"": 9.448230659210265e-06, ""name"": ""中国电信""}, {""ts_code"": ""01088.HK"", ""side"": ""buy"", ""current_weight"": 0.0, ""target_weight"": 0.031141545121754797, ""post_trade_weight"": 0.031142439446415166, ""diff_weight"": 0.031141545121754797, ""gross_amount"": 0.04178086472633037, ""gross_amount_pct_nav"": 0.031141545121754797, ""fee"": 1.2534259417899111e-05, ""fee_pct_nav"": 9.34246353652644e-06, ""name"": ""中国神华""}, {""ts_code"": ""03968.HK"", ""side"": ""buy"", ""current_weight"": 0.0658437577438057, ""target_weight"": 0.07935701359708827, ""post_trade_weight"": 0.07935929257630897, ""diff_weight"": 0.013513255853282575, ""gross_amount"": 0.018129977578533102, ""gross_amount_pct_nav"": 0.013513255853282575, ""fee"": 5.43899327355993e-06, ""fee_pct_nav"": 4.0539767559847725e-06, ""name"": ""招商银行""}]"
2022-02-21,0.01311498,0.02622996,0.01559464,0.01942962,0.00001051,0.00000468,0.00000583,0.00000000,rebalance,"[{""ts_code"": ""00857.HK"", ""side"": ""buy"", ""current_weight"": 0.06636095631966046, ""target_weight"": 0.07803990814092898, ""post_trade_weight"": 0.07804052224075213, ""diff_weight"": 0.01167895182126852, ""gross_amount"": 0.015594636148432206, ""gross_amount_pct_nav"": 0.01167895182126852, ""fee"": 4.678390844529662e-06, ""fee_pct_nav"": 3.503685546380556e-06, ""name"": ""中国石油股份""}, {""ts_code"": ""00939.HK"", ""side"": ""sell"", ""current_weight"": 0.11871400303202366, ""target_weight"": 0.10416299954604105, ""post_trade_weight"": 0.1041638192097378, ""diff_weight"": -0.014551003485982608, ""gross_amount"": 0.01942962077686014, ""gross_amount_pct_nav"": 0.014551003485982608, ""fee"": 5.828886233058042e-06, ""fee_pct_nav"": 4.365301045794782e-06, ""name"": ""建设银行""}]"
2022-02-28,0.03092489,0.06184977,0.03866563,0.04121452,0.00002396,0.00001160,0.00001236,0.00000000,rebalance,"[{""ts_code"": ""00728.HK"", ""side"": ""buy"", ""current_weight"": 0.0, ""target_weight"": 0.029938105664869173, ""post_trade_weight"": 0.029938661174683676, ""diff_weight"": 0.029938105664869173, ""gross_amount"": 0.03866562765225389, ""gross_amount_pct_nav"": 0.029938105664869173, ""fee"": 1.1599688295676167e-05, ""fee_pct_nav"": 8.981431699460751e-06, ""name"": ""中国电信""}, {""ts_code"": ""01088.HK"", ""side"": ""sell"", ""current_weight"": 0.03191166680399951, ""target_weight"": 0.0, ""post_trade_weight"": 0.0, ""diff_weight"": -0.03191166680399951, ""gross_amount"": 0.04121451905536348, ""gross_amount_pct_nav"": 0.03191166680399951, ""fee"": 1.2364355716609043e-05, ""fee_pct_nav"": 9.573500041199851e-06, ""name"": ""中国神华""}]"
2022-03-07,0.04318123,0.08636245,0.07100368,0.03803435,0.00003271,0.00002130,0.00001141,0.00000000,rebalance,"[{""ts_code"": ""00728.HK"", ""side"": ""sell"", ""current_weight"": 0.030124718063174103, ""target_weight"": 0.0, ""post_trade_weight"": 0.0, ""diff_weight"": -0.030124718063174103, ""gross_amount"": 0.0380343520987477, ""gross_amount_pct_nav"": 0.030124718063174103, ""fee"": 1.1410305629624308e-05, ""fee_pct_nav"": 9.03741541895223e-06, ""name"": ""中国电信""}, {""ts_code"": ""01088.HK"", ""side"": ""buy"", ""current_weight"": 0.0, ""target_weight"": 0.03940379331494611, ""post_trade_weight"": 0.03940481424387759, ""diff_weight"": 0.03940379331494611, ""gross_amount"": 0.04974976847331962, ""gross_amount_pct_nav"": 0.03940379331494611, ""fee"": 1.4924930541995885e-05, ""fee_pct_nav"": 1.1821137994483833e-05, ""name"": ""中国神华""}, {""ts_code"": ""01288.HK"", ""side"": ""buy"", ""current_weight"": 0.06909926473248301, ""target_weight"": 0.08593320686545347, ""post_trade_weight"": 0.08593543334391361, ""diff_weight"": 0.016833942132970462, ""gross_amount"": 0.021253911188567662, ""gross_amount_pct_nav"": 0.016833942132970462, ""fee"": 6.376173356570298e-06, ""fee_pct_nav"": 5.0501826398911386e-06, ""name"": ""农业银行""}]"
2022-03-14,0.01771452,0.03542903,0.01401390,0.02942389,0.00001303,0.00000420,0.00000883,0.00000000,rebalance,"[{""ts_code"": ""00005.HK"", ""side"": ""sell"", ""current_weight"": 0.08563457616091584, ""target_weight"": 0.06163565830401701, ""post_trade_weight"": 0.06163631341851858, ""diff_weight"": -0.023998917856898828, ""gross_amount"": 0.029423894820008678, ""gross_amount_pct_nav"": 0.023998917856898828, ""fee"": 8.827168446002603e-06, ""fee_pct_nav"": 7.1996753570696474e-06, ""name"": ""汇丰控股""}, {""ts_code"": ""01398.HK"", ""side"": ""buy"", ""current_weight"": 0.1162715935712486, ""target_weight"": 0.12770170908979753, ""post_trade_weight"": 0.12770306640865808, ""diff_weight"": 0.011430115518548917, ""gross_amount"": 0.014013903410301176, ""gross_amount_pct_nav"": 0.011430115518548917, ""fee"": 4.204171023090352e-06, ""fee_pct_nav"": 3.4290346555646742e-06, ""name"": ""工商银行""}]"
2022-03-21,0.05421891,0.10843782,0.07163638,0.06399093,0.00004069,0.00002149,0.00001920,0.00000000,rebalance,"[{""ts_code"": ""00005.HK"", ""side"": ""buy"", ""current_weight"": 0.06254682782667934, ""target_weight"": 0.08482486448895496, ""post_trade_weight"": 0.08482762404583997, ""diff_weight"": 0.022278036662275624, ""gross_amount"": 0.027863986432291585, ""gross_amount_pct_nav"": 0.022278036662275624, ""fee"": 8.359195929687475e-06, ""fee_pct_nav"": 6.683410998682687e-06, ""name"": ""汇丰控股""}, {""ts_code"": ""00386.HK"", ""side"": ""sell"", ""current_weight"": 0.0366028676921301, ""target_weight"": 0.0, ""post_trade_weight"": 0.0, ""diff_weight"": -0.0366028676921301, ""gross_amount"": 0.04578059656771827, ""gross_amount_pct_nav"": 0.0366028676921301, ""fee"": 1.3734178970315479e-05, ""fee_pct_nav"": 1.098086030763903e-05, ""name"": ""中国石油化工股份""}, {""ts_code"": ""00728.HK"", ""side"": ""buy"", ""current_weight"": 0.0, ""target_weight"": 0.0349972519334684, ""post_trade_weight"": 0.03499839047825844, ""diff_weight"": 0.0349972519334684, ""gross_amount"": 0.0437723919672392, ""gross_amount_pct_nav"": 0.0349972519334684, ""fee"": 1.313171759017176e-05, ""fee_pct_nav"": 1.049917558004052e-05, ""name"": ""中国电信""}, {""ts_code"": ""03968.HK"", ""side"": ""sell"", ""current_weight"": 0.07455452498774348, ""target_weight"": 0.059994857471264706, ""post_trade_weight"": 0.05999680924829374, ""diff_weight"": -0.014559667516478775, ""gross_amount"": 0.018210329046850632, ""gross_amount_pct_nav"": 0.014559667516478775, ""fee"": 5.463098714055189e-06, ""fee_pct_nav"": 4.3679002549436316e-06, ""name"": ""招商银行""}]"
2022-03-28,0.00000000,0.00000000,0.00000000,0.00000000,0.00000000,0.00000000,0.00000000,0.00000000,rebalance,
2022-04-04,0.16116708,0.32233415,0.03114996,0.39464603,0.00012774,0.00000934,0.00011839,0.00000000,rebalance,"[{""ts_code"": ""00005.HK"", ""side"": ""sell"", ""current_weight"": 0.08453198747212005, ""target_weight"": 0.062194361827278624, ""post_trade_weight"": 0.06220037661893843, ""diff_weight"": -0.022337625644841423, ""gross_amount"": 0.029507488966771273, ""gross_amount_pct_nav"": 0.022337625644841423, ""fee"": 8.852246690031381e-06, ""fee_pct_nav"": 6.701287693452426e-06, ""name"": ""汇丰控股""}, {""ts_code"": ""00386.HK"", ""side"": ""buy"", ""current_weight"": 0.0, ""target_weight"": 0.023581002516964135, ""post_trade_weight"": 0.023583283026211307, ""diff_weight"": 0.023581002516964135, ""gross_amount"": 0.031149961175726586, ""gross_amount_pct_nav"": 0.023581002516964135, ""fee"": 9.344988352717975e-06, ""fee_pct_nav"": 7.0743007550892405e-06, ""name"": ""中国石油化工股份""}, {""ts_code"": ""00728.HK"", ""side"": ""sell"", ""current_weight"": 0.034494426176722395, ""target_weight"": 0.0, ""post_trade_weight"": 0.0, ""diff_weight"": -0.034494426176722395, ""gross_amount"": 0.045566342457699825, ""gross_amount_pct_nav"": 0.034494426176722395, ""fee"": 1.3669902737309946e-05, ""fee_pct_nav"": 1.0348327853016716e-05, ""name"": ""中国电信""}, {""ts_code"": ""00857.HK"", ""side"": ""sell"", ""current_weight"": 0.07793715500031578, ""target_weight"": 0.04507840594647858, ""post_trade_weight"": 0.04508276546094513, ""diff_weight"": -0.032858749053837205, ""gross_amount"": 0.04340565065347125, ""gross_amount_pct_nav"": 0.032858749053837205, ""fee"": 1.3021695196041375e-05, ""fee_pct_nav"": 9.85762471615116e-06, ""name"": ""中国石油股份""}, {""ts_code"": ""00883.HK"", ""side"": ""sell"", ""current_weight"": 0.03858643683313316, ""target_weight"": 0.0269945586351456, ""post_trade_weight"": 0.026997169268028847, ""diff_weight"": -0.011591878197987562, ""gross_amount"": 0.015312604099901983, ""gross_amount_pct_nav"": 0.011591878197987562, ""fee"": 4.593781229970594e-06, ""fee_pct_nav"": 3.477563459396268e-06, ""name"": ""中国海洋石油""}, {""ts_code"": ""00939.HK"", ""side"": ""sell"", ""current_weight"": 0.10351728737267386, ""target_weight"": 0.07785329390121058, ""post_trade_weight"": 0.07786082306187865, ""diff_weight"": -0.025663993471463285, ""gross_amount"": 0.03390154424838687, ""gross_amount_pct_nav"": 0.025663993471463285, ""fee"": 1.017046327451606e-05, ""fee_pct_nav"": 7.699198041438985e-06, ""name"": ""建设银行""}, {""ts_code"": ""00941.HK"", ""side"": ""sell"", ""current_weight"": 0.09621158480119882, ""target_weight"": 0.06664187903484621, ""post_trade_weight"": 0.06664832394410222, ""diff_weight"": -0.029569705766352608, ""gross_amount"": 0.03906090022834728, ""gross_amount_pct_nav"": 0.029569705766352608, ""fee"": 1.1718270068504183e-05, ""fee_pct_nav"": 8.87091172990578e-06, ""name"": ""中国移动""}, {""ts_code"": ""01088.HK"", ""side"": ""sell"", ""current_weight"": 0.043083670480383696, ""target_weight"": 0.02657887296863006, ""post_trade_weight"": 0.026581443400720075, ""diff_weight"": -0.01650479751175363, ""gross_amount"": 0.021802457352459656, ""gross_amount_pct_nav"": 0.01650479751175363, ""fee"": 6.540737205737896e-06, ""fee_pct_nav"": 4.951439253526089e-06, ""name"": ""中国神华""}, {""ts_code"": ""01288.HK"", ""side"": ""sell"", ""current_weight"": 0.08802617756772749, ""target_weight"": 0.05728784901066909, ""post_trade_weight"": 0.05729338929545237, ""diff_weight"": -0.03073832855705839, ""gross_amount"": 0.0406046240175868, ""gross_amount_pct_nav"": 0.03073832855705839, ""fee"": 1.2181387205276039e-05, ""fee_pct_nav"": 9.221498567117517e-06, ""name"": ""农业银行""}, {""ts_code"": ""01398.HK"", ""side"": ""sell"", ""current_weight"": 0.12501952078304474, ""target_weight"": 0.08499843729570403, ""post_trade_weight"": 0.08500665746030933, ""diff_weight"": -0.04002108348734071, ""gross_amount"": 0.052866929467665066, ""gross_amount_pct_nav"": 0.04002108348734071, ""fee"": 1.5860078840299517e-05, ""fee_pct_nav"": 1.200632504620221e-05, ""name"": ""工商银行""}, {""ts_code"": ""01658.HK"", ""side"": ""sell"", ""current_weight"": 0.04907350327309616, ""target_weight"": 0.03356143106251266, ""post_trade_weight"": 0.033564676774981046, ""diff_weight"": -0.015512072210583502, ""gross_amount"": 0.020491090095390546, ""gross_amount_pct_nav"": 0.015512072210583502, ""fee"": 6.147327028617163e-06, ""fee_pct_nav"": 4.65362166317505e-06, ""name"": ""邮储银行""}, {""ts_code"": ""03968.HK"", ""side"": ""sell"", ""current_weight"": 0.059364872715935005, ""target_weight"": 0.03833874824832098, ""post_trade_weight"": 0.03834245597320852, ""diff_weight"": -0.021026124467614024, ""gross_amount"": 0.027775026119902763, ""gross_amount_pct_nav"": 0.021026124467614024, ""fee"": 8.332507835970829e-06, ""fee_pct_nav"": 6.307837340284207e-06, ""name"": ""招商银行""}, {""ts_code"": ""03988.HK"", ""side"": ""sell"", ""current_weight"": 0.07526750243169432, ""target_weight"": 0.05683313940522365, ""post_trade_weight"": 0.0568386357152243, ""diff_weight"": -0.018434363026470668, ""gross_amount"": 0.024351368953067665, ""gross_amount_pct_nav"": 0.018434363026470668, ""fee"": 7.305410685920299e-06, ""fee_pct_nav"": 5.5303089079412e-06, ""name"": ""中国银行""}]"
2022-04-11,0.02291297,0.04582593,0.02936142,0.03074803,0.00001803,0.00000881,0.00000922,0.00000000,rebalance,"[{""ts_code"": ""00386.HK"", ""side"": ""sell"", ""current_weight"": 0.02344152551392926, ""target_weight"": 0.0, ""post_trade_weight"": 0.0, ""diff_weight"": -0.02344152551392926, ""gross_amount"": 0.030748026192813985, ""gross_amount_pct_nav"": 0.02344152551392926, ""fee"": 9.224407857844195e-06, ""fee_pct_nav"": 7.032457654178778e-06, ""name"": ""中国石油化工股份""}, {""ts_code"": ""00728.HK"", ""side"": ""buy"", ""current_weight"": 0.0, ""target_weight"": 0.022384408239515343, ""post_trade_weight"": 0.022384715979668818, ""diff_weight"": 0.022384408239515343, ""gross_amount"": 0.029361415512410918, ""gross_amount_pct_nav"": 0.022384408239515343, ""fee"": 8.808424653723275e-06, ""fee_pct_nav"": 6.715322471854603e-06, ""name"": ""中国电信""}]"
2022-04-19,0.00000000,0.00000000,0.00000000,0.00000000,0.00000000,0.00000000,0.00000000,0.00000000,rebalance,
2022-04-25,0.02724523,0.05449047,0.03149384,0.03774677,0.00002077,0.00000945,0.00001132,0.00000000,rebalance,"[{""ts_code"": ""00386.HK"", ""side"": ""buy"", ""current_weight"": 0.0, ""target_weight"": 0.02478479126626405, ""post_trade_weight"": 0.024785196433360367, ""diff_weight"": 0.02478479126626405, ""gross_amount"": 0.03149384102815245, ""gross_amount_pct_nav"": 0.02478479126626405, ""fee"": 9.448152308445734e-06, ""fee_pct_nav"": 7.435437379879215e-06, ""name"": ""中国石油化工股份""}, {""ts_code"": ""03968.HK"", ""side"": ""sell"", ""current_weight"": 0.029705678129279232, ""target_weight"": 0.0, ""post_trade_weight"": 0.0, ""diff_weight"": -0.029705678129279232, ""gross_amount"": 0.037746773599437504, ""gross_amount_pct_nav"": 0.029705678129279232, ""fee"": 1.132403207983125e-05, ""fee_pct_nav"": 8.91170343878377e-06, ""name"": ""招商银行""}]"
2022-05-03,0.00000000,0.00000000,0.00000000,0.00000000,0.00000000,0.00000000,0.00000000,0.00000000,rebalance,
2022-05-10,0.01130716,0.02261433,0.02842266,0.00000000,0.00000853,0.00000853,0.00000000,0.00000000,rebalance,"[{""ts_code"": ""00857.HK"", ""side"": ""buy"", ""current_weight"": 0.04421047851458566, ""target_weight"": 0.05456090434549541, ""post_trade_weight"": 0.05456127450547163, ""diff_weight"": 0.01035042583090975, ""gross_amount"": 0.013008861048951971, ""gross_amount_pct_nav"": 0.01035042583090975, ""fee"": 3.902658314685591e-06, ""fee_pct_nav"": 3.105127749272925e-06, ""name"": ""中国石油股份""}, {""ts_code"": ""01398.HK"", ""side"": ""buy"", ""current_weight"": 0.0835346967392915, ""target_weight"": 0.09579859945128451, ""post_trade_weight"": 0.09579924938199441, ""diff_weight"": 0.012263902711993008, ""gross_amount"": 0.015413801219824746, ""gross_amount_pct_nav"": 0.012263902711993008, ""fee"": 4.624140365947423e-06, ""fee_pct_nav"": 3.6791708135979017e-06, ""name"": ""工商银行""}]"
2022-05-16,0.00641226,0.01282452,0.00000000,0.01608247,0.00000482,0.00000000,0.00000482,0.00000000,rebalance,"[{""ts_code"": ""00005.HK"", ""side"": ""sell"", ""current_weight"": 0.058067369991270976, ""target_weight"": 0.0452428483044492, ""post_trade_weight"": 0.04524302237048567, ""diff_weight"": -0.012824521686821775, ""gross_amount"": 0.016082468814489298, ""gross_amount_pct_nav"": 0.012824521686821775, ""fee"": 4.824740644346789e-06, ""fee_pct_nav"": 3.847356506046532e-06, ""name"": ""汇丰控股""}]"
2022-05-23,0.00000000,0.00000000,0.00000000,0.00000000,0.00000000,0.00000000,0.00000000,0.00000000,rebalance,
2022-05-30,0.00530221,0.01060443,0.00000000,0.01378519,0.00000414,0.00000000,0.00000414,0.00000000,rebalance,"[{""ts_code"": ""01398.HK"", ""side"": ""sell"", ""current_weight"": 0.09545220085372337, ""target_weight"": 0.08484777514279206, ""post_trade_weight"": 0.08484804507222926, ""diff_weight"": -0.010604425710931316, ""gross_amount"": 0.01378519245131743, ""gross_amount_pct_nav"": 0.010604425710931316, ""fee"": 4.1355577353952285e-06, ""fee_pct_nav"": 3.1813277132793942e-06, ""name"": ""工商银行""}]"
2022-06-06,0.00785123,0.01570246,0.02050334,0.00000000,0.00000615,0.00000615,0.00000000,0.00000000,rebalance,"[{""ts_code"": ""00005.HK"", ""side"": ""buy"", ""current_weight"": 0.04775834104107778, ""target_weight"": 0.06346080019454621, ""post_trade_weight"": 0.06346109914314135, ""diff_weight"": 0.015702459153468427, ""gross_amount"": 0.02050333996448009, ""gross_amount_pct_nav"": 0.015702459153468427, ""fee"": 6.151001989344026e-06, ""fee_pct_nav"": 4.710737746040527e-06, ""name"": ""汇丰控股""}]"
2022-06-13,0.00000000,0.00000000,0.00000000,0.00000000,0.00000000,0.00000000,0.00000000,0.00000000,rebalance,
2022-06-20,0.00000000,0.00000000,0.00000000,0.00000000,0.00000000,0.00000000,0.00000000,0.00000000,rebalance,
2022-06-27,0.12136211,0.24272421,0.31216307,0.00000000,0.00009365,0.00009365,0.00000000,0.00000000,rebalance,"[{""ts_code"": ""00005.HK"", ""side"": ""buy"", ""current_weight"": 0.06338357314981764, ""target_weight"": 0.08305696894029731, ""post_trade_weight"": 0.08306301736199022, ""diff_weight"": 0.019673395790479664, ""gross_amount"": 0.02530158638082307, ""gross_amount_pct_nav"": 0.019673395790479664, ""fee"": 7.5904759142469195e-06, ""fee_pct_nav"": 5.902018737143898e-06, ""name"": ""汇丰控股""}, {""ts_code"": ""00386.HK"", ""side"": ""buy"", ""current_weight"": 0.02685209504571597, ""target_weight"": 0.03740588568425272, ""post_trade_weight"": 0.037408609676872505, ""diff_weight"": 0.010553790638536746, ""gross_amount"": 0.013573032756006423, ""gross_amount_pct_nav"": 0.010553790638536746, ""fee"": 4.0719098268019265e-06, ""fee_pct_nav"": 3.1661371915610238e-06, ""name"": ""中国石油化工股份""}, {""ts_code"": ""00857.HK"", ""side"": ""buy"", ""current_weight"": 0.05576079041331972, ""target_weight"": 0.0796388031780985, ""post_trade_weight"": 0.07964460268018587, ""diff_weight"": 0.023878012764778776, ""gross_amount"": 0.030709065633844804, ""gross_amount_pct_nav"": 0.023878012764778776, ""fee"": 9.21271969015344e-06, ""fee_pct_nav"": 7.163403829433633e-06, ""name"": ""中国石油股份""}, {""ts_code"": ""00939.HK"", ""side"": ""buy"", ""current_weight"": 0.07534242774399029, ""target_weight"": 0.11070606974252524, ""post_trade_weight"": 0.11071413164271628, ""diff_weight"": 0.035363641998534937, ""gross_amount"": 0.04548051857927975, ""gross_amount_pct_nav"": 0.035363641998534937, ""fee"": 1.3644155573783922e-05, ""fee_pct_nav"": 1.060909259956048e-05, ""name"": ""建设银行""}, {""ts_code"": ""00941.HK"", ""side"": ""buy"", ""current_weight"": 0.06690832811148095, ""target_weight"": 0.09698033941424021, ""post_trade_weight"": 0.09698740177151358, ""diff_weight"": 0.03007201130275926, ""gross_amount"": 0.03867505130914159, ""gross_amount_pct_nav"": 0.03007201130275926, ""fee"": 1.1602515392742476e-05, ""fee_pct_nav"": 9.021603390827778e-06, ""name"": ""中国移动""}, {""ts_code"": ""01088.HK"", ""side"": ""buy"", ""current_weight"": 0.027343174357920212, ""target_weight"": 0.04116500183605524, ""post_trade_weight"": 0.04116799957716319, ""diff_weight"": 0.013821827478135025, ""gross_amount"": 0.017775993814352103, ""gross_amount_pct_nav"": 0.013821827478135025, ""fee"": 5.332798144305631e-06, ""fee_pct_nav"": 4.146548243440507e-06, ""name"": ""中国神华""}, {""ts_code"": ""01288.HK"", ""side"": ""buy"", ""current_weight"": 0.05662644188088678, ""target_weight"": 0.08727352302664367, ""post_trade_weight"": 0.08727987850862942, ""diff_weight"": 0.03064708114575689, ""gross_amount"": 0.03941463787887105, ""gross_amount_pct_nav"": 0.03064708114575689, ""fee"": 1.1824391363661314e-05, ""fee_pct_nav"": 9.194124343727067e-06, ""name"": ""农业银行""}, {""ts_code"": ""01398.HK"", ""side"": ""buy"", ""current_weight"": 0.08345089678332482, ""target_weight"": 0.12999394847618012, ""post_trade_weight"": 0.13000341496921428, ""diff_weight"": 0.04654305169285532, ""gross_amount"": 0.05985814830217373, ""gross_amount_pct_nav"": 0.04654305169285532, ""fee"": 1.7957444490652118e-05, ""fee_pct_nav"": 1.3962915507856594e-05, ""name"": ""工商银行""}, {""ts_code"": ""01658.HK"", ""side"": ""buy"", ""current_weight"": 0.0312697415460977, ""target_weight"": 0.043424428005208855, ""post_trade_weight"": 0.04342759028353059, ""diff_weight"": 0.012154686459111157, ""gross_amount"": 0.01563191492979786, ""gross_amount_pct_nav"": 0.012154686459111157, ""fee"": 4.689574478939358e-06, ""fee_pct_nav"": 3.646405937733347e-06, ""name"": ""邮储银行""}, {""ts_code"": ""03988.HK"", ""side"": ""buy"", ""current_weight"": 0.05766906002485841, ""target_weight"": 0.07768577525224689, ""post_trade_weight"": 0.07769143252982709, ""diff_weight"": 0.02001671522738847, ""gross_amount"": 0.025743123087636405, ""gross_amount_pct_nav"": 0.02001671522738847, ""fee"": 7.72293692629092e-06, ""fee_pct_nav"": 6.00501456821654e-06, ""name"": ""中国银行""}]"
2022-07-04,0.04492548,0.08985096,0.07221970,0.04728044,0.00003585,0.00002167,0.00001418,0.00000000,rebalance,"[{""ts_code"": ""00728.HK"", ""side"": ""sell"", ""current_weight"": 0.02191866886364939, ""target_weight"": 0.0, ""post_trade_weight"": 0.0, ""diff_weight"": -0.02191866886364939, ""gross_amount"": 0.02915142832869807, ""gross_amount_pct_nav"": 0.02191866886364939, ""fee"": 8.74542849860942e-06, ""fee_pct_nav"": 6.575600659094817e-06, ""name"": ""中国电信""}, {""ts_code"": ""01299.HK"", ""side"": ""buy"", ""current_weight"": 0.0, ""target_weight"": 0.0543012705866682, ""post_trade_weight"": 0.054302734332542464, ""diff_weight"": 0.0543012705866682, ""gross_amount"": 0.07221969579958062, ""gross_amount_pct_nav"": 0.0543012705866682, ""fee"": 2.1665908739874186e-05, ""fee_pct_nav"": 1.629038117600046e-05, ""name"": ""友邦保险""}, {""ts_code"": ""01398.HK"", ""side"": ""sell"", ""current_weight"": 0.13946674246563187, ""target_weight"": 0.1258357200042241, ""post_trade_weight"": 0.12583911203380282, ""diff_weight"": -0.01363102246140775, ""gross_amount"": 0.018129010333725243, ""gross_amount_pct_nav"": 0.01363102246140775, ""fee"": 5.438703100117572e-06, ""fee_pct_nav"": 4.089306738422324e-06, ""name"": ""工商银行""}]"
2022-07-11,0.09407354,0.18814707,0.12502834,0.12408175,0.00007473,0.00003751,0.00003722,0.00000000,rebalance,"[{""ts_code"": ""00386.HK"", ""side"": ""sell"", ""current_weight"": 0.03572242293701365, ""target_weight"": 0.0, ""post_trade_weight"": 0.0, ""diff_weight"": -0.03572242293701365, ""gross_amount"": 0.0472971276650112, ""gross_amount_pct_nav"": 0.03572242293701365, ""fee"": 1.4189138299503359e-05, ""fee_pct_nav"": 1.0716726881104095e-05, ""name"": ""中国石油化工股份""}, {""ts_code"": ""00857.HK"", ""side"": ""sell"", ""current_weight"": 0.07338991849981644, ""target_weight"": 0.057331000491140045, ""post_trade_weight"": 0.05733423667177221, ""diff_weight"": -0.016058918008676388, ""gross_amount"": 0.021262295017265453, ""gross_amount_pct_nav"": 0.016058918008676388, ""fee"": 6.378688505179635e-06, ""fee_pct_nav"": 4.8176754026029155e-06, ""name"": ""中国石油股份""}, {""ts_code"": ""00883.HK"", ""side"": ""sell"", ""current_weight"": 0.029121499467897254, ""target_weight"": 0.0, ""post_trade_weight"": 0.0, ""diff_weight"": -0.029121499467897254, ""gross_amount"": 0.03855738678639691, ""gross_amount_pct_nav"": 0.029121499467897254, ""fee"": 1.1567216035919073e-05, ""fee_pct_nav"": 8.736449840369175e-06, ""name"": ""中国海洋石油""}, {""ts_code"": ""00939.HK"", ""side"": ""sell"", ""current_weight"": 0.11596394902724334, ""target_weight"": 0.10315072371133263, ""post_trade_weight"": 0.1031565462919855, ""diff_weight"": -0.01281322531591071, ""gross_amount"": 0.016964939770063803, ""gross_amount_pct_nav"": 0.01281322531591071, ""fee"": 5.08948193101914e-06, ""fee_pct_nav"": 3.843967594773212e-06, ""name"": ""建设银行""}, {""ts_code"": ""01211.HK"", ""side"": ""buy"", ""current_weight"": 0.0, ""target_weight"": 0.04756570555985166, ""post_trade_weight"": 0.047568390515874914, ""diff_weight"": 0.04756570555985166, ""gross_amount"": 0.06297784594027626, ""gross_amount_pct_nav"": 0.04756570555985166, ""fee"": 1.8893353782082877e-05, ""fee_pct_nav"": 1.4269711667955495e-05, ""name"": ""比亚迪股份""}, {""ts_code"": ""02628.HK"", ""side"": ""buy"", ""current_weight"": 0.0, ""target_weight"": 0.046865301037337874, ""post_trade_weight"": 0.04686794645741145, ""diff_weight"": 0.046865301037337874, ""gross_amount"": 0.062050497810030567, ""gross_amount_pct_nav"": 0.046865301037337874, ""fee"": 1.8615149343009168e-05, ""fee_pct_nav"": 1.4059590311201361e-05, ""name"": ""中国人寿""}]"
2022-07-18,0.13154656,0.26309312,0.00000000,0.34310603,0.00010293,0.00000000,0.00010293,0.00000000,rebalance,"[{""ts_code"": ""00005.HK"", ""side"": ""sell"", ""current_weight"": 0.07771792699435472, ""target_weight"": 0.057407832249791554, ""post_trade_weight"": 0.057412363689155727, ""diff_weight"": -0.02031009474456316, ""gross_amount"": 0.02648688003181489, ""gross_amount_pct_nav"": 0.02031009474456316, ""fee"": 7.946064009544465e-06, ""fee_pct_nav"": 6.0930284233689475e-06, ""name"": ""汇丰控股""}, {""ts_code"": ""00857.HK"", ""side"": ""sell"", ""current_weight"": 0.05938540963604533, ""target_weight"": 0.04427035858319194, ""post_trade_weight"": 0.04427385302702805, ""diff_weight"": -0.015115051052853386, ""gross_amount"": 0.01971189937549924, ""gross_amount_pct_nav"": 0.015115051052853386, ""fee"": 5.9135698126497715e-06, ""fee_pct_nav"": 4.534515315856015e-06, ""name"": ""中国石油股份""}, {""ts_code"": ""00939.HK"", ""side"": ""sell"", ""current_weight"": 0.10210018570458844, ""target_weight"": 0.07593495775673292, ""post_trade_weight"": 0.07594095161929855, ""diff_weight"": -0.026165227947855516, ""gross_amount"": 0.03412269919841013, ""gross_amount_pct_nav"": 0.026165227947855516, ""fee"": 1.0236809759523037e-05, ""fee_pct_nav"": 7.849568384356654e-06, ""name"": ""建设银行""}, {""ts_code"": ""00941.HK"", ""side"": ""sell"", ""current_weight"": 0.097701450630769, ""target_weight"": 0.07375051253541103, ""post_trade_weight"": 0.07375633397061479, ""diff_weight"": -0.023950938095357976, ""gross_amount"": 0.031234990873245008, ""gross_amount_pct_nav"": 0.023950938095357976, ""fee"": 9.370497261973502e-06, ""fee_pct_nav"": 7.1852814286073925e-06, ""name"": ""中国移动""}, {""ts_code"": ""01088.HK"", ""side"": ""sell"", ""current_weight"": 0.04606154514476731, ""target_weight"": 0.029259708541838604, ""post_trade_weight"": 0.029262018132531625, ""diff_weight"": -0.016801836602928704, ""gross_amount"": 0.021911676730856172, ""gross_amount_pct_nav"": 0.016801836602928704, ""fee"": 6.573503019256851e-06, ""fee_pct_nav"": 5.040550980878611e-06, ""name"": ""中国神华""}, {""ts_code"": ""01211.HK"", ""side"": ""sell"", ""current_weight"": 0.046244587692721315, ""target_weight"": 0.029898364917664202, ""post_trade_weight"": 0.02990072492016565, ""diff_weight"": -0.016346222775057116, ""gross_amount"": 0.021317499847318927, ""gross_amount_pct_nav"": 0.016346222775057116, ""fee"": 6.395249954195677e-06, ""fee_pct_nav"": 4.9038668325171345e-06, ""name"": ""比亚迪股份""}, {""ts_code"": ""01288.HK"", ""side"": ""sell"", ""current_weight"": 0.08895075101672295, ""target_weight"": 0.05741369787753298, ""post_trade_weight"": 0.05741822977989558, ""diff_weight"": -0.03153705313918996, ""gross_amount"": 0.04112822483402266, ""gross_amount_pct_nav"": 0.03153705313918996, ""fee"": 1.2338467450206797e-05, ""fee_pct_nav"": 9.461115941756988e-06, ""name"": ""农业银行""}, {""ts_code"": ""01299.HK"", ""side"": ""sell"", ""current_weight"": 0.05437168686042953, ""target_weight"": 0.04331199117839543, ""post_trade_weight"": 0.04331540997429966, ""diff_weight"": -0.011059695682034095, ""gross_amount"": 0.014423213500608358, ""gross_amount_pct_nav"": 0.011059695682034095, ""fee"": 4.326964050182507e-06, ""fee_pct_nav"": 3.317908704610228e-06, ""name"": ""友邦保险""}, {""ts_code"": ""01398.HK"", ""side"": ""sell"", ""current_weight"": 0.12210446416423343, ""target_weight"": 0.0834792374534247, ""post_trade_weight"": 0.08348582681741673, ""diff_weight"": -0.03862522671080873, ""gross_amount"": 0.050372081418512724, ""gross_amount_pct_nav"": 0.03862522671080873, ""fee"": 1.5111624425553815e-05, ""fee_pct_nav"": 1.1587568013242618e-05, ""name"": ""工商银行""}, {""ts_code"": ""01658.HK"", ""side"": ""sell"", ""current_weight"": 0.04148699800520277, ""target_weight"": 0.025089358424384842, ""post_trade_weight"": 0.025091338831969148, ""diff_weight"": -0.016397639580817927, ""gross_amount"": 0.0213845537327357, ""gross_amount_pct_nav"": 0.016397639580817927, ""fee"": 6.415366119820709e-06, ""fee_pct_nav"": 4.919291874245377e-06, ""name"": ""邮储银行""}, {""ts_code"": ""02628.HK"", ""side"": ""sell"", ""current_weight"": 0.04574217488810286, ""target_weight"": 0.02797714495586031, ""post_trade_weight"": 0.027979353308466248, ""diff_weight"": -0.01776502993224255, ""gross_amount"": 0.023167800174977944, ""gross_amount_pct_nav"": 0.01776502993224255, ""fee"": 6.9503400524933825e-06, ""fee_pct_nav"": 5.329508979672764e-06, ""name"": ""中国人寿""}, {""ts_code"": ""03988.HK"", ""side"": ""sell"", ""current_weight"": 0.08117858234370742, ""target_weight"": 0.052159478764199844, ""post_trade_weight"": 0.05216359592915842, ""diff_weight"": -0.02901910357950757, ""gross_amount"": 0.03784450662629142, ""gross_amount_pct_nav"": 0.02901910357950757, ""fee"": 1.1353351987887426e-05, ""fee_pct_nav"": 8.705731073852271e-06, ""name"": ""中国银行""}]"
2022-07-25,0.14666220,0.29332439,0.34751255,0.03314641,0.00011420,0.00010425,0.00000994,0.00000000,rebalance,"[{""ts_code"": ""00005.HK"", ""side"": ""buy"", ""current_weight"": 0.05734616113842927, ""target_weight"": 0.08185889107931558, ""post_trade_weight"": 0.0818660950760574, ""diff_weight"": 0.02451272994088631, ""gross_amount"": 0.03181116391427222, ""gross_amount_pct_nav"": 0.02451272994088631, ""fee"": 9.543349174281663e-06, ""fee_pct_nav"": 7.353818982265892e-06, ""name"": ""汇丰控股""}, {""ts_code"": ""00857.HK"", ""side"": ""buy"", ""current_weight"": 0.043898869580638405, ""target_weight"": 0.07032519560844339, ""post_trade_weight"": 0.07033138458160623, ""diff_weight"": 0.026426326027804974, ""gross_amount"": 0.03429451517435135, ""gross_amount_pct_nav"": 0.026426326027804974, ""fee"": 1.0288354552305404e-05, ""fee_pct_nav"": 7.927897808341493e-06, ""name"": ""中国石油股份""}, {""ts_code"": ""00939.HK"", ""side"": ""buy"", ""current_weight"": 0.07577359509866852, ""target_weight"": 0.10625415528580873, ""post_trade_weight"": 0.10626350618927675, ""diff_weight"": 0.0304805601871402, ""gross_amount"": 0.039555859288224915, ""gross_amount_pct_nav"": 0.0304805601871402, ""fee"": 1.1866757786467473e-05, ""fee_pct_nav"": 9.144168056142059e-06, ""name"": ""建设银行""}, {""ts_code"": ""00941.HK"", ""side"": ""buy"", ""current_weight"": 0.07395851653390711, ""target_weight"": 0.10540903887941584, ""post_trade_weight"": 0.10541831540836258, ""diff_weight"": 0.03145052234550873, ""gross_amount"": 0.04081461852413672, ""gross_amount_pct_nav"": 0.03145052234550873, ""fee"": 1.2244385557241014e-05, ""fee_pct_nav"": 9.435156703652616e-06, ""name"": ""中国移动""}, {""ts_code"": ""01211.HK"", ""side"": ""buy"", ""current_weight"": 0.029022291120168395, ""target_weight"": 0.04100754857117622, ""post_trade_weight"": 0.04101115744300922, ""diff_weight"": 0.01198525745100783, ""gross_amount"": 0.015553754732671649, ""gross_amount_pct_nav"": 0.01198525745100783, ""fee"": 4.666126419801494e-06, ""fee_pct_nav"": 3.5955772353023485e-06, ""name"": ""比亚迪股份""}, {""ts_code"": ""01288.HK"", ""side"": ""buy"", ""current_weight"": 0.05849008815813492, ""target_weight"": 0.081860185582651, ""post_trade_weight"": 0.08186738969331565, ""diff_weight"": 0.023370097424516078, ""gross_amount"": 0.03032832335103479, ""gross_amount_pct_nav"": 0.023370097424516078, ""fee"": 9.098497005310435e-06, ""fee_pct_nav"": 7.011029227354823e-06, ""name"": ""农业银行""}, {""ts_code"": ""01299.HK"", ""side"": ""buy"", ""current_weight"": 0.04167452680234896, ""target_weight"": 0.05522631989515895, ""post_trade_weight"": 0.05523118009083643, ""diff_weight"": 0.013551793092809988, ""gross_amount"": 0.0175867115758749, ""gross_amount_pct_nav"": 0.013551793092809988, ""fee"": 5.27601347276247e-06, ""fee_pct_nav"": 4.065537927842996e-06, ""name"": ""友邦保险""}, {""ts_code"": ""01398.HK"", ""side"": ""buy"", ""current_weight"": 0.08388985612450592, ""target_weight"": 0.1170699753422606, ""post_trade_weight"": 0.11708027809263763, ""diff_weight"": 0.03318011921775468, ""gross_amount"": 0.04305918654007429, ""gross_amount_pct_nav"": 0.03318011921775468, ""fee"": 1.2917755962022287e-05, ""fee_pct_nav"": 9.954035765326405e-06, ""name"": ""工商银行""}, {""ts_code"": ""01658.HK"", ""side"": ""sell"", ""current_weight"": 0.025541630455218622, ""target_weight"": 0.0, ""post_trade_weight"": 0.0, ""diff_weight"": -0.025541630455218622, ""gross_amount"": 0.03314640984533887, ""gross_amount_pct_nav"": 0.025541630455218622, ""fee"": 9.94392295360166e-06, ""fee_pct_nav"": 7.662489136565587e-06, ""name"": ""邮储银行""}, {""ts_code"": ""02628.HK"", ""side"": ""buy"", ""current_weight"": 0.027678274423774622, ""target_weight"": 0.03938226787420982, ""post_trade_weight"": 0.03938573371311516, ""diff_weight"": 0.011703993450435197, ""gross_amount"": 0.015188747030674486, ""gross_amount_pct_nav"": 0.011703993450435197, ""fee"": 4.556624109202346e-06, ""fee_pct_nav"": 3.5111980351305592e-06, ""name"": ""中国人寿""}, {""ts_code"": ""03988.HK"", ""side"": ""buy"", ""current_weight"": 0.05241604143184991, ""target_weight"": 0.0753456421809909, ""post_trade_weight"": 0.07535227297886299, ""diff_weight"": 0.022929600749140983, ""gross_amount"": 0.029756672948250545, ""gross_amount_pct_nav"": 0.022929600749140983, ""fee"": 8.927001884475163e-06, ""fee_pct_nav"": 6.878880224742295e-06, ""name"": ""中国银行""}, {""ts_code"": ""09633.HK"", ""side"": ""buy"", ""current_weight"": 0.0, ""target_weight"": 0.038191760547812016, ""post_trade_weight"": 0.03819512161604691, ""diff_weight"": 0.038191760547812016, ""gross_amount"": 0.04956299677314337, ""gross_amount_pct_nav"": 0.038191760547812016, ""fee"": 1.4868899031943008e-05, ""fee_pct_nav"": 1.1457528164343604e-05, ""name"": ""农夫山泉""}]"
2022-08-01,0.04856090,0.09712179,0.07633475,0.05068128,0.00003810,0.00002290,0.00001520,0.00000000,rebalance,"[{""ts_code"": ""00386.HK"", ""side"": ""buy"", ""current_weight"": 0.0, ""target_weight"": 0.04181855812006492, ""post_trade_weight"": 0.04181977660358204, ""diff_weight"": 0.04181855812006492, ""gross_amount"": 0.05469037325363285, ""gross_amount_pct_nav"": 0.04181855812006492, ""fee"": 1.6407111976089853e-05, ""fee_pct_nav"": 1.2545567436019473e-05, ""name"": ""中国石油化工股份""}, {""ts_code"": ""01088.HK"", ""side"": ""buy"", ""current_weight"": 0.028415218021614116, ""target_weight"": 0.04496541953162105, ""post_trade_weight"": 0.04496672970645736, ""diff_weight"": 0.016550201510006933, ""gross_amount"": 0.02164437844572227, ""gross_amount_pct_nav"": 0.016550201510006933, ""fee"": 6.4933135337166805e-06, ""fee_pct_nav"": 4.965060453002079e-06, ""name"": ""中国神华""}, {""ts_code"": ""02628.HK"", ""side"": ""sell"", ""current_weight"": 0.03875303425794464, ""target_weight"": 0.0, ""post_trade_weight"": 0.0, ""diff_weight"": -0.03875303425794464, ""gross_amount"": 0.05068127653260472, ""gross_amount_pct_nav"": 0.03875303425794464, ""fee"": 1.5204382959781415e-05, ""fee_pct_nav"": 1.1625910277383389e-05, ""name"": ""中国人寿""}]"
2022-08-08,0.00733452,0.01466903,0.01904538,0.00000000,0.00000571,0.00000571,0.00000000,0.00000000,rebalance,"[{""ts_code"": ""00941.HK"", ""side"": ""buy"", ""current_weight"": 0.10768761853850425, ""target_weight"": 0.12235665141160873, ""post_trade_weight"": 0.12235718987010086, ""diff_weight"": 0.014669032873104467, ""gross_amount"": 0.019045381764287828, ""gross_amount_pct_nav"": 0.014669032873104467, ""fee"": 5.7136145292863474e-06, ""fee_pct_nav"": 4.40070986193134e-06, ""name"": ""中国移动""}]"
2022-08-15,0.13771340,0.27542680,0.00000000,0.35888530,0.00010767,0.00000000,0.00010767,0.00000000,rebalance,"[{""ts_code"": ""00005.HK"", ""side"": ""sell"", ""current_weight"": 0.08710356210547272, ""target_weight"": 0.07014618468361093, ""post_trade_weight"": 0.07015198120423125, ""diff_weight"": -0.016957377421861784, ""gross_amount"": 0.02209572019707748, ""gross_amount_pct_nav"": 0.016957377421861784, ""fee"": 6.628716059123243e-06, ""fee_pct_nav"": 5.087213226558535e-06, ""name"": ""汇丰控股""}, {""ts_code"": ""00386.HK"", ""side"": ""sell"", ""current_weight"": 0.04103349421941581, ""target_weight"": 0.030611316552311724, ""post_trade_weight"": 0.030613846114374305, ""diff_weight"": -0.010422177667104088, ""gross_amount"": 0.013580255710984708, ""gross_amount_pct_nav"": 0.010422177667104088, ""fee"": 4.074076713295412e-06, ""fee_pct_nav"": 3.1266533001312262e-06, ""name"": ""中国石油化工股份""}, {""ts_code"": ""00857.HK"", ""side"": ""sell"", ""current_weight"": 0.0667500243371244, ""target_weight"": 0.04717593273553937, ""post_trade_weight"": 0.04717983111245206, ""diff_weight"": -0.019574091601585037, ""gross_amount"": 0.02550533849550314, ""gross_amount_pct_nav"": 0.019574091601585037, ""fee"": 7.651601548650942e-06, ""fee_pct_nav"": 5.872227480475512e-06, ""name"": ""中国石油股份""}, {""ts_code"": ""00939.HK"", ""side"": ""sell"", ""current_weight"": 0.10433005096430528, ""target_weight"": 0.06443731834944585, ""post_trade_weight"": 0.06444264311865769, ""diff_weight"": -0.03989273261485942, ""gross_amount"": 0.051980836176846956, ""gross_amount_pct_nav"": 0.03989273261485942, ""fee"": 1.5594250853054085e-05, ""fee_pct_nav"": 1.1967819784457825e-05, ""name"": ""建设银行""}, {""ts_code"": ""00941.HK"", ""side"": ""sell"", ""current_weight"": 0.12552296065142646, ""target_weight"": 0.08155489414422336, ""post_trade_weight"": 0.08156163342202909, ""diff_weight"": -0.043968066507203106, ""gross_amount"": 0.05729105810295693, ""gross_amount_pct_nav"": 0.043968066507203106, ""fee"": 1.7187317430887077e-05, ""fee_pct_nav"": 1.319041995216093e-05, ""name"": ""中国移动""}, {""ts_code"": ""01088.HK"", ""side"": ""sell"", ""current_weight"": 0.04614748057054863, ""target_weight"": 0.03138664211799949, ""post_trade_weight"": 0.03138923574898684, ""diff_weight"": -0.014760838452549137, ""gross_amount"": 0.019233596576160833, ""gross_amount_pct_nav"": 0.014760838452549137, ""fee"": 5.77007897284825e-06, ""fee_pct_nav"": 4.428251535764741e-06, ""name"": ""中国神华""}, {""ts_code"": ""01211.HK"", ""side"": ""sell"", ""current_weight"": 0.04115857171996494, ""target_weight"": 0.026732464362196257, ""post_trade_weight"": 0.026734673395825186, ""diff_weight"": -0.014426107357768685, ""gross_amount"": 0.018797436878376726, ""gross_amount_pct_nav"": 0.014426107357768685, ""fee"": 5.639231063513017e-06, ""fee_pct_nav"": 4.327832207330605e-06, ""name"": ""比亚迪股份""}, {""ts_code"": ""01288.HK"", ""side"": ""sell"", ""current_weight"": 0.08152881471095003, ""target_weight"": 0.055329098087118285, ""post_trade_weight"": 0.05533367019976293, ""diff_weight"": -0.026199716623831734, ""gross_amount"": 0.034138628477807784, ""gross_amount_pct_nav"": 0.026199716623831734, ""fee"": 1.0241588543342334e-05, ""fee_pct_nav"": 7.85991498714952e-06, ""name"": ""农业银行""}, {""ts_code"": ""01299.HK"", ""side"": ""sell"", ""current_weight"": 0.05294833060444018, ""target_weight"": 0.03548692380297763, ""post_trade_weight"": 0.03548985626019542, ""diff_weight"": -0.01746140680146255, ""gross_amount"": 0.022752478129964386, ""gross_amount_pct_nav"": 0.01746140680146255, ""fee"": 6.825743438989315e-06, ""fee_pct_nav"": 5.238422040438764e-06, ""name"": ""友邦保险""}, {""ts_code"": ""01398.HK"", ""side"": ""sell"", ""current_weight"": 0.11560517339387891, ""target_weight"": 0.07922112280178628, ""post_trade_weight"": 0.07922766922870823, ""diff_weight"": -0.03638405059209263, ""gross_amount"": 0.04740897023868475, ""gross_amount_pct_nav"": 0.03638405059209263, ""fee"": 1.4222691071605423e-05, ""fee_pct_nav"": 1.0915215177627789e-05, ""name"": ""工商银行""}, {""ts_code"": ""03988.HK"", ""side"": ""sell"", ""current_weight"": 0.07504064224786496, ""target_weight"": 0.05383250870914819, ""post_trade_weight"": 0.0538369571513291, ""diff_weight"": -0.021208133538716756, ""gross_amount"": 0.027634519944670227, ""gross_amount_pct_nav"": 0.021208133538716756, ""fee"": 8.290355983401067e-06, ""fee_pct_nav"": 6.362440061615026e-06, ""name"": ""中国银行""}, {""ts_code"": ""09633.HK"", ""side"": ""sell"", ""current_weight"": 0.03820811343667875, ""target_weight"": 0.02403601683040149, ""post_trade_weight"": 0.02403800304344809, ""diff_weight"": -0.01417209660627726, ""gross_amount"": 0.018466457013249227, ""gross_amount_pct_nav"": 0.01417209660627726, ""fee"": 5.539937103974768e-06, ""fee_pct_nav"": 4.251628981883178e-06, ""name"": ""农夫山泉""}]"
2022-08-22,0.12150164,0.24300329,0.31552138,0.00000000,0.00009466,0.00009466,0.00000000,0.00000000,rebalance,"[{""ts_code"": ""00005.HK"", ""side"": ""buy"", ""current_weight"": 0.06843643659380008, ""target_weight"": 0.09376105339809646, ""post_trade_weight"": 0.09376788916972624, ""diff_weight"": 0.025324616804296374, ""gross_amount"": 0.032882098784175806, ""gross_amount_pct_nav"": 0.025324616804296374, ""fee"": 9.864629635252741e-06, ""fee_pct_nav"": 7.597385041288912e-06, ""name"": ""汇丰控股""}, {""ts_code"": ""00857.HK"", ""side"": ""buy"", ""current_weight"": 0.04784283212625689, ""target_weight"": 0.06224416897439263, ""post_trade_weight"": 0.06224870696654368, ""diff_weight"": 0.014401336848135741, ""gross_amount"": 0.01869904624911254, ""gross_amount_pct_nav"": 0.014401336848135741, ""fee"": 5.609713874733762e-06, ""fee_pct_nav"": 4.320401054440722e-06, ""name"": ""中国石油股份""}, {""ts_code"": ""00939.HK"", ""side"": ""buy"", ""current_weight"": 0.06420215328964814, ""target_weight"": 0.08657945296776436, ""post_trade_weight"": 0.08658576515546779, ""diff_weight"": 0.022377299678116223, ""gross_amount"": 0.029055230498654216, ""gross_amount_pct_nav"": 0.022377299678116223, ""fee"": 8.716569149596265e-06, ""fee_pct_nav"": 6.7131899034348666e-06, ""name"": ""建设银行""}, {""ts_code"": ""00941.HK"", ""side"": ""buy"", ""current_weight"": 0.08262081315631685, ""target_weight"": 0.1242922831165444, ""post_trade_weight"": 0.12430134480721379, ""diff_weight"": 0.04167146996022755, ""gross_amount"": 0.0541072507553817, ""gross_amount_pct_nav"": 0.04167146996022755, ""fee"": 1.623217522661451e-05, ""fee_pct_nav"": 1.2501440988068264e-05, ""name"": ""中国移动""}, {""ts_code"": ""01088.HK"", ""side"": ""buy"", ""current_weight"": 0.03329889621335794, ""target_weight"": 0.05109090012763957, ""post_trade_weight"": 0.05109462497620915, ""diff_weight"": 0.01779200391428163, ""gross_amount"": 0.023101570886498002, ""gross_amount_pct_nav"": 0.01779200391428163, ""fee"": 6.9304712659494e-06, ""fee_pct_nav"": 5.3376011742844885e-06, ""name"": ""中国神华""}, {""ts_code"": ""01211.HK"", ""side"": ""buy"", ""current_weight"": 0.02607697870771942, ""target_weight"": 0.040945938353845183, ""post_trade_weight"": 0.04094892357077279, ""diff_weight"": 0.014868959646125763, ""gross_amount"": 0.019306219070563957, ""gross_amount_pct_nav"": 0.014868959646125763, ""fee"": 5.791865721169186e-06, ""fee_pct_nav"": 4.460687893837729e-06, ""name"": ""比亚迪股份""}, {""ts_code"": ""01288.HK"", ""side"": ""buy"", ""current_weight"": 0.0547709960572684, ""target_weight"": 0.0744462599465708, ""post_trade_weight"": 0.07445168754804543, ""diff_weight"": 0.019675263889302397, ""gross_amount"": 0.02554684147098367, ""gross_amount_pct_nav"": 0.019675263889302397, ""fee"": 7.664052441295101e-06, ""fee_pct_nav"": 5.90257916679072e-06, ""name"": ""农业银行""}, {""ts_code"": ""01299.HK"", ""side"": ""buy"", ""current_weight"": 0.034689593862161326, ""target_weight"": 0.05302040289919378, ""post_trade_weight"": 0.05302426842067422, ""diff_weight"": 0.018330809037032453, ""gross_amount"": 0.023801168570783862, ""gross_amount_pct_nav"": 0.018330809037032453, ""fee"": 7.140350571235158e-06, ""fee_pct_nav"": 5.499242711109736e-06, ""name"": ""友邦保险""}, {""ts_code"": ""01398.HK"", ""side"": ""buy"", ""current_weight"": 0.07859263975497799, ""target_weight"": 0.1128388325340654, ""post_trade_weight"": 0.11284705919601319, ""diff_weight"": 0.03424619277908741, ""gross_amount"": 0.044466090154337, ""gross_amount_pct_nav"": 0.03424619277908741, ""fee"": 1.3339827046301099e-05, ""fee_pct_nav"": 1.0273857833726221e-05, ""name"": ""工商银行""}, {""ts_code"": ""03988.HK"", ""side"": ""buy"", ""current_weight"": 0.05334188426223905, ""target_weight"": 0.07423050905110187, ""post_trade_weight"": 0.07423592092297668, ""diff_weight"": 0.020888624788862827, ""gross_amount"": 0.027122298792550473, ""gross_amount_pct_nav"": 0.020888624788862827, ""fee"": 8.136689637765141e-06, ""fee_pct_nav"": 6.266587436658847e-06, ""name"": ""中国银行""}, {""ts_code"": ""09633.HK"", ""side"": ""buy"", ""current_weight"": 0.023624550920442515, ""target_weight"": 0.037051262167306365, ""post_trade_weight"": 0.0370539634377976, ""diff_weight"": 0.013426711246863846, ""gross_amount"": 0.017433568648947146, ""gross_amount_pct_nav"": 0.013426711246863846, ""fee"": 5.230070594684143e-06, ""fee_pct_nav"": 4.028013374059154e-06, ""name"": ""农夫山泉""}]"
2022-08-29,0.02153069,0.04306139,0.04034985,0.01602703,0.00001691,0.00001210,0.00000481,0.00000000,rebalance,"[{""ts_code"": ""00386.HK"", ""side"": ""buy"", ""current_weight"": 0.031660967367815984, ""target_weight"": 0.04721582859018382, ""post_trade_weight"": 0.04721643855180783, ""diff_weight"": 0.015554861222367834, ""gross_amount"": 0.020364752571896565, ""gross_amount_pct_nav"": 0.015554861222367834, ""fee"": 6.109425771568969e-06, ""fee_pct_nav"": 4.66645836671035e-06, ""name"": ""中国石油化工股份""}, {""ts_code"": ""00857.HK"", ""side"": ""buy"", ""current_weight"": 0.06818356245578501, ""target_weight"": 0.0834484360389433, ""post_trade_weight"": 0.08344951407453192, ""diff_weight"": 0.015264873583158277, ""gross_amount"": 0.01998509463493478, ""gross_amount_pct_nav"": 0.015264873583158277, ""fee"": 5.995528390480433e-06, ""fee_pct_nav"": 4.579462074947483e-06, ""name"": ""中国石油股份""}, {""ts_code"": ""00941.HK"", ""side"": ""sell"", ""current_weight"": 0.1222150977825176, ""target_weight"": 0.10997344389147119, ""post_trade_weight"": 0.10997486459258853, ""diff_weight"": -0.012241653891046405, ""gross_amount"": 0.016027031613979614, ""gross_amount_pct_nav"": 0.012241653891046405, ""fee"": 4.808109484193884e-06, ""fee_pct_nav"": 3.672496167313921e-06, ""name"": ""中国移动""}]"
2022-09-05,0.16186241,0.32372481,0.04170399,0.37305581,0.00012443,0.00001251,0.00011192,0.00000000,rebalance,"[{""ts_code"": ""00005.HK"", ""side"": ""sell"", ""current_weight"": 0.09212513648335706, ""target_weight"": 0.06199075624888125, ""post_trade_weight"": 0.06199677721741225, ""diff_weight"": -0.030134380234475802, ""gross_amount"": 0.038608499528526324, ""gross_amount_pct_nav"": 0.030134380234475802, ""fee"": 1.1582549858557896e-05, ""fee_pct_nav"": 9.04031407034274e-06, ""name"": ""汇丰控股""}, {""ts_code"": ""00386.HK"", ""side"": ""sell"", ""current_weight"": 0.04748945334531731, ""target_weight"": 0.032500463072338455, ""post_trade_weight"": 0.03250361974080392, ""diff_weight"": -0.014988990272978852, ""gross_amount"": 0.019204059263356422, ""gross_amount_pct_nav"": 0.014988990272978852, ""fee"": 5.761217779006926e-06, ""fee_pct_nav"": 4.496697081893656e-06, ""name"": ""中国石油化工股份""}, {""ts_code"": ""00857.HK"", ""side"": ""sell"", ""current_weight"": 0.08419680551117227, ""target_weight"": 0.04718755561329608, ""post_trade_weight"": 0.047192138793186025, ""diff_weight"": -0.037009249897876184, ""gross_amount"": 0.047416658186271186, ""gross_amount_pct_nav"": 0.037009249897876184, ""fee"": 1.4224997455881356e-05, ""fee_pct_nav"": 1.1102774969362855e-05, ""name"": ""中国石油股份""}, {""ts_code"": ""00883.HK"", ""side"": ""buy"", ""current_weight"": 0.0, ""target_weight"": 0.032550442866695575, ""post_trade_weight"": 0.032553604389542364, ""diff_weight"": 0.032550442866695575, ""gross_amount"": 0.04170398555714648, ""gross_amount_pct_nav"": 0.032550442866695575, ""fee"": 1.2511195667143943e-05, ""fee_pct_nav"": 9.765132860008672e-06, ""name"": ""中国海洋石油""}, {""ts_code"": ""00939.HK"", ""side"": ""sell"", ""current_weight"": 0.08542254719719504, ""target_weight"": 0.06370251152893064, ""post_trade_weight"": 0.06370869875490545, ""diff_weight"": -0.021720035668264404, ""gross_amount"": 0.02782794868627729, ""gross_amount_pct_nav"": 0.021720035668264404, ""fee"": 8.348384605883186e-06, ""fee_pct_nav"": 6.516010700479321e-06, ""name"": ""建设银行""}, {""ts_code"": ""00941.HK"", ""side"": ""sell"", ""current_weight"": 0.11131098614446512, ""target_weight"": 0.08111379839293234, ""post_trade_weight"": 0.0811216767228174, ""diff_weight"": -0.03019718775153278, ""gross_amount"": 0.038688969210458196, ""gross_amount_pct_nav"": 0.03019718775153278, ""fee"": 1.1606690763137457e-05, ""fee_pct_nav"": 9.059156325459832e-06, ""name"": ""中国移动""}, {""ts_code"": ""01088.HK"", ""side"": ""sell"", ""current_weight"": 0.05555461992064385, ""target_weight"": 0.03206727106901434, ""post_trade_weight"": 0.032070385662893566, ""diff_weight"": -0.023487348851629515, ""gross_amount"": 0.030092249782758665, ""gross_amount_pct_nav"": 0.023487348851629515, ""fee"": 9.0276749348276e-06, ""fee_pct_nav"": 7.046204655488854e-06, ""name"": ""中国神华""}, {""ts_code"": ""01211.HK"", ""side"": ""sell"", ""current_weight"": 0.03209135865094398, ""target_weight"": 0.0, ""post_trade_weight"": 0.0, ""diff_weight"": -0.03209135865094398, ""gross_amount"": 0.04111580180856813, ""gross_amount_pct_nav"": 0.03209135865094398, ""fee"": 1.2334740542570437e-05, ""fee_pct_nav"": 9.627407595283193e-06, ""name"": ""比亚迪股份""}, {""ts_code"": ""01288.HK"", ""side"": ""sell"", ""current_weight"": 0.07440820674526333, ""target_weight"": 0.05450800130950872, ""post_trade_weight"": 0.05451329550142427, ""diff_weight"": -0.019900205435754614, ""gross_amount"": 0.025496362168580505, ""gross_amount_pct_nav"": 0.019900205435754614, ""fee"": 7.64890865057415e-06, ""fee_pct_nav"": 5.970061630726383e-06, ""name"": ""农业银行""}, {""ts_code"": ""01299.HK"", ""side"": ""sell"", ""current_weight"": 0.0537327429400373, ""target_weight"": 0.03710167687687107, ""post_trade_weight"": 0.03710528044686183, ""diff_weight"": -0.016631066063166226, ""gross_amount"": 0.021307904833696774, ""gross_amount_pct_nav"": 0.016631066063166226, ""fee"": 6.392371450109031e-06, ""fee_pct_nav"": 4.989319818949867e-06, ""name"": ""友邦保险""}, {""ts_code"": ""01398.HK"", ""side"": ""sell"", ""current_weight"": 0.1103887815000784, ""target_weight"": 0.07827935850266508, ""post_trade_weight"": 0.07828696153225677, ""diff_weight"": -0.032109422997413324, ""gross_amount"": 0.04113894604802877, ""gross_amount_pct_nav"": 0.032109422997413324, ""fee"": 1.234168381440863e-05, ""fee_pct_nav"": 9.632826899223997e-06, ""name"": ""工商银行""}, {""ts_code"": ""03988.HK"", ""side"": ""sell"", ""current_weight"": 0.07458757454825296, ""target_weight"": 0.05326693136838401, ""post_trade_weight"": 0.053272105019052565, ""diff_weight"": -0.021320643179868953, ""gross_amount"": 0.027316242635582702, ""gross_amount_pct_nav"": 0.021320643179868953, ""fee"": 8.19487279067481e-06, ""fee_pct_nav"": 6.396192953960686e-06, ""name"": ""中国银行""}, {""ts_code"": ""09633.HK"", ""side"": ""sell"", ""current_weight"": 0.037257443684798025, ""target_weight"": 0.025672962684165936, ""post_trade_weight"": 0.025675456218843883, ""diff_weight"": -0.011584481000632087, ""gross_amount"": 0.014842164523411389, ""gross_amount_pct_nav"": 0.011584481000632087, ""fee"": 4.452649357023416e-06, ""fee_pct_nav"": 3.4753443001896254e-06, ""name"": ""农夫山泉""}]"
2022-09-13,0.02494171,0.04988342,0.03232502,0.03252903,0.00001946,0.00000970,0.00000976,0.00000000,rebalance,"[{""ts_code"": ""00728.HK"", ""side"": ""buy"", ""current_weight"": 0.0, ""target_weight"": 0.024863248160609454, ""post_trade_weight"": 0.02486362024530391, ""diff_weight"": 0.024863248160609454, ""gross_amount"": 0.03232501606687291, ""gross_amount_pct_nav"": 0.024863248160609454, ""fee"": 9.697504820061872e-06, ""fee_pct_nav"": 7.458974448182836e-06, ""name"": ""中国电信""}, {""ts_code"": ""09633.HK"", ""side"": ""sell"", ""current_weight"": 0.025020167955609657, ""target_weight"": 0.0, ""post_trade_weight"": 0.0, ""diff_weight"": -0.025020167955609657, ""gross_amount"": 0.0325290294307675, ""gross_amount_pct_nav"": 0.025020167955609657, ""fee"": 9.758708829230248e-06, ""fee_pct_nav"": 7.506050386682896e-06, ""name"": ""农夫山泉""}]"
2022-09-19,0.00000000,0.00000000,0.00000000,0.00000000,0.00000000,0.00000000,0.00000000,0.00000000,rebalance,
2022-09-26,0.00000000,0.00000000,0.00000000,0.00000000,0.00000000,0.00000000,0.00000000,0.00000000,rebalance,
2022-10-03,0.02722813,0.05445627,0.03357283,0.03395582,0.00002026,0.00001007,0.00001019,0.00000000,rebalance,"[{""ts_code"": ""00005.HK"", ""side"": ""sell"", ""current_weight"": 0.0540755755256692, ""target_weight"": 0.03916300895926825, ""post_trade_weight"": 0.03916364877111961, ""diff_weight"": -0.014912566566400954, ""gross_amount"": 0.018492368715564297, ""gross_amount_pct_nav"": 0.014912566566400954, ""fee"": 5.547710614669289e-06, ""fee_pct_nav"": 4.473769969920286e-06, ""name"": ""汇丰控股""}, {""ts_code"": ""00857.HK"", ""side"": ""sell"", ""current_weight"": 0.04767223021057271, ""target_weight"": 0.03520223856071913, ""post_trade_weight"": 0.03520281366488053, ""diff_weight"": -0.012469991649853579, ""gross_amount"": 0.015463447049326666, ""gross_amount_pct_nav"": 0.012469991649853579, ""fee"": 4.639034114798e-06, ""fee_pct_nav"": 3.7409974949560735e-06, ""name"": ""中国石油股份""}, {""ts_code"": ""01288.HK"", ""side"": ""buy"", ""current_weight"": 0.05212611826691786, ""target_weight"": 0.06279348037308663, ""post_trade_weight"": 0.06279450623943343, ""diff_weight"": 0.010667362106168764, ""gross_amount"": 0.013228091382617033, ""gross_amount_pct_nav"": 0.010667362106168764, ""fee"": 3.9684274147851094e-06, ""fee_pct_nav"": 3.2002086318506294e-06, ""name"": ""农业银行""}, {""ts_code"": ""01398.HK"", ""side"": ""buy"", ""current_weight"": 0.07530810007456544, ""target_weight"": 0.09171444820835255, ""post_trade_weight"": 0.09171594656081483, ""diff_weight"": 0.016406348133787114, ""gross_amount"": 0.020344736609556213, ""gross_amount_pct_nav"": 0.016406348133787114, ""fee"": 6.103420982866864e-06, ""fee_pct_nav"": 4.921904440136134e-06, ""name"": ""工商银行""}]"
2022-10-10,0.03079763,0.06159525,0.04460977,0.03270235,0.00002319,0.00001338,0.00000981,0.00000000,rebalance,"[{""ts_code"": ""00728.HK"", ""side"": ""sell"", ""current_weight"": 0.02605425390629832, ""target_weight"": 0.0, ""post_trade_weight"": 0.0, ""diff_weight"": -0.02605425390629832, ""gross_amount"": 0.03270235088477414, ""gross_amount_pct_nav"": 0.02605425390629832, ""fee"": 9.81070526543224e-06, ""fee_pct_nav"": 7.816276171889495e-06, ""name"": ""中国电信""}, {""ts_code"": ""09633.HK"", ""side"": ""buy"", ""current_weight"": 0.0, ""target_weight"": 0.03554099693075818, ""post_trade_weight"": 0.03554165368988043, ""diff_weight"": 0.03554099693075818, ""gross_amount"": 0.044609765322942835, ""gross_amount_pct_nav"": 0.03554099693075818, ""fee"": 1.3382929596882848e-05, ""fee_pct_nav"": 1.0662299079227452e-05, ""name"": ""农夫山泉""}]"
2022-10-17,0.04675429,0.09350858,0.07343221,0.04327577,0.00003501,0.00002203,0.00001298,0.00000000,rebalance,"[{""ts_code"": ""00728.HK"", ""side"": ""buy"", ""current_weight"": 0.0, ""target_weight"": 0.024819549211332184, ""post_trade_weight"": 0.024820245483118446, ""diff_weight"": 0.024819549211332184, ""gross_amount"": 0.030977259339066716, ""gross_amount_pct_nav"": 0.024819549211332184, ""fee"": 9.293177801720013e-06, ""fee_pct_nav"": 7.445864763399654e-06, ""name"": ""中国电信""}, {""ts_code"": ""00857.HK"", ""side"": ""buy"", ""current_weight"": 0.035950211317961174, ""target_weight"": 0.049370176620192566, ""post_trade_weight"": 0.04937156161960455, ""diff_weight"": 0.01341996530223139, ""gross_amount"": 0.016749447862602226, ""gross_amount_pct_nav"": 0.01341996530223139, ""fee"": 5.024834358780667e-06, ""fee_pct_nav"": 4.025989590669417e-06, ""name"": ""中国石油股份""}, {""ts_code"": ""01088.HK"", ""side"": ""buy"", ""current_weight"": 0.03036008790718864, ""target_weight"": 0.04068351589168717, ""post_trade_weight"": 0.040684657201065524, ""diff_weight"": 0.010323427984498531, ""gross_amount"": 0.012884662135522529, ""gross_amount_pct_nav"": 0.010323427984498531, ""fee"": 3.8653986406567585e-06, ""fee_pct_nav"": 3.0970283953495594e-06, ""name"": ""中国神华""}, {""ts_code"": ""01299.HK"", ""side"": ""sell"", ""current_weight"": 0.03467334319430336, ""target_weight"": 0.0, ""post_trade_weight"": 0.0, ""diff_weight"": -0.03467334319430336, ""gross_amount"": 0.043275771656319614, ""gross_amount_pct_nav"": 0.03467334319430336, ""fee"": 1.2982731496895883e-05, ""fee_pct_nav"": 1.0402002958291008e-05, ""name"": ""友邦保险""}, {""ts_code"": ""03988.HK"", ""side"": ""buy"", ""current_weight"": 0.0523333068420585, ""target_weight"": 0.06260560291557925, ""post_trade_weight"": 0.06260735921318969, ""diff_weight"": 0.010272296073520749, ""gross_amount"": 0.012820844438699186, ""gross_amount_pct_nav"": 0.010272296073520749, ""fee"": 3.8462533316097554e-06, ""fee_pct_nav"": 3.0816888220562247e-06, ""name"": ""中国银行""}]"
2022-10-24,0.00576924,0.01153848,0.00000000,0.01426911,0.00000428,0.00000000,0.00000428,0.00000000,rebalance,"[{""ts_code"": ""09633.HK"", ""side"": ""sell"", ""current_weight"": 0.031101370959245294, ""target_weight"": 0.019562889590833583, ""post_trade_weight"": 0.01956295730887911, ""diff_weight"": -0.011538481368411709, ""gross_amount"": 0.014269105349226808, ""gross_amount_pct_nav"": 0.011538481368411709, ""fee"": 4.280731604768042e-06, ""fee_pct_nav"": 3.4615444105235127e-06, ""name"": ""农夫山泉""}]"
2022-10-31,0.00000000,0.00000000,0.00000000,0.00000000,0.00000000,0.00000000,0.00000000,0.00000000,rebalance,
2022-11-07,0.00508644,0.01017287,0.01258928,0.00000000,0.00000378,0.00000378,0.00000000,0.00000000,rebalance,"[{""ts_code"": ""00939.HK"", ""side"": ""buy"", ""current_weight"": 0.06041418093129179, ""target_weight"": 0.07058705518051775, ""post_trade_weight"": 0.07058727060314599, ""diff_weight"": 0.010172874249225958, ""gross_amount"": 0.012589279785026455, ""gross_amount_pct_nav"": 0.010172874249225958, ""fee"": 3.7767839355079363e-06, ""fee_pct_nav"": 3.051862274767787e-06, ""name"": ""建设银行""}]"
2022-11-14,0.00545922,0.01091845,0.00000000,0.01370609,0.00000411,0.00000000,0.00000411,0.00000000,rebalance,"[{""ts_code"": ""00941.HK"", ""side"": ""sell"", ""current_weight"": 0.08505486924409805, ""target_weight"": 0.07413642039921536, ""post_trade_weight"": 0.07413666323642489, ""diff_weight"": -0.010918448844882677, ""gross_amount"": 0.013706093398330885, ""gross_amount_pct_nav"": 0.010918448844882677, ""fee"": 4.111828019499265e-06, ""fee_pct_nav"": 3.275534653464803e-06, ""name"": ""中国移动""}]"
2022-11-21,0.11898322,0.23796645,0.29819380,0.00000000,0.00008946,0.00008946,0.00000000,0.00000000,rebalance,"[{""ts_code"": ""00005.HK"", ""side"": ""buy"", ""current_weight"": 0.042595532962591026, ""target_weight"": 0.06003089313372888, ""post_trade_weight"": 0.060035179041204416, ""diff_weight"": 0.017435360171137854, ""gross_amount"": 0.021848106437883458, ""gross_amount_pct_nav"": 0.017435360171137854, ""fee"": 6.554431931365037e-06, ""fee_pct_nav"": 5.230608051341356e-06, ""name"": ""汇丰控股""}, {""ts_code"": ""00386.HK"", ""side"": ""buy"", ""current_weight"": 0.03372469875658714, ""target_weight"": 0.045808648621418, ""post_trade_weight"": 0.04581191913130586, ""diff_weight"": 0.012083949864830868, ""gross_amount"": 0.015142298194327608, ""gross_amount_pct_nav"": 0.012083949864830868, ""fee"": 4.542689458298282e-06, ""fee_pct_nav"": 3.62518495944926e-06, ""name"": ""中国石油化工股份""}, {""ts_code"": ""00728.HK"", ""side"": ""buy"", ""current_weight"": 0.0246280761218994, ""target_weight"": 0.035685972023357465, ""post_trade_weight"": 0.03568851982443592, ""diff_weight"": 0.011057895901458068, ""gross_amount"": 0.01385655841133819, ""gross_amount_pct_nav"": 0.011057895901458068, ""fee"": 4.1569675234014566e-06, ""fee_pct_nav"": 3.31736877043742e-06, ""name"": ""中国电信""}, {""ts_code"": ""00857.HK"", ""side"": ""buy"", ""current_weight"": 0.04934016513445691, ""target_weight"": 0.07143320887401906, ""post_trade_weight"": 0.07143830885018021, ""diff_weight"": 0.022093043739562147, ""gross_amount"": 0.02768461141157301, ""gross_amount_pct_nav"": 0.022093043739562147, ""fee"": 8.305383423471901e-06, ""fee_pct_nav"": 6.6279131218686435e-06, ""name"": ""中国石油股份""}, {""ts_code"": ""00883.HK"", ""side"": ""buy"", ""current_weight"": 0.03560321733652892, ""target_weight"": 0.050638095685576555, ""post_trade_weight"": 0.05064171099398721, ""diff_weight"": 0.01503487834904763, ""gross_amount"": 0.01884008240875846, ""gross_amount_pct_nav"": 0.01503487834904763, ""fee"": 5.652024722627537e-06, ""fee_pct_nav"": 4.5104635047142885e-06, ""name"": ""中国海洋石油""}, {""ts_code"": ""00939.HK"", ""side"": ""buy"", ""current_weight"": 0.07215338467953836, ""target_weight"": 0.09670611997840067, ""post_trade_weight"": 0.09671302431483328, ""diff_weight"": 0.024552735298862313, ""gross_amount"": 0.030766830675440754, ""gross_amount_pct_nav"": 0.024552735298862313, ""fee"": 9.230049202632225e-06, ""fee_pct_nav"": 7.3658205896586925e-06, ""name"": ""建设银行""}, {""ts_code"": ""00941.HK"", ""side"": ""buy"", ""current_weight"": 0.07584919985876958, ""target_weight"": 0.12301893367902417, ""post_trade_weight"": 0.12302771661960632, ""diff_weight"": 0.04716973382025459, ""gross_amount"": 0.059108005514995746, ""gross_amount_pct_nav"": 0.04716973382025459, ""fee"": 1.7732401654498722e-05, ""fee_pct_nav"": 1.4150920146076376e-05, ""name"": ""中国移动""}, {""ts_code"": ""01088.HK"", ""side"": ""buy"", ""current_weight"": 0.037452850910404935, ""target_weight"": 0.05198258398466625, ""post_trade_weight"": 0.05198629528286069, ""diff_weight"": 0.01452973307426132, ""gross_amount"": 0.01820708901935921, ""gross_amount_pct_nav"": 0.01452973307426132, ""fee"": 5.462126705807763e-06, ""fee_pct_nav"": 4.358919922278396e-06, ""name"": ""中国神华""}, {""ts_code"": ""01288.HK"", ""side"": ""buy"", ""current_weight"": 0.06463817604992984, ""target_weight"": 0.08497861237502022, ""post_trade_weight"": 0.08498467942568406, ""diff_weight"": 0.020340436325090375, ""gross_amount"": 0.02548843347436071, ""gross_amount_pct_nav"": 0.020340436325090375, ""fee"": 7.646530042308212e-06, ""fee_pct_nav"": 6.102130897527112e-06, ""name"": ""农业银行""}, {""ts_code"": ""01398.HK"", ""side"": ""buy"", ""current_weight"": 0.09163561223281516, ""target_weight"": 0.1096873582146073, ""post_trade_weight"": 0.10969518934694605, ""diff_weight"": 0.018051745981792145, ""gross_amount"": 0.022620494427910115, ""gross_amount_pct_nav"": 0.018051745981792145, ""fee"": 6.786148328373034e-06, ""fee_pct_nav"": 5.415523794537643e-06, ""name"": ""工商银行""}, {""ts_code"": ""03988.HK"", ""side"": ""buy"", ""current_weight"": 0.0631950411710746, ""target_weight"": 0.08081330998094353, ""post_trade_weight"": 0.08081907964971388, ""diff_weight"": 0.01761826880986893, ""gross_amount"": 0.022077307748793004, ""gross_amount_pct_nav"": 0.01761826880986893, ""fee"": 6.623192324637901e-06, ""fee_pct_nav"": 5.285480642960678e-06, ""name"": ""中国银行""}, {""ts_code"": ""09633.HK"", ""side"": ""buy"", ""current_weight"": 0.02115691633578682, ""target_weight"": 0.039155582005250385, ""post_trade_weight"": 0.03915837751924101, ""diff_weight"": 0.01799866566946357, ""gross_amount"": 0.02255397992507635, ""gross_amount_pct_nav"": 0.01799866566946357, ""fee"": 6.766193977522905e-06, ""fee_pct_nav"": 5.39959970083907e-06, ""name"": ""农夫山泉""}]"
2022-11-28,0.04876879,0.09753759,0.05932890,0.06545428,0.00003743,0.00001780,0.00001964,0.00000000,rebalance,"[{""ts_code"": ""00941.HK"", ""side"": ""sell"", ""current_weight"": 0.12437038238057295, ""target_weight"": 0.11084444955062604, ""post_trade_weight"": 0.11084769309567663, ""diff_weight"": -0.013525932829946909, ""gross_amount"": 0.01730418853957949, ""gross_amount_pct_nav"": 0.013525932829946909, ""fee"": 5.191256561873847e-06, ""fee_pct_nav"": 4.057779848984072e-06, ""name"": ""中国移动""}, {""ts_code"": ""02628.HK"", ""side"": ""buy"", ""current_weight"": 0.0, ""target_weight"": 0.04637482119585033, ""post_trade_weight"": 0.04637617822204669, ""diff_weight"": 0.04637482119585033, ""gross_amount"": 0.05932889506042528, ""gross_amount_pct_nav"": 0.04637482119585033, ""fee"": 1.7798668518127583e-05, ""fee_pct_nav"": 1.3912446358755097e-05, ""name"": ""中国人寿""}, {""ts_code"": ""09633.HK"", ""side"": ""sell"", ""current_weight"": 0.03763683591674527, ""target_weight"": 0.0, ""post_trade_weight"": 0.0, ""diff_weight"": -0.03763683591674527, ""gross_amount"": 0.04815009159993985, ""gross_amount_pct_nav"": 0.03763683591674527, ""fee"": 1.4445027479981953e-05, ""fee_pct_nav"": 1.129105077502358e-05, ""name"": ""农夫山泉""}]"
2022-12-05,0.00000000,0.00000000,0.00000000,0.00000000,0.00000000,0.00000000,0.00000000,0.00000000,rebalance,
2022-12-12,0.00580049,0.01160099,0.01517704,0.00000000,0.00000455,0.00000455,0.00000000,0.00000000,rebalance,"[{""ts_code"": ""00005.HK"", ""side"": ""buy"", ""current_weight"": 0.06170956417703666, ""target_weight"": 0.07331055104649324, ""post_trade_weight"": 0.07331080618980323, ""diff_weight"": 0.011600986869456585, ""gross_amount"": 0.015177035920889356, ""gross_amount_pct_nav"": 0.011600986869456585, ""fee"": 4.553110776266807e-06, ""fee_pct_nav"": 3.4802960608369758e-06, ""name"": ""汇丰控股""}]"
2022-12-19,0.00000000,0.00000000,0.00000000,0.00000000,0.00000000,0.00000000,0.00000000,0.00000000,rebalance,
2022-12-28,0.05590946,0.11181892,0.08279745,0.06706541,0.00004496,0.00002484,0.00002012,0.00000000,rebalance,"[{""ts_code"": ""00728.HK"", ""side"": ""sell"", ""current_weight"": 0.03650169553600883, ""target_weight"": 0.0, ""post_trade_weight"": 0.0, ""diff_weight"": -0.03650169553600883, ""gross_amount"": 0.04892059862135029, ""gross_amount_pct_nav"": 0.03650169553600883, ""fee"": 1.4676179586405086e-05, ""fee_pct_nav"": 1.0950508660802647e-05, ""name"": ""中国电信""}, {""ts_code"": ""00939.HK"", ""side"": ""sell"", ""current_weight"": 0.0970116979481111, ""target_weight"": 0.08347310008291453, ""post_trade_weight"": 0.0834759003383977, ""diff_weight"": -0.013538597865196565, ""gross_amount"": 0.018144809503596288, ""gross_amount_pct_nav"": 0.013538597865196565, ""fee"": 5.443442851078886e-06, ""fee_pct_nav"": 4.061579359558969e-06, ""name"": ""建设银行""}, {""ts_code"": ""01299.HK"", ""side"": ""buy"", ""current_weight"": 0.0, ""target_weight"": 0.06177862566480746, ""post_trade_weight"": 0.06178069814007301, ""diff_weight"": 0.06177862566480746, ""gross_amount"": 0.08279745105389028, ""gross_amount_pct_nav"": 0.06177862566480746, ""fee"": 2.483923531616708e-05, ""fee_pct_nav"": 1.8533587699442236e-05, ""name"": ""友邦保险""}]"
2023-01-03,0.00538816,0.01077631,0.00000000,0.01456501,0.00000437,0.00000000,0.00000437,0.00000000,rebalance,"[{""ts_code"": ""02628.HK"", ""side"": ""sell"", ""current_weight"": 0.05569038705162209, ""target_weight"": 0.044914072701947506, ""post_trade_weight"": 0.04491421790486678, ""diff_weight"": -0.01077631434967458, ""gross_amount"": 0.014565007751983126, ""gross_amount_pct_nav"": 0.01077631434967458, ""fee"": 4.3695023255949374e-06, ""fee_pct_nav"": 3.2328943049023735e-06, ""name"": ""中国人寿""}]"
2023-01-09,0.05450719,0.10901438,0.14975524,0.00000000,0.00004493,0.00004493,0.00000000,0.00000000,rebalance,"[{""ts_code"": ""00005.HK"", ""side"": ""buy"", ""current_weight"": 0.07817318248636138, ""target_weight"": 0.10108438765508945, ""post_trade_weight"": 0.10108769365880886, ""diff_weight"": 0.022911205168728067, ""gross_amount"": 0.031473581013244045, ""gross_amount_pct_nav"": 0.022911205168728067, ""fee"": 9.442074303973212e-06, ""fee_pct_nav"": 6.8733615506184185e-06, ""name"": ""汇丰控股""}, {""ts_code"": ""00939.HK"", ""side"": ""buy"", ""current_weight"": 0.08380996962676482, ""target_weight"": 0.10272953309005531, ""post_trade_weight"": 0.10273289289888798, ""diff_weight"": 0.018919563463290486, ""gross_amount"": 0.02599018292629357, ""gross_amount_pct_nav"": 0.018919563463290486, ""fee"": 7.79705487788807e-06, ""fee_pct_nav"": 5.675869038987145e-06, ""name"": ""建设银行""}, {""ts_code"": ""00941.HK"", ""side"": ""buy"", ""current_weight"": 0.10642253583407538, ""target_weight"": 0.11988850520408895, ""post_trade_weight"": 0.11989242620369447, ""diff_weight"": 0.01346596937001358, ""gross_amount"": 0.018498471589240895, ""gross_amount_pct_nav"": 0.01346596937001358, ""fee"": 5.549541476772268e-06, ""fee_pct_nav"": 4.039790811004074e-06, ""name"": ""中国移动""}, {""ts_code"": ""01288.HK"", ""side"": ""buy"", ""current_weight"": 0.08800185099346071, ""target_weight"": 0.10014129216586046, ""post_trade_weight"": 0.1001445673252797, ""diff_weight"": 0.012139441172399745, ""gross_amount"": 0.016676193259206218, ""gross_amount_pct_nav"": 0.012139441172399745, ""fee"": 5.002857977761865e-06, ""fee_pct_nav"": 3.641832351719923e-06, ""name"": ""农业银行""}, {""ts_code"": ""01398.HK"", ""side"": ""buy"", ""current_weight"": 0.11248284416867937, ""target_weight"": 0.1387164717001215, ""post_trade_weight"": 0.1387210084756021, ""diff_weight"": 0.02623362753144211, ""gross_amount"": 0.03603765909743936, ""gross_amount_pct_nav"": 0.02623362753144211, ""fee"": 1.0811297729231807e-05, ""fee_pct_nav"": 7.870088259432632e-06, ""name"": ""工商银行""}, {""ts_code"": ""02628.HK"", ""side"": ""buy"", ""current_weight"": 0.0464066092978742, ""target_weight"": 0.06175118405825309, ""post_trade_weight"": 0.06175320365444307, ""diff_weight"": 0.01534457476037889, ""gross_amount"": 0.02107914940649873, ""gross_amount_pct_nav"": 0.01534457476037889, ""fee"": 6.323744821949618e-06, ""fee_pct_nav"": 4.603372428113666e-06, ""name"": ""中国人寿""}]"
2023-01-16,0.00539368,0.01078736,0.00000000,0.01537944,0.00000461,0.00000000,0.00000461,0.00000000,rebalance,"[{""ts_code"": ""01398.HK"", ""side"": ""sell"", ""current_weight"": 0.13782488754236924, ""target_weight"": 0.12703752827901435, ""post_trade_weight"": 0.12703793940018204, ""diff_weight"": -0.010787359263354902, ""gross_amount"": 0.015379436833776128, ""gross_amount_pct_nav"": 0.010787359263354902, ""fee"": 4.613831050132838e-06, ""fee_pct_nav"": 3.2362077790064705e-06, ""name"": ""工商银行""}]"
2023-01-26,0.04238442,0.08476885,0.00000000,0.12407647,0.00003722,0.00000000,0.00003722,0.00000000,rebalance,"[{""ts_code"": ""00939.HK"", ""side"": ""sell"", ""current_weight"": 0.10073450185225227, ""target_weight"": 0.08538023373999915, ""post_trade_weight"": 0.08538240507040151, ""diff_weight"": -0.015354268112253136, ""gross_amount"": 0.022474098772745685, ""gross_amount_pct_nav"": 0.015354268112253136, ""fee"": 6.742229631823705e-06, ""fee_pct_nav"": 4.606280433675941e-06, ""name"": ""建设银行""}, {""ts_code"": ""00941.HK"", ""side"": ""sell"", ""current_weight"": 0.11960037382122965, ""target_weight"": 0.1092686357855914, ""post_trade_weight"": 0.10927141462913065, ""diff_weight"": -0.01033173803563825, ""gross_amount"": 0.0151226030058553, ""gross_amount_pct_nav"": 0.01033173803563825, ""fee"": 4.53678090175659e-06, ""fee_pct_nav"": 3.099521410691474e-06, ""name"": ""中国移动""}, {""ts_code"": ""01288.HK"", ""side"": ""sell"", ""current_weight"": 0.09758435913137735, ""target_weight"": 0.07895945093401871, ""post_trade_weight"": 0.07896145897556249, ""diff_weight"": -0.018624908197358642, ""gross_amount"": 0.027261346708328082, ""gross_amount_pct_nav"": 0.018624908197358642, ""fee"": 8.178404012498424e-06, ""fee_pct_nav"": 5.587472459207592e-06, ""name"": ""农业银行""}, {""ts_code"": ""01299.HK"", ""side"": ""sell"", ""current_weight"": 0.05858612847719116, ""target_weight"": 0.04682976970621217, ""post_trade_weight"": 0.04683096064816964, ""diff_weight"": -0.011756358770978992, ""gross_amount"": 0.01720782562185215, ""gross_amount_pct_nav"": 0.011756358770978992, ""fee"": 5.162347686555644e-06, ""fee_pct_nav"": 3.5269076312936976e-06, ""name"": ""友邦保险""}, {""ts_code"": ""01398.HK"", ""side"": ""sell"", ""current_weight"": 0.12407824459724562, ""target_weight"": 0.09537667099418161, ""post_trade_weight"": 0.09537909654698623, ""diff_weight"": -0.028701573603064016, ""gross_amount"": 0.04201059896653292, ""gross_amount_pct_nav"": 0.028701573603064016, ""fee"": 1.2603179689959875e-05, ""fee_pct_nav"": 8.610472080919204e-06, ""name"": ""工商银行""}]"
2023-01-30,0.03927492,0.07854983,0.11403365,0.00000000,0.00003421,0.00003421,0.00000000,0.00000000,rebalance,"[{""ts_code"": ""00939.HK"", ""side"": ""buy"", ""current_weight"": 0.08472381310739692, ""target_weight"": 0.1061578056755262, ""post_trade_weight"": 0.10616030733781226, ""diff_weight"": 0.021433992568129282, ""gross_amount"": 0.03111650778652253, ""gross_amount_pct_nav"": 0.021433992568129282, ""fee"": 9.334952335956758e-06, ""fee_pct_nav"": 6.430197770438785e-06, ""name"": ""建设银行""}, {""ts_code"": ""00941.HK"", ""side"": ""buy"", ""current_weight"": 0.11008297433717625, ""target_weight"": 0.12788685791080345, ""post_trade_weight"": 0.12788987162917564, ""diff_weight"": 0.017803883573627194, ""gross_amount"": 0.025846546325338338, ""gross_amount_pct_nav"": 0.017803883573627194, ""fee"": 7.753963897601501e-06, ""fee_pct_nav"": 5.3411650720881585e-06, ""name"": ""中国移动""}, {""ts_code"": ""01288.HK"", ""side"": ""buy"", ""current_weight"": 0.07895780205840662, ""target_weight"": 0.09060732789299206, ""post_trade_weight"": 0.09060946310041829, ""diff_weight"": 0.011649525834585433, ""gross_amount"": 0.016912041010976736, ""gross_amount_pct_nav"": 0.011649525834585433, ""fee"": 5.07361230329302e-06, ""fee_pct_nav"": 3.49485775037563e-06, ""name"": ""农业银行""}, {""ts_code"": ""01398.HK"", ""side"": ""buy"", ""current_weight"": 0.09458213977861571, ""target_weight"": 0.12224456961750825, ""post_trade_weight"": 0.12224745037250824, ""diff_weight"": 0.02766242983889253, ""gross_amount"": 0.04015855705557697, ""gross_amount_pct_nav"": 0.02766242983889253, ""fee"": 1.204756711667309e-05, ""fee_pct_nav"": 8.29872895166776e-06, ""name"": ""工商银行""}]"
2023-02-06,0.10583591,0.21167181,0.15984239,0.13896738,0.00008964,0.00004795,0.00004169,0.00000000,rebalance,"[{""ts_code"": ""00728.HK"", ""side"": ""buy"", ""current_weight"": 0.0, ""target_weight"": 0.05693773624234456, ""post_trade_weight"": 0.05694135210611833, ""diff_weight"": 0.05693773624234456, ""gross_amount"": 0.08037703014137655, ""gross_amount_pct_nav"": 0.05693773624234456, ""fee"": 2.4113109042412965e-05, ""fee_pct_nav"": 1.7081320872703365e-05, ""name"": ""中国电信""}, {""ts_code"": ""00857.HK"", ""side"": ""buy"", ""current_weight"": 0.07776178017176388, ""target_weight"": 0.09236328818718574, ""post_trade_weight"": 0.09236915377106426, ""diff_weight"": 0.014601508015421857, ""gross_amount"": 0.02061244312330579, ""gross_amount_pct_nav"": 0.014601508015421857, ""fee"": 6.1837329369917365e-06, ""fee_pct_nav"": 4.380452404626557e-06, ""name"": ""中国石油股份""}, {""ts_code"": ""00883.HK"", ""side"": ""buy"", ""current_weight"": 0.04998426068742963, ""target_weight"": 0.060232504363044066, ""post_trade_weight"": 0.06023632946296731, ""diff_weight"": 0.010248243675614435, ""gross_amount"": 0.01446709063572553, ""gross_amount_pct_nav"": 0.010248243675614435, ""fee"": 4.340127190717659e-06, ""fee_pct_nav"": 3.07447310268433e-06, ""name"": ""中国海洋石油""}, {""ts_code"": ""00939.HK"", ""side"": ""sell"", ""current_weight"": 0.10541527708919922, ""target_weight"": 0.08548997136233884, ""post_trade_weight"": 0.08549540045226883, ""diff_weight"": -0.019925305726860378, ""gross_amount"": 0.02812786395594241, ""gross_amount_pct_nav"": 0.019925305726860378, ""fee"": 8.438359186782723e-06, ""fee_pct_nav"": 5.977591718058113e-06, ""name"": ""建设银行""}, {""ts_code"": ""00941.HK"", ""side"": ""buy"", ""current_weight"": 0.13174928272043365, ""target_weight"": 0.14705642718042092, ""post_trade_weight"": 0.14706576608363056, ""diff_weight"": 0.015307144459987286, ""gross_amount"": 0.02160856565147032, ""gross_amount_pct_nav"": 0.015307144459987286, ""fee"": 6.482569695441095e-06, ""fee_pct_nav"": 4.592143337996186e-06, ""name"": ""中国移动""}, {""ts_code"": ""01299.HK"", ""side"": ""buy"", ""current_weight"": 0.04618075948474098, ""target_weight"": 0.062315784633731906, ""post_trade_weight"": 0.06231974203357008, ""diff_weight"": 0.016135025148990925, ""gross_amount"": 0.02277725614542117, ""gross_amount_pct_nav"": 0.016135025148990925, ""fee"": 6.83317684362635e-06, ""fee_pct_nav"": 4.840507544697277e-06, ""name"": ""友邦保险""}, {""ts_code"": ""01398.HK"", ""side"": ""sell"", ""current_weight"": 0.12011168581907496, ""target_weight"": 0.09799593978497902, ""post_trade_weight"": 0.09800216307364538, ""diff_weight"": -0.022115746034095943, ""gross_amount"": 0.031220032668941272, ""gross_amount_pct_nav"": 0.022115746034095943, ""fee"": 9.36600980068238e-06, ""fee_pct_nav"": 6.634723810228782e-06, ""name"": ""工商银行""}, {""ts_code"": ""02628.HK"", ""side"": ""sell"", ""current_weight"": 0.05640110388884387, ""target_weight"": 0.0, ""post_trade_weight"": 0.0, ""diff_weight"": -0.05640110388884387, ""gross_amount"": 0.07961948483489342, ""gross_amount_pct_nav"": 0.05640110388884387, ""fee"": 2.3885845450468026e-05, ""fee_pct_nav"": 1.692033116665316e-05, ""name"": ""中国人寿""}]"
2023-02-13,0.06336585,0.12673171,0.10181151,0.07794136,0.00005393,0.00003054,0.00002338,0.00000000,rebalance,"[{""ts_code"": ""00005.HK"", ""side"": ""buy"", ""current_weight"": 0.10607469998097925, ""target_weight"": 0.12778106518447108, ""post_trade_weight"": 0.1277859235429166, ""diff_weight"": 0.021706365203491822, ""gross_amount"": 0.030787728886518623, ""gross_amount_pct_nav"": 0.021706365203491822, ""fee"": 9.236318665955586e-06, ""fee_pct_nav"": 6.511909561047547e-06, ""name"": ""汇丰控股""}, {""ts_code"": ""00728.HK"", ""side"": ""sell"", ""current_weight"": 0.05495123354015623, ""target_weight"": 0.0, ""post_trade_weight"": 0.0, ""diff_weight"": -0.05495123354015623, ""gross_amount"": 0.07794136256133484, ""gross_amount_pct_nav"": 0.05495123354015623, ""fee"": 2.338240876840045e-05, ""fee_pct_nav"": 1.6485370062046865e-05, ""name"": ""中国电信""}, {""ts_code"": ""02628.HK"", ""side"": ""buy"", ""current_weight"": 0.0, ""target_weight"": 0.05007410771278917, ""post_trade_weight"": 0.050076011578309126, ""diff_weight"": 0.05007410771278917, ""gross_amount"": 0.07102377749765684, ""gross_amount_pct_nav"": 0.05007410771278917, ""fee"": 2.130713324929705e-05, ""fee_pct_nav"": 1.502223231383675e-05, ""name"": ""中国人寿""}]"
2023-02-20,0.06371093,0.12742186,0.09122953,0.09124226,0.00005474,0.00002737,0.00002737,0.00000000,rebalance,"[{""ts_code"": ""00728.HK"", ""side"": ""buy"", ""current_weight"": 0.0, ""target_weight"": 0.052225648764580426, ""post_trade_weight"": 0.052227645247678714, ""diff_weight"": 0.052225648764580426, ""gross_amount"": 0.07478864220271295, ""gross_amount_pct_nav"": 0.052225648764580426, ""fee"": 2.243659266081388e-05, ""fee_pct_nav"": 1.5667694629374126e-05, ""name"": ""中国电信""}, {""ts_code"": ""00941.HK"", ""side"": ""sell"", ""current_weight"": 0.15135453113055913, ""target_weight"": 0.13643359070105965, ""post_trade_weight"": 0.13643880628697033, ""diff_weight"": -0.014920940429499496, ""gross_amount"": 0.021367219010339028, ""gross_amount_pct_nav"": 0.014920940429499496, ""fee"": 6.410165703101708e-06, ""fee_pct_nav"": 4.476282128849849e-06, ""name"": ""中国移动""}, {""ts_code"": ""01088.HK"", ""side"": ""sell"", ""current_weight"": 0.0487944326484744, ""target_weight"": 0.0, ""post_trade_weight"": 0.0, ""diff_weight"": -0.0487944326484744, ""gross_amount"": 0.06987504130932062, ""gross_amount_pct_nav"": 0.0487944326484744, ""fee"": 2.0962512392796185e-05, ""fee_pct_nav"": 1.4638329794542318e-05, ""name"": ""中国神华""}, {""ts_code"": ""01299.HK"", ""side"": ""buy"", ""current_weight"": 0.05974152712874782, ""target_weight"": 0.07122236452199367, ""post_trade_weight"": 0.0712250872119047, ""diff_weight"": 0.011480837393245841, ""gross_amount"": 0.01644089178980808, ""gross_amount_pct_nav"": 0.011480837393245841, ""fee"": 4.9322675369424234e-06, ""fee_pct_nav"": 3.444251217973752e-06, ""name"": ""友邦保险""}]"
2023-02-27,0.00655135,0.01310269,0.00000000,0.01833918,0.00000550,0.00000000,0.00000550,0.00000000,rebalance,"[{""ts_code"": ""01299.HK"", ""side"": ""sell"", ""current_weight"": 0.07191333159003414, ""target_weight"": 0.058810640013399584, ""post_trade_weight"": 0.05881087118761154, ""diff_weight"": -0.013102691576634556, ""gross_amount"": 0.018339183876050838, ""gross_amount_pct_nav"": 0.013102691576634556, ""fee"": 5.501755162815251e-06, ""fee_pct_nav"": 3.930807472990367e-06, ""name"": ""友邦保险""}]"
2023-03-06,0.00773317,0.01546635,0.00000000,0.02297607,0.00000689,0.00000000,0.00000689,0.00000000,rebalance,"[{""ts_code"": ""00005.HK"", ""side"": ""sell"", ""current_weight"": 0.13032098417612498, ""target_weight"": 0.11485463855349166, ""post_trade_weight"": 0.11485517147042522, ""diff_weight"": -0.015466345622633314, ""gross_amount"": 0.022976071806479093, ""gross_amount_pct_nav"": 0.015466345622633314, ""fee"": 6.892821541943727e-06, ""fee_pct_nav"": 4.639903686789994e-06, ""name"": ""汇丰控股""}]"
2023-03-13,0.01714941,0.03429882,0.05111358,0.00000000,0.00001533,0.00001533,0.00000000,0.00000000,rebalance,"[{""ts_code"": ""01299.HK"", ""side"": ""buy"", ""current_weight"": 0.056782060873970044, ""target_weight"": 0.07326752313994413, ""post_trade_weight"": 0.0732682770445178, ""diff_weight"": 0.016485462265974082, ""gross_amount"": 0.024567347650805052, ""gross_amount_pct_nav"": 0.016485462265974082, ""fee"": 7.370204295241515e-06, ""fee_pct_nav"": 4.945638679792224e-06, ""name"": ""友邦保险""}, {""ts_code"": ""01398.HK"", ""side"": ""buy"", ""current_weight"": 0.09634708450014728, ""target_weight"": 0.11416043949791169, ""post_trade_weight"": 0.11416161418041468, ""diff_weight"": 0.017813354997764395, ""gross_amount"": 0.02654623073327725, ""gross_amount_pct_nav"": 0.017813354997764395, ""fee"": 7.963869219983174e-06, ""fee_pct_nav"": 5.344006499329319e-06, ""name"": ""工商银行""}]"
2023-03-20,0.04400267,0.08800534,0.06031077,0.06676397,0.00003812,0.00001809,0.00002003,0.00000000,rebalance,"[{""ts_code"": ""00005.HK"", ""side"": ""sell"", ""current_weight"": 0.10250179737205842, ""target_weight"": 0.0882831154527516, ""post_trade_weight"": 0.08828544632985252, ""diff_weight"": -0.014218681919306815, ""gross_amount"": 0.020530974332511998, ""gross_amount_pct_nav"": 0.014218681919306815, ""fee"": 6.159292299753599e-06, ""fee_pct_nav"": 4.265604575792044e-06, ""name"": ""汇丰控股""}, {""ts_code"": ""00883.HK"", ""side"": ""sell"", ""current_weight"": 0.05961229595690163, ""target_weight"": 0.046530647575020144, ""post_trade_weight"": 0.046531876091032154, ""diff_weight"": -0.013081648381881486, ""gross_amount"": 0.01888916206717209, ""gross_amount_pct_nav"": 0.013081648381881486, ""fee"": 5.666748620151626e-06, ""fee_pct_nav"": 3.9244945145644455e-06, ""name"": ""中国海洋石油""}, {""ts_code"": ""00939.HK"", ""side"": ""buy"", ""current_weight"": 0.08496858437442045, ""target_weight"": 0.1028671926396665, ""post_trade_weight"": 0.1028699085699158, ""diff_weight"": 0.01789860826524605, ""gross_amount"": 0.025844580318129015, ""gross_amount_pct_nav"": 0.01789860826524605, ""fee"": 7.753374095438704e-06, ""fee_pct_nav"": 5.369582479573815e-06, ""name"": ""建设银行""}, {""ts_code"": ""01299.HK"", ""side"": ""sell"", ""current_weight"": 0.06773269347155932, ""target_weight"": 0.04879578191418654, ""post_trade_weight"": 0.048797070234949835, ""diff_weight"": -0.01893691155737278, ""gross_amount"": 0.027343831680596786, ""gross_amount_pct_nav"": 0.01893691155737278, ""fee"": 8.203149504179035e-06, ""fee_pct_nav"": 5.681073467211834e-06, ""name"": ""友邦保险""}, {""ts_code"": ""01398.HK"", ""side"": ""buy"", ""current_weight"": 0.11914478986059472, ""target_weight"": 0.13182941970051043, ""post_trade_weight"": 0.13183290030010222, ""diff_weight"": 0.012684629839915694, ""gross_amount"": 0.0183158896962948, ""gross_amount_pct_nav"": 0.012684629839915694, ""fee"": 5.49476690888844e-06, ""fee_pct_nav"": 3.8053889519747078e-06, ""name"": ""工商银行""}, {""ts_code"": ""03988.HK"", ""side"": ""buy"", ""current_weight"": 0.08006207108010961, ""target_weight"": 0.0912469267571844, ""post_trade_weight"": 0.09124933588571388, ""diff_weight"": 0.011184855677074786, ""gross_amount"": 0.016150300437276305, ""gross_amount_pct_nav"": 0.011184855677074786, ""fee"": 4.845090131182891e-06, ""fee_pct_nav"": 3.3554567031224353e-06, ""name"": ""中国银行""}]"
2023-03-27,0.04842686,0.09685372,0.07212314,0.06698300,0.00004173,0.00002164,0.00002009,0.00000000,rebalance,"[{""ts_code"": ""00883.HK"", ""side"": ""sell"", ""current_weight"": 0.046637427982821375, ""target_weight"": 0.0, ""post_trade_weight"": 0.0, ""diff_weight"": -0.046637427982821375, ""gross_amount"": 0.06698299700424896, ""gross_amount_pct_nav"": 0.046637427982821375, ""fee"": 2.0094899101274688e-05, ""fee_pct_nav"": 1.3991228394846411e-05, ""name"": ""中国海洋石油""}, {""ts_code"": ""01088.HK"", ""side"": ""buy"", ""current_weight"": 0.0, ""target_weight"": 0.050216289176876594, ""post_trade_weight"": 0.050217748309553945, ""diff_weight"": 0.050216289176876594, ""gross_amount"": 0.07212313570847434, ""gross_amount_pct_nav"": 0.050216289176876594, ""fee"": 2.16369407125423e-05, ""fee_pct_nav"": 1.5064886753062977e-05, ""name"": ""中国神华""}]"
2023-04-03,0.22465472,0.44930943,0.32654155,0.33604674,0.00019878,0.00009796,0.00010081,0.00000000,rebalance,"[{""ts_code"": ""00005.HK"", ""side"": ""buy"", ""current_weight"": 0.0928838886430875, ""target_weight"": 0.11946045543727493, ""post_trade_weight"": 0.11947656002095132, ""diff_weight"": 0.026576566794187434, ""gross_amount"": 0.03919197009068684, ""gross_amount_pct_nav"": 0.026576566794187434, ""fee"": 1.175759102720605e-05, ""fee_pct_nav"": 7.97297003825623e-06, ""name"": ""汇丰控股""}, {""ts_code"": ""00016.HK"", ""side"": ""buy"", ""current_weight"": 0.0, ""target_weight"": 0.03652876655930762, ""post_trade_weight"": 0.03653369103892304, ""diff_weight"": 0.03652876655930762, ""gross_amount"": 0.05386829448396543, ""gross_amount_pct_nav"": 0.03652876655930762, ""fee"": 1.6160488345189625e-05, ""fee_pct_nav"": 1.0958629967792283e-05, ""name"": ""新鸿基地产""}, {""ts_code"": ""00386.HK"", ""side"": ""buy"", ""current_weight"": 0.05297451886165244, ""target_weight"": 0.06486073136700479, ""post_trade_weight"": 0.06486947530717971, ""diff_weight"": 0.011886212505352356, ""gross_amount"": 0.01752837710788145, ""gross_amount_pct_nav"": 0.011886212505352356, ""fee"": 5.258513132364435e-06, ""fee_pct_nav"": 3.5658637516057064e-06, ""name"": ""中国石油化工股份""}, {""ts_code"": ""00728.HK"", ""side"": ""buy"", ""current_weight"": 0.05193227971230177, ""target_weight"": 0.06322700534678795, ""post_trade_weight"": 0.06323552904272137, ""diff_weight"": 0.011294725634486174, ""gross_amount"": 0.01665612239072621, ""gross_amount_pct_nav"": 0.011294725634486174, ""fee"": 4.996836717217863e-06, ""fee_pct_nav"": 3.388417690345852e-06, ""name"": ""中国电信""}, {""ts_code"": ""00857.HK"", ""side"": ""buy"", ""current_weight"": 0.1025435616823782, ""target_weight"": 0.11269222181606577, ""post_trade_weight"": 0.11270741396738708, ""diff_weight"": 0.010148660133687573, ""gross_amount"": 0.014966040854720947, ""gross_amount_pct_nav"": 0.010148660133687573, ""fee"": 4.489812256416284e-06, ""fee_pct_nav"": 3.044598040106272e-06, ""name"": ""中国石油股份""}, {""ts_code"": ""00883.HK"", ""side"": ""buy"", ""current_weight"": 0.0, ""target_weight"": 0.0575300031536346, ""post_trade_weight"": 0.05753775883099494, ""diff_weight"": 0.0575300031536346, ""gross_amount"": 0.08483842854403209, ""gross_amount_pct_nav"": 0.0575300031536346, ""fee"": 2.5451528563209623e-05, ""fee_pct_nav"": 1.7259000946090376e-05, ""name"": ""中国海洋石油""}, {""ts_code"": ""00939.HK"", ""side"": ""sell"", ""current_weight"": 0.10166439227613507, ""target_weight"": 0.0, ""post_trade_weight"": 0.0, ""diff_weight"": -0.10166439227613507, ""gross_amount"": 0.14992259354754484, ""gross_amount_pct_nav"": 0.10166439227613507, ""fee"": 4.497677806426345e-05, ""fee_pct_nav"": 3.0499317682840517e-05, ""name"": ""建设银行""}, {""ts_code"": ""00941.HK"", ""side"": ""buy"", ""current_weight"": 0.14414540284090735, ""target_weight"": 0.16542410084813564, ""post_trade_weight"": 0.16544640183689754, ""diff_weight"": 0.02127869800722828, ""gross_amount"": 0.03137930125912436, ""gross_amount_pct_nav"": 0.02127869800722828, ""fee"": 9.413790377737306e-06, ""fee_pct_nav"": 6.3836094021684835e-06, ""name"": ""中国移动""}, {""ts_code"": ""01299.HK"", ""side"": ""buy"", ""current_weight"": 0.05280111167416637, ""target_weight"": 0.0754587573909484, ""post_trade_weight"": 0.07546893006162901, ""diff_weight"": 0.02265764571678203, ""gross_amount"": 0.03341280986871917, ""gross_amount_pct_nav"": 0.02265764571678203, ""fee"": 1.002384296061575e-05, ""fee_pct_nav"": 6.797293715034608e-06, ""name"": ""友邦保险""}, {""ts_code"": ""01398.HK"", ""side"": ""sell"", ""current_weight"": 0.1262131211275544, ""target_weight"": 0.0, ""post_trade_weight"": 0.0, ""diff_weight"": -0.1262131211275544, ""gross_amount"": 0.1861241486377844, ""gross_amount_pct_nav"": 0.1262131211275544, ""fee"": 5.583724459133531e-05, ""fee_pct_nav"": 3.7863936338266314e-05, ""name"": ""工商银行""}, {""ts_code"": ""02628.HK"", ""side"": ""buy"", ""current_weight"": 0.04527086629565595, ""target_weight"": 0.06880150862770039, ""post_trade_weight"": 0.0688107838280058, ""diff_weight"": 0.023530642332044435, ""gross_amount"": 0.03470020178429639, ""gross_amount_pct_nav"": 0.023530642332044435, ""fee"": 1.0410060535288916e-05, ""fee_pct_nav"": 7.05919269961333e-06, ""name"": ""中国人寿""}]"
2023-04-11,0.25946918,0.51893835,0.39321742,0.38675742,0.00023399,0.00011797,0.00011603,0.00000000,rebalance,"[{""ts_code"": ""00005.HK"", ""side"": ""sell"", ""current_weight"": 0.11849395037641225, ""target_weight"": 0.07423954089239733, ""post_trade_weight"": 0.07425110041553519, ""diff_weight"": -0.04425440948401492, ""gross_amount"": 0.06651527229983246, ""gross_amount_pct_nav"": 0.04425440948401492, ""fee"": 1.9954581689949737e-05, ""fee_pct_nav"": 1.3276322845204475e-05, ""name"": ""汇丰控股""}, {""ts_code"": ""00016.HK"", ""side"": ""sell"", ""current_weight"": 0.036434395196289646, ""target_weight"": 0.0, ""post_trade_weight"": 0.0, ""diff_weight"": -0.036434395196289646, ""gross_amount"": 0.05476163270094662, ""gross_amount_pct_nav"": 0.036434395196289646, ""fee"": 1.6428489810283983e-05, ""fee_pct_nav"": 1.0930318558886891e-05, ""name"": ""新鸿基地产""}, {""ts_code"": ""00386.HK"", ""side"": ""sell"", ""current_weight"": 0.06627003240898079, ""target_weight"": 0.054601885889088354, ""post_trade_weight"": 0.05461038771649352, ""diff_weight"": -0.011668146519892439, ""gross_amount"": 0.017537460154910117, ""gross_amount_pct_nav"": 0.011668146519892439, ""fee"": 5.261238046473035e-06, ""fee_pct_nav"": 3.500443955967731e-06, ""name"": ""中国石油化工股份""}, {""ts_code"": ""00700.HK"", ""side"": ""buy"", ""current_weight"": 0.0, ""target_weight"": 0.17997197732891265, ""post_trade_weight"": 0.18, ""diff_weight"": 0.17997197732891265, ""gross_amount"": 0.27050152104494557, ""gross_amount_pct_nav"": 0.17997197732891265, ""fee"": 8.115045631348367e-05, ""fee_pct_nav"": 5.3991593198673794e-05, ""name"": ""腾讯控股""}, {""ts_code"": ""00728.HK"", ""side"": ""sell"", ""current_weight"": 0.06332728215687915, ""target_weight"": 0.05139275994953709, ""post_trade_weight"": 0.05140076209759208, ""diff_weight"": -0.01193452220734206, ""gross_amount"": 0.017937828199390896, ""gross_amount_pct_nav"": 0.01193452220734206, ""fee"": 5.381348459817268e-06, ""fee_pct_nav"": 3.5803566622026177e-06, ""name"": ""中国电信""}, {""ts_code"": ""00857.HK"", ""side"": ""sell"", ""current_weight"": 0.11424428841235332, ""target_weight"": 0.09058142210426569, ""post_trade_weight"": 0.09059552615221761, ""diff_weight"": -0.02366286630808763, ""gross_amount"": 0.03556576653554719, ""gross_amount_pct_nav"": 0.02366286630808763, ""fee"": 1.0669729960664155e-05, ""fee_pct_nav"": 7.098859892426288e-06, ""name"": ""中国石油股份""}, {""ts_code"": ""00883.HK"", ""side"": ""sell"", ""current_weight"": 0.05796352220907441, ""target_weight"": 0.047361176118526076, ""post_trade_weight"": 0.0473685505258109, ""diff_weight"": -0.01060234609054833, ""gross_amount"": 0.01593554055861071, ""gross_amount_pct_nav"": 0.01060234609054833, ""fee"": 4.780662167583213e-06, ""fee_pct_nav"": 3.1807038271644984e-06, ""name"": ""中国海洋石油""}, {""ts_code"": ""00939.HK"", ""side"": ""buy"", ""current_weight"": 0.0, ""target_weight"": 0.08164620748573868, ""post_trade_weight"": 0.08165892026942788, ""diff_weight"": 0.08164620748573868, ""gross_amount"": 0.12271590077648989, ""gross_amount_pct_nav"": 0.08164620748573868, ""fee"": 3.6814770232946966e-05, ""fee_pct_nav"": 2.4493862245721604e-05, ""name"": ""建设银行""}, {""ts_code"": ""00941.HK"", ""side"": ""sell"", ""current_weight"": 0.16457216954780093, ""target_weight"": 0.1395149534815904, ""post_trade_weight"": 0.13953667676157658, ""diff_weight"": -0.02505721606621052, ""gross_amount"": 0.03766150241642591, ""gross_amount_pct_nav"": 0.02505721606621052, ""fee"": 1.1298450724927771e-05, ""fee_pct_nav"": 7.517164819863155e-06, ""name"": ""中国移动""}, {""ts_code"": ""01088.HK"", ""side"": ""sell"", ""current_weight"": 0.04808011857018325, ""target_weight"": 0.0, ""post_trade_weight"": 0.0, ""diff_weight"": -0.04808011857018325, ""gross_amount"": 0.07226539041401374, ""gross_amount_pct_nav"": 0.04808011857018325, ""fee"": 2.167961712420412e-05, ""fee_pct_nav"": 1.4424035571054973e-05, ""name"": ""中国神华""}, {""ts_code"": ""01299.HK"", ""side"": ""sell"", ""current_weight"": 0.07482873282526624, ""target_weight"": 0.051623797332507965, ""post_trade_weight"": 0.05163183545441115, ""diff_weight"": -0.02320493549275827, ""gross_amount"": 0.034877487260526724, ""gross_amount_pct_nav"": 0.02320493549275827, ""fee"": 1.0463246178158016e-05, ""fee_pct_nav"": 6.961480647827481e-06, ""name"": ""友邦保险""}, {""ts_code"": ""02628.HK"", ""side"": ""sell"", ""current_weight"": 0.0682417289689078, ""target_weight"": 0.04582051624997708, ""post_trade_weight"": 0.0458276507676669, ""diff_weight"": -0.022421212718930716, ""gross_amount"": 0.03369953608421401, ""gross_amount_pct_nav"": 0.022421212718930716, ""fee"": 1.0109860825264202e-05, ""fee_pct_nav"": 6.726363815679214e-06, ""name"": ""中国人寿""}]"
2023-04-17,0.00000000,0.00000000,0.00000000,0.00000000,0.00000000,0.00000000,0.00000000,0.00000000,rebalance,
2023-04-24,0.15265381,0.30530762,0.21430979,0.24780286,0.00013863,0.00006429,0.00007434,0.00000000,rebalance,"[{""ts_code"": ""00005.HK"", ""side"": ""buy"", ""current_weight"": 0.07527549221730942, ""target_weight"": 0.08888588169362562, ""post_trade_weight"": 0.0888940237004364, ""diff_weight"": 0.0136103894763162, ""gross_amount"": 0.020600642377345116, ""gross_amount_pct_nav"": 0.0136103894763162, ""fee"": 6.180192713203534e-06, ""fee_pct_nav"": 4.08311684289486e-06, ""name"": ""汇丰控股""}, {""ts_code"": ""00700.HK"", ""side"": ""sell"", ""current_weight"": 0.16371787585995307, ""target_weight"": 0.0, ""post_trade_weight"": 0.0, ""diff_weight"": -0.16371787585995307, ""gross_amount"": 0.24780285804740482, ""gross_amount_pct_nav"": 0.16371787585995307, ""fee"": 7.434085741422143e-05, ""fee_pct_nav"": 4.911536275798591e-05, ""name"": ""腾讯控股""}, {""ts_code"": ""00857.HK"", ""side"": ""buy"", ""current_weight"": 0.0961518056219667, ""target_weight"": 0.1129328134930461, ""post_trade_weight"": 0.11294315821505482, ""diff_weight"": 0.016781007871079397, ""gross_amount"": 0.025399680331344016, ""gross_amount_pct_nav"": 0.016781007871079397, ""fee"": 7.619904099403204e-06, ""fee_pct_nav"": 5.034302361323819e-06, ""name"": ""中国石油股份""}, {""ts_code"": ""01398.HK"", ""side"": ""buy"", ""current_weight"": 0.0, ""target_weight"": 0.09734215444368292, ""post_trade_weight"": 0.09735107105079033, ""diff_weight"": 0.09734215444368292, ""gross_amount"": 0.1473367764694833, ""gross_amount_pct_nav"": 0.09734215444368292, ""fee"": 4.4201032940844984e-05, ""fee_pct_nav"": 2.9202646333104878e-05, ""name"": ""工商银行""}, {""ts_code"": ""02628.HK"", ""side"": ""buy"", ""current_weight"": 0.04905563934757329, ""target_weight"": 0.06291183050872123, ""post_trade_weight"": 0.06291759327489647, ""diff_weight"": 0.01385619116114794, ""gross_amount"": 0.020972687028512446, ""gross_amount_pct_nav"": 0.01385619116114794, ""fee"": 6.2918061085537336e-06, ""fee_pct_nav"": 4.156857348344382e-06, ""name"": ""中国人寿""}]"
2023-05-02,0.06752548,0.13505096,0.11550258,0.09203088,0.00006226,0.00003465,0.00002761,0.00000000,rebalance,"[{""ts_code"": ""00857.HK"", ""side"": ""buy"", ""current_weight"": 0.11530124313171014, ""target_weight"": 0.1330259901726301, ""post_trade_weight"": 0.1330313799773312, ""diff_weight"": 0.017724747040919933, ""gross_amount"": 0.027237704194504497, ""gross_amount_pct_nav"": 0.017724747040919933, ""fee"": 8.171311258351348e-06, ""fee_pct_nav"": 5.31742411227598e-06, ""name"": ""中国石油股份""}, {""ts_code"": ""00883.HK"", ""side"": ""sell"", ""current_weight"": 0.047753008518933895, ""target_weight"": 0.0, ""post_trade_weight"": 0.0, ""diff_weight"": -0.047753008518933895, ""gross_amount"": 0.07338227831593742, ""gross_amount_pct_nav"": 0.047753008518933895, ""fee"": 2.2014683494781226e-05, ""fee_pct_nav"": 1.432590255568017e-05, ""name"": ""中国海洋石油""}, {""ts_code"": ""01088.HK"", ""side"": ""buy"", ""current_weight"": 0.0, ""target_weight"": 0.044737093932876865, ""post_trade_weight"": 0.04473890654256976, ""diff_weight"": 0.044737093932876865, ""gross_amount"": 0.06874770783765265, ""gross_amount_pct_nav"": 0.044737093932876865, ""fee"": 2.0624312351295793e-05, ""fee_pct_nav"": 1.3421128179863058e-05, ""name"": ""中国神华""}, {""ts_code"": ""01299.HK"", ""side"": ""buy"", ""current_weight"": 0.05106442280739306, ""target_weight"": 0.06376508275186936, ""post_trade_weight"": 0.06376766631724885, ""diff_weight"": 0.012700659944476299, ""gross_amount"": 0.019517165341993103, ""gross_amount_pct_nav"": 0.012700659944476299, ""fee"": 5.855149602597931e-06, ""fee_pct_nav"": 3.8101979833428895e-06, ""name"": ""友邦保险""}, {""ts_code"": ""03988.HK"", ""side"": ""sell"", ""current_weight"": 0.08972677785821163, ""target_weight"": 0.07759132658624547, ""post_trade_weight"": 0.07759447034857536, ""diff_weight"": -0.01213545127196617, ""gross_amount"": 0.01864860645116899, ""gross_amount_pct_nav"": 0.01213545127196617, ""fee"": 5.594581935350696e-06, ""fee_pct_nav"": 3.640635381589851e-06, ""name"": ""中国银行""}]"
2023-05-08,0.07985660,0.15971320,0.13272285,0.12490861,0.00007729,0.00003982,0.00003747,0.00000000,rebalance,"[{""ts_code"": ""00728.HK"", ""side"": ""sell"", ""current_weight"": 0.05057349297651004, ""target_weight"": 0.0, ""post_trade_weight"": 0.0, ""diff_weight"": -0.05057349297651004, ""gross_amount"": 0.0815794998969809, ""gross_amount_pct_nav"": 0.05057349297651004, ""fee"": 2.447384996909427e-05, ""fee_pct_nav"": 1.517204789295301e-05, ""name"": ""中国电信""}, {""ts_code"": ""00857.HK"", ""side"": ""sell"", ""current_weight"": 0.1285673480793311, ""target_weight"": 0.11358991092935322, ""post_trade_weight"": 0.11359535373253413, ""diff_weight"": -0.014977437149977867, ""gross_amount"": 0.02415992569469491, ""gross_amount_pct_nav"": 0.014977437149977867, ""fee"": 7.247977708408473e-06, ""fee_pct_nav"": 4.49323114499336e-06, ""name"": ""中国石油股份""}, {""ts_code"": ""01288.HK"", ""side"": ""buy"", ""current_weight"": 0.09401168699000716, ""target_weight"": 0.10679288114043865, ""post_trade_weight"": 0.10679799825540436, ""diff_weight"": 0.012781194150431503, ""gross_amount"": 0.02061719223868355, ""gross_amount_pct_nav"": 0.012781194150431503, ""fee"": 6.185157671605065e-06, ""fee_pct_nav"": 3.834358245129451e-06, ""name"": ""农业银行""}, {""ts_code"": ""01299.HK"", ""side"": ""sell"", ""current_weight"": 0.05970980735898802, ""target_weight"": 0.047826277479039454, ""post_trade_weight"": 0.04782856913516511, ""diff_weight"": -0.01188352987994856, ""gross_amount"": 0.019169180682602177, ""gross_amount_pct_nav"": 0.01188352987994856, ""fee"": 5.750754204780653e-06, ""fee_pct_nav"": 3.5650589639845677e-06, ""name"": ""友邦保险""}, {""ts_code"": ""02318.HK"", ""side"": ""buy"", ""current_weight"": 0.0, ""target_weight"": 0.05945750774900422, ""post_trade_weight"": 0.05946035673012989, ""diff_weight"": 0.05945750774900422, ""gross_amount"": 0.09591019844204865, ""gross_amount_pct_nav"": 0.05945750774900422, ""fee"": 2.8773059532614594e-05, ""fee_pct_nav"": 1.7837252324701266e-05, ""name"": ""中国平安""}, {""ts_code"": ""03988.HK"", ""side"": ""buy"", ""current_weight"": 0.08021385675027398, ""target_weight"": 0.09025389325915716, ""post_trade_weight"": 0.09025821788775577, ""diff_weight"": 0.010040036508883165, ""gross_amount"": 0.016195463455975834, ""gross_amount_pct_nav"": 0.010040036508883165, ""fee"": 4.85863903679275e-06, ""fee_pct_nav"": 3.0120109526649497e-06, ""name"": ""中国银行""}]"
2023-05-15,0.01720535,0.03441071,0.03757199,0.01613341,0.00001611,0.00001127,0.00000484,0.00000000,rebalance,"[{""ts_code"": ""00005.HK"", ""side"": ""buy"", ""current_weight"": 0.09374001061111305, ""target_weight"": 0.10749280320323332, ""post_trade_weight"": 0.10749391288573217, ""diff_weight"": 0.013752792592120266, ""gross_amount"": 0.0214642250191735, ""gross_amount_pct_nav"": 0.013752792592120266, ""fee"": 6.43926750575205e-06, ""fee_pct_nav"": 4.12583777763608e-06, ""name"": ""汇丰控股""}, {""ts_code"": ""00939.HK"", ""side"": ""buy"", ""current_weight"": 0.08166576675199226, ""target_weight"": 0.09198650942768369, ""post_trade_weight"": 0.09198745903376522, ""diff_weight"": 0.01032074267569143, ""gross_amount"": 0.016107764417457482, ""gross_amount_pct_nav"": 0.01032074267569143, ""fee"": 4.8323293252372445e-06, ""fee_pct_nav"": 3.0962228027074292e-06, ""name"": ""建设银行""}, {""ts_code"": ""02318.HK"", ""side"": ""sell"", ""current_weight"": 0.058343615908863194, ""target_weight"": 0.04800644303942602, ""post_trade_weight"": 0.0480069386252521, ""diff_weight"": -0.010337172869437168, ""gross_amount"": 0.016133407309495945, ""gross_amount_pct_nav"": 0.010337172869437168, ""fee"": 4.840022192848783e-06, ""fee_pct_nav"": 3.10115186083115e-06, ""name"": ""中国平安""}]"
2023-05-22,0.04474095,0.08948190,0.06829286,0.07091777,0.00004176,0.00002049,0.00002128,0.00000000,rebalance,"[{""ts_code"": ""00883.HK"", ""side"": ""buy"", ""current_weight"": 0.0, ""target_weight"": 0.043897330876168615, ""post_trade_weight"": 0.043898509312736506, ""diff_weight"": 0.043897330876168615, ""gross_amount"": 0.06829286493376771, ""gross_amount_pct_nav"": 0.043897330876168615, ""fee"": 2.048785948013031e-05, ""fee_pct_nav"": 1.3169199262850583e-05, ""name"": ""中国海洋石油""}, {""ts_code"": ""02318.HK"", ""side"": ""sell"", ""current_weight"": 0.04558456621943085, ""target_weight"": 0.0, ""post_trade_weight"": 0.0, ""diff_weight"": -0.04558456621943085, ""gross_amount"": 0.07091776565344773, ""gross_amount_pct_nav"": 0.04558456621943085, ""fee"": 2.1275329696034317e-05, ""fee_pct_nav"": 1.3675369865829254e-05, ""name"": ""中国平安""}]"
2023-05-29,0.06450167,0.12900333,0.00000000,0.19351277,0.00005805,0.00000000,0.00005805,0.00000000,rebalance,"[{""ts_code"": ""00005.HK"", ""side"": ""sell"", ""current_weight"": 0.11089891622992995, ""target_weight"": 0.0931484329853217, ""post_trade_weight"": 0.09315203806237408, ""diff_weight"": -0.017750483244608255, ""gross_amount"": 0.026626794187573938, ""gross_amount_pct_nav"": 0.017750483244608255, ""fee"": 7.98803825627218e-06, ""fee_pct_nav"": 5.3251449733824765e-06, ""name"": ""汇丰控股""}, {""ts_code"": ""00857.HK"", ""side"": ""sell"", ""current_weight"": 0.11890147454921353, ""target_weight"": 0.09400557457736096, ""post_trade_weight"": 0.09400921282793419, ""diff_weight"": -0.024895899971852573, ""gross_amount"": 0.03734534973104481, ""gross_amount_pct_nav"": 0.024895899971852573, ""fee"": 1.1203604919313442e-05, ""fee_pct_nav"": 7.468769991555772e-06, ""name"": ""中国石油股份""}, {""ts_code"": ""00939.HK"", ""side"": ""sell"", ""current_weight"": 0.09088941064938733, ""target_weight"": 0.07746745023516664, ""post_trade_weight"": 0.07747044841901364, ""diff_weight"": -0.013421960414220679, ""gross_amount"": 0.020133749184083463, ""gross_amount_pct_nav"": 0.013421960414220679, ""fee"": 6.040124755225038e-06, ""fee_pct_nav"": 4.026588124266203e-06, ""name"": ""建设银行""}, {""ts_code"": ""00941.HK"", ""side"": ""sell"", ""current_weight"": 0.1372226739330553, ""target_weight"": 0.11224782311976485, ""post_trade_weight"": 0.11225216739092797, ""diff_weight"": -0.024974850813290435, ""gross_amount"": 0.03746378074934062, ""gross_amount_pct_nav"": 0.024974850813290435, ""fee"": 1.1239134224802185e-05, ""fee_pct_nav"": 7.49245524398713e-06, ""name"": ""中国移动""}, {""ts_code"": ""01288.HK"", ""side"": ""sell"", ""current_weight"": 0.10660737556970377, ""target_weight"": 0.08871826900844161, ""post_trade_weight"": 0.08872170262708101, ""diff_weight"": -0.017889106561262164, ""gross_amount"": 0.026834737513469792, ""gross_amount_pct_nav"": 0.017889106561262164, ""fee"": 8.050421254040937e-06, ""fee_pct_nav"": 5.366731968378648e-06, ""name"": ""农业银行""}, {""ts_code"": ""01398.HK"", ""side"": ""sell"", ""current_weight"": 0.09903681044040626, ""target_weight"": 0.08202611376025211, ""post_trade_weight"": 0.0820292883757656, ""diff_weight"": -0.017010696680154154, ""gross_amount"": 0.0255170697748352, ""gross_amount_pct_nav"": 0.017010696680154154, ""fee"": 7.655120932450559e-06, ""fee_pct_nav"": 5.103209004046246e-06, ""name"": ""工商银行""}, {""ts_code"": ""03988.HK"", ""side"": ""sell"", ""current_weight"": 0.08910457284957556, ""target_weight"": 0.07604423622370454, ""post_trade_weight"": 0.07604717932561393, ""diff_weight"": -0.013060336625871005, ""gross_amount"": 0.01959129171669917, ""gross_amount_pct_nav"": 0.013060336625871005, ""fee"": 5.877387515009751e-06, ""fee_pct_nav"": 3.9181009877613015e-06, ""name"": ""中国银行""}]"
2023-06-05,0.07050722,0.14101444,0.19535983,0.01634240,0.00006351,0.00005861,0.00000490,0.00000000,rebalance,"[{""ts_code"": ""00005.HK"", ""side"": ""buy"", ""current_weight"": 0.09370419956593906, ""target_weight"": 0.10458516288945999, ""post_trade_weight"": 0.10458958748207185, ""diff_weight"": 0.010880963323520926, ""gross_amount"": 0.016335377793457756, ""gross_amount_pct_nav"": 0.010880963323520926, ""fee"": 4.900613338037326e-06, ""fee_pct_nav"": 3.2642889970562773e-06, ""name"": ""汇丰控股""}, {""ts_code"": ""00939.HK"", ""side"": ""buy"", ""current_weight"": 0.07722613370145526, ""target_weight"": 0.09485361045242216, ""post_trade_weight"": 0.09485762334079391, ""diff_weight"": 0.017627476750966906, ""gross_amount"": 0.02646378668054003, ""gross_amount_pct_nav"": 0.017627476750966906, ""fee"": 7.939136004162008e-06, ""fee_pct_nav"": 5.288243025290071e-06, ""name"": ""建设银行""}, {""ts_code"": ""00941.HK"", ""side"": ""buy"", ""current_weight"": 0.11470206904906309, ""target_weight"": 0.13402297839295396, ""post_trade_weight"": 0.1340286483853662, ""diff_weight"": 0.019320909343890868, ""gross_amount"": 0.02900610396906264, ""gross_amount_pct_nav"": 0.019320909343890868, ""fee"": 8.701831190718792e-06, ""fee_pct_nav"": 5.796272803167261e-06, ""name"": ""中国移动""}, {""ts_code"": ""01288.HK"", ""side"": ""buy"", ""current_weight"": 0.0879616328833074, ""target_weight"": 0.10661296805530839, ""post_trade_weight"": 0.10661747843649204, ""diff_weight"": 0.018651335172000977, ""gross_amount"": 0.028000885337829934, ""gross_amount_pct_nav"": 0.018651335172000977, ""fee"": 8.40026560134898e-06, ""fee_pct_nav"": 5.595400551600293e-06, ""name"": ""农业银行""}, {""ts_code"": ""01398.HK"", ""side"": ""buy"", ""current_weight"": 0.08218460661973519, ""target_weight"": 0.12595141793917178, ""post_trade_weight"": 0.12595674645516652, ""diff_weight"": 0.0437668113194366, ""gross_amount"": 0.06570625931368669, ""gross_amount_pct_nav"": 0.0437668113194366, ""fee"": 1.9711877794106006e-05, ""fee_pct_nav"": 1.3130043395830979e-05, ""name"": ""工商银行""}, {""ts_code"": ""02628.HK"", ""side"": ""sell"", ""current_weight"": 0.060347026879816065, ""target_weight"": 0.049461388481751536, ""post_trade_weight"": 0.04946348100126389, ""diff_weight"": -0.010885638398064529, ""gross_amount"": 0.0163423963915921, ""gross_amount_pct_nav"": 0.010885638398064529, ""fee"": 4.90271891747763e-06, ""fee_pct_nav"": 3.265691519419358e-06, ""name"": ""中国人寿""}, {""ts_code"": ""03988.HK"", ""side"": ""buy"", ""current_weight"": 0.07569996526285615, ""target_weight"": 0.09558127029487053, ""post_trade_weight"": 0.09558531396770802, ""diff_weight"": 0.01988130503201438, ""gross_amount"": 0.029847415074259906, ""gross_amount_pct_nav"": 0.01988130503201438, ""fee"": 8.954224522277971e-06, ""fee_pct_nav"": 5.9643915096043136e-06, ""name"": ""中国银行""}]"
2023-06-12,0.00568051,0.01136102,0.01758049,0.00000000,0.00000527,0.00000527,0.00000000,0.00000000,rebalance,"[{""ts_code"": ""00857.HK"", ""side"": ""buy"", ""current_weight"": 0.09706203809346665, ""target_weight"": 0.1084230534231394, ""post_trade_weight"": 0.10842342296319052, ""diff_weight"": 0.01136101532967275, ""gross_amount"": 0.017580493213568443, ""gross_amount_pct_nav"": 0.01136101532967275, ""fee"": 5.274147964070532e-06, ""fee_pct_nav"": 3.4083045989018245e-06, ""name"": ""中国石油股份""}]"
2023-06-19,0.16986082,0.33972164,0.27672139,0.24559986,0.00015670,0.00008302,0.00007368,0.00000000,rebalance,"[{""ts_code"": ""00700.HK"", ""side"": ""buy"", ""current_weight"": 0.0, ""target_weight"": 0.17998165503175292, ""post_trade_weight"": 0.18000000000010702, ""diff_weight"": 0.17998165503175292, ""gross_amount"": 0.2767213892126342, ""gross_amount_pct_nav"": 0.17998165503175292, ""fee"": 8.301641676379025e-05, ""fee_pct_nav"": 5.399449650952587e-05, ""name"": ""腾讯控股""}, {""ts_code"": ""00883.HK"", ""side"": ""sell"", ""current_weight"": 0.04429800626618327, ""target_weight"": 0.0, ""post_trade_weight"": 0.0, ""diff_weight"": -0.04429800626618327, ""gross_amount"": 0.06810808485545695, ""gross_amount_pct_nav"": 0.04429800626618327, ""fee"": 2.0432425456637084e-05, ""fee_pct_nav"": 1.328940187985498e-05, ""name"": ""中国海洋石油""}, {""ts_code"": ""00939.HK"", ""side"": ""sell"", ""current_weight"": 0.0917636353551874, ""target_weight"": 0.07448110625322919, ""post_trade_weight"": 0.07448869787992556, ""diff_weight"": -0.017282529101958214, ""gross_amount"": 0.026571849566323427, ""gross_amount_pct_nav"": 0.017282529101958214, ""fee"": 7.971554869897027e-06, ""fee_pct_nav"": 5.184758730587464e-06, ""name"": ""建设银行""}, {""ts_code"": ""00941.HK"", ""side"": ""sell"", ""current_weight"": 0.13831707767362014, ""target_weight"": 0.11193673844012848, ""post_trade_weight"": 0.11194814780251035, ""diff_weight"": -0.026380339233491652, ""gross_amount"": 0.04055971215124385, ""gross_amount_pct_nav"": 0.026380339233491652, ""fee"": 1.2167913645373154e-05, ""fee_pct_nav"": 7.914101770047495e-06, ""name"": ""中国移动""}, {""ts_code"": ""01288.HK"", ""side"": ""sell"", ""current_weight"": 0.10531678842583979, ""target_weight"": 0.0872032210253458, ""post_trade_weight"": 0.08721210937749373, ""diff_weight"": -0.018113567400493982, ""gross_amount"": 0.02784956907845454, ""gross_amount_pct_nav"": 0.018113567400493982, ""fee"": 8.354870723536362e-06, ""fee_pct_nav"": 5.4340702201481945e-06, ""name"": ""农业银行""}, {""ts_code"": ""01398.HK"", ""side"": ""sell"", ""current_weight"": 0.12062590137591628, ""target_weight"": 0.08475955886337833, ""post_trade_weight"": 0.08476819814066902, ""diff_weight"": -0.03586634251253795, ""gross_amount"": 0.055144420826081786, ""gross_amount_pct_nav"": 0.03586634251253795, ""fee"": 1.6543326247824533e-05, ""fee_pct_nav"": 1.0759902753761385e-05, ""name"": ""工商银行""}, {""ts_code"": ""03988.HK"", ""side"": ""sell"", ""current_weight"": 0.09402625018800834, ""target_weight"": 0.07622705354737598, ""post_trade_weight"": 0.07623482313303073, ""diff_weight"": -0.017799196640632352, ""gross_amount"": 0.027366224743269968, ""gross_amount_pct_nav"": 0.017799196640632352, ""fee"": 8.20986742298099e-06, ""fee_pct_nav"": 5.339758992189706e-06, ""name"": ""中国银行""}]"
2023-06-26,0.08183476,0.16366952,0.00000000,0.24566756,0.00007370,0.00000000,0.00007370,0.00000000,rebalance,"[{""ts_code"": ""00005.HK"", ""side"": ""sell"", ""current_weight"": 0.10540771320390763, ""target_weight"": 0.0836445755289909, ""post_trade_weight"": 0.08364868275084196, ""diff_weight"": -0.021763137674916718, ""gross_amount"": 0.03266641896022601, ""gross_amount_pct_nav"": 0.021763137674916718, ""fee"": 9.799925688067803e-06, ""fee_pct_nav"": 6.528941302475016e-06, ""name"": ""汇丰控股""}, {""ts_code"": ""00386.HK"", ""side"": ""sell"", ""current_weight"": 0.05464201603386627, ""target_weight"": 0.043120692455800906, ""post_trade_weight"": 0.04312280982263751, ""diff_weight"": -0.011521323578065368, ""gross_amount"": 0.017293479855673144, ""gross_amount_pct_nav"": 0.011521323578065368, ""fee"": 5.188043956701943e-06, ""fee_pct_nav"": 3.4563970734196103e-06, ""name"": ""中国石油化工股份""}, {""ts_code"": ""00700.HK"", ""side"": ""sell"", ""current_weight"": 0.17176546945251153, ""target_weight"": 0.1524750458541811, ""post_trade_weight"": 0.15248253287693317, ""diff_weight"": -0.019290423598330438, ""gross_amount"": 0.02895488089061607, ""gross_amount_pct_nav"": 0.019290423598330438, ""fee"": 8.68646426718482e-06, ""fee_pct_nav"": 5.787127079499132e-06, ""name"": ""腾讯控股""}, {""ts_code"": ""00857.HK"", ""side"": ""sell"", ""current_weight"": 0.1159747680477399, ""target_weight"": 0.07906673765456672, ""post_trade_weight"": 0.07907062008962641, ""diff_weight"": -0.03690803039317318, ""gross_amount"": 0.05539886765545465, ""gross_amount_pct_nav"": 0.03690803039317318, ""fee"": 1.6619660296636393e-05, ""fee_pct_nav"": 1.1072409117951954e-05, ""name"": ""中国石油股份""}, {""ts_code"": ""00941.HK"", ""side"": ""sell"", ""current_weight"": 0.11226247630084939, ""target_weight"": 0.09981189187680893, ""post_trade_weight"": 0.09981679296669693, ""diff_weight"": -0.01245058442404046, ""gross_amount"": 0.01868829822108481, ""gross_amount_pct_nav"": 0.01245058442404046, ""fee"": 5.606489466325442e-06, ""fee_pct_nav"": 3.7351753272121375e-06, ""name"": ""中国移动""}, {""ts_code"": ""01088.HK"", ""side"": ""sell"", ""current_weight"": 0.05035056315496703, ""target_weight"": 0.027380657154635325, ""post_trade_weight"": 0.02738200163432992, ""diff_weight"": -0.022969906000331705, ""gross_amount"": 0.03447777540591771, ""gross_amount_pct_nav"": 0.022969906000331705, ""fee"": 1.0343332621775313e-05, ""fee_pct_nav"": 6.890971800099511e-06, ""name"": ""中国神华""}, {""ts_code"": ""01288.HK"", ""side"": ""sell"", ""current_weight"": 0.08863665428299859, ""target_weight"": 0.07467287371334828, ""post_trade_weight"": 0.0746765403953376, ""diff_weight"": -0.013963780569650312, ""gross_amount"": 0.020959602111169665, ""gross_amount_pct_nav"": 0.013963780569650312, ""fee"": 6.2878806333508986e-06, ""fee_pct_nav"": 4.189134170895093e-06, ""name"": ""农业银行""}, {""ts_code"": ""02628.HK"", ""side"": ""sell"", ""current_weight"": 0.04718559384088836, ""target_weight"": 0.032529322214986243, ""post_trade_weight"": 0.03253091951095142, ""diff_weight"": -0.014656271625902115, ""gross_amount"": 0.021999029573681335, ""gross_amount_pct_nav"": 0.014656271625902115, ""fee"": 6.5997088721044e-06, ""fee_pct_nav"": 4.396881487770634e-06, ""name"": ""中国人寿""}, {""ts_code"": ""03988.HK"", ""side"": ""sell"", ""current_weight"": 0.07721311973121446, ""target_weight"": 0.06706706059582089, ""post_trade_weight"": 0.0670703538075447, ""diff_weight"": -0.010146059135393569, ""gross_amount"": 0.015229211130433337, ""gross_amount_pct_nav"": 0.010146059135393569, ""fee"": 4.56876333913e-06, ""fee_pct_nav"": 3.04381774061807e-06, ""name"": ""中国银行""}]"
2023-07-03,0.05404609,0.10809218,0.06794906,0.09881516,0.00005003,0.00002038,0.00002964,0.00000000,rebalance,"[{""ts_code"": ""00700.HK"", ""side"": ""sell"", ""current_weight"": 0.15066397569829823, ""target_weight"": 0.12790152719616982, ""post_trade_weight"": 0.1279056748769802, ""diff_weight"": -0.02276244850212842, ""gross_amount"": 0.035117824082175814, ""gross_amount_pct_nav"": 0.02276244850212842, ""fee"": 1.0535347224652744e-05, ""fee_pct_nav"": 6.828734550638526e-06, ""name"": ""腾讯控股""}, {""ts_code"": ""00883.HK"", ""side"": ""buy"", ""current_weight"": 0.0, ""target_weight"": 0.032154952314950344, ""post_trade_weight"": 0.03215599505839212, ""diff_weight"": 0.032154952314950344, ""gross_amount"": 0.049608545348783124, ""gross_amount_pct_nav"": 0.032154952314950344, ""fee"": 1.4882563604634936e-05, ""fee_pct_nav"": 9.646485694485104e-06, ""name"": ""中国海洋石油""}, {""ts_code"": ""01088.HK"", ""side"": ""sell"", ""current_weight"": 0.02826194769309839, ""target_weight"": 0.0, ""post_trade_weight"": 0.0, ""diff_weight"": -0.02826194769309839, ""gross_amount"": 0.043602431751271375, ""gross_amount_pct_nav"": 0.02826194769309839, ""fee"": 1.308072952538141e-05, ""fee_pct_nav"": 8.478584307929516e-06, ""name"": ""中国神华""}, {""ts_code"": ""01299.HK"", ""side"": ""sell"", ""current_weight"": 0.04961614552728226, ""target_weight"": 0.036591158928146454, ""post_trade_weight"": 0.03659234553202088, ""diff_weight"": -0.013024986599135811, ""gross_amount"": 0.020094902708659768, ""gross_amount_pct_nav"": 0.013024986599135811, ""fee"": 6.028470812597929e-06, ""fee_pct_nav"": 3.907495979740743e-06, ""name"": ""友邦保险""}, {""ts_code"": ""01398.HK"", ""side"": ""buy"", ""current_weight"": 0.08564818253464286, ""target_weight"": 0.09753602327793286, ""post_trade_weight"": 0.09753918624479448, ""diff_weight"": 0.011887840743290001, ""gross_amount"": 0.0183405181521111, ""gross_amount_pct_nav"": 0.011887840743290001, ""fee"": 5.5021554456333296e-06, ""fee_pct_nav"": 3.566352222987e-06, ""name"": ""工商银行""}]"
2023-07-10,0.10000404,0.20000808,0.25457035,0.04981169,0.00009131,0.00007637,0.00001494,0.00000000,rebalance,"[{""ts_code"": ""00005.HK"", ""side"": ""buy"", ""current_weight"": 0.08436829414899094, ""target_weight"": 0.09662896051751924, ""post_trade_weight"": 0.09663475883737727, ""diff_weight"": 0.012260666368528291, ""gross_amount"": 0.018658879071416223, ""gross_amount_pct_nav"": 0.012260666368528291, ""fee"": 5.5976637214248664e-06, ""fee_pct_nav"": 3.678199910558487e-06, ""name"": ""汇丰控股""}, {""ts_code"": ""00386.HK"", ""side"": ""buy"", ""current_weight"": 0.04252989097884186, ""target_weight"": 0.05500280245184513, ""post_trade_weight"": 0.05500610295140547, ""diff_weight"": 0.012472911473003266, ""gross_amount"": 0.018981884005965635, ""gross_amount_pct_nav"": 0.012472911473003266, ""fee"": 5.6945652017896905e-06, ""fee_pct_nav"": 3.74187344190098e-06, ""name"": ""中国石油化工股份""}, {""ts_code"": ""00700.HK"", ""side"": ""buy"", ""current_weight"": 0.12612943353039324, ""target_weight"": 0.1644058843288779, ""post_trade_weight"": 0.16441574967254688, ""diff_weight"": 0.03827645079848467, ""gross_amount"": 0.05825096656778753, ""gross_amount_pct_nav"": 0.03827645079848467, ""fee"": 1.7475289970336257e-05, ""fee_pct_nav"": 1.14829352395454e-05, ""name"": ""腾讯控股""}, {""ts_code"": ""00857.HK"", ""side"": ""buy"", ""current_weight"": 0.07751924823775443, ""target_weight"": 0.1010797415595227, ""post_trade_weight"": 0.10108580695306095, ""diff_weight"": 0.023560493321768277, ""gross_amount"": 0.035855505935812576, ""gross_amount_pct_nav"": 0.023560493321768277, ""fee"": 1.0756651780743772e-05, ""fee_pct_nav"": 7.0681479965304825e-06, ""name"": ""中国石油股份""}, {""ts_code"": ""00941.HK"", ""side"": ""buy"", ""current_weight"": 0.09751044561949265, ""target_weight"": 0.11301840975332363, ""post_trade_weight"": 0.1130251915388886, ""diff_weight"": 0.015507964133830977, ""gross_amount"": 0.02360077492686441, ""gross_amount_pct_nav"": 0.015507964133830977, ""fee"": 7.080232478059323e-06, ""fee_pct_nav"": 4.652389240149293e-06, ""name"": ""中国移动""}, {""ts_code"": ""01088.HK"", ""side"": ""buy"", ""current_weight"": 0.0, ""target_weight"": 0.03737455866167841, ""post_trade_weight"": 0.03737680136039433, ""diff_weight"": 0.03737455866167841, ""gross_amount"": 0.05687842319940051, ""gross_amount_pct_nav"": 0.03737455866167841, ""fee"": 1.706352695982015e-05, ""fee_pct_nav"": 1.121236759850352e-05, ""name"": ""中国神华""}, {""ts_code"": ""01288.HK"", ""side"": ""buy"", ""current_weight"": 0.07576967436597218, ""target_weight"": 0.08818463849697028, ""post_trade_weight"": 0.08818993010662676, ""diff_weight"": 0.012414964130998104, ""gross_amount"": 0.018893696919351832, ""gross_amount_pct_nav"": 0.012414964130998104, ""fee"": 5.6681090758055495e-06, ""fee_pct_nav"": 3.724489239299431e-06, ""name"": ""农业银行""}, {""ts_code"": ""02628.HK"", ""side"": ""sell"", ""current_weight"": 0.03273104147162991, ""target_weight"": 0.0, ""post_trade_weight"": 0.0, ""diff_weight"": -0.03273104147162991, ""gross_amount"": 0.049811692639179124, ""gross_amount_pct_nav"": 0.03273104147162991, ""fee"": 1.4943507791753737e-05, ""fee_pct_nav"": 9.819312441488972e-06, ""name"": ""中国人寿""}, {""ts_code"": ""03988.HK"", ""side"": ""buy"", ""current_weight"": 0.06926265689599444, ""target_weight"": 0.08467168947258322, ""post_trade_weight"": 0.08467677028413136, ""diff_weight"": 0.015409032576588782, ""gross_amount"": 0.023450216065914783, ""gross_amount_pct_nav"": 0.015409032576588782, ""fee"": 7.035064819774435e-06, ""fee_pct_nav"": 4.622709772976634e-06, ""name"": ""中国银行""}]"
2023-07-17,0.00000000,0.00000000,0.00000000,0.00000000,0.00000000,0.00000000,0.00000000,0.00000000,rebalance,
2023-07-24,0.05317626,0.10635252,0.08446577,0.07925818,0.00004912,0.00002534,0.00002378,0.00000000,rebalance,"[{""ts_code"": ""00728.HK"", ""side"": ""buy"", ""current_weight"": 0.0, ""target_weight"": 0.04354089417047589, ""post_trade_weight"": 0.0435422834199241, ""diff_weight"": 0.04354089417047589, ""gross_amount"": 0.06702885392923981, ""gross_amount_pct_nav"": 0.04354089417047589, ""fee"": 2.010865617877194e-05, ""fee_pct_nav"": 1.3062268251142766e-05, ""name"": ""中国电信""}, {""ts_code"": ""00883.HK"", ""side"": ""buy"", ""current_weight"": 0.03401689591409545, ""target_weight"": 0.04534364536361223, ""post_trade_weight"": 0.045345092133034434, ""diff_weight"": 0.011326749449516782, ""gross_amount"": 0.017436918758998922, ""gross_amount_pct_nav"": 0.011326749449516782, ""fee"": 5.231075627699676e-06, ""fee_pct_nav"": 3.3980248348550344e-06, ""name"": ""中国海洋石油""}, {""ts_code"": ""00939.HK"", ""side"": ""sell"", ""current_weight"": 0.07477041082629221, ""target_weight"": 0.05889903067903514, ""post_trade_weight"": 0.05890090995706628, ""diff_weight"": -0.015871380147257072, ""gross_amount"": 0.0244331321580276, ""gross_amount_pct_nav"": 0.015871380147257072, ""fee"": 7.3299396474082795e-06, ""fee_pct_nav"": 4.761414044177122e-06, ""name"": ""建设银行""}, {""ts_code"": ""01088.HK"", ""side"": ""sell"", ""current_weight"": 0.035613494527800806, ""target_weight"": 0.0, ""post_trade_weight"": 0.0, ""diff_weight"": -0.035613494527800806, ""gross_amount"": 0.054825050520721785, ""gross_amount_pct_nav"": 0.035613494527800806, ""fee"": 1.6447515156216534e-05, ""fee_pct_nav"": 1.068404835834024e-05, ""name"": ""中国神华""}]"
2023-07-31,0.03243781,0.06487562,0.04944338,0.05394259,0.00003102,0.00001483,0.00001618,0.00000000,rebalance,"[{""ts_code"": ""01088.HK"", ""side"": ""buy"", ""current_weight"": 0.0, ""target_weight"": 0.031026163125044613, ""post_trade_weight"": 0.031026766989238595, ""diff_weight"": 0.031026163125044613, ""gross_amount"": 0.049443383282278056, ""gross_amount_pct_nav"": 0.031026163125044613, ""fee"": 1.4833014984683416e-05, ""fee_pct_nav"": 9.307848937513383e-06, ""name"": ""中国神华""}, {""ts_code"": ""01299.HK"", ""side"": ""sell"", ""current_weight"": 0.03384945370336965, ""target_weight"": 0.0, ""post_trade_weight"": 0.0, ""diff_weight"": -0.03384945370336965, ""gross_amount"": 0.05394258731272062, ""gross_amount_pct_nav"": 0.03384945370336965, ""fee"": 1.6182776193816186e-05, ""fee_pct_nav"": 1.0154836111010895e-05, ""name"": ""友邦保险""}]"
2023-08-07,0.00000000,0.00000000,0.00000000,0.00000000,0.00000000,0.00000000,0.00000000,0.00000000,rebalance,
2023-08-14,0.00791031,0.01582062,0.02444315,0.00000000,0.00000733,0.00000733,0.00000000,0.00000000,rebalance,"[{""ts_code"": ""00941.HK"", ""side"": ""buy"", ""current_weight"": 0.11779693813624857, ""target_weight"": 0.13361755863531807, ""post_trade_weight"": 0.13361819281213416, ""diff_weight"": 0.015820620499069505, ""gross_amount"": 0.024443151549961267, ""gross_amount_pct_nav"": 0.015820620499069505, ""fee"": 7.332945464988379e-06, ""fee_pct_nav"": 4.7461861497208505e-06, ""name"": ""中国移动""}]"
2023-08-21,0.05925545,0.11851089,0.00000000,0.17514947,0.00005254,0.00000000,0.00005254,0.00000000,rebalance,"[{""ts_code"": ""00700.HK"", ""side"": ""sell"", ""current_weight"": 0.1637358346537465, ""target_weight"": 0.134325248282143, ""post_trade_weight"": 0.134330024153465, ""diff_weight"": -0.02941058637160347, ""gross_amount"": 0.04346645727459336, ""gross_amount_pct_nav"": 0.02941058637160347, ""fee"": 1.3039937182378008e-05, ""fee_pct_nav"": 8.82317591148104e-06, ""name"": ""腾讯控股""}, {""ts_code"": ""00857.HK"", ""side"": ""sell"", ""current_weight"": 0.10678504376929195, ""target_weight"": 0.0951812123099148, ""post_trade_weight"": 0.09518459643336202, ""diff_weight"": -0.01160383145937714, ""gross_amount"": 0.01714952017541499, ""gross_amount_pct_nav"": 0.01160383145937714, ""fee"": 5.144856052624496e-06, ""fee_pct_nav"": 3.481149437813142e-06, ""name"": ""中国石油股份""}, {""ts_code"": ""00941.HK"", ""side"": ""sell"", ""current_weight"": 0.1341074756219883, ""target_weight"": 0.1095882312168768, ""post_trade_weight"": 0.109592127575137, ""diff_weight"": -0.024519244405111492, ""gross_amount"": 0.03623745123181593, ""gross_amount_pct_nav"": 0.024519244405111492, ""fee"": 1.0871235369544779e-05, ""fee_pct_nav"": 7.355773321533447e-06, ""name"": ""中国移动""}, {""ts_code"": ""01288.HK"", ""side"": ""sell"", ""current_weight"": 0.08744267538161685, ""target_weight"": 0.06973870658560725, ""post_trade_weight"": 0.06974118611267364, ""diff_weight"": -0.01770396879600959, ""gross_amount"": 0.02616502756998687, ""gross_amount_pct_nav"": 0.01770396879600959, ""fee"": 7.84950827099606e-06, ""fee_pct_nav"": 5.3111906388028765e-06, ""name"": ""农业银行""}, {""ts_code"": ""01398.HK"", ""side"": ""sell"", ""current_weight"": 0.09509185537088218, ""target_weight"": 0.07550326085272836, ""post_trade_weight"": 0.07550594533582321, ""diff_weight"": -0.019588594518153812, ""gross_amount"": 0.028950351276054664, ""gross_amount_pct_nav"": 0.019588594518153812, ""fee"": 8.685105382816398e-06, ""fee_pct_nav"": 5.8765783554461426e-06, ""name"": ""工商银行""}, {""ts_code"": ""03988.HK"", ""side"": ""sell"", ""current_weight"": 0.08243891926022227, ""target_weight"": 0.06675425215159674, ""post_trade_weight"": 0.06675662556778282, ""diff_weight"": -0.01568466710862554, ""gross_amount"": 0.023180663728675, ""gross_amount_pct_nav"": 0.01568466710862554, ""fee"": 6.9541991186024994e-06, ""fee_pct_nav"": 4.705400132587662e-06, ""name"": ""中国银行""}]"
2023-08-28,0.00000000,0.00000000,0.00000000,0.00000000,0.00000000,0.00000000,0.00000000,0.00000000,rebalance,
2023-09-18,0.02258238,0.04516477,0.02329869,0.04561863,0.00002068,0.00000699,0.00001369,0.00000000,rebalance,"[{""ts_code"": ""00386.HK"", ""side"": ""sell"", ""current_weight"": 0.05699718823881654, ""target_weight"": 0.03865651448924105, ""post_trade_weight"": 0.03865703827007063, ""diff_weight"": -0.018340673749575487, ""gross_amount"": 0.02798619715261666, ""gross_amount_pct_nav"": 0.018340673749575487, ""fee"": 8.395859145784997e-06, ""fee_pct_nav"": 5.502202124872646e-06, ""name"": ""中国石油化工股份""}, {""ts_code"": ""00700.HK"", ""side"": ""sell"", ""current_weight"": 0.13087159573717658, ""target_weight"": 0.11931623341640968, ""post_trade_weight"": 0.11931785010525364, ""diff_weight"": -0.011555362320766892, ""gross_amount"": 0.017632430111046787, ""gross_amount_pct_nav"": 0.011555362320766892, ""fee"": 5.289729033314036e-06, ""fee_pct_nav"": 3.466608696230067e-06, ""name"": ""腾讯控股""}, {""ts_code"": ""01398.HK"", ""side"": ""buy"", ""current_weight"": 0.0776298238251326, ""target_weight"": 0.09289855403614737, ""post_trade_weight"": 0.09289981277564685, ""diff_weight"": 0.01526873021101476, ""gross_amount"": 0.02329869119259939, ""gross_amount_pct_nav"": 0.01526873021101476, ""fee"": 6.989607357779817e-06, ""fee_pct_nav"": 4.580619063304428e-06, ""name"": ""工商银行""}]"
2023-09-25,0.00000000,0.00000000,0.00000000,0.00000000,0.00000000,0.00000000,0.00000000,0.00000000,rebalance,
2023-10-03,0.01244376,0.02488751,0.01979854,0.01735193,0.00001115,0.00000594,0.00000521,0.00000000,rebalance,"[{""ts_code"": ""00857.HK"", ""side"": ""buy"", ""current_weight"": 0.09300953739099137, ""target_weight"": 0.10627279988315126, ""post_trade_weight"": 0.10627359334875792, ""diff_weight"": 0.013263262492159885, ""gross_amount"": 0.019798537911654812, ""gross_amount_pct_nav"": 0.013263262492159885, ""fee"": 5.939561373496443e-06, ""fee_pct_nav"": 3.978978747647965e-06, ""name"": ""中国石油股份""}, {""ts_code"": ""01398.HK"", ""side"": ""sell"", ""current_weight"": 0.09088157462678438, ""target_weight"": 0.0792573248759324, ""post_trade_weight"": 0.07925791663564359, ""diff_weight"": -0.011624249750851981, ""gross_amount"": 0.017351926007860285, ""gross_amount_pct_nav"": 0.011624249750851981, ""fee"": 5.205577802358085e-06, ""fee_pct_nav"": 3.487274925255594e-06, ""name"": ""工商银行""}]"
2023-10-09,0.00000000,0.00000000,0.00000000,0.00000000,0.00000000,0.00000000,0.00000000,0.00000000,rebalance,
2023-10-16,0.00626331,0.01252662,0.00000000,0.01915502,0.00000575,0.00000000,0.00000575,0.00000000,rebalance,"[{""ts_code"": ""00857.HK"", ""side"": ""sell"", ""current_weight"": 0.10489292001586081, ""target_weight"": 0.0923662986431061, ""post_trade_weight"": 0.09236664575570576, ""diff_weight"": -0.012526621372754725, ""gross_amount"": 0.019155024593679543, ""gross_amount_pct_nav"": 0.012526621372754725, ""fee"": 5.746507378103863e-06, ""fee_pct_nav"": 3.7579864118264172e-06, ""name"": ""中国石油股份""}]"
2023-10-24,0.00738247,0.01476493,0.02188199,0.00000000,0.00000656,0.00000656,0.00000000,0.00000000,rebalance,"[{""ts_code"": ""00700.HK"", ""side"": ""buy"", ""current_weight"": 0.11135938291534905, ""target_weight"": 0.12612431591136716, ""post_trade_weight"": 0.12612487457896385, ""diff_weight"": 0.014764932996018106, ""gross_amount"": 0.02188198755588114, ""gross_amount_pct_nav"": 0.014764932996018106, ""fee"": 6.564596266764341e-06, ""fee_pct_nav"": 4.429479898805432e-06, ""name"": ""腾讯控股""}]"
2023-10-30,0.00532846,0.01065693,0.00000000,0.01565450,0.00000470,0.00000000,0.00000470,0.00000000,rebalance,"[{""ts_code"": ""00728.HK"", ""side"": ""sell"", ""current_weight"": 0.03854380557442015, ""target_weight"": 0.02788687893580726, ""post_trade_weight"": 0.0278869680926192, ""diff_weight"": -0.010656926638612894, ""gross_amount"": 0.015654499022324693, ""gross_amount_pct_nav"": 0.010656926638612894, ""fee"": 4.696349706697408e-06, ""fee_pct_nav"": 3.1970779915838684e-06, ""name"": ""中国电信""}]"
2023-11-06,0.03889731,0.07779462,0.05639875,0.05944727,0.00003475,0.00001692,0.00001783,0.00000000,rebalance,"[{""ts_code"": ""00005.HK"", ""side"": ""sell"", ""current_weight"": 0.09407119310001308, ""target_weight"": 0.08207614346709137, ""post_trade_weight"": 0.08207805903642107, ""diff_weight"": -0.011995049632921707, ""gross_amount"": 0.01786214491153064, ""gross_amount_pct_nav"": 0.011995049632921707, ""fee"": 5.358643473459191e-06, ""fee_pct_nav"": 3.598514889876512e-06, ""name"": ""汇丰控股""}, {""ts_code"": ""00700.HK"", ""side"": ""buy"", ""current_weight"": 0.13864858554043136, ""target_weight"": 0.15299642922712048, ""post_trade_weight"": 0.15300000000000286, ""diff_weight"": 0.014347843686689142, ""gross_amount"": 0.021365752618166284, ""gross_amount_pct_nav"": 0.014347843686689142, ""fee"": 6.409725785449884e-06, ""fee_pct_nav"": 4.304353106006742e-06, ""name"": ""腾讯控股""}, {""ts_code"": ""00728.HK"", ""side"": ""sell"", ""current_weight"": 0.02792585103805841, ""target_weight"": 0.0, ""post_trade_weight"": 0.0, ""diff_weight"": -0.02792585103805841, ""gross_amount"": 0.04158512163639277, ""gross_amount_pct_nav"": 0.02792585103805841, ""fee"": 1.2475536490917829e-05, ""fee_pct_nav"": 8.377755311417521e-06, ""name"": ""中国电信""}, {""ts_code"": ""01810.HK"", ""side"": ""buy"", ""current_weight"": 0.0, ""target_weight"": 0.023525871815590273, ""post_trade_weight"": 0.02352642088425506, ""diff_weight"": 0.023525871815590273, ""gross_amount"": 0.035032996477715427, ""gross_amount_pct_nav"": 0.023525871815590273, ""fee"": 1.0509898943314627e-05, ""fee_pct_nav"": 7.0577615446770816e-06, ""name"": ""小米集团-W""}]"
2023-11-13,0.00000000,0.00000000,0.00000000,0.00000000,0.00000000,0.00000000,0.00000000,0.00000000,rebalance,
2023-11-20,0.00000000,0.00000000,0.00000000,0.00000000,0.00000000,0.00000000,0.00000000,0.00000000,rebalance,
2023-11-27,0.07880895,0.15761791,0.20433325,0.03413125,0.00007154,0.00006130,0.00001024,0.00000000,rebalance,"[{""ts_code"": ""00005.HK"", ""side"": ""buy"", ""current_weight"": 0.08477429989492098, ""target_weight"": 0.10213898124900138, ""post_trade_weight"": 0.10214381115718481, ""diff_weight"": 0.01736468135408039, ""gross_amount"": 0.026271506840135572, ""gross_amount_pct_nav"": 0.01736468135408039, ""fee"": 7.88145205204067e-06, ""fee_pct_nav"": 5.209404406224116e-06, ""name"": ""汇丰控股""}, {""ts_code"": ""00700.HK"", ""side"": ""buy"", ""current_weight"": 0.15550678675473528, ""target_weight"": 0.17999148863290704, ""post_trade_weight"": 0.17999999999999988, ""diff_weight"": 0.02448470187817176, ""gross_amount"": 0.037043582876913395, ""gross_amount_pct_nav"": 0.02448470187817176, ""fee"": 1.1113074863074017e-05, ""fee_pct_nav"": 7.3454105634515265e-06, ""name"": ""腾讯控股""}, {""ts_code"": ""00857.HK"", ""side"": ""buy"", ""current_weight"": 0.08499358646912555, ""target_weight"": 0.10051655709178513, ""post_trade_weight"": 0.10052131027940979, ""diff_weight"": 0.015522970622659572, ""gross_amount"": 0.02348513172092248, ""gross_amount_pct_nav"": 0.015522970622659572, ""fee"": 7.045539516276744e-06, ""fee_pct_nav"": 4.656891186797871e-06, ""name"": ""中国石油股份""}, {""ts_code"": ""00941.HK"", ""side"": ""buy"", ""current_weight"": 0.10639131421707704, ""target_weight"": 0.13181981126609202, ""post_trade_weight"": 0.13182604470975268, ""diff_weight"": 0.025428497049014977, ""gross_amount"": 0.038471476702368945, ""gross_amount_pct_nav"": 0.025428497049014977, ""fee"": 1.1541443010710683e-05, ""fee_pct_nav"": 7.6285491147044925e-06, ""name"": ""中国移动""}, {""ts_code"": ""01088.HK"", ""side"": ""buy"", ""current_weight"": 0.03289612459400616, ""target_weight"": 0.04902127844670295, ""post_trade_weight"": 0.04902359654573857, ""diff_weight"": 0.016125153852696788, ""gross_amount"": 0.024396191389933923, ""gross_amount_pct_nav"": 0.016125153852696788, ""fee"": 7.318857416980176e-06, ""fee_pct_nav"": 4.837546155809036e-06, ""name"": ""中国神华""}, {""ts_code"": ""01288.HK"", ""side"": ""buy"", ""current_weight"": 0.07617775139199173, ""target_weight"": 0.09261525554397824, ""post_trade_weight"": 0.0926196350979467, ""diff_weight"": 0.016437504151986516, ""gross_amount"": 0.024868754799361542, ""gross_amount_pct_nav"": 0.016437504151986516, ""fee"": 7.460626439808462e-06, ""fee_pct_nav"": 4.9312512455959535e-06, ""name"": ""农业银行""}, {""ts_code"": ""01810.HK"", ""side"": ""sell"", ""current_weight"": 0.02255973435010259, ""target_weight"": 0.0, ""post_trade_weight"": 0.0, ""diff_weight"": -0.02255973435010259, ""gross_amount"": 0.03413124624662881, ""gross_amount_pct_nav"": 0.02255973435010259, ""fee"": 1.0239373873988643e-05, ""fee_pct_nav"": 6.767920305030776e-06, ""name"": ""小米集团-W""}, {""ts_code"": ""06030.HK"", ""side"": ""buy"", ""current_weight"": 0.0, ""target_weight"": 0.019694665867616375, ""post_trade_weight"": 0.019695597181270386, ""diff_weight"": 0.019694665867616375, ""gross_amount"": 0.029796604873125784, ""gross_amount_pct_nav"": 0.019694665867616375, ""fee"": 8.938981461937734e-06, ""fee_pct_nav"": 5.908399760284911e-06, ""name"": ""中信证券""}]"
2023-12-04,0.09322773,0.18645546,0.05017738,0.22826186,0.00008353,0.00001505,0.00006848,0.00000000,rebalance,"[{""ts_code"": ""00005.HK"", ""side"": ""sell"", ""current_weight"": 0.10321828744401186, ""target_weight"": 0.0835489581438312, ""post_trade_weight"": 0.08355363185307398, ""diff_weight"": -0.019669329300180657, ""gross_amount"": 0.02937276934292525, ""gross_amount_pct_nav"": 0.019669329300180657, ""fee"": 8.811830802877575e-06, ""fee_pct_nav"": 5.900798790054198e-06, ""name"": ""汇丰控股""}, {""ts_code"": ""00700.HK"", ""side"": ""sell"", ""current_weight"": 0.17896357133074764, ""target_weight"": 0.12538794504398387, ""post_trade_weight"": 0.1253949592164009, ""diff_weight"": -0.05357562628676379, ""gross_amount"": 0.0800060077955694, ""gross_amount_pct_nav"": 0.05357562628676379, ""fee"": 2.400180233867082e-05, ""fee_pct_nav"": 1.6072687886029135e-05, ""name"": ""腾讯控股""}, {""ts_code"": ""00728.HK"", ""side"": ""buy"", ""current_weight"": 0.0, ""target_weight"": 0.03360103666972413, ""post_trade_weight"": 0.03360291630388282, ""diff_weight"": 0.03360103666972413, ""gross_amount"": 0.05017738453206511, ""gross_amount_pct_nav"": 0.03360103666972413, ""fee"": 1.5053215359619533e-05, ""fee_pct_nav"": 1.008031100091724e-05, ""name"": ""中国电信""}, {""ts_code"": ""00857.HK"", ""side"": ""sell"", ""current_weight"": 0.10122231881680326, ""target_weight"": 0.08372715800104577, ""post_trade_weight"": 0.083731841678747, ""diff_weight"": -0.017495160815757492, ""gross_amount"": 0.026126021656158294, ""gross_amount_pct_nav"": 0.017495160815757492, ""fee"": 7.837806496847488e-06, ""fee_pct_nav"": 5.248548244727247e-06, ""name"": ""中国石油股份""}, {""ts_code"": ""00941.HK"", ""side"": ""sell"", ""current_weight"": 0.13239690147180153, ""target_weight"": 0.10170282282419917, ""post_trade_weight"": 0.10170851205640037, ""diff_weight"": -0.030694078647602346, ""gross_amount"": 0.045836341369369926, ""gross_amount_pct_nav"": 0.030694078647602346, ""fee"": 1.3750902410810977e-05, ""fee_pct_nav"": 9.208223594280703e-06, ""name"": ""中国移动""}, {""ts_code"": ""01288.HK"", ""side"": ""sell"", ""current_weight"": 0.09174565661571836, ""target_weight"": 0.07969284384292702, ""post_trade_weight"": 0.07969730184203468, ""diff_weight"": -0.012052812772791353, ""gross_amount"": 0.017998808403976038, ""gross_amount_pct_nav"": 0.012052812772791353, ""fee"": 5.399642521192811e-06, ""fee_pct_nav"": 3.615843831837406e-06, ""name"": ""农业银行""}, {""ts_code"": ""06030.HK"", ""side"": ""sell"", ""current_weight"": 0.019367414877459188, ""target_weight"": 0.0, ""post_trade_weight"": 0.0, ""diff_weight"": -0.019367414877459188, ""gross_amount"": 0.02892191194130461, ""gross_amount_pct_nav"": 0.019367414877459188, ""fee"": 8.676573582391381e-06, ""fee_pct_nav"": 5.810224463237755e-06, ""name"": ""中信证券""}]"
2023-12-11,0.12646759,0.25293518,0.00000000,0.37095724,0.00011129,0.00000000,0.00011129,0.00000000,rebalance,"[{""ts_code"": ""00005.HK"", ""side"": ""sell"", ""current_weight"": 0.08593221310528511, ""target_weight"": 0.0664055547098767, ""post_trade_weight"": 0.06641059398253144, ""diff_weight"": -0.01952665839540841, ""gross_amount"": 0.028637990462308874, ""gross_amount_pct_nav"": 0.01952665839540841, ""fee"": 8.591397138692662e-06, ""fee_pct_nav"": 5.857997518622523e-06, ""name"": ""汇丰控股""}, {""ts_code"": ""00386.HK"", ""side"": ""sell"", ""current_weight"": 0.03628605405386659, ""target_weight"": 0.023052589529211263, ""post_trade_weight"": 0.023054338905216673, ""diff_weight"": -0.013233464524655325, ""gross_amount"": 0.019408330046348184, ""gross_amount_pct_nav"": 0.013233464524655325, ""fee"": 5.8224990139044544e-06, ""fee_pct_nav"": 3.970039357396597e-06, ""name"": ""中国石油化工股份""}, {""ts_code"": ""00700.HK"", ""side"": ""sell"", ""current_weight"": 0.12380253310786422, ""target_weight"": 0.08136452464067666, ""post_trade_weight"": 0.08137069909439336, ""diff_weight"": -0.04243800846718756, ""gross_amount"": 0.06224000323621584, ""gross_amount_pct_nav"": 0.04243800846718756, ""fee"": 1.867200097086475e-05, ""fee_pct_nav"": 1.2731402540156267e-05, ""name"": ""腾讯控股""}, {""ts_code"": ""00728.HK"", ""side"": ""sell"", ""current_weight"": 0.03353855132795059, ""target_weight"": 0.02094823745897191, ""post_trade_weight"": 0.020949827143459197, ""diff_weight"": -0.01259031386897868, ""gross_amount"": 0.018465078929330307, ""gross_amount_pct_nav"": 0.01259031386897868, ""fee"": 5.5395236787990915e-06, ""fee_pct_nav"": 3.7770941606936033e-06, ""name"": ""中国电信""}, {""ts_code"": ""00857.HK"", ""side"": ""sell"", ""current_weight"": 0.08077458323611149, ""target_weight"": 0.05706073605117819, ""post_trade_weight"": 0.057065066180006986, ""diff_weight"": -0.023713847184933308, ""gross_amount"": 0.03477896298254805, ""gross_amount_pct_nav"": 0.023713847184933308, ""fee"": 1.0433688894764415e-05, ""fee_pct_nav"": 7.114154155479992e-06, ""name"": ""中国石油股份""}, {""ts_code"": ""00883.HK"", ""side"": ""sell"", ""current_weight"": 0.047627540963318546, ""target_weight"": 0.03144322534386272, ""post_trade_weight"": 0.03144561145427689, ""diff_weight"": -0.016184315619455825, ""gross_amount"": 0.02373607746720037, ""gross_amount_pct_nav"": 0.016184315619455825, ""fee"": 7.1208232401601105e-06, ""fee_pct_nav"": 4.8552946858367474e-06, ""name"": ""中国海洋石油""}, {""ts_code"": ""00939.HK"", ""side"": ""sell"", ""current_weight"": 0.06118348146589685, ""target_weight"": 0.05018111253793924, ""post_trade_weight"": 0.050184920597510486, ""diff_weight"": -0.011002368927957603, ""gross_amount"": 0.016136183162590897, ""gross_amount_pct_nav"": 0.011002368927957603, ""fee"": 4.840854948777269e-06, ""fee_pct_nav"": 3.300710678387281e-06, ""name"": ""建设银行""}, {""ts_code"": ""00941.HK"", ""side"": ""sell"", ""current_weight"": 0.10256874342862965, ""target_weight"": 0.07263216858121405, ""post_trade_weight"": 0.0726376803686328, ""diff_weight"": -0.0299365748474156, ""gross_amount"": 0.04390527696003935, ""gross_amount_pct_nav"": 0.0299365748474156, ""fee"": 1.3171583088011803e-05, ""fee_pct_nav"": 8.98097245422468e-06, ""name"": ""中国移动""}, {""ts_code"": ""01088.HK"", ""side"": ""sell"", ""current_weight"": 0.04957080461551076, ""target_weight"": 0.028641762593004612, ""post_trade_weight"": 0.02864393611074193, ""diff_weight"": -0.020929042022506148, ""gross_amount"": 0.03069474016950747, ""gross_amount_pct_nav"": 0.020929042022506148, ""fee"": 9.20842205085224e-06, ""fee_pct_nav"": 6.278712606751844e-06, ""name"": ""中国神华""}, {""ts_code"": ""01288.HK"", ""side"": ""sell"", ""current_weight"": 0.07991521610469125, ""target_weight"": 0.05502366848248245, ""post_trade_weight"": 0.05502784402576582, ""diff_weight"": -0.02489154762220881, ""gross_amount"": 0.03650619009981475, ""gross_amount_pct_nav"": 0.02489154762220881, ""fee"": 1.0951857029944424e-05, ""fee_pct_nav"": 7.467464286662642e-06, ""name"": ""农业银行""}, {""ts_code"": ""01398.HK"", ""side"": ""sell"", ""current_weight"": 0.08115221229312453, ""target_weight"": 0.06217939772344644, ""post_trade_weight"": 0.06218411628863281, ""diff_weight"": -0.018972814569678087, ""gross_amount"": 0.027825717625979476, ""gross_amount_pct_nav"": 0.018972814569678087, ""fee"": 8.347715287793842e-06, ""fee_pct_nav"": 5.691844370903426e-06, ""name"": ""工商银行""}, {""ts_code"": ""03988.HK"", ""side"": ""sell"", ""current_weight"": 0.07053771755749111, ""target_weight"": 0.05102149401580944, ""post_trade_weight"": 0.051025365848831855, ""diff_weight"": -0.019516223541681674, ""gross_amount"": 0.02862268660255722, ""gross_amount_pct_nav"": 0.019516223541681674, ""fee"": 8.586805980767165e-06, ""fee_pct_nav"": 5.854867062504502e-06, ""name"": ""中国银行""}]"
2023-12-18,0.11704085,0.23408169,0.34585166,0.00000000,0.00010376,0.00010376,0.00000000,0.00000000,rebalance,"[{""ts_code"": ""00005.HK"", ""side"": ""buy"", ""current_weight"": 0.06597585547783352, ""target_weight"": 0.09455826048095418, ""post_trade_weight"": 0.09456490125460114, ""diff_weight"": 0.02858240500312067, ""gross_amount"": 0.04223000965546274, ""gross_amount_pct_nav"": 0.02858240500312067, ""fee"": 1.2669002896638821e-05, ""fee_pct_nav"": 8.5747215009362e-06, ""name"": ""汇丰控股""}, {""ts_code"": ""00700.HK"", ""side"": ""buy"", ""current_weight"": 0.08192194447878426, ""target_weight"": 0.1176827322572653, ""post_trade_weight"": 0.11769099704960709, ""diff_weight"": 0.03576078777848104, ""gross_amount"": 0.05283594620562282, ""gross_amount_pct_nav"": 0.03576078777848104, ""fee"": 1.5850783861686845e-05, ""fee_pct_nav"": 1.072823633354431e-05, ""name"": ""腾讯控股""}, {""ts_code"": ""00857.HK"", ""side"": ""buy"", ""current_weight"": 0.05748621025516525, ""target_weight"": 0.0802825440503602, ""post_trade_weight"": 0.08028818224844177, ""diff_weight"": 0.022796333795194943, ""gross_amount"": 0.03368118939519352, ""gross_amount_pct_nav"": 0.022796333795194943, ""fee"": 1.0104356818558055e-05, ""fee_pct_nav"": 6.838900138558483e-06, ""name"": ""中国石油股份""}, {""ts_code"": ""00883.HK"", ""side"": ""buy"", ""current_weight"": 0.030899975483462686, ""target_weight"": 0.042997653252684384, ""post_trade_weight"": 0.04300067295377817, ""diff_weight"": 0.012097677769221694, ""gross_amount"": 0.017874109926968355, ""gross_amount_pct_nav"": 0.012097677769221694, ""fee"": 5.362232978090506e-06, ""fee_pct_nav"": 3.629303330766508e-06, ""name"": ""中国海洋石油""}, {""ts_code"": ""00939.HK"", ""side"": ""buy"", ""current_weight"": 0.05078376672032948, ""target_weight"": 0.07231222704578535, ""post_trade_weight"": 0.07231730549296993, ""diff_weight"": 0.02152846032545588, ""gross_amount"": 0.031807928245085965, ""gross_amount_pct_nav"": 0.02152846032545588, ""fee"": 9.542378473525789e-06, ""fee_pct_nav"": 6.4585380976367635e-06, ""name"": ""建设银行""}, {""ts_code"": ""00941.HK"", ""side"": ""buy"", ""current_weight"": 0.07140396000369073, ""target_weight"": 0.10119160496581622, ""post_trade_weight"": 0.10119871159552929, ""diff_weight"": 0.029787644962125492, ""gross_amount"": 0.04401073087540089, ""gross_amount_pct_nav"": 0.029787644962125492, ""fee"": 1.3203219262620266e-05, ""fee_pct_nav"": 8.936293488637648e-06, ""name"": ""中国移动""}, {""ts_code"": ""01088.HK"", ""side"": ""buy"", ""current_weight"": 0.02889407230710105, ""target_weight"": 0.0399566680834745, ""post_trade_weight"": 0.0399594742178839, ""diff_weight"": 0.01106259577637345, ""gross_amount"": 0.01634479416269294, ""gross_amount_pct_nav"": 0.01106259577637345, ""fee"": 4.903438248807881e-06, ""fee_pct_nav"": 3.3187787329120345e-06, ""name"": ""中国神华""}, {""ts_code"": ""01288.HK"", ""side"": ""buy"", ""current_weight"": 0.05671946914715384, ""target_weight"": 0.07689285904122814, ""post_trade_weight"": 0.07689825918363095, ""diff_weight"": 0.020173389894074297, ""gross_amount"": 0.029805835090404673, ""gross_amount_pct_nav"": 0.020173389894074297, ""fee"": 8.941750527121401e-06, ""fee_pct_nav"": 6.052016968222289e-06, ""name"": ""农业银行""}, {""ts_code"": ""01398.HK"", ""side"": ""buy"", ""current_weight"": 0.06300768934721354, ""target_weight"": 0.08848849113298521, ""post_trade_weight"": 0.08849470563013212, ""diff_weight"": 0.025480801785771667, ""gross_amount"": 0.037647444479377595, ""gross_amount_pct_nav"": 0.025480801785771667, ""fee"": 1.1294233343813278e-05, ""fee_pct_nav"": 7.6442405357315e-06, ""name"": ""工商银行""}, {""ts_code"": ""03988.HK"", ""side"": ""buy"", ""current_weight"": 0.0521924692255479, ""target_weight"": 0.07900406484439905, ""post_trade_weight"": 0.07900961325560239, ""diff_weight"": 0.02681159561885115, ""gross_amount"": 0.03961366937942505, ""gross_amount_pct_nav"": 0.02681159561885115, ""fee"": 1.1884100813827515e-05, ""fee_pct_nav"": 8.043478685655344e-06, ""name"": ""中国银行""}]"
2023-12-27,0.08456025,0.16912049,0.09317118,0.15903245,0.00007566,0.00002795,0.00004771,0.00000000,rebalance,"[{""ts_code"": ""00386.HK"", ""side"": ""buy"", ""current_weight"": 0.02377737072787255, ""target_weight"": 0.033880195951267025, ""post_trade_weight"": 0.03388191498913061, ""diff_weight"": 0.010102825223394478, ""gross_amount"": 0.015065999141026111, ""gross_amount_pct_nav"": 0.010102825223394478, ""fee"": 4.5197997423078326e-06, ""fee_pct_nav"": 3.030847567018343e-06, ""name"": ""中国石油化工股份""}, {""ts_code"": ""00700.HK"", ""side"": ""sell"", ""current_weight"": 0.10664258257777448, ""target_weight"": 0.0, ""post_trade_weight"": 0.0, ""diff_weight"": -0.10664258257777448, ""gross_amount"": 0.15903245102103472, ""gross_amount_pct_nav"": 0.10664258257777448, ""fee"": 4.7709735306310415e-05, ""fee_pct_nav"": 3.1992774773332345e-05, ""name"": ""腾讯控股""}, {""ts_code"": ""00728.HK"", ""side"": ""buy"", ""current_weight"": 0.020720288669021966, ""target_weight"": 0.03158638252258206, ""post_trade_weight"": 0.03158798517528241, ""diff_weight"": 0.010866093853560087, ""gross_amount"": 0.0162042356513261, ""gross_amount_pct_nav"": 0.010866093853560087, ""fee"": 4.86127069539783e-06, ""fee_pct_nav"": 3.259828156068026e-06, ""name"": ""中国电信""}, {""ts_code"": ""01288.HK"", ""side"": ""buy"", ""current_weight"": 0.07787510417186429, ""target_weight"": 0.09405201262839405, ""post_trade_weight"": 0.09405678470737161, ""diff_weight"": 0.016176908456529766, ""gross_amount"": 0.024124072575873665, ""gross_amount_pct_nav"": 0.016176908456529766, ""fee"": 7.237221772762099e-06, ""fee_pct_nav"": 4.853072536958929e-06, ""name"": ""农业银行""}, {""ts_code"": ""09633.HK"", ""side"": ""buy"", ""current_weight"": 0.0, ""target_weight"": 0.025332084222813273, ""post_trade_weight"": 0.02533336954040722, ""diff_weight"": 0.025332084222813273, ""gross_amount"": 0.03777687435961335, ""gross_amount_pct_nav"": 0.025332084222813273, ""fee"": 1.1333062307884004e-05, ""fee_pct_nav"": 7.599625266843981e-06, ""name"": ""农夫山泉""}]"
2024-01-02,0.02006049,0.04012099,0.06034645,0.00000000,0.00001810,0.00001810,0.00000000,0.00000000,rebalance,"[{""ts_code"": ""00939.HK"", ""side"": ""buy"", ""current_weight"": 0.0713718615401924, ""target_weight"": 0.08164757083520194, ""post_trade_weight"": 0.08164855358133785, ""diff_weight"": 0.010275709295009547, ""gross_amount"": 0.015455816134854097, ""gross_amount_pct_nav"": 0.010275709295009547, ""fee"": 4.636744840456229e-06, ""fee_pct_nav"": 3.082712788502864e-06, ""name"": ""建设银行""}, {""ts_code"": ""00941.HK"", ""side"": ""buy"", ""current_weight"": 0.10357921923799683, ""target_weight"": 0.11530027835503666, ""post_trade_weight"": 0.11530166615998742, ""diff_weight"": 0.011721059117039825, ""gross_amount"": 0.017629783931966958, ""gross_amount_pct_nav"": 0.011721059117039825, ""fee"": 5.288935179590087e-06, ""fee_pct_nav"": 3.516317735111947e-06, ""name"": ""中国移动""}, {""ts_code"": ""01398.HK"", ""side"": ""buy"", ""current_weight"": 0.08818895417092815, ""target_weight"": 0.10631317148817027, ""post_trade_weight"": 0.10631445112034311, ""diff_weight"": 0.01812421731724211, ""gross_amount"": 0.027260850068955983, ""gross_amount_pct_nav"": 0.01812421731724211, ""fee"": 8.178255020686794e-06, ""fee_pct_nav"": 5.437265195172633e-06, ""name"": ""工商银行""}]"
2024-01-08,0.12202613,0.24405225,0.02290968,0.34542559,0.00011050,0.00000687,0.00010363,0.00000000,rebalance,"[{""ts_code"": ""00005.HK"", ""side"": ""sell"", ""current_weight"": 0.09609341286973153, ""target_weight"": 0.06328193949347491, ""post_trade_weight"": 0.0632865730626864, ""diff_weight"": -0.032811473376256624, ""gross_amount"": 0.04952063588548858, ""gross_amount_pct_nav"": 0.032811473376256624, ""fee"": 1.4856190765646572e-05, ""fee_pct_nav"": 9.843442012876986e-06, ""name"": ""汇丰控股""}, {""ts_code"": ""00857.HK"", ""side"": ""sell"", ""current_weight"": 0.08651818343744552, ""target_weight"": 0.07055258715373047, ""post_trade_weight"": 0.07055775308730082, ""diff_weight"": -0.015965596283715057, ""gross_amount"": 0.02409603711464796, ""gross_amount_pct_nav"": 0.015965596283715057, ""fee"": 7.228811134394387e-06, ""fee_pct_nav"": 4.789678885114517e-06, ""name"": ""中国石油股份""}, {""ts_code"": ""00883.HK"", ""side"": ""sell"", ""current_weight"": 0.04697813299837013, ""target_weight"": 0.03590697019057855, ""post_trade_weight"": 0.03590959933615918, ""diff_weight"": -0.011071162807791577, ""gross_amount"": 0.01670912537046694, ""gross_amount_pct_nav"": 0.011071162807791577, ""fee"": 5.012737611140082e-06, ""fee_pct_nav"": 3.3213488423374734e-06, ""name"": ""中国海洋石油""}, {""ts_code"": ""00939.HK"", ""side"": ""sell"", ""current_weight"": 0.08078852626486573, ""target_weight"": 0.049861971550800195, ""post_trade_weight"": 0.049865622496046993, ""diff_weight"": -0.030926554714065524, ""gross_amount"": 0.04667582700800388, ""gross_amount_pct_nav"": 0.030926554714065524, ""fee"": 1.4002748102401162e-05, ""fee_pct_nav"": 9.277966414219657e-06, ""name"": ""建设银行""}, {""ts_code"": ""00941.HK"", ""side"": ""sell"", ""current_weight"": 0.11697668116797924, ""target_weight"": 0.08457563416442818, ""post_trade_weight"": 0.08458182688003775, ""diff_weight"": -0.03240104700355107, ""gross_amount"": 0.0489012008870206, ""gross_amount_pct_nav"": 0.03240104700355107, ""fee"": 1.467036026610618e-05, ""fee_pct_nav"": 9.72031410106532e-06, ""name"": ""中国移动""}, {""ts_code"": ""01288.HK"", ""side"": ""sell"", ""current_weight"": 0.09427828223723635, ""target_weight"": 0.06510549377627638, ""post_trade_weight"": 0.06511026086802285, ""diff_weight"": -0.02917278846095996, ""gross_amount"": 0.04402895958292982, ""gross_amount_pct_nav"": 0.02917278846095996, ""fee"": 1.3208687874878946e-05, ""fee_pct_nav"": 8.751836538287986e-06, ""name"": ""农业银行""}, {""ts_code"": ""01398.HK"", ""side"": ""sell"", ""current_weight"": 0.10412465829701902, ""target_weight"": 0.06852895089636388, ""post_trade_weight"": 0.06853396865718965, ""diff_weight"": -0.03559570740065513, ""gross_amount"": 0.05372273427226809, ""gross_amount_pct_nav"": 0.03559570740065513, ""fee"": 1.6116820281680426e-05, ""fee_pct_nav"": 1.0678712220196538e-05, ""name"": ""工商银行""}, {""ts_code"": ""01816.HK"", ""side"": ""buy"", ""current_weight"": 0.0, ""target_weight"": 0.015179534892830087, ""post_trade_weight"": 0.015180646354110938, ""diff_weight"": 0.015179534892830087, ""gross_amount"": 0.0229096758843771, ""gross_amount_pct_nav"": 0.015179534892830087, ""fee"": 6.872902765313129e-06, ""fee_pct_nav"": 4.553860467849026e-06, ""name"": ""中广核电力""}, {""ts_code"": ""03988.HK"", ""side"": ""sell"", ""current_weight"": 0.0779141807307777, ""target_weight"": 0.05995808218454048, ""post_trade_weight"": 0.0599624723774741, ""diff_weight"": -0.017956098546237212, ""gross_amount"": 0.027100197782511465, ""gross_amount_pct_nav"": 0.017956098546237212, ""fee"": 8.13005933475344e-06, ""fee_pct_nav"": 5.386829563871164e-06, ""name"": ""中国银行""}, {""ts_code"": ""09633.HK"", ""side"": ""sell"", ""current_weight"": 0.02297228895077274, ""target_weight"": 0.0, ""post_trade_weight"": 0.0, ""diff_weight"": -0.02297228895077274, ""gross_amount"": 0.0346708708731944, ""gross_amount_pct_nav"": 0.02297228895077274, ""fee"": 1.0401261261958318e-05, ""fee_pct_nav"": 6.891686685231821e-06, ""name"": ""农夫山泉""}]"
2024-01-15,0.00000000,0.00000000,0.00000000,0.00000000,0.00000000,0.00000000,0.00000000,0.00000000,rebalance,
2024-01-22,0.00000000,0.00000000,0.00000000,0.00000000,0.00000000,0.00000000,0.00000000,0.00000000,rebalance,
2024-01-29,0.02524380,0.05048759,0.03742388,0.04057922,0.00002340,0.00001123,0.00001217,0.00000000,rebalance,"[{""ts_code"": ""01088.HK"", ""side"": ""sell"", ""current_weight"": 0.04509211915412697, ""target_weight"": 0.034532037369926966, ""post_trade_weight"": 0.03453256040967367, ""diff_weight"": -0.010560081784200002, ""gross_amount"": 0.016315277686967104, ""gross_amount_pct_nav"": 0.010560081784200002, ""fee"": 4.894583306090131e-06, ""fee_pct_nav"": 3.1680245352600007e-06, ""name"": ""中国神华""}, {""ts_code"": ""01398.HK"", ""side"": ""buy"", ""current_weight"": 0.07027093268140609, ""target_weight"": 0.08041879544041032, ""post_trade_weight"": 0.08042001350426062, ""diff_weight"": 0.010147862759004228, ""gross_amount"": 0.015678401192887048, ""gross_amount_pct_nav"": 0.010147862759004228, ""fee"": 4.703520357866114e-06, ""fee_pct_nav"": 3.044358827701268e-06, ""name"": ""工商银行""}, {""ts_code"": ""01816.HK"", ""side"": ""sell"", ""current_weight"": 0.015704863961273154, ""target_weight"": 0.0, ""post_trade_weight"": 0.0, ""diff_weight"": -0.015704863961273154, ""gross_amount"": 0.0242639424391186, ""gross_amount_pct_nav"": 0.015704863961273154, ""fee"": 7.279182731735579e-06, ""fee_pct_nav"": 4.711459188381946e-06, ""name"": ""中广核电力""}, {""ts_code"": ""03328.HK"", ""side"": ""buy"", ""current_weight"": 0.0, ""target_weight"": 0.014074783543735989, ""post_trade_weight"": 0.014074996727543847, ""diff_weight"": 0.014074783543735989, ""gross_amount"": 0.021745475706787237, ""gross_amount_pct_nav"": 0.014074783543735989, ""fee"": 6.5236427120361705e-06, ""fee_pct_nav"": 4.2224350631207965e-06, ""name"": ""交通银行""}]"
2024-02-05,0.00000000,0.00000000,0.00000000,0.00000000,0.00000000,0.00000000,0.00000000,0.00000000,rebalance,
2024-02-14,0.01532460,0.03064921,0.02518896,0.02189374,0.00001412,0.00000756,0.00000657,0.00000000,rebalance,"[{""ts_code"": ""01816.HK"", ""side"": ""buy"", ""current_weight"": 0.0, ""target_weight"": 0.016397141147672368, ""post_trade_weight"": 0.016397291916871164, ""diff_weight"": 0.016397141147672368, ""gross_amount"": 0.025188962157954575, ""gross_amount_pct_nav"": 0.016397141147672368, ""fee"": 7.5566886473863715e-06, ""fee_pct_nav"": 4.919142344301709e-06, ""name"": ""中广核电力""}, {""ts_code"": ""03328.HK"", ""side"": ""sell"", ""current_weight"": 0.014252065961510404, ""target_weight"": 0.0, ""post_trade_weight"": 0.0, ""diff_weight"": -0.014252065961510404, ""gross_amount"": 0.021893740313878963, ""gross_amount_pct_nav"": 0.014252065961510404, ""fee"": 6.568122094163688e-06, ""fee_pct_nav"": 4.275619788453121e-06, ""name"": ""交通银行""}]"
2024-02-19,0.02241465,0.04482930,0.02529982,0.04474094,0.00002101,0.00000759,0.00001342,0.00000000,rebalance,"[{""ts_code"": ""00728.HK"", ""side"": ""sell"", ""current_weight"": 0.034972290045408576, ""target_weight"": 0.023286833003681826, ""post_trade_weight"": 0.02328714618763184, ""diff_weight"": -0.011685457041726749, ""gross_amount"": 0.018257218360089512, ""gross_amount_pct_nav"": 0.011685457041726749, ""fee"": 5.477165508026853e-06, ""fee_pct_nav"": 3.505637112518024e-06, ""name"": ""中国电信""}, {""ts_code"": ""01816.HK"", ""side"": ""sell"", ""current_weight"": 0.016950796578415753, ""target_weight"": 0.0, ""post_trade_weight"": 0.0, ""diff_weight"": -0.016950796578415753, ""gross_amount"": 0.026483721895045696, ""gross_amount_pct_nav"": 0.016950796578415753, ""fee"": 7.945116568513708e-06, ""fee_pct_nav"": 5.085238973524726e-06, ""name"": ""中广核电力""}, {""ts_code"": ""03328.HK"", ""side"": ""buy"", ""current_weight"": 0.0, ""target_weight"": 0.016193047988318877, ""post_trade_weight"": 0.01619326576815742, ""diff_weight"": 0.016193047988318877, ""gross_amount"": 0.025299824558206542, ""gross_amount_pct_nav"": 0.016193047988318877, ""fee"": 7.589947367461962e-06, ""fee_pct_nav"": 4.857914396495663e-06, ""name"": ""交通银行""}]"
2024-02-26,0.01248952,0.02497905,0.00000000,0.03967051,0.00001190,0.00000000,0.00001190,0.00000000,rebalance,"[{""ts_code"": ""00005.HK"", ""side"": ""sell"", ""current_weight"": 0.05729985527501663, ""target_weight"": 0.045133730032235364, ""post_trade_weight"": 0.04513406825407941, ""diff_weight"": -0.012166125242781272, ""gross_amount"": 0.019321647702130948, ""gross_amount_pct_nav"": 0.012166125242781272, ""fee"": 5.796494310639284e-06, ""fee_pct_nav"": 3.6498375728343818e-06, ""name"": ""汇丰控股""}, {""ts_code"": ""00941.HK"", ""side"": ""sell"", ""current_weight"": 0.0820870011513833, ""target_weight"": 0.0692740764116826, ""post_trade_weight"": 0.06927459553575792, ""diff_weight"": -0.012812924739700709, ""gross_amount"": 0.020348863168354103, ""gross_amount_pct_nav"": 0.012812924739700709, ""fee"": 6.104658950506231e-06, ""fee_pct_nav"": 3.843877421910212e-06, ""name"": ""中国移动""}]"
2024-03-04,0.00000000,0.00000000,0.00000000,0.00000000,0.00000000,0.00000000,0.00000000,0.00000000,rebalance,
2024-03-11,0.00000000,0.00000000,0.00000000,0.00000000,0.00000000,0.00000000,0.00000000,0.00000000,rebalance,
2024-03-18,0.13430713,0.26861426,0.40040145,0.02684992,0.00012818,0.00012012,0.00000805,0.00000000,rebalance,"[{""ts_code"": ""00005.HK"", ""side"": ""buy"", ""current_weight"": 0.04891635753397118, ""target_weight"": 0.07055543791235337, ""post_trade_weight"": 0.070561124029607, ""diff_weight"": 0.0216390803783822, ""gross_amount"": 0.034418599873264316, ""gross_amount_pct_nav"": 0.0216390803783822, ""fee"": 1.0325579961979293e-05, ""fee_pct_nav"": 6.491724113514659e-06, ""name"": ""汇丰控股""}, {""ts_code"": ""00857.HK"", ""side"": ""buy"", ""current_weight"": 0.07818782997104637, ""target_weight"": 0.11308181830253967, ""post_trade_weight"": 0.1130909316536455, ""diff_weight"": 0.034893988331493306, ""gross_amount"": 0.055501537096920406, ""gross_amount_pct_nav"": 0.034893988331493306, ""fee"": 1.665046112907612e-05, ""fee_pct_nav"": 1.0468196499447992e-05, ""name"": ""中国石油股份""}, {""ts_code"": ""00883.HK"", ""side"": ""buy"", ""current_weight"": 0.04346812198967003, ""target_weight"": 0.060257255069815586, ""post_trade_weight"": 0.06026211124855738, ""diff_weight"": 0.016789133080145558, ""gross_amount"": 0.026704390556347574, ""gross_amount_pct_nav"": 0.016789133080145558, ""fee"": 8.011317166904272e-06, ""fee_pct_nav"": 5.036739924043668e-06, ""name"": ""中国海洋石油""}, {""ts_code"": ""00939.HK"", ""side"": ""buy"", ""current_weight"": 0.050262397289442665, ""target_weight"": 0.07954192276554349, ""post_trade_weight"": 0.07954833311055452, ""diff_weight"": 0.029279525476100823, ""gross_amount"": 0.0465713077551915, ""gross_amount_pct_nav"": 0.029279525476100823, ""fee"": 1.3971392326557449e-05, ""fee_pct_nav"": 8.783857642830246e-06, ""name"": ""建设银行""}, {""ts_code"": ""00941.HK"", ""side"": ""buy"", ""current_weight"": 0.06839851376189485, ""target_weight"": 0.09593955406670147, ""post_trade_weight"": 0.09594728590948814, ""diff_weight"": 0.027541040304806624, ""gross_amount"": 0.043806115129161244, ""gross_amount_pct_nav"": 0.027541040304806624, ""fee"": 1.3141834538748372e-05, ""fee_pct_nav"": 8.262312091441986e-06, ""name"": ""中国移动""}, {""ts_code"": ""01088.HK"", ""side"": ""buy"", ""current_weight"": 0.03320680179376832, ""target_weight"": 0.04666755715776677, ""post_trade_weight"": 0.04667131813225422, ""diff_weight"": 0.013460755363998446, ""gross_amount"": 0.021410353155682328, ""gross_amount_pct_nav"": 0.013460755363998446, ""fee"": 6.423105946704698e-06, ""fee_pct_nav"": 4.038226609199534e-06, ""name"": ""中国神华""}, {""ts_code"": ""01288.HK"", ""side"": ""buy"", ""current_weight"": 0.06640980149622808, ""target_weight"": 0.09805885680312598, ""post_trade_weight"": 0.09806675944215758, ""diff_weight"": 0.031649055306897905, ""gross_amount"": 0.05034022481210322, ""gross_amount_pct_nav"": 0.031649055306897905, ""fee"": 1.5102067443630965e-05, ""fee_pct_nav"": 9.49471659206937e-06, ""name"": ""农业银行""}, {""ts_code"": ""01398.HK"", ""side"": ""buy"", ""current_weight"": 0.08007256166671532, ""target_weight"": 0.10900727709048384, ""post_trade_weight"": 0.10901606207116532, ""diff_weight"": 0.02893471542376852, ""gross_amount"": 0.046022861193878245, ""gross_amount_pct_nav"": 0.02893471542376852, ""fee"": 1.3806858358163472e-05, ""fee_pct_nav"": 8.680414627130555e-06, ""name"": ""工商银行""}, {""ts_code"": ""02899.HK"", ""side"": ""buy"", ""current_weight"": 0.0, ""target_weight"": 0.02357073058900052, ""post_trade_weight"": 0.02357263017238981, ""diff_weight"": 0.02357073058900052, ""gross_amount"": 0.03749103615668411, ""gross_amount_pct_nav"": 0.02357073058900052, ""fee"": 1.1247310847005231e-05, ""fee_pct_nav"": 7.071219176700155e-06, ""name"": ""紫金矿业""}, {""ts_code"": ""03328.HK"", ""side"": ""sell"", ""current_weight"": 0.016880629915568997, ""target_weight"": 0.0, ""post_trade_weight"": 0.0, ""diff_weight"": -0.016880629915568997, ""gross_amount"": 0.026849923218227944, ""gross_amount_pct_nav"": 0.016880629915568997, ""fee"": 8.054976965468383e-06, ""fee_pct_nav"": 5.064188974670699e-06, ""name"": ""交通银行""}, {""ts_code"": ""03988.HK"", ""side"": ""buy"", ""current_weight"": 0.06253974385664665, ""target_weight"": 0.08651535057579891, ""post_trade_weight"": 0.08652232291474496, ""diff_weight"": 0.023975606719152262, ""gross_amount"": 0.038135022374132146, ""gross_amount_pct_nav"": 0.023975606719152262, ""fee"": 1.1440506712239642e-05, ""fee_pct_nav"": 7.192682015745677e-06, ""name"": ""中国银行""}]"
2024-03-25,0.02886242,0.05772484,0.05571169,0.03710228,0.00002784,0.00001671,0.00001113,0.00000000,rebalance,"[{""ts_code"": ""00005.HK"", ""side"": ""buy"", ""current_weight"": 0.07166301792840161, ""target_weight"": 0.08204207839575806, ""post_trade_weight"": 0.08204349918010945, ""diff_weight"": 0.01037906046735644, ""gross_amount"": 0.016688167116791844, ""gross_amount_pct_nav"": 0.01037906046735644, ""fee"": 5.006450135037553e-06, ""fee_pct_nav"": 3.113718140206932e-06, ""name"": ""汇丰控股""}, {""ts_code"": ""02899.HK"", ""side"": ""sell"", ""current_weight"": 0.023075438164925858, ""target_weight"": 0.0, ""post_trade_weight"": 0.0, ""diff_weight"": -0.023075438164925858, ""gross_amount"": 0.03710227622246056, ""gross_amount_pct_nav"": 0.023075438164925858, ""fee"": 1.1130682866738167e-05, ""fee_pct_nav"": 6.922631449477757e-06, ""name"": ""紫金矿业""}, {""ts_code"": ""03328.HK"", ""side"": ""buy"", ""current_weight"": 0.0, ""target_weight"": 0.024270341060202504, ""post_trade_weight"": 0.024270761367945256, ""diff_weight"": 0.024270341060202504, ""gross_amount"": 0.03902352326282914, ""gross_amount_pct_nav"": 0.024270341060202504, ""fee"": 1.1707056978848741e-05, ""fee_pct_nav"": 7.281102318060751e-06, ""name"": ""交通银行""}]"
2024-04-02,0.01389720,0.02779441,0.01940923,0.02659201,0.00001380,0.00000582,0.00000798,0.00000000,rebalance,"[{""ts_code"": ""00728.HK"", ""side"": ""buy"", ""current_weight"": 0.021874721421173245, ""target_weight"": 0.03360196953974931, ""post_trade_weight"": 0.03360224972613739, ""diff_weight"": 0.011727248118576063, ""gross_amount"": 0.019409227468942705, ""gross_amount_pct_nav"": 0.011727248118576063, ""fee"": 5.8227682406828114e-06, ""fee_pct_nav"": 3.518174435572819e-06, ""name"": ""中国电信""}, {""ts_code"": ""00857.HK"", ""side"": ""sell"", ""current_weight"": 0.12252725812559927, ""target_weight"": 0.1064600985916434, ""post_trade_weight"": 0.10646098629765909, ""diff_weight"": -0.016067159533955856, ""gross_amount"": 0.026592014684192256, ""gross_amount_pct_nav"": 0.016067159533955856, ""fee"": 7.977604405257676e-06, ""fee_pct_nav"": 4.8201478601867566e-06, ""name"": ""中国石油股份""}]"
2024-04-08,0.02387373,0.04774746,0.03979016,0.03950431,0.00002379,0.00001194,0.00001185,0.00000000,rebalance,"[{""ts_code"": ""02899.HK"", ""side"": ""buy"", ""current_weight"": 0.0, ""target_weight"": 0.023959795797774318, ""post_trade_weight"": 0.02396013900852707, ""diff_weight"": 0.023959795797774318, ""gross_amount"": 0.03979016134561727, ""gross_amount_pct_nav"": 0.023959795797774318, ""fee"": 1.193704840368518e-05, ""fee_pct_nav"": 7.1879387393322955e-06, ""name"": ""紫金矿业""}, {""ts_code"": ""03328.HK"", ""side"": ""sell"", ""current_weight"": 0.02378766685671131, ""target_weight"": 0.0, ""post_trade_weight"": 0.0, ""diff_weight"": -0.02378766685671131, ""gross_amount"": 0.03950430589029725, ""gross_amount_pct_nav"": 0.02378766685671131, ""fee"": 1.1851291767089173e-05, ""fee_pct_nav"": 7.136300057013391e-06, ""name"": ""交通银行""}]"
2024-04-15,0.00000000,0.00000000,0.00000000,0.00000000,0.00000000,0.00000000,0.00000000,0.00000000,rebalance,
2024-04-22,0.14270290,0.28540581,0.02890308,0.45065538,0.00014387,0.00000867,0.00013520,0.00000000,rebalance,"[{""ts_code"": ""00005.HK"", ""side"": ""sell"", ""current_weight"": 0.08133502811869933, ""target_weight"": 0.050065420630834745, ""post_trade_weight"": 0.05006970768643512, ""diff_weight"": -0.031269607487864594, ""gross_amount"": 0.052541343555941075, ""gross_amount_pct_nav"": 0.031269607487864594, ""fee"": 1.5762403066782322e-05, ""fee_pct_nav"": 9.380882246359378e-06, ""name"": ""汇丰控股""}, {""ts_code"": ""00728.HK"", ""side"": ""sell"", ""current_weight"": 0.03563740046506137, ""target_weight"": 0.02166742153590682, ""post_trade_weight"": 0.02166927689714559, ""diff_weight"": -0.013969978929154551, ""gross_amount"": 0.023473318706377283, ""gross_amount_pct_nav"": 0.013969978929154551, ""fee"": 7.0419956119131845e-06, ""fee_pct_nav"": 4.190993678746365e-06, ""name"": ""中国电信""}, {""ts_code"": ""00857.HK"", ""side"": ""sell"", ""current_weight"": 0.10714213148812277, ""target_weight"": 0.07797334964995987, ""post_trade_weight"": 0.07798002643567516, ""diff_weight"": -0.029168781838162888, ""gross_amount"": 0.04901139191663931, ""gross_amount_pct_nav"": 0.029168781838162888, ""fee"": 1.4703417574991791e-05, ""fee_pct_nav"": 8.750634551448866e-06, ""name"": ""中国石油股份""}, {""ts_code"": ""00883.HK"", ""side"": ""sell"", ""current_weight"": 0.05933178265048461, ""target_weight"": 0.03951573914459818, ""post_trade_weight"": 0.03951912284074351, ""diff_weight"": -0.019816043505886432, ""gross_amount"": 0.03329627818853556, ""gross_amount_pct_nav"": 0.019816043505886432, ""fee"": 9.988883456560668e-06, ""fee_pct_nav"": 5.944813051765929e-06, ""name"": ""中国海洋石油""}, {""ts_code"": ""00939.HK"", ""side"": ""sell"", ""current_weight"": 0.07716562297835611, ""target_weight"": 0.04788912655002642, ""post_trade_weight"": 0.04789322725158024, ""diff_weight"": -0.02927649642832969, ""gross_amount"": 0.049192381373898655, ""gross_amount_pct_nav"": 0.02927649642832969, ""fee"": 1.4757714412169596e-05, ""fee_pct_nav"": 8.782948928498907e-06, ""name"": ""建设银行""}, {""ts_code"": ""00941.HK"", ""side"": ""sell"", ""current_weight"": 0.09590162184758247, ""target_weight"": 0.0692729346109162, ""post_trade_weight"": 0.06927886638814959, ""diff_weight"": -0.02662868723666627, ""gross_amount"": 0.044743350395055795, ""gross_amount_pct_nav"": 0.02662868723666627, ""fee"": 1.3423005118516737e-05, ""fee_pct_nav"": 7.98860617099988e-06, ""name"": ""中国移动""}, {""ts_code"": ""01088.HK"", ""side"": ""sell"", ""current_weight"": 0.04738202373110717, ""target_weight"": 0.03727133625300436, ""post_trade_weight"": 0.03727452776300875, ""diff_weight"": -0.010110687478102804, ""gross_amount"": 0.01698867197421379, ""gross_amount_pct_nav"": 0.010110687478102804, ""fee"": 5.0966015922641365e-06, ""fee_pct_nav"": 3.0332062434308407e-06, ""name"": ""中国神华""}, {""ts_code"": ""01288.HK"", ""side"": ""sell"", ""current_weight"": 0.10022575726970256, ""target_weight"": 0.07378849492363397, ""post_trade_weight"": 0.07379481336411484, ""diff_weight"": -0.026437262346068604, ""gross_amount"": 0.04442170513788543, ""gross_amount_pct_nav"": 0.026437262346068604, ""fee"": 1.3326511541365628e-05, ""fee_pct_nav"": 7.93117870382058e-06, ""name"": ""农业银行""}, {""ts_code"": ""01398.HK"", ""side"": ""sell"", ""current_weight"": 0.10683370833620714, ""target_weight"": 0.07726594596123318, ""post_trade_weight"": 0.07727256217262575, ""diff_weight"": -0.029567762374973966, ""gross_amount"": 0.04968178643517812, ""gross_amount_pct_nav"": 0.029567762374973966, ""fee"": 1.4904535930553435e-05, ""fee_pct_nav"": 8.87032871249219e-06, ""name"": ""工商银行""}, {""ts_code"": ""01816.HK"", ""side"": ""buy"", ""current_weight"": 0.0, ""target_weight"": 0.017201460734901454, ""post_trade_weight"": 0.017202933680053, ""diff_weight"": 0.017201460734901454, ""gross_amount"": 0.02890307652525663, ""gross_amount_pct_nav"": 0.017201460734901454, ""fee"": 8.670922957576988e-06, ""fee_pct_nav"": 5.160438220470436e-06, ""name"": ""中广核电力""}, {""ts_code"": ""02899.HK"", ""side"": ""sell"", ""current_weight"": 0.02382365964535007, ""target_weight"": 0.0, ""post_trade_weight"": 0.0, ""diff_weight"": -0.02382365964535007, ""gross_amount"": 0.040030150256025104, ""gross_amount_pct_nav"": 0.02382365964535007, ""fee"": 1.2009045076807531e-05, ""fee_pct_nav"": 7.147097893605021e-06, ""name"": ""紫金矿业""}, {""ts_code"": ""03988.HK"", ""side"": ""sell"", ""current_weight"": 0.08682742088413678, ""target_weight"": 0.05869204176794628, ""post_trade_weight"": 0.058697067513125055, ""diff_weight"": -0.028135379116190504, ""gross_amount"": 0.04727499764089192, ""gross_amount_pct_nav"": 0.028135379116190504, ""fee"": 1.4182499292267576e-05, ""fee_pct_nav"": 8.440613734857151e-06, ""name"": ""中国银行""}]"
2024-04-29,0.12479879,0.24959757,0.39714578,0.02834294,0.00012765,0.00011914,0.00000850,0.00000000,rebalance,"[{""ts_code"": ""00005.HK"", ""side"": ""buy"", ""current_weight"": 0.05101541443058971, ""target_weight"": 0.07938231784678011, ""post_trade_weight"": 0.07938826238203035, ""diff_weight"": 0.028366903416190404, ""gross_amount"": 0.04835703007518309, ""gross_amount_pct_nav"": 0.028366903416190404, ""fee"": 1.4507109022554925e-05, ""fee_pct_nav"": 8.510071024857121e-06, ""name"": ""汇丰控股""}, {""ts_code"": ""00857.HK"", ""side"": ""buy"", ""current_weight"": 0.07696492131283654, ""target_weight"": 0.1259573043728343, ""post_trade_weight"": 0.1259667366703053, ""diff_weight"": 0.048992383059997764, ""gross_amount"": 0.08351726328137121, ""gross_amount_pct_nav"": 0.048992383059997764, ""fee"": 2.505517898441136e-05, ""fee_pct_nav"": 1.4697714917999327e-05, ""name"": ""中国石油股份""}, {""ts_code"": ""00883.HK"", ""side"": ""buy"", ""current_weight"": 0.0423776932323695, ""target_weight"": 0.0626820389982977, ""post_trade_weight"": 0.06268673293519056, ""diff_weight"": 0.020304345765928197, ""gross_amount"": 0.03461279662620881, ""gross_amount_pct_nav"": 0.020304345765928197, ""fee"": 1.0383838987862642e-05, ""fee_pct_nav"": 6.091303729778459e-06, ""name"": ""中国海洋石油""}, {""ts_code"": ""00939.HK"", ""side"": ""buy"", ""current_weight"": 0.04876238735588842, ""target_weight"": 0.07695215214632879, ""post_trade_weight"": 0.0769579146989151, ""diff_weight"": 0.02818976479044037, ""gross_amount"": 0.048055062048317596, ""gross_amount_pct_nav"": 0.02818976479044037, ""fee"": 1.4416518614495277e-05, ""fee_pct_nav"": 8.45692943713211e-06, ""name"": ""建设银行""}, {""ts_code"": ""00941.HK"", ""side"": ""buy"", ""current_weight"": 0.06817908140569313, ""target_weight"": 0.09918995814956778, ""post_trade_weight"": 0.09919738597756125, ""diff_weight"": 0.031010876743874653, ""gross_amount"": 0.052864208594070566, ""gross_amount_pct_nav"": 0.031010876743874653, ""fee"": 1.5859262578221168e-05, ""fee_pct_nav"": 9.303263023162395e-06, ""name"": ""中国移动""}, {""ts_code"": ""01288.HK"", ""side"": ""buy"", ""current_weight"": 0.07452132683142179, ""target_weight"": 0.09368205481382383, ""post_trade_weight"": 0.09368907018314361, ""diff_weight"": 0.019160727982402048, ""gross_amount"": 0.0326632726072803, ""gross_amount_pct_nav"": 0.019160727982402048, ""fee"": 9.79898178218409e-06, ""fee_pct_nav"": 5.748218394720614e-06, ""name"": ""农业银行""}, {""ts_code"": ""01398.HK"", ""side"": ""buy"", ""current_weight"": 0.07815755446365476, ""target_weight"": 0.09726020153476779, ""post_trade_weight"": 0.09726748485317106, ""diff_weight"": 0.019102647071113036, ""gross_amount"": 0.032564262139595845, ""gross_amount_pct_nav"": 0.019102647071113036, ""fee"": 9.769278641878753e-06, ""fee_pct_nav"": 5.73079412133391e-06, ""name"": ""工商银行""}, {""ts_code"": ""01816.HK"", ""side"": ""sell"", ""current_weight"": 0.016626360691854466, ""target_weight"": 0.0, ""post_trade_weight"": 0.0, ""diff_weight"": -0.016626360691854466, ""gross_amount"": 0.02834293938329429, ""gross_amount_pct_nav"": 0.016626360691854466, ""fee"": 8.502881814988286e-06, ""fee_pct_nav"": 4.987908207556339e-06, ""name"": ""中广核电力""}, {""ts_code"": ""02899.HK"", ""side"": ""buy"", ""current_weight"": 0.0, ""target_weight"": 0.022372111824541588, ""post_trade_weight"": 0.022373787157423903, ""diff_weight"": 0.022372111824541588, ""gross_amount"": 0.038137715226514705, ""gross_amount_pct_nav"": 0.022372111824541588, ""fee"": 1.144131456795441e-05, ""fee_pct_nav"": 6.711633547362476e-06, ""name"": ""紫金矿业""}, {""ts_code"": ""03988.HK"", ""side"": ""buy"", ""current_weight"": 0.06186581066452365, ""target_weight"": 0.07733726087656252, ""post_trade_weight"": 0.0773430522679694, ""diff_weight"": 0.015471450212038862, ""gross_amount"": 0.026374164717014995, ""gross_amount_pct_nav"": 0.015471450212038862, ""fee"": 7.912249415104497e-06, ""fee_pct_nav"": 4.641435063611658e-06, ""name"": ""中国银行""}]"
2024-05-06,0.15567168,0.31134335,0.31181651,0.22093398,0.00015983,0.00009354,0.00006628,0.00000000,rebalance,"[{""ts_code"": ""00700.HK"", ""side"": ""buy"", ""current_weight"": 0.0, ""target_weight"": 0.15024212503029127, ""post_trade_weight"": 0.15025615940728415, ""diff_weight"": 0.15024212503029127, ""gross_amount"": 0.2570845534583853, ""gross_amount_pct_nav"": 0.15024212503029127, ""fee"": 7.71253660375156e-05, ""fee_pct_nav"": 4.507263750908738e-05, ""name"": ""腾讯控股""}, {""ts_code"": ""00728.HK"", ""side"": ""sell"", ""current_weight"": 0.020347252976208565, ""target_weight"": 0.0, ""post_trade_weight"": 0.0, ""diff_weight"": -0.020347252976208565, ""gross_amount"": 0.03481689602326067, ""gross_amount_pct_nav"": 0.020347252976208565, ""fee"": 1.0445068806978201e-05, ""fee_pct_nav"": 6.104175892862569e-06, ""name"": ""中国电信""}, {""ts_code"": ""00857.HK"", ""side"": ""sell"", ""current_weight"": 0.122995203490079, ""target_weight"": 0.09076601853260584, ""post_trade_weight"": 0.09077449714352785, ""diff_weight"": -0.03222918495747317, ""gross_amount"": 0.05514848529631208, ""gross_amount_pct_nav"": 0.03222918495747317, ""fee"": 1.6544545588893623e-05, ""fee_pct_nav"": 9.66875548724195e-06, ""name"": ""中国石油股份""}, {""ts_code"": ""00941.HK"", ""side"": ""sell"", ""current_weight"": 0.0988168785771696, ""target_weight"": 0.07329903715317218, ""post_trade_weight"": 0.07330588414312533, ""diff_weight"": -0.025517841423997413, ""gross_amount"": 0.043664470709447234, ""gross_amount_pct_nav"": 0.025517841423997413, ""fee"": 1.3099341212834169e-05, ""fee_pct_nav"": 7.655352427199224e-06, ""name"": ""中国移动""}, {""ts_code"": ""01288.HK"", ""side"": ""sell"", ""current_weight"": 0.09108753715660603, ""target_weight"": 0.07399690779495392, ""post_trade_weight"": 0.07400381997421185, ""diff_weight"": -0.0170906293616521, ""gross_amount"": 0.029244373486312508, ""gross_amount_pct_nav"": 0.0170906293616521, ""fee"": 8.773312045893752e-06, ""fee_pct_nav"": 5.127188808495629e-06, ""name"": ""农业银行""}, {""ts_code"": ""02899.HK"", ""side"": ""sell"", ""current_weight"": 0.022055663686892053, ""target_weight"": 0.0, ""post_trade_weight"": 0.0, ""diff_weight"": -0.022055663686892053, ""gross_amount"": 0.03774021732606463, ""gross_amount_pct_nav"": 0.022055663686892053, ""fee"": 1.1322065197819389e-05, ""fee_pct_nav"": 6.616699106067615e-06, ""name"": ""紫金矿业""}, {""ts_code"": ""03968.HK"", ""side"": ""buy"", ""current_weight"": 0.0, ""target_weight"": 0.031985765303721235, ""post_trade_weight"": 0.031988753149430865, ""diff_weight"": 0.031985765303721235, ""gross_amount"": 0.05473196141544182, ""gross_amount_pct_nav"": 0.031985765303721235, ""fee"": 1.6419588424632546e-05, ""fee_pct_nav"": 9.59572959111637e-06, ""name"": ""招商银行""}, {""ts_code"": ""03988.HK"", ""side"": ""sell"", ""current_weight"": 0.07522817151632831, ""target_weight"": 0.06335328016418926, ""post_trade_weight"": 0.06335919810376432, ""diff_weight"": -0.01187489135213906, ""gross_amount"": 0.020319541806374256, ""gross_amount_pct_nav"": 0.01187489135213906, ""fee"": 6.095862541912276e-06, ""fee_pct_nav"": 3.5624674056417177e-06, ""name"": ""中国银行""}]"
2024-05-13,0.00728184,0.01456369,0.00000000,0.02609278,0.00000783,0.00000000,0.00000783,0.00000000,rebalance,"[{""ts_code"": ""00005.HK"", ""side"": ""sell"", ""current_weight"": 0.08405740569424013, ""target_weight"": 0.06949371921884512, ""post_trade_weight"": 0.0694940228455933, ""diff_weight"": -0.014563686475395006, ""gross_amount"": 0.026092779313544423, ""gross_amount_pct_nav"": 0.014563686475395006, ""fee"": 7.827833794063327e-06, ""fee_pct_nav"": 4.369105942618502e-06, ""name"": ""汇丰控股""}]"
2024-05-20,0.01332729,0.02665459,0.00000000,0.04888712,0.00001467,0.00000000,0.00001467,0.00000000,rebalance,"[{""ts_code"": ""00883.HK"", ""side"": ""sell"", ""current_weight"": 0.057955639466272205, ""target_weight"": 0.04467810223542025, ""post_trade_weight"": 0.0446784595011779, ""diff_weight"": -0.013277537230851951, ""gross_amount"": 0.024352302102895323, ""gross_amount_pct_nav"": 0.013277537230851951, ""fee"": 7.305690630868596e-06, ""fee_pct_nav"": 3.983261169255585e-06, ""name"": ""中国海洋石油""}, {""ts_code"": ""00939.HK"", ""side"": ""sell"", ""current_weight"": 0.08326562871050479, ""target_weight"": 0.06988857954530857, ""post_trade_weight"": 0.06988913840513189, ""diff_weight"": -0.013377049165196227, ""gross_amount"": 0.024534816724836234, ""gross_amount_pct_nav"": 0.013377049165196227, ""fee"": 7.36044501745087e-06, ""fee_pct_nav"": 4.013114749558868e-06, ""name"": ""建设银行""}]"
2024-05-27,0.06564840,0.13129681,0.23944768,0.00000000,0.00007183,0.00007183,0.00000000,0.00000000,rebalance,"[{""ts_code"": ""00005.HK"", ""side"": ""buy"", ""current_weight"": 0.06907330175485843, ""target_weight"": 0.08247516204740124, ""post_trade_weight"": 0.08247841079305117, ""diff_weight"": 0.013401860292542814, ""gross_amount"": 0.024441145454453, ""gross_amount_pct_nav"": 0.013401860292542814, ""fee"": 7.3323436363359e-06, ""fee_pct_nav"": 4.020558087762844e-06, ""name"": ""汇丰控股""}, {""ts_code"": ""00700.HK"", ""side"": ""buy"", ""current_weight"": 0.14618931038828337, ""target_weight"": 0.17647058170264002, ""post_trade_weight"": 0.1764775329837338, ""diff_weight"": 0.030281271314356643, ""gross_amount"": 0.05522434502259094, ""gross_amount_pct_nav"": 0.030281271314356643, ""fee"": 1.656730350677728e-05, ""fee_pct_nav"": 9.084381394306992e-06, ""name"": ""腾讯控股""}, {""ts_code"": ""00857.HK"", ""side"": ""buy"", ""current_weight"": 0.09451619020276096, ""target_weight"": 0.1084607906396406, ""post_trade_weight"": 0.10846506297464463, ""diff_weight"": 0.01394460043687964, ""gross_amount"": 0.025430947655203318, ""gross_amount_pct_nav"": 0.01394460043687964, ""fee"": 7.629284296560995e-06, ""fee_pct_nav"": 4.183380131063891e-06, ""name"": ""中国石油股份""}, {""ts_code"": ""00883.HK"", ""side"": ""buy"", ""current_weight"": 0.0467477336656524, ""target_weight"": 0.05791254630313212, ""post_trade_weight"": 0.057914827512749754, ""diff_weight"": 0.01116481263747972, ""gross_amount"": 0.02036141279552031, ""gross_amount_pct_nav"": 0.01116481263747972, ""fee"": 6.108423838656093e-06, ""fee_pct_nav"": 3.3494437912439156e-06, ""name"": ""中国海洋石油""}, {""ts_code"": ""00939.HK"", ""side"": ""buy"", ""current_weight"": 0.0695141723683246, ""target_weight"": 0.08624627122763653, ""post_trade_weight"": 0.08624966851951833, ""diff_weight"": 0.01673209885931194, ""gross_amount"": 0.030514544477551586, ""gross_amount_pct_nav"": 0.01673209885931194, ""fee"": 9.154363343265476e-06, ""fee_pct_nav"": 5.0196296577935814e-06, ""name"": ""建设银行""}, {""ts_code"": ""00941.HK"", ""side"": ""buy"", ""current_weight"": 0.07391399725092546, ""target_weight"": 0.09164206845490733, ""post_trade_weight"": 0.09164567829044874, ""diff_weight"": 0.017728071203981875, ""gross_amount"": 0.03233091208722108, ""gross_amount_pct_nav"": 0.017728071203981875, ""fee"": 9.699273626166323e-06, ""fee_pct_nav"": 5.318421361194561e-06, ""name"": ""中国移动""}, {""ts_code"": ""01288.HK"", ""side"": ""buy"", ""current_weight"": 0.0756242828588791, ""target_weight"": 0.091769435418209, ""post_trade_weight"": 0.0917730502708108, ""diff_weight"": 0.0161451525593299, ""gross_amount"": 0.029444122940640305, ""gross_amount_pct_nav"": 0.0161451525593299, ""fee"": 8.833236882192091e-06, ""fee_pct_nav"": 4.843545767798971e-06, ""name"": ""农业银行""}, {""ts_code"": ""03988.HK"", ""side"": ""buy"", ""current_weight"": 0.06483001325797257, ""target_weight"": 0.07672895517113336, ""post_trade_weight"": 0.07673197757027933, ""diff_weight"": 0.0118989419131608, ""gross_amount"": 0.02170025382337952, ""gross_amount_pct_nav"": 0.0118989419131608, ""fee"": 6.5100761470138555e-06, ""fee_pct_nav"": 3.56968257394824e-06, ""name"": ""中国银行""}]"
2024-06-03,0.03656633,0.07313267,0.06582893,0.06671054,0.00003976,0.00001975,0.00002001,0.00000000,rebalance,"[{""ts_code"": ""00700.HK"", ""side"": ""sell"", ""current_weight"": 0.17645108885719762, ""target_weight"": 0.13964152696074203, ""post_trade_weight"": 0.13964459073518473, ""diff_weight"": -0.036809561896455616, ""gross_amount"": 0.06671054125697856, ""gross_amount_pct_nav"": 0.036809561896455616, ""fee"": 2.0013162377093565e-05, ""fee_pct_nav"": 1.1042868568936684e-05, ""name"": ""腾讯控股""}, {""ts_code"": ""00883.HK"", ""side"": ""buy"", ""current_weight"": 0.05998126275118157, ""target_weight"": 0.07045699769267882, ""post_trade_weight"": 0.07045854353905806, ""diff_weight"": 0.01047573494149726, ""gross_amount"": 0.01898533728757082, ""gross_amount_pct_nav"": 0.01047573494149726, ""fee"": 5.695601186271245e-06, ""fee_pct_nav"": 3.1427204824491777e-06, ""name"": ""中国海洋石油""}, {""ts_code"": ""00941.HK"", ""side"": ""buy"", ""current_weight"": 0.0938724175915627, ""target_weight"": 0.10879295078232351, ""post_trade_weight"": 0.10879533773031393, ""diff_weight"": 0.01492053319076082, ""gross_amount"": 0.027040714252407616, ""gross_amount_pct_nav"": 0.01492053319076082, ""fee"": 8.112214275722284e-06, ""fee_pct_nav"": 4.476159957228246e-06, ""name"": ""中国移动""}, {""ts_code"": ""01398.HK"", ""side"": ""buy"", ""current_weight"": 0.09733423339544024, ""target_weight"": 0.10826107124885874, ""post_trade_weight"": 0.10826344652726233, ""diff_weight"": 0.010926837853418497, ""gross_amount"": 0.01980287810757614, ""gross_amount_pct_nav"": 0.010926837853418497, ""fee"": 5.940863432272841e-06, ""fee_pct_nav"": 3.2780513560255488e-06, ""name"": ""工商银行""}]"
2024-06-11,0.03926579,0.07853158,0.08823148,0.05268455,0.00004227,0.00002647,0.00001581,0.00000000,rebalance,"[{""ts_code"": ""00728.HK"", ""side"": ""buy"", ""current_weight"": 0.0, ""target_weight"": 0.03328132136677563, ""post_trade_weight"": 0.03328210547569986, ""diff_weight"": 0.03328132136677563, ""gross_amount"": 0.05971956278849679, ""gross_amount_pct_nav"": 0.03328132136677563, ""fee"": 1.7915868836549036e-05, ""fee_pct_nav"": 9.984396410032688e-06, ""name"": ""中国电信""}, {""ts_code"": ""01088.HK"", ""side"": ""buy"", ""current_weight"": 0.04257191497147791, ""target_weight"": 0.05846142093645314, ""post_trade_weight"": 0.05846279828927438, ""diff_weight"": 0.01588950596497523, ""gross_amount"": 0.028511919304406677, ""gross_amount_pct_nav"": 0.01588950596497523, ""fee"": 8.553575791322002e-06, ""fee_pct_nav"": 4.766851789492568e-06, ""name"": ""中国神华""}, {""ts_code"": ""03968.HK"", ""side"": ""sell"", ""current_weight"": 0.02936075523287792, ""target_weight"": 0.0, ""post_trade_weight"": 0.0, ""diff_weight"": -0.02936075523287792, ""gross_amount"": 0.052684550782227946, ""gross_amount_pct_nav"": 0.02936075523287792, ""fee"": 1.580536523466838e-05, ""fee_pct_nav"": 8.808226569863375e-06, ""name"": ""招商银行""}]"
2024-06-17,0.02243538,0.04487077,0.06227391,0.01820653,0.00002414,0.00001868,0.00000546,0.00000000,rebalance,"[{""ts_code"": ""00700.HK"", ""side"": ""buy"", ""current_weight"": 0.14343104387779204, ""target_weight"": 0.17815100723792837, ""post_trade_weight"": 0.17815340540183797, ""diff_weight"": 0.034719963360136316, ""gross_amount"": 0.06227390906231345, ""gross_amount_pct_nav"": 0.034719963360136316, ""fee"": 1.8682172718694034e-05, ""fee_pct_nav"": 1.0415989008040895e-05, ""name"": ""腾讯控股""}, {""ts_code"": ""00941.HK"", ""side"": ""sell"", ""current_weight"": 0.11171726571232105, ""target_weight"": 0.10156646344987406, ""post_trade_weight"": 0.10156783067777161, ""diff_weight"": -0.010150802262446967, ""gross_amount"": 0.018206532375749207, ""gross_amount_pct_nav"": 0.010150802262446967, ""fee"": 5.461959712724762e-06, ""fee_pct_nav"": 3.04524067873409e-06, ""name"": ""中国移动""}]"
2024-06-24,0.03865012,0.07730025,0.06219458,0.08147678,0.00004310,0.00001866,0.00002444,0.00000000,rebalance,"[{""ts_code"": ""00728.HK"", ""side"": ""sell"", ""current_weight"": 0.03295318709242176, ""target_weight"": 0.0, ""post_trade_weight"": 0.0, ""diff_weight"": -0.03295318709242176, ""gross_amount"": 0.061247272534249046, ""gross_amount_pct_nav"": 0.03295318709242176, ""fee"": 1.8374181760274712e-05, ""fee_pct_nav"": 9.885956127726527e-06, ""name"": ""中国电信""}, {""ts_code"": ""00883.HK"", ""side"": ""sell"", ""current_weight"": 0.07827981574754453, ""target_weight"": 0.06739562730464581, ""post_trade_weight"": 0.06739719025048116, ""diff_weight"": -0.010884188442898724, ""gross_amount"": 0.02022951085146013, ""gross_amount_pct_nav"": 0.010884188442898724, ""fee"": 6.068853255438039e-06, ""fee_pct_nav"": 3.265256532869617e-06, ""name"": ""中国海洋石油""}, {""ts_code"": ""03968.HK"", ""side"": ""buy"", ""current_weight"": 0.0, ""target_weight"": 0.03346287143036784, ""post_trade_weight"": 0.03346364745483163, ""diff_weight"": 0.03346287143036784, ""gross_amount"": 0.06219457925347684, ""gross_amount_pct_nav"": 0.03346287143036784, ""fee"": 1.865837377604305e-05, ""fee_pct_nav"": 1.003886142911035e-05, ""name"": ""招商银行""}]"
2024-07-02,0.00000000,0.00000000,0.00000000,0.00000000,0.00000000,0.00000000,0.00000000,0.00000000,rebalance,
2024-07-08,0.01202157,0.02404314,0.00000000,0.04671407,0.00001401,0.00000000,0.00001401,0.00000000,rebalance,"[{""ts_code"": ""00939.HK"", ""side"": ""sell"", ""current_weight"": 0.08694944295642137, ""target_weight"": 0.06290630403501163, ""post_trade_weight"": 0.06290675777778652, ""diff_weight"": -0.024043138921409746, ""gross_amount"": 0.04671406978901724, ""gross_amount_pct_nav"": 0.024043138921409746, ""fee"": 1.401422093670517e-05, ""fee_pct_nav"": 7.212941676422923e-06, ""name"": ""建设银行""}]"
2024-07-15,0.04683071,0.09366142,0.11539627,0.06761850,0.00005490,0.00003462,0.00002029,0.00000000,rebalance,"[{""ts_code"": ""00386.HK"", ""side"": ""sell"", ""current_weight"": 0.03460510017097424, ""target_weight"": 0.0, ""post_trade_weight"": 0.0, ""diff_weight"": -0.03460510017097424, ""gross_amount"": 0.06761850064075807, ""gross_amount_pct_nav"": 0.03460510017097424, ""fee"": 2.028555019222742e-05, ""fee_pct_nav"": 1.0381530051292272e-05, ""name"": ""中国石油化工股份""}, {""ts_code"": ""00700.HK"", ""side"": ""buy"", ""current_weight"": 0.1673879148188861, ""target_weight"": 0.17999494228351992, ""post_trade_weight"": 0.1800000000000388, ""diff_weight"": 0.01260702746463383, ""gross_amount"": 0.02463418081391433, ""gross_amount_pct_nav"": 0.01260702746463383, ""fee"": 7.390254244174299e-06, ""fee_pct_nav"": 3.7821082393901486e-06, ""name"": ""腾讯控股""}, {""ts_code"": ""00728.HK"", ""side"": ""buy"", ""current_weight"": 0.0, ""target_weight"": 0.03548487761940095, ""post_trade_weight"": 0.03548587471659396, ""diff_weight"": 0.03548487761940095, ""gross_amount"": 0.06933758920476298, ""gross_amount_pct_nav"": 0.03548487761940095, ""fee"": 2.0801276761428892e-05, ""fee_pct_nav"": 1.0645463285820286e-05, ""name"": ""中国电信""}, {""ts_code"": ""00939.HK"", ""side"": ""buy"", ""current_weight"": 0.06546170506217745, ""target_weight"": 0.07642611682326793, ""post_trade_weight"": 0.0764282643371293, ""diff_weight"": 0.010964411761090484, ""gross_amount"": 0.02142450332551543, ""gross_amount_pct_nav"": 0.010964411761090484, ""fee"": 6.427350997654629e-06, ""fee_pct_nav"": 3.289323528327145e-06, ""name"": ""建设银行""}]"
2024-07-22,0.00765980,0.01531960,0.00000000,0.02857400,0.00000857,0.00000000,0.00000857,0.00000000,rebalance,"[{""ts_code"": ""00700.HK"", ""side"": ""sell"", ""current_weight"": 0.18035009097923393, ""target_weight"": 0.16503049527908956, ""post_trade_weight"": 0.16503125374271513, ""diff_weight"": -0.015319595700144368, ""gross_amount"": 0.02857399971353669, ""gross_amount_pct_nav"": 0.015319595700144368, ""fee"": 8.572199914061007e-06, ""fee_pct_nav"": 4.59587871004331e-06, ""name"": ""腾讯控股""}]"
2024-07-29,0.03669398,0.07338796,0.07203520,0.06378527,0.00004075,0.00002161,0.00001914,0.00000000,rebalance,"[{""ts_code"": ""00386.HK"", ""side"": ""buy"", ""current_weight"": 0.0, ""target_weight"": 0.03892282512614885, ""post_trade_weight"": 0.038923682085075954, ""diff_weight"": 0.03892282512614885, ""gross_amount"": 0.07203519648484484, ""gross_amount_pct_nav"": 0.03892282512614885, ""fee"": 2.161055894545345e-05, ""fee_pct_nav"": 1.1676847537844654e-05, ""name"": ""中国石油化工股份""}, {""ts_code"": ""03968.HK"", ""side"": ""sell"", ""current_weight"": 0.03446513829356869, ""target_weight"": 0.0, ""post_trade_weight"": 0.0, ""diff_weight"": -0.03446513829356869, ""gross_amount"": 0.06378527254401836, ""gross_amount_pct_nav"": 0.03446513829356869, ""fee"": 1.9135581763205507e-05, ""fee_pct_nav"": 1.0339541488070605e-05, ""name"": ""招商银行""}]"
2024-08-05,0.03562517,0.07125034,0.05411336,0.07272456,0.00003805,0.00001623,0.00002182,0.00000000,rebalance,"[{""ts_code"": ""00700.HK"", ""side"": ""buy"", ""current_weight"": 0.1652210897342423, ""target_weight"": 0.1784566560208987, ""post_trade_weight"": 0.1784604706318823, ""diff_weight"": 0.013235566286656399, ""gross_amount"": 0.023561594858692525, ""gross_amount_pct_nav"": 0.013235566286656399, ""fee"": 7.0684784576077566e-06, ""fee_pct_nav"": 3.9706698859969195e-06, ""name"": ""腾讯控股""}, {""ts_code"": ""00857.HK"", ""side"": ""sell"", ""current_weight"": 0.09635913504181581, ""target_weight"": 0.07712720369417585, ""post_trade_weight"": 0.07712885233135705, ""diff_weight"": -0.019231931347639966, ""gross_amount"": 0.03423616073156727, ""gross_amount_pct_nav"": 0.019231931347639966, ""fee"": 1.0270848219470178e-05, ""fee_pct_nav"": 5.769579404291988e-06, ""name"": ""中国石油股份""}, {""ts_code"": ""00883.HK"", ""side"": ""sell"", ""current_weight"": 0.05959992507633772, ""target_weight"": 0.04924550838364557, ""post_trade_weight"": 0.04924656103397177, ""diff_weight"": -0.010354416692692155, ""gross_amount"": 0.018432650770466352, ""gross_amount_pct_nav"": 0.010354416692692155, ""fee"": 5.5297952311399054e-06, ""fee_pct_nav"": 3.1063250078076463e-06, ""name"": ""中国海洋石油""}, {""ts_code"": ""00939.HK"", ""side"": ""sell"", ""current_weight"": 0.07926167915274088, ""target_weight"": 0.06799549851831568, ""post_trade_weight"": 0.06799695196018368, ""diff_weight"": -0.011266180634425197, ""gross_amount"": 0.02005574812320572, ""gross_amount_pct_nav"": 0.011266180634425197, ""fee"": 6.016724436961716e-06, ""fee_pct_nav"": 3.3798541903275583e-06, ""name"": ""建设银行""}, {""ts_code"": ""01288.HK"", ""side"": ""buy"", ""current_weight"": 0.09701626941175917, ""target_weight"": 0.114178518576426, ""post_trade_weight"": 0.11418095920621682, ""diff_weight"": 0.017162249164666823, ""gross_amount"": 0.030551768841918348, ""gross_amount_pct_nav"": 0.017162249164666823, ""fee"": 9.165530652575503e-06, ""fee_pct_nav"": 5.148674749400046e-06, ""name"": ""农业银行""}]"
2024-08-12,0.04922287,0.09844574,0.10314470,0.07777865,0.00005428,0.00003094,0.00002333,0.00000000,rebalance,"[{""ts_code"": ""00728.HK"", ""side"": ""sell"", ""current_weight"": 0.03220736721167465, ""target_weight"": 0.0, ""post_trade_weight"": 0.0, ""diff_weight"": -0.03220736721167465, ""gross_amount"": 0.059190624930895226, ""gross_amount_pct_nav"": 0.03220736721167465, ""fee"": 1.7757187479268566e-05, ""fee_pct_nav"": 9.662210163502395e-06, ""name"": ""中国电信""}, {""ts_code"": ""00857.HK"", ""side"": ""sell"", ""current_weight"": 0.07737702159456179, ""target_weight"": 0.06726272663907201, ""post_trade_weight"": 0.06726471321644685, ""diff_weight"": -0.010114294955489782, ""gross_amount"": 0.018588027863818454, ""gross_amount_pct_nav"": 0.010114294955489782, ""fee"": 5.5764083591455355e-06, ""fee_pct_nav"": 3.0342884866469344e-06, ""name"": ""中国石油股份""}, {""ts_code"": ""00939.HK"", ""side"": ""buy"", ""current_weight"": 0.06884035171358224, ""target_weight"": 0.08095533828141083, ""post_trade_weight"": 0.08095772926452197, ""diff_weight"": 0.012114986567828587, ""gross_amount"": 0.022264894279195868, ""gross_amount_pct_nav"": 0.012114986567828587, ""fee"": 6.67946828375876e-06, ""fee_pct_nav"": 3.6344959703485757e-06, ""name"": ""建设银行""}, {""ts_code"": ""03968.HK"", ""side"": ""buy"", ""current_weight"": 0.0, ""target_weight"": 0.03312646097355762, ""post_trade_weight"": 0.033127439350158855, ""diff_weight"": 0.03312646097355762, ""gross_amount"": 0.0608797333196188, ""gross_amount_pct_nav"": 0.03312646097355762, ""fee"": 1.826391999588564e-05, ""fee_pct_nav"": 9.937938292067286e-06, ""name"": ""招商银行""}, {""ts_code"": ""03988.HK"", ""side"": ""buy"", ""current_weight"": 0.076846203736793, ""target_weight"": 0.08772883572789307, ""post_trade_weight"": 0.08773142676350651, ""diff_weight"": 0.010882631991100069, ""gross_amount"": 0.020000075889862606, ""gross_amount_pct_nav"": 0.010882631991100069, ""fee"": 6.000022766958781e-06, ""fee_pct_nav"": 3.26478959733002e-06, ""name"": ""中国银行""}]"
2024-08-19,0.00508092,0.01016184,0.01925021,0.00000000,0.00000578,0.00000578,0.00000000,0.00000000,rebalance,"[{""ts_code"": ""01398.HK"", ""side"": ""buy"", ""current_weight"": 0.12583622143667586, ""target_weight"": 0.13599805860685288, ""post_trade_weight"": 0.1359984732051549, ""diff_weight"": 0.010161837170177027, ""gross_amount"": 0.019250205824531935, ""gross_amount_pct_nav"": 0.010161837170177027, ""fee"": 5.77506174735958e-06, ""fee_pct_nav"": 3.048551151053108e-06, ""name"": ""工商银行""}]"
2024-08-26,0.01282849,0.02565699,0.00000000,0.04917113,0.00001475,0.00000000,0.00001475,0.00000000,rebalance,"[{""ts_code"": ""01088.HK"", ""side"": ""sell"", ""current_weight"": 0.053972760499248006, ""target_weight"": 0.04218320895552201, ""post_trade_weight"": 0.042183533646251395, ""diff_weight"": -0.011789551543725999, ""gross_amount"": 0.022594452244157168, ""gross_amount_pct_nav"": 0.011789551543725999, ""fee"": 6.77833567324715e-06, ""fee_pct_nav"": 3.536865463117799e-06, ""name"": ""中国神华""}, {""ts_code"": ""01288.HK"", ""side"": ""sell"", ""current_weight"": 0.11352212559215823, ""target_weight"": 0.09965468878665863, ""post_trade_weight"": 0.0996554558443195, ""diff_weight"": -0.0138674368054996, ""gross_amount"": 0.02657667999402999, ""gross_amount_pct_nav"": 0.0138674368054996, ""fee"": 7.973003998208995e-06, ""fee_pct_nav"": 4.160231041649879e-06, ""name"": ""农业银行""}]"
2024-09-02,0.00000000,0.00000000,0.00000000,0.00000000,0.00000000,0.00000000,0.00000000,0.00000000,rebalance,
2024-09-09,0.05266117,0.10532233,0.08403843,0.10443696,0.00005654,0.00002521,0.00003133,0.00000000,rebalance,"[{""ts_code"": ""00386.HK"", ""side"": ""sell"", ""current_weight"": 0.037003280968910535, ""target_weight"": 0.0, ""post_trade_weight"": 0.0, ""diff_weight"": -0.037003280968910535, ""gross_amount"": 0.06621774947735265, ""gross_amount_pct_nav"": 0.037003280968910535, ""fee"": 1.986532484320579e-05, ""fee_pct_nav"": 1.1100984290673158e-05, ""name"": ""中国石油化工股份""}, {""ts_code"": ""00857.HK"", ""side"": ""sell"", ""current_weight"": 0.06141392370191583, ""target_weight"": 0.05133403527833281, ""post_trade_weight"": 0.05133565731569677, ""diff_weight"": -0.010079888423583025, ""gross_amount"": 0.01803806335317351, ""gross_amount_pct_nav"": 0.010079888423583025, ""fee"": 5.411419005952053e-06, ""fee_pct_nav"": 3.0239665270749074e-06, ""name"": ""中国石油股份""}, {""ts_code"": ""00941.HK"", ""side"": ""buy"", ""current_weight"": 0.10342969664967576, ""target_weight"": 0.11660685423852263, ""post_trade_weight"": 0.11661053874673327, ""diff_weight"": 0.01317715758884687, ""gross_amount"": 0.023580658179337355, ""gross_amount_pct_nav"": 0.01317715758884687, ""fee"": 7.074197453801206e-06, ""fee_pct_nav"": 3.953147276654061e-06, ""name"": ""中国移动""}, {""ts_code"": ""01398.HK"", ""side"": ""sell"", ""current_weight"": 0.1274257340701749, ""target_weight"": 0.11614826593614719, ""post_trade_weight"": 0.11615193595402297, ""diff_weight"": -0.011277468134027708, ""gross_amount"": 0.02018114448460112, ""gross_amount_pct_nav"": 0.011277468134027708, ""fee"": 6.054343345380336e-06, ""fee_pct_nav"": 3.3832404402083123e-06, ""name"": ""工商银行""}, {""ts_code"": ""02628.HK"", ""side"": ""buy"", ""current_weight"": 0.0, ""target_weight"": 0.03378453824720699, ""post_trade_weight"": 0.033785605760856825, ""diff_weight"": 0.03378453824720699, ""gross_amount"": 0.060457776480447534, ""gross_amount_pct_nav"": 0.03378453824720699, ""fee"": 1.8137332944134257e-05, ""fee_pct_nav"": 1.0135361474162094e-05, ""name"": ""中国人寿""}]"
2024-09-16,0.04648997,0.09297995,0.09066625,0.07754389,0.00005046,0.00002720,0.00002326,0.00000000,rebalance,"[{""ts_code"": ""00005.HK"", ""side"": ""buy"", ""current_weight"": 0.0821070059902262, ""target_weight"": 0.0933125074258451, ""post_trade_weight"": 0.09331511035610847, ""diff_weight"": 0.011205501435618902, ""gross_amount"": 0.02027188546068029, ""gross_amount_pct_nav"": 0.011205501435618902, ""fee"": 6.081565638204086e-06, ""fee_pct_nav"": 3.3616504306856705e-06, ""name"": ""汇丰控股""}, {""ts_code"": ""00883.HK"", ""side"": ""sell"", ""current_weight"": 0.04865258146862289, ""target_weight"": 0.0362831893013894, ""post_trade_weight"": 0.03628420141234954, ""diff_weight"": -0.01236939216723349, ""gross_amount"": 0.02237748151415446, ""gross_amount_pct_nav"": 0.01236939216723349, ""fee"": 6.7132444542463376e-06, ""fee_pct_nav"": 3.710817650170047e-06, ""name"": ""中国海洋石油""}, {""ts_code"": ""01211.HK"", ""side"": ""buy"", ""current_weight"": 0.0, ""target_weight"": 0.03891123557003861, ""post_trade_weight"": 0.038912320989726114, ""diff_weight"": 0.03891123557003861, ""gross_amount"": 0.07039436076479376, ""gross_amount_pct_nav"": 0.03891123557003861, ""fee"": 2.1118308229438124e-05, ""fee_pct_nav"": 1.1673370671011581e-05, ""name"": ""比亚迪股份""}, {""ts_code"": ""03968.HK"", ""side"": ""sell"", ""current_weight"": 0.030493819927411063, ""target_weight"": 0.0, ""post_trade_weight"": 0.0, ""diff_weight"": -0.030493819927411063, ""gross_amount"": 0.05516640450039303, ""gross_amount_pct_nav"": 0.030493819927411063, ""fee"": 1.6549921350117907e-05, ""fee_pct_nav"": 9.148145978223317e-06, ""name"": ""招商银行""}]"
2024-09-23,0.00000000,0.00000000,0.00000000,0.00000000,0.00000000,0.00000000,0.00000000,0.00000000,rebalance,
2024-09-30,0.07579376,0.15158752,0.15758617,0.14486550,0.00009074,0.00004728,0.00004346,0.00000000,rebalance,"[{""ts_code"": ""00700.HK"", ""side"": ""sell"", ""current_weight"": 0.19851370203821112, ""target_weight"": 0.17999181427371702, ""post_trade_weight"": 0.1800000000000005, ""diff_weight"": -0.018521887764494115, ""gross_amount"": 0.036955389724283694, ""gross_amount_pct_nav"": 0.018521887764494115, ""fee"": 1.1086616917285106e-05, ""fee_pct_nav"": 5.5565663293482335e-06, ""name"": ""腾讯控股""}, {""ts_code"": ""00883.HK"", ""side"": ""sell"", ""current_weight"": 0.03468449407932221, ""target_weight"": 0.0, ""post_trade_weight"": 0.0, ""diff_weight"": -0.03468449407932221, ""gross_amount"": 0.06920347495831895, ""gross_amount_pct_nav"": 0.03468449407932221, ""fee"": 2.0761042487495682e-05, ""fee_pct_nav"": 1.040534822379666e-05, ""name"": ""中国海洋石油""}, {""ts_code"": ""00939.HK"", ""side"": ""buy"", ""current_weight"": 0.07900143805222094, ""target_weight"": 0.09339649949620342, ""post_trade_weight"": 0.09340074701259074, ""diff_weight"": 0.014395061443982464, ""gross_amount"": 0.028721430155038613, ""gross_amount_pct_nav"": 0.014395061443982464, ""fee"": 8.616429046511582e-06, ""fee_pct_nav"": 4.3185184331947385e-06, ""name"": ""建设银行""}, {""ts_code"": ""00941.HK"", ""side"": ""sell"", ""current_weight"": 0.10781337847567357, ""target_weight"": 0.08841377130119607, ""post_trade_weight"": 0.0884177922114496, ""diff_weight"": -0.01939960717447749, ""gross_amount"": 0.03870664009773017, ""gross_amount_pct_nav"": 0.01939960717447749, ""fee"": 1.161199202931905e-05, ""fee_pct_nav"": 5.819882152343247e-06, ""name"": ""中国移动""}, {""ts_code"": ""01088.HK"", ""side"": ""buy"", ""current_weight"": 0.04232988663186011, ""target_weight"": 0.05345800569913654, ""post_trade_weight"": 0.0534604368797104, ""diff_weight"": 0.011128119067276433, ""gross_amount"": 0.02220313513710924, ""gross_amount_pct_nav"": 0.011128119067276433, ""fee"": 6.660940541132771e-06, ""fee_pct_nav"": 3.3384357201829295e-06, ""name"": ""中国神华""}, {""ts_code"": ""02628.HK"", ""side"": ""buy"", ""current_weight"": 0.04218400451853422, ""target_weight"": 0.05338843261668213, ""post_trade_weight"": 0.0533908606331887, ""diff_weight"": 0.01120442809814791, ""gross_amount"": 0.02235538905480891, ""gross_amount_pct_nav"": 0.01120442809814791, ""fee"": 6.7066167164426725e-06, ""fee_pct_nav"": 3.361328429444373e-06, ""name"": ""中国人寿""}, {""ts_code"": ""03968.HK"", ""side"": ""buy"", ""current_weight"": 0.0, ""target_weight"": 0.04225392614072174, ""post_trade_weight"": 0.04225584777852058, ""diff_weight"": 0.04225392614072174, ""gross_amount"": 0.08430621801438822, ""gross_amount_pct_nav"": 0.04225392614072174, ""fee"": 2.529186540431646e-05, ""fee_pct_nav"": 1.2676177842216519e-05, ""name"": ""招商银行""}]"
2024-10-07,0.14208894,0.28417788,0.31129068,0.29946573,0.00018323,0.00009339,0.00008984,0.00000000,rebalance,"[{""ts_code"": ""00005.HK"", ""side"": ""sell"", ""current_weight"": 0.08216687297132821, ""target_weight"": 0.05577925838932086, ""post_trade_weight"": 0.055784014164164564, ""diff_weight"": -0.02638761458200736, ""gross_amount"": 0.056712382657744684, ""gross_amount_pct_nav"": 0.02638761458200736, ""fee"": 1.7013714797323404e-05, ""fee_pct_nav"": 7.916284374602207e-06, ""name"": ""汇丰控股""}, {""ts_code"": ""00857.HK"", ""side"": ""sell"", ""current_weight"": 0.05168942687083394, ""target_weight"": 0.0, ""post_trade_weight"": 0.0, ""diff_weight"": -0.05168942687083394, ""gross_amount"": 0.1110911540316747, ""gross_amount_pct_nav"": 0.05168942687083394, ""fee"": 3.3327346209502406e-05, ""fee_pct_nav"": 1.550682806125018e-05, ""name"": ""中国石油股份""}, {""ts_code"": ""00939.HK"", ""side"": ""buy"", ""current_weight"": 0.09112898330775794, ""target_weight"": 0.10446099651644791, ""post_trade_weight"": 0.10446990292706947, ""diff_weight"": 0.013332013208689967, ""gross_amount"": 0.028653224122989845, ""gross_amount_pct_nav"": 0.013332013208689967, ""fee"": 8.595967236896953e-06, ""fee_pct_nav"": 3.999603962606989e-06, ""name"": ""建设银行""}, {""ts_code"": ""00941.HK"", ""side"": ""sell"", ""current_weight"": 0.08643770165133602, ""target_weight"": 0.06879379488755104, ""post_trade_weight"": 0.06879966029000666, ""diff_weight"": -0.01764390676378497, ""gross_amount"": 0.03792036558877249, ""gross_amount_pct_nav"": 0.01764390676378497, ""fee"": 1.1376109676631745e-05, ""fee_pct_nav"": 5.293172029135491e-06, ""name"": ""中国移动""}, {""ts_code"": ""01211.HK"", ""side"": ""sell"", ""current_weight"": 0.04361698450062794, ""target_weight"": 0.0, ""post_trade_weight"": 0.0, ""diff_weight"": -0.04361698450062794, ""gross_amount"": 0.09374182375178368, ""gross_amount_pct_nav"": 0.04361698450062794, ""fee"": 2.81225471255351e-05, ""fee_pct_nav"": 1.3085095350188382e-05, ""name"": ""比亚迪股份""}, {""ts_code"": ""01398.HK"", ""side"": ""buy"", ""current_weight"": 0.11228531248152056, ""target_weight"": 0.1340890045797373, ""post_trade_weight"": 0.13410043709306235, ""diff_weight"": 0.02180369209821675, ""gross_amount"": 0.046860595366921054, ""gross_amount_pct_nav"": 0.02180369209821675, ""fee"": 1.4058178610076316e-05, ""fee_pct_nav"": 6.541107629465025e-06, ""name"": ""工商银行""}, {""ts_code"": ""02318.HK"", ""side"": ""buy"", ""current_weight"": 0.0, ""target_weight"": 0.04230358492777733, ""post_trade_weight"": 0.04230719175818002, ""diff_weight"": 0.04230358492777733, ""gross_amount"": 0.09091905934742515, ""gross_amount_pct_nav"": 0.04230358492777733, ""fee"": 2.7275717804227545e-05, ""fee_pct_nav"": 1.2691075478333198e-05, ""name"": ""中国平安""}, {""ts_code"": ""03690.HK"", ""side"": ""buy"", ""current_weight"": 0.0, ""target_weight"": 0.06740065578004976, ""post_trade_weight"": 0.06740640240258408, ""diff_weight"": 0.06740065578004976, ""gross_amount"": 0.14485779948398547, ""gross_amount_pct_nav"": 0.06740065578004976, ""fee"": 4.345733984519564e-05, ""fee_pct_nav"": 2.022019673401493e-05, ""name"": ""美团-W""}]"
2024-10-14,0.09840464,0.19680928,0.19750697,0.20066686,0.00011945,0.00005925,0.00006020,0.00000000,rebalance,"[{""ts_code"": ""00005.HK"", ""side"": ""buy"", ""current_weight"": 0.05744386070042929, ""target_weight"": 0.0693650933865042, ""post_trade_weight"": 0.0693691891364752, ""diff_weight"": 0.011921232686074913, ""gross_amount"": 0.02411839006901241, ""gross_amount_pct_nav"": 0.011921232686074913, ""fee"": 7.2355170207037225e-06, ""fee_pct_nav"": 3.5763698058224735e-06, ""name"": ""汇丰控股""}, {""ts_code"": ""01211.HK"", ""side"": ""buy"", ""current_weight"": 0.0, ""target_weight"": 0.04413281209070451, ""post_trade_weight"": 0.04413541796860383, ""diff_weight"": 0.04413281209070451, ""gross_amount"": 0.0892871068685178, ""gross_amount_pct_nav"": 0.04413281209070451, ""fee"": 2.678613206055534e-05, ""fee_pct_nav"": 1.323984362721135e-05, ""name"": ""比亚迪股份""}, {""ts_code"": ""01810.HK"", ""side"": ""buy"", ""current_weight"": 0.0, ""target_weight"": 0.041569656772413144, ""post_trade_weight"": 0.04157211130555377, ""diff_weight"": 0.041569656772413144, ""gross_amount"": 0.08410147033227058, ""gross_amount_pct_nav"": 0.041569656772413144, ""fee"": 2.5230441099681172e-05, ""fee_pct_nav"": 1.2470897031723942e-05, ""name"": ""小米集团-W""}, {""ts_code"": ""02318.HK"", ""side"": ""sell"", ""current_weight"": 0.038503400868440334, ""target_weight"": 0.0, ""post_trade_weight"": 0.0, ""diff_weight"": -0.038503400868440334, ""gross_amount"": 0.07789798803384917, ""gross_amount_pct_nav"": 0.038503400868440334, ""fee"": 2.3369396410154752e-05, ""fee_pct_nav"": 1.1551020260532101e-05, ""name"": ""中国平安""}, {""ts_code"": ""02628.HK"", ""side"": ""sell"", ""current_weight"": 0.055280934758669284, ""target_weight"": 0.03864772392684037, ""post_trade_weight"": 0.038650005930747876, ""diff_weight"": -0.016633210831828914, ""gross_amount"": 0.03365140816442337, ""gross_amount_pct_nav"": 0.016633210831828914, ""fee"": 1.0095422449327011e-05, ""fee_pct_nav"": 4.989963249548674e-06, ""name"": ""中国人寿""}, {""ts_code"": ""03968.HK"", ""side"": ""sell"", ""current_weight"": 0.044048962933272984, ""target_weight"": 0.0, ""post_trade_weight"": 0.0, ""diff_weight"": -0.044048962933272984, ""gross_amount"": 0.08911746781028068, ""gross_amount_pct_nav"": 0.044048962933272984, ""fee"": 2.67352403430842e-05, ""fee_pct_nav"": 1.3214688879981895e-05, ""name"": ""招商银行""}]"
2024-10-21,0.02419595,0.04839191,0.04026147,0.05625950,0.00002896,0.00001208,0.00001688,0.00000000,rebalance,"[{""ts_code"": ""01211.HK"", ""side"": ""sell"", ""current_weight"": 0.044671868479446264, ""target_weight"": 0.03394002573871159, ""post_trade_weight"": 0.03394051847266047, ""diff_weight"": -0.010731842740734675, ""gross_amount"": 0.02140539316108707, ""gross_amount_pct_nav"": 0.010731842740734675, ""fee"": 6.42161794832612e-06, ""fee_pct_nav"": 3.2195528222204024e-06, ""name"": ""比亚迪股份""}, {""ts_code"": ""01288.HK"", ""side"": ""buy"", ""current_weight"": 0.1036233411186362, ""target_weight"": 0.12380889629216475, ""post_trade_weight"": 0.12381069372292823, ""diff_weight"": 0.02018555517352855, ""gross_amount"": 0.04026146814695261, ""gross_amount_pct_nav"": 0.02018555517352855, ""fee"": 1.2078440444085782e-05, ""fee_pct_nav"": 6.055666552058564e-06, ""name"": ""农业银行""}, {""ts_code"": ""03690.HK"", ""side"": ""sell"", ""current_weight"": 0.06172540776284944, ""target_weight"": 0.04425089623785742, ""post_trade_weight"": 0.044251538662792876, ""diff_weight"": -0.01747451152499202, ""gross_amount"": 0.03485410646865246, ""gross_amount_pct_nav"": 0.01747451152499202, ""fee"": 1.0456231940595737e-05, ""fee_pct_nav"": 5.242353457497606e-06, ""name"": ""美团-W""}]"
2024-10-28,0.01171501,0.02343001,0.02292873,0.02392136,0.00001406,0.00000688,0.00000718,0.00000000,rebalance,"[{""ts_code"": ""00700.HK"", ""side"": ""buy"", ""current_weight"": 0.1685319395431413, ""target_weight"": 0.17999873477939216, ""post_trade_weight"": 0.1800000000000005, ""diff_weight"": 0.011466795236250826, ""gross_amount"": 0.022928728552256417, ""gross_amount_pct_nav"": 0.011466795236250826, ""fee"": 6.878618565676924e-06, ""fee_pct_nav"": 3.4400385708752477e-06, ""name"": ""腾讯控股""}, {""ts_code"": ""01288.HK"", ""side"": ""sell"", ""current_weight"": 0.12349883066666018, ""target_weight"": 0.11153561463726976, ""post_trade_weight"": 0.11153639862699266, ""diff_weight"": -0.011963216029390425, ""gross_amount"": 0.023921359656159796, ""gross_amount_pct_nav"": 0.011963216029390425, ""fee"": 7.176407896847938e-06, ""fee_pct_nav"": 3.588964808817127e-06, ""name"": ""农业银行""}]"
2024-11-04,0.02118235,0.04236470,0.06168858,0.02382518,0.00002565,0.00001851,0.00000715,0.00000000,rebalance,"[{""ts_code"": ""00005.HK"", ""side"": ""buy"", ""current_weight"": 0.07334706497582079, ""target_weight"": 0.08368565088817553, ""post_trade_weight"": 0.08368671449703491, ""diff_weight"": 0.01033858591235475, ""gross_amount"": 0.02086858246446241, ""gross_amount_pct_nav"": 0.01033858591235475, ""fee"": 6.260574739338722e-06, ""fee_pct_nav"": 3.101575773706425e-06, ""name"": ""汇丰控股""}, {""ts_code"": ""00939.HK"", ""side"": ""buy"", ""current_weight"": 0.10978461347633627, ""target_weight"": 0.1199848624447346, ""post_trade_weight"": 0.11998638740106024, ""diff_weight"": 0.010200248968398336, ""gross_amount"": 0.020589347378802747, ""gross_amount_pct_nav"": 0.010200248968398336, ""fee"": 6.1768042136408234e-06, ""fee_pct_nav"": 3.0600746905195e-06, ""name"": ""建设银行""}, {""ts_code"": ""00941.HK"", ""side"": ""buy"", ""current_weight"": 0.06766080102498247, ""target_weight"": 0.0776833466373201, ""post_trade_weight"": 0.07768433395945756, ""diff_weight"": 0.010022545612337628, ""gross_amount"": 0.02023065063133625, ""gross_amount_pct_nav"": 0.010022545612337628, ""fee"": 6.069195189400874e-06, ""fee_pct_nav"": 3.006763683701288e-06, ""name"": ""中国移动""}, {""ts_code"": ""01398.HK"", ""side"": ""sell"", ""current_weight"": 0.14158834394723696, ""target_weight"": 0.12978502072489398, ""post_trade_weight"": 0.1297866702370432, ""diff_weight"": -0.011803323222342994, ""gross_amount"": 0.023825175522874442, ""gross_amount_pct_nav"": 0.011803323222342994, ""fee"": 7.147552656862332e-06, ""fee_pct_nav"": 3.540996966702898e-06, ""name"": ""工商银行""}]"
2024-11-11,0.00000000,0.00000000,0.00000000,0.00000000,0.00000000,0.00000000,0.00000000,0.00000000,rebalance,
2024-11-18,0.00624633,0.01249266,0.00000000,0.02477081,0.00000743,0.00000000,0.00000743,0.00000000,rebalance,"[{""ts_code"": ""00939.HK"", ""side"": ""sell"", ""current_weight"": 0.12074263519275734, ""target_weight"": 0.10824997086357714, ""post_trade_weight"": 0.10825037656426252, ""diff_weight"": -0.012492664329180208, ""gross_amount"": 0.024770807523526034, ""gross_amount_pct_nav"": 0.012492664329180208, ""fee"": 7.4312422570578095e-06, ""fee_pct_nav"": 3.747799298754062e-06, ""name"": ""建设银行""}]"
2024-11-25,0.00545790,0.01091580,0.00000000,0.02112300,0.00000634,0.00000000,0.00000634,0.00000000,rebalance,"[{""ts_code"": ""01088.HK"", ""side"": ""sell"", ""current_weight"": 0.05118802481641027, ""target_weight"": 0.04027222325120227, ""post_trade_weight"": 0.040272355132713426, ""diff_weight"": -0.010915801565208003, ""gross_amount"": 0.021122996268388455, ""gross_amount_pct_nav"": 0.010915801565208003, ""fee"": 6.336898880516536e-06, ""fee_pct_nav"": 3.2747404695624006e-06, ""name"": ""中国神华""}]"
2024-12-02,0.01800828,0.03601655,0.04856345,0.02203834,0.00002118,0.00001457,0.00000661,0.00000000,rebalance,"[{""ts_code"": ""01211.HK"", ""side"": ""buy"", ""current_weight"": 0.03121762733974843, ""target_weight"": 0.04192646471824797, ""post_trade_weight"": 0.041926917737163574, ""diff_weight"": 0.010708837378499543, ""gross_amount"": 0.020992100209450956, ""gross_amount_pct_nav"": 0.010708837378499543, ""fee"": 6.297630062835286e-06, ""fee_pct_nav"": 3.2126512135498626e-06, ""name"": ""比亚迪股份""}, {""ts_code"": ""01288.HK"", ""side"": ""sell"", ""current_weight"": 0.11434872437411302, ""target_weight"": 0.10310616361542067, ""post_trade_weight"": 0.10310727768603804, ""diff_weight"": -0.01124256075869235, ""gross_amount"": 0.022038336536059938, ""gross_amount_pct_nav"": 0.01124256075869235, ""fee"": 6.611500960817981e-06, ""fee_pct_nav"": 3.372768227607705e-06, ""name"": ""农业银行""}, {""ts_code"": ""03690.HK"", ""side"": ""buy"", ""current_weight"": 0.04159629725509255, ""target_weight"": 0.055661452051388956, ""post_trade_weight"": 0.0556620534779776, ""diff_weight"": 0.014065154796296405, ""gross_amount"": 0.027571353314047947, ""gross_amount_pct_nav"": 0.014065154796296405, ""fee"": 8.271405994214384e-06, ""fee_pct_nav"": 4.219546438888921e-06, ""name"": ""美团-W""}]"
2024-12-09,0.05140648,0.10281297,0.10163248,0.10983726,0.00006344,0.00003049,0.00003295,0.00000000,rebalance,"[{""ts_code"": ""00728.HK"", ""side"": ""buy"", ""current_weight"": 0.0, ""target_weight"": 0.034843097822384705, ""post_trade_weight"": 0.03484417255221859, ""diff_weight"": 0.034843097822384705, ""gross_amount"": 0.07166664747938271, ""gross_amount_pct_nav"": 0.034843097822384705, ""fee"": 2.1499994243814813e-05, ""fee_pct_nav"": 1.045292934671541e-05, ""name"": ""中国电信""}, {""ts_code"": ""01211.HK"", ""side"": ""sell"", ""current_weight"": 0.0421110218031392, ""target_weight"": 0.0, ""post_trade_weight"": 0.0, ""diff_weight"": -0.0421110218031392, ""gross_amount"": 0.0866155980144599, ""gross_amount_pct_nav"": 0.0421110218031392, ""fee"": 2.5984679404337965e-05, ""fee_pct_nav"": 1.2633306540941759e-05, ""name"": ""比亚迪股份""}, {""ts_code"": ""01288.HK"", ""side"": ""buy"", ""current_weight"": 0.10371017873195151, ""target_weight"": 0.11827905203546855, ""post_trade_weight"": 0.11828270033409556, ""diff_weight"": 0.014568873303517043, ""gross_amount"": 0.029965828886321627, ""gross_amount_pct_nav"": 0.014568873303517043, ""fee"": 8.989748665896487e-06, ""fee_pct_nav"": 4.370661991055112e-06, ""name"": ""农业银行""}, {""ts_code"": ""03690.HK"", ""side"": ""sell"", ""current_weight"": 0.054410486841853296, ""target_weight"": 0.04312051228708563, ""post_trade_weight"": 0.0431218423324577, ""diff_weight"": -0.011289974554767665, ""gross_amount"": 0.023221661592555787, ""gross_amount_pct_nav"": 0.011289974554767665, ""fee"": 6.9664984777667355e-06, ""fee_pct_nav"": 3.386992366430299e-06, ""name"": ""美团-W""}]"
2024-12-16,0.01221786,0.02443573,0.02332205,0.02644653,0.00001493,0.00000700,0.00000793,0.00000000,rebalance,"[{""ts_code"": ""00700.HK"", ""side"": ""sell"", ""current_weight"": 0.17180310463081333, ""target_weight"": 0.15881820452124093, ""post_trade_weight"": 0.15881936878119343, ""diff_weight"": -0.012984900109572383, ""gross_amount"": 0.026446525295614032, ""gross_amount_pct_nav"": 0.012984900109572383, ""fee"": 7.933957588684208e-06, ""fee_pct_nav"": 3.895470032871715e-06, ""name"": ""腾讯控股""}, {""ts_code"": ""01398.HK"", ""side"": ""buy"", ""current_weight"": 0.13050499327270343, ""target_weight"": 0.1419558187179045, ""post_trade_weight"": 0.1419568593635613, ""diff_weight"": 0.011450825445201061, ""gross_amount"": 0.023322054250453805, ""gross_amount_pct_nav"": 0.011450825445201061, ""fee"": 6.996616275136141e-06, ""fee_pct_nav"": 3.4352476335603183e-06, ""name"": ""工商银行""}]"
2024-12-23,0.05361140,0.10722280,0.14538516,0.07721190,0.00006678,0.00004362,0.00002316,0.00000000,rebalance,"[{""ts_code"": ""00700.HK"", ""side"": ""buy"", ""current_weight"": 0.16141954260496705, ""target_weight"": 0.17999420996881232, ""post_trade_weight"": 0.18000000000005054, ""diff_weight"": 0.01857466736384528, ""gross_amount"": 0.038561447092363754, ""gross_amount_pct_nav"": 0.01857466736384528, ""fee"": 1.1568434127709125e-05, ""fee_pct_nav"": 5.572400209153583e-06, ""name"": ""腾讯控股""}, {""ts_code"": ""00941.HK"", ""side"": ""buy"", ""current_weight"": 0.08007701239990371, ""target_weight"": 0.09263928198679705, ""post_trade_weight"": 0.09264226199563556, ""diff_weight"": 0.012562269586893339, ""gross_amount"": 0.02607956764695002, ""gross_amount_pct_nav"": 0.012562269586893339, ""fee"": 7.823870294085005e-06, ""fee_pct_nav"": 3.7686808760680016e-06, ""name"": ""中国移动""}, {""ts_code"": ""01088.HK"", ""side"": ""sell"", ""current_weight"": 0.037192206442540295, ""target_weight"": 0.0, ""post_trade_weight"": 0.0, ""diff_weight"": -0.037192206442540295, ""gross_amount"": 0.07721189687487284, ""gross_amount_pct_nav"": 0.037192206442540295, ""fee"": 2.316356906246185e-05, ""fee_pct_nav"": 1.1157661932762087e-05, ""name"": ""中国神华""}, {""ts_code"": ""03968.HK"", ""side"": ""buy"", ""current_weight"": 0.0, ""target_weight"": 0.03889365731422086, ""post_trade_weight"": 0.03889490844052574, ""diff_weight"": 0.03889365731422086, ""gross_amount"": 0.08074414897303284, ""gross_amount_pct_nav"": 0.03889365731422086, ""fee"": 2.422324469190985e-05, ""fee_pct_nav"": 1.1668097194266259e-05, ""name"": ""招商银行""}]"
2024-12-30,0.08122853,0.16245705,0.15844789,0.18346370,0.00010257,0.00004753,0.00005504,0.00000000,rebalance,"[{""ts_code"": ""00700.HK"", ""side"": ""sell"", ""current_weight"": 0.17704087524172368, ""target_weight"": 0.16130498015451666, ""post_trade_weight"": 0.161312842077227, ""diff_weight"": -0.01573589508720702, ""gross_amount"": 0.033118197483486767, ""gross_amount_pct_nav"": 0.01573589508720702, ""fee"": 9.93545924504603e-06, ""fee_pct_nav"": 4.720768526162105e-06, ""name"": ""腾讯控股""}, {""ts_code"": ""00883.HK"", ""side"": ""buy"", ""current_weight"": 0.0, ""target_weight"": 0.0450033807940419, ""post_trade_weight"": 0.0450055742359379, ""diff_weight"": 0.0450033807940419, ""gross_amount"": 0.09471535265720771, ""gross_amount_pct_nav"": 0.0450033807940419, ""fee"": 2.841460579716231e-05, ""fee_pct_nav"": 1.3501014238212568e-05, ""name"": ""中国海洋石油""}, {""ts_code"": ""02628.HK"", ""side"": ""sell"", ""current_weight"": 0.033933022352060624, ""target_weight"": 0.0, ""post_trade_weight"": 0.0, ""diff_weight"": -0.033933022352060624, ""gross_amount"": 0.0714163718834617, ""gross_amount_pct_nav"": 0.033933022352060624, ""fee"": 2.1424911565038507e-05, ""fee_pct_nav"": 1.0179906705618186e-05, ""name"": ""中国人寿""}, {""ts_code"": ""03328.HK"", ""side"": ""buy"", ""current_weight"": 0.0, ""target_weight"": 0.0302820965135023, ""post_trade_weight"": 0.030283572447488142, ""diff_weight"": 0.0302820965135023, ""gross_amount"": 0.06373253297573803, ""gross_amount_pct_nav"": 0.0302820965135023, ""fee"": 1.9119759892721407e-05, ""fee_pct_nav"": 9.08462895405069e-06, ""name"": ""交通银行""}, {""ts_code"": ""03690.HK"", ""side"": ""sell"", ""current_weight"": 0.037502658869648244, ""target_weight"": 0.0, ""post_trade_weight"": 0.0, ""diff_weight"": -0.037502658869648244, ""gross_amount"": 0.07892912705109391, ""gross_amount_pct_nav"": 0.037502658869648244, ""fee"": 2.3678738115328172e-05, ""fee_pct_nav"": 1.1250797660894473e-05, ""name"": ""美团-W""}]"
2025-01-06,0.03929502,0.07859004,0.10080678,0.06253755,0.00004900,0.00003024,0.00001876,0.00000000,rebalance,"[{""ts_code"": ""00700.HK"", ""side"": ""buy"", ""current_weight"": 0.15959536619972176, ""target_weight"": 0.17999575613782876, ""post_trade_weight"": 0.18000000000001656, ""diff_weight"": 0.020400389938107003, ""gross_amount"": 0.042400894885593565, ""gross_amount_pct_nav"": 0.020400389938107003, ""fee"": 1.2720268465678069e-05, ""fee_pct_nav"": 6.120116981432101e-06, ""name"": ""腾讯控股""}, {""ts_code"": ""01658.HK"", ""side"": ""buy"", ""current_weight"": 0.0, ""target_weight"": 0.028100890231832702, ""post_trade_weight"": 0.02810155278248421, ""diff_weight"": 0.028100890231832702, ""gross_amount"": 0.05840588814853328, ""gross_amount_pct_nav"": 0.028100890231832702, ""fee"": 1.7521766444559983e-05, ""fee_pct_nav"": 8.43026706954981e-06, ""name"": ""邮储银行""}, {""ts_code"": ""03328.HK"", ""side"": ""sell"", ""current_weight"": 0.03008876034473471, ""target_weight"": 0.0, ""post_trade_weight"": 0.0, ""diff_weight"": -0.03008876034473471, ""gross_amount"": 0.06253754798244292, ""gross_amount_pct_nav"": 0.03008876034473471, ""fee"": 1.8761264394732872e-05, ""fee_pct_nav"": 9.026628103420411e-06, ""name"": ""交通银行""}]"
2025-01-13,0.03479780,0.06959559,0.05540367,0.08416827,0.00004187,0.00001662,0.00002525,0.00000000,rebalance,"[{""ts_code"": ""00005.HK"", ""side"": ""buy"", ""current_weight"": 0.08912284797895736, ""target_weight"": 0.10077995295840936, ""post_trade_weight"": 0.10078205715456114, ""diff_weight"": 0.011657104979452002, ""gross_amount"": 0.023377984846409267, ""gross_amount_pct_nav"": 0.011657104979452002, ""fee"": 7.01339545392278e-06, ""fee_pct_nav"": 3.4971314938356003e-06, ""name"": ""汇丰控股""}, {""ts_code"": ""00700.HK"", ""side"": ""sell"", ""current_weight"": 0.16676914468538503, ""target_weight"": 0.13630195456566216, ""post_trade_weight"": 0.13630480042974383, ""diff_weight"": -0.030467190119722883, ""gross_amount"": 0.06110106327317599, ""gross_amount_pct_nav"": 0.030467190119722883, ""fee"": 1.8330318981952796e-05, ""fee_pct_nav"": 9.140157035916863e-06, ""name"": ""腾讯控股""}, {""ts_code"": ""01810.HK"", ""side"": ""sell"", ""current_weight"": 0.058283961694980214, ""target_weight"": 0.046781819851386415, ""post_trade_weight"": 0.046782796614347845, ""diff_weight"": -0.011502141843593798, ""gross_amount"": 0.023067210786449188, ""gross_amount_pct_nav"": 0.011502141843593798, ""fee"": 6.920163235934756e-06, ""fee_pct_nav"": 3.4506425530781394e-06, ""name"": ""小米集团-W""}, {""ts_code"": ""03968.HK"", ""side"": ""buy"", ""current_weight"": 0.03938668034473619, ""target_weight"": 0.055355837802496796, ""post_trade_weight"": 0.0553569935833586, ""diff_weight"": 0.015969157457760605, ""gross_amount"": 0.03202568062272018, ""gross_amount_pct_nav"": 0.015969157457760605, ""fee"": 9.607704186816054e-06, ""fee_pct_nav"": 4.790747237328181e-06, ""name"": ""招商银行""}]"
2025-01-20,0.00000000,0.00000000,0.00000000,0.00000000,0.00000000,0.00000000,0.00000000,0.00000000,rebalance,
2025-01-27,0.00707594,0.01415188,0.00000000,0.03038954,0.00000912,0.00000000,0.00000912,0.00000000,rebalance,"[{""ts_code"": ""01288.HK"", ""side"": ""sell"", ""current_weight"": 0.12072537981920015, ""target_weight"": 0.10657350179309269, ""post_trade_weight"": 0.10657395425957313, ""diff_weight"": -0.014151878026107456, ""gross_amount"": 0.03038954000916283, ""gross_amount_pct_nav"": 0.014151878026107456, ""fee"": 9.116862002748847e-06, ""fee_pct_nav"": 4.245563407832236e-06, ""name"": ""农业银行""}]"
2025-02-03,0.09500030,0.19000059,0.20353587,0.20180317,0.00012160,0.00006106,0.00006054,0.00000000,rebalance,"[{""ts_code"": ""00700.HK"", ""side"": ""buy"", ""current_weight"": 0.1415044785574378, ""target_weight"": 0.17731374983569828, ""post_trade_weight"": 0.17732385732699546, ""diff_weight"": 0.03580927127826048, ""gross_amount"": 0.07639395077476635, ""gross_amount_pct_nav"": 0.03580927127826048, ""fee"": 2.2918185232429902e-05, ""fee_pct_nav"": 1.0742781383478142e-05, ""name"": ""腾讯控股""}, {""ts_code"": ""00728.HK"", ""side"": ""sell"", ""current_weight"": 0.034744322839825086, ""target_weight"": 0.0, ""post_trade_weight"": 0.0, ""diff_weight"": -0.034744322839825086, ""gross_amount"": 0.07412203582985408, ""gross_amount_pct_nav"": 0.034744322839825086, ""fee"": 2.2236610748956223e-05, ""fee_pct_nav"": 1.0423296851947525e-05, ""name"": ""中国电信""}, {""ts_code"": ""00941.HK"", ""side"": ""sell"", ""current_weight"": 0.0903876535200209, ""target_weight"": 0.07743531104133673, ""post_trade_weight"": 0.07743972511939423, ""diff_weight"": -0.012952342478684176, ""gross_amount"": 0.027631967320575435, ""gross_amount_pct_nav"": 0.012952342478684176, ""fee"": 8.28959019617263e-06, ""fee_pct_nav"": 3.885702743605252e-06, ""name"": ""中国移动""}, {""ts_code"": ""01211.HK"", ""side"": ""buy"", ""current_weight"": 0.0, ""target_weight"": 0.03339913725264523, ""post_trade_weight"": 0.033401041117909064, ""diff_weight"": 0.03339913725264523, ""gross_amount"": 0.07125227507065285, ""gross_amount_pct_nav"": 0.03339913725264523, ""fee"": 2.1375682521195852e-05, ""fee_pct_nav"": 1.0019741175793566e-05, ""name"": ""比亚迪股份""}, {""ts_code"": ""01398.HK"", ""side"": ""sell"", ""current_weight"": 0.15168657065751517, ""target_weight"": 0.13240877485410107, ""post_trade_weight"": 0.13241632260795969, ""diff_weight"": -0.01927779580341408, ""gross_amount"": 0.04112641589961874, ""gross_amount_pct_nav"": 0.01927779580341408, ""fee"": 1.2337924769885622e-05, ""fee_pct_nav"": 5.7833387410242234e-06, ""name"": ""工商银行""}, {""ts_code"": ""01658.HK"", ""side"": ""sell"", ""current_weight"": 0.027619737897074163, ""target_weight"": 0.0, ""post_trade_weight"": 0.0, ""diff_weight"": -0.027619737897074163, ""gross_amount"": 0.05892275441533446, ""gross_amount_pct_nav"": 0.027619737897074163, ""fee"": 1.7676826324600336e-05, ""fee_pct_nav"": 8.285921369122248e-06, ""name"": ""邮储银行""}, {""ts_code"": ""03328.HK"", ""side"": ""buy"", ""current_weight"": 0.0, ""target_weight"": 0.026197983262021173, ""post_trade_weight"": 0.026199476636833162, ""diff_weight"": 0.026197983262021173, ""gross_amount"": 0.055889644560625625, ""gross_amount_pct_nav"": 0.026197983262021173, ""fee"": 1.6766893368187686e-05, ""fee_pct_nav"": 7.859394978606351e-06, ""name"": ""交通银行""}]"
2025-02-10,0.08738851,0.17477703,0.21056663,0.17944309,0.00011700,0.00006317,0.00005383,0.00000000,rebalance,"[{""ts_code"": ""00883.HK"", ""side"": ""sell"", ""current_weight"": 0.041770107092246905, ""target_weight"": 0.0, ""post_trade_weight"": 0.0, ""diff_weight"": -0.041770107092246905, ""gross_amount"": 0.09320874577506759, ""gross_amount_pct_nav"": 0.041770107092246905, ""fee"": 2.7962623732520275e-05, ""fee_pct_nav"": 1.253103212767407e-05, ""name"": ""中国海洋石油""}, {""ts_code"": ""00939.HK"", ""side"": ""sell"", ""current_weight"": 0.10517342316536148, ""target_weight"": 0.09197757183066282, ""post_trade_weight"": 0.09198239475350192, ""diff_weight"": -0.013195851334698644, ""gross_amount"": 0.029446147926439264, ""gross_amount_pct_nav"": 0.013195851334698644, ""fee"": 8.833844377931778e-06, ""fee_pct_nav"": 3.958755400409592e-06, ""name"": ""建设银行""}, {""ts_code"": ""01398.HK"", ""side"": ""buy"", ""current_weight"": 0.13018324302892717, ""target_weight"": 0.14020898546230295, ""post_trade_weight"": 0.1402163374406687, ""diff_weight"": 0.010025742433375794, ""gross_amount"": 0.022372144644376202, ""gross_amount_pct_nav"": 0.010025742433375794, ""fee"": 6.71164339331286e-06, ""fee_pct_nav"": 3.007722730012738e-06, ""name"": ""工商银行""}, {""ts_code"": ""02628.HK"", ""side"": ""buy"", ""current_weight"": 0.0, ""target_weight"": 0.04302011782875154, ""post_trade_weight"": 0.04302237362551468, ""diff_weight"": 0.04302011782875154, ""gross_amount"": 0.09599810737995063, ""gross_amount_pct_nav"": 0.04302011782875154, ""fee"": 2.8799432213985186e-05, ""fee_pct_nav"": 1.2906035348625463e-05, ""name"": ""中国人寿""}, {""ts_code"": ""03328.HK"", ""side"": ""sell"", ""current_weight"": 0.025448779913817686, ""target_weight"": 0.0, ""post_trade_weight"": 0.0, ""diff_weight"": -0.025448779913817686, ""gross_amount"": 0.05678819190082861, ""gross_amount_pct_nav"": 0.025448779913817686, ""fee"": 1.703645757024858e-05, ""fee_pct_nav"": 7.634633974145306e-06, ""name"": ""交通银行""}, {""ts_code"": ""03690.HK"", ""side"": ""buy"", ""current_weight"": 0.0, ""target_weight"": 0.04131642809601653, ""post_trade_weight"": 0.04131859455834781, ""diff_weight"": 0.04131642809601653, ""gross_amount"": 0.0921963746521079, ""gross_amount_pct_nav"": 0.04131642809601653, ""fee"": 2.7658912395632366e-05, ""fee_pct_nav"": 1.2394928428804958e-05, ""name"": ""美团-W""}]"
2025-02-17,0.04851293,0.09702586,0.09596681,0.13363905,0.00006888,0.00002879,0.00004009,0.00000000,rebalance,"[{""ts_code"": ""00700.HK"", ""side"": ""sell"", ""current_weight"": 0.19520425967056398, ""target_weight"": 0.17999476060337688, ""post_trade_weight"": 0.18000000000000912, ""diff_weight"": -0.015209499067187111, ""gross_amount"": 0.03599236328465466, ""gross_amount_pct_nav"": 0.015209499067187111, ""fee"": 1.0797708985396398e-05, ""fee_pct_nav"": 4.562849720156133e-06, ""name"": ""腾讯控股""}, {""ts_code"": ""02318.HK"", ""side"": ""buy"", ""current_weight"": 0.0, ""target_weight"": 0.04055324443527758, ""post_trade_weight"": 0.04055442488370624, ""diff_weight"": 0.04055324443527758, ""gross_amount"": 0.09596680992833347, ""gross_amount_pct_nav"": 0.04055324443527758, ""fee"": 2.879004297850004e-05, ""fee_pct_nav"": 1.2165973330583274e-05, ""name"": ""中国平安""}, {""ts_code"": ""02628.HK"", ""side"": ""sell"", ""current_weight"": 0.04126312005752888, ""target_weight"": 0.0, ""post_trade_weight"": 0.0, ""diff_weight"": -0.04126312005752888, ""gross_amount"": 0.09764668782372785, ""gross_amount_pct_nav"": 0.04126312005752888, ""fee"": 2.929400634711835e-05, ""fee_pct_nav"": 1.2378936017258663e-05, ""name"": ""中国人寿""}]"
2025-02-24,0.06875200,0.13750400,0.15975611,0.17019036,0.00009898,0.00004793,0.00005106,0.00000000,rebalance,"[{""ts_code"": ""00005.HK"", ""side"": ""sell"", ""current_weight"": 0.0959742349587881, ""target_weight"": 0.08074732366731509, ""post_trade_weight"": 0.08075065472862869, ""diff_weight"": -0.015226911291473012, ""gross_amount"": 0.03653759746827967, ""gross_amount_pct_nav"": 0.015226911291473012, ""fee"": 1.09612792404839e-05, ""fee_pct_nav"": 4.568073387441903e-06, ""name"": ""汇丰控股""}, {""ts_code"": ""00788.HK"", ""side"": ""buy"", ""current_weight"": 0.0, ""target_weight"": 0.06657777918008115, ""post_trade_weight"": 0.06658052570658506, ""diff_weight"": 0.06657777918008115, ""gross_amount"": 0.15975610873730212, ""gross_amount_pct_nav"": 0.06657777918008115, ""fee"": 4.792683262119063e-05, ""fee_pct_nav"": 1.997333375402434e-05, ""name"": ""中国铁塔""}, {""ts_code"": ""01398.HK"", ""side"": ""sell"", ""current_weight"": 0.13375010096010953, ""target_weight"": 0.11737069127355963, ""post_trade_weight"": 0.1173755331550152, ""diff_weight"": -0.016379409686549894, ""gross_amount"": 0.03930306458344823, ""gross_amount_pct_nav"": 0.016379409686549894, ""fee"": 1.1790919375034469e-05, ""fee_pct_nav"": 4.913822905964968e-06, ""name"": ""工商银行""}, {""ts_code"": ""03690.HK"", ""side"": ""sell"", ""current_weight"": 0.039319895930938924, ""target_weight"": 0.0, ""post_trade_weight"": 0.0, ""diff_weight"": -0.039319895930938924, ""gross_amount"": 0.09434970116518726, ""gross_amount_pct_nav"": 0.039319895930938924, ""fee"": 2.8304910349556177e-05, ""fee_pct_nav"": 1.1795968779281678e-05, ""name"": ""美团-W""}]"
2025-03-03,0.06774941,0.13549882,0.15612864,0.16555703,0.00009651,0.00004684,0.00004967,0.00000000,rebalance,"[{""ts_code"": ""00005.HK"", ""side"": ""buy"", ""current_weight"": 0.08679719638560518, ""target_weight"": 0.10215838162313, ""post_trade_weight"": 0.10216253449408665, ""diff_weight"": 0.015361185237524817, ""gross_amount"": 0.0364687535650044, ""gross_amount_pct_nav"": 0.015361185237524817, ""fee"": 1.0940626069501318e-05, ""fee_pct_nav"": 4.608355571257444e-06, ""name"": ""汇丰控股""}, {""ts_code"": ""00700.HK"", ""side"": ""sell"", ""current_weight"": 0.17563493217880619, ""target_weight"": 0.14563964930758858, ""post_trade_weight"": 0.1456455697485758, ""diff_weight"": -0.02999528287121761, ""gross_amount"": 0.07121133963483756, ""gross_amount_pct_nav"": 0.02999528287121761, ""fee"": 2.1363401890451265e-05, ""fee_pct_nav"": 8.998584861365282e-06, ""name"": ""腾讯控股""}, {""ts_code"": ""01211.HK"", ""side"": ""sell"", ""current_weight"": 0.03973981889342883, ""target_weight"": 0.0, ""post_trade_weight"": 0.0, ""diff_weight"": -0.03973981889342883, ""gross_amount"": 0.09434569270098096, ""gross_amount_pct_nav"": 0.03973981889342883, ""fee"": 2.8303707810294286e-05, ""fee_pct_nav"": 1.1921945668028648e-05, ""name"": ""比亚迪股份""}, {""ts_code"": ""01398.HK"", ""side"": ""buy"", ""current_weight"": 0.11756431570041286, ""target_weight"": 0.1288548015439637, ""post_trade_weight"": 0.12886003965907922, ""diff_weight"": 0.011290485843550857, ""gross_amount"": 0.02680456875500664, ""gross_amount_pct_nav"": 0.011290485843550857, ""fee"": 8.041370626501992e-06, ""fee_pct_nav"": 3.387145753065257e-06, ""name"": ""工商银行""}, {""ts_code"": ""02628.HK"", ""side"": ""buy"", ""current_weight"": 0.0, ""target_weight"": 0.03911205025396479, ""post_trade_weight"": 0.03911364020962945, ""diff_weight"": 0.03911205025396479, ""gross_amount"": 0.09285531683125145, ""gross_amount_pct_nav"": 0.03911205025396479, ""fee"": 2.7856595049375434e-05, ""fee_pct_nav"": 1.1733615076189436e-05, ""name"": ""中国人寿""}]"
2025-03-10,0.07996579,0.15993157,0.22715169,0.16368281,0.00011725,0.00006815,0.00004910,0.00000000,rebalance,"[{""ts_code"": ""00005.HK"", ""side"": ""sell"", ""current_weight"": 0.09870524647321541, ""target_weight"": 0.08517367797452337, ""post_trade_weight"": 0.08517776475865811, ""diff_weight"": -0.013531568498692038, ""gross_amount"": 0.033067916258115115, ""gross_amount_pct_nav"": 0.013531568498692038, ""fee"": 9.920374877434533e-06, ""fee_pct_nav"": 4.059470549607611e-06, ""name"": ""汇丰控股""}, {""ts_code"": ""00700.HK"", ""side"": ""buy"", ""current_weight"": 0.15123786221368035, ""target_weight"": 0.17999136369516006, ""post_trade_weight"": 0.18000000000002597, ""diff_weight"": 0.028753501481479708, ""gross_amount"": 0.07026667893001953, ""gross_amount_pct_nav"": 0.028753501481479708, ""fee"": 2.108000367900586e-05, ""fee_pct_nav"": 8.626050444443912e-06, ""name"": ""腾讯控股""}, {""ts_code"": ""00788.HK"", ""side"": ""sell"", ""current_weight"": 0.06332001750036488, ""target_weight"": 0.05010370707625005, ""post_trade_weight"": 0.05010611114098038, ""diff_weight"": -0.01321631042411483, ""gross_amount"": 0.03229750094293407, ""gross_amount_pct_nav"": 0.01321631042411483, ""fee"": 9.689250282880221e-06, ""fee_pct_nav"": 3.964893127234449e-06, ""name"": ""中国铁塔""}, {""ts_code"": ""00941.HK"", ""side"": ""buy"", ""current_weight"": 0.07396343821363109, ""target_weight"": 0.09152386020502226, ""post_trade_weight"": 0.0915282516821632, ""diff_weight"": 0.01756042199139116, ""gross_amount"": 0.04291347037297377, ""gross_amount_pct_nav"": 0.01756042199139116, ""fee"": 1.287404111189213e-05, ""fee_pct_nav"": 5.268126597417348e-06, ""name"": ""中国移动""}, {""ts_code"": ""02628.HK"", ""side"": ""sell"", ""current_weight"": 0.04023200449309989, ""target_weight"": 0.0, ""post_trade_weight"": 0.0, ""diff_weight"": -0.04023200449309989, ""gross_amount"": 0.09831739429191329, ""gross_amount_pct_nav"": 0.04023200449309989, ""fee"": 2.9495218287573985e-05, ""fee_pct_nav"": 1.2069601347929965e-05, ""name"": ""中国人寿""}, {""ts_code"": ""03690.HK"", ""side"": ""buy"", ""current_weight"": 0.0, ""target_weight"": 0.04663776470252292, ""post_trade_weight"": 0.046640002465190906, ""diff_weight"": 0.04663776470252292, ""gross_amount"": 0.11397153979583191, ""gross_amount_pct_nav"": 0.04663776470252292, ""fee"": 3.419146193874957e-05, ""fee_pct_nav"": 1.3991329410756876e-05, ""name"": ""美团-W""}]"
2025-03-17,0.09594795,0.19189590,0.23230705,0.24862294,0.00014428,0.00006969,0.00007459,0.00000000,rebalance,"[{""ts_code"": ""00788.HK"", ""side"": ""buy"", ""current_weight"": 0.051023023316098336, ""target_weight"": 0.06118160602467049, ""post_trade_weight"": 0.061185128377254795, ""diff_weight"": 0.010158582708572155, ""gross_amount"": 0.02545946579214911, ""gross_amount_pct_nav"": 0.010158582708572155, ""fee"": 7.637839737644732e-06, ""fee_pct_nav"": 3.0475748125716464e-06, ""name"": ""中国铁塔""}, {""ts_code"": ""01211.HK"", ""side"": ""buy"", ""current_weight"": 0.0, ""target_weight"": 0.040506759175625205, ""post_trade_weight"": 0.04050909123418226, ""diff_weight"": 0.040506759175625205, ""gross_amount"": 0.10151814275355782, ""gross_amount_pct_nav"": 0.040506759175625205, ""fee"": 3.045544282606734e-05, ""fee_pct_nav"": 1.215202775268756e-05, ""name"": ""比亚迪股份""}, {""ts_code"": ""01398.HK"", ""side"": ""sell"", ""current_weight"": 0.12493669250360184, ""target_weight"": 0.11216859660478518, ""post_trade_weight"": 0.11217505438469323, ""diff_weight"": -0.012768095898816665, ""gross_amount"": 0.03199943437902003, ""gross_amount_pct_nav"": 0.012768095898816665, ""fee"": 9.599830313706009e-06, ""fee_pct_nav"": 3.830428769645e-06, ""name"": ""工商银行""}, {""ts_code"": ""02318.HK"", ""side"": ""sell"", ""current_weight"": 0.040907164686513904, ""target_weight"": 0.0, ""post_trade_weight"": 0.0, ""diff_weight"": -0.040907164686513904, ""gross_amount"": 0.10252164006217909, ""gross_amount_pct_nav"": 0.040907164686513904, ""fee"": 3.0756492018653726e-05, ""fee_pct_nav"": 1.2272149405954172e-05, ""name"": ""中国平安""}, {""ts_code"": ""02628.HK"", ""side"": ""buy"", ""current_weight"": 0.0, ""target_weight"": 0.04202750580952123, ""post_trade_weight"": 0.042029925420631796, ""diff_weight"": 0.04202750580952123, ""gross_amount"": 0.10532944183089175, ""gross_amount_pct_nav"": 0.04202750580952123, ""fee"": 3.159883254926752e-05, ""fee_pct_nav"": 1.2608251742856365e-05, ""name"": ""中国人寿""}, {""ts_code"": ""03690.HK"", ""side"": ""sell"", ""current_weight"": 0.045527791793774315, ""target_weight"": 0.0, ""post_trade_weight"": 0.0, ""diff_weight"": -0.045527791793774315, ""gross_amount"": 0.11410186745711931, ""gross_amount_pct_nav"": 0.045527791793774315, ""fee"": 3.423056023713579e-05, ""fee_pct_nav"": 1.3658337538132294e-05, ""name"": ""美团-W""}]"
2025-03-24,0.04551082,0.09102165,0.09074616,0.13604590,0.00006804,0.00002722,0.00004081,0.00000000,rebalance,"[{""ts_code"": ""00788.HK"", ""side"": ""sell"", ""current_weight"": 0.054601214350877766, ""target_weight"": 0.0, ""post_trade_weight"": 0.0, ""diff_weight"": -0.054601214350877766, ""gross_amount"": 0.13604589636109377, ""gross_amount_pct_nav"": 0.054601214350877766, ""fee"": 4.0813768908328125e-05, ""fee_pct_nav"": 1.6380364305263327e-05, ""name"": ""中国铁塔""}, {""ts_code"": ""03690.HK"", ""side"": ""buy"", ""current_weight"": 0.0, ""target_weight"": 0.03642043201870067, ""post_trade_weight"": 0.036421426560163256, ""diff_weight"": 0.03642043201870067, ""gross_amount"": 0.09074615608366517, ""gross_amount_pct_nav"": 0.03642043201870067, ""fee"": 2.722384682509955e-05, ""fee_pct_nav"": 1.09261296056102e-05, ""name"": ""美团-W""}]"
2025-03-31,0.03465752,0.06931504,0.08137727,0.08532439,0.00005001,0.00002441,0.00002560,0.00000000,rebalance,"[{""ts_code"": ""02318.HK"", ""side"": ""buy"", ""current_weight"": 0.0, ""target_weight"": 0.03383690676570108, ""post_trade_weight"": 0.03383761040226082, ""diff_weight"": 0.03383690676570108, ""gross_amount"": 0.08137727075580224, ""gross_amount_pct_nav"": 0.03383690676570108, ""fee"": 2.441318122674067e-05, ""fee_pct_nav"": 1.0151072029710323e-05, ""name"": ""中国平安""}, {""ts_code"": ""03690.HK"", ""side"": ""sell"", ""current_weight"": 0.03547812970549886, ""target_weight"": 0.0, ""post_trade_weight"": 0.0, ""diff_weight"": -0.03547812970549886, ""gross_amount"": 0.08532438815832852, ""gross_amount_pct_nav"": 0.03547812970549886, ""fee"": 2.559731644749855e-05, ""fee_pct_nav"": 1.0643438911649656e-05, ""name"": ""美团-W""}]"
2025-04-07,0.00682051,0.01364102,0.02877008,0.00000000,0.00000863,0.00000863,0.00000000,0.00000000,rebalance,"[{""ts_code"": ""01398.HK"", ""side"": ""buy"", ""current_weight"": 0.11889820111216715, ""target_weight"": 0.13253921870484292, ""post_trade_weight"": 0.13253976109800678, ""diff_weight"": 0.013641017592675766, ""gross_amount"": 0.028770077106290592, ""gross_amount_pct_nav"": 0.013641017592675766, ""fee"": 8.631023131887177e-06, ""fee_pct_nav"": 4.09230527780273e-06, ""name"": ""工商银行""}]"
2025-04-14,0.05362894,0.10725789,0.11538519,0.12678174,0.00007265,0.00003462,0.00003803,0.00000000,rebalance,"[{""ts_code"": ""00005.HK"", ""side"": ""sell"", ""current_weight"": 0.08218996710832938, ""target_weight"": 0.06447251456310289, ""post_trade_weight"": 0.0644745891856137, ""diff_weight"": -0.017717452545226484, ""gross_amount"": 0.040002474605635746, ""gross_amount_pct_nav"": 0.017717452545226484, ""fee"": 1.2000742381690722e-05, ""fee_pct_nav"": 5.315235763567945e-06, ""name"": ""汇丰控股""}, {""ts_code"": ""00728.HK"", ""side"": ""buy"", ""current_weight"": 0.0, ""target_weight"": 0.03731863302779226, ""post_trade_weight"": 0.037319833881779056, ""diff_weight"": 0.03731863302779226, ""gross_amount"": 0.08425803123787715, ""gross_amount_pct_nav"": 0.03731863302779226, ""fee"": 2.527740937136314e-05, ""fee_pct_nav"": 1.1195589908337675e-05, ""name"": ""中国电信""}, {""ts_code"": ""01398.HK"", ""side"": ""buy"", ""current_weight"": 0.1306875387270981, ""target_weight"": 0.1444740338515651, ""post_trade_weight"": 0.14447868279514806, ""diff_weight"": 0.013786495124467004, ""gross_amount"": 0.03112715666710214, ""gross_amount_pct_nav"": 0.013786495124467004, ""fee"": 9.338147000130641e-06, ""fee_pct_nav"": 4.1359485373401005e-06, ""name"": ""工商银行""}, {""ts_code"": ""02628.HK"", ""side"": ""sell"", ""current_weight"": 0.03843530890995578, ""target_weight"": 0.0, ""post_trade_weight"": 0.0, ""diff_weight"": -0.03843530890995578, ""gross_amount"": 0.08677926269058998, ""gross_amount_pct_nav"": 0.03843530890995578, ""fee"": 2.6033778807176992e-05, ""fee_pct_nav"": 1.1530592672986732e-05, ""name"": ""中国人寿""}]"
2025-04-22,0.00000000,0.00000000,0.00000000,0.00000000,0.00000000,0.00000000,0.00000000,0.00000000,rebalance,
2025-04-28,0.04764095,0.09528190,0.14580254,0.07819838,0.00006720,0.00004374,0.00002346,0.00000000,rebalance,"[{""ts_code"": ""00728.HK"", ""side"": ""sell"", ""current_weight"": 0.03326276431135666, ""target_weight"": 0.0, ""post_trade_weight"": 0.0, ""diff_weight"": -0.03326276431135666, ""gross_amount"": 0.078198378306386, ""gross_amount_pct_nav"": 0.03326276431135666, ""fee"": 2.3459513491915797e-05, ""fee_pct_nav"": 9.978829293406998e-06, ""name"": ""中国电信""}, {""ts_code"": ""00788.HK"", ""side"": ""buy"", ""current_weight"": 0.0, ""target_weight"": 0.06201913110478297, ""post_trade_weight"": 0.06202090394556799, ""diff_weight"": 0.06201913110478297, ""gross_amount"": 0.14580253856740763, ""gross_amount_pct_nav"": 0.06201913110478297, ""fee"": 4.374076157022229e-05, ""fee_pct_nav"": 1.8605739331434892e-05, ""name"": ""中国铁塔""}]"
2025-05-06,0.00000000,0.00000000,0.00000000,0.00000000,0.00000000,0.00000000,0.00000000,0.00000000,rebalance,
2025-05-12,0.00509974,0.01019949,0.00000000,0.02503479,0.00000751,0.00000000,0.00000751,0.00000000,rebalance,"[{""ts_code"": ""01398.HK"", ""side"": ""sell"", ""current_weight"": 0.1373918157051821, ""target_weight"": 0.1271923280969997, ""post_trade_weight"": 0.12719271728716286, ""diff_weight"": -0.010199487608182388, ""gross_amount"": 0.02503478855580943, ""gross_amount_pct_nav"": 0.010199487608182388, ""fee"": 7.5104365667428276e-06, ""fee_pct_nav"": 3.059846282454716e-06, ""name"": ""工商银行""}]"
2025-05-19,0.03775987,0.07551975,0.06751622,0.12064033,0.00005645,0.00002025,0.00003619,0.00000000,rebalance,"[{""ts_code"": ""02318.HK"", ""side"": ""sell"", ""current_weight"": 0.03342354975679838, ""target_weight"": 0.0, ""post_trade_weight"": 0.0, ""diff_weight"": -0.03342354975679838, ""gross_amount"": 0.08327437428555182, ""gross_amount_pct_nav"": 0.03342354975679838, ""fee"": 2.4982312285665544e-05, ""fee_pct_nav"": 1.0027064927039511e-05, ""name"": ""中国平安""}, {""ts_code"": ""03328.HK"", ""side"": ""buy"", ""current_weight"": 0.0, ""target_weight"": 0.02709875161563191, ""post_trade_weight"": 0.027099365576789332, ""diff_weight"": 0.02709875161563191, ""gross_amount"": 0.06751621539696971, ""gross_amount_pct_nav"": 0.02709875161563191, ""fee"": 2.0254864619090912e-05, ""fee_pct_nav"": 8.129625484689572e-06, ""name"": ""交通银行""}, {""ts_code"": ""03988.HK"", ""side"": ""sell"", ""current_weight"": 0.09410925268748752, ""target_weight"": 0.07911180856612829, ""post_trade_weight"": 0.07911360095783113, ""diff_weight"": -0.01499744412135923, ""gross_amount"": 0.037365952574642064, ""gross_amount_pct_nav"": 0.01499744412135923, ""fee"": 1.1209785772392619e-05, ""fee_pct_nav"": 4.499233236407769e-06, ""name"": ""中国银行""}]"
2025-05-26,0.05158612,0.10317224,0.15611509,0.09228252,0.00007452,0.00004683,0.00002768,0.00000000,rebalance,"[{""ts_code"": ""01211.HK"", ""side"": ""buy"", ""current_weight"": 0.015442524345007026, ""target_weight"": 0.054310034847664106, ""post_trade_weight"": 0.05431171588612714, ""diff_weight"": 0.038867510502657084, ""gross_amount"": 0.0935774649278936, ""gross_amount_pct_nav"": 0.038867510502657084, ""fee"": 2.8073239478368075e-05, ""fee_pct_nav"": 1.1660253150797125e-05, ""name"": ""比亚迪股份""}, {""ts_code"": ""01658.HK"", ""side"": ""buy"", ""current_weight"": 0.0, ""target_weight"": 0.025975078254569815, ""post_trade_weight"": 0.025975882251579735, ""diff_weight"": 0.025975078254569815, ""gross_amount"": 0.06253762957625317, ""gross_amount_pct_nav"": 0.025975078254569815, ""fee"": 1.876128887287595e-05, ""fee_pct_nav"": 7.792523476370945e-06, ""name"": ""邮储银行""}, {""ts_code"": ""01810.HK"", ""side"": ""sell"", ""current_weight"": 0.06094701607474901, ""target_weight"": 0.050819863223266426, ""post_trade_weight"": 0.05082143623173537, ""diff_weight"": -0.010127152851482586, ""gross_amount"": 0.02438214535799106, ""gross_amount_pct_nav"": 0.010127152851482586, ""fee"": 7.3146436073973175e-06, ""fee_pct_nav"": 3.0381458554447755e-06, ""name"": ""小米集团-W""}, {""ts_code"": ""03328.HK"", ""side"": ""sell"", ""current_weight"": 0.02820250128604057, ""target_weight"": 0.0, ""post_trade_weight"": 0.0, ""diff_weight"": -0.02820250128604057, ""gross_amount"": 0.06790037593976898, ""gross_amount_pct_nav"": 0.02820250128604057, ""fee"": 2.0370112781930692e-05, ""fee_pct_nav"": 8.460750385812171e-06, ""name"": ""交通银行""}]"
2025-06-02,0.13983742,0.27967483,0.31731176,0.41802354,0.00022060,0.00009519,0.00012541,0.00000000,rebalance,"[{""ts_code"": ""00700.HK"", ""side"": ""buy"", ""current_weight"": 0.1628474374109418, ""target_weight"": 0.1799848975591032, ""post_trade_weight"": 0.1799999999999999, ""diff_weight"": 0.017137460148161417, ""gross_amount"": 0.045058682280755324, ""gross_amount_pct_nav"": 0.017137460148161417, ""fee"": 1.3517604684226596e-05, ""fee_pct_nav"": 5.141238044448425e-06, ""name"": ""腾讯控股""}, {""ts_code"": ""00728.HK"", ""side"": ""buy"", ""current_weight"": 0.0, ""target_weight"": 0.03811577752881335, ""post_trade_weight"": 0.03811897580425294, ""diff_weight"": 0.03811577752881335, ""gross_amount"": 0.10021594184357648, ""gross_amount_pct_nav"": 0.03811577752881335, ""fee"": 3.006478255307294e-05, ""fee_pct_nav"": 1.1434733258644004e-05, ""name"": ""中国电信""}, {""ts_code"": ""00939.HK"", ""side"": ""buy"", ""current_weight"": 0.08750453124367892, ""target_weight"": 0.10324671570099511, ""post_trade_weight"": 0.10325537908021637, ""diff_weight"": 0.015742184457316184, ""gross_amount"": 0.041390152434189836, ""gross_amount_pct_nav"": 0.015742184457316184, ""fee"": 1.241704573025695e-05, ""fee_pct_nav"": 4.722655337194855e-06, ""name"": ""建设银行""}, {""ts_code"": ""01211.HK"", ""side"": ""sell"", ""current_weight"": 0.1357213299725081, ""target_weight"": 0.0, ""post_trade_weight"": 0.0, ""diff_weight"": -0.1357213299725081, ""gross_amount"": 0.3568454270984191, ""gross_amount_pct_nav"": 0.1357213299725081, ""fee"": 0.00010705362812952572, ""fee_pct_nav"": 4.071639899175243e-05, ""name"": ""比亚迪股份""}, {""ts_code"": ""01398.HK"", ""side"": ""buy"", ""current_weight"": 0.12154585866173853, ""target_weight"": 0.14177642882249122, ""post_trade_weight"": 0.1417883252102764, ""diff_weight"": 0.020230570160752696, ""gross_amount"": 0.05319124452229179, ""gross_amount_pct_nav"": 0.020230570160752696, ""fee"": 1.5957373356687536e-05, ""fee_pct_nav"": 6.069171048225808e-06, ""name"": ""工商银行""}, {""ts_code"": ""01658.HK"", ""side"": ""sell"", ""current_weight"": 0.023268268620652927, ""target_weight"": 0.0, ""post_trade_weight"": 0.0, ""diff_weight"": -0.023268268620652927, ""gross_amount"": 0.06117811588981289, ""gross_amount_pct_nav"": 0.023268268620652927, ""fee"": 1.8353434766943864e-05, ""fee_pct_nav"": 6.980480586195877e-06, ""name"": ""邮储银行""}, {""ts_code"": ""02318.HK"", ""side"": ""buy"", ""current_weight"": 0.0, ""target_weight"": 0.029459240532176304, ""post_trade_weight"": 0.029461712442014478, ""diff_weight"": 0.029459240532176304, ""gross_amount"": 0.07745573427425827, ""gross_amount_pct_nav"": 0.029459240532176304, ""fee"": 2.323672028227748e-05, ""fee_pct_nav"": 8.83777215965289e-06, ""name"": ""中国平安""}]"
2025-06-09,0.03842191,0.07684382,0.13024145,0.08017348,0.00006312,0.00003907,0.00002405,0.00000000,rebalance,"[{""ts_code"": ""00941.HK"", ""side"": ""buy"", ""current_weight"": 0.08858162179375742, ""target_weight"": 0.10279423621534987, ""post_trade_weight"": 0.1027966060005942, ""diff_weight"": 0.014212614421592454, ""gross_amount"": 0.038917197638050516, ""gross_amount_pct_nav"": 0.014212614421592454, ""fee"": 1.1675159291415154e-05, ""fee_pct_nav"": 4.263784326477736e-06, ""name"": ""中国移动""}, {""ts_code"": ""02318.HK"", ""side"": ""sell"", ""current_weight"": 0.029279465578304378, ""target_weight"": 0.0, ""post_trade_weight"": 0.0, ""diff_weight"": -0.029279465578304378, ""gross_amount"": 0.08017347933651295, ""gross_amount_pct_nav"": 0.029279465578304378, ""fee"": 2.405204380095388e-05, ""fee_pct_nav"": 8.783839673491311e-06, ""name"": ""中国平安""}, {""ts_code"": ""02628.HK"", ""side"": ""buy"", ""current_weight"": 0.0, ""target_weight"": 0.03335174252641225, ""post_trade_weight"": 0.03335251140675245, ""diff_weight"": 0.03335174252641225, ""gross_amount"": 0.091324250202823, ""gross_amount_pct_nav"": 0.03335174252641225, ""fee"": 2.7397275060846897e-05, ""fee_pct_nav"": 1.0005522757923673e-05, ""name"": ""中国人寿""}]"
2025-06-16,0.00842175,0.01684350,0.00000000,0.04688035,0.00001406,0.00000000,0.00001406,0.00000000,rebalance,"[{""ts_code"": ""01398.HK"", ""side"": ""sell"", ""current_weight"": 0.14629999071615304, ""target_weight"": 0.12945648814217448, ""post_trade_weight"": 0.1294571422956873, ""diff_weight"": -0.016843502573978562, ""gross_amount"": 0.04688035496468018, ""gross_amount_pct_nav"": 0.016843502573978562, ""fee"": 1.4064106489404054e-05, ""fee_pct_nav"": 5.053050772193569e-06, ""name"": ""工商银行""}]"
2025-06-23,0.01859448,0.03718896,0.07424338,0.02912784,0.00003101,0.00002227,0.00000874,0.00000000,rebalance,"[{""ts_code"": ""00941.HK"", ""side"": ""sell"", ""current_weight"": 0.09952902678547972, ""target_weight"": 0.08904995898811278, ""post_trade_weight"": 0.0890509525017101, ""diff_weight"": -0.010479067797366924, ""gross_amount"": 0.029127840498283902, ""gross_amount_pct_nav"": 0.010479067797366924, ""fee"": 8.73835214948517e-06, ""fee_pct_nav"": 3.143720339210077e-06, ""name"": ""中国移动""}, {""ts_code"": ""01810.HK"", ""side"": ""buy"", ""current_weight"": 0.04706430741978206, ""target_weight"": 0.06174917299375071, ""post_trade_weight"": 0.061749861917627706, ""diff_weight"": 0.014684865573968649, ""gross_amount"": 0.04081836576005138, ""gross_amount_pct_nav"": 0.014684865573968649, ""fee"": 1.2245509728015412e-05, ""fee_pct_nav"": 4.405459672190594e-06, ""name"": ""小米集团-W""}, {""ts_code"": ""03988.HK"", ""side"": ""buy"", ""current_weight"": 0.07045266503959591, ""target_weight"": 0.0824776880807073, ""post_trade_weight"": 0.08247860826871765, ""diff_weight"": 0.012025023041111386, ""gross_amount"": 0.03342501068823048, ""gross_amount_pct_nav"": 0.012025023041111386, ""fee"": 1.0027503206469143e-05, ""fee_pct_nav"": 3.6075069123334157e-06, ""name"": ""中国银行""}]"
2025-06-30,0.03858900,0.07717801,0.09232030,0.12378668,0.00006483,0.00002770,0.00003714,0.00000000,rebalance,"[{""ts_code"": ""00728.HK"", ""side"": ""sell"", ""current_weight"": 0.034142908207898365, ""target_weight"": 0.0, ""post_trade_weight"": 0.0, ""diff_weight"": -0.034142908207898365, ""gross_amount"": 0.0956039294728834, ""gross_amount_pct_nav"": 0.034142908207898365, ""fee"": 2.868117884186502e-05, ""fee_pct_nav"": 1.0242872462369507e-05, ""name"": ""中国电信""}, {""ts_code"": ""00788.HK"", ""side"": ""sell"", ""current_weight"": 0.054464332099894666, ""target_weight"": 0.04439946330012468, ""post_trade_weight"": 0.04440049132254353, ""diff_weight"": -0.010064868799769984, ""gross_amount"": 0.028182748845759914, ""gross_amount_pct_nav"": 0.010064868799769984, ""fee"": 8.454824653727973e-06, ""fee_pct_nav"": 3.019460639930995e-06, ""name"": ""中国铁塔""}, {""ts_code"": ""01658.HK"", ""side"": ""buy"", ""current_weight"": 0.0, ""target_weight"": 0.03297022922744934, ""post_trade_weight"": 0.0329709926180915, ""diff_weight"": 0.03297022922744934, ""gross_amount"": 0.09232029827607616, ""gross_amount_pct_nav"": 0.03297022922744934, ""fee"": 2.7696089482822845e-05, ""fee_pct_nav"": 9.8910687682348e-06, ""name"": ""邮储银行""}]"
2025-07-07,0.07086271,0.14172543,0.17769417,0.22084736,0.00011956,0.00005331,0.00006625,0.00000000,rebalance,"[{""ts_code"": ""00700.HK"", ""side"": ""sell"", ""current_weight"": 0.1694993246472441, ""target_weight"": 0.15673950346061896, ""post_trade_weight"": 0.15674616793586135, ""diff_weight"": -0.012759821186625156, ""gross_amount"": 0.0358814837834569, ""gross_amount_pct_nav"": 0.012759821186625156, ""fee"": 1.076444513503707e-05, ""fee_pct_nav"": 3.827946355987546e-06, ""name"": ""腾讯控股""}, {""ts_code"": ""00788.HK"", ""side"": ""sell"", ""current_weight"": 0.04444709588161136, ""target_weight"": 0.0, ""post_trade_weight"": 0.0, ""diff_weight"": -0.04444709588161136, ""gross_amount"": 0.12498825232515721, ""gross_amount_pct_nav"": 0.04444709588161136, ""fee"": 3.7496475697547164e-05, ""fee_pct_nav"": 1.3334128764483406e-05, ""name"": ""中国铁塔""}, {""ts_code"": ""00939.HK"", ""side"": ""buy"", ""current_weight"": 0.11439057075469859, ""target_weight"": 0.13514101820852337, ""post_trade_weight"": 0.1351467643283604, ""diff_weight"": 0.02075044745382476, ""gross_amount"": 0.058351667544865926, ""gross_amount_pct_nav"": 0.02075044745382476, ""fee"": 1.7505500263459776e-05, ""fee_pct_nav"": 6.225134236147428e-06, ""name"": ""建设银行""}, {""ts_code"": ""00941.HK"", ""side"": ""sell"", ""current_weight"": 0.08786912170686402, ""target_weight"": 0.06654046834093845, ""post_trade_weight"": 0.06654329760410495, ""diff_weight"": -0.02132865336592557, ""gross_amount"": 0.05997762183960878, ""gross_amount_pct_nav"": 0.02132865336592557, ""fee"": 1.7993286551882634e-05, ""fee_pct_nav"": 6.3985960097776705e-06, ""name"": ""中国移动""}, {""ts_code"": ""01398.HK"", ""side"": ""buy"", ""current_weight"": 0.13144811198709672, ""target_weight"": 0.14230436577528793, ""post_trade_weight"": 0.14231041647662138, ""diff_weight"": 0.010856253788191224, ""gross_amount"": 0.030528522974788252, ""gross_amount_pct_nav"": 0.010856253788191224, ""fee"": 9.158556892436475e-06, ""fee_pct_nav"": 3.2568761364573672e-06, ""name"": ""工商银行""}, {""ts_code"": ""03328.HK"", ""side"": ""buy"", ""current_weight"": 0.0, ""target_weight"": 0.031583154643384424, ""post_trade_weight"": 0.03158449754129816, ""diff_weight"": 0.031583154643384424, ""gross_amount"": 0.08881397588509178, ""gross_amount_pct_nav"": 0.031583154643384424, ""fee"": 2.6644192765527534e-05, ""fee_pct_nav"": 9.474946393015328e-06, ""name"": ""交通银行""}]"
2025-07-14,0.05587500,0.11175001,0.17857924,0.13866147,0.00009517,0.00005357,0.00004160,0.00000000,rebalance,"[{""ts_code"": ""00700.HK"", ""side"": ""buy"", ""current_weight"": 0.15464262862254466, ""target_weight"": 0.17580939633301654, ""post_trade_weight"": 0.17581529054110476, ""diff_weight"": 0.021166767710471865, ""gross_amount"": 0.0600891249816079, ""gross_amount_pct_nav"": 0.021166767710471865, ""fee"": 1.8026737494482367e-05, ""fee_pct_nav"": 6.350030313141559e-06, ""name"": ""腾讯控股""}, {""ts_code"": ""00939.HK"", ""side"": ""sell"", ""current_weight"": 0.13729470858278825, ""target_weight"": 0.12028971958494913, ""post_trade_weight"": 0.12029375243332298, ""diff_weight"": -0.017004988997839122, ""gross_amount"": 0.048274489670735055, ""gross_amount_pct_nav"": 0.017004988997839122, ""fee"": 1.4482346901220516e-05, ""fee_pct_nav"": 5.1014966993517366e-06, ""name"": ""建设银行""}, {""ts_code"": ""02318.HK"", ""side"": ""buy"", ""current_weight"": 0.0, ""target_weight"": 0.04173887842343067, ""post_trade_weight"": 0.04174027776635504, ""diff_weight"": 0.04173887842343067, ""gross_amount"": 0.11849011225917362, ""gross_amount_pct_nav"": 0.04173887842343067, ""fee"": 3.5547033677752085e-05, ""fee_pct_nav"": 1.25216635270292e-05, ""name"": ""中国平安""}, {""ts_code"": ""03328.HK"", ""side"": ""sell"", ""current_weight"": 0.031839373832735246, ""target_weight"": 0.0, ""post_trade_weight"": 0.0, ""diff_weight"": -0.031839373832735246, ""gross_amount"": 0.09038697545798852, ""gross_amount_pct_nav"": 0.031839373832735246, ""fee"": 2.7116092637396553e-05, ""fee_pct_nav"": 9.551812149820574e-06, ""name"": ""交通银行""}]"
2025-07-21,0.01868599,0.03737198,0.06347345,0.04322530,0.00003201,0.00001904,0.00001297,0.00000000,rebalance,"[{""ts_code"": ""00939.HK"", ""side"": ""buy"", ""current_weight"": 0.11903812537034733, ""target_weight"": 0.1307978887851924, ""post_trade_weight"": 0.13079935525449574, ""diff_weight"": 0.011759763414845076, ""gross_amount"": 0.033574674924107595, ""gross_amount_pct_nav"": 0.011759763414845076, ""fee"": 1.0072402477232278e-05, ""fee_pct_nav"": 3.5279290244535226e-06, ""name"": ""建设银行""}, {""ts_code"": ""01398.HK"", ""side"": ""sell"", ""current_weight"": 0.1403908147265423, ""target_weight"": 0.12525085196895805, ""post_trade_weight"": 0.12525225624643785, ""diff_weight"": -0.015139962757584252, ""gross_amount"": 0.04322530224607274, ""gross_amount_pct_nav"": 0.015139962757584252, ""fee"": 1.296759067382182e-05, ""fee_pct_nav"": 4.541988827275275e-06, ""name"": ""工商银行""}, {""ts_code"": ""01810.HK"", ""side"": ""buy"", ""current_weight"": 0.06329638510365204, ""target_weight"": 0.07376863986782026, ""post_trade_weight"": 0.07376946694115392, ""diff_weight"": 0.010472254764168222, ""gross_amount"": 0.029898777469071824, ""gross_amount_pct_nav"": 0.010472254764168222, ""fee"": 8.969633240721546e-06, ""fee_pct_nav"": 3.1416764292504662e-06, ""name"": ""小米集团-W""}]"
2025-07-28,0.01699701,0.03399401,0.06775995,0.03108916,0.00002965,0.00002033,0.00000933,0.00000000,rebalance,"[{""ts_code"": ""00700.HK"", ""side"": ""sell"", ""current_weight"": 0.1906896634454162, ""target_weight"": 0.1799981643233209, ""post_trade_weight"": 0.18000000000000027, ""diff_weight"": -0.010691499122095303, ""gross_amount"": 0.03108915585963057, ""gross_amount_pct_nav"": 0.010691499122095303, ""fee"": 9.32674675788917e-06, ""fee_pct_nav"": 3.2074497366285908e-06, ""name"": ""腾讯控股""}, {""ts_code"": ""01810.HK"", ""side"": ""buy"", ""current_weight"": 0.07123788704568985, ""target_weight"": 0.08204412639141333, ""post_trade_weight"": 0.08204496310266571, ""diff_weight"": 0.01080623934572348, ""gross_amount"": 0.031422801932553424, ""gross_amount_pct_nav"": 0.01080623934572348, ""fee"": 9.426840579766026e-06, ""fee_pct_nav"": 3.2418718037170436e-06, ""name"": ""小米集团-W""}, {""ts_code"": ""02628.HK"", ""side"": ""buy"", ""current_weight"": 0.04397082821673529, ""target_weight"": 0.05646710232961781, ""post_trade_weight"": 0.05646767819850674, ""diff_weight"": 0.012496274112882516, ""gross_amount"": 0.03633715058323214, ""gross_amount_pct_nav"": 0.012496274112882516, ""fee"": 1.0901145174969642e-05, ""fee_pct_nav"": 3.7488822338647546e-06, ""name"": ""中国人寿""}]"
2025-08-04,0.04771282,0.09542563,0.13483995,0.13555962,0.00008112,0.00004045,0.00004067,0.00000000,rebalance,"[{""ts_code"": ""00728.HK"", ""side"": ""buy"", ""current_weight"": 0.0, ""target_weight"": 0.036136494720502066, ""post_trade_weight"": 0.03613752925448902, ""diff_weight"": 0.036136494720502066, ""gross_amount"": 0.1023969381073429, ""gross_amount_pct_nav"": 0.036136494720502066, ""fee"": 3.071908143220287e-05, ""fee_pct_nav"": 1.0840948416150619e-05, ""name"": ""中国电信""}, {""ts_code"": ""01288.HK"", ""side"": ""buy"", ""current_weight"": 0.10032243117400463, ""target_weight"": 0.11177176549042801, ""post_trade_weight"": 0.11177496534949227, ""diff_weight"": 0.01144933431642338, ""gross_amount"": 0.0324430132594995, ""gross_amount_pct_nav"": 0.01144933431642338, ""fee"": 9.732903977849848e-06, ""fee_pct_nav"": 3.434800294927014e-06, ""name"": ""农业银行""}, {""ts_code"": ""01658.HK"", ""side"": ""sell"", ""current_weight"": 0.03287765429119599, ""target_weight"": 0.0, ""post_trade_weight"": 0.0, ""diff_weight"": -0.03287765429119599, ""gross_amount"": 0.09316263676399654, ""gross_amount_pct_nav"": 0.03287765429119599, ""fee"": 2.7948791029198958e-05, ""fee_pct_nav"": 9.863296287358795e-06, ""name"": ""邮储银行""}, {""ts_code"": ""03988.HK"", ""side"": ""sell"", ""current_weight"": 0.0796775729524381, ""target_weight"": 0.06471542275389697, ""post_trade_weight"": 0.06471727546000022, ""diff_weight"": -0.014962150198541146, ""gross_amount"": 0.04239698342859913, ""gross_amount_pct_nav"": 0.014962150198541146, ""fee"": 1.2719095028579737e-05, ""fee_pct_nav"": 4.488645059562343e-06, ""name"": ""中国银行""}]"
2025-08-11,0.04003603,0.08007206,0.08931221,0.13877853,0.00006843,0.00002679,0.00004163,0.00000000,rebalance,"[{""ts_code"": ""00388.HK"", ""side"": ""buy"", ""current_weight"": 0.0, ""target_weight"": 0.03135336495090972, ""post_trade_weight"": 0.03135411812752932, ""diff_weight"": 0.03135336495090972, ""gross_amount"": 0.08931220513747772, ""gross_amount_pct_nav"": 0.03135336495090972, ""fee"": 2.6793661541243314e-05, ""fee_pct_nav"": 9.406009485272915e-06, ""name"": ""香港交易所""}, {""ts_code"": ""00728.HK"", ""side"": ""sell"", ""current_weight"": 0.037331692007315634, ""target_weight"": 0.0, ""post_trade_weight"": 0.0, ""diff_weight"": -0.037331692007315634, ""gross_amount"": 0.10634187877144491, ""gross_amount_pct_nav"": 0.037331692007315634, ""fee"": 3.190256363143347e-05, ""fee_pct_nav"": 1.1199507602194688e-05, ""name"": ""中国电信""}, {""ts_code"": ""00939.HK"", ""side"": ""sell"", ""current_weight"": 0.12420384499494096, ""target_weight"": 0.11281684501306447, ""post_trade_weight"": 0.11281955512121696, ""diff_weight"": -0.011386999981876493, ""gross_amount"": 0.03243664850245365, ""gross_amount_pct_nav"": 0.011386999981876493, ""fee"": 9.730994550736093e-06, ""fee_pct_nav"": 3.4160999945629474e-06, ""name"": ""建设银行""}]"
2025-08-18,0.10545270,0.21090541,0.30825684,0.29774044,0.00018180,0.00009248,0.00008932,0.00000000,rebalance,"[{""ts_code"": ""00005.HK"", ""side"": ""buy"", ""current_weight"": 0.06458930606546454, ""target_weight"": 0.08280843255947924, ""post_trade_weight"": 0.08281367231490917, ""diff_weight"": 0.018219126494014703, ""gross_amount"": 0.05234925600212956, ""gross_amount_pct_nav"": 0.018219126494014703, ""fee"": 1.5704776800638866e-05, ""fee_pct_nav"": 5.465737948204411e-06, ""name"": ""汇丰控股""}, {""ts_code"": ""00700.HK"", ""side"": ""sell"", ""current_weight"": 0.19249057813027934, ""target_weight"": 0.17998861110791975, ""post_trade_weight"": 0.18000000000000754, ""diff_weight"": -0.012501967022359586, ""gross_amount"": 0.035922066428304755, ""gross_amount_pct_nav"": 0.012501967022359586, ""fee"": 1.0776619928491426e-05, ""fee_pct_nav"": 3.7505901067078756e-06, ""name"": ""腾讯控股""}, {""ts_code"": ""00939.HK"", ""side"": ""sell"", ""current_weight"": 0.10874237975702358, ""target_weight"": 0.09387542768783239, ""post_trade_weight"": 0.09388136771430991, ""diff_weight"": -0.01486695206919119, ""gross_amount"": 0.042717409097365655, ""gross_amount_pct_nav"": 0.01486695206919119, ""fee"": 1.2815222729209696e-05, ""fee_pct_nav"": 4.460085620757357e-06, ""name"": ""建设银行""}, {""ts_code"": ""00941.HK"", ""side"": ""sell"", ""current_weight"": 0.06495545643618864, ""target_weight"": 0.0, ""post_trade_weight"": 0.0, ""diff_weight"": -0.06495545643618864, ""gross_amount"": 0.18663736808843678, ""gross_amount_pct_nav"": 0.06495545643618864, ""fee"": 5.599121042653103e-05, ""fee_pct_nav"": 1.948663693085659e-05, ""name"": ""中国移动""}, {""ts_code"": ""00981.HK"", ""side"": ""buy"", ""current_weight"": 0.0, ""target_weight"": 0.029340174916893506, ""post_trade_weight"": 0.029342031434835995, ""diff_weight"": 0.029340174916893506, ""gross_amount"": 0.08430351083935335, ""gross_amount_pct_nav"": 0.029340174916893506, ""fee"": 2.5291053251806003e-05, ""fee_pct_nav"": 8.802052475068051e-06, ""name"": ""中芯国际""}, {""ts_code"": ""01288.HK"", ""side"": ""buy"", ""current_weight"": 0.11253267356732215, ""target_weight"": 0.13100135889240905, ""post_trade_weight"": 0.13100964808543408, ""diff_weight"": 0.018468685325086907, ""gross_amount"": 0.0530663166767828, ""gross_amount_pct_nav"": 0.018468685325086907, ""fee"": 1.5919895003034837e-05, ""fee_pct_nav"": 5.540605597526071e-06, ""name"": ""农业银行""}, {""ts_code"": ""01398.HK"", ""side"": ""sell"", ""current_weight"": 0.11918453674810653, ""target_weight"": 0.10788622076057083, ""post_trade_weight"": 0.10789304732875445, ""diff_weight"": -0.011298315987535699, ""gross_amount"": 0.03246360006440285, ""gross_amount_pct_nav"": 0.011298315987535699, ""fee"": 9.739080019320855e-06, ""fee_pct_nav"": 3.389494796260709e-06, ""name"": ""工商银行""}, {""ts_code"": ""01810.HK"", ""side"": ""buy"", ""current_weight"": 0.07754823368937773, ""target_weight"": 0.0934602730865253, ""post_trade_weight"": 0.09346618684383542, ""diff_weight"": 0.015912039397147575, ""gross_amount"": 0.04572027227490291, ""gross_amount_pct_nav"": 0.015912039397147575, ""fee"": 1.3716081682470872e-05, ""fee_pct_nav"": 4.773611819144271e-06, ""name"": ""小米集团-W""}, {""ts_code"": ""02318.HK"", ""side"": ""buy"", ""current_weight"": 0.044075456484615846, ""target_weight"": 0.05748128713097357, ""post_trade_weight"": 0.05748492429541511, ""diff_weight"": 0.013405830646357728, ""gross_amount"": 0.038519149678110154, ""gross_amount_pct_nav"": 0.013405830646357728, ""fee"": 1.1555744903433045e-05, ""fee_pct_nav"": 4.021749193907318e-06, ""name"": ""中国平安""}, {""ts_code"": ""02628.HK"", ""side"": ""buy"", ""current_weight"": 0.06186043023586455, ""target_weight"": 0.07379729097447439, ""post_trade_weight"": 0.0738019605442772, ""diff_weight"": 0.011936860738609834, ""gross_amount"": 0.034298339103828124, ""gross_amount_pct_nav"": 0.011936860738609834, ""fee"": 1.0289501731148437e-05, ""fee_pct_nav"": 3.58105822158295e-06, ""name"": ""中国人寿""}]"
2025-08-25,0.05238174,0.10476348,0.12935001,0.17853162,0.00009236,0.00003881,0.00005356,0.00000000,rebalance,"[{""ts_code"": ""01288.HK"", ""side"": ""buy"", ""current_weight"": 0.13118170744159183, ""target_weight"": 0.14476368752009464, ""post_trade_weight"": 0.14476823744718792, ""diff_weight"": 0.013581980078502798, ""gross_amount"": 0.03991507750755763, ""gross_amount_pct_nav"": 0.013581980078502798, ""fee"": 1.1974523252267288e-05, ""fee_pct_nav"": 4.074594023550839e-06, ""name"": ""农业银行""}, {""ts_code"": ""03988.HK"", ""side"": ""sell"", ""current_weight"": 0.06074929866640937, ""target_weight"": 0.0, ""post_trade_weight"": 0.0, ""diff_weight"": -0.06074929866640937, ""gross_amount"": 0.1785316243128222, ""gross_amount_pct_nav"": 0.06074929866640937, ""fee"": 5.355948729384666e-05, ""fee_pct_nav"": 1.822478959992281e-05, ""name"": ""中国银行""}, {""ts_code"": ""09992.HK"", ""side"": ""buy"", ""current_weight"": 0.0, ""target_weight"": 0.030432196391055943, ""post_trade_weight"": 0.030433152875912327, ""diff_weight"": 0.030432196391055943, ""gross_amount"": 0.08943493295184655, ""gross_amount_pct_nav"": 0.030432196391055943, ""fee"": 2.6830479885553965e-05, ""fee_pct_nav"": 9.129658917316782e-06, ""name"": ""泡泡玛特""}]"
2025-09-01,0.07516285,0.15032570,0.28567342,0.14557068,0.00012937,0.00008570,0.00004367,0.00000000,rebalance,"[{""ts_code"": ""00939.HK"", ""side"": ""buy"", ""current_weight"": 0.09207411168185552, ""target_weight"": 0.13092339004422987, ""post_trade_weight"": 0.13092929465559933, ""diff_weight"": 0.038849278362374354, ""gross_amount"": 0.11144815503844185, ""gross_amount_pct_nav"": 0.038849278362374354, ""fee"": 3.3434446511532554e-05, ""fee_pct_nav"": 1.1654783508712305e-05, ""name"": ""建设银行""}, {""ts_code"": ""00981.HK"", ""side"": ""sell"", ""current_weight"": 0.03610974173121449, ""target_weight"": 0.0, ""post_trade_weight"": 0.0, ""diff_weight"": -0.03610974173121449, ""gross_amount"": 0.1035891595545336, ""gross_amount_pct_nav"": 0.03610974173121449, ""fee"": 3.107674786636008e-05, ""fee_pct_nav"": 1.0832922519364348e-05, ""name"": ""中芯国际""}, {""ts_code"": ""01398.HK"", ""side"": ""buy"", ""current_weight"": 0.10530192519853925, ""target_weight"": 0.12056634108999421, ""post_trade_weight"": 0.12057177860110765, ""diff_weight"": 0.015264415891454964, ""gross_amount"": 0.04378951323043717, ""gross_amount_pct_nav"": 0.015264415891454964, ""fee"": 1.313685396913115e-05, ""fee_pct_nav"": 4.579324767436489e-06, ""name"": ""工商银行""}, {""ts_code"": ""02318.HK"", ""side"": ""sell"", ""current_weight"": 0.05647645719705223, ""target_weight"": 0.041842282731463516, ""post_trade_weight"": 0.04184416980770144, ""diff_weight"": -0.014634174465588713, ""gross_amount"": 0.04198151969484508, ""gross_amount_pct_nav"": 0.014634174465588713, ""fee"": 1.2594455908453523e-05, ""fee_pct_nav"": 4.3902523396766134e-06, ""name"": ""中国平安""}, {""ts_code"": ""03968.HK"", ""side"": ""buy"", ""current_weight"": 0.049527629958239505, ""target_weight"": 0.06553954788614703, ""post_trade_weight"": 0.065542503702976, ""diff_weight"": 0.01601191792790753, ""gross_amount"": 0.04593389599278985, ""gross_amount_pct_nav"": 0.01601191792790753, ""fee"": 1.3780168797836955e-05, ""fee_pct_nav"": 4.803575378372259e-06, ""name"": ""招商银行""}, {""ts_code"": ""09633.HK"", ""side"": ""buy"", ""current_weight"": 0.0, ""target_weight"": 0.029456171839976123, ""post_trade_weight"": 0.02945750030578417, ""diff_weight"": 0.029456171839976123, ""gross_amount"": 0.08450185291575663, ""gross_amount_pct_nav"": 0.029456171839976123, ""fee"": 2.5350555874726985e-05, ""fee_pct_nav"": 8.836851551992836e-06, ""name"": ""农夫山泉""}]"
2025-09-08,0.06508706,0.13017412,0.12916512,0.24753230,0.00011301,0.00003875,0.00007426,0.00000000,rebalance,"[{""ts_code"": ""00939.HK"", ""side"": ""sell"", ""current_weight"": 0.1311646385158656, ""target_weight"": 0.10322419810498472, ""post_trade_weight"": 0.1032282293982925, ""diff_weight"": -0.027940440410880875, ""gross_amount"": 0.08085394904906168, ""gross_amount_pct_nav"": 0.027940440410880875, ""fee"": 2.4256184714718503e-05, ""fee_pct_nav"": 8.382132123264261e-06, ""name"": ""建设银行""}, {""ts_code"": ""01398.HK"", ""side"": ""sell"", ""current_weight"": 0.12077358593174142, ""target_weight"": 0.1085181793324177, ""post_trade_weight"": 0.10852241737561054, ""diff_weight"": -0.012255406599323724, ""gross_amount"": 0.03546465288970063, ""gross_amount_pct_nav"": 0.012255406599323724, ""fee"": 1.0639395866910188e-05, ""fee_pct_nav"": 3.6766219797971167e-06, ""name"": ""工商银行""}, {""ts_code"": ""02899.HK"", ""side"": ""buy"", ""current_weight"": 0.0, ""target_weight"": 0.044635178364866204, ""post_trade_weight"": 0.0446369215365172, ""diff_weight"": 0.044635178364866204, ""gross_amount"": 0.12916512353553464, ""gross_amount_pct_nav"": 0.044635178364866204, ""fee"": 3.874953706066039e-05, ""fee_pct_nav"": 1.339055350945986e-05, ""name"": ""紫金矿业""}, {""ts_code"": ""03968.HK"", ""side"": ""sell"", ""current_weight"": 0.06505474418881874, ""target_weight"": 0.04692686836467627, ""post_trade_weight"": 0.04692870103544404, ""diff_weight"": -0.01812787582414246, ""gross_amount"": 0.05245838385862159, ""gross_amount_pct_nav"": 0.01812787582414246, ""fee"": 1.5737515157586476e-05, ""fee_pct_nav"": 5.4383627472427384e-06, ""name"": ""招商银行""}, {""ts_code"": ""09992.HK"", ""side"": ""sell"", ""current_weight"": 0.02721522304555163, ""target_weight"": 0.0, ""post_trade_weight"": 0.0, ""diff_weight"": -0.02721522304555163, ""gross_amount"": 0.07875531756567995, ""gross_amount_pct_nav"": 0.02721522304555163, ""fee"": 2.3626595269703982e-05, ""fee_pct_nav"": 8.164566913665487e-06, ""name"": ""泡泡玛特""}]"
2025-09-15,0.02538026,0.05076051,0.11245310,0.03911825,0.00004547,0.00003374,0.00001174,0.00000000,rebalance,"[{""ts_code"": ""00388.HK"", ""side"": ""buy"", ""current_weight"": 0.03163367031296265, ""target_weight"": 0.042494146543718296, ""post_trade_weight"": 0.04249479366097233, ""diff_weight"": 0.010860476230755641, ""gross_amount"": 0.03242948108655211, ""gross_amount_pct_nav"": 0.010860476230755641, ""fee"": 9.728844325965632e-06, ""fee_pct_nav"": 3.258142869226692e-06, ""name"": ""香港交易所""}, {""ts_code"": ""01288.HK"", ""side"": ""sell"", ""current_weight"": 0.14169908042486482, ""target_weight"": 0.12859856636143982, ""post_trade_weight"": 0.1286005247100103, ""diff_weight"": -0.01310051406342499, ""gross_amount"": 0.03911825448692974, ""gross_amount_pct_nav"": 0.01310051406342499, ""fee"": 1.173547634607892e-05, ""fee_pct_nav"": 3.9301542190274965e-06, ""name"": ""农业银行""}, {""ts_code"": ""01398.HK"", ""side"": ""buy"", ""current_weight"": 0.10843640856154461, ""target_weight"": 0.12271038543794228, ""post_trade_weight"": 0.12271225411902249, ""diff_weight"": 0.014273976876397669, ""gross_amount"": 0.04262222514995673, ""gross_amount_pct_nav"": 0.014273976876397669, ""fee"": 1.2786667544987018e-05, ""fee_pct_nav"": 4.282193062919301e-06, ""name"": ""工商银行""}, {""ts_code"": ""02318.HK"", ""side"": ""buy"", ""current_weight"": 0.04144465698514633, ""target_weight"": 0.05397020251800859, ""post_trade_weight"": 0.053971024397069446, ""diff_weight"": 0.012525545532862264, ""gross_amount"": 0.03740139321021671, ""gross_amount_pct_nav"": 0.012525545532862264, ""fee"": 1.1220417963065013e-05, ""fee_pct_nav"": 3.757663659858679e-06, ""name"": ""中国平安""}]"
2025-09-22,0.03094050,0.06188101,0.08233789,0.09790738,0.00005407,0.00002470,0.00002937,0.00000000,rebalance,"[{""ts_code"": ""00005.HK"", ""side"": ""buy"", ""current_weight"": 0.08894675445191116, ""target_weight"": 0.10197666079929008, ""post_trade_weight"": 0.10197855396000041, ""diff_weight"": 0.013029906347378911, ""gross_amount"": 0.03795314590628873, ""gross_amount_pct_nav"": 0.013029906347378911, ""fee"": 1.1385943771886618e-05, ""fee_pct_nav"": 3.9089719042136724e-06, ""name"": ""汇丰控股""}, {""ts_code"": ""00700.HK"", ""side"": ""sell"", ""current_weight"": 0.19388375883325584, ""target_weight"": 0.17999665842558013, ""post_trade_weight"": 0.18000000000000563, ""diff_weight"": -0.013887100407675707, ""gross_amount"": 0.04044995673309815, ""gross_amount_pct_nav"": 0.013887100407675707, ""fee"": 1.2134987019929443e-05, ""fee_pct_nav"": 4.166130122302711e-06, ""name"": ""腾讯控股""}, {""ts_code"": ""01288.HK"", ""side"": ""sell"", ""current_weight"": 0.12556574224283518, ""target_weight"": 0.10583971436791145, ""post_trade_weight"": 0.10584167924484765, ""diff_weight"": -0.019726027874923717, ""gross_amount"": 0.05745742096136397, ""gross_amount_pct_nav"": 0.019726027874923717, ""fee"": 1.723722628840919e-05, ""fee_pct_nav"": 5.917808362477114e-06, ""name"": ""农业银行""}, {""ts_code"": ""09633.HK"", ""side"": ""buy"", ""current_weight"": 0.031004573059726325, ""target_weight"": 0.04624254630933582, ""post_trade_weight"": 0.0462434047858846, ""diff_weight"": 0.015237973249609502, ""gross_amount"": 0.04438474127443674, ""gross_amount_pct_nav"": 0.015237973249609502, ""fee"": 1.3315422382331021e-05, ""fee_pct_nav"": 4.57139197488285e-06, ""name"": ""农夫山泉""}]"
2025-09-29,0.09920331,0.19840662,0.23219998,0.35168411,0.00017517,0.00006966,0.00010551,0.00000000,rebalance,"[{""ts_code"": ""00939.HK"", ""side"": ""buy"", ""current_weight"": 0.09950756295447018, ""target_weight"": 0.11096305743665329, ""post_trade_weight"": 0.11096966257139211, ""diff_weight"": 0.011455494482183104, ""gross_amount"": 0.03371198438985601, ""gross_amount_pct_nav"": 0.011455494482183104, ""fee"": 1.0113595316956802e-05, ""fee_pct_nav"": 3.436648344654931e-06, ""name"": ""建设银行""}, {""ts_code"": ""00981.HK"", ""side"": ""buy"", ""current_weight"": 0.0, ""target_weight"": 0.04226346573614621, ""post_trade_weight"": 0.042265981491318834, ""diff_weight"": 0.04226346573614621, ""gross_amount"": 0.1243757132766433, ""gross_amount_pct_nav"": 0.04226346573614621, ""fee"": 3.7312713982992986e-05, ""fee_pct_nav"": 1.267903972084386e-05, ""name"": ""中芯国际""}, {""ts_code"": ""01288.HK"", ""side"": ""buy"", ""current_weight"": 0.10576273891578164, ""target_weight"": 0.13094644869768657, ""post_trade_weight"": 0.1309542433543696, ""diff_weight"": 0.02518370978190492, ""gross_amount"": 0.07411228143548876, ""gross_amount_pct_nav"": 0.02518370978190492, ""fee"": 2.2233684430646624e-05, ""fee_pct_nav"": 7.555112934571475e-06, ""name"": ""农业银行""}, {""ts_code"": ""01398.HK"", ""side"": ""sell"", ""current_weight"": 0.11950395110584801, ""target_weight"": 0.0, ""post_trade_weight"": 0.0, ""diff_weight"": -0.11950395110584801, ""gross_amount"": 0.35168410586486537, ""gross_amount_pct_nav"": 0.11950395110584801, ""fee"": 0.0001055052317594596, ""fee_pct_nav"": 3.58511853317544e-05, ""name"": ""工商银行""}]"
2025-10-06,0.05710519,0.11421038,0.18747680,0.15242507,0.00010197,0.00005624,0.00004573,0.00000000,rebalance,"[{""ts_code"": ""00981.HK"", ""side"": ""buy"", ""current_weight"": 0.04974004054210442, ""target_weight"": 0.06611980846410243, ""post_trade_weight"": 0.06612207401231798, ""diff_weight"": 0.016379767921998006, ""gross_amount"": 0.04874787721479856, ""gross_amount_pct_nav"": 0.016379767921998006, ""fee"": 1.4624363164439567e-05, ""fee_pct_nav"": 4.913930376599401e-06, ""name"": ""中芯国际""}, {""ts_code"": ""01288.HK"", ""side"": ""buy"", ""current_weight"": 0.12628386286856744, ""target_weight"": 0.13769747583321643, ""post_trade_weight"": 0.1377021939393015, ""diff_weight"": 0.01141361296464897, ""gross_amount"": 0.03396808831648407, ""gross_amount_pct_nav"": 0.01141361296464897, ""fee"": 1.019042649494522e-05, ""fee_pct_nav"": 3.4240838893946905e-06, ""name"": ""农业银行""}, {""ts_code"": ""01810.HK"", ""side"": ""buy"", ""current_weight"": 0.09159301673224052, ""target_weight"": 0.10240745650014203, ""post_trade_weight"": 0.10241096541881138, ""diff_weight"": 0.01081443976790152, ""gross_amount"": 0.032184887140219776, ""gross_amount_pct_nav"": 0.01081443976790152, ""fee"": 9.655466142065933e-06, ""fee_pct_nav"": 3.2443319303704562e-06, ""name"": ""小米集团-W""}, {""ts_code"": ""02318.HK"", ""side"": ""sell"", ""current_weight"": 0.0512163271083587, ""target_weight"": 0.0, ""post_trade_weight"": 0.0, ""diff_weight"": -0.0512163271083587, ""gross_amount"": 0.15242506714140813, ""gross_amount_pct_nav"": 0.0512163271083587, ""fee"": 4.572752014242244e-05, ""fee_pct_nav"": 1.536489813250761e-05, ""name"": ""中国平安""}, {""ts_code"": ""03993.HK"", ""side"": ""buy"", ""current_weight"": 0.0, ""target_weight"": 0.024386235047614745, ""post_trade_weight"": 0.02438707062461624, ""diff_weight"": 0.024386235047614745, ""gross_amount"": 0.07257594841962411, ""gross_amount_pct_nav"": 0.024386235047614745, ""fee"": 2.177278452588723e-05, ""fee_pct_nav"": 7.315870514284422e-06, ""name"": ""洛阳钼业""}]"
2025-10-13,0.04693468,0.09386936,0.15245498,0.11835880,0.00008124,0.00004574,0.00003551,0.00000000,rebalance,"[{""ts_code"": ""00939.HK"", ""side"": ""buy"", ""current_weight"": 0.1107672716026992, ""target_weight"": 0.12802339201984772, ""post_trade_weight"": 0.12802699736336332, ""diff_weight"": 0.017256120417148517, ""gross_amount"": 0.049784033342128164, ""gross_amount_pct_nav"": 0.017256120417148517, ""fee"": 1.4935210002638448e-05, ""fee_pct_nav"": 5.1768361251445544e-06, ""name"": ""建设银行""}, {""ts_code"": ""00981.HK"", ""side"": ""sell"", ""current_weight"": 0.06004214675931832, ""target_weight"": 0.045195526912229673, ""post_trade_weight"": 0.04519679969056585, ""diff_weight"": -0.014846619847088646, ""gross_amount"": 0.042832606612483254, ""gross_amount_pct_nav"": 0.014846619847088646, ""fee"": 1.2849781983744975e-05, ""fee_pct_nav"": 4.453985954126593e-06, ""name"": ""中芯国际""}, {""ts_code"": ""01288.HK"", ""side"": ""buy"", ""current_weight"": 0.14675250796321998, ""target_weight"": 0.15726156690263332, ""post_trade_weight"": 0.15726599563992533, ""diff_weight"": 0.010509058939413342, ""gross_amount"": 0.03031871173744377, ""gross_amount_pct_nav"": 0.010509058939413342, ""fee"": 9.09561352123313e-06, ""fee_pct_nav"": 3.1527176818240025e-06, ""name"": ""农业银行""}, {""ts_code"": ""02388.HK"", ""side"": ""buy"", ""current_weight"": 0.0, ""target_weight"": 0.025078700351152363, ""post_trade_weight"": 0.02507940660747212, ""diff_weight"": 0.025078700351152363, ""gross_amount"": 0.07235223354249876, ""gross_amount_pct_nav"": 0.025078700351152363, ""fee"": 2.1705670062749626e-05, ""fee_pct_nav"": 7.523610105345709e-06, ""name"": ""中银香港""}, {""ts_code"": ""03993.HK"", ""side"": ""sell"", ""current_weight"": 0.026178855863680555, ""target_weight"": 0.0, ""post_trade_weight"": 0.0, ""diff_weight"": -0.026178855863680555, ""gross_amount"": 0.07552619022529988, ""gross_amount_pct_nav"": 0.026178855863680555, ""fee"": 2.2657857067589964e-05, ""fee_pct_nav"": 7.853656759104167e-06, ""name"": ""洛阳钼业""}]"
2025-10-20,0.28345278,0.56690555,0.85738190,0.79686442,0.00049627,0.00025721,0.00023906,0.00000000,rebalance,"[{""ts_code"": ""00005.HK"", ""side"": ""sell"", ""current_weight"": 0.09695021209672677, ""target_weight"": 0.07469673884871712, ""post_trade_weight"": 0.07470944480848209, ""diff_weight"": -0.02225347324800965, ""gross_amount"": 0.0649362597060299, ""gross_amount_pct_nav"": 0.02225347324800965, ""fee"": 1.9480877911808967e-05, ""fee_pct_nav"": 6.676041974402895e-06, ""name"": ""汇丰控股""}, {""ts_code"": ""00388.HK"", ""side"": ""sell"", ""current_weight"": 0.0411231749353544, ""target_weight"": 0.0, ""post_trade_weight"": 0.0, ""diff_weight"": -0.0411231749353544, ""gross_amount"": 0.11999857899833732, ""gross_amount_pct_nav"": 0.0411231749353544, ""fee"": 3.599957369950119e-05, ""fee_pct_nav"": 1.2336952480606317e-05, ""name"": ""香港交易所""}, {""ts_code"": ""00857.HK"", ""side"": ""buy"", ""current_weight"": 0.0, ""target_weight"": 0.06394478517384408, ""post_trade_weight"": 0.06395566221988545, ""diff_weight"": 0.06394478517384408, ""gross_amount"": 0.186592678393087, ""gross_amount_pct_nav"": 0.06394478517384408, ""fee"": 5.5977803517926095e-05, ""fee_pct_nav"": 1.9183435552153225e-05, ""name"": ""中国石油股份""}, {""ts_code"": ""00939.HK"", ""side"": ""sell"", ""current_weight"": 0.1340100599022849, ""target_weight"": 0.11116885675894293, ""post_trade_weight"": 0.11118776664768594, ""diff_weight"": -0.022841203143341975, ""gross_amount"": 0.06665127204118126, ""gross_amount_pct_nav"": 0.022841203143341975, ""fee"": 1.9995381612354378e-05, ""fee_pct_nav"": 6.852360943002591e-06, ""name"": ""建设银行""}, {""ts_code"": ""00941.HK"", ""side"": ""buy"", ""current_weight"": 0.0, ""target_weight"": 0.07552266830106583, ""post_trade_weight"": 0.07553551475192251, ""diff_weight"": 0.07552266830106583, ""gross_amount"": 0.22037726640846905, ""gross_amount_pct_nav"": 0.07552266830106583, ""fee"": 6.611317992254072e-05, ""fee_pct_nav"": 2.2656800490319746e-05, ""name"": ""中国移动""}, {""ts_code"": ""00981.HK"", ""side"": ""sell"", ""current_weight"": 0.040028915284845236, ""target_weight"": 0.0, ""post_trade_weight"": 0.0, ""diff_weight"": -0.040028915284845236, ""gross_amount"": 0.11680549861670982, ""gross_amount_pct_nav"": 0.040028915284845236, ""fee"": 3.504164958501294e-05, ""fee_pct_nav"": 1.200867458545357e-05, ""name"": ""中芯国际""}, {""ts_code"": ""01088.HK"", ""side"": ""buy"", ""current_weight"": 0.0, ""target_weight"": 0.03734702336545169, ""post_trade_weight"": 0.03735337611636875, ""diff_weight"": 0.03734702336545169, ""gross_amount"": 0.10897966270155358, ""gross_amount_pct_nav"": 0.03734702336545169, ""fee"": 3.269389881046607e-05, ""fee_pct_nav"": 1.1204107009635505e-05, ""name"": ""中国神华""}, {""ts_code"": ""01398.HK"", ""side"": ""buy"", ""current_weight"": 0.0, ""target_weight"": 0.117007885760856, ""post_trade_weight"": 0.11702778887190975, ""diff_weight"": 0.117007885760856, ""gross_amount"": 0.3414322956574876, ""gross_amount_pct_nav"": 0.117007885760856, ""fee"": 0.00010242968869724628, ""fee_pct_nav"": 3.510236572825679e-05, ""name"": ""工商银行""}, {""ts_code"": ""01810.HK"", ""side"": ""sell"", ""current_weight"": 0.09143110081478792, ""target_weight"": 0.040231528157892604, ""post_trade_weight"": 0.04023837156479276, ""diff_weight"": -0.05119957265689531, ""gross_amount"": 0.1494017904455999, ""gross_amount_pct_nav"": 0.05119957265689531, ""fee"": 4.482053713367996e-05, ""fee_pct_nav"": 1.535987179706859e-05, ""name"": ""小米集团-W""}, {""ts_code"": ""02388.HK"", ""side"": ""sell"", ""current_weight"": 0.0247678083292281, ""target_weight"": 0.0, ""post_trade_weight"": 0.0, ""diff_weight"": -0.0247678083292281, ""gross_amount"": 0.07227316006321732, ""gross_amount_pct_nav"": 0.0247678083292281, ""fee"": 2.1681948018965194e-05, ""fee_pct_nav"": 7.430342498768428e-06, ""name"": ""中银香港""}, {""ts_code"": ""02628.HK"", ""side"": ""sell"", ""current_weight"": 0.06902227467656805, ""target_weight"": 0.05552579854445846, ""post_trade_weight"": 0.05553524351586011, ""diff_weight"": -0.013496476132109593, ""gross_amount"": 0.039383096268322454, ""gross_amount_pct_nav"": 0.013496476132109593, ""fee"": 1.1814928880496735e-05, ""fee_pct_nav"": 4.048942839632877e-06, ""name"": ""中国人寿""}, {""ts_code"": ""02899.HK"", ""side"": ""sell"", ""current_weight"": 0.05266637286180778, ""target_weight"": 0.042227396399733164, ""post_trade_weight"": 0.04223457930500993, ""diff_weight"": -0.010438976462074619, ""gross_amount"": 0.030461226391571894, ""gross_amount_pct_nav"": 0.010438976462074619, ""fee"": 9.138367917471567e-06, ""fee_pct_nav"": 3.1316929386223854e-06, ""name"": ""紫金矿业""}, {""ts_code"": ""09633.HK"", ""side"": ""sell"", ""current_weight"": 0.04693359145204926, ""target_weight"": 0.0, ""post_trade_weight"": 0.0, ""diff_weight"": -0.04693359145204926, ""gross_amount"": 0.1369535375220388, ""gross_amount_pct_nav"": 0.04693359145204926, ""fee"": 4.108606125661163e-05, ""fee_pct_nav"": 1.4080077435614779e-05, ""name"": ""农夫山泉""}]"
2025-10-27,0.01746923,0.03493846,0.05753623,0.04757245,0.00003153,0.00001726,0.00001427,0.00000000,rebalance,"[{""ts_code"": ""00857.HK"", ""side"": ""buy"", ""current_weight"": 0.06444366852307991, ""target_weight"": 0.08356889684403983, ""post_trade_weight"": 0.08356977278389578, ""diff_weight"": 0.019125228320959916, ""gross_amount"": 0.05753623130479915, ""gross_amount_pct_nav"": 0.019125228320959916, ""fee"": 1.7260869391439744e-05, ""fee_pct_nav"": 5.737568496287974e-06, ""name"": ""中国石油股份""}, {""ts_code"": ""01288.HK"", ""side"": ""sell"", ""current_weight"": 0.17243740799932666, ""target_weight"": 0.1566241720578051, ""post_trade_weight"": 0.15662581373742385, ""diff_weight"": -0.01581323594152158, ""gross_amount"": 0.04757245171351154, ""gross_amount_pct_nav"": 0.01581323594152158, ""fee"": 1.4271735514053462e-05, ""fee_pct_nav"": 4.7439707824564744e-06, ""name"": ""农业银行""}]"
2025-11-03,0.02969490,0.05938980,0.07169840,0.10671622,0.00005352,0.00002151,0.00003201,0.00000000,rebalance,"[{""ts_code"": ""00005.HK"", ""side"": ""buy"", ""current_weight"": 0.07696180320829074, ""target_weight"": 0.08786469102921134, ""post_trade_weight"": 0.08786625653701947, ""diff_weight"": 0.010902887820920594, ""gross_amount"": 0.03275368222398051, ""gross_amount_pct_nav"": 0.010902887820920594, ""fee"": 9.826104667194151e-06, ""fee_pct_nav"": 3.270866346276178e-06, ""name"": ""汇丰控股""}, {""ts_code"": ""00941.HK"", ""side"": ""buy"", ""current_weight"": 0.07318831145310956, ""target_weight"": 0.08615204176011286, ""post_trade_weight"": 0.08615357675320831, ""diff_weight"": 0.012963730307003308, ""gross_amount"": 0.03894471904023675, ""gross_amount_pct_nav"": 0.012963730307003308, ""fee"": 1.1683415712071024e-05, ""fee_pct_nav"": 3.8891190921009926e-06, ""name"": ""中国移动""}, {""ts_code"": ""01288.HK"", ""side"": ""sell"", ""current_weight"": 0.15632890946490918, ""target_weight"": 0.12080572807081923, ""post_trade_weight"": 0.12080788049756026, ""diff_weight"": -0.03552318139408996, ""gross_amount"": 0.10671622180082169, ""gross_amount_pct_nav"": 0.03552318139408996, ""fee"": 3.20148665402465e-05, ""fee_pct_nav"": 1.0656954418226989e-05, ""name"": ""农业银行""}]"
2025-11-10,0.06657011,0.13314023,0.20777490,0.20607549,0.00012416,0.00006233,0.00006182,0.00000000,rebalance,"[{""ts_code"": ""00005.HK"", ""side"": ""sell"", ""current_weight"": 0.08664284841040455, ""target_weight"": 0.06780544397228008, ""post_trade_weight"": 0.06780815237013676, ""diff_weight"": -0.018837404438124466, ""gross_amount"": 0.05855380685717651, ""gross_amount_pct_nav"": 0.018837404438124466, ""fee"": 1.756614205715295e-05, ""fee_pct_nav"": 5.65122133143734e-06, ""name"": ""汇丰控股""}, {""ts_code"": ""00941.HK"", ""side"": ""sell"", ""current_weight"": 0.08480810093258974, ""target_weight"": 0.07128691160932311, ""post_trade_weight"": 0.07128975906975256, ""diff_weight"": -0.013521189323266632, ""gross_amount"": 0.04202899134615057, ""gross_amount_pct_nav"": 0.013521189323266632, ""fee"": 1.2608697403845169e-05, ""fee_pct_nav"": 4.056356796979989e-06, ""name"": ""中国移动""}, {""ts_code"": ""01288.HK"", ""side"": ""buy"", ""current_weight"": 0.11888038914959997, ""target_weight"": 0.14207845741359093, ""post_trade_weight"": 0.14208413254772467, ""diff_weight"": 0.023198068263990963, ""gross_amount"": 0.07210840607319702, ""gross_amount_pct_nav"": 0.023198068263990963, ""fee"": 2.1632521821959102e-05, ""fee_pct_nav"": 6.959420479197288e-06, ""name"": ""农业银行""}, {""ts_code"": ""01299.HK"", ""side"": ""buy"", ""current_weight"": 0.0, ""target_weight"": 0.03105196605116768, ""post_trade_weight"": 0.03105320638045943, ""diff_weight"": 0.03105196605116768, ""gross_amount"": 0.09652130306316783, ""gross_amount_pct_nav"": 0.03105196605116768, ""fee"": 2.895639091895035e-05, ""fee_pct_nav"": 9.315589815350304e-06, ""name"": ""友邦保险""}, {""ts_code"": ""01398.HK"", ""side"": ""buy"", ""current_weight"": 0.11987890246473236, ""target_weight"": 0.13247234206946454, ""post_trade_weight"": 0.1324776335001567, ""diff_weight"": 0.012593439604732188, ""gross_amount"": 0.039145192890301606, ""gross_amount_pct_nav"": 0.012593439604732188, ""fee"": 1.174355786709048e-05, ""fee_pct_nav"": 3.7780318814196557e-06, ""name"": ""工商银行""}, {""ts_code"": ""01810.HK"", ""side"": ""sell"", ""current_weight"": 0.033938160153385646, ""target_weight"": 0.0, ""post_trade_weight"": 0.0, ""diff_weight"": -0.033938160153385646, ""gross_amount"": 0.10549269042009919, ""gross_amount_pct_nav"": 0.033938160153385646, ""fee"": 3.164780712602975e-05, ""fee_pct_nav"": 1.0181448046015692e-05, ""name"": ""小米集团-W""}]"
2025-11-17,0.08225537,0.16451073,0.28998880,0.21845136,0.00015253,0.00008700,0.00006554,0.00000000,rebalance,"[{""ts_code"": ""00700.HK"", ""side"": ""buy"", ""current_weight"": 0.16844793503445912, ""target_weight"": 0.1799911164204227, ""post_trade_weight"": 0.18, ""diff_weight"": 0.01154318138596358, ""gross_amount"": 0.03567558765275314, ""gross_amount_pct_nav"": 0.01154318138596358, ""fee"": 1.0702676295825941e-05, ""fee_pct_nav"": 3.462954415789074e-06, ""name"": ""腾讯控股""}, {""ts_code"": ""00883.HK"", ""side"": ""buy"", ""current_weight"": 0.0, ""target_weight"": 0.036509872483882544, ""post_trade_weight"": 0.03651167445257976, ""diff_weight"": 0.036509872483882544, ""gross_amount"": 0.11283814335391412, ""gross_amount_pct_nav"": 0.036509872483882544, ""fee"": 3.385144300617424e-05, ""fee_pct_nav"": 1.0952961745164762e-05, ""name"": ""中国海洋石油""}, {""ts_code"": ""01299.HK"", ""side"": ""sell"", ""current_weight"": 0.031230401015741274, ""target_weight"": 0.0, ""post_trade_weight"": 0.0, ""diff_weight"": -0.031230401015741274, ""gross_amount"": 0.09652130306316783, ""gross_amount_pct_nav"": 0.031230401015741274, ""fee"": 2.895639091895035e-05, ""fee_pct_nav"": 9.369120304722382e-06, ""name"": ""友邦保险""}, {""ts_code"": ""01398.HK"", ""side"": ""buy"", ""current_weight"": 0.13447295444553983, ""target_weight"": 0.14563415239702493, ""post_trade_weight"": 0.1456413402661138, ""diff_weight"": 0.011161197951485097, ""gross_amount"": 0.03449502199732579, ""gross_amount_pct_nav"": 0.011161197951485097, ""fee"": 1.0348506599197736e-05, ""fee_pct_nav"": 3.3483593854455287e-06, ""name"": ""工商银行""}, {""ts_code"": ""02318.HK"", ""side"": ""buy"", ""current_weight"": 0.0, ""target_weight"": 0.03461442960629928, ""post_trade_weight"": 0.034616138024170365, ""diff_weight"": 0.03461442960629928, ""gross_amount"": 0.10698004962229911, ""gross_amount_pct_nav"": 0.03461442960629928, ""fee"": 3.209401488668973e-05, ""fee_pct_nav"": 1.0384328881889783e-05, ""name"": ""中国平安""}, {""ts_code"": ""02899.HK"", ""side"": ""sell"", ""current_weight"": 0.039451650469038924, ""target_weight"": 0.0, ""post_trade_weight"": 0.0, ""diff_weight"": -0.039451650469038924, ""gross_amount"": 0.12193006133174335, ""gross_amount_pct_nav"": 0.039451650469038924, ""fee"": 3.6579018399523004e-05, ""fee_pct_nav"": 1.1835495140711676e-05, ""name"": ""紫金矿业""}]"
2025-11-24,0.05431631,0.10863261,0.18803057,0.13977704,0.00009834,0.00005641,0.00004193,0.00000000,rebalance,"[{""ts_code"": ""01088.HK"", ""side"": ""sell"", ""current_weight"": 0.03515115474597133, ""target_weight"": 0.0, ""post_trade_weight"": 0.0, ""diff_weight"": -0.03515115474597133, ""gross_amount"": 0.10607142327962955, ""gross_amount_pct_nav"": 0.03515115474597133, ""fee"": 3.1821426983888865e-05, ""fee_pct_nav"": 1.0545346423791398e-05, ""name"": ""中国神华""}, {""ts_code"": ""02628.HK"", ""side"": ""sell"", ""current_weight"": 0.05962952290018091, ""target_weight"": 0.048459772278771567, ""post_trade_weight"": 0.048461351623764554, ""diff_weight"": -0.011169750621409352, ""gross_amount"": 0.03370561663346794, ""gross_amount_pct_nav"": 0.011169750621409352, ""fee"": 1.011168499004038e-05, ""fee_pct_nav"": 3.3509251864228055e-06, ""name"": ""中国人寿""}, {""ts_code"": ""03988.HK"", ""side"": ""buy"", ""current_weight"": 0.0, ""target_weight"": 0.062311708737593945, ""post_trade_weight"": 0.06231373952891985, ""diff_weight"": 0.062311708737593945, ""gross_amount"": 0.18803056913912145, ""gross_amount_pct_nav"": 0.062311708737593945, ""fee"": 5.640917074173643e-05, ""fee_pct_nav"": 1.869351262127818e-05, ""name"": ""中国银行""}]"
2025-12-01,0.04142495,0.08284989,0.05103551,0.20062790,0.00007550,0.00001531,0.00006019,0.00000000,rebalance,"[{""ts_code"": ""00883.HK"", ""side"": ""sell"", ""current_weight"": 0.03539729428069288, ""target_weight"": 0.0, ""post_trade_weight"": 0.0, ""diff_weight"": -0.03539729428069288, ""gross_amount"": 0.1075222130447964, ""gross_amount_pct_nav"": 0.03539729428069288, ""fee"": 3.225666391343892e-05, ""fee_pct_nav"": 1.0619188284207864e-05, ""name"": ""中国海洋石油""}, {""ts_code"": ""00939.HK"", ""side"": ""sell"", ""current_weight"": 0.1123053339602363, ""target_weight"": 0.0959665712576832, ""post_trade_weight"": 0.09596895656298307, ""diff_weight"": -0.01633876270255311, ""gross_amount"": 0.04963034491454077, ""gross_amount_pct_nav"": 0.01633876270255311, ""fee"": 1.488910347436223e-05, ""fee_pct_nav"": 4.901628810765933e-06, ""name"": ""建设银行""}, {""ts_code"": ""01339.HK"", ""side"": ""buy"", ""current_weight"": 0.0, ""target_weight"": 0.016801355767579695, ""post_trade_weight"": 0.016801773375111486, ""diff_weight"": 0.016801355767579695, ""gross_amount"": 0.05103550966234364, ""gross_amount_pct_nav"": 0.016801355767579695, ""fee"": 1.531065289870309e-05, ""fee_pct_nav"": 5.040406730273908e-06, ""name"": ""中国人民保险集团""}, {""ts_code"": ""01398.HK"", ""side"": ""sell"", ""current_weight"": 0.1470389014449566, ""target_weight"": 0.13272642240778582, ""post_trade_weight"": 0.13272972140070236, ""diff_weight"": -0.014312479037170792, ""gross_amount"": 0.04347534046050644, ""gross_amount_pct_nav"": 0.014312479037170792, ""fee"": 1.304260213815193e-05, ""fee_pct_nav"": 4.293743711151238e-06, ""name"": ""工商银行""}]"
2025-12-08,0.07829588,0.15659177,0.23975607,0.22454416,0.00013929,0.00007193,0.00006736,0.00000000,rebalance,"[{""ts_code"": ""00883.HK"", ""side"": ""buy"", ""current_weight"": 0.0, ""target_weight"": 0.03884933442161907, ""post_trade_weight"": 0.0388511595531198, ""diff_weight"": 0.03884933442161907, ""gross_amount"": 0.11518967790073169, ""gross_amount_pct_nav"": 0.03884933442161907, ""fee"": 3.45569033702195e-05, ""fee_pct_nav"": 1.165480032648572e-05, ""name"": ""中国海洋石油""}, {""ts_code"": ""01288.HK"", ""side"": ""sell"", ""current_weight"": 0.1370798565099685, ""target_weight"": 0.11674811531659611, ""post_trade_weight"": 0.1167536001123098, ""diff_weight"": -0.020331741193372395, ""gross_amount"": 0.06028434602787719, ""gross_amount_pct_nav"": 0.020331741193372395, ""fee"": 1.8085303808363155e-05, ""fee_pct_nav"": 6.099522358011718e-06, ""name"": ""农业银行""}, {""ts_code"": ""01339.HK"", ""side"": ""sell"", ""current_weight"": 0.01798545524892655, ""target_weight"": 0.0, ""post_trade_weight"": 0.0, ""diff_weight"": -0.01798545524892655, ""gross_amount"": 0.05332752356933512, ""gross_amount_pct_nav"": 0.01798545524892655, ""fee"": 1.5998257070800534e-05, ""fee_pct_nav"": 5.395636574677964e-06, ""name"": ""中国人民保险集团""}, {""ts_code"": ""02318.HK"", ""side"": ""sell"", ""current_weight"": 0.037413471744262614, ""target_weight"": 0.0, ""post_trade_weight"": 0.0, ""diff_weight"": -0.037413471744262614, ""gross_amount"": 0.1109322932691347, ""gross_amount_pct_nav"": 0.037413471744262614, ""fee"": 3.327968798074041e-05, ""fee_pct_nav"": 1.1224041523278783e-05, ""name"": ""中国平安""}, {""ts_code"": ""02899.HK"", ""side"": ""buy"", ""current_weight"": 0.0, ""target_weight"": 0.0420117629680903, ""post_trade_weight"": 0.04201373666965136, ""diff_weight"": 0.0420117629680903, ""gross_amount"": 0.12456639261349092, ""gross_amount_pct_nav"": 0.0420117629680903, ""fee"": 3.7369917784047275e-05, ""fee_pct_nav"": 1.2603528890427088e-05, ""name"": ""紫金矿业""}]"
2025-12-15,0.05577867,0.11155735,0.17305418,0.15443803,0.00009825,0.00005192,0.00004633,0.00000000,rebalance,"[{""ts_code"": ""00883.HK"", ""side"": ""sell"", ""current_weight"": 0.03760190635751851, ""target_weight"": 0.0, ""post_trade_weight"": 0.0, ""diff_weight"": -0.03760190635751851, ""gross_amount"": 0.1103856598233147, ""gross_amount_pct_nav"": 0.03760190635751851, ""fee"": 3.3115697946994406e-05, ""fee_pct_nav"": 1.128057190725555e-05, ""name"": ""中国海洋石油""}, {""ts_code"": ""00939.HK"", ""side"": ""sell"", ""current_weight"": 0.09198873676648114, ""target_weight"": 0.07698268450548965, ""post_trade_weight"": 0.07698526098690062, ""diff_weight"": -0.015006052260991503, ""gross_amount"": 0.044052367037542034, ""gross_amount_pct_nav"": 0.015006052260991503, ""fee"": 1.321571011126261e-05, ""fee_pct_nav"": 4.501815678297451e-06, ""name"": ""建设银行""}, {""ts_code"": ""02318.HK"", ""side"": ""buy"", ""current_weight"": 0.0, ""target_weight"": 0.058949387032158934, ""post_trade_weight"": 0.05895135996933113, ""diff_weight"": 0.058949387032158934, ""gross_amount"": 0.17305417767532166, ""gross_amount_pct_nav"": 0.058949387032158934, ""fee"": 5.19162533025965e-05, ""fee_pct_nav"": 1.768481610964768e-05, ""name"": ""中国平安""}]"
2025-12-22,0.00000000,0.00000000,0.00000000,0.00000000,0.00000000,0.00000000,0.00000000,0.00000000,rebalance,
2025-12-29,0.00000000,0.00000000,0.00000000,0.00000000,0.00000000,0.00000000,0.00000000,0.00000000,rebalance,
2026-01-05,0.01371775,0.02743550,0.03855001,0.04425440,0.00002484,0.00001157,0.00001328,0.00000000,rebalance,"[{""ts_code"": ""00857.HK"", ""side"": ""buy"", ""current_weight"": 0.08569666319740654, ""target_weight"": 0.09846939852619292, ""post_trade_weight"": 0.09847020900008045, ""diff_weight"": 0.012772735328786373, ""gross_amount"": 0.03855000969742045, ""gross_amount_pct_nav"": 0.012772735328786373, ""fee"": 1.1565002909226134e-05, ""fee_pct_nav"": 3.8318205986359115e-06, ""name"": ""中国石油股份""}, {""ts_code"": ""01398.HK"", ""side"": ""sell"", ""current_weight"": 0.12841152982635584, ""target_weight"": 0.11374876306256784, ""post_trade_weight"": 0.11374969929660178, ""diff_weight"": -0.014662766763787992, ""gross_amount"": 0.044254404901126976, ""gross_amount_pct_nav"": 0.014662766763787992, ""fee"": 1.3276321470338091e-05, ""fee_pct_nav"": 4.3988300291363966e-06, ""name"": ""工商银行""}]"
2026-01-12,0.12935369,0.25870738,0.38349876,0.39879007,0.00023469,0.00011505,0.00011964,0.00000000,rebalance,"[{""ts_code"": ""00941.HK"", ""side"": ""sell"", ""current_weight"": 0.06772976460287582, ""target_weight"": 0.0, ""post_trade_weight"": 0.0, ""diff_weight"": -0.06772976460287582, ""gross_amount"": 0.20480373941424398, ""gross_amount_pct_nav"": 0.06772976460287582, ""fee"": 6.144112182427319e-05, ""fee_pct_nav"": 2.0318929380862743e-05, ""name"": ""中国移动""}, {""ts_code"": ""01088.HK"", ""side"": ""buy"", ""current_weight"": 0.0, ""target_weight"": 0.04613448208319949, ""post_trade_weight"": 0.04613806296038517, ""diff_weight"": 0.04613448208319949, ""gross_amount"": 0.13950313428636235, ""gross_amount_pct_nav"": 0.04613448208319949, ""fee"": 4.18509402859087e-05, ""fee_pct_nav"": 1.3840344624959845e-05, ""name"": ""中国神华""}, {""ts_code"": ""01288.HK"", ""side"": ""sell"", ""current_weight"": 0.1130620668795043, ""target_weight"": 0.09691726191875298, ""post_trade_weight"": 0.09692478446580308, ""diff_weight"": -0.016144804960751317, ""gross_amount"": 0.04881925173463708, ""gross_amount_pct_nav"": 0.016144804960751317, ""fee"": 1.4645775520391123e-05, ""fee_pct_nav"": 4.843441488225395e-06, ""name"": ""农业银行""}, {""ts_code"": ""01299.HK"", ""side"": ""buy"", ""current_weight"": 0.0, ""target_weight"": 0.04227805010106768, ""post_trade_weight"": 0.04228133164879999, ""diff_weight"": 0.04227805010106768, ""gross_amount"": 0.12784191421025204, ""gross_amount_pct_nav"": 0.04227805010106768, ""fee"": 3.835257426307561e-05, ""fee_pct_nav"": 1.2683415030320302e-05, ""name"": ""友邦保险""}, {""ts_code"": ""02318.HK"", ""side"": ""buy"", ""current_weight"": 0.060080540042059385, ""target_weight"": 0.07435666985514425, ""post_trade_weight"": 0.07436244128880219, ""diff_weight"": 0.014276129813084857, ""gross_amount"": 0.04316868347655242, ""gross_amount_pct_nav"": 0.014276129813084857, ""fee"": 1.2950605042965726e-05, ""fee_pct_nav"": 4.2828389439254566e-06, ""name"": ""中国平安""}, {""ts_code"": ""02628.HK"", ""side"": ""buy"", ""current_weight"": 0.05902377646395449, ""target_weight"": 0.0694724371020436, ""post_trade_weight"": 0.06947782943016388, ""diff_weight"": 0.010448660638089106, ""gross_amount"": 0.03159504219597137, ""gross_amount_pct_nav"": 0.010448660638089106, ""fee"": 9.47851265879141e-06, ""fee_pct_nav"": 3.1345981914267317e-06, ""name"": ""中国人寿""}, {""ts_code"": ""02899.HK"", ""side"": ""buy"", ""current_weight"": 0.04767626368093266, ""target_weight"": 0.0613641693335879, ""post_trade_weight"": 0.06136893231225509, ""diff_weight"": 0.013687905652655232, ""gross_amount"": 0.041389989746016764, ""gross_amount_pct_nav"": 0.013687905652655232, ""fee"": 1.2416996923805028e-05, ""fee_pct_nav"": 4.106371695796569e-06, ""name"": ""紫金矿业""}, {""ts_code"": ""03968.HK"", ""side"": ""sell"", ""current_weight"": 0.048007579955111894, ""target_weight"": 0.0, ""post_trade_weight"": 0.0, ""diff_weight"": -0.048007579955111894, ""gross_amount"": 0.1451670761397825, ""gross_amount_pct_nav"": 0.048007579955111894, ""fee"": 4.3550122841934746e-05, ""fee_pct_nav"": 1.4402273986533569e-05, ""name"": ""招商银行""}]"
2026-01-19,0.05111212,0.10222423,0.17102954,0.13787231,0.00009267,0.00005131,0.00004136,0.00000000,rebalance,"[{""ts_code"": ""00939.HK"", ""side"": ""buy"", ""current_weight"": 0.07726393921233535, ""target_weight"": 0.09206719886970158, ""post_trade_weight"": 0.09207002240596339, ""diff_weight"": 0.014803259657366225, ""gross_amount"": 0.044732586213802106, ""gross_amount_pct_nav"": 0.014803259657366225, ""fee"": 1.341977586414063e-05, ""fee_pct_nav"": 4.440977897209867e-06, ""name"": ""建设银行""}, {""ts_code"": ""00981.HK"", ""side"": ""buy"", ""current_weight"": 0.0, ""target_weight"": 0.04179518303389988, ""post_trade_weight"": 0.04179646481738319, ""diff_weight"": 0.04179518303389988, ""gross_amount"": 0.12629695564755117, ""gross_amount_pct_nav"": 0.04179518303389988, ""fee"": 3.788908669426535e-05, ""fee_pct_nav"": 1.2538554910169965e-05, ""name"": ""中芯国际""}, {""ts_code"": ""01088.HK"", ""side"": ""sell"", ""current_weight"": 0.04562579157567265, ""target_weight"": 0.0, ""post_trade_weight"": 0.0, ""diff_weight"": -0.04562579157567265, ""gross_amount"": 0.13787231342768105, ""gross_amount_pct_nav"": 0.04562579157567265, ""fee"": 4.1361694028304315e-05, ""fee_pct_nav"": 1.3687737472701794e-05, ""name"": ""中国神华""}]"
2026-01-26,0.08819322,0.17638643,0.25293604,0.28257674,0.00016065,0.00007588,0.00008477,0.00000000,rebalance,"[{""ts_code"": ""00005.HK"", ""side"": ""buy"", ""current_weight"": 0.08230059816859703, ""target_weight"": 0.100374821070149, ""post_trade_weight"": 0.10038013277818394, ""diff_weight"": 0.018074222901551966, ""gross_amount"": 0.05487370668416905, ""gross_amount_pct_nav"": 0.018074222901551966, ""fee"": 1.6462112005250712e-05, ""fee_pct_nav"": 5.422266870465589e-06, ""name"": ""汇丰控股""}, {""ts_code"": ""00857.HK"", ""side"": ""buy"", ""current_weight"": 0.10396319706086854, ""target_weight"": 0.11754449342546813, ""post_trade_weight"": 0.11755071373075522, ""diff_weight"": 0.0135812963645996, ""gross_amount"": 0.04123309074814041, ""gross_amount_pct_nav"": 0.0135812963645996, ""fee"": 1.2369927224442122e-05, ""fee_pct_nav"": 4.07438890937988e-06, ""name"": ""中国石油股份""}, {""ts_code"": ""01088.HK"", ""side"": ""buy"", ""current_weight"": 0.0, ""target_weight"": 0.04152885694989537, ""post_trade_weight"": 0.04153105460425521, ""diff_weight"": 0.04152885694989537, ""gross_amount"": 0.12608245054904674, ""gross_amount_pct_nav"": 0.04152885694989537, ""fee"": 3.782473516471402e-05, ""fee_pct_nav"": 1.245865708496861e-05, ""name"": ""中国神华""}, {""ts_code"": ""01288.HK"", ""side"": ""sell"", ""current_weight"": 0.09307472153528305, ""target_weight"": 0.0, ""post_trade_weight"": 0.0, ""diff_weight"": -0.09307472153528305, ""gross_amount"": 0.28257673909727454, ""gross_amount_pct_nav"": 0.09307472153528305, ""fee"": 8.477302172918236e-05, ""fee_pct_nav"": 2.7922416460584915e-05, ""name"": ""农业银行""}, {""ts_code"": ""03988.HK"", ""side"": ""buy"", ""current_weight"": 0.058652877248750256, ""target_weight"": 0.0687802113520903, ""post_trade_weight"": 0.06878385111351043, ""diff_weight"": 0.01012733410334004, ""gross_amount"": 0.03074679138938502, ""gross_amount_pct_nav"": 0.01012733410334004, ""fee"": 9.224037416815506e-06, ""fee_pct_nav"": 3.038200231002012e-06, ""name"": ""中国银行""}]"
2026-02-02,0.01934975,0.03869950,0.07418850,0.04495395,0.00003574,0.00002226,0.00001349,0.00000000,rebalance,"[{""ts_code"": ""00005.HK"", ""side"": ""sell"", ""current_weight"": 0.10178051255837393, ""target_weight"": 0.08717870117288223, ""post_trade_weight"": 0.08717971331640548, ""diff_weight"": -0.01460181138549171, ""gross_amount"": 0.04495394898478555, ""gross_amount_pct_nav"": 0.01460181138549171, ""fee"": 1.3486184695435665e-05, ""fee_pct_nav"": 4.380543415647513e-06, ""name"": ""汇丰控股""}, {""ts_code"": ""00700.HK"", ""side"": ""buy"", ""current_weight"": 0.16990310623894053, ""target_weight"": 0.17999791022673875, ""post_trade_weight"": 0.18000000000000427, ""diff_weight"": 0.010094803987798209, ""gross_amount"": 0.031078425237692442, ""gross_amount_pct_nav"": 0.010094803987798209, ""fee"": 9.323527571307731e-06, ""fee_pct_nav"": 3.028441196339462e-06, ""name"": ""腾讯控股""}, {""ts_code"": ""01299.HK"", ""side"": ""buy"", ""current_weight"": 0.04417948169503484, ""target_weight"": 0.05818237123888518, ""post_trade_weight"": 0.05818304673541615, ""diff_weight"": 0.014002889543850342, ""gross_amount"": 0.04311007487874338, ""gross_amount_pct_nav"": 0.014002889543850342, ""fee"": 1.2933022463623013e-05, ""fee_pct_nav"": 4.2008668631551015e-06, ""name"": ""友邦保险""}]"
2026-02-09,0.05702933,0.11405867,0.20175227,0.15247469,0.00010627,0.00006053,0.00004574,0.00000000,rebalance,"[{""ts_code"": ""00700.HK"", ""side"": ""buy"", ""current_weight"": 0.16695488706956962, ""target_weight"": 0.17999384083190872, ""post_trade_weight"": 0.18000000000000904, ""diff_weight"": 0.013038953762339102, ""gross_amount"": 0.04049450163471313, ""gross_amount_pct_nav"": 0.013038953762339102, ""fee"": 1.2148350490413938e-05, ""fee_pct_nav"": 3.91168612870173e-06, ""name"": ""腾讯控股""}, {""ts_code"": ""00883.HK"", ""side"": ""buy"", ""current_weight"": 0.0, ""target_weight"": 0.05192390426012869, ""post_trade_weight"": 0.05192568103234093, ""diff_weight"": 0.05192390426012869, ""gross_amount"": 0.1612577714644239, ""gross_amount_pct_nav"": 0.05192390426012869, ""fee"": 4.837733143932717e-05, ""fee_pct_nav"": 1.5577171278038607e-05, ""name"": ""中国海洋石油""}, {""ts_code"": ""00981.HK"", ""side"": ""sell"", ""current_weight"": 0.03715463040495503, ""target_weight"": 0.0, ""post_trade_weight"": 0.0, ""diff_weight"": -0.03715463040495503, ""gross_amount"": 0.11538949129617174, ""gross_amount_pct_nav"": 0.03715463040495503, ""fee"": 3.461684738885152e-05, ""fee_pct_nav"": 1.1146389121486509e-05, ""name"": ""中芯国际""}, {""ts_code"": ""01398.HK"", ""side"": ""sell"", ""current_weight"": 0.11606197155494308, ""target_weight"": 0.10412079145750164, ""post_trade_weight"": 0.10412435434306685, ""diff_weight"": -0.011941180097441441, ""gross_amount"": 0.03708519454781012, ""gross_amount_pct_nav"": 0.011941180097441441, ""fee"": 1.1125558364343034e-05, ""fee_pct_nav"": 3.5823540292324316e-06, ""name"": ""工商银行""}]"
2026-02-16,0.00905554,0.01811108,0.00000000,0.05527410,0.00001658,0.00000000,0.00001658,0.00000000,rebalance,"[{""ts_code"": ""01299.HK"", ""side"": ""sell"", ""current_weight"": 0.054275640413911044, ""target_weight"": 0.03616455795796099, ""post_trade_weight"": 0.03616475445281596, ""diff_weight"": -0.01811108245595006, ""gross_amount"": 0.05527409774558169, ""gross_amount_pct_nav"": 0.01811108245595006, ""fee"": 1.6582229323674506e-05, ""fee_pct_nav"": 5.4333247367850175e-06, ""name"": ""友邦保险""}]"
2026-02-23,0.15607710,0.31215419,0.43871875,0.53703823,0.00029273,0.00013162,0.00016111,0.00000000,rebalance,"[{""ts_code"": ""00005.HK"", ""side"": ""buy"", ""current_weight"": 0.0866265205371692, ""target_weight"": 0.10338031521595997, ""post_trade_weight"": 0.1033899973022451, ""diff_weight"": 0.016753794678790776, ""gross_amount"": 0.052370375465105645, ""gross_amount_pct_nav"": 0.016753794678790776, ""fee"": 1.5711112639531694e-05, ""fee_pct_nav"": 5.026138403637233e-06, ""name"": ""汇丰控股""}, {""ts_code"": ""00700.HK"", ""side"": ""sell"", ""current_weight"": 0.17180377704942126, ""target_weight"": 0.0, ""post_trade_weight"": 0.0, ""diff_weight"": -0.17180377704942126, ""gross_amount"": 0.5370382341972745, ""gross_amount_pct_nav"": 0.17180377704942126, ""fee"": 0.00016111147025918234, ""fee_pct_nav"": 5.154113311482637e-05, ""name"": ""腾讯控股""}, {""ts_code"": ""00857.HK"", ""side"": ""buy"", ""current_weight"": 0.1251503727670037, ""target_weight"": 0.14575965584412218, ""post_trade_weight"": 0.14577330696872773, ""diff_weight"": 0.02060928307711847, ""gross_amount"": 0.06442217500622033, ""gross_amount_pct_nav"": 0.02060928307711847, ""fee"": 1.9326652501866097e-05, ""fee_pct_nav"": 6.182784923135541e-06, ""name"": ""中国石油股份""}, {""ts_code"": ""00883.HK"", ""side"": ""buy"", ""current_weight"": 0.05554301141578589, ""target_weight"": 0.08313427272351907, ""post_trade_weight"": 0.08314205866613378, ""diff_weight"": 0.027591261307733192, ""gross_amount"": 0.08624701101721519, ""gross_amount_pct_nav"": 0.027591261307733192, ""fee"": 2.5874103305164553e-05, ""fee_pct_nav"": 8.277378392319957e-06, ""name"": ""中国海洋石油""}, {""ts_code"": ""01088.HK"", ""side"": ""buy"", ""current_weight"": 0.04179655839828063, ""target_weight"": 0.05215455293665893, ""post_trade_weight"": 0.05215943747275887, ""diff_weight"": 0.010357994538378303, ""gross_amount"": 0.032377862653831774, ""gross_amount_pct_nav"": 0.010357994538378303, ""fee"": 9.713358796149531e-06, ""fee_pct_nav"": 3.1073983615134904e-06, ""name"": ""中国神华""}, {""ts_code"": ""01299.HK"", ""side"": ""buy"", ""current_weight"": 0.036724143897779955, ""target_weight"": 0.04859370470273659, ""post_trade_weight"": 0.04859825574749655, ""diff_weight"": 0.011869560804956636, ""gross_amount"": 0.03710283955839587, ""gross_amount_pct_nav"": 0.011869560804956636, ""fee"": 1.113085186751876e-05, ""fee_pct_nav"": 3.5608682414869905e-06, ""name"": ""友邦保险""}, {""ts_code"": ""01398.HK"", ""side"": ""buy"", ""current_weight"": 0.10408173394910025, ""target_weight"": 0.11859083938785842, ""post_trade_weight"": 0.1186019460162062, ""diff_weight"": 0.014509105438758173, ""gross_amount"": 0.04535374308081319, ""gross_amount_pct_nav"": 0.014509105438758173, ""fee"": 1.3606122924243956e-05, ""fee_pct_nav"": 4.352731631627452e-06, ""name"": ""工商银行""}, {""ts_code"": ""02388.HK"", ""side"": ""buy"", ""current_weight"": 0.0, ""target_weight"": 0.03865941396027978, ""post_trade_weight"": 0.03866303460876508, ""diff_weight"": 0.03865941396027978, ""gross_amount"": 0.12084474372386947, ""gross_amount_pct_nav"": 0.03865941396027978, ""fee"": 3.6253423117160835e-05, ""fee_pct_nav"": 1.1597824188083934e-05, ""name"": ""中银香港""}]"
2026-03-02,0.06933882,0.13867764,0.23828063,0.18868824,0.00012809,0.00007148,0.00005661,0.00000000,rebalance,"[{""ts_code"": ""00386.HK"", ""side"": ""buy"", ""current_weight"": 0.0, ""target_weight"": 0.04414891553662358, ""post_trade_weight"": 0.04415075235329749, ""diff_weight"": 0.04414891553662358, ""gross_amount"": 0.13592827319606032, ""gross_amount_pct_nav"": 0.04414891553662358, ""fee"": 4.077848195881809e-05, ""fee_pct_nav"": 1.3244674660987072e-05, ""name"": ""中国石油化工股份""}, {""ts_code"": ""00857.HK"", ""side"": ""sell"", ""current_weight"": 0.1535526741252169, ""target_weight"": 0.1418745358951315, ""post_trade_weight"": 0.14188043858854915, ""diff_weight"": -0.011678138230085388, ""gross_amount"": 0.03595533762190806, ""gross_amount_pct_nav"": 0.011678138230085388, ""fee"": 1.0786601286572416e-05, ""fee_pct_nav"": 3.503441469025616e-06, ""name"": ""中国石油股份""}, {""ts_code"": ""00883.HK"", ""side"": ""sell"", ""current_weight"": 0.08734373003073398, ""target_weight"": 0.07560567862181784, ""post_trade_weight"": 0.07560882419786306, ""diff_weight"": -0.011738051408916131, ""gross_amount"": 0.036139801834475044, ""gross_amount_pct_nav"": 0.011738051408916131, ""fee"": 1.0841940550342512e-05, ""fee_pct_nav"": 3.521415422674839e-06, ""name"": ""中国海洋石油""}, {""ts_code"": ""01299.HK"", ""side"": ""buy"", ""current_weight"": 0.04896145414597231, ""target_weight"": 0.06280995158676661, ""post_trade_weight"": 0.06281256479628625, ""diff_weight"": 0.0138484974407943, ""gross_amount"": 0.042637566984531916, ""gross_amount_pct_nav"": 0.0138484974407943, ""fee"": 1.2791270095359574e-05, ""fee_pct_nav"": 4.1545492322382895e-06, ""name"": ""友邦保险""}, {""ts_code"": ""01398.HK"", ""side"": ""buy"", ""current_weight"": 0.11654771629161036, ""target_weight"": 0.13594282060112498, ""post_trade_weight"": 0.1359484765053877, ""diff_weight"": 0.01939510430951462, ""gross_amount"": 0.059714785860658814, ""gross_amount_pct_nav"": 0.01939510430951462, ""fee"": 1.7914435758197644e-05, ""fee_pct_nav"": 5.818531292854386e-06, ""name"": ""工商银行""}, {""ts_code"": ""02388.HK"", ""side"": ""sell"", ""current_weight"": 0.03786893546995981, ""target_weight"": 0.0, ""post_trade_weight"": 0.0, ""diff_weight"": -0.03786893546995981, ""gross_amount"": 0.1165931018607834, ""gross_amount_pct_nav"": 0.03786893546995981, ""fee"": 3.4977930558235015e-05, ""fee_pct_nav"": 1.1360680640987942e-05, ""name"": ""中银香港""}]"
2026-03-09,0.02783657,0.05567314,0.10138308,0.06671234,0.00005043,0.00003041,0.00002001,0.00000000,rebalance,"[{""ts_code"": ""00857.HK"", ""side"": ""buy"", ""current_weight"": 0.15501596704530396, ""target_weight"": 0.17556070942569554, ""post_trade_weight"": 0.1755636416796441, ""diff_weight"": 0.020544742380391563, ""gross_amount"": 0.062031296570142724, ""gross_amount_pct_nav"": 0.020544742380391563, ""fee"": 1.8609388971042815e-05, ""fee_pct_nav"": 6.163422714117468e-06, ""name"": ""中国石油股份""}, {""ts_code"": ""00939.HK"", ""side"": ""buy"", ""current_weight"": 0.09356038506494677, ""target_weight"": 0.10659368268686066, ""post_trade_weight"": 0.1065954630382159, ""diff_weight"": 0.0130332976219139, ""gross_amount"": 0.03935178816569168, ""gross_amount_pct_nav"": 0.0130332976219139, ""fee"": 1.1805536449707504e-05, ""fee_pct_nav"": 3.90998928657417e-06, ""name"": ""建设银行""}, {""ts_code"": ""02318.HK"", ""side"": ""sell"", ""current_weight"": 0.06810807283019514, ""target_weight"": 0.05676213085469189, ""post_trade_weight"": 0.05676307890840432, ""diff_weight"": -0.011345941975503262, ""gross_amount"": 0.03425710960590103, ""gross_amount_pct_nav"": 0.011345941975503262, ""fee"": 1.0277132881770308e-05, ""fee_pct_nav"": 3.403782592650978e-06, ""name"": ""中国平安""}, {""ts_code"": ""02628.HK"", ""side"": ""sell"", ""current_weight"": 0.06237414459595035, ""target_weight"": 0.051624983005576934, ""post_trade_weight"": 0.051625845257505396, ""diff_weight"": -0.010749161590373417, ""gross_amount"": 0.032455234441354536, ""gross_amount_pct_nav"": 0.010749161590373417, ""fee"": 9.73657033240636e-06, ""fee_pct_nav"": 3.2247484771120246e-06, ""name"": ""中国人寿""}]"
2026-03-16,0.05001123,0.10002247,0.16198406,0.14150651,0.00009105,0.00004860,0.00004245,0.00000000,rebalance,"[{""ts_code"": ""00005.HK"", ""side"": ""sell"", ""current_weight"": 0.09741242743149613, ""target_weight"": 0.07704170128920726, ""post_trade_weight"": 0.0770440131288488, ""diff_weight"": -0.020370726142288867, ""gross_amount"": 0.06180934869379817, ""gross_amount_pct_nav"": 0.020370726142288867, ""fee"": 1.854280460813945e-05, ""fee_pct_nav"": 6.111217842686659e-06, ""name"": ""汇丰控股""}, {""ts_code"": ""00883.HK"", ""side"": ""buy"", ""current_weight"": 0.0844642482751303, ""target_weight"": 0.10860814616667673, ""post_trade_weight"": 0.10861140524083399, ""diff_weight"": 0.024143897891546424, ""gross_amount"": 0.07325799744114442, ""gross_amount_pct_nav"": 0.024143897891546424, ""fee"": 2.1977399232343324e-05, ""fee_pct_nav"": 7.243169367463927e-06, ""name"": ""中国海洋石油""}, {""ts_code"": ""00939.HK"", ""side"": ""buy"", ""current_weight"": 0.1078113955160104, ""target_weight"": 0.12386009438945228, ""post_trade_weight"": 0.12386381113858196, ""diff_weight"": 0.01604869887344187, ""gross_amount"": 0.04869534928806801, ""gross_amount_pct_nav"": 0.01604869887344187, ""fee"": 1.4608604786420403e-05, ""fee_pct_nav"": 4.814609662032562e-06, ""name"": ""建设银行""}, {""ts_code"": ""01088.HK"", ""side"": ""buy"", ""current_weight"": 0.05848813700340423, ""target_weight"": 0.07168120237450801, ""post_trade_weight"": 0.0716833533582276, ""diff_weight"": 0.013193065371103773, ""gross_amount"": 0.04003071722464391, ""gross_amount_pct_nav"": 0.013193065371103773, ""fee"": 1.2009215167393171e-05, ""fee_pct_nav"": 3.957919611331131e-06, ""name"": ""中国神华""}, {""ts_code"": ""01299.HK"", ""side"": ""sell"", ""current_weight"": 0.06253421265495532, ""target_weight"": 0.036268135519984354, ""post_trade_weight"": 0.03626922384114052, ""diff_weight"": -0.02626607713497096, ""gross_amount"": 0.07969716489798155, ""gross_amount_pct_nav"": 0.02626607713497096, ""fee"": 2.3909149469394463e-05, ""fee_pct_nav"": 7.879823140491287e-06, ""name"": ""友邦保险""}]"
2026-03-23,0.03878748,0.07757497,0.09125480,0.13904370,0.00006909,0.00002738,0.00004171,0.00000000,rebalance,"[{""ts_code"": ""00857.HK"", ""side"": ""sell"", ""current_weight"": 0.18056710729758013, ""target_weight"": 0.1591169896653766, ""post_trade_weight"": 0.15912069280018656, ""diff_weight"": -0.02145011763220352, ""gross_amount"": 0.06367942995487114, ""gross_amount_pct_nav"": 0.02145011763220352, ""fee"": 1.9103828986461338e-05, ""fee_pct_nav"": 6.435035289661055e-06, ""name"": ""中国石油股份""}, {""ts_code"": ""00883.HK"", ""side"": ""sell"", ""current_weight"": 0.11500126104669002, ""target_weight"": 0.10271737643128799, ""post_trade_weight"": 0.10271976697608808, ""diff_weight"": -0.01228388461540204, ""gross_amount"": 0.03646743497414828, ""gross_amount_pct_nav"": 0.01228388461540204, ""fee"": 1.0940230492244484e-05, ""fee_pct_nav"": 3.685165384620612e-06, ""name"": ""中国海洋石油""}, {""ts_code"": ""01398.HK"", ""side"": ""buy"", ""current_weight"": 0.14143023220879697, ""target_weight"": 0.17216898238524722, ""post_trade_weight"": 0.1721729892795029, ""diff_weight"": 0.03073875017645027, ""gross_amount"": 0.091254795070346, ""gross_amount_pct_nav"": 0.03073875017645027, ""fee"": 2.73764385211038e-05, ""fee_pct_nav"": 9.22162505293508e-06, ""name"": ""工商银行""}, {""ts_code"": ""02899.HK"", ""side"": ""sell"", ""current_weight"": 0.051746710164294864, ""target_weight"": 0.03864449428795041, ""post_trade_weight"": 0.038645393662506904, ""diff_weight"": -0.013102215876344456, ""gross_amount"": 0.038896832756696045, ""gross_amount_pct_nav"": 0.013102215876344456, ""fee"": 1.1669049827008813e-05, ""fee_pct_nav"": 3.930664762903336e-06, ""name"": ""紫金矿业""}]"
2026-03-30,0.06090841,0.12181682,0.22956300,0.14157407,0.00011134,0.00006887,0.00004247,0.00000000,rebalance,"[{""ts_code"": ""00386.HK"", ""side"": ""sell"", ""current_weight"": 0.03599543637492189, ""target_weight"": 0.0, ""post_trade_weight"": 0.0, ""diff_weight"": -0.03599543637492189, ""gross_amount"": 0.10966663901864618, ""gross_amount_pct_nav"": 0.03599543637492189, ""fee"": 3.289999170559385e-05, ""fee_pct_nav"": 1.0798630912476567e-05, ""name"": ""中国石油化工股份""}, {""ts_code"": ""02318.HK"", ""side"": ""sell"", ""current_weight"": 0.052885422488296495, ""target_weight"": 0.042412575421569454, ""post_trade_weight"": 0.042414125447707215, ""diff_weight"": -0.01047284706672704, ""gross_amount"": 0.03190743200892043, ""gross_amount_pct_nav"": 0.01047284706672704, ""fee"": 9.57222960267613e-06, ""fee_pct_nav"": 3.1418541200181116e-06, ""name"": ""中国平安""}, {""ts_code"": ""03968.HK"", ""side"": ""buy"", ""current_weight"": 0.0, ""target_weight"": 0.046302532174690006, ""post_trade_weight"": 0.046304224364669085, ""diff_weight"": 0.046302532174690006, ""gross_amount"": 0.14106907966779714, ""gross_amount_pct_nav"": 0.046302532174690006, ""fee"": 4.2320723900339135e-05, ""fee_pct_nav"": 1.3890759652407e-05, ""name"": ""招商银行""}, {""ts_code"": ""03988.HK"", ""side"": ""buy"", ""current_weight"": 0.07497947837281414, ""target_weight"": 0.10402548057349448, ""post_trade_weight"": 0.10402928232833439, ""diff_weight"": 0.029046002200680328, ""gross_amount"": 0.08849392476030857, ""gross_amount_pct_nav"": 0.029046002200680328, ""fee"": 2.6548177428092567e-05, ""fee_pct_nav"": 8.713800660204097e-06, ""name"": ""中国银行""}]"
2026-04-08,0.14151779,0.28303558,0.41374483,0.45660233,0.00026110,0.00012412,0.00013698,0.00000000,rebalance,"[{""ts_code"": ""00005.HK"", ""side"": ""sell"", ""current_weight"": 0.08476452676644089, ""target_weight"": 0.06618238213899642, ""post_trade_weight"": 0.06618800220691912, ""diff_weight"": -0.018582144627444477, ""gross_amount"": 0.05714093170780826, ""gross_amount_pct_nav"": 0.018582144627444477, ""fee"": 1.7142279512342477e-05, ""fee_pct_nav"": 5.5746433882333426e-06, ""name"": ""汇丰控股""}, {""ts_code"": ""00857.HK"", ""side"": ""sell"", ""current_weight"": 0.15076002748224102, ""target_weight"": 0.1290162144260719, ""post_trade_weight"": 0.12902717021014568, ""diff_weight"": -0.02174381305616913, ""gross_amount"": 0.06686320453425404, ""gross_amount_pct_nav"": 0.02174381305616913, ""fee"": 2.005896136027621e-05, ""fee_pct_nav"": 6.523143916850738e-06, ""name"": ""中国石油股份""}, {""ts_code"": ""00883.HK"", ""side"": ""sell"", ""current_weight"": 0.08492494198044712, ""target_weight"": 0.06950229734660654, ""post_trade_weight"": 0.06950819933470741, ""diff_weight"": -0.01542264463384058, ""gross_amount"": 0.04742532691702964, ""gross_amount_pct_nav"": 0.01542264463384058, ""fee"": 1.422759807510889e-05, ""fee_pct_nav"": 4.626793390152174e-06, ""name"": ""中国海洋石油""}, {""ts_code"": ""00939.HK"", ""side"": ""buy"", ""current_weight"": 0.12919962758784462, ""target_weight"": 0.1403320729039192, ""post_trade_weight"": 0.14034398960676311, ""diff_weight"": 0.01113244531607457, ""gross_amount"": 0.03423277077540482, ""gross_amount_pct_nav"": 0.01113244531607457, ""fee"": 1.0269831232621445e-05, ""fee_pct_nav"": 3.339733594822371e-06, ""name"": ""建设银行""}, {""ts_code"": ""01088.HK"", ""side"": ""sell"", ""current_weight"": 0.06730676359213404, ""target_weight"": 0.05524645404325448, ""post_trade_weight"": 0.055251145455291584, ""diff_weight"": -0.012060309548879562, ""gross_amount"": 0.03708599508421376, ""gross_amount_pct_nav"": 0.012060309548879562, ""fee"": 1.1125798525264127e-05, ""fee_pct_nav"": 3.6180928646638685e-06, ""name"": ""中国神华""}, {""ts_code"": ""01288.HK"", ""side"": ""buy"", ""current_weight"": 0.0, ""target_weight"": 0.12341674860107239, ""post_trade_weight"": 0.12342722889035058, ""diff_weight"": 0.12341674860107239, ""gross_amount"": 0.3795120608951729, ""gross_amount_pct_nav"": 0.12341674860107239, ""fee"": 0.00011385361826855187, ""fee_pct_nav"": 3.702502458032172e-05, ""name"": ""农业银行""}, {""ts_code"": ""01398.HK"", ""side"": ""sell"", ""current_weight"": 0.1787409488272993, ""target_weight"": 0.16313330317852834, ""post_trade_weight"": 0.16314715611362504, ""diff_weight"": -0.015607645648770969, ""gross_amount"": 0.04799421337077081, ""gross_amount_pct_nav"": 0.015607645648770969, ""fee"": 1.4398264011231242e-05, ""fee_pct_nav"": 4.6822936946312905e-06, ""name"": ""工商银行""}, {""ts_code"": ""02628.HK"", ""side"": ""sell"", ""current_weight"": 0.04657481049124655, ""target_weight"": 0.03579994891630544, ""post_trade_weight"": 0.03580298897225442, ""diff_weight"": -0.010774861574941112, ""gross_amount"": 0.03313318466510451, ""gross_amount_pct_nav"": 0.010774861574941112, ""fee"": 9.939955399531352e-06, ""fee_pct_nav"": 3.2324584724823333e-06, ""name"": ""中国人寿""}, {""ts_code"": ""02899.HK"", ""side"": ""sell"", ""current_weight"": 0.04265446353385136, ""target_weight"": 0.0, ""post_trade_weight"": 0.0, ""diff_weight"": -0.04265446353385136, ""gross_amount"": 0.13116439661228663, ""gross_amount_pct_nav"": 0.04265446353385136, ""fee"": 3.934931898368599e-05, ""fee_pct_nav"": 1.2796339060155407e-05, ""name"": ""紫金矿业""}, {""ts_code"": ""03988.HK"", ""side"": ""sell"", ""current_weight"": 0.10559520723454083, ""target_weight"": 0.09395470152960621, ""post_trade_weight"": 0.09396267996415612, ""diff_weight"": -0.011640505704934625, ""gross_amount"": 0.035795079355245396, ""gross_amount_pct_nav"": 0.011640505704934625, ""fee"": 1.0738523806573617e-05, ""fee_pct_nav"": 3.492151711480387e-06, ""name"": ""中国银行""}]"
2026-04-13,0.01088464,0.02176929,0.03285644,0.03477399,0.00002029,0.00000986,0.00001043,0.00000000,rebalance,"[{""ts_code"": ""00005.HK"", ""side"": ""buy"", ""current_weight"": 0.06560276225706292, ""target_weight"": 0.07617878911914205, ""post_trade_weight"": 0.07617928662974656, ""diff_weight"": 0.010576026862079133, ""gross_amount"": 0.03285644193955817, ""gross_amount_pct_nav"": 0.010576026862079133, ""fee"": 9.85693258186745e-06, ""fee_pct_nav"": 3.17280805862374e-06, ""name"": ""汇丰控股""}, {""ts_code"": ""00939.HK"", ""side"": ""sell"", ""current_weight"": 0.1374336140476188, ""target_weight"": 0.12624035486034518, ""post_trade_weight"": 0.1262411793144483, ""diff_weight"": -0.011193259187273612, ""gross_amount"": 0.03477399172649054, ""gross_amount_pct_nav"": 0.011193259187273612, ""fee"": 1.043219751794716e-05, ""fee_pct_nav"": 3.3579777561820834e-06, ""name"": ""建设银行""}]"
2026-04-20,0.01133890,0.02267780,0.03888422,0.03270208,0.00002148,0.00001167,0.00000981,0.00000000,rebalance,"[{""ts_code"": ""01288.HK"", ""side"": ""buy"", ""current_weight"": 0.12968381323068717, ""target_weight"": 0.1420019349063559, ""post_trade_weight"": 0.1420029010004836, ""diff_weight"": 0.012318121675668717, ""gross_amount"": 0.03888422389796797, ""gross_amount_pct_nav"": 0.012318121675668717, ""fee"": 1.166526716939039e-05, ""fee_pct_nav"": 3.6954365027006147e-06, ""name"": ""农业银行""}, {""ts_code"": ""01398.HK"", ""side"": ""sell"", ""current_weight"": 0.1668028569844765, ""target_weight"": 0.15644317604999589, ""post_trade_weight"": 0.15644424039347682, ""diff_weight"": -0.010359680934480624, ""gross_amount"": 0.03270207614230164, ""gross_amount_pct_nav"": 0.010359680934480624, ""fee"": 9.810622842690491e-06, ""fee_pct_nav"": 3.107904280344187e-06, ""name"": ""工商银行""}]"
2026-04-27,0.07548614,0.15097227,0.24004653,0.24467494,0.00014542,0.00007201,0.00007340,0.00000000,rebalance,"[{""ts_code"": ""00005.HK"", ""side"": ""sell"", ""current_weight"": 0.07445528699742779, ""target_weight"": 0.06203580112086519, ""post_trade_weight"": 0.06203861095390901, ""diff_weight"": -0.012419485876562601, ""gross_amount"": 0.03987481441700491, ""gross_amount_pct_nav"": 0.012419485876562601, ""fee"": 1.1962444325101472e-05, ""fee_pct_nav"": 3.7258457629687797e-06, ""name"": ""汇丰控股""}, {""ts_code"": ""00941.HK"", ""side"": ""buy"", ""current_weight"": 0.0, ""target_weight"": 0.07476534929170973, ""post_trade_weight"": 0.07476873569351605, ""diff_weight"": 0.07476534929170973, ""gross_amount"": 0.24004652507037683, ""gross_amount_pct_nav"": 0.07476534929170973, ""fee"": 7.201395752111305e-05, ""fee_pct_nav"": 2.242960478751292e-05, ""name"": ""中国移动""}, {""ts_code"": ""01288.HK"", ""side"": ""sell"", ""current_weight"": 0.13961373663230278, ""target_weight"": 0.12251626948524158, ""post_trade_weight"": 0.12252181870450184, ""diff_weight"": -0.017097467147061195, ""gross_amount"": 0.054894247335671276, ""gross_amount_pct_nav"": 0.017097467147061195, ""fee"": 1.6468274200701382e-05, ""fee_pct_nav"": 5.129240144118358e-06, ""name"": ""农业银行""}, {""ts_code"": ""01299.HK"", ""side"": ""sell"", ""current_weight"": 0.03419283461330925, ""target_weight"": 0.0, ""post_trade_weight"": 0.0, ""diff_weight"": -0.03419283461330925, ""gross_amount"": 0.1097817532986649, ""gross_amount_pct_nav"": 0.03419283461330925, ""fee"": 3.2934525989599464e-05, ""fee_pct_nav"": 1.0257850383992775e-05, ""name"": ""友邦保险""}, {""ts_code"": ""03988.HK"", ""side"": ""sell"", ""current_weight"": 0.09196173938570738, ""target_weight"": 0.07946460272475599, ""post_trade_weight"": 0.07946820197329499, ""diff_weight"": -0.0124971366609514, ""gross_amount"": 0.04012412510889768, ""gross_amount_pct_nav"": 0.0124971366609514, ""fee"": 1.2037237532669303e-05, ""fee_pct_nav"": 3.74914099828542e-06, ""name"": ""中国银行""}]"
2026-05-04,0.01561769,0.03123538,0.03892309,0.06078231,0.00002991,0.00001168,0.00001823,0.00000000,rebalance,"[{""ts_code"": ""00883.HK"", ""side"": ""buy"", ""current_weight"": 0.07336268171007114, ""target_weight"": 0.08555638044283359, ""post_trade_weight"": 0.08555718216620778, ""diff_weight"": 0.012193698732762458, ""gross_amount"": 0.03892309453500012, ""gross_amount_pct_nav"": 0.012193698732762458, ""fee"": 1.1676928360500034e-05, ""fee_pct_nav"": 3.658109619828737e-06, ""name"": ""中国海洋石油""}, {""ts_code"": ""01288.HK"", ""side"": ""sell"", ""current_weight"": 0.1186364662100667, ""target_weight"": 0.09959478318211225, ""post_trade_weight"": 0.09959571645517981, ""diff_weight"": -0.019041683027954448, ""gross_amount"": 0.060782314279358096, ""gross_amount_pct_nav"": 0.019041683027954448, ""fee"": 1.823469428380743e-05, ""fee_pct_nav"": 5.712504908386335e-06, ""name"": ""农业银行""}]"
2026-05-11,0.05973214,0.11946427,0.16806849,0.20836654,0.00011293,0.00005042,0.00006251,0.00000000,rebalance,"[{""ts_code"": ""00857.HK"", ""side"": ""sell"", ""current_weight"": 0.12685906336044175, ""target_weight"": 0.11456470765072224, ""post_trade_weight"": 0.11456881371472252, ""diff_weight"": -0.012294355709719502, ""gross_amount"": 0.03873983438961176, ""gross_amount_pct_nav"": 0.012294355709719502, ""fee"": 1.1621950316883528e-05, ""fee_pct_nav"": 3.6883067129158503e-06, ""name"": ""中国石油股份""}, {""ts_code"": ""01398.HK"", ""side"": ""sell"", ""current_weight"": 0.15214585198848368, ""target_weight"": 0.14132474614812993, ""post_trade_weight"": 0.14132981130706418, ""diff_weight"": -0.010821105840353755, ""gross_amount"": 0.034097585759321536, ""gross_amount_pct_nav"": 0.010821105840353755, ""fee"": 1.022927572779646e-05, ""fee_pct_nav"": 3.246331752106126e-06, ""name"": ""工商银行""}, {""ts_code"": ""02628.HK"", ""side"": ""buy"", ""current_weight"": 0.04174842735811013, ""target_weight"": 0.0525882838408211, ""post_trade_weight"": 0.052590168634694734, ""diff_weight"": 0.010839856482710965, ""gross_amount"": 0.034156669520745725, ""gross_amount_pct_nav"": 0.010839856482710965, ""fee"": 1.0247000856223716e-05, ""fee_pct_nav"": 3.2519569448132893e-06, ""name"": ""中国人寿""}, {""ts_code"": ""02899.HK"", ""side"": ""buy"", ""current_weight"": 0.0, ""target_weight"": 0.04249784643627162, ""post_trade_weight"": 0.042499369583154464, ""diff_weight"": 0.04249784643627162, ""gross_amount"": 0.13391181870187463, ""gross_amount_pct_nav"": 0.04249784643627162, ""fee"": 4.017354561056238e-05, ""fee_pct_nav"": 1.2749353930881484e-05, ""name"": ""紫金矿业""}, {""ts_code"": ""03968.HK"", ""side"": ""sell"", ""current_weight"": 0.043011108199737906, ""target_weight"": 0.0, ""post_trade_weight"": 0.0, ""diff_weight"": -0.043011108199737906, ""gross_amount"": 0.13552911985898078, ""gross_amount_pct_nav"": 0.043011108199737906, ""fee"": 4.065873595769423e-05, ""fee_pct_nav"": 1.2903332459921372e-05, ""name"": ""招商银行""}]"
