date,one_way_turnover,two_way_turnover,buy_amount,sell_amount,trading_cost,buy_cost,sell_commission,sell_stamp_duty,event_type,trade_details_json
2020-12-14,0.00000000,0.00000000,0.00000000,0.00000000,0.00000000,0.00000000,0.00000000,0.00000000,rebalance,
2020-12-21,0.00000000,0.00000000,0.00000000,0.00000000,0.00000000,0.00000000,0.00000000,0.00000000,rebalance,
2020-12-28,0.00000000,0.00000000,0.00000000,0.00000000,0.00000000,0.00000000,0.00000000,0.00000000,rebalance,
2021-01-04,0.00000000,0.00000000,0.00000000,0.00000000,0.00000000,0.00000000,0.00000000,0.00000000,rebalance,
2021-01-11,0.00000000,0.00000000,0.00000000,0.00000000,0.00000000,0.00000000,0.00000000,0.00000000,rebalance,
2021-01-18,0.00000000,0.00000000,0.00000000,0.00000000,0.00000000,0.00000000,0.00000000,0.00000000,rebalance,
2021-01-25,0.00000000,0.00000000,0.00000000,0.00000000,0.00000000,0.00000000,0.00000000,0.00000000,rebalance,
2021-02-01,0.49985004,0.99970009,0.99970009,0.00000000,0.00029991,0.00029991,0.00000000,0.00000000,rebalance,"[{""ts_code"": ""00005.HK"", ""side"": ""buy"", ""current_weight"": 0.0, ""target_weight"": 0.1512657471362406, ""post_trade_weight"": 0.15131112686038148, ""diff_weight"": 0.1512657471362406, ""gross_amount"": 0.1512657471362406, ""gross_amount_pct_nav"": 0.1512657471362406, ""fee"": 4.537972414087218e-05, ""fee_pct_nav"": 4.537972414087218e-05, ""name"": ""汇丰控股""}, {""ts_code"": ""00016.HK"", ""side"": ""buy"", ""current_weight"": 0.0, ""target_weight"": 0.15693378449965947, ""post_trade_weight"": 0.15698086463500938, ""diff_weight"": 0.15693378449965947, ""gross_amount"": 0.15693378449965947, ""gross_amount_pct_nav"": 0.15693378449965947, ""fee"": 4.708013534989784e-05, ""fee_pct_nav"": 4.708013534989784e-05, ""name"": ""新鸿基地产""}, {""ts_code"": ""00083.HK"", ""side"": ""buy"", ""current_weight"": 0.0, ""target_weight"": 0.1725208872490613, ""post_trade_weight"": 0.17257264351523605, ""diff_weight"": 0.1725208872490613, ""gross_amount"": 0.1725208872490613, ""gross_amount_pct_nav"": 0.1725208872490613, ""fee"": 5.175626617471839e-05, ""fee_pct_nav"": 5.175626617471839e-05, ""name"": ""信和置业""}, {""ts_code"": ""01658.HK"", ""side"": ""buy"", ""current_weight"": 0.0, ""target_weight"": 0.19944406472530082, ""post_trade_weight"": 0.19950389794471843, ""diff_weight"": 0.19944406472530082, ""gross_amount"": 0.19944406472530082, ""gross_amount_pct_nav"": 0.19944406472530082, ""fee"": 5.9833219417590245e-05, ""fee_pct_nav"": 5.9833219417590245e-05, ""name"": ""邮储银行""}, {""ts_code"": ""02338.HK"", ""side"": ""buy"", ""current_weight"": 0.0, ""target_weight"": 0.1611848125222236, ""post_trade_weight"": 0.16123316796598028, ""diff_weight"": 0.1611848125222236, ""gross_amount"": 0.1611848125222236, ""gross_amount_pct_nav"": 0.1611848125222236, ""fee"": 4.835544375666708e-05, ""fee_pct_nav"": 4.835544375666708e-05, ""name"": ""潍柴动力""}, {""ts_code"": ""03808.HK"", ""side"": ""buy"", ""current_weight"": 0.0, ""target_weight"": 0.15835079384051418, ""post_trade_weight"": 0.15839829907866634, ""diff_weight"": 0.15835079384051418, ""gross_amount"": 0.15835079384051418, ""gross_amount_pct_nav"": 0.15835079384051418, ""fee"": 4.750523815215425e-05, ""fee_pct_nav"": 4.750523815215425e-05, ""name"": ""中国重汽""}]"
2021-02-08,0.84275309,1.68550618,0.88974086,0.89027486,0.00053400,0.00026692,0.00026708,0.00000000,rebalance,"[{""ts_code"": ""00005.HK"", ""side"": ""sell"", ""current_weight"": 0.14534913602285812, ""target_weight"": 0.0, ""post_trade_weight"": 0.0, ""diff_weight"": -0.14534913602285812, ""gross_amount"": 0.15349913866578216, ""gross_amount_pct_nav"": 0.14534913602285812, ""fee"": 4.6049741599734644e-05, ""fee_pct_nav"": 4.360474080685744e-05, ""name"": ""汇丰控股""}, {""ts_code"": ""00016.HK"", ""side"": ""sell"", ""current_weight"": 0.14790624749513492, ""target_weight"": 0.0, ""post_trade_weight"": 0.0, ""diff_weight"": -0.14790624749513492, ""gross_amount"": 0.15619963224425895, ""gross_amount_pct_nav"": 0.14790624749513492, ""fee"": 4.685988967327768e-05, ""fee_pct_nav"": 4.4371874248540477e-05, ""name"": ""新鸿基地产""}, {""ts_code"": ""00027.HK"", ""side"": ""buy"", ""current_weight"": 0.0, ""target_weight"": 0.17570861113389422, ""post_trade_weight"": 0.1757975034674056, ""diff_weight"": 0.17570861113389422, ""gross_amount"": 0.18556092731760063, ""gross_amount_pct_nav"": 0.17570861113389422, ""fee"": 5.566827819528018e-05, ""fee_pct_nav"": 5.271258334016826e-05, ""name"": ""银河娱乐""}, {""ts_code"": ""00083.HK"", ""side"": ""sell"", ""current_weight"": 0.1627910653877093, ""target_weight"": 0.0, ""post_trade_weight"": 0.0, ""diff_weight"": -0.1627910653877093, ""gross_amount"": 0.17191907020051808, ""gross_amount_pct_nav"": 0.1627910653877093, ""fee"": 5.157572106015542e-05, ""fee_pct_nav"": 4.883731961631278e-05, ""name"": ""信和置业""}, {""ts_code"": ""00883.HK"", ""side"": ""buy"", ""current_weight"": 0.0, ""target_weight"": 0.1680841743588534, ""post_trade_weight"": 0.16816920943134459, ""diff_weight"": 0.1680841743588534, ""gross_amount"": 0.17750897386397688, ""gross_amount_pct_nav"": 0.1680841743588534, ""fee"": 5.325269215919306e-05, ""fee_pct_nav"": 5.0425252307656016e-05, ""name"": ""中国海洋石油""}, {""ts_code"": ""01658.HK"", ""side"": ""sell"", ""current_weight"": 0.20301872343085367, ""target_weight"": 0.15699408450424865, ""post_trade_weight"": 0.15707350901525588, ""diff_weight"": -0.04602463892660501, ""gross_amount"": 0.04860532801190143, ""gross_amount_pct_nav"": 0.04602463892660501, ""fee"": 1.4581598403570427e-05, ""fee_pct_nav"": 1.3807391677981501e-05, ""name"": ""邮储银行""}, {""ts_code"": ""02269.HK"", ""side"": ""buy"", ""current_weight"": 0.0, ""target_weight"": 0.14936964772920786, ""post_trade_weight"": 0.14944521497919486, ""diff_weight"": 0.14936964772920786, ""gross_amount"": 0.15774508811417326, ""gross_amount_pct_nav"": 0.14936964772920786, ""fee"": 4.732352643425197e-05, ""fee_pct_nav"": 4.481089431876235e-05, ""name"": ""药明生物""}, {""ts_code"": ""02313.HK"", ""side"": ""buy"", ""current_weight"": 0.0, ""target_weight"": 0.16461852127928941, ""post_trade_weight"": 0.16470180305131685, ""diff_weight"": 0.16461852127928941, ""gross_amount"": 0.17384899502142065, ""gross_amount_pct_nav"": 0.16461852127928941, ""fee"": 5.215469850642619e-05, ""fee_pct_nav"": 4.938555638378682e-05, ""name"": ""申洲国际""}, {""ts_code"": ""02338.HK"", ""side"": ""sell"", ""current_weight"": 0.17334207060018222, ""target_weight"": 0.0, ""post_trade_weight"": 0.0, ""diff_weight"": -0.17334207060018222, ""gross_amount"": 0.18306169035285305, ""gross_amount_pct_nav"": 0.17334207060018222, ""fee"": 5.491850710585591e-05, ""fee_pct_nav"": 5.200262118005467e-05, ""name"": ""潍柴动力""}, {""ts_code"": ""03808.HK"", ""side"": ""sell"", ""current_weight"": 0.16759275706325433, ""target_weight"": 0.0, ""post_trade_weight"": 0.0, ""diff_weight"": -0.16759275706325433, ""gross_amount"": 0.17699000186549135, ""gross_amount_pct_nav"": 0.16759275706325433, ""fee"": 5.3097000559647404e-05, ""fee_pct_nav"": 5.0277827118976296e-05, ""name"": ""中国重汽""}, {""ts_code"": ""03968.HK"", ""side"": ""buy"", ""current_weight"": 0.0, ""target_weight"": 0.18471930914076057, ""post_trade_weight"": 0.18481276005547767, ""diff_weight"": 0.18471930914076057, ""gross_amount"": 0.19507687230824677, ""gross_amount_pct_nav"": 0.18471930914076057, ""fee"": 5.852306169247403e-05, ""fee_pct_nav"": 5.541579274222816e-05, ""name"": ""招商银行""}]"
2021-02-16,0.34448372,0.68896745,0.37574416,0.38559541,0.00022840,0.00011272,0.00011568,0.00000000,rebalance,"[{""ts_code"": ""00883.HK"", ""side"": ""sell"", ""current_weight"": 0.1782724664546148, ""target_weight"": 0.0, ""post_trade_weight"": 0.0, ""diff_weight"": -0.1782724664546148, ""gross_amount"": 0.19699897944025815, ""gross_amount_pct_nav"": 0.1782724664546148, ""fee"": 5.909969383207744e-05, ""fee_pct_nav"": 5.348173993638444e-05, ""name"": ""中国海洋石油""}, {""ts_code"": ""00939.HK"", ""side"": ""buy"", ""current_weight"": 0.0, ""target_weight"": 0.18160496834401477, ""post_trade_weight"": 0.18164251207729504, ""diff_weight"": 0.18160496834401477, ""gross_amount"": 0.200681541780089, ""gross_amount_pct_nav"": 0.18160496834401477, ""fee"": 6.02044625340267e-05, ""fee_pct_nav"": 5.448149050320443e-05, ""name"": ""建设银行""}, {""ts_code"": ""00998.HK"", ""side"": ""buy"", ""current_weight"": 0.0, ""target_weight"": 0.15842135536392773, ""post_trade_weight"": 0.1584541062801935, ""diff_weight"": 0.15842135536392773, ""gross_amount"": 0.17506262155284355, ""gross_amount_pct_nav"": 0.15842135536392773, ""fee"": 5.251878646585306e-05, ""fee_pct_nav"": 4.752640660917831e-05, ""name"": ""中信银行""}, {""ts_code"": ""02269.HK"", ""side"": ""sell"", ""current_weight"": 0.14887301106810694, ""target_weight"": 0.0, ""post_trade_weight"": 0.0, ""diff_weight"": -0.14887301106810694, ""gross_amount"": 0.16451127776415042, ""gross_amount_pct_nav"": 0.14887301106810694, ""fee"": 4.935338332924512e-05, ""fee_pct_nav"": 4.466190332043208e-05, ""name"": ""药明生物""}, {""ts_code"": ""02313.HK"", ""side"": ""sell"", ""current_weight"": 0.16508870838539114, ""target_weight"": 0.1545574198672466, ""post_trade_weight"": 0.15458937198067663, ""diff_weight"": -0.01053128851814454, ""gross_amount"": 0.011637540734836666, ""gross_amount_pct_nav"": 0.01053128851814454, ""fee"": 3.4912622204509994e-06, ""fee_pct_nav"": 3.1593865554433614e-06, ""name"": ""申洲国际""}, {""ts_code"": ""03968.HK"", ""side"": ""sell"", ""current_weight"": 0.18659042924770466, ""target_weight"": 0.17532607316190785, ""post_trade_weight"": 0.17536231884058004, ""diff_weight"": -0.011264356085796824, ""gross_amount"": 0.012447612898868893, ""gross_amount_pct_nav"": 0.011264356085796824, ""fee"": 3.7342838696606677e-06, ""fee_pct_nav"": 3.379306825739047e-06, ""name"": ""招商银行""}]"
2021-02-22,0.99525506,1.99051012,1.08145649,1.07247982,0.00064618,0.00032444,0.00032174,0.00000000,rebalance,"[{""ts_code"": ""00016.HK"", ""side"": ""buy"", ""current_weight"": 0.0, ""target_weight"": 0.18019068820014195, ""post_trade_weight"": 0.18029835390946214, ""diff_weight"": 0.18019068820014195, ""gross_amount"": 0.19498482455790792, ""gross_amount_pct_nav"": 0.18019068820014195, ""fee"": 5.849544736737237e-05, ""fee_pct_nav"": 5.405720646004258e-05, ""name"": ""新鸿基地产""}, {""ts_code"": ""00027.HK"", ""side"": ""sell"", ""current_weight"": 0.1746116931120011, ""target_weight"": 0.0, ""post_trade_weight"": 0.0, ""diff_weight"": -0.1746116931120011, ""gross_amount"": 0.1889477790849348, ""gross_amount_pct_nav"": 0.1746116931120011, ""fee"": 5.668433372548043e-05, ""fee_pct_nav"": 5.2383507933600314e-05, ""name"": ""银河娱乐""}, {""ts_code"": ""00388.HK"", ""side"": ""buy"", ""current_weight"": 0.0, ""target_weight"": 0.171451054250349, ""post_trade_weight"": 0.17155349794238406, ""diff_weight"": 0.171451054250349, ""gross_amount"": 0.18552764333826613, ""gross_amount_pct_nav"": 0.171451054250349, ""fee"": 5.565829300147984e-05, ""fee_pct_nav"": 5.14353162751047e-05, ""name"": ""香港交易所""}, {""ts_code"": ""00914.HK"", ""side"": ""buy"", ""current_weight"": 0.0, ""target_weight"": 0.1596268436123939, ""post_trade_weight"": 0.15972222222221963, ""diff_weight"": 0.1596268436123939, ""gross_amount"": 0.17273263345286846, ""gross_amount_pct_nav"": 0.1596268436123939, ""fee"": 5.1819790035860537e-05, ""fee_pct_nav"": 4.788805308371817e-05, ""name"": ""海螺水泥""}, {""ts_code"": ""00939.HK"", ""side"": ""sell"", ""current_weight"": 0.18384950432807526, ""target_weight"": 0.0, ""post_trade_weight"": 0.0, ""diff_weight"": -0.18384950432807526, ""gross_amount"": 0.19894403925385445, ""gross_amount_pct_nav"": 0.18384950432807526, ""fee"": 5.968321177615633e-05, ""fee_pct_nav"": 5.515485129842258e-05, ""name"": ""建设银行""}, {""ts_code"": ""00941.HK"", ""side"": ""buy"", ""current_weight"": 0.0, ""target_weight"": 0.16631009310341202, ""post_trade_weight"": 0.16640946502057344, ""diff_weight"": 0.16631009310341202, ""gross_amount"": 0.17996459556200628, ""gross_amount_pct_nav"": 0.16631009310341202, ""fee"": 5.398937866860188e-05, ""fee_pct_nav"": 4.98930279310236e-05, ""name"": ""中国移动""}, {""ts_code"": ""00998.HK"", ""side"": ""sell"", ""current_weight"": 0.15994163825958296, ""target_weight"": 0.0, ""post_trade_weight"": 0.0, ""diff_weight"": -0.15994163825958296, ""gross_amount"": 0.17307327358065214, ""gross_amount_pct_nav"": 0.15994163825958296, ""fee"": 5.1921982074195634e-05, ""fee_pct_nav"": 4.798249147787488e-05, ""name"": ""中信银行""}, {""ts_code"": ""01113.HK"", ""side"": ""buy"", ""current_weight"": 0.0, ""target_weight"": 0.16888057367688053, ""post_trade_weight"": 0.16898148148147876, ""diff_weight"": 0.16888057367688053, ""gross_amount"": 0.18274611945013622, ""gross_amount_pct_nav"": 0.16888057367688053, ""fee"": 5.482383583504086e-05, ""fee_pct_nav"": 5.0664172103064155e-05, ""name"": ""长实集团""}, {""ts_code"": ""01658.HK"", ""side"": ""sell"", ""current_weight"": 0.15094998866708262, ""target_weight"": 0.0, ""post_trade_weight"": 0.0, ""diff_weight"": -0.15094998866708262, ""gross_amount"": 0.1633433855615082, ""gross_amount_pct_nav"": 0.15094998866708262, ""fee"": 4.9003015668452455e-05, ""fee_pct_nav"": 4.528499660012478e-05, ""name"": ""邮储银行""}, {""ts_code"": ""01876.HK"", ""side"": ""buy"", ""current_weight"": 0.0, ""target_weight"": 0.1529435941213758, ""post_trade_weight"": 0.15303497942386582, ""diff_weight"": 0.1529435941213758, ""gross_amount"": 0.16550067134373064, ""gross_amount_pct_nav"": 0.1529435941213758, ""fee"": 4.9650201403119186e-05, ""fee_pct_nav"": 4.588307823641273e-05, ""name"": ""百威亚太""}, {""ts_code"": ""02313.HK"", ""side"": ""sell"", ""current_weight"": 0.15356815664500487, ""target_weight"": 0.0, ""post_trade_weight"": 0.0, ""diff_weight"": -0.15356815664500487, ""gross_amount"": 0.16617651211725604, ""gross_amount_pct_nav"": 0.15356815664500487, ""fee"": 4.9852953635176804e-05, ""fee_pct_nav"": 4.607044699350145e-05, ""name"": ""申洲国际""}, {""ts_code"": ""03968.HK"", ""side"": ""sell"", ""current_weight"": 0.1681862901260266, ""target_weight"": 0.0, ""post_trade_weight"": 0.0, ""diff_weight"": -0.1681862901260266, ""gross_amount"": 0.18199483336699337, ""gross_amount_pct_nav"": 0.1681862901260266, ""fee"": 5.459845001009801e-05, ""fee_pct_nav"": 5.045588703780797e-05, ""name"": ""招商银行""}]"
2021-03-01,0.80844618,1.61689236,0.84117733,0.84517622,0.00050591,0.00025235,0.00025355,0.00000000,rebalance,"[{""ts_code"": ""00003.HK"", ""side"": ""buy"", ""current_weight"": 0.0, ""target_weight"": 0.17858582981112084, ""post_trade_weight"": 0.17867249807049015, ""diff_weight"": 0.17858582981112084, ""gross_amount"": 0.18625782065666846, ""gross_amount_pct_nav"": 0.17858582981112084, ""fee"": 5.587734619700053e-05, ""fee_pct_nav"": 5.3575748943336244e-05, ""name"": ""香港中华煤气""}, {""ts_code"": ""00384.HK"", ""side"": ""buy"", ""current_weight"": 0.0, ""target_weight"": 0.15595724374434095, ""post_trade_weight"": 0.15603293028042087, ""diff_weight"": 0.15595724374434095, ""gross_amount"": 0.16265711767929364, ""gross_amount_pct_nav"": 0.15595724374434095, ""fee"": 4.8797135303788085e-05, ""fee_pct_nav"": 4.678717312330228e-05, ""name"": ""中国燃气""}, {""ts_code"": ""00388.HK"", ""side"": ""sell"", ""current_weight"": 0.15483258624809348, ""target_weight"": 0.0, ""post_trade_weight"": 0.0, ""diff_weight"": -0.15483258624809348, ""gross_amount"": 0.16148414525221033, ""gross_amount_pct_nav"": 0.15483258624809348, ""fee"": 4.844524357566309e-05, ""fee_pct_nav"": 4.644977587442804e-05, ""name"": ""香港交易所""}, {""ts_code"": ""00914.HK"", ""side"": ""sell"", ""current_weight"": 0.16143125220497123, ""target_weight"": 0.0, ""post_trade_weight"": 0.0, ""diff_weight"": -0.16143125220497123, ""gross_amount"": 0.16836628781452498, ""gross_amount_pct_nav"": 0.16143125220497123, ""fee"": 5.050988634435749e-05, ""fee_pct_nav"": 4.842937566149136e-05, ""name"": ""海螺水泥""}, {""ts_code"": ""00939.HK"", ""side"": ""buy"", ""current_weight"": 0.0, ""target_weight"": 0.1513286693215905, ""post_trade_weight"": 0.1514021095960885, ""diff_weight"": 0.1513286693215905, ""gross_amount"": 0.1578297011611942, ""gross_amount_pct_nav"": 0.1513286693215905, ""fee"": 4.734891034835826e-05, ""fee_pct_nav"": 4.5398600796477145e-05, ""name"": ""建设银行""}, {""ts_code"": ""00941.HK"", ""side"": ""sell"", ""current_weight"": 0.1747248177613343, ""target_weight"": 0.0, ""post_trade_weight"": 0.0, ""diff_weight"": -0.1747248177613343, ""gross_amount"": 0.18223094074865467, ""gross_amount_pct_nav"": 0.1747248177613343, ""fee"": 5.4669282224596396e-05, ""fee_pct_nav"": 5.241744532840029e-05, ""name"": ""中国移动""}, {""ts_code"": ""00960.HK"", ""side"": ""buy"", ""current_weight"": 0.0, ""target_weight"": 0.16881439491864772, ""post_trade_weight"": 0.16889632107023297, ""diff_weight"": 0.16881439491864772, ""gross_amount"": 0.17606660800734752, ""gross_amount_pct_nav"": 0.16881439491864772, ""fee"": 5.2819982402204254e-05, ""fee_pct_nav"": 5.064431847559431e-05, ""name"": ""龙湖集团""}, {""ts_code"": ""01109.HK"", ""side"": ""buy"", ""current_weight"": 0.0, ""target_weight"": 0.1518429553685628, ""post_trade_weight"": 0.15191664522768097, ""diff_weight"": 0.1518429553685628, ""gross_amount"": 0.15836608077431638, ""gross_amount_pct_nav"": 0.1518429553685628, ""fee"": 4.750982423229491e-05, ""fee_pct_nav"": 4.555288661056883e-05, ""name"": ""华润置地""}, {""ts_code"": ""01113.HK"", ""side"": ""sell"", ""current_weight"": 0.18020584587601557, ""target_weight"": 0.0, ""post_trade_weight"": 0.0, ""diff_weight"": -0.18020584587601557, ""gross_amount"": 0.187947432100058, ""gross_amount_pct_nav"": 0.18020584587601557, ""fee"": 5.6384229630017394e-05, ""fee_pct_nav"": 5.4061753762804665e-05, ""name"": ""长实集团""}, {""ts_code"": ""01876.HK"", ""side"": ""sell"", ""current_weight"": 0.13916876936497083, ""target_weight"": 0.0, ""post_trade_weight"": 0.0, ""diff_weight"": -0.13916876936497083, ""gross_amount"": 0.14514741574292495, ""gross_amount_pct_nav"": 0.13916876936497083, ""fee"": 4.354422472287748e-05, ""fee_pct_nav"": 4.175063080949125e-05, ""name"": ""百威亚太""}]"
2021-03-08,0.83891837,1.67783674,0.89044662,0.88748702,0.00053338,0.00026713,0.00026625,0.00000000,rebalance,"[{""ts_code"": ""00003.HK"", ""side"": ""sell"", ""current_weight"": 0.17859144994314502, ""target_weight"": 0.0, ""post_trade_weight"": 0.0, ""diff_weight"": -0.17859144994314502, ""gross_amount"": 0.18924591403618723, ""gross_amount_pct_nav"": 0.17859144994314502, ""fee"": 5.6773774210856164e-05, ""fee_pct_nav"": 5.3577434982943496e-05, ""name"": ""香港中华煤气""}, {""ts_code"": ""00016.HK"", ""side"": ""sell"", ""current_weight"": 0.184949184404255, ""target_weight"": 0.0, ""post_trade_weight"": 0.0, ""diff_weight"": -0.184949184404255, ""gross_amount"": 0.19598294019099566, ""gross_amount_pct_nav"": 0.184949184404255, ""fee"": 5.8794882057298695e-05, ""fee_pct_nav"": 5.54847553212765e-05, ""name"": ""新鸿基地产""}, {""ts_code"": ""00384.HK"", ""side"": ""sell"", ""current_weight"": 0.15320721128520398, ""target_weight"": 0.0, ""post_trade_weight"": 0.0, ""diff_weight"": -0.15320721128520398, ""gross_amount"": 0.16234729459799974, ""gross_amount_pct_nav"": 0.15320721128520398, ""fee"": 4.8704188379399915e-05, ""fee_pct_nav"": 4.596216338556119e-05, ""name"": ""中国燃气""}, {""ts_code"": ""00939.HK"", ""side"": ""buy"", ""current_weight"": 0.15918178935370347, ""target_weight"": 0.18017443417341839, ""post_trade_weight"": 0.18026517083120613, ""diff_weight"": 0.020992644819714926, ""gross_amount"": 0.02224503053314547, ""gross_amount_pct_nav"": 0.020992644819714926, ""fee"": 6.673509159943641e-06, ""fee_pct_nav"": 6.297793445914477e-06, ""name"": ""建设银行""}, {""ts_code"": ""00941.HK"", ""side"": ""buy"", ""current_weight"": 0.0, ""target_weight"": 0.15163194955188675, ""post_trade_weight"": 0.1517083120856685, ""diff_weight"": 0.15163194955188675, ""gross_amount"": 0.16067805541178587, ""gross_amount_pct_nav"": 0.15163194955188675, ""fee"": 4.820341662353576e-05, ""fee_pct_nav"": 4.5489584865566016e-05, ""name"": ""中国移动""}, {""ts_code"": ""00960.HK"", ""side"": ""sell"", ""current_weight"": 0.16947636402223024, ""target_weight"": 0.0, ""post_trade_weight"": 0.0, ""diff_weight"": -0.16947636402223024, ""gross_amount"": 0.17958703749326732, ""gross_amount_pct_nav"": 0.16947636402223024, ""fee"": 5.387611124798019e-05, ""fee_pct_nav"": 5.0842909206669065e-05, ""name"": ""龙湖集团""}, {""ts_code"": ""01109.HK"", ""side"": ""sell"", ""current_weight"": 0.1512976673700864, ""target_weight"": 0.0, ""post_trade_weight"": 0.0, ""diff_weight"": -0.1512976673700864, ""gross_amount"": 0.1603238305199394, ""gross_amount_pct_nav"": 0.1512976673700864, ""fee"": 4.809714915598181e-05, ""fee_pct_nav"": 4.5389300211025915e-05, ""name"": ""华润置地""}, {""ts_code"": ""01288.HK"", ""side"": ""buy"", ""current_weight"": 0.0, ""target_weight"": 0.16080631960880762, ""post_trade_weight"": 0.16088730239673416, ""diff_weight"": 0.16080631960880762, ""gross_amount"": 0.1703997528820788, ""gross_amount_pct_nav"": 0.16080631960880762, ""fee"": 5.111992586462363e-05, ""fee_pct_nav"": 4.8241895882642276e-05, ""name"": ""农业银行""}, {""ts_code"": ""01398.HK"", ""side"": ""buy"", ""current_weight"": 0.0, ""target_weight"": 0.1720194385672665, ""post_trade_weight"": 0.1721060683324811, ""diff_weight"": 0.1720194385672665, ""gross_amount"": 0.1822818275679924, ""gross_amount_pct_nav"": 0.1720194385672665, ""fee"": 5.468454827039772e-05, ""fee_pct_nav"": 5.160583157017994e-05, ""name"": ""工商银行""}, {""ts_code"": ""02388.HK"", ""side"": ""buy"", ""current_weight"": 0.0, ""target_weight"": 0.15418038567880918, ""post_trade_weight"": 0.15425803161652005, ""diff_weight"": 0.15418038567880918, ""gross_amount"": 0.16337852693131166, ""gross_amount_pct_nav"": 0.15418038567880918, ""fee"": 4.9013558079393495e-05, ""fee_pct_nav"": 4.6254115703642754e-05, ""name"": ""中银香港""}, {""ts_code"": ""03988.HK"", ""side"": ""buy"", ""current_weight"": 0.0, ""target_weight"": 0.1806841213988029, ""post_trade_weight"": 0.18077511473737645, ""diff_weight"": 0.1806841213988029, ""gross_amount"": 0.19146343073438019, ""gross_amount_pct_nav"": 0.1806841213988029, ""fee"": 5.743902922031405e-05, ""fee_pct_nav"": 5.420523641964086e-05, ""name"": ""中国银行""}]"
2021-03-15,0.85147726,1.70295453,0.90202471,0.90256608,0.00054138,0.00027061,0.00027077,0.00000000,rebalance,"[{""ts_code"": ""00006.HK"", ""side"": ""buy"", ""current_weight"": 0.0, ""target_weight"": 0.16385386833779866, ""post_trade_weight"": 0.16393762183235788, ""diff_weight"": 0.16385386833779866, ""gross_amount"": 0.17363304590204942, ""gross_amount_pct_nav"": 0.16385386833779866, ""fee"": 5.208991377061482e-05, ""fee_pct_nav"": 4.91561605013396e-05, ""name"": ""电能实业""}, {""ts_code"": ""00857.HK"", ""side"": ""buy"", ""current_weight"": 0.0, ""target_weight"": 0.19190970310669644, ""post_trade_weight"": 0.19200779727095427, ""diff_weight"": 0.19190970310669644, ""gross_amount"": 0.20336331773307811, ""gross_amount_pct_nav"": 0.19190970310669644, ""fee"": 6.100899531992343e-05, ""fee_pct_nav"": 5.7572910932008925e-05, ""name"": ""中国石油股份""}, {""ts_code"": ""00939.HK"", ""side"": ""sell"", ""current_weight"": 0.18166554298509643, ""target_weight"": 0.0, ""post_trade_weight"": 0.0, ""diff_weight"": -0.18166554298509643, ""gross_amount"": 0.1925077624589437, ""gross_amount_pct_nav"": 0.18166554298509643, ""fee"": 5.7752328737683104e-05, ""fee_pct_nav"": 5.449966289552893e-05, ""name"": ""建设银行""}, {""ts_code"": ""00941.HK"", ""side"": ""sell"", ""current_weight"": 0.14032809745843303, ""target_weight"": 0.0, ""post_trade_weight"": 0.0, ""diff_weight"": -0.14032809745843303, ""gross_amount"": 0.14870320264344095, ""gross_amount_pct_nav"": 0.14032809745843303, ""fee"": 4.461096079303228e-05, ""fee_pct_nav"": 4.209842923752991e-05, ""name"": ""中国移动""}, {""ts_code"": ""01193.HK"", ""side"": ""buy"", ""current_weight"": 0.0, ""target_weight"": 0.15606058090199376, ""post_trade_weight"": 0.15614035087719225, ""diff_weight"": 0.15606058090199376, ""gross_amount"": 0.16537463706009703, ""gross_amount_pct_nav"": 0.15606058090199376, ""fee"": 4.96123911180291e-05, ""fee_pct_nav"": 4.681817427059812e-05, ""name"": ""华润燃气""}, {""ts_code"": ""01288.HK"", ""side"": ""sell"", ""current_weight"": 0.1628820224093561, ""target_weight"": 0.14826729346618883, ""post_trade_weight"": 0.14834307992202658, ""diff_weight"": -0.014614728943167269, ""gross_amount"": 0.015486969744305912, ""gross_amount_pct_nav"": 0.014614728943167269, ""fee"": 4.646090923291773e-06, ""fee_pct_nav"": 4.38441868295018e-06, ""name"": ""农业银行""}, {""ts_code"": ""01378.HK"", ""side"": ""buy"", ""current_weight"": 0.0, ""target_weight"": 0.1622952108506377, ""post_trade_weight"": 0.16237816764132476, ""diff_weight"": 0.1622952108506377, ""gross_amount"": 0.17198136413365894, ""gross_amount_pct_nav"": 0.1622952108506377, ""fee"": 5.1594409240097675e-05, ""fee_pct_nav"": 4.86885632551913e-05, ""name"": ""中国宏桥""}, {""ts_code"": ""01398.HK"", ""side"": ""sell"", ""current_weight"": 0.17326505000262402, ""target_weight"": 0.0, ""post_trade_weight"": 0.0, ""diff_weight"": -0.17326505000262402, ""gross_amount"": 0.18360590863991488, ""gross_amount_pct_nav"": 0.17326505000262402, ""fee"": 5.508177259197446e-05, ""fee_pct_nav"": 5.1979515000787206e-05, ""name"": ""工商银行""}, {""ts_code"": ""01816.HK"", ""side"": ""buy"", ""current_weight"": 0.0, ""target_weight"": 0.17710245697866708, ""post_trade_weight"": 0.17719298245613951, ""diff_weight"": 0.17710245697866708, ""gross_amount"": 0.18767234093336854, ""gross_amount_pct_nav"": 0.17710245697866708, ""fee"": 5.6301702280010555e-05, ""fee_pct_nav"": 5.313073709360011e-05, ""name"": ""中广核电力""}, {""ts_code"": ""02388.HK"", ""side"": ""sell"", ""current_weight"": 0.1585857648928939, ""target_weight"": 0.0, ""post_trade_weight"": 0.0, ""diff_weight"": -0.1585857648928939, ""gross_amount"": 0.16805052986782232, ""gross_amount_pct_nav"": 0.1585857648928939, ""fee"": 5.0415158960346694e-05, ""fee_pct_nav"": 4.757572946786816e-05, ""name"": ""中银香港""}, {""ts_code"": ""03988.HK"", ""side"": ""sell"", ""current_weight"": 0.18327352225158292, ""target_weight"": 0.0, ""post_trade_weight"": 0.0, ""diff_weight"": -0.18327352225158292, ""gross_amount"": 0.19421170964444315, ""gross_amount_pct_nav"": 0.18327352225158292, ""fee"": 5.826351289333294e-05, ""fee_pct_nav"": 5.498205667547487e-05, ""name"": ""中国银行""}]"
2021-03-22,0.84298175,1.68596349,0.89709872,0.89763714,0.00053842,0.00026913,0.00026929,0.00000000,rebalance,"[{""ts_code"": ""00002.HK"", ""side"": ""buy"", ""current_weight"": 0.0, ""target_weight"": 0.16351455323440392, ""post_trade_weight"": 0.16359729895641426, ""diff_weight"": 0.16351455323440392, ""gross_amount"": 0.17406393122916441, ""gross_amount_pct_nav"": 0.16351455323440392, ""fee"": 5.221917936874932e-05, ""fee_pct_nav"": 4.905436597032117e-05, ""name"": ""中电控股""}, {""ts_code"": ""00003.HK"", ""side"": ""buy"", ""current_weight"": 0.0, ""target_weight"": 0.185602823089708, ""post_trade_weight"": 0.1856967464702263, ""diff_weight"": 0.185602823089708, ""gross_amount"": 0.19757725777419224, ""gross_amount_pct_nav"": 0.185602823089708, ""fee"": 5.927317733225767e-05, ""fee_pct_nav"": 5.56808469269124e-05, ""name"": ""香港中华煤气""}, {""ts_code"": ""00005.HK"", ""side"": ""buy"", ""current_weight"": 0.0, ""target_weight"": 0.18867063834738917, ""post_trade_weight"": 0.188766114180478, ""diff_weight"": 0.18867063834738917, ""gross_amount"": 0.20084299757211282, ""gross_amount_pct_nav"": 0.18867063834738917, ""fee"": 6.025289927163384e-05, ""fee_pct_nav"": 5.660119150421674e-05, ""name"": ""汇丰控股""}, {""ts_code"": ""00006.HK"", ""side"": ""sell"", ""current_weight"": 0.168003075759125, ""target_weight"": 0.15676535966750543, ""post_trade_weight"": 0.15684468999386056, ""diff_weight"": -0.011237716091619547, ""gross_amount"": 0.011962733605371673, ""gross_amount_pct_nav"": 0.011237716091619547, ""fee"": 3.5888200816115016e-06, ""fee_pct_nav"": 3.371314827485864e-06, ""name"": ""电能实业""}, {""ts_code"": ""00857.HK"", ""side"": ""sell"", ""current_weight"": 0.17946013772340824, ""target_weight"": 0.0, ""post_trade_weight"": 0.0, ""diff_weight"": -0.17946013772340824, ""gross_amount"": 0.19103826817349762, ""gross_amount_pct_nav"": 0.17946013772340824, ""fee"": 5.731148045204928e-05, ""fee_pct_nav"": 5.383804131702247e-05, ""name"": ""中国石油股份""}, {""ts_code"": ""01113.HK"", ""side"": ""buy"", ""current_weight"": 0.0, ""target_weight"": 0.1512432922036794, ""post_trade_weight"": 0.15131982811540753, ""diff_weight"": 0.1512432922036794, ""gross_amount"": 0.16100097203748226, ""gross_amount_pct_nav"": 0.1512432922036794, ""fee"": 4.8300291611244675e-05, ""fee_pct_nav"": 4.537298766110381e-05, ""name"": ""长实集团""}, {""ts_code"": ""01193.HK"", ""side"": ""sell"", ""current_weight"": 0.16584050189322075, ""target_weight"": 0.0, ""post_trade_weight"": 0.0, ""diff_weight"": -0.16584050189322075, ""gross_amount"": 0.17653994183117164, ""gross_amount_pct_nav"": 0.16584050189322075, ""fee"": 5.296198254935149e-05, ""fee_pct_nav"": 4.975215056796622e-05, ""name"": ""华润燃气""}, {""ts_code"": ""01288.HK"", ""side"": ""sell"", ""current_weight"": 0.14822204801896904, ""target_weight"": 0.0, ""post_trade_weight"": 0.0, ""diff_weight"": -0.14822204801896904, ""gross_amount"": 0.15778480791268992, ""gross_amount_pct_nav"": 0.14822204801896904, ""fee"": 4.733544237380697e-05, ""fee_pct_nav"": 4.446661440569071e-05, ""name"": ""农业银行""}, {""ts_code"": ""01378.HK"", ""side"": ""sell"", ""current_weight"": 0.15301768117094422, ""target_weight"": 0.0, ""post_trade_weight"": 0.0, ""diff_weight"": -0.15301768117094422, ""gross_amount"": 0.16288983827637302, ""gross_amount_pct_nav"": 0.15301768117094422, ""fee"": 4.88669514829119e-05, ""fee_pct_nav"": 4.590530435128326e-05, ""name"": ""中国宏桥""}, {""ts_code"": ""01816.HK"", ""side"": ""sell"", ""current_weight"": 0.1854565554343282, ""target_weight"": 0.0, ""post_trade_weight"": 0.0, ""diff_weight"": -0.1854565554343282, ""gross_amount"": 0.1974215534493877, ""gross_amount_pct_nav"": 0.1854565554343282, ""fee"": 5.92264660348163e-05, ""fee_pct_nav"": 5.563696663029845e-05, ""name"": ""中广核电力""}, {""ts_code"": ""02328.HK"", ""side"": ""buy"", ""current_weight"": 0.0, ""target_weight"": 0.15369754440982433, ""post_trade_weight"": 0.15377532228360888, ""diff_weight"": 0.15369754440982433, ""gross_amount"": 0.1636135638758187, ""gross_amount_pct_nav"": 0.15369754440982433, ""fee"": 4.908406916274561e-05, ""fee_pct_nav"": 4.61092633229473e-05, ""name"": ""中国财险""}]"
2021-03-29,0.99970009,1.99940018,1.05937372,1.06000953,0.00063581,0.00031781,0.00031800,0.00000000,rebalance,"[{""ts_code"": ""00002.HK"", ""side"": ""sell"", ""current_weight"": 0.1634552539603625, ""target_weight"": 0.0, ""post_trade_weight"": 0.0, ""diff_weight"": -0.1634552539603625, ""gross_amount"": 0.1732641275935579, ""gross_amount_pct_nav"": 0.1634552539603625, ""fee"": 5.197923827806736e-05, ""fee_pct_nav"": 4.903657618810875e-05, ""name"": ""中电控股""}, {""ts_code"": ""00003.HK"", ""side"": ""sell"", ""current_weight"": 0.1873295482493901, ""target_weight"": 0.0, ""post_trade_weight"": 0.0, ""diff_weight"": -0.1873295482493901, ""gross_amount"": 0.1985711071593743, ""gross_amount_pct_nav"": 0.1873295482493901, ""fee"": 5.957133214781228e-05, ""fee_pct_nav"": 5.619886447481703e-05, ""name"": ""香港中华煤气""}, {""ts_code"": ""00005.HK"", ""side"": ""sell"", ""current_weight"": 0.1857458178762391, ""target_weight"": 0.0, ""post_trade_weight"": 0.0, ""diff_weight"": -0.1857458178762391, ""gross_amount"": 0.19689233786442112, ""gross_amount_pct_nav"": 0.1857458178762391, ""fee"": 5.906770135932633e-05, ""fee_pct_nav"": 5.572374536287172e-05, ""name"": ""汇丰控股""}, {""ts_code"": ""00006.HK"", ""side"": ""sell"", ""current_weight"": 0.15522410664625635, ""target_weight"": 0.0, ""post_trade_weight"": 0.0, ""diff_weight"": -0.15522410664625635, ""gross_amount"": 0.16453903296418304, ""gross_amount_pct_nav"": 0.15522410664625635, ""fee"": 4.936170988925491e-05, ""fee_pct_nav"": 4.6567231993876905e-05, ""name"": ""电能实业""}, {""ts_code"": ""00941.HK"", ""side"": ""buy"", ""current_weight"": 0.0, ""target_weight"": 0.17204586431087937, ""post_trade_weight"": 0.17214912280701475, ""diff_weight"": 0.17204586431087937, ""gross_amount"": 0.18237025646867766, ""gross_amount_pct_nav"": 0.17204586431087937, ""fee"": 5.4711076940603294e-05, ""fee_pct_nav"": 5.161375929326381e-05, ""name"": ""中国移动""}, {""ts_code"": ""01109.HK"", ""side"": ""buy"", ""current_weight"": 0.0, ""target_weight"": 0.17642919843344954, ""post_trade_weight"": 0.17653508771929535, ""diff_weight"": 0.17642919843344954, ""gross_amount"": 0.18701663242966307, ""gross_amount_pct_nav"": 0.17642919843344954, ""fee"": 5.610498972889892e-05, ""fee_pct_nav"": 5.292875953003486e-05, ""name"": ""华润置地""}, {""ts_code"": ""01113.HK"", ""side"": ""sell"", ""current_weight"": 0.14665903826180246, ""target_weight"": 0.0, ""post_trade_weight"": 0.0, ""diff_weight"": -0.14665903826180246, ""gross_amount"": 0.15545997881660917, ""gross_amount_pct_nav"": 0.14665903826180246, ""fee"": 4.663799364498275e-05, ""fee_pct_nav"": 4.3997711478540734e-05, ""name"": ""长实集团""}, {""ts_code"": ""01288.HK"", ""side"": ""buy"", ""current_weight"": 0.0, ""target_weight"": 0.16474030743992907, ""post_trade_weight"": 0.16483918128654698, ""diff_weight"": 0.16474030743992907, ""gross_amount"": 0.17462629653370193, ""gross_amount_pct_nav"": 0.16474030743992907, ""fee"": 5.238788896011057e-05, ""fee_pct_nav"": 4.942209223197871e-05, ""name"": ""农业银行""}, {""ts_code"": ""02007.HK"", ""side"": ""buy"", ""current_weight"": 0.0, ""target_weight"": 0.17715975412054455, ""post_trade_weight"": 0.1772660818713421, ""diff_weight"": 0.17715975412054455, ""gross_amount"": 0.18779102842316062, ""gross_amount_pct_nav"": 0.17715975412054455, ""fee"": 5.633730852694818e-05, ""fee_pct_nav"": 5.314792623616336e-05, ""name"": ""碧桂园""}, {""ts_code"": ""02328.HK"", ""side"": ""sell"", ""current_weight"": 0.16158623500594485, ""target_weight"": 0.0, ""post_trade_weight"": 0.0, ""diff_weight"": -0.16158623500594485, ""gross_amount"": 0.17128294968249771, ""gross_amount_pct_nav"": 0.16158623500594485, ""fee"": 5.138488490474931e-05, ""fee_pct_nav"": 4.847587050178345e-05, ""name"": ""中国财险""}, {""ts_code"": ""02331.HK"", ""side"": ""buy"", ""current_weight"": 0.0, ""target_weight"": 0.1581653062560738, ""post_trade_weight"": 0.15826023391812608, ""diff_weight"": 0.1581653062560738, ""gross_amount"": 0.16765673259222383, ""gross_amount_pct_nav"": 0.1581653062560738, ""fee"": 5.0297019777667144e-05, ""fee_pct_nav"": 4.744959187682214e-05, ""name"": ""李宁""}, {""ts_code"": ""03988.HK"", ""side"": ""buy"", ""current_weight"": 0.0, ""target_weight"": 0.15085974938512353, ""post_trade_weight"": 0.15095029239765834, ""diff_weight"": 0.15085974938512353, ""gross_amount"": 0.15991277265724813, ""gross_amount_pct_nav"": 0.15085974938512353, ""fee"": 4.7973831797174436e-05, ""fee_pct_nav"": 4.5257924815537055e-05, ""name"": ""中国银行""}]"
2021-04-07,0.67929689,1.35859378,0.70997215,0.71039826,0.00042611,0.00021299,0.00021312,0.00000000,rebalance,"[{""ts_code"": ""00267.HK"", ""side"": ""buy"", ""current_weight"": 0.0, ""target_weight"": 0.14801207882186826, ""post_trade_weight"": 0.1480724299065416, ""diff_weight"": 0.14801207882186826, ""gross_amount"": 0.15474233692641395, ""gross_amount_pct_nav"": 0.14801207882186826, ""fee"": 4.642270107792418e-05, ""fee_pct_nav"": 4.440362364656047e-05, ""name"": ""中信股份""}, {""ts_code"": ""00941.HK"", ""side"": ""sell"", ""current_weight"": 0.17341748227038906, ""target_weight"": 0.0, ""post_trade_weight"": 0.0, ""diff_weight"": -0.17341748227038906, ""gross_amount"": 0.18130294962420448, ""gross_amount_pct_nav"": 0.17341748227038906, ""fee"": 5.439088488726134e-05, ""fee_pct_nav"": 5.2025244681116715e-05, ""name"": ""中国移动""}, {""ts_code"": ""01109.HK"", ""side"": ""sell"", ""current_weight"": 0.16266410550942756, ""target_weight"": 0.0, ""post_trade_weight"": 0.0, ""diff_weight"": -0.16266410550942756, ""gross_amount"": 0.17006060600545164, ""gross_amount_pct_nav"": 0.16266410550942756, ""fee"": 5.1018181801635485e-05, ""fee_pct_nav"": 4.8799231652828266e-05, ""name"": ""华润置地""}, {""ts_code"": ""01288.HK"", ""side"": ""sell"", ""current_weight"": 0.1612715217880469, ""target_weight"": 0.0, ""post_trade_weight"": 0.0, ""diff_weight"": -0.1612715217880469, ""gross_amount"": 0.16860470010150533, ""gross_amount_pct_nav"": 0.1612715217880469, ""fee"": 5.05814100304516e-05, ""fee_pct_nav"": 4.838145653641407e-05, ""name"": ""农业银行""}, {""ts_code"": ""02007.HK"", ""side"": ""sell"", ""current_weight"": 0.18220645245527592, ""target_weight"": 0.16611217524584423, ""post_trade_weight"": 0.16617990654205556, ""diff_weight"": -0.016094277209431677, ""gross_amount"": 0.01682610018285227, ""gross_amount_pct_nav"": 0.016094277209431677, ""fee"": 5.047830054855681e-06, ""fee_pct_nav"": 4.828283162829503e-06, ""name"": ""碧桂园""}, {""ts_code"": ""02331.HK"", ""side"": ""sell"", ""current_weight"": 0.16605329223545087, ""target_weight"": 0.0, ""post_trade_weight"": 0.0, ""diff_weight"": -0.16605329223545087, ""gross_amount"": 0.17360390246097945, ""gross_amount_pct_nav"": 0.16605329223545087, ""fee"": 5.208117073829383e-05, ""fee_pct_nav"": 4.9815987670635256e-05, ""name"": ""李宁""}, {""ts_code"": ""03328.HK"", ""side"": ""buy"", ""current_weight"": 0.0, ""target_weight"": 0.16552830116765146, ""post_trade_weight"": 0.16559579439252284, ""diff_weight"": 0.16552830116765146, ""gross_amount"": 0.17305503952125584, ""gross_amount_pct_nav"": 0.16552830116765146, ""fee"": 5.1916511856376744e-05, ""fee_pct_nav"": 4.9658490350295434e-05, ""name"": ""交通银行""}, {""ts_code"": ""03908.HK"", ""side"": ""buy"", ""current_weight"": 0.0, ""target_weight"": 0.15093144921283214, ""post_trade_weight"": 0.15099299065420516, ""diff_weight"": 0.15093144921283214, ""gross_amount"": 0.15779445402555428, ""gross_amount_pct_nav"": 0.15093144921283214, ""fee"": 4.733833620766628e-05, ""fee_pct_nav"": 4.5279434763849635e-05, ""name"": ""中金公司""}, {""ts_code"": ""03988.HK"", ""side"": ""buy"", ""current_weight"": 0.15438714574139303, ""target_weight"": 0.19005101245174796, ""post_trade_weight"": 0.1901285046728966, ""diff_weight"": 0.03566386671035496, ""gross_amount"": 0.03728553860279338, ""gross_amount_pct_nav"": 0.03566386671035496, ""fee"": 1.1185661580838012e-05, ""fee_pct_nav"": 1.0699160013106486e-05, ""name"": ""中国银行""}, {""ts_code"": ""06030.HK"", ""side"": ""buy"", ""current_weight"": 0.0, ""target_weight"": 0.17895740496608525, ""post_trade_weight"": 0.17903037383177514, ""diff_weight"": 0.17895740496608525, ""gross_amount"": 0.18709477817730127, ""gross_amount_pct_nav"": 0.17895740496608525, ""fee"": 5.6128433453190375e-05, ""fee_pct_nav"": 5.3687221489825574e-05, ""name"": ""中信证券""}]"
2021-04-12,0.48840669,0.97681337,0.50539783,0.50636081,0.00030353,0.00015162,0.00015191,0.00000000,rebalance,"[{""ts_code"": ""00001.HK"", ""side"": ""buy"", ""current_weight"": 0.0, ""target_weight"": 0.16574624190399148, ""post_trade_weight"": 0.1657948270851495, ""diff_weight"": 0.16574624190399148, ""gross_amount"": 0.17167577432543382, ""gross_amount_pct_nav"": 0.16574624190399148, ""fee"": 5.1502732297630144e-05, ""fee_pct_nav"": 4.972387257119744e-05, ""name"": ""长和""}, {""ts_code"": ""00998.HK"", ""side"": ""buy"", ""current_weight"": 0.0, ""target_weight"": 0.1593546252135659, ""post_trade_weight"": 0.15940133682069152, ""diff_weight"": 0.1593546252135659, ""gross_amount"": 0.16505549906660905, ""gross_amount_pct_nav"": 0.1593546252135659, ""fee"": 4.951664971998271e-05, ""fee_pct_nav"": 4.780638756406976e-05, ""name"": ""中信银行""}, {""ts_code"": ""01088.HK"", ""side"": ""buy"", ""current_weight"": 0.0, ""target_weight"": 0.16284096159016162, ""post_trade_weight"": 0.1628886951467595, ""diff_weight"": 0.16284096159016162, ""gross_amount"": 0.16866655829869526, ""gross_amount_pct_nav"": 0.16284096159016162, ""fee"": 5.059996748960857e-05, ""fee_pct_nav"": 4.885228847704848e-05, ""name"": ""中国神华""}, {""ts_code"": ""02007.HK"", ""side"": ""sell"", ""current_weight"": 0.16291328536982383, ""target_weight"": 0.0, ""post_trade_weight"": 0.0, ""diff_weight"": -0.16291328536982383, ""gross_amount"": 0.16874146944439014, ""gross_amount_pct_nav"": 0.16291328536982383, ""fee"": 5.062244083331704e-05, ""fee_pct_nav"": 4.8873985610947144e-05, ""name"": ""碧桂园""}, {""ts_code"": ""03908.HK"", ""side"": ""sell"", ""current_weight"": 0.1462572663576857, ""target_weight"": 0.0, ""post_trade_weight"": 0.0, ""diff_weight"": -0.1462572663576857, ""gross_amount"": 0.15148958530970016, ""gross_amount_pct_nav"": 0.1462572663576857, ""fee"": 4.5446875592910044e-05, ""fee_pct_nav"": 4.387717990730571e-05, ""name"": ""中金公司""}, {""ts_code"": ""06030.HK"", ""side"": ""sell"", ""current_weight"": 0.17970099008602344, ""target_weight"": 0.0, ""post_trade_weight"": 0.0, ""diff_weight"": -0.17970099008602344, ""gross_amount"": 0.18612975030791482, ""gross_amount_pct_nav"": 0.17970099008602344, ""fee"": 5.583892509237444e-05, ""fee_pct_nav"": 5.391029702580702e-05, ""name"": ""中信证券""}]"
2021-04-19,0.48682844,0.97365688,0.53427397,0.51297063,0.00031417,0.00016028,0.00015389,0.00000000,rebalance,"[{""ts_code"": ""00002.HK"", ""side"": ""buy"", ""current_weight"": 0.0, ""target_weight"": 0.1589541242600861, ""post_trade_weight"": 0.15900056785917072, ""diff_weight"": 0.1589541242600861, ""gross_amount"": 0.17096766929689214, ""gross_amount_pct_nav"": 0.1589541242600861, ""fee"": 5.1290300789067636e-05, ""fee_pct_nav"": 4.7686237278025824e-05, ""name"": ""中电控股""}, {""ts_code"": ""00003.HK"", ""side"": ""buy"", ""current_weight"": 0.0, ""target_weight"": 0.1720110701814504, ""post_trade_weight"": 0.17206132879045982, ""diff_weight"": 0.1720110701814504, ""gross_amount"": 0.18501144213199408, ""gross_amount_pct_nav"": 0.1720110701814504, ""fee"": 5.550343263959822e-05, ""fee_pct_nav"": 5.160332105443512e-05, ""name"": ""香港中华煤气""}, {""ts_code"": ""00267.HK"", ""side"": ""sell"", ""current_weight"": 0.1552070929801939, ""target_weight"": 0.0, ""post_trade_weight"": 0.0, ""diff_weight"": -0.1552070929801939, ""gross_amount"": 0.1669374422883905, ""gross_amount_pct_nav"": 0.1552070929801939, ""fee"": 5.0081232686517146e-05, ""fee_pct_nav"": 4.656212789405816e-05, ""name"": ""中信股份""}, {""ts_code"": ""00998.HK"", ""side"": ""sell"", ""current_weight"": 0.16038428609937463, ""target_weight"": 0.0, ""post_trade_weight"": 0.0, ""diff_weight"": -0.16038428609937463, ""gross_amount"": 0.17250592089947678, ""gross_amount_pct_nav"": 0.16038428609937463, ""fee"": 5.175177626984303e-05, ""fee_pct_nav"": 4.8115285829812383e-05, ""name"": ""中信银行""}, {""ts_code"": ""01088.HK"", ""side"": ""sell"", ""current_weight"": 0.16133386341747213, ""target_weight"": 0.0, ""post_trade_weight"": 0.0, ""diff_weight"": -0.16133386341747213, ""gross_amount"": 0.1735272660306461, ""gross_amount_pct_nav"": 0.16133386341747213, ""fee"": 5.205817980919383e-05, ""fee_pct_nav"": 4.8400159025241635e-05, ""name"": ""中国神华""}, {""ts_code"": ""01339.HK"", ""side"": ""buy"", ""current_weight"": 0.0, ""target_weight"": 0.16576644387123265, ""post_trade_weight"": 0.16581487791027805, ""diff_weight"": 0.16576644387123265, ""gross_amount"": 0.1782948551239018, ""gross_amount_pct_nav"": 0.16576644387123265, ""fee"": 5.3488456537170535e-05, ""fee_pct_nav"": 4.972993316136979e-05, ""name"": ""中国人民保险集团""}]"
2021-04-26,0.34404115,0.68808231,0.35564317,0.38234104,0.00022140,0.00010669,0.00011470,0.00000000,rebalance,"[{""ts_code"": ""00001.HK"", ""side"": ""sell"", ""current_weight"": 0.16507712152893736, ""target_weight"": 0.0, ""post_trade_weight"": 0.0, ""diff_weight"": -0.16507712152893736, ""gross_amount"": 0.1770490379975914, ""gross_amount_pct_nav"": 0.16507712152893736, ""fee"": 5.311471139927741e-05, ""fee_pct_nav"": 4.95231364586812e-05, ""name"": ""长和""}, {""ts_code"": ""00003.HK"", ""side"": ""sell"", ""current_weight"": 0.17216121049538302, ""target_weight"": 0.15703170634225302, ""post_trade_weight"": 0.15706412825651317, ""diff_weight"": -0.015129504153129988, ""gross_amount"": 0.01622674378425401, ""gross_amount_pct_nav"": 0.015129504153129988, ""fee"": 4.868023135276203e-06, ""fee_pct_nav"": 4.538851245938996e-06, ""name"": ""香港中华煤气""}, {""ts_code"": ""00388.HK"", ""side"": ""buy"", ""current_weight"": 0.0, ""target_weight"": 0.17205866388696622, ""post_trade_weight"": 0.17209418837675367, ""diff_weight"": 0.17205866388696622, ""gross_amount"": 0.1845369039524855, ""gross_amount_pct_nav"": 0.17205866388696622, ""fee"": 5.5361071185745647e-05, ""fee_pct_nav"": 5.161759916608986e-05, ""name"": ""香港交易所""}, {""ts_code"": ""01339.HK"", ""side"": ""sell"", ""current_weight"": 0.16623869748263204, ""target_weight"": 0.0, ""post_trade_weight"": 0.0, ""diff_weight"": -0.16623869748263204, ""gross_amount"": 0.1782948551239018, ""gross_amount_pct_nav"": 0.16623869748263204, ""fee"": 5.3488456537170535e-05, ""fee_pct_nav"": 4.98716092447896e-05, ""name"": ""中国人民保险集团""}, {""ts_code"": ""03968.HK"", ""side"": ""buy"", ""current_weight"": 0.0, ""target_weight"": 0.1595361992663719, ""post_trade_weight"": 0.15956913827655325, ""diff_weight"": 0.1595361992663719, ""gross_amount"": 0.17110627047704988, ""gross_amount_pct_nav"": 0.1595361992663719, ""fee"": 5.133188114311496e-05, ""fee_pct_nav"": 4.7860859779911565e-05, ""name"": ""招商银行""}, {""ts_code"": ""03988.HK"", ""side"": ""sell"", ""current_weight"": 0.1921187550947886, ""target_weight"": 0.18207663558344173, ""post_trade_weight"": 0.18211422845691402, ""diff_weight"": -0.010042119511346873, ""gross_amount"": 0.010770405871349892, ""gross_amount_pct_nav"": 0.010042119511346873, ""fee"": 3.2311217614049672e-06, ""fee_pct_nav"": 3.012635853404062e-06, ""name"": ""中国银行""}]"
2021-05-03,0.83842066,1.67684132,0.88779245,0.88280522,0.00053118,0.00026634,0.00026484,0.00000000,rebalance,"[{""ts_code"": ""00002.HK"", ""side"": ""sell"", ""current_weight"": 0.16255392020532383, ""target_weight"": 0.0, ""post_trade_weight"": 0.0, ""diff_weight"": -0.16255392020532383, ""gross_amount"": 0.17164271248621926, ""gross_amount_pct_nav"": 0.16255392020532383, ""fee"": 5.1492813745865776e-05, ""fee_pct_nav"": 4.8766176061597146e-05, ""name"": ""中电控股""}, {""ts_code"": ""00003.HK"", ""side"": ""buy"", ""current_weight"": 0.15871471696468933, ""target_weight"": 0.17113048628140254, ""post_trade_weight"": 0.17121661721068016, ""diff_weight"": 0.012415769316713211, ""gross_amount"": 0.013109965729722423, ""gross_amount_pct_nav"": 0.012415769316713211, ""fee"": 3.9329897189167264e-06, ""fee_pct_nav"": 3.724730795013963e-06, ""name"": ""香港中华煤气""}, {""ts_code"": ""00005.HK"", ""side"": ""buy"", ""current_weight"": 0.0, ""target_weight"": 0.19070520394963922, ""post_trade_weight"": 0.19080118694361756, ""diff_weight"": 0.19070520394963922, ""gross_amount"": 0.20136800422781612, ""gross_amount_pct_nav"": 0.19070520394963922, ""fee"": 6.041040126834483e-05, ""fee_pct_nav"": 5.721156118489177e-05, ""name"": ""汇丰控股""}, {""ts_code"": ""00006.HK"", ""side"": ""buy"", ""current_weight"": 0.0, ""target_weight"": 0.15096259535049203, ""post_trade_weight"": 0.15103857566765375, ""diff_weight"": 0.15096259535049203, ""gross_amount"": 0.15940328795016862, ""gross_amount_pct_nav"": 0.15096259535049203, ""fee"": 4.782098638505058e-05, ""fee_pct_nav"": 4.528877860514761e-05, ""name"": ""电能实业""}, {""ts_code"": ""00267.HK"", ""side"": ""buy"", ""current_weight"": 0.0, ""target_weight"": 0.1723168328067502, ""post_trade_weight"": 0.17240356083085814, ""diff_weight"": 0.1723168328067502, ""gross_amount"": 0.1819514937112926, ""gross_amount_pct_nav"": 0.1723168328067502, ""fee"": 5.458544811338777e-05, ""fee_pct_nav"": 5.169504984202505e-05, ""name"": ""中信股份""}, {""ts_code"": ""00388.HK"", ""side"": ""sell"", ""current_weight"": 0.1653751245448506, ""target_weight"": 0.0, ""post_trade_weight"": 0.0, ""diff_weight"": -0.1653751245448506, ""gross_amount"": 0.17462165734773116, ""gross_amount_pct_nav"": 0.1653751245448506, ""fee"": 5.2386497204319345e-05, ""fee_pct_nav"": 4.961253736345517e-05, ""name"": ""香港交易所""}, {""ts_code"": ""01339.HK"", ""side"": ""buy"", ""current_weight"": 0.0, ""target_weight"": 0.14977624882514431, ""post_trade_weight"": 0.14985163204747567, ""diff_weight"": 0.14977624882514431, ""gross_amount"": 0.15815060985232834, ""gross_amount_pct_nav"": 0.14977624882514431, ""fee"": 4.74451829556985e-05, ""fee_pct_nav"": 4.493287464754329e-05, ""name"": ""中国人民保险集团""}, {""ts_code"": ""02328.HK"", ""side"": ""buy"", ""current_weight"": 0.0, ""target_weight"": 0.16460558039199033, ""post_trade_weight"": 0.164688427299701, ""diff_weight"": 0.16460558039199033, ""gross_amount"": 0.1738090860753312, ""gross_amount_pct_nav"": 0.16460558039199033, ""fee"": 5.214272582259935e-05, ""fee_pct_nav"": 4.93816741175971e-05, ""name"": ""中国财险""}, {""ts_code"": ""03328.HK"", ""side"": ""sell"", ""current_weight"": 0.163442444263675, ""target_weight"": 0.0, ""post_trade_weight"": 0.0, ""diff_weight"": -0.163442444263675, ""gross_amount"": 0.17258091612530727, ""gross_amount_pct_nav"": 0.163442444263675, ""fee"": 5.1774274837592174e-05, ""fee_pct_nav"": 4.903273327910249e-05, ""name"": ""交通银行""}, {""ts_code"": ""03968.HK"", ""side"": ""sell"", ""current_weight"": 0.16139794706938557, ""target_weight"": 0.0, ""post_trade_weight"": 0.0, ""diff_weight"": -0.16139794706938557, ""gross_amount"": 0.17042210602921704, ""gross_amount_pct_nav"": 0.16139794706938557, ""fee"": 5.112663180876511e-05, ""fee_pct_nav"": 4.8419384120815666e-05, ""name"": ""招商银行""}, {""ts_code"": ""03988.HK"", ""side"": ""sell"", ""current_weight"": 0.1832896485016828, ""target_weight"": 0.0, ""post_trade_weight"": 0.0, ""diff_weight"": -0.1832896485016828, ""gross_amount"": 0.19353782670843375, ""gross_amount_pct_nav"": 0.1832896485016828, ""fee"": 5.806134801253012e-05, ""fee_pct_nav"": 5.4986894550504836e-05, ""name"": ""中国银行""}]"
2021-05-10,0.67531174,1.35062348,0.75847126,0.75892648,0.00045522,0.00022754,0.00022768,0.00000000,rebalance,"[{""ts_code"": ""00003.HK"", ""side"": ""sell"", ""current_weight"": 0.17519914172384438, ""target_weight"": 0.0, ""post_trade_weight"": 0.0, ""diff_weight"": -0.17519914172384438, ""gross_amount"": 0.19683263843608212, ""gross_amount_pct_nav"": 0.17519914172384438, ""fee"": 5.904979153082463e-05, ""fee_pct_nav"": 5.255974251715331e-05, ""name"": ""香港中华煤气""}, {""ts_code"": ""00005.HK"", ""side"": ""sell"", ""current_weight"": 0.18627943573467654, ""target_weight"": 0.16365568786907622, ""post_trade_weight"": 0.16372202591283858, ""diff_weight"": -0.022623747865600313, ""gross_amount"": 0.025417316203054957, ""gross_amount_pct_nav"": 0.022623747865600313, ""fee"": 7.625194860916486e-06, ""fee_pct_nav"": 6.7871243596800935e-06, ""name"": ""汇丰控股""}, {""ts_code"": ""00006.HK"", ""side"": ""sell"", ""current_weight"": 0.15036089992747978, ""target_weight"": 0.0, ""post_trade_weight"": 0.0, ""diff_weight"": -0.15036089992747978, ""gross_amount"": 0.16892738377109062, ""gross_amount_pct_nav"": 0.15036089992747978, ""fee"": 5.067821513132718e-05, ""fee_pct_nav"": 4.5108269978243926e-05, ""name"": ""电能实业""}, {""ts_code"": ""00267.HK"", ""side"": ""sell"", ""current_weight"": 0.1815218700649184, ""target_weight"": 0.16082997815047348, ""post_trade_weight"": 0.16089517078916368, ""diff_weight"": -0.02069189191444492, ""gross_amount"": 0.023246915707921645, ""gross_amount_pct_nav"": 0.02069189191444492, ""fee"": 6.974074712376493e-06, ""fee_pct_nav"": 6.207567574333476e-06, ""name"": ""中信股份""}, {""ts_code"": ""00857.HK"", ""side"": ""buy"", ""current_weight"": 0.0, ""target_weight"": 0.15776879262198715, ""post_trade_weight"": 0.1578327444051825, ""diff_weight"": 0.15776879262198715, ""gross_amount"": 0.17724999911020914, ""gross_amount_pct_nav"": 0.15776879262198715, ""fee"": 5.3174999733062735e-05, ""fee_pct_nav"": 4.733063778659614e-05, ""name"": ""中国石油股份""}, {""ts_code"": ""01339.HK"", ""side"": ""sell"", ""current_weight"": 0.14488863651731917, ""target_weight"": 0.0, ""post_trade_weight"": 0.0, ""diff_weight"": -0.14488863651731917, ""gross_amount"": 0.16277940818946968, ""gross_amount_pct_nav"": 0.14488863651731917, ""fee"": 4.88338224568409e-05, ""fee_pct_nav"": 4.346659095519575e-05, ""name"": ""中国人民保险集团""}, {""ts_code"": ""02328.HK"", ""side"": ""sell"", ""current_weight"": 0.1617500160317488, ""target_weight"": 0.0, ""post_trade_weight"": 0.0, ""diff_weight"": -0.1617500160317488, ""gross_amount"": 0.1817228218662822, ""gross_amount_pct_nav"": 0.1617500160317488, ""fee"": 5.451684655988465e-05, ""fee_pct_nav"": 4.852500480952463e-05, ""name"": ""中国财险""}, {""ts_code"": ""02388.HK"", ""side"": ""buy"", ""current_weight"": 0.0, ""target_weight"": 0.17542947836325437, ""post_trade_weight"": 0.1755005889281507, ""diff_weight"": 0.17542947836325437, ""gross_amount"": 0.19709141692105345, ""gross_amount_pct_nav"": 0.17542947836325437, ""fee"": 5.912742507631603e-05, ""fee_pct_nav"": 5.262884350897631e-05, ""name"": ""中银香港""}, {""ts_code"": ""03328.HK"", ""side"": ""buy"", ""current_weight"": 0.0, ""target_weight"": 0.15894617167140496, ""post_trade_weight"": 0.15901060070671372, ""diff_weight"": 0.15894617167140496, ""gross_amount"": 0.17857276029759875, ""gross_amount_pct_nav"": 0.15894617167140496, ""fee"": 5.357182808927962e-05, ""fee_pct_nav"": 4.768385150142149e-05, ""name"": ""交通银行""}, {""ts_code"": ""03988.HK"", ""side"": ""buy"", ""current_weight"": 0.0, ""target_weight"": 0.18296470427952843, ""post_trade_weight"": 0.18303886925795051, ""diff_weight"": 0.18296470427952843, ""gross_amount"": 0.20555708852034707, ""gross_amount_pct_nav"": 0.18296470427952843, ""fee"": 6.166712655610412e-05, ""fee_pct_nav"": 5.488941128385853e-05, ""name"": ""中国银行""}]"
2021-05-17,0.63031768,1.26063536,0.68586115,0.70131950,0.00041615,0.00020576,0.00021040,0.00000000,rebalance,"[{""ts_code"": ""00005.HK"", ""side"": ""sell"", ""current_weight"": 0.16501261946172888, ""target_weight"": 0.0, ""post_trade_weight"": 0.0, ""diff_weight"": -0.16501261946172888, ""gross_amount"": 0.18157694180030207, ""gross_amount_pct_nav"": 0.16501261946172888, ""fee"": 5.447308254009061e-05, ""fee_pct_nav"": 4.950378583851866e-05, ""name"": ""汇丰控股""}, {""ts_code"": ""00267.HK"", ""side"": ""sell"", ""current_weight"": 0.15465628232502834, ""target_weight"": 0.0, ""post_trade_weight"": 0.0, ""diff_weight"": -0.15465628232502834, ""gross_amount"": 0.17018101322423873, ""gross_amount_pct_nav"": 0.15465628232502834, ""fee"": 5.105430396727162e-05, ""fee_pct_nav"": 4.63968846975085e-05, ""name"": ""中信股份""}, {""ts_code"": ""00857.HK"", ""side"": ""sell"", ""current_weight"": 0.15710310744474407, ""target_weight"": 0.0, ""post_trade_weight"": 0.0, ""diff_weight"": -0.15710310744474407, ""gross_amount"": 0.17287345592230272, ""gross_amount_pct_nav"": 0.15710310744474407, ""fee"": 5.186203677669081e-05, ""fee_pct_nav"": 4.713093223342322e-05, ""name"": ""中国石油股份""}, {""ts_code"": ""01177.HK"", ""side"": ""buy"", ""current_weight"": 0.0, ""target_weight"": 0.13708049077332796, ""post_trade_weight"": 0.13713235294117612, ""diff_weight"": 0.13708049077332796, ""gross_amount"": 0.15084092584130068, ""gross_amount_pct_nav"": 0.13708049077332796, ""fee"": 4.52522777523902e-05, ""fee_pct_nav"": 4.1124147231998384e-05, ""name"": ""中国生物制药""}, {""ts_code"": ""02688.HK"", ""side"": ""buy"", ""current_weight"": 0.0, ""target_weight"": 0.1459006832091453, ""post_trade_weight"": 0.1459558823529408, ""diff_weight"": 0.1459006832091453, ""gross_amount"": 0.16054650820106264, ""gross_amount_pct_nav"": 0.1459006832091453, ""fee"": 4.816395246031879e-05, ""fee_pct_nav"": 4.3770204962743585e-05, ""name"": ""新奥能源""}, {""ts_code"": ""03328.HK"", ""side"": ""sell"", ""current_weight"": 0.16056974985272127, ""target_weight"": 0.0, ""post_trade_weight"": 0.0, ""diff_weight"": -0.16056974985272127, ""gross_amount"": 0.176688087365698, ""gross_amount_pct_nav"": 0.16056974985272127, ""fee"": 5.300642620970939e-05, ""fee_pct_nav"": 4.817092495581637e-05, ""name"": ""交通银行""}, {""ts_code"": ""03968.HK"", ""side"": ""buy"", ""current_weight"": 0.0, ""target_weight"": 0.1686861803350068, ""post_trade_weight"": 0.16874999999999957, ""diff_weight"": 0.1686861803350068, ""gross_amount"": 0.18561926263044776, ""gross_amount_pct_nav"": 0.1686861803350068, ""fee"": 5.568577878913432e-05, ""fee_pct_nav"": 5.0605854100502035e-05, ""name"": ""招商银行""}, {""ts_code"": ""06030.HK"", ""side"": ""buy"", ""current_weight"": 0.0, ""target_weight"": 0.17162624448027927, ""post_trade_weight"": 0.17169117647058782, ""diff_weight"": 0.17162624448027927, ""gross_amount"": 0.18885445675036844, ""gross_amount_pct_nav"": 0.17162624448027927, ""fee"": 5.6656337025110525e-05, ""fee_pct_nav"": 5.1487873344083775e-05, ""name"": ""中信证券""}]"
2021-05-24,0.84469419,1.68938837,0.94249899,0.93461645,0.00056313,0.00028275,0.00028038,0.00000000,rebalance,"[{""ts_code"": ""01113.HK"", ""side"": ""buy"", ""current_weight"": 0.0, ""target_weight"": 0.1849353881307784, ""post_trade_weight"": 0.1850291639662979, ""diff_weight"": 0.1849353881307784, ""gross_amount"": 0.20548565230568633, ""gross_amount_pct_nav"": 0.1849353881307784, ""fee"": 6.164569569170589e-05, ""fee_pct_nav"": 5.548061643923351e-05, ""name"": ""长实集团""}, {""ts_code"": ""01177.HK"", ""side"": ""sell"", ""current_weight"": 0.1457350842044153, ""target_weight"": 0.0, ""post_trade_weight"": 0.0, ""diff_weight"": -0.1457350842044153, ""gross_amount"": 0.16192935891962193, ""gross_amount_pct_nav"": 0.1457350842044153, ""fee"": 4.8578807675886575e-05, ""fee_pct_nav"": 4.372052526132459e-05, ""name"": ""中国生物制药""}, {""ts_code"": ""01339.HK"", ""side"": ""buy"", ""current_weight"": 0.0, ""target_weight"": 0.16938915585358505, ""post_trade_weight"": 0.16947504860660903, ""diff_weight"": 0.16938915585358505, ""gross_amount"": 0.1882119021994289, ""gross_amount_pct_nav"": 0.16938915585358505, ""fee"": 5.646357065982867e-05, ""fee_pct_nav"": 5.081674675607551e-05, ""name"": ""中国人民保险集团""}, {""ts_code"": ""02020.HK"", ""side"": ""buy"", ""current_weight"": 0.0, ""target_weight"": 0.18234434941791278, ""post_trade_weight"": 0.1824368114063497, ""diff_weight"": 0.18234434941791278, ""gross_amount"": 0.20260669395464337, ""gross_amount_pct_nav"": 0.18234434941791278, ""fee"": 6.0782008186393005e-05, ""fee_pct_nav"": 5.470330482537383e-05, ""name"": ""安踏体育""}, {""ts_code"": ""02313.HK"", ""side"": ""buy"", ""current_weight"": 0.0, ""target_weight"": 0.1719801945664506, ""post_trade_weight"": 0.1720674011665572, ""diff_weight"": 0.1719801945664506, ""gross_amount"": 0.1910908605504718, ""gross_amount_pct_nav"": 0.1719801945664506, ""fee"": 5.7327258165141536e-05, ""fee_pct_nav"": 5.1594058369935175e-05, ""name"": ""申洲国际""}, {""ts_code"": ""02359.HK"", ""side"": ""buy"", ""current_weight"": 0.0, ""target_weight"": 0.1395922106556313, ""post_trade_weight"": 0.13966299416720557, ""diff_weight"": 0.1395922106556313, ""gross_amount"": 0.1551038811624357, ""gross_amount_pct_nav"": 0.1395922106556313, ""fee"": 4.653116434873071e-05, ""fee_pct_nav"": 4.1877663196689384e-05, ""name"": ""药明康德""}, {""ts_code"": ""02388.HK"", ""side"": ""sell"", ""current_weight"": 0.1763244928682045, ""target_weight"": 0.0, ""post_trade_weight"": 0.0, ""diff_weight"": -0.1763244928682045, ""gross_amount"": 0.19591790300767375, ""gross_amount_pct_nav"": 0.1763244928682045, ""fee"": 5.877537090230212e-05, ""fee_pct_nav"": 5.2897347860461355e-05, ""name"": ""中银香港""}, {""ts_code"": ""03968.HK"", ""side"": ""sell"", ""current_weight"": 0.16325575719470833, ""target_weight"": 0.0, ""post_trade_weight"": 0.0, ""diff_weight"": -0.16325575719470833, ""gross_amount"": 0.18139695219440957, ""gross_amount_pct_nav"": 0.16325575719470833, ""fee"": 5.4419085658322864e-05, ""fee_pct_nav"": 4.89767271584125e-05, ""name"": ""招商银行""}, {""ts_code"": ""03988.HK"", ""side"": ""sell"", ""current_weight"": 0.18418827802749432, ""target_weight"": 0.0, ""post_trade_weight"": 0.0, ""diff_weight"": -0.18418827802749432, ""gross_amount"": 0.2046555223426263, ""gross_amount_pct_nav"": 0.18418827802749432, ""fee"": 6.139665670278789e-05, ""fee_pct_nav"": 5.5256483408248294e-05, ""name"": ""中国银行""}, {""ts_code"": ""06030.HK"", ""side"": ""sell"", ""current_weight"": 0.171643462771294, ""target_weight"": 0.0, ""post_trade_weight"": 0.0, ""diff_weight"": -0.171643462771294, ""gross_amount"": 0.19071671067424104, ""gross_amount_pct_nav"": 0.171643462771294, ""fee"": 5.7215013202272304e-05, ""fee_pct_nav"": 5.1493038831388195e-05, ""name"": ""中信证券""}]"
2021-05-31,0.99693159,1.99386318,1.19028247,1.18439836,0.00071240,0.00035708,0.00035532,0.00000000,rebalance,"[{""ts_code"": ""00066.HK"", ""side"": ""buy"", ""current_weight"": 0.0, ""target_weight"": 0.1572537285761069, ""post_trade_weight"": 0.15734784760019538, ""diff_weight"": 0.1572537285761069, ""gross_amount"": 0.18728838451037993, ""gross_amount_pct_nav"": 0.1572537285761069, ""fee"": 5.618651535311398e-05, ""fee_pct_nav"": 4.7176118572832065e-05, ""name"": ""港铁公司""}, {""ts_code"": ""01113.HK"", ""side"": ""sell"", ""current_weight"": 0.18006606983155674, ""target_weight"": 0.0, ""post_trade_weight"": 0.0, ""diff_weight"": -0.18006606983155674, ""gross_amount"": 0.2144577659890831, ""gross_amount_pct_nav"": 0.18006606983155674, ""fee"": 6.433732979672493e-05, ""fee_pct_nav"": 5.4019820949467015e-05, ""name"": ""长实集团""}, {""ts_code"": ""01288.HK"", ""side"": ""buy"", ""current_weight"": 0.0, ""target_weight"": 0.1780230889540833, ""post_trade_weight"": 0.17812963879267404, ""diff_weight"": 0.1780230889540833, ""gross_amount"": 0.212024586238166, ""gross_amount_pct_nav"": 0.1780230889540833, ""fee"": 6.36073758714498e-05, ""fee_pct_nav"": 5.340692668622499e-05, ""name"": ""农业银行""}, {""ts_code"": ""01339.HK"", ""side"": ""sell"", ""current_weight"": 0.16626763185385676, ""target_weight"": 0.0, ""post_trade_weight"": 0.0, ""diff_weight"": -0.16626763185385676, ""gross_amount"": 0.19802389710082097, ""gross_amount_pct_nav"": 0.16626763185385676, ""fee"": 5.940716913024628e-05, ""fee_pct_nav"": 4.988028955615702e-05, ""name"": ""中国人民保险集团""}, {""ts_code"": ""02020.HK"", ""side"": ""sell"", ""current_weight"": 0.17857618795373142, ""target_weight"": 0.0, ""post_trade_weight"": 0.0, ""diff_weight"": -0.17857618795373142, ""gross_amount"": 0.212683324311065, ""gross_amount_pct_nav"": 0.17857618795373142, ""fee"": 6.380499729331949e-05, ""fee_pct_nav"": 5.357285638611942e-05, ""name"": ""安踏体育""}, {""ts_code"": ""02313.HK"", ""side"": ""sell"", ""current_weight"": 0.16497560974198808, ""target_weight"": 0.0, ""post_trade_weight"": 0.0, ""diff_weight"": -0.16497560974198808, ""gross_amount"": 0.19648510538965042, ""gross_amount_pct_nav"": 0.16497560974198808, ""fee"": 5.894553161689512e-05, ""fee_pct_nav"": 4.9492682922596416e-05, ""name"": ""申洲国际""}, {""ts_code"": ""02359.HK"", ""side"": ""sell"", ""current_weight"": 0.16618567537700027, ""target_weight"": 0.0, ""post_trade_weight"": 0.0, ""diff_weight"": -0.16618567537700027, ""gross_amount"": 0.19792628735706733, ""gross_amount_pct_nav"": 0.16618567537700027, ""fee"": 5.937788620712019e-05, ""fee_pct_nav"": 4.985570261310007e-05, ""name"": ""药明康德""}, {""ts_code"": ""02388.HK"", ""side"": ""buy"", ""current_weight"": 0.0, ""target_weight"": 0.16862742592595112, ""post_trade_weight"": 0.16872835230083844, ""diff_weight"": 0.16862742592595112, ""gross_amount"": 0.20083439974226278, ""gross_amount_pct_nav"": 0.16862742592595112, ""fee"": 6.025031992267883e-05, ""fee_pct_nav"": 5.058822777778533e-05, ""name"": ""中银香港""}, {""ts_code"": ""02628.HK"", ""side"": ""buy"", ""current_weight"": 0.0, ""target_weight"": 0.15478118567396687, ""post_trade_weight"": 0.15487382483918602, ""diff_weight"": 0.15478118567396687, ""gross_amount"": 0.18434359859040542, ""gross_amount_pct_nav"": 0.15478118567396687, ""fee"": 5.530307957712162e-05, ""fee_pct_nav"": 4.6434355702190057e-05, ""name"": ""中国人寿""}, {""ts_code"": ""02688.HK"", ""side"": ""sell"", ""current_weight"": 0.138390167454557, ""target_weight"": 0.0, ""post_trade_weight"": 0.0, ""diff_weight"": -0.138390167454557, ""gross_amount"": 0.16482197992616024, ""gross_amount_pct_nav"": 0.138390167454557, ""fee"": 4.944659397784807e-05, ""fee_pct_nav"": 4.1517050236367105e-05, ""name"": ""新奥能源""}, {""ts_code"": ""03328.HK"", ""side"": ""buy"", ""current_weight"": 0.0, ""target_weight"": 0.1562647114152509, ""post_trade_weight"": 0.15635823849579164, ""diff_weight"": 0.1562647114152509, ""gross_amount"": 0.18611047014239016, ""gross_amount_pct_nav"": 0.1562647114152509, ""fee"": 5.583314104271704e-05, ""fee_pct_nav"": 4.6879413424575264e-05, ""name"": ""交通银行""}, {""ts_code"": ""03988.HK"", ""side"": ""buy"", ""current_weight"": 0.0, ""target_weight"": 0.1844517004996474, ""post_trade_weight"": 0.18456209797129836, ""diff_weight"": 0.1844517004996474, ""gross_amount"": 0.21968102963009975, ""gross_amount_pct_nav"": 0.1844517004996474, ""fee"": 6.590430888902993e-05, ""fee_pct_nav"": 5.533551014989422e-05, ""name"": ""中国银行""}]"
2021-06-07,0.66284879,1.32569758,0.77715671,0.78458705,0.00046852,0.00023315,0.00023538,0.00000000,rebalance,"[{""ts_code"": ""00003.HK"", ""side"": ""buy"", ""current_weight"": 0.0, ""target_weight"": 0.1577793825520666, ""post_trade_weight"": 0.15784215784215694, ""diff_weight"": 0.1577793825520666, ""gross_amount"": 0.18587268282450126, ""gross_amount_pct_nav"": 0.1577793825520666, ""fee"": 5.576180484735037e-05, ""fee_pct_nav"": 4.733381476561997e-05, ""name"": ""香港中华煤气""}, {""ts_code"": ""00066.HK"", ""side"": ""sell"", ""current_weight"": 0.15935007205897944, ""target_weight"": 0.0, ""post_trade_weight"": 0.0, ""diff_weight"": -0.15935007205897944, ""gross_amount"": 0.18772304037953758, ""gross_amount_pct_nav"": 0.15935007205897944, ""fee"": 5.631691211386127e-05, ""fee_pct_nav"": 4.780502161769383e-05, ""name"": ""港铁公司""}, {""ts_code"": ""00267.HK"", ""side"": ""buy"", ""current_weight"": 0.0, ""target_weight"": 0.16377100467429692, ""post_trade_weight"": 0.16383616383616284, ""diff_weight"": 0.16377100467429692, ""gross_amount"": 0.19293113913429238, ""gross_amount_pct_nav"": 0.16377100467429692, ""fee"": 5.787934174028771e-05, ""fee_pct_nav"": 4.9131301402289074e-05, ""name"": ""中信股份""}, {""ts_code"": ""00386.HK"", ""side"": ""buy"", ""current_weight"": 0.0, ""target_weight"": 0.15728008070854738, ""post_trade_weight"": 0.1573426573426564, ""diff_weight"": 0.15728008070854738, ""gross_amount"": 0.18528447813201862, ""gross_amount_pct_nav"": 0.15728008070854738, ""fee"": 5.558534343960558e-05, ""fee_pct_nav"": 4.7184024212564205e-05, ""name"": ""中国石油化工股份""}, {""ts_code"": ""00857.HK"", ""side"": ""buy"", ""current_weight"": 0.0, ""target_weight"": 0.1692633249530081, ""post_trade_weight"": 0.16933066933066832, ""diff_weight"": 0.1692633249530081, ""gross_amount"": 0.199401390751601, ""gross_amount_pct_nav"": 0.1692633249530081, ""fee"": 5.982041722548029e-05, ""fee_pct_nav"": 5.077899748590243e-05, ""name"": ""中国石油股份""}, {""ts_code"": ""02388.HK"", ""side"": ""sell"", ""current_weight"": 0.17321548423953134, ""target_weight"": 0.0, ""post_trade_weight"": 0.0, ""diff_weight"": -0.17321548423953134, ""gross_amount"": 0.2040572490624511, ""gross_amount_pct_nav"": 0.17321548423953134, ""fee"": 6.121717471873532e-05, ""fee_pct_nav"": 5.1964645271859395e-05, ""name"": ""中银香港""}, {""ts_code"": ""02628.HK"", ""side"": ""sell"", ""current_weight"": 0.1518449220766885, ""target_weight"": 0.0, ""post_trade_weight"": 0.0, ""diff_weight"": -0.1518449220766885, ""gross_amount"": 0.17888156603957858, ""gross_amount_pct_nav"": 0.1518449220766885, ""fee"": 5.366446981187357e-05, ""fee_pct_nav"": 4.555347662300655e-05, ""name"": ""中国人寿""}, {""ts_code"": ""03328.HK"", ""side"": ""buy"", ""current_weight"": 0.15716267445513268, ""target_weight"": 0.1687640231094889, ""post_trade_weight"": 0.16883116883116783, ""diff_weight"": 0.011601348654356242, ""gross_amount"": 0.01366701887083388, ""gross_amount_pct_nav"": 0.011601348654356242, ""fee"": 4.100105661250164e-06, ""fee_pct_nav"": 3.480404596306872e-06, ""name"": ""交通银行""}, {""ts_code"": ""03988.HK"", ""side"": ""sell"", ""current_weight"": 0.18159196194838848, ""target_weight"": 0.0, ""post_trade_weight"": 0.0, ""diff_weight"": -0.18159196194838848, ""gross_amount"": 0.21392519479262986, ""gross_amount_pct_nav"": 0.18159196194838848, ""fee"": 6.417755843778895e-05, ""fee_pct_nav"": 5.4477588584516534e-05, ""name"": ""中国银行""}]"
2021-06-15,0.64121089,1.28242178,0.77286830,0.77045163,0.00046300,0.00023186,0.00023114,0.00000000,rebalance,"[{""ts_code"": ""00002.HK"", ""side"": ""buy"", ""current_weight"": 0.0, ""target_weight"": 0.15778971556374546, ""post_trade_weight"": 0.15785044481846552, ""diff_weight"": 0.15778971556374546, ""gross_amount"": 0.1898907319596871, ""gross_amount_pct_nav"": 0.15778971556374546, ""fee"": 5.696721958790612e-05, ""fee_pct_nav"": 4.7336914669123633e-05, ""name"": ""中电控股""}, {""ts_code"": ""00003.HK"", ""side"": ""sell"", ""current_weight"": 0.1556299320208131, ""target_weight"": 0.0, ""post_trade_weight"": 0.0, ""diff_weight"": -0.1556299320208131, ""gross_amount"": 0.18729155826590965, ""gross_amount_pct_nav"": 0.1556299320208131, ""fee"": 5.618746747977289e-05, ""fee_pct_nav"": 4.668897960624393e-05, ""name"": ""香港中华煤气""}, {""ts_code"": ""00006.HK"", ""side"": ""buy"", ""current_weight"": 0.0, ""target_weight"": 0.15682831592588561, ""post_trade_weight"": 0.15688867516229818, ""diff_weight"": 0.15682831592588561, ""gross_amount"": 0.18873374349382455, ""gross_amount_pct_nav"": 0.15682831592588561, ""fee"": 5.662012304814736e-05, ""fee_pct_nav"": 4.704849477776568e-05, ""name"": ""电能实业""}, {""ts_code"": ""00267.HK"", ""side"": ""sell"", ""current_weight"": 0.16158718999580746, ""target_weight"": 0.0, ""post_trade_weight"": 0.0, ""diff_weight"": -0.16158718999580746, ""gross_amount"": 0.19446077124853495, ""gross_amount_pct_nav"": 0.16158718999580746, ""fee"": 5.833823137456048e-05, ""fee_pct_nav"": 4.847615699874223e-05, ""name"": ""中信股份""}, {""ts_code"": ""00384.HK"", ""side"": ""buy"", ""current_weight"": 0.0, ""target_weight"": 0.15442481683123602, ""post_trade_weight"": 0.15448425102187982, ""diff_weight"": 0.15442481683123602, ""gross_amount"": 0.18584127232916822, ""gross_amount_pct_nav"": 0.15442481683123602, ""fee"": 5.5752381698750465e-05, ""fee_pct_nav"": 4.632744504937081e-05, ""name"": ""中国燃气""}, {""ts_code"": ""00386.HK"", ""side"": ""sell"", ""current_weight"": 0.16036718448429607, ""target_weight"": 0.0, ""post_trade_weight"": 0.0, ""diff_weight"": -0.16036718448429607, ""gross_amount"": 0.19299256567665687, ""gross_amount_pct_nav"": 0.16036718448429607, ""fee"": 5.7897769702997056e-05, ""fee_pct_nav"": 4.8110155345288816e-05, ""name"": ""中国石油化工股份""}, {""ts_code"": ""01113.HK"", ""side"": ""buy"", ""current_weight"": 0.0, ""target_weight"": 0.17317210976950284, ""post_trade_weight"": 0.17323875931714308, ""diff_weight"": 0.17317210976950284, ""gross_amount"": 0.20840254741348752, ""gross_amount_pct_nav"": 0.17317210976950284, ""fee"": 6.252076422404625e-05, ""fee_pct_nav"": 5.195163293085085e-05, ""name"": ""长实集团""}, {""ts_code"": ""03328.HK"", ""side"": ""sell"", ""current_weight"": 0.16262251952042667, ""target_weight"": 0.0, ""post_trade_weight"": 0.0, ""diff_weight"": -0.16262251952042667, ""gross_amount"": 0.19570673002694466, ""gross_amount_pct_nav"": 0.16262251952042667, ""fee"": 5.871201900808339e-05, ""fee_pct_nav"": 4.8786755856127996e-05, ""name"": ""交通银行""}]"
2021-06-21,0.66353364,1.32706727,0.79161619,0.79353349,0.00047554,0.00023748,0.00023806,0.00000000,rebalance,"[{""ts_code"": ""00002.HK"", ""side"": ""sell"", ""current_weight"": 0.15663282200022402, ""target_weight"": 0.0, ""post_trade_weight"": 0.0, ""diff_weight"": -0.15663282200022402, ""gross_amount"": 0.18709410851403635, ""gross_amount_pct_nav"": 0.15663282200022402, ""fee"": 5.61282325542109e-05, ""fee_pct_nav"": 4.6989846600067204e-05, ""name"": ""中电控股""}, {""ts_code"": ""00012.HK"", ""side"": ""buy"", ""current_weight"": 0.0, ""target_weight"": 0.16581384447553915, ""post_trade_weight"": 0.1658798846052972, ""diff_weight"": 0.16581384447553915, ""gross_amount"": 0.19806061727848906, ""gross_amount_pct_nav"": 0.16581384447553915, ""fee"": 5.941818518354671e-05, ""fee_pct_nav"": 4.974415334266174e-05, ""name"": ""恒基地产""}, {""ts_code"": ""00384.HK"", ""side"": ""sell"", ""current_weight"": 0.1512463848833704, ""target_weight"": 0.0, ""post_trade_weight"": 0.0, ""diff_weight"": -0.1512463848833704, ""gross_amount"": 0.18066013996532945, ""gross_amount_pct_nav"": 0.1512463848833704, ""fee"": 5.419804198959883e-05, ""fee_pct_nav"": 4.537391546501111e-05, ""name"": ""中国燃气""}, {""ts_code"": ""00857.HK"", ""side"": ""sell"", ""current_weight"": 0.18014343698325702, ""target_weight"": 0.0, ""post_trade_weight"": 0.0, ""diff_weight"": -0.18014343698325702, ""gross_amount"": 0.21517696812605952, ""gross_amount_pct_nav"": 0.18014343698325702, ""fee"": 6.455309043781786e-05, ""fee_pct_nav"": 5.40430310949771e-05, ""name"": ""中国石油股份""}, {""ts_code"": ""01288.HK"", ""side"": ""sell"", ""current_weight"": 0.1763135622840107, ""target_weight"": 0.0, ""post_trade_weight"": 0.0, ""diff_weight"": -0.1763135622840107, ""gross_amount"": 0.21060227564829184, ""gross_amount_pct_nav"": 0.1763135622840107, ""fee"": 6.318068269448755e-05, ""fee_pct_nav"": 5.289406868520321e-05, ""name"": ""农业银行""}, {""ts_code"": ""02020.HK"", ""side"": ""buy"", ""current_weight"": 0.0, ""target_weight"": 0.17262990764765612, ""post_trade_weight"": 0.17269866247049512, ""diff_weight"": 0.17262990764765612, ""gross_amount"": 0.20620223949072727, ""gross_amount_pct_nav"": 0.17262990764765612, ""fee"": 6.186067184721818e-05, ""fee_pct_nav"": 5.178897229429683e-05, ""name"": ""安踏体育""}, {""ts_code"": ""02319.HK"", ""side"": ""buy"", ""current_weight"": 0.0, ""target_weight"": 0.17000834488914957, ""post_trade_weight"": 0.17007605559926514, ""diff_weight"": 0.17000834488914957, ""gross_amount"": 0.2030708463321741, ""gross_amount_pct_nav"": 0.17000834488914957, ""fee"": 6.092125389965222e-05, ""fee_pct_nav"": 5.100250346674487e-05, ""name"": ""蒙牛乳业""}, {""ts_code"": ""02331.HK"", ""side"": ""buy"", ""current_weight"": 0.0, ""target_weight"": 0.15427896833811033, ""post_trade_weight"": 0.1543404143718852, ""diff_weight"": 0.15427896833811033, ""gross_amount"": 0.184282487380855, ""gross_amount_pct_nav"": 0.15427896833811033, ""fee"": 5.52847462142565e-05, ""fee_pct_nav"": 4.6283690501433094e-05, ""name"": ""李宁""}]"
2021-06-28,0.83003783,1.66007566,1.04162955,1.03787900,0.00062385,0.00031249,0.00031136,0.00000000,rebalance,"[{""ts_code"": ""00001.HK"", ""side"": ""buy"", ""current_weight"": 0.0, ""target_weight"": 0.16454917750386364, ""post_trade_weight"": 0.16463116756228502, ""diff_weight"": 0.16454917750386364, ""gross_amount"": 0.2061239910968351, ""gross_amount_pct_nav"": 0.16454917750386364, ""fee"": 6.183719732905053e-05, ""fee_pct_nav"": 4.936475325115909e-05, ""name"": ""长和""}, {""ts_code"": ""00006.HK"", ""side"": ""sell"", ""current_weight"": 0.149738302795065, ""target_weight"": 0.0, ""post_trade_weight"": 0.0, ""diff_weight"": -0.149738302795065, ""gross_amount"": 0.18757101712927415, ""gross_amount_pct_nav"": 0.149738302795065, ""fee"": 5.627130513878224e-05, ""fee_pct_nav"": 4.49214908385195e-05, ""name"": ""电能实业""}, {""ts_code"": ""00012.HK"", ""side"": ""sell"", ""current_weight"": 0.15708010693904353, ""target_weight"": 0.0, ""post_trade_weight"": 0.0, ""diff_weight"": -0.15708010693904353, ""gross_amount"": 0.19676779340591402, ""gross_amount_pct_nav"": 0.15708010693904353, ""fee"": 5.90303380217742e-05, ""fee_pct_nav"": 4.712403208171306e-05, ""name"": ""恒基地产""}, {""ts_code"": ""00857.HK"", ""side"": ""buy"", ""current_weight"": 0.0, ""target_weight"": 0.18456851363934854, ""post_trade_weight"": 0.18466047874938796, ""diff_weight"": 0.18456851363934854, ""gross_amount"": 0.23120139060713257, ""gross_amount_pct_nav"": 0.18456851363934854, ""fee"": 6.936041718213977e-05, ""fee_pct_nav"": 5.5370554091804564e-05, ""name"": ""中国石油股份""}, {""ts_code"": ""01088.HK"", ""side"": ""buy"", ""current_weight"": 0.0, ""target_weight"": 0.16699055995941053, ""post_trade_weight"": 0.16707376648754144, ""diff_weight"": 0.16699055995941053, ""gross_amount"": 0.20918221054931035, ""gross_amount_pct_nav"": 0.16699055995941053, ""fee"": 6.27546631647931e-05, ""fee_pct_nav"": 5.0097167987823154e-05, ""name"": ""中国神华""}, {""ts_code"": ""01113.HK"", ""side"": ""sell"", ""current_weight"": 0.17150090660550837, ""target_weight"": 0.0, ""post_trade_weight"": 0.0, ""diff_weight"": -0.17150090660550837, ""gross_amount"": 0.21483213640142884, ""gross_amount_pct_nav"": 0.17150090660550837, ""fee"": 6.444964092042865e-05, ""fee_pct_nav"": 5.145027198165251e-05, ""name"": ""长实集团""}, {""ts_code"": ""02020.HK"", ""side"": ""sell"", ""current_weight"": 0.18008957436200138, ""target_weight"": 0.0, ""post_trade_weight"": 0.0, ""diff_weight"": -0.18008957436200138, ""gross_amount"": 0.2255908074748924, ""gross_amount_pct_nav"": 0.18008957436200138, ""fee"": 6.767724224246771e-05, ""fee_pct_nav"": 5.402687230860041e-05, ""name"": ""安踏体育""}, {""ts_code"": ""02331.HK"", ""side"": ""sell"", ""current_weight"": 0.17013190852511534, ""target_weight"": 0.0, ""post_trade_weight"": 0.0, ""diff_weight"": -0.17013190852511534, ""gross_amount"": 0.213117248776859, ""gross_amount_pct_nav"": 0.17013190852511534, ""fee"": 6.393517463305769e-05, ""fee_pct_nav"": 5.103957255753459e-05, ""name"": ""李宁""}, {""ts_code"": ""03690.HK"", ""side"": ""buy"", ""current_weight"": 0.0, ""target_weight"": 0.15478364768167588, ""post_trade_weight"": 0.1548607718612592, ""diff_weight"": 0.15478364768167588, ""gross_amount"": 0.19389111328693392, ""gross_amount_pct_nav"": 0.15478364768167588, ""fee"": 5.816733398608017e-05, ""fee_pct_nav"": 4.643509430450276e-05, ""name"": ""美团-W""}, {""ts_code"": ""06098.HK"", ""side"": ""buy"", ""current_weight"": 0.0, ""target_weight"": 0.1606429655749885, ""post_trade_weight"": 0.16072300928187466, ""diff_weight"": 0.1606429655749885, ""gross_amount"": 0.20123083997287458, ""gross_amount_pct_nav"": 0.1606429655749885, ""fee"": 6.036925199186237e-05, ""fee_pct_nav"": 4.8192889672496544e-05, ""name"": ""碧桂园服务""}]"
2021-07-05,0.83102897,1.66205795,1.03379641,1.03326701,0.00062012,0.00031014,0.00030998,0.00000000,rebalance,"[{""ts_code"": ""00001.HK"", ""side"": ""sell"", ""current_weight"": 0.1613178773969782, ""target_weight"": 0.0, ""post_trade_weight"": 0.0, ""diff_weight"": -0.1613178773969782, ""gross_amount"": 0.20062735133425286, ""gross_amount_pct_nav"": 0.1613178773969782, ""fee"": 6.018820540027585e-05, ""fee_pct_nav"": 4.8395363219093454e-05, ""name"": ""长和""}, {""ts_code"": ""00004.HK"", ""side"": ""buy"", ""current_weight"": 0.0, ""target_weight"": 0.1653864127541282, ""post_trade_weight"": 0.16546891843334469, ""diff_weight"": 0.1653864127541282, ""gross_amount"": 0.20568729562366397, ""gross_amount_pct_nav"": 0.1653864127541282, ""fee"": 6.170618868709918e-05, ""fee_pct_nav"": 4.9615923826238454e-05, ""name"": ""九龙仓集团""}, {""ts_code"": ""00267.HK"", ""side"": ""buy"", ""current_weight"": 0.0, ""target_weight"": 0.14311940387083621, ""post_trade_weight"": 0.1431908012935675, ""diff_weight"": 0.14311940387083621, ""gross_amount"": 0.17799432639745946, ""gross_amount_pct_nav"": 0.14311940387083621, ""fee"": 5.3398297919237836e-05, ""fee_pct_nav"": 4.293582116125086e-05, ""name"": ""中信股份""}, {""ts_code"": ""00857.HK"", ""side"": ""sell"", ""current_weight"": 0.1852817887399015, ""target_weight"": 0.168259575190682, ""post_trade_weight"": 0.16834351419331592, ""diff_weight"": -0.017022213549219515, ""gross_amount"": 0.021170137329676486, ""gross_amount_pct_nav"": 0.017022213549219515, ""fee"": 6.351041198902945e-06, ""fee_pct_nav"": 5.106664064765854e-06, ""name"": ""中国石油股份""}, {""ts_code"": ""01088.HK"", ""side"": ""sell"", ""current_weight"": 0.1966262469420807, ""target_weight"": 0.0, ""post_trade_weight"": 0.0, ""diff_weight"": -0.1966262469420807, ""gross_amount"": 0.2445395622811693, ""gross_amount_pct_nav"": 0.1966262469420807, ""fee"": 7.336186868435079e-05, ""fee_pct_nav"": 5.89878740826242e-05, ""name"": ""中国神华""}, {""ts_code"": ""01113.HK"", ""side"": ""buy"", ""current_weight"": 0.0, ""target_weight"": 0.20273752442932763, ""post_trade_weight"": 0.20283866331297085, ""diff_weight"": 0.20273752442932763, ""gross_amount"": 0.25214001819665216, ""gross_amount_pct_nav"": 0.20273752442932763, ""fee"": 7.564200545899565e-05, ""fee_pct_nav"": 6.0821257328798284e-05, ""name"": ""长实集团""}, {""ts_code"": ""01308.HK"", ""side"": ""buy"", ""current_weight"": 0.0, ""target_weight"": 0.15604863483532835, ""post_trade_weight"": 0.15612648221343814, ""diff_weight"": 0.15604863483532835, ""gross_amount"": 0.19407411498041693, ""gross_amount_pct_nav"": 0.15604863483532835, ""fee"": 5.822223449412508e-05, ""fee_pct_nav"": 4.68145904505985e-05, ""name"": ""海丰国际""}, {""ts_code"": ""02319.HK"", ""side"": ""sell"", ""current_weight"": 0.16309279227835408, ""target_weight"": 0.0, ""post_trade_weight"": 0.0, ""diff_weight"": -0.16309279227835408, ""gross_amount"": 0.20283477234201813, ""gross_amount_pct_nav"": 0.16309279227835408, ""fee"": 6.0850431702605435e-05, ""fee_pct_nav"": 4.892783768350622e-05, ""name"": ""蒙牛乳业""}, {""ts_code"": ""02328.HK"", ""side"": ""buy"", ""current_weight"": 0.0, ""target_weight"": 0.16394983153585127, ""post_trade_weight"": 0.16403162055335904, ""diff_weight"": 0.16394983153585127, ""gross_amount"": 0.2039006524477798, ""gross_amount_pct_nav"": 0.16394983153585127, ""fee"": 6.117019573433393e-05, ""fee_pct_nav"": 4.918494946075538e-05, ""name"": ""中国财险""}, {""ts_code"": ""03690.HK"", ""side"": ""sell"", ""current_weight"": 0.136164721218137, ""target_weight"": 0.0, ""post_trade_weight"": 0.0, ""diff_weight"": -0.136164721218137, ""gross_amount"": 0.1693449467843884, ""gross_amount_pct_nav"": 0.136164721218137, ""fee"": 5.080348403531652e-05, ""fee_pct_nav"": 4.08494163654411e-05, ""name"": ""美团-W""}, {""ts_code"": ""06098.HK"", ""side"": ""sell"", ""current_weight"": 0.15659228733127203, ""target_weight"": 0.0, ""post_trade_weight"": 0.0, ""diff_weight"": -0.15659228733127203, ""gross_amount"": 0.19475024314468126, ""gross_amount_pct_nav"": 0.15659228733127203, ""fee"": 5.842507294340437e-05, ""fee_pct_nav"": 4.6977686199381606e-05, ""name"": ""碧桂园服务""}]"
2021-07-12,0.69507613,1.39015226,0.82757183,0.83969205,0.00050018,0.00024827,0.00025191,0.00000000,rebalance,"[{""ts_code"": ""00004.HK"", ""side"": ""sell"", ""current_weight"": 0.1652685166872734, ""target_weight"": 0.0, ""post_trade_weight"": 0.0, ""diff_weight"": -0.1652685166872734, ""gross_amount"": 0.19821298439205634, ""gross_amount_pct_nav"": 0.1652685166872734, ""fee"": 5.9463895317616896e-05, ""fee_pct_nav"": 4.9580555006182014e-05, ""name"": ""九龙仓集团""}, {""ts_code"": ""00388.HK"", ""side"": ""buy"", ""current_weight"": 0.0, ""target_weight"": 0.16048693390895438, ""post_trade_weight"": 0.16055389221556773, ""diff_weight"": 0.16048693390895438, ""gross_amount"": 0.19247824548590595, ""gross_amount_pct_nav"": 0.16048693390895438, ""fee"": 5.774347364577178e-05, ""fee_pct_nav"": 4.814608017268631e-05, ""name"": ""香港交易所""}, {""ts_code"": ""00857.HK"", ""side"": ""buy"", ""current_weight"": 0.15580648520777243, ""target_weight"": 0.1724579872541445, ""post_trade_weight"": 0.17252994011975928, ""diff_weight"": 0.016651502046372044, ""gross_amount"": 0.0199707965036513, ""gross_amount_pct_nav"": 0.016651502046372044, ""fee"": 5.991238951095389e-06, ""fee_pct_nav"": 4.995450613911613e-06, ""name"": ""中国石油股份""}, {""ts_code"": ""00881.HK"", ""side"": ""buy"", ""current_weight"": 0.0, ""target_weight"": 0.17320617808821884, ""post_trade_weight"": 0.17327844311377125, ""diff_weight"": 0.17320617808821884, ""gross_amount"": 0.20773293160833206, ""gross_amount_pct_nav"": 0.17320617808821884, ""fee"": 6.231987948249961e-05, ""fee_pct_nav"": 5.196185342646565e-05, ""name"": ""中升控股""}, {""ts_code"": ""01113.HK"", ""side"": ""sell"", ""current_weight"": 0.2090622690081531, ""target_weight"": 0.0, ""post_trade_weight"": 0.0, ""diff_weight"": -0.2090622690081531, ""gross_amount"": 0.25073654132379564, ""gross_amount_pct_nav"": 0.2090622690081531, ""fee"": 7.522096239713868e-05, ""fee_pct_nav"": 6.271868070244593e-05, ""name"": ""长实集团""}, {""ts_code"": ""01308.HK"", ""side"": ""sell"", ""current_weight"": 0.1603590852523952, ""target_weight"": 0.0, ""post_trade_weight"": 0.0, ""diff_weight"": -0.1603590852523952, ""gross_amount"": 0.19232491160069257, ""gross_amount_pct_nav"": 0.1603590852523952, ""fee"": 5.7697473480207766e-05, ""fee_pct_nav"": 4.810772557571856e-05, ""name"": ""海丰国际""}, {""ts_code"": ""01368.HK"", ""side"": ""buy"", ""current_weight"": 0.0, ""target_weight"": 0.1634796972452519, ""post_trade_weight"": 0.16354790419161563, ""diff_weight"": 0.1634796972452519, ""gross_amount"": 0.19606758339706504, ""gross_amount_pct_nav"": 0.1634796972452519, ""fee"": 5.882027501911951e-05, ""fee_pct_nav"": 4.904390917357557e-05, ""name"": ""特步国际""}, {""ts_code"": ""01772.HK"", ""side"": ""buy"", ""current_weight"": 0.0, ""target_weight"": 0.1761989414245164, ""post_trade_weight"": 0.17627245508981915, ""diff_weight"": 0.1761989414245164, ""gross_amount"": 0.21132226951949118, ""gross_amount_pct_nav"": 0.1761989414245164, ""fee"": 6.339668085584734e-05, ""fee_pct_nav"": 5.2859682427354904e-05, ""name"": ""赣锋锂业""}, {""ts_code"": ""02328.HK"", ""side"": ""sell"", ""current_weight"": 0.16543913174585692, ""target_weight"": 0.0, ""post_trade_weight"": 0.0, ""diff_weight"": -0.16543913174585692, ""gross_amount"": 0.19841760969288152, ""gross_amount_pct_nav"": 0.16543913174585692, ""fee"": 5.952528290786445e-05, ""fee_pct_nav"": 4.963173952375707e-05, ""name"": ""中国财险""}]"
2021-07-19,0.50681257,1.01362513,0.61526076,0.60400650,0.00036578,0.00018458,0.00018120,0.00000000,rebalance,"[{""ts_code"": ""00267.HK"", ""side"": ""sell"", ""current_weight"": 0.14299071927277865, ""target_weight"": 0.0, ""post_trade_weight"": 0.0, ""diff_weight"": -0.14299071927277865, ""gross_amount"": 0.17200037397119075, ""gross_amount_pct_nav"": 0.14299071927277865, ""fee"": 5.160011219135722e-05, ""fee_pct_nav"": 4.289721578183359e-05, ""name"": ""中信股份""}, {""ts_code"": ""00388.HK"", ""side"": ""sell"", ""current_weight"": 0.16605896461467018, ""target_weight"": 0.15497331976295445, ""post_trade_weight"": 0.15502045955303978, ""diff_weight"": -0.011085644851715731, ""gross_amount"": 0.013334677032916353, ""gross_amount_pct_nav"": 0.011085644851715731, ""fee"": 4.000403109874905e-06, ""fee_pct_nav"": 3.325693455514719e-06, ""name"": ""香港交易所""}, {""ts_code"": ""00857.HK"", ""side"": ""sell"", ""current_weight"": 0.16808656032982625, ""target_weight"": 0.0, ""post_trade_weight"": 0.0, ""diff_weight"": -0.16808656032982625, ""gross_amount"": 0.20218760618378853, ""gross_amount_pct_nav"": 0.16808656032982625, ""fee"": 6.065628185513656e-05, ""fee_pct_nav"": 5.0425968098947875e-05, ""name"": ""中国石油股份""}, {""ts_code"": ""00881.HK"", ""side"": ""sell"", ""current_weight"": 0.17820876390665974, ""target_weight"": 0.16315465237988197, ""post_trade_weight"": 0.16320428076802257, ""diff_weight"": -0.015054111526777781, ""gross_amount"": 0.018108257833644753, ""gross_amount_pct_nav"": 0.015054111526777781, ""fee"": 5.4324773500934255e-06, ""fee_pct_nav"": 4.516233458033334e-06, ""name"": ""中升控股""}, {""ts_code"": ""01368.HK"", ""side"": ""sell"", ""current_weight"": 0.15171692673903617, ""target_weight"": 0.0, ""post_trade_weight"": 0.0, ""diff_weight"": -0.15171692673903617, ""gross_amount"": 0.1824969359521348, ""gross_amount_pct_nav"": 0.15171692673903617, ""fee"": 5.474908078564043e-05, ""fee_pct_nav"": 4.5515078021710844e-05, ""name"": ""特步国际""}, {""ts_code"": ""01548.HK"", ""side"": ""buy"", ""current_weight"": 0.0, ""target_weight"": 0.16944798516213394, ""post_trade_weight"": 0.16949952785647088, ""diff_weight"": 0.16944798516213394, ""gross_amount"": 0.2038252340066396, ""gross_amount_pct_nav"": 0.16944798516213394, ""fee"": 6.114757020199188e-05, ""fee_pct_nav"": 5.083439554864018e-05, ""name"": ""金斯瑞生物科技""}, {""ts_code"": ""01772.HK"", ""side"": ""sell"", ""current_weight"": 0.18327786481413239, ""target_weight"": 0.17007731844035914, ""post_trade_weight"": 0.17012905256531574, ""diff_weight"": -0.013200546373773223, ""gross_amount"": 0.015878645302718458, ""gross_amount_pct_nav"": 0.013200546373773223, ""fee"": 4.763593590815537e-06, ""fee_pct_nav"": 3.960163912131967e-06, ""name"": ""赣锋锂业""}, {""ts_code"": ""02196.HK"", ""side"": ""buy"", ""current_weight"": 0.0, ""target_weight"": 0.17259465155325993, ""post_trade_weight"": 0.17264715140069503, ""diff_weight"": 0.17259465155325993, ""gross_amount"": 0.20761028941994766, ""gross_amount_pct_nav"": 0.17259465155325993, ""fee"": 6.22830868259843e-05, ""fee_pct_nav"": 5.177839546597797e-05, ""name"": ""复星医药""}, {""ts_code"": ""02359.HK"", ""side"": ""buy"", ""current_weight"": 0.0, ""target_weight"": 0.1694479851621339, ""post_trade_weight"": 0.16949952785647088, ""diff_weight"": 0.1694479851621339, ""gross_amount"": 0.20382523400663957, ""gross_amount_pct_nav"": 0.1694479851621339, ""fee"": 6.114757020199187e-05, ""fee_pct_nav"": 5.083439554864017e-05, ""name"": ""药明康德""}]"
2021-07-26,0.99970009,1.99940018,1.11424646,1.11491521,0.00066875,0.00033427,0.00033447,0.00000000,rebalance,"[{""ts_code"": ""00002.HK"", ""side"": ""buy"", ""current_weight"": 0.0, ""target_weight"": 0.15155287660277011, ""post_trade_weight"": 0.15164383561643588, ""diff_weight"": 0.15155287660277011, ""gross_amount"": 0.16896860696604807, ""gross_amount_pct_nav"": 0.15155287660277011, ""fee"": 5.0690582089814416e-05, ""fee_pct_nav"": 4.546586298083103e-05, ""name"": ""中电控股""}, {""ts_code"": ""00006.HK"", ""side"": ""buy"", ""current_weight"": 0.0, ""target_weight"": 0.15976712465712078, ""post_trade_weight"": 0.1598630136986275, ""diff_weight"": 0.15976712465712078, ""gross_amount"": 0.17812679704550866, ""gross_amount_pct_nav"": 0.15976712465712078, ""fee"": 5.343803911365259e-05, ""fee_pct_nav"": 4.793013739713623e-05, ""name"": ""电能实业""}, {""ts_code"": ""00388.HK"", ""side"": ""sell"", ""current_weight"": 0.16015479291131032, ""target_weight"": 0.0, ""post_trade_weight"": 0.0, ""diff_weight"": -0.16015479291131032, ""gross_amount"": 0.17855901427782855, ""gross_amount_pct_nav"": 0.16015479291131032, ""fee"": 5.356770428334856e-05, ""fee_pct_nav"": 4.8046437873393096e-05, ""name"": ""香港交易所""}, {""ts_code"": ""00881.HK"", ""side"": ""sell"", ""current_weight"": 0.16479894676679172, ""target_weight"": 0.0, ""post_trade_weight"": 0.0, ""diff_weight"": -0.16479894676679172, ""gross_amount"": 0.18373685204037715, ""gross_amount_pct_nav"": 0.16479894676679172, ""fee"": 5.5121055612113143e-05, ""fee_pct_nav"": 4.943968403003751e-05, ""name"": ""中升控股""}, {""ts_code"": ""00941.HK"", ""side"": ""buy"", ""current_weight"": 0.0, ""target_weight"": 0.17455277115495202, ""post_trade_weight"": 0.17465753424657246, ""diff_weight"": 0.17455277115495202, ""gross_amount"": 0.19461153918853774, ""gross_amount_pct_nav"": 0.17455277115495202, ""fee"": 5.838346175656132e-05, ""fee_pct_nav"": 5.23658313464856e-05, ""name"": ""中国移动""}, {""ts_code"": ""01548.HK"", ""side"": ""sell"", ""current_weight"": 0.14054450292520718, ""target_weight"": 0.0, ""post_trade_weight"": 0.0, ""diff_weight"": -0.14054450292520718, ""gross_amount"": 0.15669520373573603, ""gross_amount_pct_nav"": 0.14054450292520718, ""fee"": 4.7008561120720805e-05, ""fee_pct_nav"": 4.216335087756215e-05, ""name"": ""金斯瑞生物科技""}, {""ts_code"": ""01658.HK"", ""side"": ""buy"", ""current_weight"": 0.0, ""target_weight"": 0.1781122786451707, ""post_trade_weight"": 0.1782191780821889, ""diff_weight"": 0.1781122786451707, ""gross_amount"": 0.19858008822297074, ""gross_amount_pct_nav"": 0.1781122786451707, ""fee"": 5.9574026466891215e-05, ""fee_pct_nav"": 5.3433683593551206e-05, ""name"": ""邮储银行""}, {""ts_code"": ""01772.HK"", ""side"": ""sell"", ""current_weight"": 0.20044809721061205, ""target_weight"": 0.0, ""post_trade_weight"": 0.0, ""diff_weight"": -0.20044809721061205, ""gross_amount"": 0.22348263202846413, ""gross_amount_pct_nav"": 0.20044809721061205, ""fee"": 6.704478960853923e-05, ""fee_pct_nav"": 6.0134429163183605e-05, ""name"": ""赣锋锂业""}, {""ts_code"": ""02196.HK"", ""side"": ""sell"", ""current_weight"": 0.1736793662870708, ""target_weight"": 0.0, ""post_trade_weight"": 0.0, ""diff_weight"": -0.1736793662870708, ""gross_amount"": 0.19363776681844896, ""gross_amount_pct_nav"": 0.1736793662870708, ""fee"": 5.809133004553468e-05, ""fee_pct_nav"": 5.210380988612124e-05, ""name"": ""复星医药""}, {""ts_code"": ""02333.HK"", ""side"": ""buy"", ""current_weight"": 0.0, ""target_weight"": 0.16031474119407751, ""post_trade_weight"": 0.16041095890410695, ""diff_weight"": 0.16031474119407751, ""gross_amount"": 0.17873734305080605, ""gross_amount_pct_nav"": 0.16031474119407751, ""fee"": 5.3621202915241806e-05, ""fee_pct_nav"": 4.809442235822325e-05, ""name"": ""长城汽车""}, {""ts_code"": ""02359.HK"", ""side"": ""sell"", ""current_weight"": 0.16037429389902372, ""target_weight"": 0.0, ""post_trade_weight"": 0.0, ""diff_weight"": -0.16037429389902372, ""gross_amount"": 0.1788037392672381, ""gross_amount_pct_nav"": 0.16037429389902372, ""fee"": 5.364112178017143e-05, ""fee_pct_nav"": 4.811228816970711e-05, ""name"": ""药明康德""}, {""ts_code"": ""02688.HK"", ""side"": ""buy"", ""current_weight"": 0.0, ""target_weight"": 0.17510038769190878, ""post_trade_weight"": 0.17520547945205195, ""diff_weight"": 0.17510038769190878, ""gross_amount"": 0.19522208519383516, ""gross_amount_pct_nav"": 0.17510038769190878, ""fee"": 5.856662555815054e-05, ""fee_pct_nav"": 5.253011630757262e-05, ""name"": ""新奥能源""}]"
2021-08-02,0.84382815,1.68765630,0.97415606,0.97474073,0.00058467,0.00029225,0.00029242,0.00000000,rebalance,"[{""ts_code"": ""00002.HK"", ""side"": ""sell"", ""current_weight"": 0.14513507081804383, ""target_weight"": 0.0, ""post_trade_weight"": 0.0, ""diff_weight"": -0.14513507081804383, ""gross_amount"": 0.1676012309559182, ""gross_amount_pct_nav"": 0.14513507081804383, ""fee"": 5.0280369286775455e-05, ""fee_pct_nav"": 4.354052124541315e-05, ""name"": ""中电控股""}, {""ts_code"": ""00006.HK"", ""side"": ""buy"", ""current_weight"": 0.1559187020933167, ""target_weight"": 0.1856608038195913, ""post_trade_weight"": 0.18575485092285596, ""diff_weight"": 0.02974210172627458, ""gross_amount"": 0.03434602561905406, ""gross_amount_pct_nav"": 0.02974210172627458, ""fee"": 1.0303807685716217e-05, ""fee_pct_nav"": 8.922630517882373e-06, ""name"": ""电能实业""}, {""ts_code"": ""00669.HK"", ""side"": ""buy"", ""current_weight"": 0.0, ""target_weight"": 0.17998454994485222, ""post_trade_weight"": 0.18007572172266675, ""diff_weight"": 0.17998454994485222, ""gross_amount"": 0.20784522964558227, ""gross_amount_pct_nav"": 0.17998454994485222, ""fee"": 6.235356889367467e-05, ""fee_pct_nav"": 5.3995364983455657e-05, ""name"": ""创科实业""}, {""ts_code"": ""00836.HK"", ""side"": ""buy"", ""current_weight"": 0.0, ""target_weight"": 0.15349536519606974, ""post_trade_weight"": 0.15357311878845034, ""diff_weight"": 0.15349536519606974, ""gross_amount"": 0.17725565576870286, ""gross_amount_pct_nav"": 0.15349536519606974, ""fee"": 5.3176696730610855e-05, ""fee_pct_nav"": 4.6048609558820916e-05, ""name"": ""华润电力""}, {""ts_code"": ""00941.HK"", ""side"": ""sell"", ""current_weight"": 0.16939167070474026, ""target_weight"": 0.0, ""post_trade_weight"": 0.0, ""diff_weight"": -0.16939167070474026, ""gross_amount"": 0.1956126273530878, ""gross_amount_pct_nav"": 0.16939167070474026, ""fee"": 5.868378820592633e-05, ""fee_pct_nav"": 5.0817501211422075e-05, ""name"": ""中国移动""}, {""ts_code"": ""01038.HK"", ""side"": ""buy"", ""current_weight"": 0.0, ""target_weight"": 0.15822557675835233, ""post_trade_weight"": 0.1583057264552747, ""diff_weight"": 0.15822557675835233, ""gross_amount"": 0.18271807967528847, ""gross_amount_pct_nav"": 0.15822557675835233, ""fee"": 5.481542390258654e-05, ""fee_pct_nav"": 4.746767302750569e-05, ""name"": ""长江基建集团""}, {""ts_code"": ""01658.HK"", ""side"": ""sell"", ""current_weight"": 0.17725874512695292, ""target_weight"": 0.0, ""post_trade_weight"": 0.0, ""diff_weight"": -0.17725874512695292, ""gross_amount"": 0.20469748430566892, ""gross_amount_pct_nav"": 0.17725874512695292, ""fee"": 6.140924529170067e-05, ""fee_pct_nav"": 5.317762353808587e-05, ""name"": ""邮储银行""}, {""ts_code"": ""02196.HK"", ""side"": ""buy"", ""current_weight"": 0.0, ""target_weight"": 0.18376871919467827, ""post_trade_weight"": 0.18386180785612624, ""diff_weight"": 0.18376871919467827, ""gross_amount"": 0.21221516877085075, ""gross_amount_pct_nav"": 0.18376871919467827, ""fee"": 6.366455063125522e-05, ""fee_pct_nav"": 5.513061575840348e-05, ""name"": ""复星医药""}, {""ts_code"": ""02333.HK"", ""side"": ""sell"", ""current_weight"": 0.1797310380856143, ""target_weight"": 0.0, ""post_trade_weight"": 0.0, ""diff_weight"": -0.1797310380856143, ""gross_amount"": 0.20755247545852942, ""gross_amount_pct_nav"": 0.1797310380856143, ""fee"": 6.226574263755882e-05, ""fee_pct_nav"": 5.391931142568429e-05, ""name"": ""长城汽车""}, {""ts_code"": ""02688.HK"", ""side"": ""sell"", ""current_weight"": 0.17256477317131616, ""target_weight"": 0.0, ""post_trade_weight"": 0.0, ""diff_weight"": -0.17256477317131616, ""gross_amount"": 0.19927690970985956, ""gross_amount_pct_nav"": 0.17256477317131616, ""fee"": 5.9783072912957864e-05, ""fee_pct_nav"": 5.1769431951394844e-05, ""name"": ""新奥能源""}, {""ts_code"": ""02899.HK"", ""side"": ""buy"", ""current_weight"": 0.0, ""target_weight"": 0.1383586881967655, ""post_trade_weight"": 0.13842877425461242, ""diff_weight"": 0.1383586881967655, ""gross_amount"": 0.15977589926762895, ""gross_amount_pct_nav"": 0.1383586881967655, ""fee"": 4.793276978028868e-05, ""fee_pct_nav"": 4.150760645902964e-05, ""name"": ""紫金矿业""}]"
2021-08-09,0.83982816,1.67965632,0.96644818,0.96702822,0.00058004,0.00028993,0.00029011,0.00000000,rebalance,"[{""ts_code"": ""00006.HK"", ""side"": ""sell"", ""current_weight"": 0.18350757795565642, ""target_weight"": 0.0, ""post_trade_weight"": 0.0, ""diff_weight"": -0.18350757795565642, ""gross_amount"": 0.21123819528479895, ""gross_amount_pct_nav"": 0.18350757795565642, ""fee"": 6.337145858543968e-05, ""fee_pct_nav"": 5.505227338669692e-05, ""name"": ""电能实业""}, {""ts_code"": ""00008.HK"", ""side"": ""buy"", ""current_weight"": 0.0, ""target_weight"": 0.14094276845605638, ""post_trade_weight"": 0.1410138248847907, ""diff_weight"": 0.14094276845605638, ""gross_amount"": 0.16224123482407357, ""gross_amount_pct_nav"": 0.14094276845605638, ""fee"": 4.867237044722207e-05, ""fee_pct_nav"": 4.228283053681691e-05, ""name"": ""电讯盈科""}, {""ts_code"": ""00316.HK"", ""side"": ""buy"", ""current_weight"": 0.0, ""target_weight"": 0.1759481619288024, ""post_trade_weight"": 0.17603686635944457, ""diff_weight"": 0.1759481619288024, ""gross_amount"": 0.20253644347318986, ""gross_amount_pct_nav"": 0.1759481619288024, ""fee"": 6.076093304195695e-05, ""fee_pct_nav"": 5.278444857864071e-05, ""name"": ""东方海外国际""}, {""ts_code"": ""00669.HK"", ""side"": ""sell"", ""current_weight"": 0.18727972707939178, ""target_weight"": 0.0, ""post_trade_weight"": 0.0, ""diff_weight"": -0.18727972707939178, ""gross_amount"": 0.21558037004466388, ""gross_amount_pct_nav"": 0.18727972707939178, ""fee"": 6.467411101339915e-05, ""fee_pct_nav"": 5.6183918123817526e-05, ""name"": ""创科实业""}, {""ts_code"": ""00836.HK"", ""side"": ""sell"", ""current_weight"": 0.16657700263418718, ""target_weight"": 0.0, ""post_trade_weight"": 0.0, ""diff_weight"": -0.16657700263418718, ""gross_amount"": 0.19174916809647907, ""gross_amount_pct_nav"": 0.16657700263418718, ""fee"": 5.752475042894372e-05, ""fee_pct_nav"": 4.997310079025615e-05, ""name"": ""华润电力""}, {""ts_code"": ""00981.HK"", ""side"": ""buy"", ""current_weight"": 0.0, ""target_weight"": 0.1925296641001032, ""post_trade_weight"": 0.19262672811059647, ""diff_weight"": 0.1925296641001032, ""gross_amount"": 0.22162364757013975, ""gross_amount_pct_nav"": 0.1925296641001032, ""fee"": 6.648709427104192e-05, ""fee_pct_nav"": 5.775889923003095e-05, ""name"": ""中芯国际""}, {""ts_code"": ""01038.HK"", ""side"": ""buy"", ""current_weight"": 0.1599198905851389, ""target_weight"": 0.17410577279865788, ""post_trade_weight"": 0.1741935483870944, ""diff_weight"": 0.014185882213518996, ""gross_amount"": 0.016329571730441528, ""gross_amount_pct_nav"": 0.014185882213518996, ""fee"": 4.898871519132458e-06, ""fee_pct_nav"": 4.255764664055698e-06, ""name"": ""长江基建集团""}, {""ts_code"": ""01919.HK"", ""side"": ""buy"", ""current_weight"": 0.0, ""target_weight"": 0.15476068693214035, ""post_trade_weight"": 0.15483870967741725, ""diff_weight"": 0.15476068693214035, ""gross_amount"": 0.17814723823819845, ""gross_amount_pct_nav"": 0.15476068693214035, ""fee"": 5.344417147145953e-05, ""fee_pct_nav"": 4.64282060796421e-05, ""name"": ""中远海控""}, {""ts_code"": ""02196.HK"", ""side"": ""sell"", ""current_weight"": 0.16919999115018863, ""target_weight"": 0.0, ""post_trade_weight"": 0.0, ""diff_weight"": -0.16919999115018863, ""gross_amount"": 0.19476852765942199, ""gross_amount_pct_nav"": 0.16919999115018863, ""fee"": 5.843055829782659e-05, ""fee_pct_nav"": 5.0759997345056585e-05, ""name"": ""复星医药""}, {""ts_code"": ""02899.HK"", ""side"": ""sell"", ""current_weight"": 0.13351581059542336, ""target_weight"": 0.0, ""post_trade_weight"": 0.0, ""diff_weight"": -0.13351581059542336, ""gross_amount"": 0.1536919575004119, ""gross_amount_pct_nav"": 0.13351581059542336, ""fee"": 4.610758725012357e-05, ""fee_pct_nav"": 4.005474317862701e-05, ""name"": ""紫金矿业""}, {""ts_code"": ""03958.HK"", ""side"": ""buy"", ""current_weight"": 0.0, ""target_weight"": 0.1612090488876462, ""post_trade_weight"": 0.161290322580643, ""diff_weight"": 0.1612090488876462, ""gross_amount"": 0.18557003983145673, ""gross_amount_pct_nav"": 0.1612090488876462, ""fee"": 5.5671011949437014e-05, ""fee_pct_nav"": 4.836271466629386e-05, ""name"": ""东方证券""}]"
2021-08-16,0.68510518,1.37021037,0.78532904,0.78580037,0.00047134,0.00023560,0.00023574,0.00000000,rebalance,"[{""ts_code"": ""00008.HK"", ""side"": ""sell"", ""current_weight"": 0.1410443288529232, ""target_weight"": 0.0, ""post_trade_weight"": 0.0, ""diff_weight"": -0.1410443288529232, ""gross_amount"": 0.16172618328494956, ""gross_amount_pct_nav"": 0.1410443288529232, ""fee"": 4.8517854985484866e-05, ""fee_pct_nav"": 4.231329865587696e-05, ""name"": ""电讯盈科""}, {""ts_code"": ""00316.HK"", ""side"": ""sell"", ""current_weight"": 0.18070154295917157, ""target_weight"": 0.15256883773575322, ""post_trade_weight"": 0.15263157894736784, ""diff_weight"": -0.028132705223418347, ""gross_amount"": 0.03225790840557938, ""gross_amount_pct_nav"": 0.028132705223418347, ""fee"": 9.677372521673813e-06, ""fee_pct_nav"": 8.439811567025504e-06, ""name"": ""东方海外国际""}, {""ts_code"": ""00669.HK"", ""side"": ""buy"", ""current_weight"": 0.0, ""target_weight"": 0.16900944525038183, ""post_trade_weight"": 0.16907894736842044, ""diff_weight"": 0.16900944525038183, ""gross_amount"": 0.19379192869181713, ""gross_amount_pct_nav"": 0.16900944525038183, ""fee"": 5.813757860754513e-05, ""fee_pct_nav"": 5.070283357511454e-05, ""name"": ""创科实业""}, {""ts_code"": ""00941.HK"", ""side"": ""buy"", ""current_weight"": 0.0, ""target_weight"": 0.16506369944687097, ""post_trade_weight"": 0.16513157894736782, ""diff_weight"": 0.16506369944687097, ""gross_amount"": 0.1892676035083506, ""gross_amount_pct_nav"": 0.16506369944687097, ""fee"": 5.678028105250517e-05, ""fee_pct_nav"": 4.9519109834061284e-05, ""name"": ""中国移动""}, {""ts_code"": ""00981.HK"", ""side"": ""sell"", ""current_weight"": 0.17377315412119876, ""target_weight"": 0.0, ""post_trade_weight"": 0.0, ""diff_weight"": -0.17377315412119876, ""gross_amount"": 0.19925415790885462, ""gross_amount_pct_nav"": 0.17377315412119876, ""fee"": 5.977624737265638e-05, ""fee_pct_nav"": 5.2131946236359625e-05, ""name"": ""中芯国际""}, {""ts_code"": ""01038.HK"", ""side"": ""sell"", ""current_weight"": 0.1747861062873898, ""target_weight"": 0.0, ""post_trade_weight"": 0.0, ""diff_weight"": -0.1747861062873898, ""gross_amount"": 0.20041564301797324, ""gross_amount_pct_nav"": 0.1747861062873898, ""fee"": 6.012469290539197e-05, ""fee_pct_nav"": 5.243583188621694e-05, ""name"": ""长江基建集团""}, {""ts_code"": ""01919.HK"", ""side"": ""buy"", ""current_weight"": 0.162120446411492, ""target_weight"": 0.17755856115798874, ""post_trade_weight"": 0.1776315789473678, ""diff_weight"": 0.0154381147464967, ""gross_amount"": 0.017701862920483258, ""gross_amount_pct_nav"": 0.0154381147464967, ""fee"": 5.310558876144977e-06, ""fee_pct_nav"": 4.63143442394901e-06, ""name"": ""中远海控""}, {""ts_code"": ""02688.HK"", ""side"": ""buy"", ""current_weight"": 0.0, ""target_weight"": 0.178873809759159, ""post_trade_weight"": 0.178947368421052, ""diff_weight"": 0.178873809759159, ""gross_amount"": 0.20510274165048353, ""gross_amount_pct_nav"": 0.178873809759159, ""fee"": 6.153082249514506e-05, ""fee_pct_nav"": 5.3662142927747703e-05, ""name"": ""新奥能源""}, {""ts_code"": ""03958.HK"", ""side"": ""sell"", ""current_weight"": 0.16757442136781084, ""target_weight"": 0.0, ""post_trade_weight"": 0.0, ""diff_weight"": -0.16757442136781084, ""gross_amount"": 0.1921464819210153, ""gross_amount_pct_nav"": 0.16757442136781084, ""fee"": 5.764394457630459e-05, ""fee_pct_nav"": 5.027232641034325e-05, ""name"": ""东方证券""}, {""ts_code"": ""03968.HK"", ""side"": ""buy"", ""current_weight"": 0.0, ""target_weight"": 0.1565145835392641, ""post_trade_weight"": 0.15657894736842046, ""diff_weight"": 0.1565145835392641, ""gross_amount"": 0.17946489894417306, ""gross_amount_pct_nav"": 0.1565145835392641, ""fee"": 5.383946968325191e-05, ""fee_pct_nav"": 4.6954375061779226e-05, ""name"": ""招商银行""}]"
2021-08-23,0.68885252,1.37770503,0.78784174,0.79801344,0.00047576,0.00023635,0.00023940,0.00000000,rebalance,"[{""ts_code"": ""00003.HK"", ""side"": ""buy"", ""current_weight"": 0.0, ""target_weight"": 0.1563733688371538, ""post_trade_weight"": 0.15643802647412725, ""diff_weight"": 0.1563733688371538, ""gross_amount"": 0.1799989924867309, ""gross_amount_pct_nav"": 0.1563733688371538, ""fee"": 5.399969774601926e-05, ""fee_pct_nav"": 4.691201065114613e-05, ""name"": ""香港中华煤气""}, {""ts_code"": ""00669.HK"", ""side"": ""sell"", ""current_weight"": 0.16335915358546146, ""target_weight"": 0.0, ""post_trade_weight"": 0.0, ""diff_weight"": -0.16335915358546146, ""gross_amount"": 0.18804022243384572, ""gross_amount_pct_nav"": 0.16335915358546146, ""fee"": 5.641206673015371e-05, ""fee_pct_nav"": 4.900774607563844e-05, ""name"": ""创科实业""}, {""ts_code"": ""00762.HK"", ""side"": ""buy"", ""current_weight"": 0.0, ""target_weight"": 0.18885091467256268, ""post_trade_weight"": 0.18892900120336908, ""diff_weight"": 0.18885091467256268, ""gross_amount"": 0.21738339861859043, ""gross_amount_pct_nav"": 0.18885091467256268, ""fee"": 6.521501958557713e-05, ""fee_pct_nav"": 5.66552744017688e-05, ""name"": ""中国联通""}, {""ts_code"": ""00836.HK"", ""side"": ""buy"", ""current_weight"": 0.0, ""target_weight"": 0.1876480426045846, ""post_trade_weight"": 0.18772563176895274, ""diff_weight"": 0.1876480426045846, ""gross_amount"": 0.21599879098407712, ""gross_amount_pct_nav"": 0.1876480426045846, ""fee"": 6.479963729522313e-05, ""fee_pct_nav"": 5.629441278137537e-05, ""name"": ""华润电力""}, {""ts_code"": ""00902.HK"", ""side"": ""buy"", ""current_weight"": 0.0, ""target_weight"": 0.1515618805652414, ""post_trade_weight"": 0.15162454873646183, ""diff_weight"": 0.1515618805652414, ""gross_amount"": 0.17446056194867768, ""gross_amount_pct_nav"": 0.1515618805652414, ""fee"": 5.23381685846033e-05, ""fee_pct_nav"": 4.546856416957241e-05, ""name"": ""华能国际电力股份""}, {""ts_code"": ""00941.HK"", ""side"": ""sell"", ""current_weight"": 0.16172407559706894, ""target_weight"": 0.0, ""post_trade_weight"": 0.0, ""diff_weight"": -0.16172407559706894, ""gross_amount"": 0.18615810917673237, ""gross_amount_pct_nav"": 0.16172407559706894, ""fee"": 5.584743275301971e-05, ""fee_pct_nav"": 4.8517222679120684e-05, ""name"": ""中国移动""}, {""ts_code"": ""01919.HK"", ""side"": ""sell"", ""current_weight"": 0.18352845513419708, ""target_weight"": 0.13953315988546033, ""post_trade_weight"": 0.13959085439229818, ""diff_weight"": -0.04399529524873675, ""gross_amount"": 0.05064231126961127, ""gross_amount_pct_nav"": 0.04399529524873675, ""fee"": 1.5192693380883381e-05, ""fee_pct_nav"": 1.3198588574621024e-05, ""name"": ""中远海控""}, {""ts_code"": ""02688.HK"", ""side"": ""sell"", ""current_weight"": 0.16328742239743987, ""target_weight"": 0.0, ""post_trade_weight"": 0.0, ""diff_weight"": -0.16328742239743987, ""gross_amount"": 0.18795765376074125, ""gross_amount_pct_nav"": 0.16328742239743987, ""fee"": 5.638729612822237e-05, ""fee_pct_nav"": 4.898622671923196e-05, ""name"": ""新奥能源""}, {""ts_code"": ""03968.HK"", ""side"": ""sell"", ""current_weight"": 0.16090488046486115, ""target_weight"": 0.0, ""post_trade_weight"": 0.0, ""diff_weight"": -0.16090488046486115, ""gross_amount"": 0.18521514619304813, ""gross_amount_pct_nav"": 0.16090488046486115, ""fee"": 5.556454385791443e-05, ""fee_pct_nav"": 4.827146413945834e-05, ""name"": ""招商银行""}]"
2021-08-30,0.99548470,1.99096939,1.14903194,1.14002271,0.00068672,0.00034471,0.00034201,0.00000000,rebalance,"[{""ts_code"": ""00003.HK"", ""side"": ""sell"", ""current_weight"": 0.14998450223107487, ""target_weight"": 0.0, ""post_trade_weight"": 0.0, ""diff_weight"": -0.14998450223107487, ""gross_amount"": 0.1724399796788892, ""gross_amount_pct_nav"": 0.14998450223107487, ""fee"": 5.173199390366675e-05, ""fee_pct_nav"": 4.4995350669322456e-05, ""name"": ""香港中华煤气""}, {""ts_code"": ""00135.HK"", ""side"": ""buy"", ""current_weight"": 0.0, ""target_weight"": 0.15863304692657515, ""post_trade_weight"": 0.1587278536160299, ""diff_weight"": 0.15863304692657515, ""gross_amount"": 0.18238337282524483, ""gross_amount_pct_nav"": 0.15863304692657515, ""fee"": 5.4715011847573446e-05, ""fee_pct_nav"": 4.758991407797254e-05, ""name"": ""昆仑能源""}, {""ts_code"": ""00267.HK"", ""side"": ""buy"", ""current_weight"": 0.0, ""target_weight"": 0.18766013694058709, ""post_trade_weight"": 0.18777229160615433, ""diff_weight"": 0.18766013694058709, ""gross_amount"": 0.2157563596185193, ""gross_amount_pct_nav"": 0.18766013694058709, ""fee"": 6.472690788555579e-05, ""fee_pct_nav"": 5.629804108217612e-05, ""name"": ""中信股份""}, {""ts_code"": ""00316.HK"", ""side"": ""sell"", ""current_weight"": 0.17612495400995498, ""target_weight"": 0.0, ""post_trade_weight"": 0.0, ""diff_weight"": -0.17612495400995498, ""gross_amount"": 0.20249414465256296, ""gross_amount_pct_nav"": 0.17612495400995498, ""fee"": 6.074824339576888e-05, ""fee_pct_nav"": 5.2837486202986484e-05, ""name"": ""东方海外国际""}, {""ts_code"": ""00762.HK"", ""side"": ""sell"", ""current_weight"": 0.1807414021762681, ""target_weight"": 0.0, ""post_trade_weight"": 0.0, ""diff_weight"": -0.1807414021762681, ""gross_amount"": 0.20780176121391425, ""gross_amount_pct_nav"": 0.1807414021762681, ""fee"": 6.234052836417427e-05, ""fee_pct_nav"": 5.422242065288043e-05, ""name"": ""中国联通""}, {""ts_code"": ""00836.HK"", ""side"": ""sell"", ""current_weight"": 0.19275076460358467, ""target_weight"": 0.0, ""post_trade_weight"": 0.0, ""diff_weight"": -0.19275076460358467, ""gross_amount"": 0.22160914919145572, ""gross_amount_pct_nav"": 0.19275076460358467, ""fee"": 6.648274475743672e-05, ""fee_pct_nav"": 5.78252293810754e-05, ""name"": ""华润电力""}, {""ts_code"": ""00902.HK"", ""side"": ""sell"", ""current_weight"": 0.14466591029502737, ""target_weight"": 0.0, ""post_trade_weight"": 0.0, ""diff_weight"": -0.14466591029502737, ""gross_amount"": 0.16632509532930928, ""gross_amount_pct_nav"": 0.14466591029502737, ""fee"": 4.989752859879278e-05, ""fee_pct_nav"": 4.339977308850821e-05, ""name"": ""华能国际电力股份""}, {""ts_code"": ""01088.HK"", ""side"": ""buy"", ""current_weight"": 0.0, ""target_weight"": 0.16153575592797634, ""post_trade_weight"": 0.16163229741504234, ""diff_weight"": 0.16153575592797634, ""gross_amount"": 0.18572067150457228, ""gross_amount_pct_nav"": 0.16153575592797634, ""fee"": 5.571620145137168e-05, ""fee_pct_nav"": 4.84607267783929e-05, ""name"": ""中国神华""}, {""ts_code"": ""01308.HK"", ""side"": ""buy"", ""current_weight"": 0.0, ""target_weight"": 0.15108600352293208, ""post_trade_weight"": 0.15117629973859759, ""diff_weight"": 0.15108600352293208, ""gross_amount"": 0.1737063962589935, ""gross_amount_pct_nav"": 0.15108600352293208, ""fee"": 5.211191887769805e-05, ""fee_pct_nav"": 4.532580105687962e-05, ""name"": ""海丰国际""}, {""ts_code"": ""01919.HK"", ""side"": ""sell"", ""current_weight"": 0.1472991493454286, ""target_weight"": 0.0, ""post_trade_weight"": 0.0, ""diff_weight"": -0.1472991493454286, ""gross_amount"": 0.16935257937990317, ""gross_amount_pct_nav"": 0.1472991493454286, ""fee"": 5.080577381397095e-05, ""fee_pct_nav"": 4.4189744803628575e-05, ""name"": ""中远海控""}, {""ts_code"": ""02331.HK"", ""side"": ""buy"", ""current_weight"": 0.0, ""target_weight"": 0.18649905334002667, ""post_trade_weight"": 0.1866105140865494, ""diff_weight"": 0.18649905334002667, ""gross_amount"": 0.21442144014678838, ""gross_amount_pct_nav"": 0.18649905334002667, ""fee"": 6.432643204403651e-05, ""fee_pct_nav"": 5.5949716002008e-05, ""name"": ""李宁""}, {""ts_code"": ""03998.HK"", ""side"": ""buy"", ""current_weight"": 0.0, ""target_weight"": 0.15398871252433327, ""post_trade_weight"": 0.15408074353761003, ""diff_weight"": 0.15398871252433327, ""gross_amount"": 0.17704369493832095, ""gross_amount_pct_nav"": 0.15398871252433327, ""fee"": 5.311310848149628e-05, ""fee_pct_nav"": 4.619661375729998e-05, ""name"": ""波司登""}]"
2021-09-06,0.52288683,1.04577366,0.61902471,0.61281776,0.00036955,0.00018571,0.00018385,0.00000000,rebalance,"[{""ts_code"": ""00135.HK"", ""side"": ""sell"", ""current_weight"": 0.16481667925865923, ""target_weight"": 0.0, ""post_trade_weight"": 0.0, ""diff_weight"": -0.16481667925865923, ""gross_amount"": 0.19414161319363452, ""gross_amount_pct_nav"": 0.16481667925865923, ""fee"": 5.824248395809035e-05, ""fee_pct_nav"": 4.944500377759776e-05, ""name"": ""昆仑能源""}, {""ts_code"": ""00267.HK"", ""side"": ""sell"", ""current_weight"": 0.19475311331401648, ""target_weight"": 0.1633676850557936, ""post_trade_weight"": 0.16341895482728075, ""diff_weight"": -0.03138542825822289, ""gross_amount"": 0.0369696665424373, ""gross_amount_pct_nav"": 0.03138542825822289, ""fee"": 1.109089996273119e-05, ""fee_pct_nav"": 9.415628477466865e-06, ""name"": ""中信股份""}, {""ts_code"": ""00669.HK"", ""side"": ""buy"", ""current_weight"": 0.0, ""target_weight"": 0.17517384115738668, ""post_trade_weight"": 0.1752288160614113, ""diff_weight"": 0.17517384115738668, ""gross_amount"": 0.20634156849045837, ""gross_amount_pct_nav"": 0.17517384115738668, ""fee"": 6.19024705471375e-05, ""fee_pct_nav"": 5.2552152347216e-05, ""name"": ""创科实业""}, {""ts_code"": ""00836.HK"", ""side"": ""buy"", ""current_weight"": 0.0, ""target_weight"": 0.16749983969135118, ""post_trade_weight"": 0.16755240625922643, ""diff_weight"": 0.16749983969135118, ""gross_amount"": 0.1973021737461417, ""gross_amount_pct_nav"": 0.16749983969135118, ""fee"": 5.91906521238425e-05, ""fee_pct_nav"": 5.024995190740535e-05, ""name"": ""华润电力""}, {""ts_code"": ""00857.HK"", ""side"": ""buy"", ""current_weight"": 0.0, ""target_weight"": 0.18284784262342216, ""post_trade_weight"": 0.18290522586359612, ""diff_weight"": 0.18284784262342216, ""gross_amount"": 0.21538096323477499, ""gross_amount_pct_nav"": 0.18284784262342216, ""fee"": 6.461428897043249e-05, ""fee_pct_nav"": 5.485435278702664e-05, ""name"": ""中国石油股份""}, {""ts_code"": ""01088.HK"", ""side"": ""sell"", ""current_weight"": 0.17110824045365072, ""target_weight"": 0.16100645383547502, ""post_trade_weight"": 0.16105698258045467, ""diff_weight"": -0.0101017866181757, ""gross_amount"": 0.011899142483708686, ""gross_amount_pct_nav"": 0.0101017866181757, ""fee"": 3.5697427451126052e-06, ""fee_pct_nav"": 3.0305359854527095e-06, ""name"": ""中国神华""}, {""ts_code"": ""01308.HK"", ""side"": ""sell"", ""current_weight"": 0.13370860152307878, ""target_weight"": 0.0, ""post_trade_weight"": 0.0, ""diff_weight"": -0.13370860152307878, ""gross_amount"": 0.15749864464152258, ""gross_amount_pct_nav"": 0.13370860152307878, ""fee"": 4.724959339245677e-05, ""fee_pct_nav"": 4.0112580456923634e-05, ""name"": ""海丰国际""}, {""ts_code"": ""02331.HK"", ""side"": ""sell"", ""current_weight"": 0.18023963956839456, ""target_weight"": 0.0, ""post_trade_weight"": 0.0, ""diff_weight"": -0.18023963956839456, ""gross_amount"": 0.21230869681782483, ""gross_amount_pct_nav"": 0.18023963956839456, ""fee"": 6.369260904534744e-05, ""fee_pct_nav"": 5.407189187051836e-05, ""name"": ""李宁""}]"
2021-09-13,0.49141233,0.98282467,0.60087347,0.60325809,0.00036124,0.00018026,0.00018098,0.00000000,rebalance,"[{""ts_code"": ""00267.HK"", ""side"": ""sell"", ""current_weight"": 0.16392334889632568, ""target_weight"": 0.0, ""post_trade_weight"": 0.0, ""diff_weight"": -0.16392334889632568, ""gross_amount"": 0.2008346802285113, ""gross_amount_pct_nav"": 0.16392334889632568, ""fee"": 6.0250404068553384e-05, ""fee_pct_nav"": 4.9177004668897695e-05, ""name"": ""中信股份""}, {""ts_code"": ""00669.HK"", ""side"": ""sell"", ""current_weight"": 0.162620427213463, ""target_weight"": 0.0, ""post_trade_weight"": 0.0, ""diff_weight"": -0.162620427213463, ""gross_amount"": 0.1992383740201382, ""gross_amount_pct_nav"": 0.162620427213463, ""fee"": 5.977151220604145e-05, ""fee_pct_nav"": 4.8786128164038895e-05, ""name"": ""创科实业""}, {""ts_code"": ""00836.HK"", ""side"": ""sell"", ""current_weight"": 0.1658417342445898, ""target_weight"": 0.0, ""post_trade_weight"": 0.0, ""diff_weight"": -0.1658417342445898, ""gross_amount"": 0.20318503672481106, ""gross_amount_pct_nav"": 0.1658417342445898, ""fee"": 6.0955511017443315e-05, ""fee_pct_nav"": 4.975252027337694e-05, ""name"": ""华润电力""}, {""ts_code"": ""01776.HK"", ""side"": ""buy"", ""current_weight"": 0.0, ""target_weight"": 0.15955746079630498, ""post_trade_weight"": 0.1596045197740112, ""diff_weight"": 0.15955746079630498, ""gross_amount"": 0.19548570617213287, ""gross_amount_pct_nav"": 0.15955746079630498, ""fee"": 5.8645711851639854e-05, ""fee_pct_nav"": 4.786723823889149e-05, ""name"": ""广发证券""}, {""ts_code"": ""01800.HK"", ""side"": ""buy"", ""current_weight"": 0.0, ""target_weight"": 0.15861611884470433, ""post_trade_weight"": 0.15866290018832377, ""diff_weight"": 0.15861611884470433, ""gross_amount"": 0.1943323981711173, ""gross_amount_pct_nav"": 0.15861611884470433, ""fee"": 5.829971945133519e-05, ""fee_pct_nav"": 4.75848356534113e-05, ""name"": ""中国交通建设""}, {""ts_code"": ""03968.HK"", ""side"": ""buy"", ""current_weight"": 0.0, ""target_weight"": 0.1722655771429133, ""post_trade_weight"": 0.17231638418079076, ""diff_weight"": 0.1722655771429133, ""gross_amount"": 0.2110553641858425, ""gross_amount_pct_nav"": 0.1722655771429133, ""fee"": 6.331660925575274e-05, ""fee_pct_nav"": 5.167967314287398e-05, ""name"": ""招商银行""}]"
2021-09-20,0.80868506,1.61737012,0.92226562,0.92737362,0.00055489,0.00027668,0.00027821,0.00000000,rebalance,"[{""ts_code"": ""00857.HK"", ""side"": ""sell"", ""current_weight"": 0.21667150179600914, ""target_weight"": 0.19306301111337545, ""post_trade_weight"": 0.1931567328918317, ""diff_weight"": -0.023608490682633685, ""gross_amount"": 0.0269988856212921, ""gross_amount_pct_nav"": 0.023608490682633685, ""fee"": 8.09966568638763e-06, ""fee_pct_nav"": 7.082547204790106e-06, ""name"": ""中国石油股份""}, {""ts_code"": ""01088.HK"", ""side"": ""sell"", ""current_weight"": 0.15894862673539692, ""target_weight"": 0.0, ""post_trade_weight"": 0.0, ""diff_weight"": -0.15894862673539692, ""gross_amount"": 0.18177510161830027, ""gross_amount_pct_nav"": 0.15894862673539692, ""fee"": 5.4532530485490075e-05, ""fee_pct_nav"": 4.7684588020619074e-05, ""name"": ""中国神华""}, {""ts_code"": ""01776.HK"", ""side"": ""sell"", ""current_weight"": 0.15877294954392918, ""target_weight"": 0.0, ""post_trade_weight"": 0.0, ""diff_weight"": -0.15877294954392918, ""gross_amount"": 0.18157419557722937, ""gross_amount_pct_nav"": 0.15877294954392918, ""fee"": 5.4472258673168805e-05, ""fee_pct_nav"": 4.7631884863178754e-05, ""name"": ""广发证券""}, {""ts_code"": ""01800.HK"", ""side"": ""sell"", ""current_weight"": 0.15591427030936408, ""target_weight"": 0.0, ""post_trade_weight"": 0.0, ""diff_weight"": -0.15591427030936408, ""gross_amount"": 0.17830498388896332, ""gross_amount_pct_nav"": 0.15591427030936408, ""fee"": 5.349149516668899e-05, ""fee_pct_nav"": 4.6774281092809215e-05, ""name"": ""中国交通建设""}, {""ts_code"": ""02269.HK"", ""side"": ""buy"", ""current_weight"": 0.0, ""target_weight"": 0.176672355475995, ""post_trade_weight"": 0.17675812046672923, ""diff_weight"": 0.176672355475995, ""gross_amount"": 0.20204411972212227, ""gross_amount_pct_nav"": 0.176672355475995, ""fee"": 6.0613235916636674e-05, ""fee_pct_nav"": 5.300170664279849e-05, ""name"": ""药明生物""}, {""ts_code"": ""02319.HK"", ""side"": ""buy"", ""current_weight"": 0.0, ""target_weight"": 0.16910743748951174, ""post_trade_weight"": 0.16918953011668195, ""diff_weight"": 0.16910743748951174, ""gross_amount"": 0.1933928104030662, ""gross_amount_pct_nav"": 0.16910743748951174, ""fee"": 5.801784312091985e-05, ""fee_pct_nav"": 5.0732231246853516e-05, ""name"": ""蒙牛乳业""}, {""ts_code"": ""02359.HK"", ""side"": ""buy"", ""current_weight"": 0.0, ""target_weight"": 0.1754115358115811, ""post_trade_weight"": 0.1754966887417213, ""diff_weight"": 0.1754115358115811, ""gross_amount"": 0.20060223483561287, ""gross_amount_pct_nav"": 0.1754115358115811, ""fee"": 6.018067045068386e-05, ""fee_pct_nav"": 5.262346074347432e-05, ""name"": ""药明康德""}, {""ts_code"": ""03759.HK"", ""side"": ""buy"", ""current_weight"": 0.0, ""target_weight"": 0.14893432285888963, ""post_trade_weight"": 0.14900662251655586, ""diff_weight"": 0.14893432285888963, ""gross_amount"": 0.17032265221891663, ""gross_amount_pct_nav"": 0.14893432285888963, ""fee"": 5.109679566567498e-05, ""fee_pct_nav"": 4.4680296857666886e-05, ""name"": ""康龙化成""}, {""ts_code"": ""03968.HK"", ""side"": ""sell"", ""current_weight"": 0.1544630237475088, ""target_weight"": 0.0, ""post_trade_weight"": 0.0, ""diff_weight"": -0.1544630237475088, ""gross_amount"": 0.17664532506288488, ""gross_amount_pct_nav"": 0.1544630237475088, ""fee"": 5.299359751886546e-05, ""fee_pct_nav"": 4.633890712425264e-05, ""name"": ""招商银行""}, {""ts_code"": ""03998.HK"", ""side"": ""sell"", ""current_weight"": 0.15921098077492135, ""target_weight"": 0.0, ""post_trade_weight"": 0.0, ""diff_weight"": -0.15921098077492135, ""gross_amount"": 0.1820751320946498, ""gross_amount_pct_nav"": 0.15921098077492135, ""fee"": 5.4622539628394934e-05, ""fee_pct_nav"": 4.77632942324764e-05, ""name"": ""波司登""}, {""ts_code"": ""06160.HK"", ""side"": ""buy"", ""current_weight"": 0.0, ""target_weight"": 0.13632612621475082, ""post_trade_weight"": 0.13639230526647705, ""diff_weight"": 0.13632612621475082, ""gross_amount"": 0.15590380335382314, ""gross_amount_pct_nav"": 0.13632612621475082, ""fee"": 4.677114100614694e-05, ""fee_pct_nav"": 4.089783786442524e-05, ""name"": ""百济神州""}]"
2021-09-27,0.80043299,1.60086599,0.91793978,0.91396500,0.00054957,0.00027538,0.00027419,0.00000000,rebalance,"[{""ts_code"": ""00836.HK"", ""side"": ""buy"", ""current_weight"": 0.0, ""target_weight"": 0.18225853567011094, ""post_trade_weight"": 0.18234610917537622, ""diff_weight"": 0.18225853567011094, ""gross_amount"": 0.2085622941961434, ""gross_amount_pct_nav"": 0.18225853567011094, ""fee"": 6.256868825884301e-05, ""fee_pct_nav"": 5.467756070103328e-05, ""name"": ""华润电力""}, {""ts_code"": ""00916.HK"", ""side"": ""buy"", ""current_weight"": 0.0, ""target_weight"": 0.15439735824283282, ""post_trade_weight"": 0.15447154471544608, ""diff_weight"": 0.15439735824283282, ""gross_amount"": 0.17668016005151, ""gross_amount_pct_nav"": 0.15439735824283282, ""fee"": 5.300404801545299e-05, ""fee_pct_nav"": 4.631920747284984e-05, ""name"": ""龙源电力""}, {""ts_code"": ""00956.HK"", ""side"": ""buy"", ""current_weight"": 0.0, ""target_weight"": 0.14946360807341896, ""post_trade_weight"": 0.14953542392566677, ""diff_weight"": 0.14946360807341896, ""gross_amount"": 0.17103436546339781, ""gross_amount_pct_nav"": 0.14946360807341896, ""fee"": 5.131030963901934e-05, ""fee_pct_nav"": 4.483908242202569e-05, ""name"": ""新天绿色能源""}, {""ts_code"": ""01088.HK"", ""side"": ""buy"", ""current_weight"": 0.0, ""target_weight"": 0.15091471106442306, ""post_trade_weight"": 0.15098722415795482, ""diff_weight"": 0.15091471106442306, ""gross_amount"": 0.17269489328343082, ""gross_amount_pct_nav"": 0.15091471106442306, ""fee"": 5.1808467985029244e-05, ""fee_pct_nav"": 4.527441331932692e-05, ""name"": ""中国神华""}, {""ts_code"": ""01308.HK"", ""side"": ""buy"", ""current_weight"": 0.0, ""target_weight"": 0.16513552037626295, ""post_trade_weight"": 0.1652148664343775, ""diff_weight"": 0.16513552037626295, ""gross_amount"": 0.18896806591975412, ""gross_amount_pct_nav"": 0.16513552037626295, ""fee"": 5.669041977592623e-05, ""fee_pct_nav"": 4.9540656112878875e-05, ""name"": ""海丰国际""}, {""ts_code"": ""02269.HK"", ""side"": ""sell"", ""current_weight"": 0.17743578051986392, ""target_weight"": 0.0, ""post_trade_weight"": 0.0, ""diff_weight"": -0.17743578051986392, ""gross_amount"": 0.2030435135542185, ""gross_amount_pct_nav"": 0.17743578051986392, ""fee"": 6.091305406626555e-05, ""fee_pct_nav"": 5.3230734155959174e-05, ""name"": ""药明生物""}, {""ts_code"": ""02319.HK"", ""side"": ""sell"", ""current_weight"": 0.1727905164160618, ""target_weight"": 0.0, ""post_trade_weight"": 0.0, ""diff_weight"": -0.1727905164160618, ""gross_amount"": 0.19772783966781385, ""gross_amount_pct_nav"": 0.1727905164160618, ""fee"": 5.931835190034415e-05, ""fee_pct_nav"": 5.183715492481854e-05, ""name"": ""蒙牛乳业""}, {""ts_code"": ""02359.HK"", ""side"": ""sell"", ""current_weight"": 0.17578560442326377, ""target_weight"": 0.0, ""post_trade_weight"": 0.0, ""diff_weight"": -0.17578560442326377, ""gross_amount"": 0.20115518217226608, ""gross_amount_pct_nav"": 0.17578560442326377, ""fee"": 6.034655465167982e-05, ""fee_pct_nav"": 5.2735681326979124e-05, ""name"": ""药明康德""}, {""ts_code"": ""03759.HK"", ""side"": ""sell"", ""current_weight"": 0.14637156536209223, ""target_weight"": 0.0, ""post_trade_weight"": 0.0, ""diff_weight"": -0.14637156536209223, ""gross_amount"": 0.16749607564198712, ""gross_amount_pct_nav"": 0.14637156536209223, ""fee"": 5.024882269259613e-05, ""fee_pct_nav"": 4.391146960862766e-05, ""name"": ""康龙化成""}, {""ts_code"": ""06160.HK"", ""side"": ""sell"", ""current_weight"": 0.1263127878219183, ""target_weight"": 0.0, ""post_trade_weight"": 0.0, ""diff_weight"": -0.1263127878219183, ""gross_amount"": 0.14454239258309917, ""gross_amount_pct_nav"": 0.1263127878219183, ""fee"": 4.3362717774929746e-05, ""fee_pct_nav"": 3.789383634657548e-05, ""name"": ""百济神州""}]"
2021-10-04,0.71324276,1.42648551,0.79017810,0.79517805,0.00047561,0.00023705,0.00023855,0.00000000,rebalance,"[{""ts_code"": ""00836.HK"", ""side"": ""sell"", ""current_weight"": 0.17258116786909586, ""target_weight"": 0.0, ""post_trade_weight"": 0.0, ""diff_weight"": -0.17258116786909586, ""gross_amount"": 0.19180188883633276, ""gross_amount_pct_nav"": 0.17258116786909586, ""fee"": 5.754056665089982e-05, ""fee_pct_nav"": 5.177435036072875e-05, ""name"": ""华润电力""}, {""ts_code"": ""00857.HK"", ""side"": ""sell"", ""current_weight"": 0.19866310328490813, ""target_weight"": 0.0, ""post_trade_weight"": 0.0, ""diff_weight"": -0.19866310328490813, ""gross_amount"": 0.22078862324674375, ""gross_amount_pct_nav"": 0.19866310328490813, ""fee"": 6.623658697402312e-05, ""fee_pct_nav"": 5.959893098547243e-05, ""name"": ""中国石油股份""}, {""ts_code"": ""00916.HK"", ""side"": ""buy"", ""current_weight"": 0.15428555640808714, ""target_weight"": 0.17496997360648636, ""post_trade_weight"": 0.17504488330341036, ""diff_weight"": 0.020684417198399235, ""gross_amount"": 0.022988083445703272, ""gross_amount_pct_nav"": 0.020684417198399235, ""fee"": 6.896425033710981e-06, ""fee_pct_nav"": 6.20532515951977e-06, ""name"": ""龙源电力""}, {""ts_code"": ""00956.HK"", ""side"": ""sell"", ""current_weight"": 0.15364208468436877, ""target_weight"": 0.0, ""post_trade_weight"": 0.0, ""diff_weight"": -0.15364208468436877, ""gross_amount"": 0.17075352085672563, ""gross_amount_pct_nav"": 0.15364208468436877, ""fee"": 5.122605625701768e-05, ""fee_pct_nav"": 4.609262540531063e-05, ""name"": ""新天绿色能源""}, {""ts_code"": ""01088.HK"", ""side"": ""sell"", ""current_weight"": 0.1696390887236241, ""target_weight"": 0.134293193417628, ""post_trade_weight"": 0.13435068821065171, ""diff_weight"": -0.035345895305996106, ""gross_amount"": 0.039282440639430344, ""gross_amount_pct_nav"": 0.035345895305996106, ""fee"": 1.1784732191829102e-05, ""fee_pct_nav"": 1.0603768591798831e-05, ""name"": ""中国神华""}, {""ts_code"": ""01308.HK"", ""side"": ""sell"", ""current_weight"": 0.15525995498961878, ""target_weight"": 0.0, ""post_trade_weight"": 0.0, ""diff_weight"": -0.15525995498961878, ""gross_amount"": 0.172551576718038, ""gross_amount_pct_nav"": 0.15525995498961878, ""fee"": 5.1765473015411396e-05, ""fee_pct_nav"": 4.657798649688563e-05, ""name"": ""海丰国际""}, {""ts_code"": ""02269.HK"", ""side"": ""buy"", ""current_weight"": 0.0, ""target_weight"": 0.18095185304602435, ""post_trade_weight"": 0.1810293237582278, ""diff_weight"": 0.18095185304602435, ""gross_amount"": 0.20110483450307534, ""gross_amount_pct_nav"": 0.18095185304602435, ""fee"": 6.03314503509226e-05, ""fee_pct_nav"": 5.42855559138073e-05, ""name"": ""药明生物""}, {""ts_code"": ""02319.HK"", ""side"": ""buy"", ""current_weight"": 0.0, ""target_weight"": 0.14984607996042676, ""post_trade_weight"": 0.14991023339317705, ""diff_weight"": 0.14984607996042676, ""gross_amount"": 0.1665347472496541, ""gross_amount_pct_nav"": 0.14984607996042676, ""fee"": 4.996042417489623e-05, ""fee_pct_nav"": 4.495382398812803e-05, ""name"": ""蒙牛乳业""}, {""ts_code"": ""02328.HK"", ""side"": ""buy"", ""current_weight"": 0.0, ""target_weight"": 0.16539896650322558, ""post_trade_weight"": 0.16546977857570244, ""diff_weight"": 0.16539896650322558, ""gross_amount"": 0.18381979087636474, ""gross_amount_pct_nav"": 0.16539896650322558, ""fee"": 5.5145937262909416e-05, ""fee_pct_nav"": 4.961968995096767e-05, ""name"": ""中国财险""}, {""ts_code"": ""02359.HK"", ""side"": ""buy"", ""current_weight"": 0.0, ""target_weight"": 0.19411198781300792, ""post_trade_weight"": 0.19419509275882615, ""diff_weight"": 0.19411198781300792, ""gross_amount"": 0.21573064064875352, ""gross_amount_pct_nav"": 0.19411198781300792, ""fee"": 6.471919219462605e-05, ""fee_pct_nav"": 5.823359634390237e-05, ""name"": ""药明康德""}]"
2021-10-11,0.85961966,1.71923932,0.90330347,0.90384562,0.00054214,0.00027099,0.00027115,0.00000000,rebalance,"[{""ts_code"": ""00005.HK"", ""side"": ""buy"", ""current_weight"": 0.0, ""target_weight"": 0.18145175035647082, ""post_trade_weight"": 0.18154538634658413, ""diff_weight"": 0.18145175035647082, ""gross_amount"": 0.19072991240050105, ""gross_amount_pct_nav"": 0.18145175035647082, ""fee"": 5.721897372015031e-05, ""fee_pct_nav"": 5.443552510694124e-05, ""name"": ""汇丰控股""}, {""ts_code"": ""00322.HK"", ""side"": ""buy"", ""current_weight"": 0.0, ""target_weight"": 0.15745813047462345, ""post_trade_weight"": 0.15753938484620936, ""diff_weight"": 0.15745813047462345, ""gross_amount"": 0.16550942811613728, ""gross_amount_pct_nav"": 0.15745813047462345, ""fee"": 4.965282843484118e-05, ""fee_pct_nav"": 4.7237439142387034e-05, ""name"": ""康师傅控股""}, {""ts_code"": ""00916.HK"", ""side"": ""sell"", ""current_weight"": 0.15600188227451822, ""target_weight"": 0.0, ""post_trade_weight"": 0.0, ""diff_weight"": -0.15600188227451822, ""gross_amount"": 0.16397871765953487, ""gross_amount_pct_nav"": 0.15600188227451822, ""fee"": 4.9193615297860454e-05, ""fee_pct_nav"": 4.680056468235546e-05, ""name"": ""龙源电力""}, {""ts_code"": ""01088.HK"", ""side"": ""buy"", ""current_weight"": 0.14012245279988922, ""target_weight"": 0.15070992488285387, ""post_trade_weight"": 0.15078769692422894, ""diff_weight"": 0.010587472082964657, ""gross_amount"": 0.011128840691586012, ""gross_amount_pct_nav"": 0.010587472082964657, ""fee"": 3.3386522074758032e-06, ""fee_pct_nav"": 3.1762416248893964e-06, ""name"": ""中国神华""}, {""ts_code"": ""02269.HK"", ""side"": ""sell"", ""current_weight"": 0.18552935817656702, ""target_weight"": 0.0, ""post_trade_weight"": 0.0, ""diff_weight"": -0.18552935817656702, ""gross_amount"": 0.19501602030964313, ""gross_amount_pct_nav"": 0.18552935817656702, ""fee"": 5.850480609289294e-05, ""fee_pct_nav"": 5.56588074529701e-05, ""name"": ""药明生物""}, {""ts_code"": ""02319.HK"", ""side"": ""sell"", ""current_weight"": 0.15434969313006577, ""target_weight"": 0.0, ""post_trade_weight"": 0.0, ""diff_weight"": -0.15434969313006577, ""gross_amount"": 0.16224204722140792, ""gross_amount_pct_nav"": 0.15434969313006577, ""fee"": 4.8672614166422374e-05, ""fee_pct_nav"": 4.6304907939019726e-05, ""name"": ""蒙牛乳业""}, {""ts_code"": ""02328.HK"", ""side"": ""sell"", ""current_weight"": 0.1743154675546554, ""target_weight"": 0.0, ""post_trade_weight"": 0.0, ""diff_weight"": -0.1743154675546554, ""gross_amount"": 0.18322873045554045, ""gross_amount_pct_nav"": 0.1743154675546554, ""fee"": 5.496861913666213e-05, ""fee_pct_nav"": 5.229464026639662e-05, ""name"": ""中国财险""}, {""ts_code"": ""02359.HK"", ""side"": ""sell"", ""current_weight"": 0.1896811460642998, ""target_weight"": 0.0, ""post_trade_weight"": 0.0, ""diff_weight"": -0.1896811460642998, ""gross_amount"": 0.19938010133160666, ""gross_amount_pct_nav"": 0.1896811460642998, ""fee"": 5.981403039948199e-05, ""fee_pct_nav"": 5.690434381928994e-05, ""name"": ""药明康德""}, {""ts_code"": ""02388.HK"", ""side"": ""buy"", ""current_weight"": 0.0, ""target_weight"": 0.16645573793031615, ""post_trade_weight"": 0.16654163540884984, ""diff_weight"": 0.16645573793031615, ""gross_amount"": 0.17496710972277363, ""gross_amount_pct_nav"": 0.16645573793031615, ""fee"": 5.249013291683208e-05, ""fee_pct_nav"": 4.9936721379094844e-05, ""name"": ""中银香港""}, {""ts_code"": ""03311.HK"", ""side"": ""buy"", ""current_weight"": 0.0, ""target_weight"": 0.15745813047462345, ""post_trade_weight"": 0.15753938484620936, ""diff_weight"": 0.15745813047462345, ""gross_amount"": 0.16550942811613728, ""gross_amount_pct_nav"": 0.15745813047462345, ""fee"": 4.965282843484118e-05, ""fee_pct_nav"": 4.7237439142387034e-05, ""name"": ""中国建筑国际""}, {""ts_code"": ""03328.HK"", ""side"": ""buy"", ""current_weight"": 0.0, ""target_weight"": 0.1859505540843172, ""post_trade_weight"": 0.18604651162790437, ""diff_weight"": 0.1859505540843172, ""gross_amount"": 0.19545875320381925, ""gross_amount_pct_nav"": 0.1859505540843172, ""fee"": 5.863762596114577e-05, ""fee_pct_nav"": 5.578516622529516e-05, ""name"": ""交通银行""}]"
2021-10-18,0.67685123,1.35370245,0.71799827,0.71842920,0.00043093,0.00021540,0.00021553,0.00000000,rebalance,"[{""ts_code"": ""00005.HK"", ""side"": ""sell"", ""current_weight"": 0.184568419294546, ""target_weight"": 0.16591549854280416, ""post_trade_weight"": 0.16598290598290588, ""diff_weight"": -0.018652920751741842, ""gross_amount"": 0.019792804321204782, ""gross_amount_pct_nav"": 0.018652920751741842, ""fee"": 5.937841296361434e-06, ""fee_pct_nav"": 5.595876225522552e-06, ""name"": ""汇丰控股""}, {""ts_code"": ""00322.HK"", ""side"": ""sell"", ""current_weight"": 0.15145453015371466, ""target_weight"": 0.0, ""post_trade_weight"": 0.0, ""diff_weight"": -0.15145453015371466, ""gross_amount"": 0.16070994557849885, ""gross_amount_pct_nav"": 0.15145453015371466, ""fee"": 4.821298367354965e-05, ""fee_pct_nav"": 4.543635904611439e-05, ""name"": ""康师傅控股""}, {""ts_code"": ""00728.HK"", ""side"": ""buy"", ""current_weight"": 0.0, ""target_weight"": 0.16249808353677317, ""post_trade_weight"": 0.16256410256410248, ""diff_weight"": 0.16249808353677317, ""gross_amount"": 0.1724283726297286, ""gross_amount_pct_nav"": 0.16249808353677317, ""fee"": 5.1728511788918574e-05, ""fee_pct_nav"": 4.874942506103195e-05, ""name"": ""中国电信""}, {""ts_code"": ""00881.HK"", ""side"": ""buy"", ""current_weight"": 0.0, ""target_weight"": 0.1590806685307422, ""post_trade_weight"": 0.15914529914529907, ""diff_weight"": 0.1590806685307422, ""gross_amount"": 0.16880211873635892, ""gross_amount_pct_nav"": 0.1590806685307422, ""fee"": 5.064063562090767e-05, ""fee_pct_nav"": 4.772420055922266e-05, ""name"": ""中升控股""}, {""ts_code"": ""00941.HK"", ""side"": ""buy"", ""current_weight"": 0.0, ""target_weight"": 0.18231909057175294, ""post_trade_weight"": 0.18239316239316236, ""diff_weight"": 0.18231909057175294, ""gross_amount"": 0.19346064521127285, ""gross_amount_pct_nav"": 0.18231909057175294, ""fee"": 5.803819356338185e-05, ""fee_pct_nav"": 5.469572717152588e-05, ""name"": ""中国移动""}, {""ts_code"": ""01088.HK"", ""side"": ""sell"", ""current_weight"": 0.15702823298567684, ""target_weight"": 0.0, ""post_trade_weight"": 0.0, ""diff_weight"": -0.15702823298567684, ""gross_amount"": 0.166624258460961, ""gross_amount_pct_nav"": 0.15702823298567684, ""fee"": 4.998727753828829e-05, ""fee_pct_nav"": 4.710846989570305e-05, ""name"": ""中国神华""}, {""ts_code"": ""01211.HK"", ""side"": ""buy"", ""current_weight"": 0.0, ""target_weight"": 0.17275032855486616, ""post_trade_weight"": 0.17282051282051275, ""diff_weight"": 0.17275032855486616, ""gross_amount"": 0.1833071343098377, ""gross_amount_pct_nav"": 0.17275032855486616, ""fee"": 5.4992140292951306e-05, ""fee_pct_nav"": 5.1825098566459844e-05, ""name"": ""比亚迪股份""}, {""ts_code"": ""02388.HK"", ""side"": ""sell"", ""current_weight"": 0.1688648193515048, ""target_weight"": 0.1570302195271236, ""post_trade_weight"": 0.157094017094017, ""diff_weight"": -0.011834599824381203, ""gross_amount"": 0.012557814492503427, ""gross_amount_pct_nav"": 0.011834599824381203, ""fee"": 3.767344347751028e-06, ""fee_pct_nav"": 3.550379947314361e-06, ""name"": ""中银香港""}, {""ts_code"": ""03311.HK"", ""side"": ""sell"", ""current_weight"": 0.15732031198529428, ""target_weight"": 0.0, ""post_trade_weight"": 0.0, ""diff_weight"": -0.15732031198529428, ""gross_amount"": 0.16693418646433933, ""gross_amount_pct_nav"": 0.15732031198529428, ""fee"": 5.00802559393018e-05, ""fee_pct_nav"": 4.7196093595588284e-05, ""name"": ""中国建筑国际""}, {""ts_code"": ""03328.HK"", ""side"": ""sell"", ""current_weight"": 0.1807636862292497, ""target_weight"": 0.0, ""post_trade_weight"": 0.0, ""diff_weight"": -0.1807636862292497, ""gross_amount"": 0.1918101898106813, ""gross_amount_pct_nav"": 0.1807636862292497, ""fee"": 5.7543056943204385e-05, ""fee_pct_nav"": 5.422910586877491e-05, ""name"": ""交通银行""}]"
2021-10-25,0.33374779,0.66749558,0.37162021,0.35509732,0.00021802,0.00011149,0.00010653,0.00000000,rebalance,"[{""ts_code"": ""00881.HK"", ""side"": ""sell"", ""current_weight"": 0.1634455280092657, ""target_weight"": 0.0, ""post_trade_weight"": 0.0, ""diff_weight"": -0.1634455280092657, ""gross_amount"": 0.1779468407953515, ""gross_amount_pct_nav"": 0.1634455280092657, ""fee"": 5.3384052238605446e-05, ""fee_pct_nav"": 4.903365840277971e-05, ""name"": ""中升控股""}, {""ts_code"": ""01211.HK"", ""side"": ""sell"", ""current_weight"": 0.1841881129319464, ""target_weight"": 0.1726853484937103, ""post_trade_weight"": 0.17271993543188843, ""diff_weight"": -0.011502764438236092, ""gross_amount"": 0.012523319647394643, ""gross_amount_pct_nav"": 0.011502764438236092, ""fee"": 3.7569958942183925e-06, ""fee_pct_nav"": 3.4508293314708273e-06, ""name"": ""比亚迪股份""}, {""ts_code"": ""02388.HK"", ""side"": ""sell"", ""current_weight"": 0.15121129756561438, ""target_weight"": 0.0, ""post_trade_weight"": 0.0, ""diff_weight"": -0.15121129756561438, ""gross_amount"": 0.1646271575741217, ""gross_amount_pct_nav"": 0.15121129756561438, ""fee"": 4.93881472722365e-05, ""fee_pct_nav"": 4.5363389269684316e-05, ""name"": ""中银香港""}, {""ts_code"": ""03968.HK"", ""side"": ""buy"", ""current_weight"": 0.0, ""target_weight"": 0.17672005289776893, ""post_trade_weight"": 0.17675544794197925, ""diff_weight"": 0.17672005289776893, ""gross_amount"": 0.192399116093055, ""gross_amount_pct_nav"": 0.17672005289776893, ""fee"": 5.771973482791649e-05, ""fee_pct_nav"": 5.301601586933068e-05, ""name"": ""招商银行""}, {""ts_code"": ""03988.HK"", ""side"": ""buy"", ""current_weight"": 0.0, ""target_weight"": 0.16461593968559293, ""post_trade_weight"": 0.16464891041170668, ""diff_weight"": 0.16461593968559293, ""gross_amount"": 0.1792210944428457, ""gross_amount_pct_nav"": 0.16461593968559293, ""fee"": 5.37663283328537e-05, ""fee_pct_nav"": 4.938478190567787e-05, ""name"": ""中国银行""}]"
2021-11-01,1.00748280,2.01496559,1.07454731,1.09193817,0.00064995,0.00032236,0.00032758,0.00000000,rebalance,"[{""ts_code"": ""00002.HK"", ""side"": ""buy"", ""current_weight"": 0.0, ""target_weight"": 0.15988844281704265, ""post_trade_weight"": 0.15998515219004933, ""diff_weight"": 0.15988844281704265, ""gross_amount"": 0.17191161559466175, ""gross_amount_pct_nav"": 0.15988844281704265, ""fee"": 5.157348467839852e-05, ""fee_pct_nav"": 4.796653284511279e-05, ""name"": ""中电控股""}, {""ts_code"": ""00003.HK"", ""side"": ""buy"", ""current_weight"": 0.0, ""target_weight"": 0.17992086952729858, ""post_trade_weight"": 0.18002969561989313, ""diff_weight"": 0.17992086952729858, ""gross_amount"": 0.19345042590118552, ""gross_amount_pct_nav"": 0.17992086952729858, ""fee"": 5.803512777035565e-05, ""fee_pct_nav"": 5.3976260858189575e-05, ""name"": ""香港中华煤气""}, {""ts_code"": ""00005.HK"", ""side"": ""sell"", ""current_weight"": 0.1663944261822009, ""target_weight"": 0.0, ""post_trade_weight"": 0.0, ""diff_weight"": -0.1663944261822009, ""gross_amount"": 0.17890683108135066, ""gross_amount_pct_nav"": 0.1663944261822009, ""fee"": 5.3672049324405194e-05, ""fee_pct_nav"": 4.991832785466027e-05, ""name"": ""汇丰控股""}, {""ts_code"": ""00175.HK"", ""side"": ""buy"", ""current_weight"": 0.0, ""target_weight"": 0.16285620973708057, ""post_trade_weight"": 0.16295471417965582, ""diff_weight"": 0.16285620973708057, ""gross_amount"": 0.1751025504548875, ""gross_amount_pct_nav"": 0.16285620973708057, ""fee"": 5.253076513646625e-05, ""fee_pct_nav"": 4.885686292112417e-05, ""name"": ""吉利汽车""}, {""ts_code"": ""00316.HK"", ""side"": ""buy"", ""current_weight"": 0.0, ""target_weight"": 0.1539529089769668, ""post_trade_weight"": 0.15404602821083635, ""diff_weight"": 0.1539529089769668, ""gross_amount"": 0.16552974587421027, ""gross_amount_pct_nav"": 0.1539529089769668, ""fee"": 4.965892376226308e-05, ""fee_pct_nav"": 4.618587269309004e-05, ""name"": ""东方海外国际""}, {""ts_code"": ""00728.HK"", ""side"": ""sell"", ""current_weight"": 0.15751805335330668, ""target_weight"": 0.0, ""post_trade_weight"": 0.0, ""diff_weight"": -0.15751805335330668, ""gross_amount"": 0.16936297933853345, ""gross_amount_pct_nav"": 0.15751805335330668, ""fee"": 5.080889380156003e-05, ""fee_pct_nav"": 4.7255416005992005e-05, ""name"": ""中国电信""}, {""ts_code"": ""00941.HK"", ""side"": ""sell"", ""current_weight"": 0.17993037411819476, ""target_weight"": 0.0, ""post_trade_weight"": 0.0, ""diff_weight"": -0.17993037411819476, ""gross_amount"": 0.19346064521127285, ""gross_amount_pct_nav"": 0.17993037411819476, ""fee"": 5.803819356338185e-05, ""fee_pct_nav"": 5.397911223545842e-05, ""name"": ""中国移动""}, {""ts_code"": ""01211.HK"", ""side"": ""sell"", ""current_weight"": 0.16584932851463438, ""target_weight"": 0.0, ""post_trade_weight"": 0.0, ""diff_weight"": -0.16584932851463438, ""gross_amount"": 0.17832074356284583, ""gross_amount_pct_nav"": 0.16584932851463438, ""fee"": 5.3496223068853744e-05, ""fee_pct_nav"": 4.975479855439031e-05, ""name"": ""比亚迪股份""}, {""ts_code"": ""01658.HK"", ""side"": ""buy"", ""current_weight"": 0.0, ""target_weight"": 0.19475970412748814, ""post_trade_weight"": 0.19487750556792552, ""diff_weight"": 0.19475970412748814, ""gross_amount"": 0.2094051002023142, ""gross_amount_pct_nav"": 0.19475970412748814, ""fee"": 6.282153006069426e-05, ""fee_pct_nav"": 5.842791123824644e-05, ""name"": ""邮储银行""}, {""ts_code"": ""03968.HK"", ""side"": ""sell"", ""current_weight"": 0.1791911876687419, ""target_weight"": 0.0, ""post_trade_weight"": 0.0, ""diff_weight"": -0.1791911876687419, ""gross_amount"": 0.19266587396632093, ""gross_amount_pct_nav"": 0.1791911876687419, ""fee"": 5.7799762189896274e-05, ""fee_pct_nav"": 5.3757356300622565e-05, ""name"": ""招商银行""}, {""ts_code"": ""03988.HK"", ""side"": ""sell"", ""current_weight"": 0.16668671055943787, ""target_weight"": 0.0, ""post_trade_weight"": 0.0, ""diff_weight"": -0.16668671055943787, ""gross_amount"": 0.17922109444284567, ""gross_amount_pct_nav"": 0.16668671055943787, ""fee"": 5.3766328332853696e-05, ""fee_pct_nav"": 5.0006013167831356e-05, ""name"": ""中国银行""}, {""ts_code"": ""06865.HK"", ""side"": ""buy"", ""current_weight"": 0.0, ""target_weight"": 0.148017375136891, ""post_trade_weight"": 0.1481069042316234, ""diff_weight"": 0.148017375136891, ""gross_amount"": 0.1591478761537588, ""gross_amount_pct_nav"": 0.148017375136891, ""fee"": 4.774436284612764e-05, ""fee_pct_nav"": 4.44052125410673e-05, ""name"": ""福莱特玻璃""}]"
2021-11-08,0.99970009,1.99940018,1.03907713,1.03970077,0.00062363,0.00031172,0.00031191,0.00000000,rebalance,"[{""ts_code"": ""00002.HK"", ""side"": ""sell"", ""current_weight"": 0.16457780163314173, ""target_weight"": 0.0, ""post_trade_weight"": 0.0, ""diff_weight"": -0.16457780163314173, ""gross_amount"": 0.1711116666178628, ""gross_amount_pct_nav"": 0.16457780163314173, ""fee"": 5.133349998535884e-05, ""fee_pct_nav"": 4.937334048994251e-05, ""name"": ""中电控股""}, {""ts_code"": ""00003.HK"", ""side"": ""sell"", ""current_weight"": 0.18517838590382574, ""target_weight"": 0.0, ""post_trade_weight"": 0.0, ""diff_weight"": -0.18517838590382574, ""gross_amount"": 0.19253010988833502, ""gross_amount_pct_nav"": 0.18517838590382574, ""fee"": 5.77590329665005e-05, ""fee_pct_nav"": 5.5553515771147716e-05, ""name"": ""香港中华煤气""}, {""ts_code"": ""00016.HK"", ""side"": ""buy"", ""current_weight"": 0.0, ""target_weight"": 0.16754650075565294, ""post_trade_weight"": 0.16764705882352668, ""diff_weight"": 0.16754650075565294, ""gross_amount"": 0.17419822537304785, ""gross_amount_pct_nav"": 0.16754650075565294, ""fee"": 5.2259467611914355e-05, ""fee_pct_nav"": 5.0263950226695875e-05, ""name"": ""新鸿基地产""}, {""ts_code"": ""00066.HK"", ""side"": ""buy"", ""current_weight"": 0.0, ""target_weight"": 0.16313738231471467, ""post_trade_weight"": 0.16323529411764437, ""diff_weight"": 0.16313738231471467, ""gross_amount"": 0.1696140615474413, ""gross_amount_pct_nav"": 0.16313738231471467, ""fee"": 5.0884218464232384e-05, ""fee_pct_nav"": 4.894121469441439e-05, ""name"": ""港铁公司""}, {""ts_code"": ""00151.HK"", ""side"": ""buy"", ""current_weight"": 0.0, ""target_weight"": 0.15578885157981767, ""post_trade_weight"": 0.15588235294117397, ""diff_weight"": 0.15578885157981767, ""gross_amount"": 0.16197378850476382, ""gross_amount_pct_nav"": 0.15578885157981767, ""fee"": 4.8592136551429145e-05, ""fee_pct_nav"": 4.67366554739453e-05, ""name"": ""中国旺旺""}, {""ts_code"": ""00175.HK"", ""side"": ""sell"", ""current_weight"": 0.16389413186273022, ""target_weight"": 0.0, ""post_trade_weight"": 0.0, ""diff_weight"": -0.16389413186273022, ""gross_amount"": 0.170400854633072, ""gross_amount_pct_nav"": 0.16389413186273022, ""fee"": 5.1120256389921594e-05, ""fee_pct_nav"": 4.916823955881906e-05, ""name"": ""吉利汽车""}, {""ts_code"": ""00316.HK"", ""side"": ""sell"", ""current_weight"": 0.15482884479200257, ""target_weight"": 0.0, ""post_trade_weight"": 0.0, ""diff_weight"": -0.15482884479200257, ""gross_amount"": 0.1609756687109798, ""gross_amount_pct_nav"": 0.15482884479200257, ""fee"": 4.8292700613293934e-05, ""fee_pct_nav"": 4.644865343760077e-05, ""name"": ""东方海外国际""}, {""ts_code"": ""00322.HK"", ""side"": ""buy"", ""current_weight"": 0.0, ""target_weight"": 0.16313738231471467, ""post_trade_weight"": 0.16323529411764437, ""diff_weight"": 0.16313738231471467, ""gross_amount"": 0.1696140615474413, ""gross_amount_pct_nav"": 0.16313738231471467, ""fee"": 5.0884218464232384e-05, ""fee_pct_nav"": 4.894121469441439e-05, ""name"": ""康师傅控股""}, {""ts_code"": ""01658.HK"", ""side"": ""sell"", ""current_weight"": 0.19447792884128684, ""target_weight"": 0.0, ""post_trade_weight"": 0.0, ""diff_weight"": -0.19447792884128684, ""gross_amount"": 0.2021988518147851, ""gross_amount_pct_nav"": 0.19447792884128684, ""fee"": 6.065965554443553e-05, ""fee_pct_nav"": 5.834337865238605e-05, ""name"": ""邮储银行""}, {""ts_code"": ""02382.HK"", ""side"": ""buy"", ""current_weight"": 0.0, ""target_weight"": 0.18150870915195735, ""post_trade_weight"": 0.18161764705882058, ""diff_weight"": 0.18150870915195735, ""gross_amount"": 0.1887147441541352, ""gross_amount_pct_nav"": 0.18150870915195735, ""fee"": 5.6614423246240556e-05, ""fee_pct_nav"": 5.445261274558721e-05, ""name"": ""舜宇光学科技""}, {""ts_code"": ""06865.HK"", ""side"": ""sell"", ""current_weight"": 0.13704290696699584, ""target_weight"": 0.0, ""post_trade_weight"": 0.0, ""diff_weight"": -0.13704290696699584, ""gross_amount"": 0.1424836155094031, ""gross_amount_pct_nav"": 0.13704290696699584, ""fee"": 4.274508465282093e-05, ""fee_pct_nav"": 4.1112872090098746e-05, ""name"": ""福莱特玻璃""}, {""ts_code"": ""09633.HK"", ""side"": ""buy"", ""current_weight"": 0.0, ""target_weight"": 0.16828135382914267, ""post_trade_weight"": 0.16838235294117376, ""diff_weight"": 0.16828135382914267, ""gross_amount"": 0.17496225267731563, ""gross_amount_pct_nav"": 0.16828135382914267, ""fee"": 5.2488675803194685e-05, ""fee_pct_nav"": 5.048440614874279e-05, ""name"": ""农夫山泉""}]"
2021-11-15,0.66625636,1.33251272,0.72444893,0.72488373,0.00043480,0.00021733,0.00021747,0.00000000,rebalance,"[{""ts_code"": ""00006.HK"", ""side"": ""buy"", ""current_weight"": 0.0, ""target_weight"": 0.16367874067234645, ""post_trade_weight"": 0.16374419804022686, ""diff_weight"": 0.16367874067234645, ""gross_amount"": 0.17802827835805157, ""gross_amount_pct_nav"": 0.16367874067234645, ""fee"": 5.340848350741547e-05, ""fee_pct_nav"": 4.910362220170393e-05, ""name"": ""电能实业""}, {""ts_code"": ""00016.HK"", ""side"": ""sell"", ""current_weight"": 0.16225680720485747, ""target_weight"": 0.0, ""post_trade_weight"": 0.0, ""diff_weight"": -0.16225680720485747, ""gross_amount"": 0.17648168552554985, ""gross_amount_pct_nav"": 0.16225680720485747, ""fee"": 5.294450565766495e-05, ""fee_pct_nav"": 4.8677042161457236e-05, ""name"": ""新鸿基地产""}, {""ts_code"": ""00066.HK"", ""side"": ""sell"", ""current_weight"": 0.15306009298065676, ""target_weight"": 0.0, ""post_trade_weight"": 0.0, ""diff_weight"": -0.15306009298065676, ""gross_amount"": 0.16647870533911888, ""gross_amount_pct_nav"": 0.15306009298065676, ""fee"": 4.994361160173566e-05, ""fee_pct_nav"": 4.591802789419702e-05, ""name"": ""港铁公司""}, {""ts_code"": ""00151.HK"", ""side"": ""sell"", ""current_weight"": 0.1483845267535203, ""target_weight"": 0.0, ""post_trade_weight"": 0.0, ""diff_weight"": -0.1483845267535203, ""gross_amount"": 0.16139323729148508, ""gross_amount_pct_nav"": 0.1483845267535203, ""fee"": 4.841797118744552e-05, ""fee_pct_nav"": 4.4515358026056084e-05, ""name"": ""中国旺旺""}, {""ts_code"": ""00322.HK"", ""side"": ""sell"", ""current_weight"": 0.16538607193152072, ""target_weight"": 0.0, ""post_trade_weight"": 0.0, ""diff_weight"": -0.16538607193152072, ""gross_amount"": 0.17988528949712268, ""gross_amount_pct_nav"": 0.16538607193152072, ""fee"": 5.39655868491368e-05, ""fee_pct_nav"": 4.9615821579456206e-05, ""name"": ""康师傅控股""}, {""ts_code"": ""01109.HK"", ""side"": ""buy"", ""current_weight"": 0.0, ""target_weight"": 0.14099570259491892, ""post_trade_weight"": 0.14105208870551827, ""diff_weight"": 0.14099570259491892, ""gross_amount"": 0.1533566429320539, ""gross_amount_pct_nav"": 0.14099570259491892, ""fee"": 4.600699287961616e-05, ""fee_pct_nav"": 4.2298710778475675e-05, ""name"": ""华润置地""}, {""ts_code"": ""02331.HK"", ""side"": ""buy"", ""current_weight"": 0.0, ""target_weight"": 0.18120654282308596, ""post_trade_weight"": 0.18127900979886535, ""diff_weight"": 0.18120654282308596, ""gross_amount"": 0.1970927239145044, ""gross_amount_pct_nav"": 0.18120654282308596, ""fee"": 5.912781717435131e-05, ""fee_pct_nav"": 5.436196284692578e-05, ""name"": ""李宁""}, {""ts_code"": ""02382.HK"", ""side"": ""sell"", ""current_weight"": 0.193718559245988, ""target_weight"": 0.16883397659903457, ""post_trade_weight"": 0.16890149561629703, ""diff_weight"": -0.02488458264695344, ""gross_amount"": 0.02706618702036631, ""gross_amount_pct_nav"": 0.02488458264695344, ""fee"": 8.119856106109892e-06, ""fee_pct_nav"": 7.465374794086031e-06, ""name"": ""舜宇光学科技""}, {""ts_code"": ""03328.HK"", ""side"": ""buy"", ""current_weight"": 0.0, ""target_weight"": 0.18017549563774835, ""post_trade_weight"": 0.18024755028365133, ""diff_weight"": 0.18017549563774835, ""gross_amount"": 0.1959712859405954, ""gross_amount_pct_nav"": 0.18017549563774835, ""fee"": 5.8791385782178616e-05, ""fee_pct_nav"": 5.4052648691324496e-05, ""name"": ""交通银行""}, {""ts_code"": ""09633.HK"", ""side"": ""sell"", ""current_weight"": 0.17719394188344115, ""target_weight"": 0.1647097878576841, ""post_trade_weight"": 0.1647756575554409, ""diff_weight"": -0.012484154025757057, ""gross_amount"": 0.01357862627017245, ""gross_amount_pct_nav"": 0.012484154025757057, ""fee"": 4.073587881051735e-06, ""fee_pct_nav"": 3.7452462077271165e-06, ""name"": ""农夫山泉""}]"
2021-11-22,0.52090797,1.04181594,0.57230423,0.56770441,0.00034200,0.00017169,0.00017031,0.00000000,rebalance,"[{""ts_code"": ""00006.HK"", ""side"": ""sell"", ""current_weight"": 0.161683845117141, ""target_weight"": 0.0, ""post_trade_weight"": 0.0, ""diff_weight"": -0.161683845117141, ""gross_amount"": 0.17692278731012528, ""gross_amount_pct_nav"": 0.161683845117141, ""fee"": 5.307683619303758e-05, ""fee_pct_nav"": 4.85051535351423e-05, ""name"": ""电能实业""}, {""ts_code"": ""01766.HK"", ""side"": ""buy"", ""current_weight"": 0.0, ""target_weight"": 0.16461679918047295, ""post_trade_weight"": 0.1646682653876897, ""diff_weight"": 0.16461679918047295, ""gross_amount"": 0.18013217664374295, ""gross_amount_pct_nav"": 0.16461679918047295, ""fee"": 5.403965299312288e-05, ""fee_pct_nav"": 4.9385039754141875e-05, ""name"": ""中国中车""}, {""ts_code"": ""02238.HK"", ""side"": ""buy"", ""current_weight"": 0.0, ""target_weight"": 0.14304081093837206, ""post_trade_weight"": 0.14308553157474002, ""diff_weight"": 0.14304081093837206, ""gross_amount"": 0.15652261951082513, ""gross_amount_pct_nav"": 0.14304081093837206, ""fee"": 4.6956785853247536e-05, ""fee_pct_nav"": 4.291224328151162e-05, ""name"": ""广汽集团""}, {""ts_code"": ""02331.HK"", ""side"": ""sell"", ""current_weight"": 0.17515125340783178, ""target_weight"": 0.0, ""post_trade_weight"": 0.0, ""diff_weight"": -0.17515125340783178, ""gross_amount"": 0.1916595188055089, ""gross_amount_pct_nav"": 0.17515125340783178, ""fee"": 5.7497855641652666e-05, ""fee_pct_nav"": 5.254537602234953e-05, ""name"": ""李宁""}, {""ts_code"": ""02382.HK"", ""side"": ""sell"", ""current_weight"": 0.17102539314597384, ""target_weight"": 0.0, ""post_trade_weight"": 0.0, ""diff_weight"": -0.17102539314597384, ""gross_amount"": 0.1871447900949743, ""gross_amount_pct_nav"": 0.17102539314597384, ""fee"": 5.614343702849229e-05, ""fee_pct_nav"": 5.130761794379215e-05, ""name"": ""舜宇光学科技""}, {""ts_code"": ""03328.HK"", ""side"": ""sell"", ""current_weight"": 0.17955801830612292, ""target_weight"": 0.16861235255863974, ""post_trade_weight"": 0.16866506794564332, ""diff_weight"": -0.010945665747483168, ""gross_amount"": 0.011977310977523165, ""gross_amount_pct_nav"": 0.010945665747483168, ""fee"": 3.593193293256949e-06, ""fee_pct_nav"": 3.2836997242449503e-06, ""name"": ""交通银行""}, {""ts_code"": ""03988.HK"", ""side"": ""buy"", ""current_weight"": 0.0, ""target_weight"": 0.19418389417890736, ""post_trade_weight"": 0.19424460431654655, ""diff_weight"": 0.19418389417890736, ""gross_amount"": 0.21248601419625984, ""gross_amount_pct_nav"": 0.19418389417890736, ""fee"": 6.374580425887794e-05, ""fee_pct_nav"": 5.8255168253672195e-05, ""name"": ""中国银行""}, {""ts_code"": ""09633.HK"", ""side"": ""buy"", ""current_weight"": 0.16662272828693428, ""target_weight"": 0.18779100877384042, ""post_trade_weight"": 0.1878497202238207, ""diff_weight"": 0.021168280486906128, ""gross_amount"": 0.0231634223171312, ""gross_amount_pct_nav"": 0.021168280486906128, ""fee"": 6.949026695139359e-06, ""fee_pct_nav"": 6.350484146071838e-06, ""name"": ""农夫山泉""}]"
2021-11-29,0.82859804,1.65719609,0.88282334,0.88829651,0.00053134,0.00026485,0.00026649,0.00000000,rebalance,"[{""ts_code"": ""00151.HK"", ""side"": ""buy"", ""current_weight"": 0.0, ""target_weight"": 0.1754794660700834, ""post_trade_weight"": 0.17556675062972224, ""diff_weight"": 0.1754794660700834, ""gross_amount"": 0.18754278269953387, ""gross_amount_pct_nav"": 0.1754794660700834, ""fee"": 5.626283480986015e-05, ""fee_pct_nav"": 5.2643839821025016e-05, ""name"": ""中国旺旺""}, {""ts_code"": ""00669.HK"", ""side"": ""buy"", ""current_weight"": 0.0, ""target_weight"": 0.1563454066420686, ""post_trade_weight"": 0.15642317380352588, ""diff_weight"": 0.1563454066420686, ""gross_amount"": 0.16709335445683007, ""gross_amount_pct_nav"": 0.1563454066420686, ""fee"": 5.012800633704902e-05, ""fee_pct_nav"": 4.6903621992620584e-05, ""name"": ""创科实业""}, {""ts_code"": ""01109.HK"", ""side"": ""sell"", ""current_weight"": 0.1464672426965422, ""target_weight"": 0.0, ""post_trade_weight"": 0.0, ""diff_weight"": -0.1464672426965422, ""gross_amount"": 0.1565361172153722, ""gross_amount_pct_nav"": 0.1464672426965422, ""fee"": 4.696083516461165e-05, ""fee_pct_nav"": 4.394017280896266e-05, ""name"": ""华润置地""}, {""ts_code"": ""01211.HK"", ""side"": ""buy"", ""current_weight"": 0.0, ""target_weight"": 0.15735246240143777, ""post_trade_weight"": 0.15743073047858883, ""diff_weight"": 0.15735246240143777, ""gross_amount"": 0.16816964015381444, ""gross_amount_pct_nav"": 0.15735246240143777, ""fee"": 5.045089204614433e-05, ""fee_pct_nav"": 4.720573872043133e-05, ""name"": ""比亚迪股份""}, {""ts_code"": ""01548.HK"", ""side"": ""buy"", ""current_weight"": 0.0, ""target_weight"": 0.1623877411982838, ""post_trade_weight"": 0.16246851385390365, ""diff_weight"": 0.1623877411982838, ""gross_amount"": 0.1735510686387365, ""gross_amount_pct_nav"": 0.1623877411982838, ""fee"": 5.206532059162095e-05, ""fee_pct_nav"": 4.871632235948513e-05, ""name"": ""金斯瑞生物科技""}, {""ts_code"": ""01658.HK"", ""side"": ""buy"", ""current_weight"": 0.0, ""target_weight"": 0.17447241031071423, ""post_trade_weight"": 0.1745591939546593, ""diff_weight"": 0.17447241031071423, ""gross_amount"": 0.18646649700254947, ""gross_amount_pct_nav"": 0.17447241031071423, ""fee"": 5.593994910076484e-05, ""fee_pct_nav"": 5.2341723093214265e-05, ""name"": ""邮储银行""}, {""ts_code"": ""01766.HK"", ""side"": ""sell"", ""current_weight"": 0.16372994587196346, ""target_weight"": 0.0, ""post_trade_weight"": 0.0, ""diff_weight"": -0.16372994587196346, ""gross_amount"": 0.17498554302535033, ""gross_amount_pct_nav"": 0.16372994587196346, ""fee"": 5.2495662907605096e-05, ""fee_pct_nav"": 4.9118983761589036e-05, ""name"": ""中国中车""}, {""ts_code"": ""02238.HK"", ""side"": ""sell"", ""current_weight"": 0.1385436299432382, ""target_weight"": 0.0, ""post_trade_weight"": 0.0, ""diff_weight"": -0.1385436299432382, ""gross_amount"": 0.1480677965732598, ""gross_amount_pct_nav"": 0.1385436299432382, ""fee"": 4.442033897197794e-05, ""fee_pct_nav"": 4.1563088982971465e-05, ""name"": ""广汽集团""}, {""ts_code"": ""03328.HK"", ""side"": ""sell"", ""current_weight"": 0.1659103482973909, ""target_weight"": 0.0, ""post_trade_weight"": 0.0, ""diff_weight"": -0.1659103482973909, ""gross_amount"": 0.1773158369761318, ""gross_amount_pct_nav"": 0.1659103482973909, ""fee"": 5.3194751092839534e-05, ""fee_pct_nav"": 4.9773104489217266e-05, ""name"": ""交通银行""}, {""ts_code"": ""03988.HK"", ""side"": ""sell"", ""current_weight"": 0.1951868897960627, ""target_weight"": 0.173465354551345, ""post_trade_weight"": 0.1735516372795963, ""diff_weight"": -0.021721535244717687, ""gross_amount"": 0.023214779800352164, ""gross_amount_pct_nav"": 0.021721535244717687, ""fee"": 6.964433940105648e-06, ""fee_pct_nav"": 6.5164605734153056e-06, ""name"": ""中国银行""}, {""ts_code"": ""09633.HK"", ""side"": ""sell"", ""current_weight"": 0.19478589820108355, ""target_weight"": 0.0, ""post_trade_weight"": 0.0, ""diff_weight"": -0.19478589820108355, ""gross_amount"": 0.2081764333877653, ""gross_amount_pct_nav"": 0.19478589820108355, ""fee"": 6.245293001632958e-05, ""fee_pct_nav"": 5.843576946032506e-05, ""name"": ""农夫山泉""}]"
2021-12-06,0.84434383,1.68868767,0.89271451,0.89325030,0.00053579,0.00026781,0.00026798,0.00000000,rebalance,"[{""ts_code"": ""00151.HK"", ""side"": ""sell"", ""current_weight"": 0.1838267099137695, ""target_weight"": 0.1554028634983343, ""post_trade_weight"": 0.1554816314723742, ""diff_weight"": -0.02842384641543521, ""gross_amount"": 0.030061206860205636, ""gross_amount_pct_nav"": 0.02842384641543521, ""fee"": 9.01836205806169e-06, ""fee_pct_nav"": 8.527153924630562e-06, ""name"": ""中国旺旺""}, {""ts_code"": ""00669.HK"", ""side"": ""sell"", ""current_weight"": 0.1589520432791333, ""target_weight"": 0.0, ""post_trade_weight"": 0.0, ""diff_weight"": -0.1589520432791333, ""gross_amount"": 0.1681085024182932, ""gross_amount_pct_nav"": 0.1589520432791333, ""fee"": 5.043255072548795e-05, ""fee_pct_nav"": 4.768561298373998e-05, ""name"": ""创科实业""}, {""ts_code"": ""00836.HK"", ""side"": ""buy"", ""current_weight"": 0.0, ""target_weight"": 0.1611852956285049, ""post_trade_weight"": 0.16126699450390444, ""diff_weight"": 0.1611852956285049, ""gross_amount"": 0.1704704016441856, ""gross_amount_pct_nav"": 0.1611852956285049, ""fee"": 5.114112049325567e-05, ""fee_pct_nav"": 4.8355588688551465e-05, ""name"": ""华润电力""}, {""ts_code"": ""00939.HK"", ""side"": ""buy"", ""current_weight"": 0.0, ""target_weight"": 0.17101543024979488, ""post_trade_weight"": 0.17110211165750577, ""diff_weight"": 0.17101543024979488, ""gross_amount"": 0.18086680282069195, ""gross_amount_pct_nav"": 0.17101543024979488, ""fee"": 5.426004084620758e-05, ""fee_pct_nav"": 5.130462907493846e-05, ""name"": ""建设银行""}, {""ts_code"": ""01088.HK"", ""side"": ""buy"", ""current_weight"": 0.0, ""target_weight"": 0.18315853772315308, ""post_trade_weight"": 0.1832513740237192, ""diff_weight"": 0.18315853772315308, ""gross_amount"": 0.19370941603872924, ""gross_amount_pct_nav"": 0.18315853772315308, ""fee"": 5.811282481161877e-05, ""fee_pct_nav"": 5.494756131694592e-05, ""name"": ""中国神华""}, {""ts_code"": ""01211.HK"", ""side"": ""sell"", ""current_weight"": 0.14943275530736297, ""target_weight"": 0.0, ""post_trade_weight"": 0.0, ""diff_weight"": -0.14943275530736297, ""gross_amount"": 0.15804085426473935, ""gross_amount_pct_nav"": 0.14943275530736297, ""fee"": 4.74122562794218e-05, ""fee_pct_nav"": 4.482982659220889e-05, ""name"": ""比亚迪股份""}, {""ts_code"": ""01398.HK"", ""side"": ""buy"", ""current_weight"": 0.0, ""target_weight"": 0.15308989064626605, ""post_trade_weight"": 0.15316748625976212, ""diff_weight"": 0.15308989064626605, ""gross_amount"": 0.16190865949882735, ""gross_amount_pct_nav"": 0.15308989064626605, ""fee"": 4.85725978496482e-05, ""fee_pct_nav"": 4.5926967193879816e-05, ""name"": ""工商银行""}, {""ts_code"": ""01548.HK"", ""side"": ""sell"", ""current_weight"": 0.1456624463143533, ""target_weight"": 0.0, ""post_trade_weight"": 0.0, ""diff_weight"": -0.1456624463143533, ""gross_amount"": 0.15405335598919948, ""gross_amount_pct_nav"": 0.1456624463143533, ""fee"": 4.621600679675984e-05, ""fee_pct_nav"": 4.369873389430598e-05, ""name"": ""金斯瑞生物科技""}, {""ts_code"": ""01658.HK"", ""side"": ""sell"", ""current_weight"": 0.18520295791975952, ""target_weight"": 0.0, ""post_trade_weight"": 0.0, ""diff_weight"": -0.18520295791975952, ""gross_amount"": 0.19587160540399384, ""gross_amount_pct_nav"": 0.18520295791975952, ""fee"": 5.8761481621198145e-05, ""fee_pct_nav"": 5.556088737592785e-05, ""name"": ""邮储银行""}, {""ts_code"": ""01816.HK"", ""side"": ""buy"", ""current_weight"": 0.0, ""target_weight"": 0.1756413759539313, ""post_trade_weight"": 0.17573040208272991, ""diff_weight"": 0.1756413759539313, ""gross_amount"": 0.18575922690375377, ""gross_amount_pct_nav"": 0.1756413759539313, ""fee"": 5.572776807112613e-05, ""fee_pct_nav"": 5.269241278617939e-05, ""name"": ""中广核电力""}, {""ts_code"": ""03988.HK"", ""side"": ""sell"", ""current_weight"": 0.17692308726561762, ""target_weight"": 0.0, ""post_trade_weight"": 0.0, ""diff_weight"": -0.17692308726561762, ""gross_amount"": 0.1871147714107331, ""gross_amount_pct_nav"": 0.17692308726561762, ""fee"": 5.6134431423219925e-05, ""fee_pct_nav"": 5.3076926179685285e-05, ""name"": ""中国银行""}]"
2021-12-13,0.67569747,1.35139495,0.73127630,0.73410915,0.00043962,0.00021938,0.00022023,0.00000000,rebalance,"[{""ts_code"": ""00688.HK"", ""side"": ""buy"", ""current_weight"": 0.0, ""target_weight"": 0.17699124331587904, ""post_trade_weight"": 0.17706302794021975, ""diff_weight"": 0.17699124331587904, ""gross_amount"": 0.19192049943756734, ""gross_amount_pct_nav"": 0.17699124331587904, ""fee"": 5.75761498312702e-05, ""fee_pct_nav"": 5.309737299476371e-05, ""name"": ""中国海外发展""}, {""ts_code"": ""00836.HK"", ""side"": ""sell"", ""current_weight"": 0.1787485664611747, ""target_weight"": 0.0, ""post_trade_weight"": 0.0, ""diff_weight"": -0.1787485664611747, ""gross_amount"": 0.19382605323446575, ""gross_amount_pct_nav"": 0.1787485664611747, ""fee"": 5.814781597033972e-05, ""fee_pct_nav"": 5.362456993835241e-05, ""name"": ""华润电力""}, {""ts_code"": ""00939.HK"", ""side"": ""buy"", ""current_weight"": 0.1663983631210642, ""target_weight"": 0.1808882982145773, ""post_trade_weight"": 0.18096166341780257, ""diff_weight"": 0.014489935093513095, ""gross_amount"": 0.015712164782083732, ""gross_amount_pct_nav"": 0.014489935093513095, ""fee"": 4.713649434625119e-06, ""fee_pct_nav"": 4.346980528053929e-06, ""name"": ""建设银行""}, {""ts_code"": ""01088.HK"", ""side"": ""sell"", ""current_weight"": 0.17929728815512416, ""target_weight"": 0.0, ""post_trade_weight"": 0.0, ""diff_weight"": -0.17929728815512416, ""gross_amount"": 0.19442105974203097, ""gross_amount_pct_nav"": 0.17929728815512416, ""fee"": 5.832631792260928e-05, ""fee_pct_nav"": 5.378918644653724e-05, ""name"": ""中国神华""}, {""ts_code"": ""01288.HK"", ""side"": ""buy"", ""current_weight"": 0.0, ""target_weight"": 0.16789811521891645, ""post_trade_weight"": 0.16796621182585983, ""diff_weight"": 0.16789811521891645, ""gross_amount"": 0.18206036368664646, ""gross_amount_pct_nav"": 0.16789811521891645, ""fee"": 5.461810910599393e-05, ""fee_pct_nav"": 5.036943456567493e-05, ""name"": ""农业银行""}, {""ts_code"": ""01398.HK"", ""side"": ""sell"", ""current_weight"": 0.14674698430823893, ""target_weight"": 0.0, ""post_trade_weight"": 0.0, ""diff_weight"": -0.14674698430823893, ""gross_amount"": 0.15912512953609678, ""gross_amount_pct_nav"": 0.14674698430823893, ""fee"": 4.773753886082903e-05, ""fee_pct_nav"": 4.402409529247168e-05, ""name"": ""工商银行""}, {""ts_code"": ""01816.HK"", ""side"": ""sell"", ""current_weight"": 0.1722108761063862, ""target_weight"": 0.0, ""post_trade_weight"": 0.0, ""diff_weight"": -0.1722108761063862, ""gross_amount"": 0.1867369070453525, ""gross_amount_pct_nav"": 0.1722108761063862, ""fee"": 5.602107211360575e-05, ""fee_pct_nav"": 5.1663262831915855e-05, ""name"": ""中广核电力""}, {""ts_code"": ""02382.HK"", ""side"": ""buy"", ""current_weight"": 0.0, ""target_weight"": 0.16270204202065214, ""post_trade_weight"": 0.16276803118908278, ""diff_weight"": 0.16270204202065214, ""gross_amount"": 0.17642600040040599, ""gross_amount_pct_nav"": 0.16270204202065214, ""fee"": 5.292780012012179e-05, ""fee_pct_nav"": 4.881061260619564e-05, ""name"": ""舜宇光学科技""}, {""ts_code"": ""03968.HK"", ""side"": ""buy"", ""current_weight"": 0.0, ""target_weight"": 0.15230989562412345, ""post_trade_weight"": 0.15237166991552856, ""diff_weight"": 0.15230989562412345, ""gross_amount"": 0.16515727382792494, ""gross_amount_pct_nav"": 0.15230989562412345, ""fee"": 4.954718214837748e-05, ""fee_pct_nav"": 4.5692968687237034e-05, ""name"": ""招商银行""}]"
2021-12-20,0.82068589,1.64137177,0.88261160,0.87164833,0.00052628,0.00026478,0.00026149,0.00000000,rebalance,"[{""ts_code"": ""00002.HK"", ""side"": ""buy"", ""current_weight"": 0.0, ""target_weight"": 0.16818968023429978, ""post_trade_weight"": 0.16827253957329533, ""diff_weight"": 0.16818968023429978, ""gross_amount"": 0.17975721373893377, ""gross_amount_pct_nav"": 0.16818968023429978, ""fee"": 5.392716412168013e-05, ""fee_pct_nav"": 5.045690407028993e-05, ""name"": ""中电控股""}, {""ts_code"": ""00006.HK"", ""side"": ""buy"", ""current_weight"": 0.0, ""target_weight"": 0.14548923259531454, ""post_trade_weight"": 0.14556090846524322, ""diff_weight"": 0.14548923259531454, ""gross_amount"": 0.15549550390913905, ""gross_amount_pct_nav"": 0.14548923259531454, ""fee"": 4.664865117274171e-05, ""fee_pct_nav"": 4.364676977859436e-05, ""name"": ""电能实业""}, {""ts_code"": ""00151.HK"", ""side"": ""sell"", ""current_weight"": 0.16358344516166445, ""target_weight"": 0.0, ""post_trade_weight"": 0.0, ""diff_weight"": -0.16358344516166445, ""gross_amount"": 0.17483417695492887, ""gross_amount_pct_nav"": 0.16358344516166445, ""fee"": 5.2450253086478655e-05, ""fee_pct_nav"": 4.907503354849933e-05, ""name"": ""中国旺旺""}, {""ts_code"": ""00688.HK"", ""side"": ""sell"", ""current_weight"": 0.17359524261097686, ""target_weight"": 0.0, ""post_trade_weight"": 0.0, ""diff_weight"": -0.17359524261097686, ""gross_amount"": 0.18553455293221754, ""gross_amount_pct_nav"": 0.17359524261097686, ""fee"": 5.566036587966526e-05, ""fee_pct_nav"": 5.2078572783293064e-05, ""name"": ""中国海外发展""}, {""ts_code"": ""01288.HK"", ""side"": ""sell"", ""current_weight"": 0.17034462047386104, ""target_weight"": 0.0, ""post_trade_weight"": 0.0, ""diff_weight"": -0.17034462047386104, ""gross_amount"": 0.18206036368664646, ""gross_amount_pct_nav"": 0.17034462047386104, ""fee"": 5.461810910599393e-05, ""fee_pct_nav"": 5.11033861421583e-05, ""name"": ""农业银行""}, {""ts_code"": ""01658.HK"", ""side"": ""buy"", ""current_weight"": 0.0, ""target_weight"": 0.1771322808193546, ""post_trade_weight"": 0.1772195457673765, ""diff_weight"": 0.1771322808193546, ""gross_amount"": 0.18931485700521658, ""gross_amount_pct_nav"": 0.1771322808193546, ""fee"": 5.679445710156497e-05, ""fee_pct_nav"": 5.313968424580638e-05, ""name"": ""邮储银行""}, {""ts_code"": ""02382.HK"", ""side"": ""sell"", ""current_weight"": 0.16243581903335697, ""target_weight"": 0.0, ""post_trade_weight"": 0.0, ""diff_weight"": -0.16243581903335697, ""gross_amount"": 0.17360762087282458, ""gross_amount_pct_nav"": 0.16243581903335697, ""fee"": 5.208228626184737e-05, ""fee_pct_nav"": 4.8730745710007086e-05, ""name"": ""舜宇光学科技""}, {""ts_code"": ""02388.HK"", ""side"": ""buy"", ""current_weight"": 0.0, ""target_weight"": 0.15511972553306586, ""post_trade_weight"": 0.1551961459050229, ""diff_weight"": 0.15511972553306586, ""gross_amount"": 0.16578835050359741, ""gross_amount_pct_nav"": 0.15511972553306586, ""fee"": 4.973650515107922e-05, ""fee_pct_nav"": 4.653591765991975e-05, ""name"": ""中银香港""}, {""ts_code"": ""03968.HK"", ""side"": ""sell"", ""current_weight"": 0.1455978764580413, ""target_weight"": 0.0, ""post_trade_weight"": 0.0, ""diff_weight"": -0.1455978764580413, ""gross_amount"": 0.15561161993972064, ""gross_amount_pct_nav"": 0.1455978764580413, ""fee"": 4.668348598191619e-05, ""fee_pct_nav"": 4.367936293741238e-05, ""name"": ""招商银行""}, {""ts_code"": ""09633.HK"", ""side"": ""buy"", ""current_weight"": 0.0, ""target_weight"": 0.1798838502301407, ""post_trade_weight"": 0.17997247075017073, ""diff_weight"": 0.1798838502301407, ""gross_amount"": 0.192255670317919, ""gross_amount_pct_nav"": 0.1798838502301407, ""fee"": 5.767670109537569e-05, ""fee_pct_nav"": 5.3965155069042204e-05, ""name"": ""农夫山泉""}]"
2021-12-28,0.50161038,1.00322075,0.54100315,0.55457742,0.00032867,0.00016230,0.00016637,0.00000000,rebalance,"[{""ts_code"": ""00002.HK"", ""side"": ""sell"", ""current_weight"": 0.168308729810682, ""target_weight"": 0.15622359488210424, ""post_trade_weight"": 0.15627062706284003, ""diff_weight"": -0.012085134928577768, ""gross_amount"": 0.013197732372499382, ""gross_amount_pct_nav"": 0.012085134928577768, ""fee"": 3.959319711749814e-06, ""fee_pct_nav"": 3.62554047857333e-06, ""name"": ""中电控股""}, {""ts_code"": ""00006.HK"", ""side"": ""sell"", ""current_weight"": 0.14400806453754195, ""target_weight"": 0.0, ""post_trade_weight"": 0.0, ""diff_weight"": -0.14400806453754195, ""gross_amount"": 0.15726592267942235, ""gross_amount_pct_nav"": 0.14400806453754195, ""fee"": 4.7179776803826704e-05, ""fee_pct_nav"": 4.320241936126258e-05, ""name"": ""电能实业""}, {""ts_code"": ""00151.HK"", ""side"": ""buy"", ""current_weight"": 0.0, ""target_weight"": 0.1621624010233458, ""post_trade_weight"": 0.16221122112225106, ""diff_weight"": 0.1621624010233458, ""gross_amount"": 0.1770916073536883, ""gross_amount_pct_nav"": 0.1621624010233458, ""fee"": 5.312748220610649e-05, ""fee_pct_nav"": 4.864872030700374e-05, ""name"": ""中国旺旺""}, {""ts_code"": ""00586.HK"", ""side"": ""buy"", ""current_weight"": 0.0, ""target_weight"": 0.16183246734883236, ""post_trade_weight"": 0.16188118811895044, ""diff_weight"": 0.16183246734883236, ""gross_amount"": 0.17673129889518638, ""gross_amount_pct_nav"": 0.16183246734883236, ""fee"": 5.301938966855591e-05, ""fee_pct_nav"": 4.85497402046497e-05, ""name"": ""海螺创业""}, {""ts_code"": ""00939.HK"", ""side"": ""sell"", ""current_weight"": 0.18262576404242473, ""target_weight"": 0.16150253367431894, ""post_trade_weight"": 0.16155115511564982, ""diff_weight"": -0.021123230368105768, ""gross_amount"": 0.023067904734905553, ""gross_amount_pct_nav"": 0.021123230368105768, ""fee"": 6.920371420471665e-06, ""fee_pct_nav"": 6.33696911043173e-06, ""name"": ""建设银行""}, {""ts_code"": ""01658.HK"", ""side"": ""sell"", ""current_weight"": 0.17262682102535817, ""target_weight"": 0.0, ""post_trade_weight"": 0.0, ""diff_weight"": -0.17262682102535817, ""gross_amount"": 0.18851941642956443, ""gross_amount_pct_nav"": 0.17262682102535817, ""fee"": 5.6555824928869324e-05, ""fee_pct_nav"": 5.178804630760745e-05, ""name"": ""邮储银行""}, {""ts_code"": ""01816.HK"", ""side"": ""buy"", ""current_weight"": 0.0, ""target_weight"": 0.17140054390972156, ""post_trade_weight"": 0.1714521452146682, ""diff_weight"": 0.17140054390972156, ""gross_amount"": 0.18718024419174176, ""gross_amount_pct_nav"": 0.17140054390972156, ""fee"": 5.6154073257522523e-05, ""fee_pct_nav"": 5.142016317291646e-05, ""name"": ""中广核电力""}, {""ts_code"": ""02388.HK"", ""side"": ""sell"", ""current_weight"": 0.15798208750492104, ""target_weight"": 0.0, ""post_trade_weight"": 0.0, ""diff_weight"": -0.15798208750492104, ""gross_amount"": 0.17252644036338446, ""gross_amount_pct_nav"": 0.15798208750492104, ""fee"": 5.175793210901534e-05, ""fee_pct_nav"": 4.7394626251476316e-05, ""name"": ""中银香港""}]"
2022-01-03,0.79014746,1.58029493,0.82458288,0.92433882,0.00052468,0.00024737,0.00027730,0.00000000,rebalance,"[{""ts_code"": ""00002.HK"", ""side"": ""sell"", ""current_weight"": 0.15492796880682566, ""target_weight"": 0.0, ""post_trade_weight"": 0.0, ""diff_weight"": -0.15492796880682566, ""gross_amount"": 0.17145969511902742, ""gross_amount_pct_nav"": 0.15492796880682566, ""fee"": 5.143790853570822e-05, ""fee_pct_nav"": 4.647839064204769e-05, ""name"": ""中电控股""}, {""ts_code"": ""00005.HK"", ""side"": ""buy"", ""current_weight"": 0.0, ""target_weight"": 0.1608656256326009, ""post_trade_weight"": 0.1609419263456082, ""diff_weight"": 0.1608656256326009, ""gross_amount"": 0.17803093488231528, ""gross_amount_pct_nav"": 0.1608656256326009, ""fee"": 5.3409280464694576e-05, ""fee_pct_nav"": 4.825968768978026e-05, ""name"": ""汇丰控股""}, {""ts_code"": ""00316.HK"", ""side"": ""buy"", ""current_weight"": 0.0, ""target_weight"": 0.1481237938993256, ""post_trade_weight"": 0.14819405099150063, ""diff_weight"": 0.1481237938993256, ""gross_amount"": 0.16392947469361704, ""gross_amount_pct_nav"": 0.1481237938993256, ""fee"": 4.917884240808511e-05, ""fee_pct_nav"": 4.4437138169797674e-05, ""name"": ""东方海外国际""}, {""ts_code"": ""00322.HK"", ""side"": ""buy"", ""current_weight"": 0.0, ""target_weight"": 0.14939797707265312, ""post_trade_weight"": 0.1494688385269114, ""diff_weight"": 0.14939797707265312, ""gross_amount"": 0.16533962071248687, ""gross_amount_pct_nav"": 0.14939797707265312, ""fee"": 4.960188621374606e-05, ""fee_pct_nav"": 4.481939312179593e-05, ""name"": ""康师傅控股""}, {""ts_code"": ""00586.HK"", ""side"": ""sell"", ""current_weight"": 0.15907153814331781, ""target_weight"": 0.0, ""post_trade_weight"": 0.0, ""diff_weight"": -0.15907153814331781, ""gross_amount"": 0.17604540769636934, ""gross_amount_pct_nav"": 0.15907153814331781, ""fee"": 5.2813622308910794e-05, ""fee_pct_nav"": 4.772146144299534e-05, ""name"": ""海螺创业""}, {""ts_code"": ""00939.HK"", ""side"": ""sell"", ""current_weight"": 0.16049331669368855, ""target_weight"": 0.0, ""post_trade_weight"": 0.0, ""diff_weight"": -0.16049331669368855, ""gross_amount"": 0.1776188983878874, ""gross_amount_pct_nav"": 0.16049331669368855, ""fee"": 5.328566951636621e-05, ""fee_pct_nav"": 4.814799500810656e-05, ""name"": ""建设银行""}, {""ts_code"": ""01038.HK"", ""side"": ""buy"", ""current_weight"": 0.0, ""target_weight"": 0.13920451168603287, ""post_trade_weight"": 0.1392705382436253, ""diff_weight"": 0.13920451168603287, ""gross_amount"": 0.15405845256152828, ""gross_amount_pct_nav"": 0.13920451168603287, ""fee"": 4.621753576845848e-05, ""fee_pct_nav"": 4.176135350580986e-05, ""name"": ""长江基建集团""}, {""ts_code"": ""01816.HK"", ""side"": ""sell"", ""current_weight"": 0.17157219592420425, ""target_weight"": 0.0, ""post_trade_weight"": 0.0, ""diff_weight"": -0.17157219592420425, ""gross_amount"": 0.18987995925219955, ""gross_amount_pct_nav"": 0.17157219592420425, ""fee"": 5.696398777565986e-05, ""fee_pct_nav"": 5.147165877726127e-05, ""name"": ""中广核电力""}, {""ts_code"": ""03311.HK"", ""side"": ""buy"", ""current_weight"": 0.0, ""target_weight"": 0.1474867023126618, ""post_trade_weight"": 0.14755665722379524, ""diff_weight"": 0.1474867023126618, ""gross_amount"": 0.16322440168418212, ""gross_amount_pct_nav"": 0.1474867023126618, ""fee"": 4.8967320505254634e-05, ""fee_pct_nav"": 4.424601069379854e-05, ""name"": ""中国建筑国际""}, {""ts_code"": ""09633.HK"", ""side"": ""sell"", ""current_weight"": 0.1891512985611385, ""target_weight"": 0.0, ""post_trade_weight"": 0.0, ""diff_weight"": -0.1891512985611385, ""gross_amount"": 0.2093348556263528, ""gross_amount_pct_nav"": 0.1891512985611385, ""fee"": 6.280045668790583e-05, ""fee_pct_nav"": 5.674538956834155e-05, ""name"": ""农夫山泉""}]"
2022-01-10,0.75137916,1.50275831,0.85854148,0.87069893,0.00051877,0.00025756,0.00026121,0.00000000,rebalance,"[{""ts_code"": ""00005.HK"", ""side"": ""sell"", ""current_weight"": 0.17074349815862963, ""target_weight"": 0.15349767902088546, ""post_trade_weight"": 0.1535669112066781, ""diff_weight"": -0.017245819137744166, ""gross_amount"": 0.01984495242456616, ""gross_amount_pct_nav"": 0.017245819137744166, ""fee"": 5.953485727369847e-06, ""fee_pct_nav"": 5.173745741323249e-06, ""name"": ""汇丰控股""}, {""ts_code"": ""00151.HK"", ""side"": ""sell"", ""current_weight"": 0.17934326588553262, ""target_weight"": 0.0, ""post_trade_weight"": 0.0, ""diff_weight"": -0.17934326588553262, ""gross_amount"": 0.20637225467448891, ""gross_amount_pct_nav"": 0.17934326588553262, ""fee"": 6.191167640234667e-05, ""fee_pct_nav"": 5.380297976565978e-05, ""name"": ""中国旺旺""}, {""ts_code"": ""00316.HK"", ""side"": ""sell"", ""current_weight"": 0.13275445494632446, ""target_weight"": 0.0, ""post_trade_weight"": 0.0, ""diff_weight"": -0.13275445494632446, ""gross_amount"": 0.15276200112716862, ""gross_amount_pct_nav"": 0.13275445494632446, ""fee"": 4.582860033815058e-05, ""fee_pct_nav"": 3.982633648389733e-05, ""name"": ""东方海外国际""}, {""ts_code"": ""00322.HK"", ""side"": ""sell"", ""current_weight"": 0.15100986375813147, ""target_weight"": 0.0, ""post_trade_weight"": 0.0, ""diff_weight"": -0.15100986375813147, ""gross_amount"": 0.1737686994154764, ""gross_amount_pct_nav"": 0.15100986375813147, ""fee"": 5.2130609824642915e-05, ""fee_pct_nav"": 4.530295912743943e-05, ""name"": ""康师傅控股""}, {""ts_code"": ""00688.HK"", ""side"": ""buy"", ""current_weight"": 0.0, ""target_weight"": 0.15349767902088546, ""post_trade_weight"": 0.1535669112066781, ""diff_weight"": 0.15349767902088546, ""gross_amount"": 0.17663145560792715, ""gross_amount_pct_nav"": 0.15349767902088546, ""fee"": 5.298943668237814e-05, ""fee_pct_nav"": 4.6049303706265634e-05, ""name"": ""中国海外发展""}, {""ts_code"": ""00857.HK"", ""side"": ""buy"", ""current_weight"": 0.0, ""target_weight"": 0.13984332655053244, ""post_trade_weight"": 0.13990640020237763, ""diff_weight"": 0.13984332655053244, ""gross_amount"": 0.16091924310017977, ""gross_amount_pct_nav"": 0.13984332655053244, ""fee"": 4.8275772930053926e-05, ""fee_pct_nav"": 4.195299796515973e-05, ""name"": ""中国石油股份""}, {""ts_code"": ""01038.HK"", ""side"": ""sell"", ""current_weight"": 0.13197031025537806, ""target_weight"": 0.0, ""post_trade_weight"": 0.0, ""diff_weight"": -0.13197031025537806, ""gross_amount"": 0.1518596772675991, ""gross_amount_pct_nav"": 0.13197031025537806, ""fee"": 4.555790318027973e-05, ""fee_pct_nav"": 3.959109307661342e-05, ""name"": ""长江基建集团""}, {""ts_code"": ""01658.HK"", ""side"": ""buy"", ""current_weight"": 0.0, ""target_weight"": 0.15941456509137178, ""post_trade_weight"": 0.15948646597520832, ""diff_weight"": 0.15941456509137178, ""gross_amount"": 0.18344008102795104, ""gross_amount_pct_nav"": 0.15941456509137178, ""fee"": 5.5032024308385306e-05, ""fee_pct_nav"": 4.7824369527411533e-05, ""name"": ""邮储银行""}, {""ts_code"": ""02388.HK"", ""side"": ""buy"", ""current_weight"": 0.0, ""target_weight"": 0.14166390687991282, ""post_trade_weight"": 0.14172780166961765, ""diff_weight"": 0.14166390687991282, ""gross_amount"": 0.1630142047678794, ""gross_amount_pct_nav"": 0.14166390687991282, ""fee"": 4.890426143036381e-05, ""fee_pct_nav"": 4.249917206397384e-05, ""name"": ""中银香港""}, {""ts_code"": ""03311.HK"", ""side"": ""sell"", ""current_weight"": 0.14433802424476638, ""target_weight"": 0.0, ""post_trade_weight"": 0.0, ""diff_weight"": -0.14433802424476638, ""gross_amount"": 0.16609134082383403, ""gross_amount_pct_nav"": 0.14433802424476638, ""fee"": 4.98274022471502e-05, ""fee_pct_nav"": 4.330140727342991e-05, ""name"": ""中国建筑国际""}, {""ts_code"": ""03988.HK"", ""side"": ""buy"", ""current_weight"": 0.0, ""target_weight"": 0.15167709869150506, ""post_trade_weight"": 0.151745509739438, ""diff_weight"": 0.15167709869150506, ""gross_amount"": 0.1745364939402275, ""gross_amount_pct_nav"": 0.15167709869150506, ""fee"": 5.236094818206824e-05, ""fee_pct_nav"": 4.550312960745151e-05, ""name"": ""中国银行""}]"
2022-01-17,0.44263455,0.88526909,0.50822732,0.52453138,0.00030983,0.00015247,0.00015736,0.00000000,rebalance,"[{""ts_code"": ""00688.HK"", ""side"": ""sell"", ""current_weight"": 0.14969480269184784, ""target_weight"": 0.0, ""post_trade_weight"": 0.0, ""diff_weight"": -0.14969480269184784, ""gross_amount"": 0.17463459434206158, ""gross_amount_pct_nav"": 0.14969480269184784, ""fee"": 5.239037830261847e-05, ""fee_pct_nav"": 4.490844080755435e-05, ""name"": ""中国海外发展""}, {""ts_code"": ""00857.HK"", ""side"": ""sell"", ""current_weight"": 0.14478939148557282, ""target_weight"": 0.0, ""post_trade_weight"": 0.0, ""diff_weight"": -0.14478939148557282, ""gross_amount"": 0.1689119207376059, ""gross_amount_pct_nav"": 0.14478939148557282, ""fee"": 5.0673576221281763e-05, ""fee_pct_nav"": 4.3436817445671844e-05, ""name"": ""中国石油股份""}, {""ts_code"": ""00883.HK"", ""side"": ""buy"", ""current_weight"": 0.0, ""target_weight"": 0.14490445200506127, ""post_trade_weight"": 0.14494294605809122, ""diff_weight"": 0.14490445200506127, ""gross_amount"": 0.169046150829662, ""gross_amount_pct_nav"": 0.14490445200506127, ""fee"": 5.07138452488986e-05, ""fee_pct_nav"": 4.3471335601518375e-05, ""name"": ""中国海洋石油""}, {""ts_code"": ""00941.HK"", ""side"": ""buy"", ""current_weight"": 0.0, ""target_weight"": 0.14257104698082518, ""post_trade_weight"": 0.14260892116182566, ""diff_weight"": 0.14257104698082518, ""gross_amount"": 0.1663239905908591, ""gross_amount_pct_nav"": 0.14257104698082518, ""fee"": 4.989719717725772e-05, ""fee_pct_nav"": 4.2771314094247553e-05, ""name"": ""中国移动""}, {""ts_code"": ""01088.HK"", ""side"": ""buy"", ""current_weight"": 0.0, ""target_weight"": 0.1481712190389918, ""post_trade_weight"": 0.14821058091286302, ""diff_weight"": 0.1481712190389918, ""gross_amount"": 0.17285717516398613, ""gross_amount_pct_nav"": 0.1481712190389918, ""fee"": 5.185715254919584e-05, ""fee_pct_nav"": 4.4451365711697543e-05, ""name"": ""中国神华""}, {""ts_code"": ""01658.HK"", ""side"": ""sell"", ""current_weight"": 0.1551381787708831, ""target_weight"": 0.0, ""post_trade_weight"": 0.0, ""diff_weight"": -0.1551381787708831, ""gross_amount"": 0.18098486005816963, ""gross_amount_pct_nav"": 0.1551381787708831, ""fee"": 5.4295458017450885e-05, ""fee_pct_nav"": 4.6541453631264924e-05, ""name"": ""邮储银行""}]"
2022-01-24,0.34770899,0.69541798,0.47428385,0.35190309,0.00024786,0.00014229,0.00010557,0.00000000,rebalance,"[{""ts_code"": ""00005.HK"", ""side"": ""sell"", ""current_weight"": 0.15329206797920544, ""target_weight"": 0.0, ""post_trade_weight"": 0.0, ""diff_weight"": -0.15329206797920544, ""gross_amount"": 0.18211767316884594, ""gross_amount_pct_nav"": 0.15329206797920544, ""fee"": 5.463530195065378e-05, ""fee_pct_nav"": 4.598762039376163e-05, ""name"": ""汇丰控股""}, {""ts_code"": ""00688.HK"", ""side"": ""buy"", ""current_weight"": 0.0, ""target_weight"": 0.16395254629681585, ""post_trade_weight"": 0.16398675809884078, ""diff_weight"": 0.16395254629681585, ""gross_amount"": 0.1947827871024221, ""gross_amount_pct_nav"": 0.16395254629681585, ""fee"": 5.843483613072663e-05, ""fee_pct_nav"": 4.918576388904475e-05, ""name"": ""中国海外发展""}, {""ts_code"": ""00883.HK"", ""side"": ""sell"", ""current_weight"": 0.1429117649447571, ""target_weight"": 0.0, ""post_trade_weight"": 0.0, ""diff_weight"": -0.1429117649447571, ""gross_amount"": 0.16978541971084127, ""gross_amount_pct_nav"": 0.1429117649447571, ""fee"": 5.093562591325237e-05, ""fee_pct_nav"": 4.287352948342712e-05, ""name"": ""中国海洋石油""}, {""ts_code"": ""00941.HK"", ""side"": ""buy"", ""current_weight"": 0.14487209850855723, ""target_weight"": 0.1705721155777255, ""post_trade_weight"": 0.17060770867817393, ""diff_weight"": 0.025700017069168257, ""gross_amount"": 0.030532742957525116, ""gross_amount_pct_nav"": 0.025700017069168257, ""fee"": 9.159822887257534e-06, ""fee_pct_nav"": 7.710005120750475e-06, ""name"": ""中国移动""}, {""ts_code"": ""01658.HK"", ""side"": ""buy"", ""current_weight"": 0.0, ""target_weight"": 0.1715177683321412, ""post_trade_weight"": 0.17155355876093586, ""diff_weight"": 0.1715177683321412, ""gross_amount"": 0.20377060135949138, ""gross_amount_pct_nav"": 0.1715177683321412, ""fee"": 6.11311804078474e-05, ""fee_pct_nav"": 5.145533049964235e-05, ""name"": ""邮储银行""}, {""ts_code"": ""02388.HK"", ""side"": ""buy"", ""current_weight"": 0.14343911284307156, ""target_weight"": 0.16584385180564717, ""post_trade_weight"": 0.16587845826436454, ""diff_weight"": 0.022404738962575613, ""gross_amount"": 0.02661780861598892, ""gross_amount_pct_nav"": 0.022404738962575613, ""fee"": 7.985342584796676e-06, ""fee_pct_nav"": 6.721421688772683e-06, ""name"": ""中银香港""}, {""ts_code"": ""03988.HK"", ""side"": ""buy"", ""current_weight"": 0.148786296140856, ""target_weight"": 0.1644253726740237, ""post_trade_weight"": 0.16445968314022175, ""diff_weight"": 0.015639076533167703, ""gross_amount"": 0.018579906098705412, ""gross_amount_pct_nav"": 0.015639076533167703, ""fee"": 5.5739718296116235e-06, ""fee_pct_nav"": 4.69172295995031e-06, ""name"": ""中国银行""}]"
2022-01-31,0.51765411,1.03530823,0.55131656,0.65764780,0.00036269,0.00016539,0.00019729,0.00000000,rebalance,"[{""ts_code"": ""00005.HK"", ""side"": ""buy"", ""current_weight"": 0.0, ""target_weight"": 0.16738985428426556, ""post_trade_weight"": 0.1674418604651162, ""diff_weight"": 0.16738985428426556, ""gross_amount"": 0.19546678204878634, ""gross_amount_pct_nav"": 0.16738985428426556, ""fee"": 5.86400346146359e-05, ""fee_pct_nav"": 5.021695628527967e-05, ""name"": ""汇丰控股""}, {""ts_code"": ""00688.HK"", ""side"": ""sell"", ""current_weight"": 0.16324992909435854, ""target_weight"": 0.0, ""post_trade_weight"": 0.0, ""diff_weight"": -0.16324992909435854, ""gross_amount"": 0.19063245168716475, ""gross_amount_pct_nav"": 0.16324992909435854, ""fee"": 5.718973550614942e-05, ""fee_pct_nav"": 4.8974978728307555e-05, ""name"": ""中国海外发展""}, {""ts_code"": ""00939.HK"", ""side"": ""buy"", ""current_weight"": 0.0, ""target_weight"": 0.1647073245681716, ""post_trade_weight"": 0.1647584973166368, ""diff_weight"": 0.1647073245681716, ""gross_amount"": 0.19233430156723533, ""gross_amount_pct_nav"": 0.1647073245681716, ""fee"": 5.7700290470170594e-05, ""fee_pct_nav"": 4.941219737045148e-05, ""name"": ""建设银行""}, {""ts_code"": ""00941.HK"", ""side"": ""sell"", ""current_weight"": 0.17418303710208594, ""target_weight"": 0.1303709442021684, ""post_trade_weight"": 0.13041144901610013, ""diff_weight"": -0.043812092899917526, ""gross_amount"": 0.051160859483311866, ""gross_amount_pct_nav"": 0.043812092899917526, ""fee"": 1.534825784499356e-05, ""fee_pct_nav"": 1.3143627869975258e-05, ""name"": ""中国移动""}, {""ts_code"": ""01088.HK"", ""side"": ""sell"", ""current_weight"": 0.14358201133086362, ""target_weight"": 0.0, ""post_trade_weight"": 0.0, ""diff_weight"": -0.14358201133086362, ""gross_amount"": 0.16766556034677432, ""gross_amount_pct_nav"": 0.14358201133086362, ""fee"": 5.029966810403229e-05, ""fee_pct_nav"": 4.307460339925908e-05, ""name"": ""中国神华""}, {""ts_code"": ""01658.HK"", ""side"": ""sell"", ""current_weight"": 0.1757911196776678, ""target_weight"": 0.13198046203182484, ""post_trade_weight"": 0.13202146690518782, ""diff_weight"": -0.043810657645842965, ""gross_amount"": 0.051159183488690946, ""gross_amount_pct_nav"": 0.043810657645842965, ""fee"": 1.5347755046607282e-05, ""fee_pct_nav"": 1.314319729375289e-05, ""name"": ""邮储银行""}, {""ts_code"": ""02328.HK"", ""side"": ""buy"", ""current_weight"": 0.0, ""target_weight"": 0.1400280511801068, ""post_trade_weight"": 0.14007155635062607, ""diff_weight"": 0.1400280511801068, ""gross_amount"": 0.16351548113696554, ""gross_amount_pct_nav"": 0.1400280511801068, ""fee"": 4.905464434108966e-05, ""fee_pct_nav"": 4.200841535403204e-05, ""name"": ""中国财险""}, {""ts_code"": ""02388.HK"", ""side"": ""sell"", ""current_weight"": 0.168728308893079, ""target_weight"": 0.0, ""post_trade_weight"": 0.0, ""diff_weight"": -0.168728308893079, ""gross_amount"": 0.19702974066668938, ""gross_amount_pct_nav"": 0.168728308893079, ""fee"": 5.9108922200006806e-05, ""fee_pct_nav"": 5.061849266792369e-05, ""name"": ""中银香港""}]"
2022-02-07,0.45976832,0.91953665,0.55577245,0.55347431,0.00033277,0.00016673,0.00016604,0.00000000,rebalance,"[{""ts_code"": ""00688.HK"", ""side"": ""buy"", ""current_weight"": 0.0, ""target_weight"": 0.1422013628699228, ""post_trade_weight"": 0.14224060150375933, ""diff_weight"": 0.1422013628699228, ""gross_amount"": 0.1715390035341116, ""gross_amount_pct_nav"": 0.1422013628699228, ""fee"": 5.146170106023348e-05, ""fee_pct_nav"": 4.2660408860976835e-05, ""name"": ""中国海外发展""}, {""ts_code"": ""00883.HK"", ""side"": ""buy"", ""current_weight"": 0.0, ""target_weight"": 0.14977821950238301, ""post_trade_weight"": 0.14981954887218038, ""diff_weight"": 0.14977821950238301, ""gross_amount"": 0.1806790455873088, ""gross_amount_pct_nav"": 0.14977821950238301, ""fee"": 5.4203713676192636e-05, ""fee_pct_nav"": 4.4933465850714895e-05, ""name"": ""中国海洋石油""}, {""ts_code"": ""00939.HK"", ""side"": ""sell"", ""current_weight"": 0.1645503832726624, ""target_weight"": 0.0, ""post_trade_weight"": 0.0, ""diff_weight"": -0.1645503832726624, ""gross_amount"": 0.1984988625149031, ""gross_amount_pct_nav"": 0.1645503832726624, ""fee"": 5.9549658754470923e-05, ""fee_pct_nav"": 4.936511498179871e-05, ""name"": ""建设银行""}, {""ts_code"": ""00941.HK"", ""side"": ""buy"", ""current_weight"": 0.13460357470475634, ""target_weight"": 0.1508606275927345, ""post_trade_weight"": 0.1509022556390977, ""diff_weight"": 0.016257052887978157, ""gross_amount"": 0.019611054328333516, ""gross_amount_pct_nav"": 0.016257052887978157, ""fee"": 5.883316298500054e-06, ""fee_pct_nav"": 4.877115866393447e-06, ""name"": ""中国移动""}, {""ts_code"": ""01658.HK"", ""side"": ""sell"", ""current_weight"": 0.1303384768422363, ""target_weight"": 0.0, ""post_trade_weight"": 0.0, ""diff_weight"": -0.1303384768422363, ""gross_amount"": 0.15722867902555168, ""gross_amount_pct_nav"": 0.1303384768422363, ""fee"": 4.71686037076655e-05, ""fee_pct_nav"": 3.910154305267088e-05, ""name"": ""邮储银行""}, {""ts_code"": ""02328.HK"", ""side"": ""sell"", ""current_weight"": 0.13888874365335938, ""target_weight"": 0.0, ""post_trade_weight"": 0.0, ""diff_weight"": -0.13888874365335938, ""gross_amount"": 0.16754295604181693, ""gross_amount_pct_nav"": 0.13888874365335938, ""fee"": 5.026288681254508e-05, ""fee_pct_nav"": 4.166662309600781e-05, ""name"": ""中国财险""}, {""ts_code"": ""02388.HK"", ""side"": ""buy"", ""current_weight"": 0.0, ""target_weight"": 0.15248423972826167, ""post_trade_weight"": 0.15252631578947362, ""diff_weight"": 0.15248423972826167, ""gross_amount"": 0.18394334632059353, ""gross_amount_pct_nav"": 0.15248423972826167, ""fee"": 5.5183003896178055e-05, ""fee_pct_nav"": 4.5745271918478494e-05, ""name"": ""中银香港""}, {""ts_code"": ""03988.HK"", ""side"": ""sell"", ""current_weight"": 0.16669832951242794, ""target_weight"": 0.14166015882474706, ""post_trade_weight"": 0.14169924812030066, ""diff_weight"": -0.02503817068768088, ""gross_amount"": 0.030203809326431047, ""gross_amount_pct_nav"": 0.02503817068768088, ""fee"": 9.061142797929313e-06, ""fee_pct_nav"": 7.511451206304262e-06, ""name"": ""中国银行""}]"
2022-02-14,0.30916291,0.61832583,0.36285547,0.38869575,0.00022547,0.00010886,0.00011661,0.00000000,rebalance,"[{""ts_code"": ""00005.HK"", ""side"": ""sell"", ""current_weight"": 0.17204735801745796, ""target_weight"": 0.0, ""post_trade_weight"": 0.0, ""diff_weight"": -0.17204735801745796, ""gross_amount"": 0.20911693604912848, ""gross_amount_pct_nav"": 0.17204735801745796, ""fee"": 6.273508081473854e-05, ""fee_pct_nav"": 5.1614207405237384e-05, ""name"": ""汇丰控股""}, {""ts_code"": ""00857.HK"", ""side"": ""buy"", ""current_weight"": 0.0, ""target_weight"": 0.1407622658150348, ""post_trade_weight"": 0.14078838174273844, ""diff_weight"": 0.1407622658150348, ""gross_amount"": 0.17109111164372634, ""gross_amount_pct_nav"": 0.1407622658150348, ""fee"": 5.13273334931179e-05, ""fee_pct_nav"": 4.222867974451044e-05, ""name"": ""中国石油股份""}, {""ts_code"": ""00883.HK"", ""side"": ""buy"", ""current_weight"": 0.1494650970468691, ""target_weight"": 0.16017775075503962, ""post_trade_weight"": 0.1602074688796679, ""diff_weight"": 0.010712653708170502, ""gross_amount"": 0.013020817908640209, ""gross_amount_pct_nav"": 0.010712653708170502, ""fee"": 3.906245372592062e-06, ""fee_pct_nav"": 3.2137961124511504e-06, ""name"": ""中国海洋石油""}, {""ts_code"": ""00941.HK"", ""side"": ""sell"", ""current_weight"": 0.1477453752066978, ""target_weight"": 0.0, ""post_trade_weight"": 0.0, ""diff_weight"": -0.1477453752066978, ""gross_amount"": 0.17957881210543458, ""gross_amount_pct_nav"": 0.1477453752066978, ""fee"": 5.387364363163037e-05, ""fee_pct_nav"": 4.432361256200934e-05, ""name"": ""中国移动""}, {""ts_code"": ""01088.HK"", ""side"": ""buy"", ""current_weight"": 0.0, ""target_weight"": 0.1367796022375979, ""post_trade_weight"": 0.1368049792531119, ""diff_weight"": 0.1367796022375979, ""gross_amount"": 0.16625033748581367, ""gross_amount_pct_nav"": 0.1367796022375979, ""fee"": 4.9875101245744094e-05, ""fee_pct_nav"": 4.103388067127937e-05, ""name"": ""中国神华""}, {""ts_code"": ""02388.HK"", ""side"": ""buy"", ""current_weight"": 0.1508948462506099, ""target_weight"": 0.16117341664939885, ""post_trade_weight"": 0.16120331950207456, ""diff_weight"": 0.010278570398788942, ""gross_amount"": 0.012493206367876375, ""gross_amount_pct_nav"": 0.010278570398788942, ""fee"": 3.747961910362912e-06, ""fee_pct_nav"": 3.0835711196366824e-06, ""name"": ""中银香港""}]"
2022-02-21,0.60202953,1.20405907,0.74410544,0.72955729,0.00044210,0.00022323,0.00021887,0.00000000,rebalance,"[{""ts_code"": ""00005.HK"", ""side"": ""buy"", ""current_weight"": 0.0, ""target_weight"": 0.13488478989855313, ""post_trade_weight"": 0.13493353028064892, ""diff_weight"": 0.13488478989855313, ""gross_amount"": 0.16508715757857742, ""gross_amount_pct_nav"": 0.13488478989855313, ""fee"": 4.952614727357322e-05, ""fee_pct_nav"": 4.046543696956594e-05, ""name"": ""汇丰控股""}, {""ts_code"": ""00688.HK"", ""side"": ""buy"", ""current_weight"": 0.15151482450824136, ""target_weight"": 0.1657155990182225, ""post_trade_weight"": 0.16577548005908305, ""diff_weight"": 0.01420077450998115, ""gross_amount"": 0.01738050302803082, ""gross_amount_pct_nav"": 0.01420077450998115, ""fee"": 5.214150908409245e-06, ""fee_pct_nav"": 4.260232352994345e-06, ""name"": ""中国海外发展""}, {""ts_code"": ""00857.HK"", ""side"": ""sell"", ""current_weight"": 0.1349280600546038, ""target_weight"": 0.0, ""post_trade_weight"": 0.0, ""diff_weight"": -0.1349280600546038, ""gross_amount"": 0.16514011645611845, ""gross_amount_pct_nav"": 0.1349280600546038, ""fee"": 4.954203493683553e-05, ""fee_pct_nav"": 4.0478418016381134e-05, ""name"": ""中国石油股份""}, {""ts_code"": ""00883.HK"", ""side"": ""sell"", ""current_weight"": 0.15972191470755734, ""target_weight"": 0.0, ""post_trade_weight"": 0.0, ""diff_weight"": -0.15972191470755734, ""gross_amount"": 0.1954856208910584, ""gross_amount_pct_nav"": 0.15972191470755734, ""fee"": 5.8645686267317515e-05, ""fee_pct_nav"": 4.79165744122672e-05, ""name"": ""中国海洋石油""}, {""ts_code"": ""01088.HK"", ""side"": ""buy"", ""current_weight"": 0.14018725014699215, ""target_weight"": 0.15667898255211252, ""post_trade_weight"": 0.15673559822747304, ""diff_weight"": 0.016491732405120356, ""gross_amount"": 0.020184434644969856, ""gross_amount_pct_nav"": 0.016491732405120356, ""fee"": 6.055330393490956e-06, ""fee_pct_nav"": 4.947519721536107e-06, ""name"": ""中国神华""}, {""ts_code"": ""01109.HK"", ""side"": ""buy"", ""current_weight"": 0.0, ""target_weight"": 0.14020044664332373, ""post_trade_weight"": 0.14025110782865483, ""diff_weight"": 0.14020044664332373, ""gross_amount"": 0.17159305541418643, ""gross_amount_pct_nav"": 0.14020044664332373, ""fee"": 5.1477916624255924e-05, ""fee_pct_nav"": 4.206013399299712e-05, ""name"": ""华润置地""}, {""ts_code"": ""01919.HK"", ""side"": ""buy"", ""current_weight"": 0.0, ""target_weight"": 0.14817393176047958, ""post_trade_weight"": 0.14822747415066362, ""diff_weight"": 0.14817393176047958, ""gross_amount"": 0.18135190216759986, ""gross_amount_pct_nav"": 0.14817393176047958, ""fee"": 5.440557065027995e-05, ""fee_pct_nav"": 4.445217952814387e-05, ""name"": ""中远海控""}, {""ts_code"": ""02328.HK"", ""side"": ""buy"", ""current_weight"": 0.0, ""target_weight"": 0.15402115417972725, ""post_trade_weight"": 0.15407680945347013, ""diff_weight"": 0.15402115417972725, ""gross_amount"": 0.1885083897867698, ""gross_amount_pct_nav"": 0.15402115417972725, ""fee"": 5.655251693603093e-05, ""fee_pct_nav"": 4.6206346253918174e-05, ""name"": ""中国财险""}, {""ts_code"": ""02388.HK"", ""side"": ""sell"", ""current_weight"": 0.15953384122145461, ""target_weight"": 0.0, ""post_trade_weight"": 0.0, ""diff_weight"": -0.15953384122145461, ""gross_amount"": 0.1952554354323425, ""gross_amount_pct_nav"": 0.15953384122145461, ""fee"": 5.8576630629702744e-05, ""fee_pct_nav"": 4.7860152366436375e-05, ""name"": ""中银香港""}, {""ts_code"": ""03988.HK"", ""side"": ""sell"", ""current_weight"": 0.14190241971138462, ""target_weight"": 0.0, ""post_trade_weight"": 0.0, ""diff_weight"": -0.14190241971138462, ""gross_amount"": 0.17367612123867843, ""gross_amount_pct_nav"": 0.14190241971138462, ""fee"": 5.210283637160352e-05, ""fee_pct_nav"": 4.257072591341538e-05, ""name"": ""中国银行""}]"
2022-02-28,0.62435884,1.24871768,0.73859476,0.73462404,0.00044197,0.00022158,0.00022039,0.00000000,rebalance,"[{""ts_code"": ""00002.HK"", ""side"": ""buy"", ""current_weight"": 0.0, ""target_weight"": 0.14544043867133682, ""post_trade_weight"": 0.1454949433037079, ""diff_weight"": 0.14544043867133682, ""gross_amount"": 0.17158849691001235, ""gross_amount_pct_nav"": 0.14544043867133682, ""fee"": 5.14765490730037e-05, ""fee_pct_nav"": 4.363213160140104e-05, ""name"": ""中电控股""}, {""ts_code"": ""00005.HK"", ""side"": ""buy"", ""current_weight"": 0.12928361916369702, ""target_weight"": 0.16529202461320652, ""post_trade_weight"": 0.16535396874042257, ""diff_weight"": 0.036008405449509485, ""gross_amount"": 0.04248218874786236, ""gross_amount_pct_nav"": 0.036008405449509485, ""fee"": 1.2744656624358707e-05, ""fee_pct_nav"": 1.0802521634852845e-05, ""name"": ""汇丰控股""}, {""ts_code"": ""00688.HK"", ""side"": ""sell"", ""current_weight"": 0.1610972568490971, ""target_weight"": 0.14433757278567744, ""post_trade_weight"": 0.14439166411277934, ""diff_weight"": -0.016759684063419652, ""gross_amount"": 0.019772829506018386, ""gross_amount_pct_nav"": 0.016759684063419652, ""fee"": 5.931848851805515e-06, ""fee_pct_nav"": 5.027905219025895e-06, ""name"": ""中国海外发展""}, {""ts_code"": ""00857.HK"", ""side"": ""buy"", ""current_weight"": 0.0, ""target_weight"": 0.14323470690001794, ""post_trade_weight"": 0.1432883849218507, ""diff_weight"": 0.14323470690001794, ""gross_amount"": 0.16898620690948132, ""gross_amount_pct_nav"": 0.14323470690001794, ""fee"": 5.069586207284439e-05, ""fee_pct_nav"": 4.297041207000538e-05, ""name"": ""中国石油股份""}, {""ts_code"": ""00883.HK"", ""side"": ""buy"", ""current_weight"": 0.0, ""target_weight"": 0.15977769518490936, ""post_trade_weight"": 0.1598375727857796, ""diff_weight"": 0.15977769518490936, ""gross_amount"": 0.1885033819134638, ""gross_amount_pct_nav"": 0.15977769518490936, ""fee"": 5.6551014574039134e-05, ""fee_pct_nav"": 4.79333085554728e-05, ""name"": ""中国海洋石油""}, {""ts_code"": ""00941.HK"", ""side"": ""buy"", ""current_weight"": 0.0, ""target_weight"": 0.14158040807152883, ""post_trade_weight"": 0.14163346613545783, ""diff_weight"": 0.14158040807152883, ""gross_amount"": 0.1670344894090831, ""gross_amount_pct_nav"": 0.14158040807152883, ""fee"": 5.011034682272493e-05, ""fee_pct_nav"": 4.2474122421458645e-05, ""name"": ""中国移动""}, {""ts_code"": ""01088.HK"", ""side"": ""sell"", ""current_weight"": 0.1553583425586104, ""target_weight"": 0.0, ""post_trade_weight"": 0.0, ""diff_weight"": -0.1553583425586104, ""gross_amount"": 0.18328949448717813, ""gross_amount_pct_nav"": 0.1553583425586104, ""fee"": 5.4986848346153436e-05, ""fee_pct_nav"": 4.6607502767583116e-05, ""name"": ""中国神华""}, {""ts_code"": ""01109.HK"", ""side"": ""sell"", ""current_weight"": 0.13923346069794088, ""target_weight"": 0.0, ""post_trade_weight"": 0.0, ""diff_weight"": -0.13923346069794088, ""gross_amount"": 0.1642655953116795, ""gross_amount_pct_nav"": 0.13923346069794088, ""fee"": 4.9279678593503845e-05, ""fee_pct_nav"": 4.177003820938226e-05, ""name"": ""华润置地""}, {""ts_code"": ""01919.HK"", ""side"": ""sell"", ""current_weight"": 0.15688349795045484, ""target_weight"": 0.0, ""post_trade_weight"": 0.0, ""diff_weight"": -0.15688349795045484, ""gross_amount"": 0.1850888504546898, ""gross_amount_pct_nav"": 0.15688349795045484, ""fee"": 5.552665513640694e-05, ""fee_pct_nav"": 4.706504938513645e-05, ""name"": ""中远海控""}, {""ts_code"": ""02328.HK"", ""side"": ""sell"", ""current_weight"": 0.15444103941889548, ""target_weight"": 0.0, ""post_trade_weight"": 0.0, ""diff_weight"": -0.15444103941889548, ""gross_amount"": 0.18220727369361875, ""gross_amount_pct_nav"": 0.15444103941889548, ""fee"": 5.466218210808562e-05, ""fee_pct_nav"": 4.633231182566864e-05, ""name"": ""中国财险""}]"
2022-03-07,0.60639807,1.21279613,0.71457507,0.71489211,0.00042884,0.00021437,0.00021447,0.00000000,rebalance,"[{""ts_code"": ""00002.HK"", ""side"": ""sell"", ""current_weight"": 0.1412823815103129, ""target_weight"": 0.0, ""post_trade_weight"": 0.0, ""diff_weight"": -0.1412823815103129, ""gross_amount"": 0.16652306353003904, ""gross_amount_pct_nav"": 0.1412823815103129, ""fee"": 4.995691905901171e-05, ""fee_pct_nav"": 4.238471445309386e-05, ""name"": ""中电控股""}, {""ts_code"": ""00005.HK"", ""side"": ""sell"", ""current_weight"": 0.14632469808549778, ""target_weight"": 0.0, ""post_trade_weight"": 0.0, ""diff_weight"": -0.14632469808549778, ""gross_amount"": 0.17246621082421734, ""gross_amount_pct_nav"": 0.14632469808549778, ""fee"": 5.1739863247265195e-05, ""fee_pct_nav"": 4.3897409425649325e-05, ""name"": ""汇丰控股""}, {""ts_code"": ""00688.HK"", ""side"": ""sell"", ""current_weight"": 0.14929196900727787, ""target_weight"": 0.0, ""post_trade_weight"": 0.0, ""diff_weight"": -0.14929196900727787, ""gross_amount"": 0.17596359697340508, ""gross_amount_pct_nav"": 0.14929196900727787, ""fee"": 5.278907909202152e-05, ""fee_pct_nav"": 4.478759070218336e-05, ""name"": ""中国海外发展""}, {""ts_code"": ""00857.HK"", ""side"": ""buy"", ""current_weight"": 0.15352241714736498, ""target_weight"": 0.1710861093331887, ""post_trade_weight"": 0.17114837976122757, ""diff_weight"": 0.017563692185823748, ""gross_amount"": 0.02070151846547466, ""gross_amount_pct_nav"": 0.017563692185823748, ""fee"": 6.210455539642398e-06, ""fee_pct_nav"": 5.269107655747124e-06, ""name"": ""中国石油股份""}, {""ts_code"": ""00883.HK"", ""side"": ""sell"", ""current_weight"": 0.17102829574128656, ""target_weight"": 0.13988654978363863, ""post_trade_weight"": 0.13993746446844768, ""diff_weight"": -0.031141745957647914, ""gross_amount"": 0.03670534772351075, ""gross_amount_pct_nav"": 0.031141745957647914, ""fee"": 1.1011604317053225e-05, ""fee_pct_nav"": 9.342523787294375e-06, ""name"": ""中国海洋石油""}, {""ts_code"": ""00941.HK"", ""side"": ""sell"", ""current_weight"": 0.13849176219174694, ""target_weight"": 0.0, ""post_trade_weight"": 0.0, ""diff_weight"": -0.13849176219174694, ""gross_amount"": 0.1632338885238845, ""gross_amount_pct_nav"": 0.13849176219174694, ""fee"": 4.897016655716535e-05, ""fee_pct_nav"": 4.154752865752408e-05, ""name"": ""中国移动""}, {""ts_code"": ""01088.HK"", ""side"": ""buy"", ""current_weight"": 0.0, ""target_weight"": 0.1629026183037985, ""post_trade_weight"": 0.1629619101762361, ""diff_weight"": 0.1629026183037985, ""gross_amount"": 0.19200584508149027, ""gross_amount_pct_nav"": 0.1629026183037985, ""fee"": 5.7601753524447076e-05, ""fee_pct_nav"": 4.887078549113955e-05, ""name"": ""中国神华""}, {""ts_code"": ""01171.HK"", ""side"": ""buy"", ""current_weight"": 0.0, ""target_weight"": 0.13579480426894355, ""post_trade_weight"": 0.13584422967595197, ""diff_weight"": 0.13579480426894355, ""gross_amount"": 0.16005510790937422, ""gross_amount_pct_nav"": 0.13579480426894355, ""fee"": 4.801653237281226e-05, ""fee_pct_nav"": 4.0738441280683064e-05, ""name"": ""兖矿能源""}, {""ts_code"": ""01876.HK"", ""side"": ""buy"", ""current_weight"": 0.0, ""target_weight"": 0.13681774064761731, ""post_trade_weight"": 0.1368675383740759, ""diff_weight"": 0.13681774064761731, ""gross_amount"": 0.16126079610454838, ""gross_amount_pct_nav"": 0.13681774064761731, ""fee"": 4.837823883136451e-05, ""fee_pct_nav"": 4.104532219428519e-05, ""name"": ""百威亚太""}, {""ts_code"": ""01919.HK"", ""side"": ""buy"", ""current_weight"": 0.0, ""target_weight"": 0.1531847227063977, ""post_trade_weight"": 0.1532404775440588, ""diff_weight"": 0.1531847227063977, ""gross_amount"": 0.1805518072273355, ""gross_amount_pct_nav"": 0.1531847227063977, ""fee"": 5.416554216820064e-05, ""fee_pct_nav"": 4.5955416811919306e-05, ""name"": ""中远海控""}]"
2022-03-14,0.46146747,0.92293495,0.48369414,0.46939629,0.00028593,0.00014511,0.00014082,0.00000000,rebalance,"[{""ts_code"": ""00006.HK"", ""side"": ""buy"", ""current_weight"": 0.0, ""target_weight"": 0.16288592205893143, ""post_trade_weight"": 0.16293103448275856, ""diff_weight"": 0.16288592205893143, ""gross_amount"": 0.16820796924211712, ""gross_amount_pct_nav"": 0.16288592205893143, ""fee"": 5.046239077263513e-05, ""fee_pct_nav"": 4.886577661767943e-05, ""name"": ""电能实业""}, {""ts_code"": ""00316.HK"", ""side"": ""buy"", ""current_weight"": 0.0, ""target_weight"": 0.16081752939786567, ""post_trade_weight"": 0.16086206896551722, ""diff_weight"": 0.16081752939786567, ""gross_amount"": 0.16607199502951883, ""gross_amount_pct_nav"": 0.16081752939786567, ""fee"": 4.9821598508855645e-05, ""fee_pct_nav"": 4.824525881935969e-05, ""name"": ""东方海外国际""}, {""ts_code"": ""00857.HK"", ""side"": ""sell"", ""current_weight"": 0.1656846251899947, ""target_weight"": 0.15150976242306954, ""post_trade_weight"": 0.15155172413793097, ""diff_weight"": -0.014174862766925127, ""gross_amount"": 0.014638004624165951, ""gross_amount_pct_nav"": 0.014174862766925127, ""fee"": 4.391401387249785e-06, ""fee_pct_nav"": 4.252458830077538e-06, ""name"": ""中国石油股份""}, {""ts_code"": ""00883.HK"", ""side"": ""buy"", ""current_weight"": 0.14178562545910786, ""target_weight"": 0.1618517257283986, ""post_trade_weight"": 0.16189655172413794, ""diff_weight"": 0.020066100269290718, ""gross_amount"": 0.02072172925837587, ""gross_amount_pct_nav"": 0.020066100269290718, ""fee"": 6.21651877751276e-06, ""fee_pct_nav"": 6.019830080787215e-06, ""name"": ""中国海洋石油""}, {""ts_code"": ""01088.HK"", ""side"": ""sell"", ""current_weight"": 0.16767377613143025, ""target_weight"": 0.1380652101261419, ""post_trade_weight"": 0.13810344827586205, ""diff_weight"": -0.02960856600528834, ""gross_amount"": 0.030575980397611335, ""gross_amount_pct_nav"": 0.02960856600528834, ""fee"": 9.1727941192834e-06, ""fee_pct_nav"": 8.882569801586501e-06, ""name"": ""中国神华""}, {""ts_code"": ""01171.HK"", ""side"": ""sell"", ""current_weight"": 0.12891967844551777, ""target_weight"": 0.0, ""post_trade_weight"": 0.0, ""diff_weight"": -0.12891967844551777, ""gross_amount"": 0.1331319308173338, ""gross_amount_pct_nav"": 0.12891967844551777, ""fee"": 3.9939579245200137e-05, ""fee_pct_nav"": 3.8675903533655336e-05, ""name"": ""兖矿能源""}, {""ts_code"": ""01876.HK"", ""side"": ""sell"", ""current_weight"": 0.1350802500783288, ""target_weight"": 0.0, ""post_trade_weight"": 0.0, ""diff_weight"": -0.1350802500783288, ""gross_amount"": 0.1394937896607937, ""gross_amount_pct_nav"": 0.1350802500783288, ""fee"": 4.184813689823811e-05, ""fee_pct_nav"": 4.052407502349864e-05, ""name"": ""百威亚太""}, {""ts_code"": ""01919.HK"", ""side"": ""sell"", ""current_weight"": 0.14676138269828, ""target_weight"": 0.0, ""post_trade_weight"": 0.0, ""diff_weight"": -0.14676138269828, ""gross_amount"": 0.15155658533775201, ""gross_amount_pct_nav"": 0.14676138269828, ""fee"": 4.54669756013256e-05, ""fee_pct_nav"": 4.4028414809484e-05, ""name"": ""中远海控""}, {""ts_code"": ""02328.HK"", ""side"": ""buy"", ""current_weight"": 0.0, ""target_weight"": 0.12462065782921423, ""post_trade_weight"": 0.12465517241379309, ""diff_weight"": 0.12462065782921423, ""gross_amount"": 0.12869244630904836, ""gross_amount_pct_nav"": 0.12462065782921423, ""fee"": 3.86077338927145e-05, ""fee_pct_nav"": 3.738619734876426e-05, ""name"": ""中国财险""}]"
2022-03-21,0.42461794,0.84923589,0.44947202,0.44652019,0.00026880,0.00013484,0.00013396,0.00000000,rebalance,"[{""ts_code"": ""00006.HK"", ""side"": ""sell"", ""current_weight"": 0.15422198304064622, ""target_weight"": 0.0, ""post_trade_weight"": 0.0, ""diff_weight"": -0.15422198304064622, ""gross_amount"": 0.16271297206179386, ""gross_amount_pct_nav"": 0.15422198304064622, ""fee"": 4.881389161853815e-05, ""fee_pct_nav"": 4.6266594912193856e-05, ""name"": ""电能实业""}, {""ts_code"": ""00586.HK"", ""side"": ""buy"", ""current_weight"": 0.0, ""target_weight"": 0.15261384166524627, ""post_trade_weight"": 0.15265273311897096, ""diff_weight"": 0.15261384166524627, ""gross_amount"": 0.16101629135825304, ""gross_amount_pct_nav"": 0.15261384166524627, ""fee"": 4.830488740747591e-05, ""fee_pct_nav"": 4.578415249957388e-05, ""name"": ""海螺创业""}, {""ts_code"": ""00688.HK"", ""side"": ""buy"", ""current_weight"": 0.0, ""target_weight"": 0.1374247863336341, ""post_trade_weight"": 0.13745980707395491, ""diff_weight"": 0.1374247863336341, ""gross_amount"": 0.14499097326098617, ""gross_amount_pct_nav"": 0.1374247863336341, ""fee"": 4.349729197829585e-05, ""fee_pct_nav"": 4.122743590009023e-05, ""name"": ""中国海外发展""}, {""ts_code"": ""00728.HK"", ""side"": ""buy"", ""current_weight"": 0.0, ""target_weight"": 0.1359782096353853, ""post_trade_weight"": 0.13601286173633428, ""diff_weight"": 0.1359782096353853, ""gross_amount"": 0.14346475248981785, ""gross_amount_pct_nav"": 0.1359782096353853, ""fee"": 4.3039425746945354e-05, ""fee_pct_nav"": 4.079346289061559e-05, ""name"": ""中国电信""}, {""ts_code"": ""01088.HK"", ""side"": ""sell"", ""current_weight"": 0.14010101998528818, ""target_weight"": 0.0, ""post_trade_weight"": 0.0, ""diff_weight"": -0.14010101998528818, ""gross_amount"": 0.14781455212313616, ""gross_amount_pct_nav"": 0.14010101998528818, ""fee"": 4.4344365636940844e-05, ""fee_pct_nav"": 4.2030305995586456e-05, ""name"": ""中国神华""}, {""ts_code"": ""02328.HK"", ""side"": ""sell"", ""current_weight"": 0.1288960454819233, ""target_weight"": 0.0, ""post_trade_weight"": 0.0, ""diff_weight"": -0.1288960454819233, ""gross_amount"": 0.1359926661158825, ""gross_amount_pct_nav"": 0.1288960454819233, ""fee"": 4.079779983476475e-05, ""fee_pct_nav"": 3.866881364457698e-05, ""name"": ""中国财险""}]"
2022-03-28,0.75654920,1.51309840,0.78082508,0.78469411,0.00046966,0.00023425,0.00023541,0.00000000,rebalance,"[{""ts_code"": ""00001.HK"", ""side"": ""buy"", ""current_weight"": 0.0, ""target_weight"": 0.14751643675361226, ""post_trade_weight"": 0.14758342922899753, ""diff_weight"": 0.14751643675361226, ""gross_amount"": 0.15262709393685037, ""gross_amount_pct_nav"": 0.14751643675361226, ""fee"": 4.578812818105511e-05, ""fee_pct_nav"": 4.4254931026083675e-05, ""name"": ""长和""}, {""ts_code"": ""00316.HK"", ""side"": ""sell"", ""current_weight"": 0.1410184621466374, ""target_weight"": 0.0, ""post_trade_weight"": 0.0, ""diff_weight"": -0.1410184621466374, ""gross_amount"": 0.14590399919185928, ""gross_amount_pct_nav"": 0.1410184621466374, ""fee"": 4.377119975755778e-05, ""fee_pct_nav"": 4.2305538643991216e-05, ""name"": ""东方海外国际""}, {""ts_code"": ""00586.HK"", ""side"": ""sell"", ""current_weight"": 0.126617559970674, ""target_weight"": 0.0, ""post_trade_weight"": 0.0, ""diff_weight"": -0.126617559970674, ""gross_amount"": 0.13100418261848795, ""gross_amount_pct_nav"": 0.126617559970674, ""fee"": 3.930125478554638e-05, ""fee_pct_nav"": 3.7985267991202204e-05, ""name"": ""海螺创业""}, {""ts_code"": ""00688.HK"", ""side"": ""sell"", ""current_weight"": 0.1453494016980598, ""target_weight"": 0.0, ""post_trade_weight"": 0.0, ""diff_weight"": -0.1453494016980598, ""gross_amount"": 0.15038498268289782, ""gross_amount_pct_nav"": 0.1453494016980598, ""fee"": 4.5115494804869343e-05, ""fee_pct_nav"": 4.3604820509417935e-05, ""name"": ""中国海外发展""}, {""ts_code"": ""00728.HK"", ""side"": ""buy"", ""current_weight"": 0.14491199846055855, ""target_weight"": 0.169600768805615, ""post_trade_weight"": 0.169677790563865, ""diff_weight"": 0.02468877034505647, ""gross_amount"": 0.02554410446433175, ""gross_amount_pct_nav"": 0.02468877034505647, ""fee"": 7.663231339299524e-06, ""fee_pct_nav"": 7.406631103516939e-06, ""name"": ""中国电信""}, {""ts_code"": ""00857.HK"", ""side"": ""sell"", ""current_weight"": 0.1639865249543788, ""target_weight"": 0.0, ""post_trade_weight"": 0.0, ""diff_weight"": -0.1639865249543788, ""gross_amount"": 0.16966778278676628, ""gross_amount_pct_nav"": 0.1639865249543788, ""fee"": 5.090033483602988e-05, ""fee_pct_nav"": 4.9195957486313637e-05, ""name"": ""中国石油股份""}, {""ts_code"": ""00883.HK"", ""side"": ""sell"", ""current_weight"": 0.1814469906739957, ""target_weight"": 0.0, ""post_trade_weight"": 0.0, ""diff_weight"": -0.1814469906739957, ""gross_amount"": 0.1877331604505463, ""gross_amount_pct_nav"": 0.1814469906739957, ""fee"": 5.631994813516389e-05, ""fee_pct_nav"": 5.443409720219871e-05, ""name"": ""中国海洋石油""}, {""ts_code"": ""00998.HK"", ""side"": ""buy"", ""current_weight"": 0.0, ""target_weight"": 0.13578413535098577, ""post_trade_weight"": 0.1358457997698492, ""diff_weight"": 0.13578413535098577, ""gross_amount"": 0.14048833091029383, ""gross_amount_pct_nav"": 0.13578413535098577, ""fee"": 4.214649927308815e-05, ""fee_pct_nav"": 4.073524060529573e-05, ""name"": ""中信银行""}, {""ts_code"": ""01038.HK"", ""side"": ""buy"", ""current_weight"": 0.0, ""target_weight"": 0.14130521836398643, ""post_trade_weight"": 0.14136939010356603, ""diff_weight"": 0.14130521836398643, ""gross_amount"": 0.14620068998161453, ""gross_amount_pct_nav"": 0.14130521836398643, ""fee"": 4.3860206994484355e-05, ""fee_pct_nav"": 4.239156550919593e-05, ""name"": ""长江基建集团""}, {""ts_code"": ""01113.HK"", ""side"": ""buy"", ""current_weight"": 0.0, ""target_weight"": 0.14889670750686243, ""post_trade_weight"": 0.14896432681242677, ""diff_weight"": 0.14889670750686243, ""gross_amount"": 0.15405518370468055, ""gross_amount_pct_nav"": 0.14889670750686243, ""fee"": 4.621655511140416e-05, ""fee_pct_nav"": 4.4669012252058724e-05, ""name"": ""长实集团""}, {""ts_code"": ""03328.HK"", ""side"": ""buy"", ""current_weight"": 0.0, ""target_weight"": 0.15648819664973834, ""post_trade_weight"": 0.15655926352128743, ""diff_weight"": 0.15648819664973834, ""gross_amount"": 0.1619096774277465, ""gross_amount_pct_nav"": 0.15648819664973834, ""fee"": 4.857290322832395e-05, ""fee_pct_nav"": 4.6946458994921505e-05, ""name"": ""交通银行""}]"
2022-04-04,0.68126818,1.36253636,0.58422756,0.84933417,0.00043007,0.00017527,0.00025480,0.00000000,rebalance,"[{""ts_code"": ""00001.HK"", ""side"": ""sell"", ""current_weight"": 0.143209509905029, ""target_weight"": 0.0, ""post_trade_weight"": 0.0, ""diff_weight"": -0.143209509905029, ""gross_amount"": 0.1506746386076562, ""gross_amount_pct_nav"": 0.143209509905029, ""fee"": 4.520239158229686e-05, ""fee_pct_nav"": 4.2962852971508705e-05, ""name"": ""长和""}, {""ts_code"": ""00005.HK"", ""side"": ""buy"", ""current_weight"": 0.0, ""target_weight"": 0.12052170294793613, ""post_trade_weight"": 0.12057098765432088, ""diff_weight"": 0.12052170294793613, ""gross_amount"": 0.12680417695795682, ""gross_amount_pct_nav"": 0.12052170294793613, ""fee"": 3.804125308738704e-05, ""fee_pct_nav"": 3.615651088438084e-05, ""name"": ""汇丰控股""}, {""ts_code"": ""00728.HK"", ""side"": ""sell"", ""current_weight"": 0.16612855000583412, ""target_weight"": 0.0, ""post_trade_weight"": 0.0, ""diff_weight"": -0.16612855000583412, ""gross_amount"": 0.17478838696636015, ""gross_amount_pct_nav"": 0.16612855000583412, ""fee"": 5.243651608990804e-05, ""fee_pct_nav"": 4.9838565001750226e-05, ""name"": ""中国电信""}, {""ts_code"": ""00998.HK"", ""side"": ""sell"", ""current_weight"": 0.13796402187720155, ""target_weight"": 0.0, ""post_trade_weight"": 0.0, ""diff_weight"": -0.13796402187720155, ""gross_amount"": 0.1451557173192737, ""gross_amount_pct_nav"": 0.13796402187720155, ""fee"": 4.3546715195782107e-05, ""fee_pct_nav"": 4.138920656316046e-05, ""name"": ""中信银行""}, {""ts_code"": ""01038.HK"", ""side"": ""sell"", ""current_weight"": 0.14106263413970963, ""target_weight"": 0.0, ""post_trade_weight"": 0.0, ""diff_weight"": -0.14106263413970963, ""gross_amount"": 0.14841585195103296, ""gross_amount_pct_nav"": 0.14106263413970963, ""fee"": 4.4524755585309885e-05, ""fee_pct_nav"": 4.2318790241912886e-05, ""name"": ""长江基建集团""}, {""ts_code"": ""01088.HK"", ""side"": ""buy"", ""current_weight"": 0.0, ""target_weight"": 0.10808851562219227, ""post_trade_weight"": 0.10813271604938259, ""diff_weight"": 0.10808851562219227, ""gross_amount"": 0.11372288083251032, ""gross_amount_pct_nav"": 0.10808851562219227, ""fee"": 3.411686424975309e-05, ""fee_pct_nav"": 3.2426554686657673e-05, ""name"": ""中国神华""}, {""ts_code"": ""01113.HK"", ""side"": ""sell"", ""current_weight"": 0.1523620506678782, ""target_weight"": 0.0, ""post_trade_weight"": 0.0, ""diff_weight"": -0.1523620506678782, ""gross_amount"": 0.16030427683977277, ""gross_amount_pct_nav"": 0.1523620506678782, ""fee"": 4.8091283051931825e-05, ""fee_pct_nav"": 4.5708615200363454e-05, ""name"": ""长实集团""}, {""ts_code"": ""01658.HK"", ""side"": ""buy"", ""current_weight"": 0.0, ""target_weight"": 0.10447888059213763, ""post_trade_weight"": 0.1045216049382715, ""diff_weight"": 0.10447888059213763, ""gross_amount"": 0.10992508518318718, ""gross_amount_pct_nav"": 0.10447888059213763, ""fee"": 3.297752555495615e-05, ""fee_pct_nav"": 3.1343664177641286e-05, ""name"": ""邮储银行""}, {""ts_code"": ""02388.HK"", ""side"": ""buy"", ""current_weight"": 0.0, ""target_weight"": 0.10608316282771747, ""post_trade_weight"": 0.10612654320987644, ""diff_weight"": 0.10608316282771747, ""gross_amount"": 0.11161299436066414, ""gross_amount_pct_nav"": 0.10608316282771747, ""fee"": 3.348389830819924e-05, ""fee_pct_nav"": 3.182494884831524e-05, ""name"": ""中银香港""}, {""ts_code"": ""03328.HK"", ""side"": ""sell"", ""current_weight"": 0.16097952103275462, ""target_weight"": 0.09445211661976358, ""post_trade_weight"": 0.09449074074074065, ""diff_weight"": -0.06652740441299104, ""gross_amount"": 0.0699953000612902, ""gross_amount_pct_nav"": 0.06652740441299104, ""fee"": 2.099859001838706e-05, ""fee_pct_nav"": 1.9958221323897314e-05, ""name"": ""交通银行""}, {""ts_code"": ""03988.HK"", ""side"": ""buy"", ""current_weight"": 0.0, ""target_weight"": 0.11610992680009152, ""post_trade_weight"": 0.11615740740740729, ""diff_weight"": 0.11610992680009152, ""gross_amount"": 0.12216242671989515, ""gross_amount_pct_nav"": 0.11610992680009152, ""fee"": 3.664872801596854e-05, ""fee_pct_nav"": 3.483297804002745e-05, ""name"": ""中国银行""}]"
2022-04-11,0.31935533,0.63871066,0.33322074,0.33834776,0.00020147,0.00009997,0.00010150,0.00000000,rebalance,"[{""ts_code"": ""00005.HK"", ""side"": ""sell"", ""current_weight"": 0.12060002847587206, ""target_weight"": 0.0, ""post_trade_weight"": 0.0, ""diff_weight"": -0.12060002847587206, ""gross_amount"": 0.1268041769579568, ""gross_amount_pct_nav"": 0.12060002847587206, ""fee"": 3.804125308738703e-05, ""fee_pct_nav"": 3.6180008542761614e-05, ""name"": ""汇丰控股""}, {""ts_code"": ""00688.HK"", ""side"": ""buy"", ""current_weight"": 0.0, ""target_weight"": 0.10838483179127059, ""post_trade_weight"": 0.1084056037358239, ""diff_weight"": 0.10838483179127059, ""gross_amount"": 0.11396058163260127, ""gross_amount_pct_nav"": 0.10838483179127059, ""fee"": 3.418817448978038e-05, ""fee_pct_nav"": 3.251544953738117e-05, ""name"": ""中国海外发展""}, {""ts_code"": ""00883.HK"", ""side"": ""buy"", ""current_weight"": 0.0, ""target_weight"": 0.12052393295189287, ""post_trade_weight"": 0.12054703135423615, ""diff_weight"": 0.12052393295189287, ""gross_amount"": 0.1267241667754526, ""gross_amount_pct_nav"": 0.12052393295189287, ""fee"": 3.8017250032635776e-05, ""fee_pct_nav"": 3.615717988556786e-05, ""name"": ""中国海洋石油""}, {""ts_code"": ""01088.HK"", ""side"": ""sell"", ""current_weight"": 0.10730442637430213, ""target_weight"": 0.0, ""post_trade_weight"": 0.0, ""diff_weight"": -0.10730442637430213, ""gross_amount"": 0.1128245958338333, ""gross_amount_pct_nav"": 0.10730442637430213, ""fee"": 3.3847378750149987e-05, ""fee_pct_nav"": 3.2191327912290634e-05, ""name"": ""中国神华""}, {""ts_code"": ""02899.HK"", ""side"": ""buy"", ""current_weight"": 0.0, ""target_weight"": 0.08800848341451166, ""post_trade_weight"": 0.08802535023348895, ""diff_weight"": 0.08800848341451166, ""gross_amount"": 0.09253599228567218, ""gross_amount_pct_nav"": 0.08800848341451166, ""fee"": 2.776079768570165e-05, ""fee_pct_nav"": 2.6402545024353498e-05, ""name"": ""紫金矿业""}, {""ts_code"": ""03328.HK"", ""side"": ""sell"", ""current_weight"": 0.0938889613085138, ""target_weight"": 0.0, ""post_trade_weight"": 0.0, ""diff_weight"": -0.0938889613085138, ""gross_amount"": 0.09871898551454678, ""gross_amount_pct_nav"": 0.0938889613085138, ""fee"": 2.961569565436403e-05, ""fee_pct_nav"": 2.816668839255414e-05, ""name"": ""交通银行""}]"
2022-04-19,0.44393999,0.88787997,0.46916588,0.47444669,0.00028308,0.00014075,0.00014233,0.00000000,rebalance,"[{""ts_code"": ""00390.HK"", ""side"": ""buy"", ""current_weight"": 0.0, ""target_weight"": 0.0946466117422829, ""post_trade_weight"": 0.09467182890855448, ""diff_weight"": 0.0946466117422829, ""gross_amount"": 0.10058761856941568, ""gross_amount_pct_nav"": 0.0946466117422829, ""fee"": 3.0176285570824702e-05, ""fee_pct_nav"": 2.8393983522684865e-05, ""name"": ""中国中铁""}, {""ts_code"": ""00728.HK"", ""side"": ""buy"", ""current_weight"": 0.0, ""target_weight"": 0.10950253561069181, ""post_trade_weight"": 0.10953171091445414, ""diff_weight"": 0.10950253561069181, ""gross_amount"": 0.11637605490183027, ""gross_amount_pct_nav"": 0.10950253561069181, ""fee"": 3.4912816470549075e-05, ""fee_pct_nav"": 3.2850760683207544e-05, ""name"": ""中国电信""}, {""ts_code"": ""00883.HK"", ""side"": ""sell"", ""current_weight"": 0.1243103937277452, ""target_weight"": 0.0, ""post_trade_weight"": 0.0, ""diff_weight"": -0.1243103937277452, ""gross_amount"": 0.1321134083758667, ""gross_amount_pct_nav"": 0.1243103937277452, ""fee"": 3.963402251276e-05, ""fee_pct_nav"": 3.729311811832356e-05, ""name"": ""中国海洋石油""}, {""ts_code"": ""01088.HK"", ""side"": ""buy"", ""current_weight"": 0.0, ""target_weight"": 0.12148311937553777, ""post_trade_weight"": 0.12151548672566359, ""diff_weight"": 0.12148311937553777, ""gross_amount"": 0.12910866484732594, ""gross_amount_pct_nav"": 0.12148311937553777, ""fee"": 3.873259945419778e-05, ""fee_pct_nav"": 3.644493581266133e-05, ""name"": ""中国神华""}, {""ts_code"": ""01171.HK"", ""side"": ""buy"", ""current_weight"": 0.0, ""target_weight"": 0.09991806859881507, ""post_trade_weight"": 0.0999446902654866, ""diff_weight"": 0.09991806859881507, ""gross_amount"": 0.10618996694543374, ""gross_amount_pct_nav"": 0.09991806859881507, ""fee"": 3.185699008363012e-05, ""fee_pct_nav"": 2.997542057964452e-05, ""name"": ""兖矿能源""}, {""ts_code"": ""01658.HK"", ""side"": ""sell"", ""current_weight"": 0.10456299024183983, ""target_weight"": 0.0, ""post_trade_weight"": 0.0, ""diff_weight"": -0.10456299024183983, ""gross_amount"": 0.11112645223436955, ""gross_amount_pct_nav"": 0.10456299024183983, ""fee"": 3.333793567031086e-05, ""fee_pct_nav"": 3.1368897072551945e-05, ""name"": ""邮储银行""}, {""ts_code"": ""02388.HK"", ""side"": ""sell"", ""current_weight"": 0.10399440014918408, ""target_weight"": 0.0, ""post_trade_weight"": 0.0, ""diff_weight"": -0.10399440014918408, ""gross_amount"": 0.11052217150725659, ""gross_amount_pct_nav"": 0.10399440014918408, ""fee"": 3.315665145217697e-05, ""fee_pct_nav"": 3.119832004475522e-05, ""name"": ""中银香港""}, {""ts_code"": ""02899.HK"", ""side"": ""buy"", ""current_weight"": 0.09311811585068762, ""target_weight"": 0.10902331226009797, ""post_trade_weight"": 0.10905235988200575, ""diff_weight"": 0.015905196409410346, ""gross_amount"": 0.016903572143266446, ""gross_amount_pct_nav"": 0.015905196409410346, ""fee"": 5.071071642979933e-06, ""fee_pct_nav"": 4.7715589228231035e-06, ""name"": ""紫金矿业""}, {""ts_code"": ""03988.HK"", ""side"": ""sell"", ""current_weight"": 0.11355665725151246, ""target_weight"": 0.0, ""post_trade_weight"": 0.0, ""diff_weight"": -0.11355665725151246, ""gross_amount"": 0.12068465542892869, ""gross_amount_pct_nav"": 0.11355665725151246, ""fee"": 3.62053966286786e-05, ""fee_pct_nav"": 3.406699717545373e-05, ""name"": ""中国银行""}]"
2022-04-25,0.63471717,1.26943433,0.64582165,0.61593298,0.00037853,0.00019375,0.00018478,0.00000000,rebalance,"[{""ts_code"": ""00005.HK"", ""side"": ""buy"", ""current_weight"": 0.0, ""target_weight"": 0.09924851172531442, ""post_trade_weight"": 0.09928632296548758, ""diff_weight"": 0.09924851172531442, ""gross_amount"": 0.09864808729982148, ""gross_amount_pct_nav"": 0.09924851172531442, ""fee"": 2.959442618994644e-05, ""fee_pct_nav"": 2.9774553517594322e-05, ""name"": ""汇丰控股""}, {""ts_code"": ""00006.HK"", ""side"": ""buy"", ""current_weight"": 0.0, ""target_weight"": 0.11142964008211732, ""post_trade_weight"": 0.11147209203238147, ""diff_weight"": 0.11142964008211732, ""gross_amount"": 0.11075552339798649, ""gross_amount_pct_nav"": 0.11142964008211732, ""fee"": 3.3226657019395944e-05, ""fee_pct_nav"": 3.3428892024635193e-05, ""name"": ""电能实业""}, {""ts_code"": ""00390.HK"", ""side"": ""sell"", ""current_weight"": 0.0935366078469091, ""target_weight"": 0.0, ""post_trade_weight"": 0.0, ""diff_weight"": -0.0935366078469091, ""gross_amount"": 0.09297073876683187, ""gross_amount_pct_nav"": 0.0935366078469091, ""fee"": 2.789122163004956e-05, ""fee_pct_nav"": 2.806098235407273e-05, ""name"": ""中国中铁""}, {""ts_code"": ""00688.HK"", ""side"": ""sell"", ""current_weight"": 0.10632206831049341, ""target_weight"": 0.0, ""post_trade_weight"": 0.0, ""diff_weight"": -0.10632206831049341, ""gross_amount"": 0.1056788509395445, ""gross_amount_pct_nav"": 0.10632206831049341, ""fee"": 3.170365528186335e-05, ""fee_pct_nav"": 3.189662049314802e-05, ""name"": ""中国海外发展""}, {""ts_code"": ""00728.HK"", ""side"": ""sell"", ""current_weight"": 0.10967983527176048, ""target_weight"": 0.0, ""post_trade_weight"": 0.0, ""diff_weight"": -0.10967983527176048, ""gross_amount"": 0.10901630439420466, ""gross_amount_pct_nav"": 0.10967983527176048, ""fee"": 3.2704891318261396e-05, ""fee_pct_nav"": 3.290395058152814e-05, ""name"": ""中国电信""}, {""ts_code"": ""00883.HK"", ""side"": ""buy"", ""current_weight"": 0.0, ""target_weight"": 0.10755382651404366, ""post_trade_weight"": 0.1075948018747334, ""diff_weight"": 0.10755382651404366, ""gross_amount"": 0.10690315736675216, ""gross_amount_pct_nav"": 0.10755382651404366, ""fee"": 3.207094721002564e-05, ""fee_pct_nav"": 3.2266147954213096e-05, ""name"": ""中国海洋石油""}, {""ts_code"": ""00941.HK"", ""side"": ""buy"", ""current_weight"": 0.0, ""target_weight"": 0.09869482407273247, ""post_trade_weight"": 0.09873242437153786, ""diff_weight"": 0.09869482407273247, ""gross_amount"": 0.09809774929535944, ""gross_amount_pct_nav"": 0.09869482407273247, ""fee"": 2.9429324788607832e-05, ""fee_pct_nav"": 2.960844722181974e-05, ""name"": ""中国移动""}, {""ts_code"": ""01088.HK"", ""side"": ""sell"", ""current_weight"": 0.11940611361141339, ""target_weight"": 0.0, ""post_trade_weight"": 0.0, ""diff_weight"": -0.11940611361141339, ""gross_amount"": 0.1186837415987841, ""gross_amount_pct_nav"": 0.11940611361141339, ""fee"": 3.560512247963523e-05, ""fee_pct_nav"": 3.5821834083424014e-05, ""name"": ""中国神华""}, {""ts_code"": ""01171.HK"", ""side"": ""sell"", ""current_weight"": 0.09304664810887389, ""target_weight"": 0.0, ""post_trade_weight"": 0.0, ""diff_weight"": -0.09304664810887389, ""gross_amount"": 0.09248374314169981, ""gross_amount_pct_nav"": 0.09304664810887389, ""fee"": 2.7745122942509942e-05, ""fee_pct_nav"": 2.7913994432662164e-05, ""name"": ""兖矿能源""}, {""ts_code"": ""02343.HK"", ""side"": ""buy"", ""current_weight"": 0.0, ""target_weight"": 0.0975874487675686, ""post_trade_weight"": 0.09762462718363843, ""diff_weight"": 0.0975874487675686, ""gross_amount"": 0.09699707328643538, ""gross_amount_pct_nav"": 0.0975874487675686, ""fee"": 2.909912198593061e-05, ""fee_pct_nav"": 2.9276234630270578e-05, ""name"": ""太平洋航运""}, {""ts_code"": ""02899.HK"", ""side"": ""sell"", ""current_weight"": 0.09769060029213078, ""target_weight"": 0.0, ""post_trade_weight"": 0.0, ""diff_weight"": -0.09769060029213078, ""gross_amount"": 0.09709960077448762, ""gross_amount_pct_nav"": 0.09769060029213078, ""fee"": 2.9129880232346283e-05, ""fee_pct_nav"": 2.930718008763923e-05, ""name"": ""紫金矿业""}, {""ts_code"": ""03988.HK"", ""side"": ""buy"", ""current_weight"": 0.0, ""target_weight"": 0.1352382091431411, ""post_trade_weight"": 0.13528973157221946, ""diff_weight"": 0.1352382091431411, ""gross_amount"": 0.13442005758985437, ""gross_amount_pct_nav"": 0.1352382091431411, ""fee"": 4.032601727695631e-05, ""fee_pct_nav"": 4.0571462742942334e-05, ""name"": ""中国银行""}]"
2022-05-03,0.33628400,0.67256799,0.33938751,0.33678058,0.00020285,0.00010182,0.00010103,0.00000000,rebalance,"[{""ts_code"": ""00005.HK"", ""side"": ""sell"", ""current_weight"": 0.09462563062675874, ""target_weight"": 0.0, ""post_trade_weight"": 0.0, ""diff_weight"": -0.09462563062675874, ""gross_amount"": 0.09513213957994135, ""gross_amount_pct_nav"": 0.09462563062675874, ""fee"": 2.85396418739824e-05, ""fee_pct_nav"": 2.838768918802762e-05, ""name"": ""汇丰控股""}, {""ts_code"": ""00006.HK"", ""side"": ""sell"", ""current_weight"": 0.10946135306680499, ""target_weight"": 0.0, ""post_trade_weight"": 0.0, ""diff_weight"": -0.10946135306680499, ""gross_amount"": 0.11004727418551868, ""gross_amount_pct_nav"": 0.10946135306680499, ""fee"": 3.30141822556556e-05, ""fee_pct_nav"": 3.2838405920041496e-05, ""name"": ""电能实业""}, {""ts_code"": ""00316.HK"", ""side"": ""buy"", ""current_weight"": 0.0, ""target_weight"": 0.11416614919122846, ""post_trade_weight"": 0.11418918918930004, ""diff_weight"": 0.11416614919122846, ""gross_amount"": 0.11477725398738911, ""gross_amount_pct_nav"": 0.11416614919122846, ""fee"": 3.443317619621673e-05, ""fee_pct_nav"": 3.424984475736853e-05, ""name"": ""东方海外国际""}, {""ts_code"": ""00390.HK"", ""side"": ""buy"", ""current_weight"": 0.0, ""target_weight"": 0.11346358827312861, ""post_trade_weight"": 0.11348648648659666, ""diff_weight"": 0.11346358827312861, ""gross_amount"": 0.1140709324243898, ""gross_amount_pct_nav"": 0.11346358827312861, ""fee"": 3.4221279727316935e-05, ""fee_pct_nav"": 3.403907648193858e-05, ""name"": ""中国中铁""}, {""ts_code"": ""01088.HK"", ""side"": ""buy"", ""current_weight"": 0.0, ""target_weight"": 0.10995078368262926, ""post_trade_weight"": 0.10997297297307972, ""diff_weight"": 0.10995078368262926, ""gross_amount"": 0.1105393246093932, ""gross_amount_pct_nav"": 0.10995078368262926, ""fee"": 3.316179738281795e-05, ""fee_pct_nav"": 3.298523510478877e-05, ""name"": ""中国神华""}, {""ts_code"": ""02343.HK"", ""side"": ""sell"", ""current_weight"": 0.10308387229890309, ""target_weight"": 0.0, ""post_trade_weight"": 0.0, ""diff_weight"": -0.10308387229890309, ""gross_amount"": 0.1036356562490051, ""gross_amount_pct_nav"": 0.10308387229890309, ""fee"": 3.109069687470153e-05, ""fee_pct_nav"": 3.092516168967093e-05, ""name"": ""太平洋航运""}, {""ts_code"": ""03988.HK"", ""side"": ""sell"", ""current_weight"": 0.13425459299584563, ""target_weight"": 0.10643797909212992, ""post_trade_weight"": 0.1064594594595628, ""diff_weight"": -0.027816613903715735, ""gross_amount"": 0.02796550975673287, ""gross_amount_pct_nav"": 0.027816613903715735, ""fee"": 8.38965292701986e-06, ""fee_pct_nav"": 8.34498417111472e-06, ""name"": ""中国银行""}]"
2022-05-10,0.34218012,0.68436023,0.33409524,0.33729379,0.00020142,0.00010023,0.00010119,0.00000000,rebalance,"[{""ts_code"": ""00006.HK"", ""side"": ""buy"", ""current_weight"": 0.0, ""target_weight"": 0.1279502409538805, ""post_trade_weight"": 0.12797651556526488, ""diff_weight"": 0.1279502409538805, ""gross_amount"": 0.12552510221037735, ""gross_amount_pct_nav"": 0.1279502409538805, ""fee"": 3.7657530663113206e-05, ""fee_pct_nav"": 3.838507228616415e-05, ""name"": ""电能实业""}, {""ts_code"": ""00008.HK"", ""side"": ""buy"", ""current_weight"": 0.0, ""target_weight"": 0.10807447536881168, ""post_trade_weight"": 0.10809666848716548, ""diff_weight"": 0.10807447536881168, ""gross_amount"": 0.10602605720682359, ""gross_amount_pct_nav"": 0.10807447536881168, ""fee"": 3.1807817162047076e-05, ""fee_pct_nav"": 3.24223426106435e-05, ""name"": ""电讯盈科""}, {""ts_code"": ""00066.HK"", ""side"": ""buy"", ""current_weight"": 0.0, ""target_weight"": 0.1045252315143351, ""post_trade_weight"": 0.10454669579464773, ""diff_weight"": 0.1045252315143351, ""gross_amount"": 0.10254408488476043, ""gross_amount_pct_nav"": 0.1045252315143351, ""fee"": 3.0763225465428124e-05, ""fee_pct_nav"": 3.1357569454300525e-05, ""name"": ""港铁公司""}, {""ts_code"": ""00316.HK"", ""side"": ""sell"", ""current_weight"": 0.11352522395060333, ""target_weight"": 0.08819870978374286, ""post_trade_weight"": 0.08821682140906609, ""diff_weight"": -0.025326514166860457, ""gross_amount"": 0.02484648138000488, ""gross_amount_pct_nav"": 0.025326514166860457, ""fee"": 7.453944414001463e-06, ""fee_pct_nav"": 7.597954250058137e-06, ""name"": ""东方海外国际""}, {""ts_code"": ""00390.HK"", ""side"": ""sell"", ""current_weight"": 0.1146034764775934, ""target_weight"": 0.0, ""post_trade_weight"": 0.0, ""diff_weight"": -0.1146034764775934, ""gross_amount"": 0.112431309165723, ""gross_amount_pct_nav"": 0.1146034764775934, ""fee"": 3.37293927497169e-05, ""fee_pct_nav"": 3.4381042943278025e-05, ""name"": ""中国中铁""}, {""ts_code"": ""00941.HK"", ""side"": ""sell"", ""current_weight"": 0.09748736806092084, ""target_weight"": 0.0, ""post_trade_weight"": 0.0, ""diff_weight"": -0.09748736806092084, ""gross_amount"": 0.09563961543830635, ""gross_amount_pct_nav"": 0.09748736806092084, ""fee"": 2.86918846314919e-05, ""fee_pct_nav"": 2.924621041827625e-05, ""name"": ""中国移动""}, {""ts_code"": ""03988.HK"", ""side"": ""sell"", ""current_weight"": 0.10639292596668386, ""target_weight"": 0.0, ""post_trade_weight"": 0.0, ""diff_weight"": -0.10639292596668386, ""gross_amount"": 0.10437637949617375, ""gross_amount_pct_nav"": 0.10639292596668386, ""fee"": 3.131291384885212e-05, ""fee_pct_nav"": 3.191787779000515e-05, ""name"": ""中国银行""}]"
2022-05-16,0.30687451,0.61374902,0.30838280,0.30319769,0.00018347,0.00009251,0.00009096,0.00000000,rebalance,"[{""ts_code"": ""00008.HK"", ""side"": ""sell"", ""current_weight"": 0.10762853820862978, ""target_weight"": 0.0, ""post_trade_weight"": 0.0, ""diff_weight"": -0.10762853820862978, ""gross_amount"": 0.10724825959537485, ""gross_amount_pct_nav"": 0.10762853820862978, ""fee"": 3.217447787861245e-05, ""fee_pct_nav"": 3.2288561462588926e-05, ""name"": ""电讯盈科""}, {""ts_code"": ""00066.HK"", ""side"": ""sell"", ""current_weight"": 0.10400873129694707, ""target_weight"": 0.0, ""post_trade_weight"": 0.0, ""diff_weight"": -0.10400873129694707, ""gross_amount"": 0.1036412423691746, ""gross_amount_pct_nav"": 0.10400873129694707, ""fee"": 3.109237271075238e-05, ""fee_pct_nav"": 3.120261938908412e-05, ""name"": ""港铁公司""}, {""ts_code"": ""00083.HK"", ""side"": ""buy"", ""current_weight"": 0.0, ""target_weight"": 0.10527347448378715, ""post_trade_weight"": 0.1052928615009152, ""diff_weight"": 0.10527347448378715, ""gross_amount"": 0.10490151690120231, ""gross_amount_pct_nav"": 0.10527347448378715, ""fee"": 3.147045507036069e-05, ""fee_pct_nav"": 3.158204234513614e-05, ""name"": ""信和置业""}, {""ts_code"": ""00316.HK"", ""side"": ""sell"", ""current_weight"": 0.09263548997334053, ""target_weight"": 0.0, ""post_trade_weight"": 0.0, ""diff_weight"": -0.09263548997334053, ""gross_amount"": 0.09230818555899489, ""gross_amount_pct_nav"": 0.09263548997334053, ""fee"": 2.7692455667698464e-05, ""fee_pct_nav"": 2.7790646992002155e-05, ""name"": ""东方海外国际""}, {""ts_code"": ""01038.HK"", ""side"": ""buy"", ""current_weight"": 0.0, ""target_weight"": 0.12271992599899106, ""post_trade_weight"": 0.12274252593044542, ""diff_weight"": 0.12271992599899106, ""gross_amount"": 0.12228632572852022, ""gross_amount_pct_nav"": 0.12271992599899106, ""fee"": 3.668589771855606e-05, ""fee_pct_nav"": 3.6815977799697316e-05, ""name"": ""长江基建集团""}, {""ts_code"": ""02016.HK"", ""side"": ""buy"", ""current_weight"": 0.0, ""target_weight"": 0.08148285878123639, ""post_trade_weight"": 0.08149786455155583, ""diff_weight"": 0.08148285878123639, ""gross_amount"": 0.08119495940940517, ""gross_amount_pct_nav"": 0.08148285878123639, ""fee"": 2.435848782282155e-05, ""fee_pct_nav"": 2.4444857634370912e-05, ""name"": ""浙商银行""}]"
2022-05-23,0.42520344,0.85040688,0.42865724,0.43462708,0.00025899,0.00012860,0.00013039,0.00000000,rebalance,"[{""ts_code"": ""00002.HK"", ""side"": ""buy"", ""current_weight"": 0.0, ""target_weight"": 0.10486120607130713, ""post_trade_weight"": 0.10488796530538487, ""diff_weight"": 0.10486120607130713, ""gross_amount"": 0.10644908710692859, ""gross_amount_pct_nav"": 0.10486120607130713, ""fee"": 3.1934726132078575e-05, ""fee_pct_nav"": 3.145836182139213e-05, ""name"": ""中电控股""}, {""ts_code"": ""00006.HK"", ""side"": ""sell"", ""current_weight"": 0.12853304794768403, ""target_weight"": 0.11284615793339994, ""post_trade_weight"": 0.11287495482471989, ""diff_weight"": -0.015686890014284083, ""gross_amount"": 0.015924431771572503, ""gross_amount_pct_nav"": 0.015686890014284083, ""fee"": 4.77732953147175e-06, ""fee_pct_nav"": 4.706067004285225e-06, ""name"": ""电能实业""}, {""ts_code"": ""00083.HK"", ""side"": ""sell"", ""current_weight"": 0.10581249627924037, ""target_weight"": 0.0, ""post_trade_weight"": 0.0, ""diff_weight"": -0.10581249627924037, ""gross_amount"": 0.10741478241029363, ""gross_amount_pct_nav"": 0.10581249627924037, ""fee"": 3.222443472308809e-05, ""fee_pct_nav"": 3.174374888377211e-05, ""name"": ""信和置业""}, {""ts_code"": ""00151.HK"", ""side"": ""buy"", ""current_weight"": 0.0, ""target_weight"": 0.0945277389556576, ""post_trade_weight"": 0.09455186122153957, ""diff_weight"": 0.0945277389556576, ""gross_amount"": 0.09595914347265119, ""gross_amount_pct_nav"": 0.0945277389556576, ""fee"": 2.8787743041795357e-05, ""fee_pct_nav"": 2.8358321686697278e-05, ""name"": ""中国旺旺""}, {""ts_code"": ""00386.HK"", ""side"": ""buy"", ""current_weight"": 0.0, ""target_weight"": 0.11895229759264739, ""post_trade_weight"": 0.11898265269244668, ""diff_weight"": 0.11895229759264739, ""gross_amount"": 0.12075355569912505, ""gross_amount_pct_nav"": 0.11895229759264739, ""fee"": 3.622606670973751e-05, ""fee_pct_nav"": 3.568568927779421e-05, ""name"": ""中国石油化工股份""}, {""ts_code"": ""00883.HK"", ""side"": ""sell"", ""current_weight"": 0.11665157319275614, ""target_weight"": 0.0, ""post_trade_weight"": 0.0, ""diff_weight"": -0.11665157319275614, ""gross_amount"": 0.11841799213630928, ""gross_amount_pct_nav"": 0.11665157319275614, ""fee"": 3.5525397640892784e-05, ""fee_pct_nav"": 3.4995471957826844e-05, ""name"": ""中国海洋石油""}, {""ts_code"": ""01088.HK"", ""side"": ""sell"", ""current_weight"": 0.10889043026930977, ""target_weight"": 0.0, ""post_trade_weight"": 0.0, ""diff_weight"": -0.10889043026930977, ""gross_amount"": 0.11053932460939318, ""gross_amount_pct_nav"": 0.10889043026930977, ""fee"": 3.316179738281795e-05, ""fee_pct_nav"": 3.266712908079293e-05, ""name"": ""中国神华""}, {""ts_code"": ""01171.HK"", ""side"": ""buy"", ""current_weight"": 0.0, ""target_weight"": 0.10392179996988443, ""post_trade_weight"": 0.10394831947958075, ""diff_weight"": 0.10392179996988443, ""gross_amount"": 0.10549545586744882, ""gross_amount_pct_nav"": 0.10392179996988443, ""fee"": 3.164863676023464e-05, ""fee_pct_nav"": 3.117653999096533e-05, ""name"": ""兖矿能源""}, {""ts_code"": ""02016.HK"", ""side"": ""sell"", ""current_weight"": 0.08110244385052892, ""target_weight"": 0.0, ""post_trade_weight"": 0.0, ""diff_weight"": -0.08110244385052892, ""gross_amount"": 0.08233055324729895, ""gross_amount_pct_nav"": 0.08110244385052892, ""fee"": 2.4699165974189682e-05, ""fee_pct_nav"": 2.4330733155158676e-05, ""name"": ""浙商银行""}]"
2022-05-30,0.45237729,0.90475458,0.46079052,0.47450956,0.00028059,0.00013824,0.00014235,0.00000000,rebalance,"[{""ts_code"": ""00002.HK"", ""side"": ""sell"", ""current_weight"": 0.10370479092759423, ""target_weight"": 0.0, ""post_trade_weight"": 0.0, ""diff_weight"": -0.10370479092759423, ""gross_amount"": 0.1072059776580302, ""gross_amount_pct_nav"": 0.10370479092759423, ""fee"": 3.216179329740906e-05, ""fee_pct_nav"": 3.1111437278278265e-05, ""name"": ""中电控股""}, {""ts_code"": ""00006.HK"", ""side"": ""sell"", ""current_weight"": 0.11059742016477438, ""target_weight"": 0.09964227962762243, ""post_trade_weight"": 0.09966933251307288, ""diff_weight"": -0.010955140537151952, ""gross_amount"": 0.011324998017560137, ""gross_amount_pct_nav"": 0.010955140537151952, ""fee"": 3.3974994052680405e-06, ""fee_pct_nav"": 3.2865421611455852e-06, ""name"": ""电能实业""}, {""ts_code"": ""00151.HK"", ""side"": ""sell"", ""current_weight"": 0.09611596501880092, ""target_weight"": 0.0, ""post_trade_weight"": 0.0, ""diff_weight"": -0.09611596501880092, ""gross_amount"": 0.09936094471835819, ""gross_amount_pct_nav"": 0.09611596501880092, ""fee"": 2.9808283415507453e-05, ""fee_pct_nav"": 2.8834789505640272e-05, ""name"": ""中国旺旺""}, {""ts_code"": ""00316.HK"", ""side"": ""buy"", ""current_weight"": 0.0, ""target_weight"": 0.0980432059324951, ""post_trade_weight"": 0.0980698246693325, ""diff_weight"": 0.0980432059324951, ""gross_amount"": 0.10135325138507134, ""gross_amount_pct_nav"": 0.0980432059324951, ""fee"": 3.04059754155214e-05, ""fee_pct_nav"": 2.9412961779748527e-05, ""name"": ""东方海外国际""}, {""ts_code"": ""00386.HK"", ""side"": ""sell"", ""current_weight"": 0.12175627398272237, ""target_weight"": 0.10443950071300445, ""post_trade_weight"": 0.10446785604429404, ""diff_weight"": -0.01731677326971793, ""gross_amount"": 0.017901406402320602, ""gross_amount_pct_nav"": 0.01731677326971793, ""fee"": 5.37042192069618e-06, ""fee_pct_nav"": 5.195031980915378e-06, ""name"": ""中国石油化工股份""}, {""ts_code"": ""00857.HK"", ""side"": ""buy"", ""current_weight"": 0.0, ""target_weight"": 0.11443371130755035, ""post_trade_weight"": 0.11446478006767148, ""diff_weight"": 0.11443371130755035, ""gross_amount"": 0.11829711807941559, ""gross_amount_pct_nav"": 0.11443371130755035, ""fee"": 3.548913542382467e-05, ""fee_pct_nav"": 3.43301133922651e-05, ""name"": ""中国石油股份""}, {""ts_code"": ""00883.HK"", ""side"": ""buy"", ""current_weight"": 0.0, ""target_weight"": 0.12043023766427788, ""post_trade_weight"": 0.12046293448169793, ""diff_weight"": 0.12043023766427788, ""gross_amount"": 0.12449609369929762, ""gross_amount_pct_nav"": 0.12043023766427788, ""fee"": 3.734882810978928e-05, ""fee_pct_nav"": 3.612907129928336e-05, ""name"": ""中国海洋石油""}, {""ts_code"": ""01038.HK"", ""side"": ""sell"", ""current_weight"": 0.11992744572577785, ""target_weight"": 0.0, ""post_trade_weight"": 0.0, ""diff_weight"": -0.11992744572577785, ""gross_amount"": 0.12397632695715062, ""gross_amount_pct_nav"": 0.11992744572577785, ""fee"": 3.7192898087145184e-05, ""fee_pct_nav"": 3.597823371773335e-05, ""name"": ""长江基建集团""}, {""ts_code"": ""01088.HK"", ""side"": ""buy"", ""current_weight"": 0.0, ""target_weight"": 0.11283463761242299, ""post_trade_weight"": 0.11286527222393106, ""diff_weight"": 0.11283463761242299, ""gross_amount"": 0.11664405791411368, ""gross_amount_pct_nav"": 0.11283463761242299, ""fee"": 3.49932173742341e-05, ""fee_pct_nav"": 3.385039128372689e-05, ""name"": ""中国神华""}, {""ts_code"": ""01171.HK"", ""side"": ""sell"", ""current_weight"": 0.11099266957713771, ""target_weight"": 0.0, ""post_trade_weight"": 0.0, ""diff_weight"": -0.11099266957713771, ""gross_amount"": 0.11473990303109126, ""gross_amount_pct_nav"": 0.11099266957713771, ""fee"": 3.442197090932738e-05, ""fee_pct_nav"": 3.329780087314131e-05, ""name"": ""兖矿能源""}]"
2022-06-06,0.35131189,0.70262378,0.36279267,0.37801191,0.00022224,0.00010884,0.00011340,0.00000000,rebalance,"[{""ts_code"": ""00005.HK"", ""side"": ""buy"", ""current_weight"": 0.0, ""target_weight"": 0.1102143935343522, ""post_trade_weight"": 0.11023763020833328, ""diff_weight"": 0.1102143935343522, ""gross_amount"": 0.11620347952783087, ""gross_amount_pct_nav"": 0.1102143935343522, ""fee"": 3.486104385834926e-05, ""fee_pct_nav"": 3.306431806030566e-05, ""name"": ""汇丰控股""}, {""ts_code"": ""00006.HK"", ""side"": ""buy"", ""current_weight"": 0.09676310910938098, ""target_weight"": 0.11317600871569757, ""post_trade_weight"": 0.11319986979166663, ""diff_weight"": 0.01641289960631659, ""gross_amount"": 0.01730478190945628, ""gross_amount_pct_nav"": 0.01641289960631659, ""fee"": 5.191434572836883e-06, ""fee_pct_nav"": 4.923869881894976e-06, ""name"": ""电能实业""}, {""ts_code"": ""00386.HK"", ""side"": ""sell"", ""current_weight"": 0.11263676598950567, ""target_weight"": 0.0, ""post_trade_weight"": 0.0, ""diff_weight"": -0.11263676598950567, ""gross_amount"": 0.11875748449010898, ""gross_amount_pct_nav"": 0.11263676598950567, ""fee"": 3.562724534703269e-05, ""fee_pct_nav"": 3.3791029796851695e-05, ""name"": ""中国石油化工股份""}, {""ts_code"": ""00857.HK"", ""side"": ""sell"", ""current_weight"": 0.11387475545655013, ""target_weight"": 0.0, ""post_trade_weight"": 0.0, ""diff_weight"": -0.11387475545655013, ""gross_amount"": 0.12006274670746657, ""gross_amount_pct_nav"": 0.11387475545655013, ""fee"": 3.6018824012239965e-05, ""fee_pct_nav"": 3.416242663696503e-05, ""name"": ""中国石油股份""}, {""ts_code"": ""00883.HK"", ""side"": ""sell"", ""current_weight"": 0.11847496515644394, ""target_weight"": 0.09794484492592145, ""post_trade_weight"": 0.09796549479166664, ""diff_weight"": -0.02053012023052249, ""gross_amount"": 0.021645733641566953, ""gross_amount_pct_nav"": 0.02053012023052249, ""fee"": 6.493720092470085e-06, ""fee_pct_nav"": 6.159036069156747e-06, ""name"": ""中国海洋石油""}, {""ts_code"": ""01038.HK"", ""side"": ""buy"", ""current_weight"": 0.0, ""target_weight"": 0.10767586623605618, ""post_trade_weight"": 0.10769856770833329, ""diff_weight"": 0.10767586623605618, ""gross_amount"": 0.11352700783045282, ""gross_amount_pct_nav"": 0.10767586623605618, ""fee"": 3.4058102349135845e-05, ""fee_pct_nav"": 3.230275987081685e-05, ""name"": ""长江基建集团""}, {""ts_code"": ""01088.HK"", ""side"": ""sell"", ""current_weight"": 0.11148766877560205, ""target_weight"": 0.0, ""post_trade_weight"": 0.0, ""diff_weight"": -0.11148766877560205, ""gross_amount"": 0.11754594495984139, ""gross_amount_pct_nav"": 0.11148766877560205, ""fee"": 3.526378348795241e-05, ""fee_pct_nav"": 3.3446300632680606e-05, ""name"": ""中国神华""}, {""ts_code"": ""01113.HK"", ""side"": ""buy"", ""current_weight"": 0.0, ""target_weight"": 0.10979130565130288, ""post_trade_weight"": 0.10981445312499996, ""diff_weight"": 0.10979130565130288, ""gross_amount"": 0.11575740091160121, ""gross_amount_pct_nav"": 0.10979130565130288, ""fee"": 3.472722027348036e-05, ""fee_pct_nav"": 3.293739169539086e-05, ""name"": ""长实集团""}]"
2022-06-13,0.53019267,1.06038533,0.55592942,0.54173194,0.00032930,0.00016678,0.00016252,0.00000000,rebalance,"[{""ts_code"": ""00005.HK"", ""side"": ""sell"", ""current_weight"": 0.10383359859553194, ""target_weight"": 0.0, ""post_trade_weight"": 0.0, ""diff_weight"": -0.10383359859553194, ""gross_amount"": 0.10748369048287897, ""gross_amount_pct_nav"": 0.10383359859553194, ""fee"": 3.224510714486369e-05, ""fee_pct_nav"": 3.115007957865958e-05, ""name"": ""汇丰控股""}, {""ts_code"": ""00006.HK"", ""side"": ""sell"", ""current_weight"": 0.11350305952830633, ""target_weight"": 0.0, ""post_trade_weight"": 0.0, ""diff_weight"": -0.11350305952830633, ""gross_amount"": 0.11749306471330591, ""gross_amount_pct_nav"": 0.11350305952830633, ""fee"": 3.524791941399177e-05, ""fee_pct_nav"": 3.4050917858491896e-05, ""name"": ""电能实业""}, {""ts_code"": ""00316.HK"", ""side"": ""sell"", ""current_weight"": 0.08975610909232853, ""target_weight"": 0.0, ""post_trade_weight"": 0.0, ""diff_weight"": -0.08975610909232853, ""gross_amount"": 0.09291133100574722, ""gross_amount_pct_nav"": 0.08975610909232853, ""fee"": 2.7873399301724165e-05, ""fee_pct_nav"": 2.6926832727698557e-05, ""name"": ""东方海外国际""}, {""ts_code"": ""00386.HK"", ""side"": ""buy"", ""current_weight"": 0.0, ""target_weight"": 0.09962358371952756, ""post_trade_weight"": 0.09965528562048565, ""diff_weight"": 0.09962358371952756, ""gross_amount"": 0.10312567976205779, ""gross_amount_pct_nav"": 0.09962358371952756, ""fee"": 3.093770392861733e-05, ""fee_pct_nav"": 2.9887075115858266e-05, ""name"": ""中国石油化工股份""}, {""ts_code"": ""00883.HK"", ""side"": ""buy"", ""current_weight"": 0.11274288815132698, ""target_weight"": 0.12564944499101013, ""post_trade_weight"": 0.12568942875902794, ""diff_weight"": 0.012906556839683154, ""gross_amount"": 0.013360264686192655, ""gross_amount_pct_nav"": 0.012906556839683154, ""fee"": 4.008079405857796e-06, ""fee_pct_nav"": 3.871967051904946e-06, ""name"": ""中国海洋石油""}, {""ts_code"": ""01038.HK"", ""side"": ""sell"", ""current_weight"": 0.10766434653294568, ""target_weight"": 0.0, ""post_trade_weight"": 0.0, ""diff_weight"": -0.10766434653294568, ""gross_amount"": 0.11144910178704447, ""gross_amount_pct_nav"": 0.10766434653294568, ""fee"": 3.343473053611334e-05, ""fee_pct_nav"": 3.22993039598837e-05, ""name"": ""长江基建集团""}, {""ts_code"": ""01088.HK"", ""side"": ""buy"", ""current_weight"": 0.0, ""target_weight"": 0.10772999952539919, ""post_trade_weight"": 0.1077642810242939, ""diff_weight"": 0.10772999952539919, ""gross_amount"": 0.11151706269772844, ""gross_amount_pct_nav"": 0.10772999952539919, ""fee"": 3.345511880931853e-05, ""fee_pct_nav"": 3.231899985761975e-05, ""name"": ""中国神华""}, {""ts_code"": ""01113.HK"", ""side"": ""sell"", ""current_weight"": 0.10857788219798808, ""target_weight"": 0.0, ""post_trade_weight"": 0.0, ""diff_weight"": -0.10857788219798808, ""gross_amount"": 0.11239475122994756, ""gross_amount_pct_nav"": 0.10857788219798808, ""fee"": 3.371842536898426e-05, ""fee_pct_nav"": 3.257336465939642e-05, ""name"": ""长实集团""}, {""ts_code"": ""01211.HK"", ""side"": ""buy"", ""current_weight"": 0.0, ""target_weight"": 0.10687669259846534, ""post_trade_weight"": 0.10691070256073515, ""diff_weight"": 0.10687669259846534, ""gross_amount"": 0.11063375923081575, ""gross_amount_pct_nav"": 0.10687669259846534, ""fee"": 3.319012776924472e-05, ""fee_pct_nav"": 3.2063007779539594e-05, ""name"": ""比亚迪股份""}, {""ts_code"": ""03800.HK"", ""side"": ""buy"", ""current_weight"": 0.0, ""target_weight"": 0.10730334606193224, ""post_trade_weight"": 0.1073374917925145, ""diff_weight"": 0.10730334606193224, ""gross_amount"": 0.11107541096427208, ""gross_amount_pct_nav"": 0.10730334606193224, ""fee"": 3.332262328928162e-05, ""fee_pct_nav"": 3.219100381857967e-05, ""name"": ""协鑫科技""}, {""ts_code"": ""06818.HK"", ""side"": ""buy"", ""current_weight"": 0.0, ""target_weight"": 0.10261015796379604, ""post_trade_weight"": 0.1026428102429413, ""diff_weight"": 0.10261015796379604, ""gross_amount"": 0.10621724189625222, ""gross_amount_pct_nav"": 0.10261015796379604, ""fee"": 3.186517256887566e-05, ""fee_pct_nav"": 3.07830473891388e-05, ""name"": ""中国光大银行""}]"
2022-06-20,0.32855046,0.65710093,0.33494057,0.32219369,0.00019714,0.00010048,0.00009666,0.00000000,rebalance,"[{""ts_code"": ""00316.HK"", ""side"": ""buy"", ""current_weight"": 0.0, ""target_weight"": 0.09992161309490652, ""post_trade_weight"": 0.09994131455399054, ""diff_weight"": 0.09992161309490652, ""gross_amount"": 0.09992668156259572, ""gross_amount_pct_nav"": 0.09992161309490652, ""fee"": 2.9978004468778713e-05, ""fee_pct_nav"": 2.997648392847195e-05, ""name"": ""东方海外国际""}, {""ts_code"": ""00386.HK"", ""side"": ""buy"", ""current_weight"": 0.09843315589724838, ""target_weight"": 0.10958324489543185, ""post_trade_weight"": 0.10960485133020338, ""diff_weight"": 0.011150088998183467, ""gross_amount"": 0.011150654580183883, ""gross_amount_pct_nav"": 0.011150088998183467, ""fee"": 3.3451963740551647e-06, ""fee_pct_nav"": 3.3450266994550398e-06, ""name"": ""中国石油化工股份""}, {""ts_code"": ""00728.HK"", ""side"": ""buy"", ""current_weight"": 0.0, ""target_weight"": 0.09941310615803678, ""post_trade_weight"": 0.09943270735524251, ""diff_weight"": 0.09941310615803678, ""gross_amount"": 0.09941814883199729, ""gross_amount_pct_nav"": 0.09941310615803678, ""fee"": 2.9825444649599184e-05, ""fee_pct_nav"": 2.982393184741103e-05, ""name"": ""中国电信""}, {""ts_code"": ""01088.HK"", ""side"": ""buy"", ""current_weight"": 0.10032129517344303, ""target_weight"": 0.1141598073272596, ""post_trade_weight"": 0.11418231611893574, ""diff_weight"": 0.013838512153816575, ""gross_amount"": 0.01383921410457123, ""gross_amount_pct_nav"": 0.013838512153816575, ""fee"": 4.151764231371368e-06, ""fee_pct_nav"": 4.151553646144971e-06, ""name"": ""中国神华""}, {""ts_code"": ""01211.HK"", ""side"": ""sell"", ""current_weight"": 0.10811320600392438, ""target_weight"": 0.0, ""post_trade_weight"": 0.0, ""diff_weight"": -0.10811320600392438, ""gross_amount"": 0.10811868998556193, ""gross_amount_pct_nav"": 0.10811320600392438, ""fee"": 3.2435606995668576e-05, ""fee_pct_nav"": 3.243396180117731e-05, ""name"": ""比亚迪股份""}, {""ts_code"": ""01339.HK"", ""side"": ""buy"", ""current_weight"": 0.0, ""target_weight"": 0.1106002587691713, ""post_trade_weight"": 0.11062206572769942, ""diff_weight"": 0.1106002587691713, ""gross_amount"": 0.11060586890516318, ""gross_amount_pct_nav"": 0.1106002587691713, ""fee"": 3.318176067154895e-05, ""fee_pct_nav"": 3.3180077630751387e-05, ""name"": ""中国人民保险集团""}, {""ts_code"": ""03800.HK"", ""side"": ""sell"", ""current_weight"": 0.10933431174641496, ""target_weight"": 0.0, ""post_trade_weight"": 0.0, ""diff_weight"": -0.10933431174641496, ""gross_amount"": 0.1093398576679553, ""gross_amount_pct_nav"": 0.10933431174641496, ""fee"": 3.2801957300386585e-05, ""fee_pct_nav"": 3.2800293523924483e-05, ""name"": ""协鑫科技""}, {""ts_code"": ""06818.HK"", ""side"": ""sell"", ""current_weight"": 0.10472982848482341, ""target_weight"": 0.0, ""post_trade_weight"": 0.0, ""diff_weight"": -0.10472982848482341, ""gross_amount"": 0.10473514084653707, ""gross_amount_pct_nav"": 0.10472982848482341, ""fee"": 3.1420542253961115e-05, ""fee_pct_nav"": 3.141894854544702e-05, ""name"": ""中国光大银行""}]"
2022-06-27,0.54153978,1.08307956,0.67031437,0.42223976,0.00032777,0.00020109,0.00012667,0.00000000,rebalance,"[{""ts_code"": ""00316.HK"", ""side"": ""sell"", ""current_weight"": 0.0946400972185128, ""target_weight"": 0.0, ""post_trade_weight"": 0.0, ""diff_weight"": -0.0946400972185128, ""gross_amount"": 0.09546799065864704, ""gross_amount_pct_nav"": 0.0946400972185128, ""fee"": 2.864039719759411e-05, ""fee_pct_nav"": 2.8392029165553838e-05, ""name"": ""东方海外国际""}, {""ts_code"": ""00386.HK"", ""side"": ""sell"", ""current_weight"": 0.1097470107149841, ""target_weight"": 0.0, ""post_trade_weight"": 0.0, ""diff_weight"": -0.1097470107149841, ""gross_amount"": 0.11070705654033333, ""gross_amount_pct_nav"": 0.1097470107149841, ""fee"": 3.32121169621e-05, ""fee_pct_nav"": 3.292410321449523e-05, ""name"": ""中国石油化工股份""}, {""ts_code"": ""00728.HK"", ""side"": ""sell"", ""current_weight"": 0.09771364085315531, ""target_weight"": 0.0, ""post_trade_weight"": 0.0, ""diff_weight"": -0.09771364085315531, ""gross_amount"": 0.09856842106420244, ""gross_amount_pct_nav"": 0.09771364085315531, ""fee"": 2.957052631926073e-05, ""fee_pct_nav"": 2.9314092255946593e-05, ""name"": ""中国电信""}, {""ts_code"": ""00883.HK"", ""side"": ""buy"", ""current_weight"": 0.11575001912448671, ""target_weight"": 0.14372703484233934, ""post_trade_weight"": 0.1437737503653893, ""diff_weight"": 0.027977015717852625, ""gross_amount"": 0.028221753291757107, ""gross_amount_pct_nav"": 0.027977015717852625, ""fee"": 8.466525987527132e-06, ""fee_pct_nav"": 8.393104715355787e-06, ""name"": ""中国海洋石油""}, {""ts_code"": ""01088.HK"", ""side"": ""buy"", ""current_weight"": 0.11945611261631389, ""target_weight"": 0.1489869446261395, ""post_trade_weight"": 0.14903536977491866, ""diff_weight"": 0.02953083200982562, ""gross_amount"": 0.02978916207098556, ""gross_amount_pct_nav"": 0.02953083200982562, ""fee"": 8.936748621295667e-06, ""fee_pct_nav"": 8.859249602947685e-06, ""name"": ""中国神华""}, {""ts_code"": ""01109.HK"", ""side"": ""buy"", ""current_weight"": 0.0, ""target_weight"": 0.14109707995043924, ""post_trade_weight"": 0.1411429406606246, ""diff_weight"": 0.14109707995043924, ""gross_amount"": 0.14233137017568445, ""gross_amount_pct_nav"": 0.14109707995043924, ""fee"": 4.2699411052705334e-05, ""fee_pct_nav"": 4.232912398513177e-05, ""name"": ""华润置地""}, {""ts_code"": ""01113.HK"", ""side"": ""buy"", ""current_weight"": 0.0, ""target_weight"": 0.1726565386532402, ""post_trade_weight"": 0.17271265711780068, ""diff_weight"": 0.1726565386532402, ""gross_amount"": 0.1741669049773287, ""gross_amount_pct_nav"": 0.1726565386532402, ""fee"": 5.2250071493198605e-05, ""fee_pct_nav"": 5.1796961595972055e-05, ""name"": ""长实集团""}, {""ts_code"": ""01339.HK"", ""side"": ""sell"", ""current_weight"": 0.11647737360926043, ""target_weight"": 0.0, ""post_trade_weight"": 0.0, ""diff_weight"": -0.11647737360926043, ""gross_amount"": 0.11749629535986393, ""gross_amount_pct_nav"": 0.11647737360926043, ""fee"": 3.524888860795917e-05, ""fee_pct_nav"": 3.4943212082778125e-05, ""name"": ""中国人民保险集团""}, {""ts_code"": ""03800.HK"", ""side"": ""buy"", ""current_weight"": 0.0, ""target_weight"": 0.15582482734507971, ""post_trade_weight"": 0.15587547500730678, ""diff_weight"": 0.15582482734507971, ""gross_amount"": 0.15718795308311845, ""gross_amount_pct_nav"": 0.15582482734507971, ""fee"": 4.715638592493553e-05, ""fee_pct_nav"": 4.674744820352391e-05, ""name"": ""协鑫科技""}, {""ts_code"": ""03900.HK"", ""side"": ""buy"", ""current_weight"": 0.0, ""target_weight"": 0.13741514310177916, ""post_trade_weight"": 0.1374598070739541, ""diff_weight"": 0.13741514310177916, ""gross_amount"": 0.138617224448826, ""gross_amount_pct_nav"": 0.13741514310177916, ""fee"": 4.1585167334647795e-05, ""fee_pct_nav"": 4.1224542930533746e-05, ""name"": ""绿城中国""}]"
2022-07-04,0.90173141,1.80346283,0.94438810,0.94904614,0.00056803,0.00028332,0.00028471,0.00000000,rebalance,"[{""ts_code"": ""00293.HK"", ""side"": ""buy"", ""current_weight"": 0.0, ""target_weight"": 0.1338728428823385, ""post_trade_weight"": 0.13394531249999858, ""diff_weight"": 0.1338728428823385, ""gross_amount"": 0.14055151065704696, ""gross_amount_pct_nav"": 0.1338728428823385, ""fee"": 4.216545319711409e-05, ""fee_pct_nav"": 4.016185286470155e-05, ""name"": ""国泰航空""}, {""ts_code"": ""00688.HK"", ""side"": ""buy"", ""current_weight"": 0.0, ""target_weight"": 0.15776615867236216, ""post_trade_weight"": 0.15785156249999832, ""diff_weight"": 0.15776615867236216, ""gross_amount"": 0.16563681964570626, ""gross_amount_pct_nav"": 0.15776615867236216, ""fee"": 4.9691045893711875e-05, ""fee_pct_nav"": 4.732984760170864e-05, ""name"": ""中国海外发展""}, {""ts_code"": ""00883.HK"", ""side"": ""sell"", ""current_weight"": 0.14027106956107452, ""target_weight"": 0.0, ""post_trade_weight"": 0.0, ""diff_weight"": -0.14027106956107452, ""gross_amount"": 0.14726893299499605, ""gross_amount_pct_nav"": 0.14027106956107452, ""fee"": 4.418067989849881e-05, ""fee_pct_nav"": 4.208132086832235e-05, ""name"": ""中国海洋石油""}, {""ts_code"": ""00939.HK"", ""side"": ""buy"", ""current_weight"": 0.0, ""target_weight"": 0.15565792492618363, ""post_trade_weight"": 0.15574218749999838, ""diff_weight"": 0.15565792492618363, ""gross_amount"": 0.16342341002905988, ""gross_amount_pct_nav"": 0.15565792492618363, ""fee"": 4.902702300871796e-05, ""fee_pct_nav"": 4.669737747785508e-05, ""name"": ""建设银行""}, {""ts_code"": ""00998.HK"", ""side"": ""buy"", ""current_weight"": 0.0, ""target_weight"": 0.1268453970617433, ""post_trade_weight"": 0.12691406249999868, ""diff_weight"": 0.1268453970617433, ""gross_amount"": 0.13317347860155895, ""gross_amount_pct_nav"": 0.1268453970617433, ""fee"": 3.9952043580467685e-05, ""fee_pct_nav"": 3.805361911852299e-05, ""name"": ""中信银行""}, {""ts_code"": ""01088.HK"", ""side"": ""sell"", ""current_weight"": 0.16030187662019274, ""target_weight"": 0.0, ""post_trade_weight"": 0.0, ""diff_weight"": -0.16030187662019274, ""gross_amount"": 0.16829903985776984, ""gross_amount_pct_nav"": 0.16030187662019274, ""fee"": 5.0489711957330944e-05, ""fee_pct_nav"": 4.809056298605781e-05, ""name"": ""中国神华""}, {""ts_code"": ""01109.HK"", ""side"": ""sell"", ""current_weight"": 0.13860417916659284, ""target_weight"": 0.0, ""post_trade_weight"": 0.0, ""diff_weight"": -0.13860417916659284, ""gross_amount"": 0.14551888453109635, ""gross_amount_pct_nav"": 0.13860417916659284, ""fee"": 4.36556653593289e-05, ""fee_pct_nav"": 4.1581253749977845e-05, ""name"": ""华润置地""}, {""ts_code"": ""01113.HK"", ""side"": ""sell"", ""current_weight"": 0.16695261684027105, ""target_weight"": 0.0, ""post_trade_weight"": 0.0, ""diff_weight"": -0.16695261684027105, ""gross_amount"": 0.1752815731691836, ""gross_amount_pct_nav"": 0.16695261684027105, ""fee"": 5.258447195075508e-05, ""fee_pct_nav"": 5.008578505208131e-05, ""name"": ""长实集团""}, {""ts_code"": ""01658.HK"", ""side"": ""buy"", ""current_weight"": 0.0, ""target_weight"": 0.15846890325442173, ""post_trade_weight"": 0.15855468749999838, ""diff_weight"": 0.15846890325442173, ""gross_amount"": 0.16637462285125512, ""gross_amount_pct_nav"": 0.15846890325442173, ""fee"": 4.9912386855376535e-05, ""fee_pct_nav"": 4.754067097632652e-05, ""name"": ""邮储银行""}, {""ts_code"": ""03328.HK"", ""side"": ""buy"", ""current_weight"": 0.0, ""target_weight"": 0.16690183823913596, ""post_trade_weight"": 0.16699218749999828, ""diff_weight"": 0.16690183823913596, ""gross_amount"": 0.17522826131784075, ""gross_amount_pct_nav"": 0.16690183823913596, ""fee"": 5.256847839535222e-05, ""fee_pct_nav"": 5.0070551471740784e-05, ""name"": ""交通银行""}, {""ts_code"": ""03800.HK"", ""side"": ""sell"", ""current_weight"": 0.15386609593212136, ""target_weight"": 0.0, ""post_trade_weight"": 0.0, ""diff_weight"": -0.15386609593212136, ""gross_amount"": 0.1615421900106287, ""gross_amount_pct_nav"": 0.15386609593212136, ""fee"": 4.8462657003188606e-05, ""fee_pct_nav"": 4.615982877963641e-05, ""name"": ""协鑫科技""}, {""ts_code"": ""03900.HK"", ""side"": ""sell"", ""current_weight"": 0.14395392575186894, ""target_weight"": 0.0, ""post_trade_weight"": 0.0, ""diff_weight"": -0.14395392575186894, ""gross_amount"": 0.15113552004883013, ""gross_amount_pct_nav"": 0.14395392575186894, ""fee"": 4.534065601464903e-05, ""fee_pct_nav"": 4.318617772556068e-05, ""name"": ""绿城中国""}]"
2022-07-11,0.73318775,1.46637550,0.75746852,0.75117118,0.00045259,0.00022724,0.00022535,0.00000000,rebalance,"[{""ts_code"": ""00267.HK"", ""side"": ""buy"", ""current_weight"": 0.0, ""target_weight"": 0.14806514721664504, ""post_trade_weight"": 0.1481303116147302, ""diff_weight"": 0.14806514721664504, ""gross_amount"": 0.15233271347681523, ""gross_amount_pct_nav"": 0.14806514721664504, ""fee"": 4.5699814043044565e-05, ""fee_pct_nav"": 4.4419544164993505e-05, ""name"": ""中信股份""}, {""ts_code"": ""00293.HK"", ""side"": ""sell"", ""current_weight"": 0.13360413671429675, ""target_weight"": 0.0, ""post_trade_weight"": 0.0, ""diff_weight"": -0.13360413671429675, ""gross_amount"": 0.13745490454709977, ""gross_amount_pct_nav"": 0.13360413671429675, ""fee"": 4.123647136412993e-05, ""fee_pct_nav"": 4.008124101428902e-05, ""name"": ""国泰航空""}, {""ts_code"": ""00688.HK"", ""side"": ""sell"", ""current_weight"": 0.15520377468879226, ""target_weight"": 0.0, ""post_trade_weight"": 0.0, ""diff_weight"": -0.15520377468879226, ""gross_amount"": 0.1596770920410779, ""gross_amount_pct_nav"": 0.15520377468879226, ""fee"": 4.790312761232337e-05, ""fee_pct_nav"": 4.656113240663767e-05, ""name"": ""中国海外发展""}, {""ts_code"": ""00939.HK"", ""side"": ""sell"", ""current_weight"": 0.15705634380542624, ""target_weight"": 0.0, ""post_trade_weight"": 0.0, ""diff_weight"": -0.15705634380542624, ""gross_amount"": 0.16158305631251638, ""gross_amount_pct_nav"": 0.15705634380542624, ""fee"": 4.847491689375491e-05, ""fee_pct_nav"": 4.711690314162787e-05, ""name"": ""建设银行""}, {""ts_code"": ""00998.HK"", ""side"": ""sell"", ""current_weight"": 0.12724124826185815, ""target_weight"": 0.0, ""post_trade_weight"": 0.0, ""diff_weight"": -0.12724124826185815, ""gross_amount"": 0.13090862352330118, ""gross_amount_pct_nav"": 0.12724124826185815, ""fee"": 3.9272587056990354e-05, ""fee_pct_nav"": 3.817237447855744e-05, ""name"": ""中信银行""}, {""ts_code"": ""01088.HK"", ""side"": ""buy"", ""current_weight"": 0.0, ""target_weight"": 0.12512906589220776, ""post_trade_weight"": 0.12518413597733652, ""diff_weight"": 0.12512906589220776, ""gross_amount"": 0.1287355633685306, ""gross_amount_pct_nav"": 0.12512906589220776, ""fee"": 3.862066901055918e-05, ""fee_pct_nav"": 3.753871976766233e-05, ""name"": ""中国神华""}, {""ts_code"": ""01109.HK"", ""side"": ""buy"", ""current_weight"": 0.0, ""target_weight"": 0.13634226120637707, ""post_trade_weight"": 0.1364022662889512, ""diff_weight"": 0.13634226120637707, ""gross_amount"": 0.14027194786591418, ""gross_amount_pct_nav"": 0.13634226120637707, ""fee"": 4.208158435977425e-05, ""fee_pct_nav"": 4.090267836191312e-05, ""name"": ""华润置地""}, {""ts_code"": ""01288.HK"", ""side"": ""buy"", ""current_weight"": 0.0, ""target_weight"": 0.16437524949180043, ""post_trade_weight"": 0.16444759206798792, ""diff_weight"": 0.16437524949180043, ""gross_amount"": 0.1691129091093732, ""gross_amount_pct_nav"": 0.16437524949180043, ""fee"": 5.073387273281196e-05, ""fee_pct_nav"": 4.9312574847540125e-05, ""name"": ""农业银行""}, {""ts_code"": ""01658.HK"", ""side"": ""sell"", ""current_weight"": 0.15702178955715904, ""target_weight"": 0.0, ""post_trade_weight"": 0.0, ""diff_weight"": -0.15702178955715904, ""gross_amount"": 0.1615475061341007, ""gross_amount_pct_nav"": 0.15702178955715904, ""fee"": 4.846425184023021e-05, ""fee_pct_nav"": 4.7106536867147715e-05, ""name"": ""邮储银行""}, {""ts_code"": ""03988.HK"", ""side"": ""buy"", ""current_weight"": 0.0, ""target_weight"": 0.16233648670740597, ""post_trade_weight"": 0.16240793201133066, ""diff_weight"": 0.16233648670740597, ""gross_amount"": 0.1670153846553034, ""gross_amount_pct_nav"": 0.16233648670740597, ""fee"": 5.010461539659102e-05, ""fee_pct_nav"": 4.870094601222178e-05, ""name"": ""中国银行""}]"
2022-07-18,0.66428391,1.32856782,0.54508289,0.80205585,0.00040414,0.00016352,0.00024062,0.00000000,rebalance,"[{""ts_code"": ""00267.HK"", ""side"": ""sell"", ""current_weight"": 0.15385023924135544, ""target_weight"": 0.0, ""post_trade_weight"": 0.0, ""diff_weight"": -0.15385023924135544, ""gross_amount"": 0.1560007816483533, ""gross_amount_pct_nav"": 0.15385023924135544, ""fee"": 4.6800234494505986e-05, ""fee_pct_nav"": 4.615507177240663e-05, ""name"": ""中信股份""}, {""ts_code"": ""01088.HK"", ""side"": ""sell"", ""current_weight"": 0.13242677545605827, ""target_weight"": 0.11217225477103775, ""post_trade_weight"": 0.11221698113207539, ""diff_weight"": -0.02025452068502053, ""gross_amount"": 0.0205376415035603, ""gross_amount_pct_nav"": 0.02025452068502053, ""fee"": 6.161292451068089e-06, ""fee_pct_nav"": 6.076356205506158e-06, ""name"": ""中国神华""}, {""ts_code"": ""01109.HK"", ""side"": ""sell"", ""current_weight"": 0.13220123348724022, ""target_weight"": 0.0, ""post_trade_weight"": 0.0, ""diff_weight"": -0.13220123348724022, ""gross_amount"": 0.1340491627480178, ""gross_amount_pct_nav"": 0.13220123348724022, ""fee"": 4.021474882440534e-05, ""fee_pct_nav"": 3.966037004617206e-05, ""name"": ""华润置地""}, {""ts_code"": ""01113.HK"", ""side"": ""buy"", ""current_weight"": 0.0, ""target_weight"": 0.09868706567288017, ""post_trade_weight"": 0.09872641509433953, ""diff_weight"": 0.09868706567288017, ""gross_amount"": 0.10006652871953017, ""gross_amount_pct_nav"": 0.09868706567288017, ""fee"": 3.001995861585905e-05, ""fee_pct_nav"": 2.9606119701864053e-05, ""name"": ""长实集团""}, {""ts_code"": ""01171.HK"", ""side"": ""buy"", ""current_weight"": 0.0, ""target_weight"": 0.1219796650242432, ""post_trade_weight"": 0.12202830188679235, ""diff_weight"": 0.1219796650242432, ""gross_amount"": 0.12368471562227644, ""gross_amount_pct_nav"": 0.1219796650242432, ""fee"": 3.7105414686682926e-05, ""fee_pct_nav"": 3.659389950727296e-05, ""name"": ""兖矿能源""}, {""ts_code"": ""01288.HK"", ""side"": ""sell"", ""current_weight"": 0.15946662710960163, ""target_weight"": 0.0, ""post_trade_weight"": 0.0, ""diff_weight"": -0.15946662710960163, ""gross_amount"": 0.16169567625369896, ""gross_amount_pct_nav"": 0.15946662710960163, ""fee"": 4.850870287610968e-05, ""fee_pct_nav"": 4.7839988132880486e-05, ""name"": ""农业银行""}, {""ts_code"": ""01585.HK"", ""side"": ""buy"", ""current_weight"": 0.0, ""target_weight"": 0.11401114419351374, ""post_trade_weight"": 0.1140566037735848, ""diff_weight"": 0.11401114419351374, ""gross_amount"": 0.11560480957660008, ""gross_amount_pct_nav"": 0.11401114419351374, ""fee"": 3.468144287298002e-05, ""fee_pct_nav"": 3.420334325805412e-05, ""name"": ""雅迪控股""}, {""ts_code"": ""02016.HK"", ""side"": ""buy"", ""current_weight"": 0.0, ""target_weight"": 0.10604262336278432, ""post_trade_weight"": 0.10608490566037729, ""diff_weight"": 0.10604262336278432, ""gross_amount"": 0.10752490353092375, ""gross_amount_pct_nav"": 0.10604262336278432, ""fee"": 3.225747105927712e-05, ""fee_pct_nav"": 3.181278700883529e-05, ""name"": ""浙商银行""}, {""ts_code"": ""03328.HK"", ""side"": ""sell"", ""current_weight"": 0.16456384498958956, ""target_weight"": 0.0, ""post_trade_weight"": 0.0, ""diff_weight"": -0.16456384498958956, ""gross_amount"": 0.16686414383250228, ""gross_amount_pct_nav"": 0.16456384498958956, ""fee"": 5.005924314975068e-05, ""fee_pct_nav"": 4.9369153496876865e-05, ""name"": ""交通银行""}, {""ts_code"": ""03800.HK"", ""side"": ""buy"", ""current_weight"": 0.0, ""target_weight"": 0.09684817625040418, ""post_trade_weight"": 0.09688679245283012, ""diff_weight"": 0.09684817625040418, ""gross_amount"": 0.09820193501668181, ""gross_amount_pct_nav"": 0.09684817625040418, ""fee"": 2.9460580505004542e-05, ""fee_pct_nav"": 2.905445287512125e-05, ""name"": ""协鑫科技""}, {""ts_code"": ""03988.HK"", ""side"": ""sell"", ""current_weight"": 0.16066268119422983, ""target_weight"": 0.0, ""post_trade_weight"": 0.0, ""diff_weight"": -0.16066268119422983, ""gross_amount"": 0.1629084489670582, ""gross_amount_pct_nav"": 0.16066268119422983, ""fee"": 4.8872534690117454e-05, ""fee_pct_nav"": 4.819880435826895e-05, ""name"": ""中国银行""}]"
2022-07-25,0.56073702,1.12147404,0.68474530,0.42966547,0.00033432,0.00020542,0.00012890,0.00000000,rebalance,"[{""ts_code"": ""00006.HK"", ""side"": ""buy"", ""current_weight"": 0.0, ""target_weight"": 0.16483892789672475, ""post_trade_weight"": 0.16489440533530833, ""diff_weight"": 0.16483892789672475, ""gross_amount"": 0.16380073860467562, ""gross_amount_pct_nav"": 0.16483892789672475, ""fee"": 4.914022158140268e-05, ""fee_pct_nav"": 4.9451678369017424e-05, ""name"": ""电能实业""}, {""ts_code"": ""00008.HK"", ""side"": ""buy"", ""current_weight"": 0.0, ""target_weight"": 0.14150480261306297, ""post_trade_weight"": 0.14155242682474897, ""diff_weight"": 0.14150480261306297, ""gross_amount"": 0.14061357641594496, ""gross_amount_pct_nav"": 0.14150480261306297, ""fee"": 4.218407292478348e-05, ""fee_pct_nav"": 4.2451440783918883e-05, ""name"": ""电讯盈科""}, {""ts_code"": ""00316.HK"", ""side"": ""buy"", ""current_weight"": 0.0, ""target_weight"": 0.16550561719054366, ""post_trade_weight"": 0.16556131900703858, ""diff_weight"": 0.16550561719054366, ""gross_amount"": 0.16446322895292506, ""gross_amount_pct_nav"": 0.16550561719054366, ""fee"": 4.933896868587751e-05, ""fee_pct_nav"": 4.965168515716309e-05, ""name"": ""东方海外国际""}, {""ts_code"": ""01088.HK"", ""side"": ""buy"", ""current_weight"": 0.11045437833663306, ""target_weight"": 0.14750500625743315, ""post_trade_weight"": 0.14755464987032138, ""diff_weight"": 0.03705062792080009, ""gross_amount"": 0.036817275486021026, ""gross_amount_pct_nav"": 0.03705062792080009, ""fee"": 1.1045182645806306e-05, ""fee_pct_nav"": 1.1115188376240025e-05, ""name"": ""中国神华""}, {""ts_code"": ""01113.HK"", ""side"": ""buy"", ""current_weight"": 0.10015752184755741, ""target_weight"": 0.14217149190688189, ""post_trade_weight"": 0.14221934049647925, ""diff_weight"": 0.04201397005932447, ""gross_amount"": 0.04174935748031405, ""gross_amount_pct_nav"": 0.04201397005932447, ""fee"": 1.2524807244094214e-05, ""fee_pct_nav"": 1.2604191017797337e-05, ""name"": ""长实集团""}, {""ts_code"": ""01171.HK"", ""side"": ""sell"", ""current_weight"": 0.12178734727800637, ""target_weight"": 0.0, ""post_trade_weight"": 0.0, ""diff_weight"": -0.12178734727800637, ""gross_amount"": 0.12102030564855394, ""gross_amount_pct_nav"": 0.12178734727800637, ""fee"": 3.630609169456618e-05, ""fee_pct_nav"": 3.653620418340191e-05, ""name"": ""兖矿能源""}, {""ts_code"": ""01585.HK"", ""side"": ""sell"", ""current_weight"": 0.11421973233387617, ""target_weight"": 0.0, ""post_trade_weight"": 0.0, ""diff_weight"": -0.11421973233387617, ""gross_amount"": 0.11350035309158917, ""gross_amount_pct_nav"": 0.11421973233387617, ""fee"": 3.4050105927476745e-05, ""fee_pct_nav"": 3.426591970016285e-05, ""name"": ""雅迪控股""}, {""ts_code"": ""02016.HK"", ""side"": ""sell"", ""current_weight"": 0.1057471730539563, ""target_weight"": 0.0, ""post_trade_weight"": 0.0, ""diff_weight"": -0.1057471730539563, ""gross_amount"": 0.10508115572340276, ""gross_amount_pct_nav"": 0.1057471730539563, ""fee"": 3.152434671702083e-05, ""fee_pct_nav"": 3.172415191618689e-05, ""name"": ""浙商银行""}, {""ts_code"": ""02255.HK"", ""side"": ""buy"", ""current_weight"": 0.0, ""target_weight"": 0.13817135614396844, ""post_trade_weight"": 0.13821785846609766, ""diff_weight"": 0.13817135614396844, ""gross_amount"": 0.13730112467469774, ""gross_amount_pct_nav"": 0.13817135614396844, ""fee"": 4.119033740240932e-05, ""fee_pct_nav"": 4.145140684319053e-05, ""name"": ""海昌海洋公园""}, {""ts_code"": ""03800.HK"", ""side"": ""sell"", ""current_weight"": 0.09063448765525225, ""target_weight"": 0.0, ""post_trade_weight"": 0.0, ""diff_weight"": -0.09063448765525225, ""gross_amount"": 0.09006365310922199, ""gross_amount_pct_nav"": 0.09063448765525225, ""fee"": 2.7019095932766593e-05, ""fee_pct_nav"": 2.7190346296575673e-05, ""name"": ""协鑫科技""}]"
2022-08-01,0.41479300,0.82958601,0.41546337,0.41515850,0.00024919,0.00012464,0.00012455,0.00000000,rebalance,"[{""ts_code"": ""00008.HK"", ""side"": ""sell"", ""current_weight"": 0.13802380700963607, ""target_weight"": 0.0, ""post_trade_weight"": 0.0, ""diff_weight"": -0.13802380700963607, ""gross_amount"": 0.1381961510334359, ""gross_amount_pct_nav"": 0.13802380700963607, ""fee"": 4.145884531003077e-05, ""fee_pct_nav"": 4.140714210289082e-05, ""name"": ""电讯盈科""}, {""ts_code"": ""00386.HK"", ""side"": ""buy"", ""current_weight"": 0.0, ""target_weight"": 0.17471378869463208, ""post_trade_weight"": 0.17475728155339798, ""diff_weight"": 0.17471378869463208, ""gross_amount"": 0.1749319458228067, ""gross_amount_pct_nav"": 0.17471378869463208, ""fee"": 5.2479583746842e-05, ""fee_pct_nav"": 5.2414136608389616e-05, ""name"": ""中国石油化工股份""}, {""ts_code"": ""01038.HK"", ""side"": ""buy"", ""current_weight"": 0.0, ""target_weight"": 0.14304691449373005, ""post_trade_weight"": 0.14308252427184465, ""diff_weight"": 0.14304691449373005, ""gross_amount"": 0.14322553064242302, ""gross_amount_pct_nav"": 0.14304691449373005, ""fee"": 4.2967659192726904e-05, ""fee_pct_nav"": 4.291407434811902e-05, ""name"": ""长江基建集团""}, {""ts_code"": ""01113.HK"", ""side"": ""sell"", ""current_weight"": 0.1408447795492572, ""target_weight"": 0.0, ""post_trade_weight"": 0.0, ""diff_weight"": -0.1408447795492572, ""gross_amount"": 0.14102064599262393, ""gross_amount_pct_nav"": 0.1408447795492572, ""fee"": 4.2306193797787176e-05, ""fee_pct_nav"": 4.225343386477716e-05, ""name"": ""长实集团""}, {""ts_code"": ""01797.HK"", ""side"": ""buy"", ""current_weight"": 0.0, ""target_weight"": 0.09718454496138913, ""post_trade_weight"": 0.09720873786407766, ""diff_weight"": 0.09718454496138913, ""gross_amount"": 0.09730589486393626, ""gross_amount_pct_nav"": 0.09718454496138913, ""fee"": 2.9191768459180877e-05, ""fee_pct_nav"": 2.915536348841674e-05, ""name"": ""东方甄选""}, {""ts_code"": ""02255.HK"", ""side"": ""sell"", ""current_weight"": 0.13577217508485565, ""target_weight"": 0.0, ""post_trade_weight"": 0.0, ""diff_weight"": -0.13577217508485565, ""gross_amount"": 0.13594170759871063, ""gross_amount_pct_nav"": 0.13577217508485565, ""fee"": 4.078251227961318e-05, ""fee_pct_nav"": 4.073165252545668e-05, ""name"": ""海昌海洋公园""}]"
2022-08-08,0.36495139,0.72990278,0.35674082,0.36680356,0.00021706,0.00010702,0.00011004,0.00000000,rebalance,"[{""ts_code"": ""00006.HK"", ""side"": ""sell"", ""current_weight"": 0.16133659396301647, ""target_weight"": 0.0, ""post_trade_weight"": 0.0, ""diff_weight"": -0.16133659396301647, ""gross_amount"": 0.15993114237287362, ""gross_amount_pct_nav"": 0.16133659396301647, ""fee"": 4.797934271186208e-05, ""fee_pct_nav"": 4.8400978188904935e-05, ""name"": ""电能实业""}, {""ts_code"": ""00267.HK"", ""side"": ""buy"", ""current_weight"": 0.0, ""target_weight"": 0.14814779548299364, ""post_trade_weight"": 0.14818024263438934, ""diff_weight"": 0.14814779548299364, ""gross_amount"": 0.1468572354827902, ""gross_amount_pct_nav"": 0.14814779548299364, ""fee"": 4.4057170644837055e-05, ""fee_pct_nav"": 4.4444338644898083e-05, ""name"": ""中信股份""}, {""ts_code"": ""00316.HK"", ""side"": ""sell"", ""current_weight"": 0.1822775246101288, ""target_weight"": 0.16062339931314049, ""post_trade_weight"": 0.1606585788562327, ""diff_weight"": -0.02165412529698832, ""gross_amount"": 0.02146548969929632, ""gross_amount_pct_nav"": 0.02165412529698832, ""fee"": 6.439646909788895e-06, ""fee_pct_nav"": 6.4962375890964945e-06, ""name"": ""东方海外国际""}, {""ts_code"": ""00386.HK"", ""side"": ""sell"", ""current_weight"": 0.17308642569585955, ""target_weight"": 0.0, ""post_trade_weight"": 0.0, ""diff_weight"": -0.17308642569585955, ""gross_amount"": 0.1715786177878647, ""gross_amount_pct_nav"": 0.17308642569585955, ""fee"": 5.1473585336359406e-05, ""fee_pct_nav"": 5.192592770875786e-05, ""name"": ""中国石油化工股份""}, {""ts_code"": ""00941.HK"", ""side"": ""buy"", ""current_weight"": 0.0, ""target_weight"": 0.16764092646759807, ""post_trade_weight"": 0.16767764298101953, ""diff_weight"": 0.16764092646759807, ""gross_amount"": 0.16618055594105208, ""gross_amount_pct_nav"": 0.16764092646759807, ""fee"": 4.985416678231562e-05, ""fee_pct_nav"": 5.029227794027942e-05, ""name"": ""中国移动""}, {""ts_code"": ""01088.HK"", ""side"": ""sell"", ""current_weight"": 0.14650312005621513, ""target_weight"": 0.1325532906953101, ""post_trade_weight"": 0.13258232235708522, ""diff_weight"": -0.013949829360905037, ""gross_amount"": 0.013828308202090939, ""gross_amount_pct_nav"": 0.013949829360905037, ""fee"": 4.148492460627282e-06, ""fee_pct_nav"": 4.184948808271511e-06, ""name"": ""中国神华""}, {""ts_code"": ""01797.HK"", ""side"": ""buy"", ""current_weight"": 0.09236483127583074, ""target_weight"": 0.13645191689223102, ""post_trade_weight"": 0.13648180242641128, ""diff_weight"": 0.04408708561640027, ""gross_amount"": 0.043703029754910236, ""gross_amount_pct_nav"": 0.04408708561640027, ""fee"": 1.311090892647307e-05, ""fee_pct_nav"": 1.322612568492008e-05, ""name"": ""东方甄选""}]"
2022-08-15,0.53613174,1.07226349,0.40440852,0.63538399,0.00031194,0.00012132,0.00019062,0.00000000,rebalance,"[{""ts_code"": ""00005.HK"", ""side"": ""buy"", ""current_weight"": 0.0, ""target_weight"": 0.10703626466791591, ""post_trade_weight"": 0.10707070707081243, ""diff_weight"": 0.10703626466791591, ""gross_amount"": 0.10379492396774603, ""gross_amount_pct_nav"": 0.10703626466791591, ""fee"": 3.113847719032381e-05, ""fee_pct_nav"": 3.211087940037477e-05, ""name"": ""汇丰控股""}, {""ts_code"": ""00083.HK"", ""side"": ""buy"", ""current_weight"": 0.0, ""target_weight"": 0.09946294405462001, ""post_trade_weight"": 0.09949494949504743, ""diff_weight"": 0.09946294405462001, ""gross_amount"": 0.09645094349833008, ""gross_amount_pct_nav"": 0.09946294405462001, ""fee"": 2.8935283049499024e-05, ""fee_pct_nav"": 2.9838883216386005e-05, ""name"": ""信和置业""}, {""ts_code"": ""00267.HK"", ""side"": ""sell"", ""current_weight"": 0.15061351314230337, ""target_weight"": 0.0, ""post_trade_weight"": 0.0, ""diff_weight"": -0.15061351314230337, ""gross_amount"": 0.14605253830206258, ""gross_amount_pct_nav"": 0.15061351314230337, ""fee"": 4.381576149061877e-05, ""fee_pct_nav"": 4.5184053942691005e-05, ""name"": ""中信股份""}, {""ts_code"": ""00316.HK"", ""side"": ""sell"", ""current_weight"": 0.13328604763066787, ""target_weight"": 0.0, ""post_trade_weight"": 0.0, ""diff_weight"": -0.13328604763066787, ""gross_amount"": 0.1292497941955313, ""gross_amount_pct_nav"": 0.13328604763066787, ""fee"": 3.8774938258659384e-05, ""fee_pct_nav"": 3.998581428920036e-05, ""name"": ""东方海外国际""}, {""ts_code"": ""00386.HK"", ""side"": ""buy"", ""current_weight"": 0.0, ""target_weight"": 0.10602648858614315, ""post_trade_weight"": 0.10606060606071045, ""diff_weight"": 0.10602648858614315, ""gross_amount"": 0.10281572657182393, ""gross_amount_pct_nav"": 0.10602648858614315, ""fee"": 3.0844717971547176e-05, ""fee_pct_nav"": 3.1807946575842945e-05, ""name"": ""中国石油化工股份""}, {""ts_code"": ""00941.HK"", ""side"": ""sell"", ""current_weight"": 0.17643790933230735, ""target_weight"": 0.11561936136298466, ""post_trade_weight"": 0.11565656565667948, ""diff_weight"": -0.06081854796932269, ""gross_amount"": 0.05897680175863593, ""gross_amount_pct_nav"": 0.06081854796932269, ""fee"": 1.7693040527590776e-05, ""fee_pct_nav"": 1.8245564390796806e-05, ""name"": ""中国移动""}, {""ts_code"": ""01038.HK"", ""side"": ""sell"", ""current_weight"": 0.15069597463605267, ""target_weight"": 0.0, ""post_trade_weight"": 0.0, ""diff_weight"": -0.15069597463605267, ""gross_amount"": 0.14613250264405947, ""gross_amount_pct_nav"": 0.15069597463605267, ""fee"": 4.383975079321784e-05, ""fee_pct_nav"": 4.5208792390815796e-05, ""name"": ""长江基建集团""}, {""ts_code"": ""01088.HK"", ""side"": ""sell"", ""current_weight"": 0.1411293382713696, ""target_weight"": 0.11713402548564388, ""post_trade_weight"": 0.1171717171718325, ""diff_weight"": -0.02399531278572572, ""gross_amount"": 0.023268671360158547, ""gross_amount_pct_nav"": 0.02399531278572572, ""fee"": 6.980601408047563e-06, ""fee_pct_nav"": 7.1985938357177145e-06, ""name"": ""中国神华""}, {""ts_code"": ""01171.HK"", ""side"": ""buy"", ""current_weight"": 0.0, ""target_weight"": 0.10451182446348396, ""post_trade_weight"": 0.10454545454555744, ""diff_weight"": 0.10451182446348396, ""gross_amount"": 0.10134693047794073, ""gross_amount_pct_nav"": 0.10451182446348396, ""fee"": 3.0404079143382215e-05, ""fee_pct_nav"": 3.1353547339045184e-05, ""name"": ""兖矿能源""}, {""ts_code"": ""01797.HK"", ""side"": ""sell"", ""current_weight"": 0.13581656846328732, ""target_weight"": 0.0, ""post_trade_weight"": 0.0, ""diff_weight"": -0.13581656846328732, ""gross_amount"": 0.131703684176048, ""gross_amount_pct_nav"": 0.13581656846328732, ""fee"": 3.9511105252814394e-05, ""fee_pct_nav"": 4.0744970538986195e-05, ""name"": ""东方甄选""}]"
2022-08-22,0.43312666,0.86625333,0.54411432,0.30282104,0.00025408,0.00016323,0.00009085,0.00000000,rebalance,"[{""ts_code"": ""00005.HK"", ""side"": ""sell"", ""current_weight"": 0.10320987934609183, ""target_weight"": 0.0, ""post_trade_weight"": 0.0, ""diff_weight"": -0.10320987934609183, ""gross_amount"": 0.10090823752906573, ""gross_amount_pct_nav"": 0.10320987934609183, ""fee"": 3.0272471258719718e-05, ""fee_pct_nav"": 3.0962963803827545e-05, ""name"": ""汇丰控股""}, {""ts_code"": ""00019.HK"", ""side"": ""buy"", ""current_weight"": 0.0, ""target_weight"": 0.14396257785628613, ""post_trade_weight"": 0.1439999999999993, ""diff_weight"": 0.14396257785628613, ""gross_amount"": 0.14075212657603814, ""gross_amount_pct_nav"": 0.14396257785628613, ""fee"": 4.222563797281144e-05, ""fee_pct_nav"": 4.318877335688584e-05, ""name"": ""太古股份公司A""}, {""ts_code"": ""00083.HK"", ""side"": ""sell"", ""current_weight"": 0.09998275271020152, ""target_weight"": 0.0, ""post_trade_weight"": 0.0, ""diff_weight"": -0.09998275271020152, ""gross_amount"": 0.09775307774035191, ""gross_amount_pct_nav"": 0.09998275271020152, ""fee"": 2.9325923322105572e-05, ""fee_pct_nav"": 2.9994825813060453e-05, ""name"": ""信和置业""}, {""ts_code"": ""00087.HK"", ""side"": ""buy"", ""current_weight"": 0.0, ""target_weight"": 0.12902306505987907, ""post_trade_weight"": 0.12905660377358427, ""diff_weight"": 0.12902306505987907, ""gross_amount"": 0.12614577381814737, ""gross_amount_pct_nav"": 0.12902306505987907, ""fee"": 3.784373214544421e-05, ""fee_pct_nav"": 3.870691951796372e-05, ""name"": ""太古股份公司B""}, {""ts_code"": ""00386.HK"", ""side"": ""sell"", ""current_weight"": 0.10653552877888733, ""target_weight"": 0.0, ""post_trade_weight"": 0.0, ""diff_weight"": -0.10653552877888733, ""gross_amount"": 0.10415972299759942, ""gross_amount_pct_nav"": 0.10653552877888733, ""fee"": 3.124791689927982e-05, ""fee_pct_nav"": 3.19606586336662e-05, ""name"": ""中国石油化工股份""}, {""ts_code"": ""00941.HK"", ""side"": ""buy"", ""current_weight"": 0.11576492493225642, ""target_weight"": 0.15890209065269317, ""post_trade_weight"": 0.1589433962264143, ""diff_weight"": 0.04313716572043674, ""gross_amount"": 0.04217518121741057, ""gross_amount_pct_nav"": 0.04313716572043674, ""fee"": 1.2652554365223169e-05, ""fee_pct_nav"": 1.2941149716131022e-05, ""name"": ""中国移动""}, {""ts_code"": ""01038.HK"", ""side"": ""buy"", ""current_weight"": 0.0, ""target_weight"": 0.1392090965119748, ""post_trade_weight"": 0.13924528301886724, ""diff_weight"": 0.1392090965119748, ""gross_amount"": 0.13610465069852742, ""gross_amount_pct_nav"": 0.1392090965119748, ""fee"": 4.0831395209558224e-05, ""fee_pct_nav"": 4.176272895359243e-05, ""name"": ""长江基建集团""}, {""ts_code"": ""01088.HK"", ""side"": ""buy"", ""current_weight"": 0.12282168261619947, ""target_weight"": 0.16976719086826195, ""post_trade_weight"": 0.16981132075471614, ""diff_weight"": 0.04694550825206248, ""gross_amount"": 0.0458985954410111, ""gross_amount_pct_nav"": 0.04694550825206248, ""fee"": 1.376957863230333e-05, ""fee_pct_nav"": 1.4083652475618743e-05, ""name"": ""中国神华""}, {""ts_code"": ""01171.HK"", ""side"": ""buy"", ""current_weight"": 0.10465433819501525, ""target_weight"": 0.15890209065269317, ""post_trade_weight"": 0.1589433962264143, ""diff_weight"": 0.0542477524576779, ""gross_amount"": 0.05303799524909146, ""gross_amount_pct_nav"": 0.0542477524576779, ""fee"": 1.5911398574727436e-05, ""fee_pct_nav"": 1.627432573730337e-05, ""name"": ""兖矿能源""}]"
2022-08-29,0.51238415,1.02476830,0.51107844,0.51360199,0.00030740,0.00015332,0.00015408,0.00000000,rebalance,"[{""ts_code"": ""00019.HK"", ""side"": ""buy"", ""current_weight"": 0.13792238914180965, ""target_weight"": 0.1577005806144447, ""post_trade_weight"": 0.15774907749077455, ""diff_weight"": 0.01977819147263506, ""gross_amount"": 0.019776495562337848, ""gross_amount_pct_nav"": 0.01977819147263506, ""fee"": 5.932948668701354e-06, ""fee_pct_nav"": 5.933457441790517e-06, ""name"": ""太古股份公司A""}, {""ts_code"": ""00087.HK"", ""side"": ""buy"", ""current_weight"": 0.12451819401213213, ""target_weight"": 0.1510605561675207, ""post_trade_weight"": 0.15110701107011035, ""diff_weight"": 0.026542362155388577, ""gross_amount"": 0.026540086241265998, ""gross_amount_pct_nav"": 0.026542362155388577, ""fee"": 7.9620258723798e-06, ""fee_pct_nav"": 7.962708646616572e-06, ""name"": ""太古股份公司B""}, {""ts_code"": ""00386.HK"", ""side"": ""buy"", ""current_weight"": 0.0, ""target_weight"": 0.1718106325641582, ""post_trade_weight"": 0.171863468634686, ""diff_weight"": 0.1718106325641582, ""gross_amount"": 0.17179590040720952, ""gross_amount_pct_nav"": 0.1718106325641582, ""fee"": 5.153877012216285e-05, ""fee_pct_nav"": 5.154318976924745e-05, ""name"": ""中国石油化工股份""}, {""ts_code"": ""00857.HK"", ""side"": ""buy"", ""current_weight"": 0.0, ""target_weight"": 0.1635106020055032, ""post_trade_weight"": 0.1635608856088557, ""diff_weight"": 0.1635106020055032, ""gross_amount"": 0.16349658154695781, ""gross_amount_pct_nav"": 0.1635106020055032, ""fee"": 4.904897446408734e-05, ""fee_pct_nav"": 4.905318060165095e-05, ""name"": ""中国石油股份""}, {""ts_code"": ""00941.HK"", ""side"": ""sell"", ""current_weight"": 0.15404558167939245, ""target_weight"": 0.0, ""post_trade_weight"": 0.0, ""diff_weight"": -0.15404558167939245, ""gross_amount"": 0.15403237281302207, ""gross_amount_pct_nav"": 0.15404558167939245, ""fee"": 4.620971184390662e-05, ""fee_pct_nav"": 4.6213674503817735e-05, ""name"": ""中国移动""}, {""ts_code"": ""01038.HK"", ""side"": ""sell"", ""current_weight"": 0.13121369850872244, ""target_weight"": 0.0, ""post_trade_weight"": 0.0, ""diff_weight"": -0.13121369850872244, ""gross_amount"": 0.131202447395963, ""gross_amount_pct_nav"": 0.13121369850872244, ""fee"": 3.93607342187889e-05, ""fee_pct_nav"": 3.9364109552616725e-05, ""name"": ""长江基建集团""}, {""ts_code"": ""01088.HK"", ""side"": ""sell"", ""current_weight"": 0.176704902926921, ""target_weight"": 0.12616046449155574, ""post_trade_weight"": 0.12619926199261963, ""diff_weight"": -0.050544438435365276, ""gross_amount"": 0.05054010442769183, ""gross_amount_pct_nav"": 0.050544438435365276, ""fee"": 1.5162031328307547e-05, ""fee_pct_nav"": 1.516333153060958e-05, ""name"": ""中国神华""}, {""ts_code"": ""01171.HK"", ""side"": ""sell"", ""current_weight"": 0.1778423194182461, ""target_weight"": 0.0, ""post_trade_weight"": 0.0, ""diff_weight"": -0.1778423194182461, ""gross_amount"": 0.17782707006538193, ""gross_amount_pct_nav"": 0.1778423194182461, ""fee"": 5.3348121019614575e-05, ""fee_pct_nav"": 5.3352695825473826e-05, ""name"": ""兖矿能源""}, {""ts_code"": ""02883.HK"", ""side"": ""buy"", ""current_weight"": 0.0, ""target_weight"": 0.12948047671501772, ""post_trade_weight"": 0.12952029520295172, ""diff_weight"": 0.12948047671501772, ""gross_amount"": 0.12946937421992596, ""gross_amount_pct_nav"": 0.12948047671501772, ""fee"": 3.884081226597779e-05, ""fee_pct_nav"": 3.884414301450531e-05, ""name"": ""中海油田服务""}]"
2022-09-05,0.66374672,1.32749344,0.53670985,0.78565479,0.00039671,0.00016101,0.00023570,0.00000000,rebalance,"[{""ts_code"": ""00019.HK"", ""side"": ""sell"", ""current_weight"": 0.15641414145894386, ""target_weight"": 0.0, ""post_trade_weight"": 0.0, ""diff_weight"": -0.15641414145894386, ""gross_amount"": 0.1558098314597247, ""gross_amount_pct_nav"": 0.15641414145894386, ""fee"": 4.674294943791741e-05, ""fee_pct_nav"": 4.6924242437683156e-05, ""name"": ""太古股份公司A""}, {""ts_code"": ""00087.HK"", ""side"": ""sell"", ""current_weight"": 0.14919489338537686, ""target_weight"": 0.0, ""post_trade_weight"": 0.0, ""diff_weight"": -0.14919489338537686, ""gross_amount"": 0.148618475134033, ""gross_amount_pct_nav"": 0.14919489338537686, ""fee"": 4.4585542540209896e-05, ""fee_pct_nav"": 4.4758468015613054e-05, ""name"": ""太古股份公司B""}, {""ts_code"": ""00386.HK"", ""side"": ""sell"", ""current_weight"": 0.16975054252728497, ""target_weight"": 0.0, ""post_trade_weight"": 0.0, ""diff_weight"": -0.16975054252728497, ""gross_amount"": 0.1690947070045804, ""gross_amount_pct_nav"": 0.16975054252728497, ""fee"": 5.0728412101374116e-05, ""fee_pct_nav"": 5.092516275818549e-05, ""name"": ""中国石油化工股份""}, {""ts_code"": ""00857.HK"", ""side"": ""sell"", ""current_weight"": 0.16205965478236933, ""target_weight"": 0.0, ""post_trade_weight"": 0.0, ""diff_weight"": -0.16205965478236933, ""gross_amount"": 0.16143353319936213, ""gross_amount_pct_nav"": 0.16205965478236933, ""fee"": 4.843005995980863e-05, ""fee_pct_nav"": 4.8617896434710797e-05, ""name"": ""中国石油股份""}, {""ts_code"": ""00883.HK"", ""side"": ""buy"", ""current_weight"": 0.0, ""target_weight"": 0.10346990506266282, ""post_trade_weight"": 0.1035111281657712, ""diff_weight"": 0.10346990506266282, ""gross_amount"": 0.1030701464624212, ""gross_amount_pct_nav"": 0.10346990506266282, ""fee"": 3.092104393872636e-05, ""fee_pct_nav"": 3.104097151879885e-05, ""name"": ""中国海洋石油""}, {""ts_code"": ""00991.HK"", ""side"": ""buy"", ""current_weight"": 0.0, ""target_weight"": 0.10346990506266282, ""post_trade_weight"": 0.1035111281657712, ""diff_weight"": 0.10346990506266282, ""gross_amount"": 0.1030701464624212, ""gross_amount_pct_nav"": 0.10346990506266282, ""fee"": 3.092104393872636e-05, ""fee_pct_nav"": 3.104097151879885e-05, ""name"": ""大唐发电""}, {""ts_code"": ""01088.HK"", ""side"": ""sell"", ""current_weight"": 0.12764258444497262, ""target_weight"": 0.11094965723586735, ""post_trade_weight"": 0.11099386032233297, ""diff_weight"": -0.016692927209105257, ""gross_amount"": 0.016628433661817224, ""gross_amount_pct_nav"": 0.016692927209105257, ""fee"": 4.988530098545167e-06, ""fee_pct_nav"": 5.0078781627315766e-06, ""name"": ""中国神华""}, {""ts_code"": ""01797.HK"", ""side"": ""buy"", ""current_weight"": 0.0, ""target_weight"": 0.1194267096988325, ""post_trade_weight"": 0.11947429009976965, ""diff_weight"": 0.1194267096988325, ""gross_amount"": 0.11896530157951747, ""gross_amount_pct_nav"": 0.1194267096988325, ""fee"": 3.568959047385524e-05, ""fee_pct_nav"": 3.5828012909649745e-05, ""name"": ""东方甄选""}, {""ts_code"": ""02328.HK"", ""side"": ""buy"", ""current_weight"": 0.0, ""target_weight"": 0.10247260477290221, ""post_trade_weight"": 0.1025134305448963, ""diff_weight"": 0.10247260477290221, ""gross_amount"": 0.10207669926760268, ""gross_amount_pct_nav"": 0.10247260477290221, ""fee"": 3.06230097802808e-05, ""fee_pct_nav"": 3.0741781431870664e-05, ""name"": ""中国财险""}, {""ts_code"": ""02883.HK"", ""side"": ""sell"", ""current_weight"": 0.13458979993958592, ""target_weight"": 0.0, ""post_trade_weight"": 0.0, ""diff_weight"": -0.13458979993958592, ""gross_amount"": 0.1340698088368777, ""gross_amount_pct_nav"": 0.13458979993958592, ""fee"": 4.0220942651063304e-05, ""fee_pct_nav"": 4.037693998187577e-05, ""name"": ""中海油田服务""}, {""ts_code"": ""03320.HK"", ""side"": ""buy"", ""current_weight"": 0.0, ""target_weight"": 0.10995235694610678, ""post_trade_weight"": 0.1099961627014581, ""diff_weight"": 0.10995235694610678, ""gross_amount"": 0.10952755322874158, ""gross_amount_pct_nav"": 0.10995235694610678, ""fee"": 3.2858265968622475e-05, ""fee_pct_nav"": 3.2985707083832034e-05, ""name"": ""华润医药""}]"
2022-09-13,0.55296660,1.10593320,0.56023800,0.56947513,0.00033891,0.00016807,0.00017084,0.00000000,rebalance,"[{""ts_code"": ""00123.HK"", ""side"": ""buy"", ""current_weight"": 0.0, ""target_weight"": 0.09871531724298022, ""post_trade_weight"": 0.0987480798771119, ""diff_weight"": 0.09871531724298022, ""gross_amount"": 0.10083790727508365, ""gross_amount_pct_nav"": 0.09871531724298022, ""fee"": 3.0251372182525093e-05, ""fee_pct_nav"": 2.9614595172894064e-05, ""name"": ""越秀地产""}, {""ts_code"": ""00386.HK"", ""side"": ""buy"", ""current_weight"": 0.0, ""target_weight"": 0.11468543934497905, ""post_trade_weight"": 0.1147235023041472, ""diff_weight"": 0.11468543934497905, ""gross_amount"": 0.11715142109107293, ""gross_amount_pct_nav"": 0.11468543934497905, ""fee"": 3.514542632732188e-05, ""fee_pct_nav"": 3.440563180349371e-05, ""name"": ""中国石油化工股份""}, {""ts_code"": ""00728.HK"", ""side"": ""buy"", ""current_weight"": 0.0, ""target_weight"": 0.10111083555828006, ""post_trade_weight"": 0.10114439324116721, ""diff_weight"": 0.10111083555828006, ""gross_amount"": 0.10328493434748207, ""gross_amount_pct_nav"": 0.10111083555828006, ""fee"": 3.0985480304244614e-05, ""fee_pct_nav"": 3.0333250667484012e-05, ""name"": ""中国电信""}, {""ts_code"": ""00857.HK"", ""side"": ""buy"", ""current_weight"": 0.0, ""target_weight"": 0.09951382334808016, ""post_trade_weight"": 0.09954685099846367, ""diff_weight"": 0.09951382334808016, ""gross_amount"": 0.10165358296588312, ""gross_amount_pct_nav"": 0.09951382334808016, ""fee"": 3.0496074889764933e-05, ""fee_pct_nav"": 2.9854147004424044e-05, ""name"": ""中国石油股份""}, {""ts_code"": ""00883.HK"", ""side"": ""sell"", ""current_weight"": 0.10695453962765043, ""target_weight"": 0.0, ""post_trade_weight"": 0.0, ""diff_weight"": -0.10695453962765043, ""gross_amount"": 0.10925429052793949, ""gross_amount_pct_nav"": 0.10695453962765043, ""fee"": 3.2776287158381843e-05, ""fee_pct_nav"": 3.208636188829513e-05, ""name"": ""中国海洋石油""}, {""ts_code"": ""00941.HK"", ""side"": ""buy"", ""current_weight"": 0.0, ""target_weight"": 0.11867796987047878, ""post_trade_weight"": 0.11871735791090605, ""diff_weight"": 0.11867796987047878, ""gross_amount"": 0.12122979954507028, ""gross_amount_pct_nav"": 0.11867796987047878, ""fee"": 3.6368939863521084e-05, ""fee_pct_nav"": 3.560339096114364e-05, ""name"": ""中国移动""}, {""ts_code"": ""00991.HK"", ""side"": ""sell"", ""current_weight"": 0.10034001014026965, ""target_weight"": 0.0, ""post_trade_weight"": 0.0, ""diff_weight"": -0.10034001014026965, ""gross_amount"": 0.10249753453762997, ""gross_amount_pct_nav"": 0.10034001014026965, ""fee"": 3.0749260361288986e-05, ""fee_pct_nav"": 3.0102003042080887e-05, ""name"": ""大唐发电""}, {""ts_code"": ""01088.HK"", ""side"": ""sell"", ""current_weight"": 0.10839476087888818, ""target_weight"": 0.0, ""post_trade_weight"": 0.0, ""diff_weight"": -0.10839476087888818, ""gross_amount"": 0.11072547961028267, ""gross_amount_pct_nav"": 0.10839476087888818, ""fee"": 3.32176438830848e-05, ""fee_pct_nav"": 3.2518428263666456e-05, ""name"": ""中国神华""}, {""ts_code"": ""01797.HK"", ""side"": ""sell"", ""current_weight"": 0.1272521181283429, ""target_weight"": 0.0, ""post_trade_weight"": 0.0, ""diff_weight"": -0.1272521181283429, ""gross_amount"": 0.12998831029230493, ""gross_amount_pct_nav"": 0.1272521181283429, ""fee"": 3.899649308769148e-05, ""fee_pct_nav"": 3.817563543850286e-05, ""name"": ""东方甄选""}, {""ts_code"": ""02328.HK"", ""side"": ""buy"", ""current_weight"": 0.10133908378643967, ""target_weight"": 0.11708095766027887, ""post_trade_weight"": 0.11711981566820248, ""diff_weight"": 0.015741873873839192, ""gross_amount"": 0.016080357763720188, ""gross_amount_pct_nav"": 0.015741873873839192, ""fee"": 4.824107329116056e-06, ""fee_pct_nav"": 4.722562162151757e-06, ""name"": ""中国财险""}, {""ts_code"": ""03320.HK"", ""side"": ""sell"", ""current_weight"": 0.11454651671113275, ""target_weight"": 0.0, ""post_trade_weight"": 0.0, ""diff_weight"": -0.11454651671113275, ""gross_amount"": 0.1170095113240636, ""gross_amount_pct_nav"": 0.11454651671113275, ""fee"": 3.510285339721908e-05, ""fee_pct_nav"": 3.436395501333982e-05, ""name"": ""华润医药""}]"
2022-09-19,0.44730938,0.89461876,0.45282071,0.44802568,0.00027025,0.00013585,0.00013441,0.00000000,rebalance,"[{""ts_code"": ""00123.HK"", ""side"": ""sell"", ""current_weight"": 0.09912242455895269, ""target_weight"": 0.0, ""post_trade_weight"": 0.0, ""diff_weight"": -0.09912242455895269, ""gross_amount"": 0.09981243703160822, ""gross_amount_pct_nav"": 0.09912242455895269, ""fee"": 2.9943731109482462e-05, ""fee_pct_nav"": 2.9736727367685805e-05, ""name"": ""越秀地产""}, {""ts_code"": ""00386.HK"", ""side"": ""sell"", ""current_weight"": 0.11267146243207721, ""target_weight"": 0.0, ""post_trade_weight"": 0.0, ""diff_weight"": -0.11267146243207721, ""gross_amount"": 0.11345579266548704, ""gross_amount_pct_nav"": 0.11267146243207721, ""fee"": 3.403673779964611e-05, ""fee_pct_nav"": 3.380143872962316e-05, ""name"": ""中国石油化工股份""}, {""ts_code"": ""00688.HK"", ""side"": ""buy"", ""current_weight"": 0.0, ""target_weight"": 0.11376736197958, ""post_trade_weight"": 0.11379790370127735, ""diff_weight"": 0.11376736197958, ""gross_amount"": 0.11455932100496016, ""gross_amount_pct_nav"": 0.11376736197958, ""fee"": 3.4367796301488044e-05, ""fee_pct_nav"": 3.4130208593874e-05, ""name"": ""中国海外发展""}, {""ts_code"": ""00728.HK"", ""side"": ""buy"", ""current_weight"": 0.10297002480773472, ""target_weight"": 0.12185559351414324, ""post_trade_weight"": 0.1218883065836881, ""diff_weight"": 0.01888556870640852, ""gross_amount"": 0.019017035203708177, ""gross_amount_pct_nav"": 0.01888556870640852, ""fee"": 5.705110561112452e-06, ""fee_pct_nav"": 5.665670611922556e-06, ""name"": ""中国电信""}, {""ts_code"": ""00857.HK"", ""side"": ""sell"", ""current_weight"": 0.09708052264398147, ""target_weight"": 0.0, ""post_trade_weight"": 0.0, ""diff_weight"": -0.09708052264398147, ""gross_amount"": 0.09775632099913999, ""gross_amount_pct_nav"": 0.09708052264398147, ""fee"": 2.9326896299741993e-05, ""fee_pct_nav"": 2.9124156793194436e-05, ""name"": ""中国石油股份""}, {""ts_code"": ""00941.HK"", ""side"": ""sell"", ""current_weight"": 0.11910823300356717, ""target_weight"": 0.09716520251389762, ""post_trade_weight"": 0.09719128725843428, ""diff_weight"": -0.021943030489669536, ""gross_amount"": 0.02209578063468569, ""gross_amount_pct_nav"": 0.021943030489669536, ""fee"": 6.628734190405706e-06, ""fee_pct_nav"": 6.582909146900861e-06, ""name"": ""中国移动""}, {""ts_code"": ""01997.HK"", ""side"": ""buy"", ""current_weight"": 0.0, ""target_weight"": 0.10269925566912508, ""post_trade_weight"": 0.1027268260727153, ""diff_weight"": 0.10269925566912508, ""gross_amount"": 0.1034141672308574, ""gross_amount_pct_nav"": 0.10269925566912508, ""fee"": 3.102425016925722e-05, ""fee_pct_nav"": 3.080977670073752e-05, ""name"": ""九龙仓置业""}, {""ts_code"": ""02255.HK"", ""side"": ""buy"", ""current_weight"": 0.0, ""target_weight"": 0.10184786287601316, ""post_trade_weight"": 0.10187520471667207, ""diff_weight"": 0.10184786287601316, ""gross_amount"": 0.10255684770977258, ""gross_amount_pct_nav"": 0.10184786287601316, ""fee"": 3.076705431293177e-05, ""fee_pct_nav"": 3.055435886280395e-05, ""name"": ""海昌海洋公园""}, {""ts_code"": ""02328.HK"", ""side"": ""sell"", ""current_weight"": 0.11411099338401808, ""target_weight"": 0.0, ""post_trade_weight"": 0.0, ""diff_weight"": -0.11411099338401808, ""gross_amount"": 0.1149053445013604, ""gross_amount_pct_nav"": 0.11411099338401808, ""fee"": 3.447160335040812e-05, ""fee_pct_nav"": 3.423329801520542e-05, ""name"": ""中国财险""}, {""ts_code"": ""03900.HK"", ""side"": ""buy"", ""current_weight"": 0.0, ""target_weight"": 0.11249027278991212, ""post_trade_weight"": 0.11252047166721249, ""diff_weight"": 0.11249027278991212, ""gross_amount"": 0.11327334172333292, ""gross_amount_pct_nav"": 0.11249027278991212, ""fee"": 3.3982002516999874e-05, ""fee_pct_nav"": 3.3747081836973634e-05, ""name"": ""绿城中国""}]"
2022-09-26,0.43342627,0.86685253,0.43030866,0.42243755,0.00025582,0.00012909,0.00012673,0.00000000,rebalance,"[{""ts_code"": ""00087.HK"", ""side"": ""buy"", ""current_weight"": 0.0, ""target_weight"": 0.0943888550707657, ""post_trade_weight"": 0.09441340782122899, ""diff_weight"": 0.0943888550707657, ""gross_amount"": 0.09285286142639014, ""gross_amount_pct_nav"": 0.0943888550707657, ""fee"": 2.785585842791704e-05, ""fee_pct_nav"": 2.8316656521229712e-05, ""name"": ""太古股份公司B""}, {""ts_code"": ""00293.HK"", ""side"": ""buy"", ""current_weight"": 0.0, ""target_weight"": 0.10729673268728068, ""post_trade_weight"": 0.10732464307883297, ""diff_weight"": 0.10729673268728068, ""gross_amount"": 0.10555068862999906, ""gross_amount_pct_nav"": 0.10729673268728068, ""fee"": 3.1665206588999714e-05, ""fee_pct_nav"": 3.2189019806184206e-05, ""name"": ""国泰航空""}, {""ts_code"": ""00688.HK"", ""side"": ""sell"", ""current_weight"": 0.11276373207213662, ""target_weight"": 0.0, ""post_trade_weight"": 0.0, ""diff_weight"": -0.11276373207213662, ""gross_amount"": 0.1109287233134329, ""gross_amount_pct_nav"": 0.11276373207213662, ""fee"": 3.3278616994029864e-05, ""fee_pct_nav"": 3.382911962164098e-05, ""name"": ""中国海外发展""}, {""ts_code"": ""00728.HK"", ""side"": ""sell"", ""current_weight"": 0.1257005797434453, ""target_weight"": 0.11294392914450599, ""post_trade_weight"": 0.1129733085040347, ""diff_weight"": -0.012756650598939316, ""gross_amount"": 0.012549061109387818, ""gross_amount_pct_nav"": 0.012756650598939316, ""fee"": 3.764718332816345e-06, ""fee_pct_nav"": 3.826995179681794e-06, ""name"": ""中国电信""}, {""ts_code"": ""00762.HK"", ""side"": ""buy"", ""current_weight"": 0.0, ""target_weight"": 0.09963268035247493, ""post_trade_weight"": 0.09965859714463061, ""diff_weight"": 0.09963268035247493, ""gross_amount"": 0.09801135372785627, ""gross_amount_pct_nav"": 0.09963268035247493, ""fee"": 2.940340611835688e-05, ""fee_pct_nav"": 2.9889804105742476e-05, ""name"": ""中国联通""}, {""ts_code"": ""00941.HK"", ""side"": ""buy"", ""current_weight"": 0.09946010870301483, ""target_weight"": 0.12464169323447265, ""post_trade_weight"": 0.12467411545623827, ""diff_weight"": 0.025181584531457826, ""gross_amount"": 0.024771803591042488, ""gross_amount_pct_nav"": 0.025181584531457826, ""fee"": 7.4315410773127455e-06, ""fee_pct_nav"": 7.554475359437346e-06, ""name"": ""中国移动""}, {""ts_code"": ""01997.HK"", ""side"": ""sell"", ""current_weight"": 0.10100633373536563, ""target_weight"": 0.0, ""post_trade_weight"": 0.0, ""diff_weight"": -0.10100633373536563, ""gross_amount"": 0.09936265359386076, ""gross_amount_pct_nav"": 0.10100633373536563, ""fee"": 2.9808796078158224e-05, ""fee_pct_nav"": 3.0301900120609687e-05, ""name"": ""九龙仓置业""}, {""ts_code"": ""02255.HK"", ""side"": ""sell"", ""current_weight"": 0.10058616309106735, ""target_weight"": 0.0, ""post_trade_weight"": 0.0, ""diff_weight"": -0.10058616309106735, ""gross_amount"": 0.09894932040339866, ""gross_amount_pct_nav"": 0.10058616309106735, ""fee"": 2.9684796121019595e-05, ""fee_pct_nav"": 3.0175848927320207e-05, ""name"": ""海昌海洋公园""}, {""ts_code"": ""02388.HK"", ""side"": ""buy"", ""current_weight"": 0.0, ""target_weight"": 0.1109270732669255, ""post_trade_weight"": 0.11095592799503405, ""diff_weight"": 0.1109270732669255, ""gross_amount"": 0.10912195253101403, ""gross_amount_pct_nav"": 0.1109270732669255, ""fee"": 3.2736585759304207e-05, ""fee_pct_nav"": 3.3278121980077645e-05, ""name"": ""中银香港""}, {""ts_code"": ""03900.HK"", ""side"": ""sell"", ""current_weight"": 0.10231272574332913, ""target_weight"": 0.0, ""post_trade_weight"": 0.0, ""diff_weight"": -0.10231272574332913, ""gross_amount"": 0.10064778663200424, ""gross_amount_pct_nav"": 0.10231272574332913, ""fee"": 3.019433598960127e-05, ""fee_pct_nav"": 3.0693817722998735e-05, ""name"": ""绿城中国""}]"
2022-10-03,0.31468610,0.62937219,0.30948462,0.29321258,0.00018081,0.00009285,0.00008796,0.00000000,rebalance,"[{""ts_code"": ""00019.HK"", ""side"": ""buy"", ""current_weight"": 0.0, ""target_weight"": 0.1238279667724629, ""post_trade_weight"": 0.12385135135135134, ""diff_weight"": 0.1238279667724629, ""gross_amount"": 0.11857970500180051, ""gross_amount_pct_nav"": 0.1238279667724629, ""fee"": 3.557391150054015e-05, ""fee_pct_nav"": 3.714839003173887e-05, ""name"": ""太古股份公司A""}, {""ts_code"": ""00293.HK"", ""side"": ""sell"", ""current_weight"": 0.10384799311586759, ""target_weight"": 0.0, ""post_trade_weight"": 0.0, ""diff_weight"": -0.10384799311586759, ""gross_amount"": 0.09944655242007139, ""gross_amount_pct_nav"": 0.10384799311586759, ""fee"": 2.9833965726021413e-05, ""fee_pct_nav"": 3.115439793476028e-05, ""name"": ""国泰航空""}, {""ts_code"": ""00762.HK"", ""side"": ""sell"", ""current_weight"": 0.09720152892646569, ""target_weight"": 0.0, ""post_trade_weight"": 0.0, ""diff_weight"": -0.09720152892646569, ""gross_amount"": 0.09308178859953213, ""gross_amount_pct_nav"": 0.09720152892646569, ""fee"": 2.792453657985964e-05, ""fee_pct_nav"": 2.9160458677939707e-05, ""name"": ""中国联通""}, {""ts_code"": ""00883.HK"", ""side"": ""buy"", ""current_weight"": 0.0, ""target_weight"": 0.0922123156816213, ""post_trade_weight"": 0.09222972972972972, ""diff_weight"": 0.0922123156816213, ""gross_amount"": 0.08830403563963868, ""gross_amount_pct_nav"": 0.0922123156816213, ""fee"": 2.64912106918916e-05, ""fee_pct_nav"": 2.766369470448639e-05, ""name"": ""中国海洋石油""}, {""ts_code"": ""01138.HK"", ""side"": ""buy"", ""current_weight"": 0.0, ""target_weight"": 0.10714192869674098, ""post_trade_weight"": 0.10716216216216218, ""diff_weight"": 0.10714192869674098, ""gross_amount"": 0.10260087950510402, ""gross_amount_pct_nav"": 0.10714192869674098, ""fee"": 3.078026385153121e-05, ""fee_pct_nav"": 3.21425786090223e-05, ""name"": ""中远海能""}, {""ts_code"": ""02388.HK"", ""side"": ""sell"", ""current_weight"": 0.10514045729380819, ""target_weight"": 0.0, ""post_trade_weight"": 0.0, ""diff_weight"": -0.10514045729380819, ""gross_amount"": 0.10068423745149252, ""gross_amount_pct_nav"": 0.10514045729380819, ""fee"": 3.0205271235447754e-05, ""fee_pct_nav"": 3.1542137188142455e-05, ""name"": ""中银香港""}]"
2022-10-10,0.55288231,1.10576461,0.52576804,0.53349314,0.00031778,0.00015773,0.00016005,0.00000000,rebalance,"[{""ts_code"": ""00019.HK"", ""side"": ""sell"", ""current_weight"": 0.1222073365789112, ""target_weight"": 0.0, ""post_trade_weight"": 0.0, ""diff_weight"": -0.1222073365789112, ""gross_amount"": 0.1170678515593636, ""gross_amount_pct_nav"": 0.1222073365789112, ""fee"": 3.5120355467809074e-05, ""fee_pct_nav"": 3.6662200973673354e-05, ""name"": ""太古股份公司A""}, {""ts_code"": ""00087.HK"", ""side"": ""sell"", ""current_weight"": 0.09763267111081325, ""target_weight"": 0.0, ""post_trade_weight"": 0.0, ""diff_weight"": -0.09763267111081325, ""gross_amount"": 0.09352668480394015, ""gross_amount_pct_nav"": 0.09763267111081325, ""fee"": 2.8058005441182042e-05, ""fee_pct_nav"": 2.9289801333243973e-05, ""name"": ""太古股份公司B""}, {""ts_code"": ""00291.HK"", ""side"": ""buy"", ""current_weight"": 0.0, ""target_weight"": 0.11274447855165425, ""post_trade_weight"": 0.11278189161898342, ""diff_weight"": 0.11274447855165425, ""gross_amount"": 0.10800295832239393, ""gross_amount_pct_nav"": 0.11274447855165425, ""fee"": 3.2400887496718173e-05, ""fee_pct_nav"": 3.382334356549627e-05, ""name"": ""华润啤酒""}, {""ts_code"": ""00728.HK"", ""side"": ""sell"", ""current_weight"": 0.11598373673426741, ""target_weight"": 0.0, ""post_trade_weight"": 0.0, ""diff_weight"": -0.11598373673426741, ""gross_amount"": 0.11110598803157794, ""gross_amount_pct_nav"": 0.11598373673426741, ""fee"": 3.333179640947338e-05, ""fee_pct_nav"": 3.4795121020280224e-05, ""name"": ""中国电信""}, {""ts_code"": ""00883.HK"", ""side"": ""sell"", ""current_weight"": 0.09564030610864134, ""target_weight"": 0.0, ""post_trade_weight"": 0.0, ""diff_weight"": -0.09564030610864134, ""gross_amount"": 0.09161810961642901, ""gross_amount_pct_nav"": 0.09564030610864134, ""fee"": 2.74854328849287e-05, ""fee_pct_nav"": 2.8692091832592402e-05, ""name"": ""中国海洋石油""}, {""ts_code"": ""00941.HK"", ""side"": ""sell"", ""current_weight"": 0.1250171129293621, ""target_weight"": 0.10093419369852268, ""post_trade_weight"": 0.10096768764725673, ""diff_weight"": -0.024082919230839436, ""gross_amount"": 0.023070101129415946, ""gross_amount_pct_nav"": 0.024082919230839436, ""fee"": 6.921030338824783e-06, ""fee_pct_nav"": 7.224875769251829e-06, ""name"": ""中国移动""}, {""ts_code"": ""01138.HK"", ""side"": ""sell"", ""current_weight"": 0.10136745829474365, ""target_weight"": 0.0, ""post_trade_weight"": 0.0, ""diff_weight"": -0.10136745829474365, ""gross_amount"": 0.0971044038173306, ""gross_amount_pct_nav"": 0.10136745829474365, ""fee"": 2.9131321145199178e-05, ""fee_pct_nav"": 3.0410237488423094e-05, ""name"": ""中远海能""}, {""ts_code"": ""01928.HK"", ""side"": ""buy"", ""current_weight"": 0.0, ""target_weight"": 0.1044335373587098, ""post_trade_weight"": 0.10446819252776834, ""diff_weight"": 0.1044335373587098, ""gross_amount"": 0.10004153753432221, ""gross_amount_pct_nav"": 0.1044335373587098, ""fee"": 3.001246126029666e-05, ""fee_pct_nav"": 3.133006120761294e-05, ""name"": ""金沙中国有限公司""}, {""ts_code"": ""01929.HK"", ""side"": ""buy"", ""current_weight"": 0.0, ""target_weight"": 0.10793288101889693, ""post_trade_weight"": 0.10796869740827994, ""diff_weight"": 0.10793288101889693, ""gross_amount"": 0.10339371470824714, ""gross_amount_pct_nav"": 0.10793288101889693, ""fee"": 3.101811441247414e-05, ""fee_pct_nav"": 3.237986430566908e-05, ""name"": ""周大福""}, {""ts_code"": ""02255.HK"", ""side"": ""buy"", ""current_weight"": 0.0, ""target_weight"": 0.10049677574099927, ""post_trade_weight"": 0.10053012453719277, ""diff_weight"": 0.10049677574099927, ""gross_amount"": 0.09627033821365666, ""gross_amount_pct_nav"": 0.10049677574099927, ""fee"": 2.8881101464096995e-05, ""fee_pct_nav"": 3.014903272229978e-05, ""name"": ""海昌海洋公园""}, {""ts_code"": ""09633.HK"", ""side"": ""buy"", ""current_weight"": 0.0, ""target_weight"": 0.12324250953221567, ""post_trade_weight"": 0.12328340626051826, ""diff_weight"": 0.12324250953221567, ""gross_amount"": 0.11805948984416874, ""gross_amount_pct_nav"": 0.12324250953221567, ""fee"": 3.541784695325062e-05, ""fee_pct_nav"": 3.69727528596647e-05, ""name"": ""农夫山泉""}]"
2022-10-17,0.44661122,0.89322243,0.41703682,0.40357624,0.00024618,0.00012511,0.00012107,0.00000000,rebalance,"[{""ts_code"": ""00019.HK"", ""side"": ""buy"", ""current_weight"": 0.0, ""target_weight"": 0.1003297575496051, ""post_trade_weight"": 0.10035664979291296, ""diff_weight"": 0.1003297575496051, ""gross_amount"": 0.09217402796448697, ""gross_amount_pct_nav"": 0.1003297575496051, ""fee"": 2.765220838934609e-05, ""fee_pct_nav"": 3.009892726488153e-05, ""name"": ""太古股份公司A""}, {""ts_code"": ""00291.HK"", ""side"": ""sell"", ""current_weight"": 0.10846974294186246, ""target_weight"": 0.0, ""post_trade_weight"": 0.0, ""diff_weight"": -0.10846974294186246, ""gross_amount"": 0.09965232014321054, ""gross_amount_pct_nav"": 0.10846974294186246, ""fee"": 2.989569604296316e-05, ""fee_pct_nav"": 3.254092288255873e-05, ""name"": ""华润啤酒""}, {""ts_code"": ""00386.HK"", ""side"": ""buy"", ""current_weight"": 0.0, ""target_weight"": 0.1104973037692372, ""post_trade_weight"": 0.11052692130694884, ""diff_weight"": 0.1104973037692372, ""gross_amount"": 0.10151506209501619, ""gross_amount_pct_nav"": 0.1104973037692372, ""fee"": 3.0454518628504854e-05, ""fee_pct_nav"": 3.314919113077116e-05, ""name"": ""中国石油化工股份""}, {""ts_code"": ""00728.HK"", ""side"": ""buy"", ""current_weight"": 0.0, ""target_weight"": 0.11348775853971724, ""post_trade_weight"": 0.11351817763460646, ""diff_weight"": 0.11348775853971724, ""gross_amount"": 0.10426242507458361, ""gross_amount_pct_nav"": 0.11348775853971724, ""fee"": 3.127872752237508e-05, ""fee_pct_nav"": 3.4046327561915166e-05, ""name"": ""中国电信""}, {""ts_code"": ""00941.HK"", ""side"": ""buy"", ""current_weight"": 0.10512850219137344, ""target_weight"": 0.12485148666754135, ""post_trade_weight"": 0.1248849516797054, ""diff_weight"": 0.019722984476167913, ""gross_amount"": 0.01811971808813166, ""gross_amount_pct_nav"": 0.019722984476167913, ""fee"": 5.435915426439498e-06, ""fee_pct_nav"": 5.916895342850374e-06, ""name"": ""中国移动""}, {""ts_code"": ""00991.HK"", ""side"": ""buy"", ""current_weight"": 0.0, ""target_weight"": 0.1098992128151412, ""post_trade_weight"": 0.10992867004141733, ""diff_weight"": 0.1098992128151412, ""gross_amount"": 0.10096558949910271, ""gross_amount_pct_nav"": 0.1098992128151412, ""fee"": 3.028967684973081e-05, ""fee_pct_nav"": 3.296976384454236e-05, ""name"": ""大唐发电""}, {""ts_code"": ""01928.HK"", ""side"": ""sell"", ""current_weight"": 0.08862128098661672, ""target_weight"": 0.0, ""post_trade_weight"": 0.0, ""diff_weight"": -0.08862128098661672, ""gross_amount"": 0.08141732454471796, ""gross_amount_pct_nav"": 0.08862128098661672, ""fee"": 2.4425197363415386e-05, ""fee_pct_nav"": 2.658638429598501e-05, ""name"": ""金沙中国有限公司""}, {""ts_code"": ""01929.HK"", ""side"": ""sell"", ""current_weight"": 0.10496331048886132, ""target_weight"": 0.0, ""post_trade_weight"": 0.0, ""diff_weight"": -0.10496331048886132, ""gross_amount"": 0.09643092291399155, ""gross_amount_pct_nav"": 0.10496331048886132, ""fee"": 2.8929276874197462e-05, ""fee_pct_nav"": 3.148899314665839e-05, ""name"": ""周大福""}, {""ts_code"": ""02255.HK"", ""side"": ""sell"", ""current_weight"": 0.10386931943814522, ""target_weight"": 0.0, ""post_trade_weight"": 0.0, ""diff_weight"": -0.10386931943814522, ""gross_amount"": 0.09542586156265968, ""gross_amount_pct_nav"": 0.10386931943814522, ""fee"": 2.8627758468797902e-05, ""fee_pct_nav"": 3.116079583144356e-05, ""name"": ""海昌海洋公园""}, {""ts_code"": ""09633.HK"", ""side"": ""sell"", ""current_weight"": 0.12412206557876809, ""target_weight"": 0.090760302284069, ""post_trade_weight"": 0.09078462954440861, ""diff_weight"": -0.033361763294699094, ""gross_amount"": 0.03064981096311134, ""gross_amount_pct_nav"": 0.033361763294699094, ""fee"": 9.1949432889334e-06, ""fee_pct_nav"": 1.0008528988409726e-05, ""name"": ""农夫山泉""}]"
2022-10-24,0.19234968,0.38469937,0.17823218,0.16476721,0.00010290,0.00005347,0.00004943,0.00000000,rebalance,"[{""ts_code"": ""00991.HK"", ""side"": ""sell"", ""current_weight"": 0.10132038622268519, ""target_weight"": 0.0, ""post_trade_weight"": 0.0, ""diff_weight"": -0.10132038622268519, ""gross_amount"": 0.0903376327097235, ""gross_amount_pct_nav"": 0.10132038622268519, ""fee"": 2.710128981291705e-05, ""fee_pct_nav"": 3.0396115866805555e-05, ""name"": ""大唐发电""}, {""ts_code"": ""01066.HK"", ""side"": ""buy"", ""current_weight"": 0.0, ""target_weight"": 0.09796784831949289, ""post_trade_weight"": 0.0979791560752822, ""diff_weight"": 0.09796784831949289, ""gross_amount"": 0.08734849746226821, ""gross_amount_pct_nav"": 0.09796784831949289, ""fee"": 2.620454923868046e-05, ""fee_pct_nav"": 2.9390354495847866e-05, ""name"": ""威高股份""}, {""ts_code"": ""01072.HK"", ""side"": ""buy"", ""current_weight"": 0.0, ""target_weight"": 0.10193282025822445, ""post_trade_weight"": 0.1019445856634892, ""diff_weight"": 0.10193282025822445, ""gross_amount"": 0.09088368117069051, ""gross_amount_pct_nav"": 0.10193282025822445, ""fee"": 2.726510435120715e-05, ""fee_pct_nav"": 3.057984607746733e-05, ""name"": ""东方电气""}, {""ts_code"": ""09633.HK"", ""side"": ""sell"", ""current_weight"": 0.0834783119576772, ""target_weight"": 0.0, ""post_trade_weight"": 0.0, ""diff_weight"": -0.0834783119576772, ""gross_amount"": 0.07442957302083314, ""gross_amount_pct_nav"": 0.0834783119576772, ""fee"": 2.232887190624994e-05, ""fee_pct_nav"": 2.5043493587303158e-05, ""name"": ""农夫山泉""}]"
2022-10-31,0.31719180,0.63438361,0.28164861,0.26657852,0.00016447,0.00008449,0.00007997,0.00000000,rebalance,"[{""ts_code"": ""00019.HK"", ""side"": ""sell"", ""current_weight"": 0.09991717492816601, ""target_weight"": 0.0, ""post_trade_weight"": 0.0, ""diff_weight"": -0.09991717492816601, ""gross_amount"": 0.08634729048724302, ""gross_amount_pct_nav"": 0.09991717492816601, ""fee"": 2.5904187146172902e-05, ""fee_pct_nav"": 2.9975152478449802e-05, ""name"": ""太古股份公司A""}, {""ts_code"": ""00883.HK"", ""side"": ""buy"", ""current_weight"": 0.0, ""target_weight"": 0.08658531477929293, ""post_trade_weight"": 0.08660179640725302, ""diff_weight"": 0.08658531477929293, ""gross_amount"": 0.07482604799977617, ""gross_amount_pct_nav"": 0.08658531477929293, ""fee"": 2.244781439993285e-05, ""fee_pct_nav"": 2.597559443378788e-05, ""name"": ""中国海洋石油""}, {""ts_code"": ""00941.HK"", ""side"": ""sell"", ""current_weight"": 0.12492949756507622, ""target_weight"": 0.1128527698246964, ""post_trade_weight"": 0.11287425149709382, ""diff_weight"": -0.012076727740379819, ""gross_amount"": 0.010436571280999715, ""gross_amount_pct_nav"": 0.012076727740379819, ""fee"": 3.130971384299914e-06, ""fee_pct_nav"": 3.6230183221139455e-06, ""name"": ""中国移动""}, {""ts_code"": ""01066.HK"", ""side"": ""sell"", ""current_weight"": 0.09082801402121571, ""target_weight"": 0.0, ""post_trade_weight"": 0.0, ""diff_weight"": -0.09082801402121571, ""gross_amount"": 0.07849254061384067, ""gross_amount_pct_nav"": 0.09082801402121571, ""fee"": 2.35477621841522e-05, ""fee_pct_nav"": 2.724840420636471e-05, ""name"": ""威高股份""}, {""ts_code"": ""01072.HK"", ""side"": ""sell"", ""current_weight"": 0.10565067272950936, ""target_weight"": 0.0, ""post_trade_weight"": 0.0, ""diff_weight"": -0.10565067272950936, ""gross_amount"": 0.09130211432525172, ""gross_amount_pct_nav"": 0.10565067272950936, ""fee"": 2.7390634297575513e-05, ""fee_pct_nav"": 3.16952018188528e-05, ""name"": ""东方电气""}, {""ts_code"": ""01797.HK"", ""side"": ""buy"", ""current_weight"": 0.0, ""target_weight"": 0.11187990111931108, ""post_trade_weight"": 0.11190119760487748, ""diff_weight"": 0.11187990111931108, ""gross_amount"": 0.09668534292105908, ""gross_amount_pct_nav"": 0.11187990111931108, ""fee"": 2.9005602876317723e-05, ""fee_pct_nav"": 3.356397033579332e-05, ""name"": ""东方甄选""}, {""ts_code"": ""02883.HK"", ""side"": ""buy"", ""current_weight"": 0.0, ""target_weight"": 0.12744580040547612, ""post_trade_weight"": 0.12747005988033872, ""diff_weight"": 0.12744580040547612, ""gross_amount"": 0.11013721671877168, ""gross_amount_pct_nav"": 0.12744580040547612, ""fee"": 3.30411650156315e-05, ""fee_pct_nav"": 3.823374012164283e-05, ""name"": ""中海油田服务""}]"
2022-11-07,0.34502935,0.69005871,0.30548700,0.31917015,0.00018740,0.00009165,0.00009575,0.00000000,rebalance,"[{""ts_code"": ""00386.HK"", ""side"": ""sell"", ""current_weight"": 0.11176986861707322, ""target_weight"": 0.0, ""post_trade_weight"": 0.0, ""diff_weight"": -0.11176986861707322, ""gross_amount"": 0.10117667855469946, ""gross_amount_pct_nav"": 0.11176986861707322, ""fee"": 3.0353003566409835e-05, ""fee_pct_nav"": 3.353096058512196e-05, ""name"": ""中国石油化工股份""}, {""ts_code"": ""00883.HK"", ""side"": ""sell"", ""current_weight"": 0.08954868993856802, ""target_weight"": 0.0, ""post_trade_weight"": 0.0, ""diff_weight"": -0.08954868993856802, ""gross_amount"": 0.08106155199975751, ""gross_amount_pct_nav"": 0.08954868993856802, ""fee"": 2.431846559992725e-05, ""fee_pct_nav"": 2.6864606981570402e-05, ""name"": ""中国海洋石油""}, {""ts_code"": ""01072.HK"", ""side"": ""buy"", ""current_weight"": 0.0, ""target_weight"": 0.10245949031199961, ""post_trade_weight"": 0.10248070562303696, ""diff_weight"": 0.10245949031199961, ""gross_amount"": 0.09274870807705332, ""gross_amount_pct_nav"": 0.10245949031199961, ""fee"": 2.7824612423115994e-05, ""fee_pct_nav"": 3.0737847093599876e-05, ""name"": ""东方电气""}, {""ts_code"": ""01138.HK"", ""side"": ""buy"", ""current_weight"": 0.0, ""target_weight"": 0.12538748814405548, ""post_trade_weight"": 0.125413450937283, ""diff_weight"": 0.12538748814405548, ""gross_amount"": 0.11350366373065968, ""gross_amount_pct_nav"": 0.12538748814405548, ""fee"": 3.40510991191979e-05, ""fee_pct_nav"": 3.761624644321664e-05, ""name"": ""中远海能""}, {""ts_code"": ""01797.HK"", ""side"": ""sell"", ""current_weight"": 0.11986107765041128, ""target_weight"": 0.1038924901765031, ""post_trade_weight"": 0.10391400220517734, ""diff_weight"": -0.015968587473908183, ""gross_amount"": 0.014455135912841297, ""gross_amount_pct_nav"": 0.015968587473908183, ""fee"": 4.336540773852388e-06, ""fee_pct_nav"": 4.790576242172454e-06, ""name"": ""东方甄选""}, {""ts_code"": ""02883.HK"", ""side"": ""sell"", ""current_weight"": 0.1353000952530631, ""target_weight"": 0.0, ""post_trade_weight"": 0.0, ""diff_weight"": -0.1353000952530631, ""gross_amount"": 0.12247678569560663, ""gross_amount_pct_nav"": 0.1353000952530631, ""fee"": 3.674303570868199e-05, ""fee_pct_nav"": 4.059002857591893e-05, ""name"": ""中海油田服务""}, {""ts_code"": ""03320.HK"", ""side"": ""buy"", ""current_weight"": 0.0, ""target_weight"": 0.10962448963451708, ""post_trade_weight"": 0.10964718853373888, ""diff_weight"": 0.10962448963451708, ""gross_amount"": 0.09923463171880532, ""gross_amount_pct_nav"": 0.10962448963451708, ""fee"": 2.9770389515641595e-05, ""fee_pct_nav"": 3.2887346890355123e-05, ""name"": ""华润医药""}]"
2022-11-14,0.65222163,1.30444325,0.57608486,0.58047545,0.00034697,0.00017283,0.00017414,0.00000000,rebalance,"[{""ts_code"": ""00016.HK"", ""side"": ""buy"", ""current_weight"": 0.0, ""target_weight"": 0.09992639743801648, ""post_trade_weight"": 0.09996551724137902, ""diff_weight"": 0.09992639743801648, ""gross_amount"": 0.08859787851923621, ""gross_amount_pct_nav"": 0.09992639743801648, ""fee"": 2.6579363555770864e-05, ""fee_pct_nav"": 2.9977919231404944e-05, ""name"": ""新鸿基地产""}, {""ts_code"": ""00019.HK"", ""side"": ""buy"", ""current_weight"": 0.0, ""target_weight"": 0.11516181229403692, ""post_trade_weight"": 0.1152068965517238, ""diff_weight"": 0.11516181229403692, ""gross_amount"": 0.10210607524414217, ""gross_amount_pct_nav"": 0.11516181229403692, ""fee"": 3.0631822573242646e-05, ""fee_pct_nav"": 3.454854368821107e-05, ""name"": ""太古股份公司A""}, {""ts_code"": ""00267.HK"", ""side"": ""buy"", ""current_weight"": 0.0, ""target_weight"": 0.10351120093355069, ""post_trade_weight"": 0.10355172413793072, ""diff_weight"": 0.10351120093355069, ""gross_amount"": 0.09177627774862585, ""gross_amount_pct_nav"": 0.10351120093355069, ""fee"": 2.753288332458775e-05, ""fee_pct_nav"": 3.1053360280065204e-05, ""name"": ""中信股份""}, {""ts_code"": ""00728.HK"", ""side"": ""sell"", ""current_weight"": 0.11495132344766665, ""target_weight"": 0.0, ""post_trade_weight"": 0.0, ""diff_weight"": -0.11495132344766665, ""gross_amount"": 0.10191944923021092, ""gross_amount_pct_nav"": 0.11495132344766665, ""fee"": 3.057583476906327e-05, ""fee_pct_nav"": 3.4485397034299995e-05, ""name"": ""中国电信""}, {""ts_code"": ""00883.HK"", ""side"": ""buy"", ""current_weight"": 0.0, ""target_weight"": 0.12277951972204716, ""post_trade_weight"": 0.1228275862068962, ""diff_weight"": 0.12277951972204716, ""gross_amount"": 0.10886017360659517, ""gross_amount_pct_nav"": 0.12277951972204716, ""fee"": 3.2658052081978546e-05, ""fee_pct_nav"": 3.683385591661414e-05, ""name"": ""中国海洋石油""}, {""ts_code"": ""00941.HK"", ""side"": ""sell"", ""current_weight"": 0.11397165955417221, ""target_weight"": 0.0, ""post_trade_weight"": 0.0, ""diff_weight"": -0.11397165955417221, ""gross_amount"": 0.10105084849155883, ""gross_amount_pct_nav"": 0.11397165955417221, ""fee"": 3.0315254547467648e-05, ""fee_pct_nav"": 3.419149786625166e-05, ""name"": ""中国移动""}, {""ts_code"": ""01072.HK"", ""side"": ""sell"", ""current_weight"": 0.09692112285537006, ""target_weight"": 0.0, ""post_trade_weight"": 0.0, ""diff_weight"": -0.09692112285537006, ""gross_amount"": 0.08593330780302066, ""gross_amount_pct_nav"": 0.09692112285537006, ""fee"": 2.5779992340906196e-05, ""fee_pct_nav"": 2.9076336856611016e-05, ""name"": ""东方电气""}, {""ts_code"": ""01138.HK"", ""side"": ""sell"", ""current_weight"": 0.11280683659948805, ""target_weight"": 0.0, ""post_trade_weight"": 0.0, ""diff_weight"": -0.11280683659948805, ""gross_amount"": 0.10001807992107635, ""gross_amount_pct_nav"": 0.11280683659948805, ""fee"": 3.0005423976322903e-05, ""fee_pct_nav"": 3.3842050979846415e-05, ""name"": ""中远海能""}, {""ts_code"": ""01339.HK"", ""side"": ""buy"", ""current_weight"": 0.0, ""target_weight"": 0.10395930137049249, ""post_trade_weight"": 0.1039999999999997, ""diff_weight"": 0.10395930137049249, ""gross_amount"": 0.09217357765229957, ""gross_amount_pct_nav"": 0.10395930137049249, ""fee"": 2.765207329568987e-05, ""fee_pct_nav"": 3.1187790411147745e-05, ""name"": ""中国人民保险集团""}, {""ts_code"": ""01797.HK"", ""side"": ""sell"", ""current_weight"": 0.09712826336293831, ""target_weight"": 0.0, ""post_trade_weight"": 0.0, ""diff_weight"": -0.09712826336293831, ""gross_amount"": 0.08611696507473736, ""gross_amount_pct_nav"": 0.09712826336293831, ""fee"": 2.5835089522421207e-05, ""fee_pct_nav"": 2.9138479008881494e-05, ""name"": ""东方甄选""}, {""ts_code"": ""01929.HK"", ""side"": ""buy"", ""current_weight"": 0.0, ""target_weight"": 0.10440740180743424, ""post_trade_weight"": 0.10444827586206865, ""diff_weight"": 0.10440740180743424, ""gross_amount"": 0.09257087755597325, ""gross_amount_pct_nav"": 0.10440740180743424, ""fee"": 2.777126326679197e-05, ""fee_pct_nav"": 3.132222054223027e-05, ""name"": ""周大福""}, {""ts_code"": ""03320.HK"", ""side"": ""sell"", ""current_weight"": 0.11891841405105182, ""target_weight"": 0.0, ""post_trade_weight"": 0.0, ""diff_weight"": -0.11891841405105182, ""gross_amount"": 0.10543679620123066, ""gross_amount_pct_nav"": 0.11891841405105182, ""fee"": 3.1631038860369196e-05, ""fee_pct_nav"": 3.5675524215315545e-05, ""name"": ""华润医药""}]"
2022-11-21,0.55118198,1.10236397,0.59844336,0.37699307,0.00029263,0.00017953,0.00011310,0.00000000,rebalance,"[{""ts_code"": ""00016.HK"", ""side"": ""sell"", ""current_weight"": 0.09926341499405368, ""target_weight"": 0.0, ""post_trade_weight"": 0.0, ""diff_weight"": -0.09926341499405368, ""gross_amount"": 0.08783410370441522, ""gross_amount_pct_nav"": 0.09926341499405368, ""fee"": 2.6350231111324563e-05, ""fee_pct_nav"": 2.9779024498216102e-05, ""name"": ""新鸿基地产""}, {""ts_code"": ""00019.HK"", ""side"": ""buy"", ""current_weight"": 0.11722605221980784, ""target_weight"": 0.16025093737774043, ""post_trade_weight"": 0.1603039513677801, ""diff_weight"": 0.04302488515793259, ""gross_amount"": 0.038070947136553665, ""gross_amount_pct_nav"": 0.04302488515793259, ""fee"": 1.1421284140966098e-05, ""fee_pct_nav"": 1.2907465547379776e-05, ""name"": ""太古股份公司A""}, {""ts_code"": ""00267.HK"", ""side"": ""sell"", ""current_weight"": 0.10234176483957916, ""target_weight"": 0.0, ""post_trade_weight"": 0.0, ""diff_weight"": -0.10234176483957916, ""gross_amount"": 0.09055800857497152, ""gross_amount_pct_nav"": 0.10234176483957916, ""fee"": 2.7167402572491455e-05, ""fee_pct_nav"": 3.0702529451873746e-05, ""name"": ""中信股份""}, {""ts_code"": ""00728.HK"", ""side"": ""buy"", ""current_weight"": 0.0, ""target_weight"": 0.14056140240982692, ""post_trade_weight"": 0.1406079027355614, ""diff_weight"": 0.14056140240982692, ""gross_amount"": 0.12437699022184923, ""gross_amount_pct_nav"": 0.14056140240982692, ""fee"": 3.7313097066554765e-05, ""fee_pct_nav"": 4.216842072294808e-05, ""name"": ""中国电信""}, {""ts_code"": ""00762.HK"", ""side"": ""buy"", ""current_weight"": 0.0, ""target_weight"": 0.15751627974330804, ""post_trade_weight"": 0.15756838905774978, ""diff_weight"": 0.15751627974330804, ""gross_amount"": 0.13937966219413458, ""gross_amount_pct_nav"": 0.15751627974330804, ""fee"": 4.181389865824037e-05, ""fee_pct_nav"": 4.725488392299241e-05, ""name"": ""中国联通""}, {""ts_code"": ""00883.HK"", ""side"": ""sell"", ""current_weight"": 0.1196081035679308, ""target_weight"": 0.0, ""post_trade_weight"": 0.0, ""diff_weight"": -0.1196081035679308, ""gross_amount"": 0.10583627989530087, ""gross_amount_pct_nav"": 0.1196081035679308, ""fee"": 3.1750883968590254e-05, ""fee_pct_nav"": 3.5882431070379234e-05, ""name"": ""中国海洋石油""}, {""ts_code"": ""01339.HK"", ""side"": ""buy"", ""current_weight"": 0.1061611954502364, ""target_weight"": 0.15204696447444316, ""post_trade_weight"": 0.152097264437689, ""diff_weight"": 0.04588576902420675, ""gross_amount"": 0.04060242532730164, ""gross_amount_pct_nav"": 0.04588576902420675, ""fee"": 1.2180727598190492e-05, ""fee_pct_nav"": 1.3765730707262024e-05, ""name"": ""中国人民保险集团""}, {""ts_code"": ""01876.HK"", ""side"": ""buy"", ""current_weight"": 0.0, ""target_weight"": 0.14767151225935127, ""post_trade_weight"": 0.14772036474164038, ""diff_weight"": 0.14767151225935127, ""gross_amount"": 0.13066843330700115, ""gross_amount_pct_nav"": 0.14767151225935127, ""fee"": 3.920052999210034e-05, ""fee_pct_nav"": 4.4301453677805374e-05, ""name"": ""百威亚太""}, {""ts_code"": ""01929.HK"", ""side"": ""sell"", ""current_weight"": 0.10483557189043352, ""target_weight"": 0.0, ""post_trade_weight"": 0.0, ""diff_weight"": -0.10483557189043352, ""gross_amount"": 0.09276467562482736, ""gross_amount_pct_nav"": 0.10483557189043352, ""fee"": 2.7829402687448207e-05, ""fee_pct_nav"": 3.145067156713006e-05, ""name"": ""周大福""}, {""ts_code"": ""03320.HK"", ""side"": ""buy"", ""current_weight"": 0.0, ""target_weight"": 0.14165526546359994, ""post_trade_weight"": 0.14170212765957357, ""diff_weight"": 0.14165526546359994, ""gross_amount"": 0.12534490454264186, ""gross_amount_pct_nav"": 0.14165526546359994, ""fee"": 3.7603471362792554e-05, ""fee_pct_nav"": 4.2496579639079974e-05, ""name"": ""华润医药""}]"
2022-11-28,0.60624027,1.21248053,0.53880927,0.54760591,0.00032592,0.00016164,0.00016428,0.00000000,rebalance,"[{""ts_code"": ""00019.HK"", ""side"": ""sell"", ""current_weight"": 0.1555177500384535, ""target_weight"": 0.0, ""post_trade_weight"": 0.0, ""diff_weight"": -0.1555177500384535, ""gross_amount"": 0.13934808894452647, ""gross_amount_pct_nav"": 0.1555177500384535, ""fee"": 4.180442668335794e-05, ""fee_pct_nav"": 4.665532501153605e-05, ""name"": ""太古股份公司A""}, {""ts_code"": ""00386.HK"", ""side"": ""buy"", ""current_weight"": 0.0, ""target_weight"": 0.14710409501311267, ""post_trade_weight"": 0.14715762273901795, ""diff_weight"": 0.14710409501311267, ""gross_amount"": 0.13180922763429107, ""gross_amount_pct_nav"": 0.14710409501311267, ""fee"": 3.9542768290287315e-05, ""fee_pct_nav"": 4.4131228503933794e-05, ""name"": ""中国石油化工股份""}, {""ts_code"": ""00762.HK"", ""side"": ""sell"", ""current_weight"": 0.1679972259405368, ""target_weight"": 0.14297123193987335, ""post_trade_weight"": 0.14302325581395334, ""diff_weight"": -0.025025994000663455, ""gross_amount"": 0.022423964062413176, ""gross_amount_pct_nav"": 0.025025994000663455, ""fee"": 6.7271892187239525e-06, ""fee_pct_nav"": 7.507798200199036e-06, ""name"": ""中国联通""}, {""ts_code"": ""00941.HK"", ""side"": ""buy"", ""current_weight"": 0.0, ""target_weight"": 0.16415215519022497, ""post_trade_weight"": 0.1642118863049094, ""diff_weight"": 0.16415215519022497, ""gross_amount"": 0.14708474830832657, ""gross_amount_pct_nav"": 0.16415215519022497, ""fee"": 4.412542449249797e-05, ""fee_pct_nav"": 4.924564655706749e-05, ""name"": ""中国移动""}, {""ts_code"": ""01088.HK"", ""side"": ""buy"", ""current_weight"": 0.0, ""target_weight"": 0.15278678173881677, ""post_trade_weight"": 0.15284237726098177, ""diff_weight"": 0.15278678173881677, ""gross_amount"": 0.13690106785896958, ""gross_amount_pct_nav"": 0.15278678173881677, ""fee"": 4.107032035769087e-05, ""fee_pct_nav"": 4.583603452164502e-05, ""name"": ""中国神华""}, {""ts_code"": ""01339.HK"", ""side"": ""sell"", ""current_weight"": 0.15579134738847802, ""target_weight"": 0.0, ""post_trade_weight"": 0.0, ""diff_weight"": -0.15579134738847802, ""gross_amount"": 0.13959323953252542, ""gross_amount_pct_nav"": 0.15579134738847802, ""fee"": 4.187797185975762e-05, ""fee_pct_nav"": 4.67374042165434e-05, ""name"": ""中国人民保险集团""}, {""ts_code"": ""01876.HK"", ""side"": ""sell"", ""current_weight"": 0.14232221130353012, ""target_weight"": 0.0, ""post_trade_weight"": 0.0, ""diff_weight"": -0.14232221130353012, ""gross_amount"": 0.1275245311522462, ""gross_amount_pct_nav"": 0.14232221130353012, ""fee"": 3.825735934567386e-05, ""fee_pct_nav"": 4.269666339105903e-05, ""name"": ""百威亚太""}, {""ts_code"": ""03320.HK"", ""side"": ""sell"", ""current_weight"": 0.13249165422645381, ""target_weight"": 0.0, ""post_trade_weight"": 0.0, ""diff_weight"": -0.13249165422645381, ""gross_amount"": 0.11871608747548291, ""gross_amount_pct_nav"": 0.13249165422645381, ""fee"": 3.5614826242644874e-05, ""fee_pct_nav"": 3.9747496267936146e-05, ""name"": ""华润医药""}, {""ts_code"": ""03988.HK"", ""side"": ""buy"", ""current_weight"": 0.0, ""target_weight"": 0.13728854521416925, ""post_trade_weight"": 0.13733850129198952, ""diff_weight"": 0.13728854521416925, ""gross_amount"": 0.12301423088257367, ""gross_amount_pct_nav"": 0.13728854521416925, ""fee"": 3.69042692647721e-05, ""fee_pct_nav"": 4.118656356425077e-05, ""name"": ""中国银行""}]"
2022-12-05,0.73854926,1.47709852,0.69298447,0.69073998,0.00041512,0.00020790,0.00020722,0.00000000,rebalance,"[{""ts_code"": ""00016.HK"", ""side"": ""buy"", ""current_weight"": 0.0, ""target_weight"": 0.15399188176979106, ""post_trade_weight"": 0.15406015037593912, ""diff_weight"": 0.15399188176979106, ""gross_amount"": 0.14425735916306906, ""gross_amount_pct_nav"": 0.15399188176979106, ""fee"": 4.327720774892071e-05, ""fee_pct_nav"": 4.6197564530937315e-05, ""name"": ""新鸿基地产""}, {""ts_code"": ""00027.HK"", ""side"": ""buy"", ""current_weight"": 0.0, ""target_weight"": 0.15218817012387842, ""post_trade_weight"": 0.15225563909774362, ""diff_weight"": 0.15218817012387842, ""gross_amount"": 0.14256766827975345, ""gross_amount_pct_nav"": 0.15218817012387842, ""fee"": 4.277030048392603e-05, ""fee_pct_nav"": 4.565645103716352e-05, ""name"": ""银河娱乐""}, {""ts_code"": ""00386.HK"", ""side"": ""sell"", ""current_weight"": 0.14703767796100872, ""target_weight"": 0.0, ""post_trade_weight"": 0.0, ""diff_weight"": -0.14703767796100872, ""gross_amount"": 0.13774276199724952, ""gross_amount_pct_nav"": 0.14703767796100872, ""fee"": 4.132282859917485e-05, ""fee_pct_nav"": 4.411130338830261e-05, ""name"": ""中国石油化工股份""}, {""ts_code"": ""00728.HK"", ""side"": ""sell"", ""current_weight"": 0.1497405795899541, ""target_weight"": 0.0, ""post_trade_weight"": 0.0, ""diff_weight"": -0.1497405795899541, ""gross_amount"": 0.14027480100208561, ""gross_amount_pct_nav"": 0.1497405795899541, ""fee"": 4.208244030062568e-05, ""fee_pct_nav"": 4.492217387698622e-05, ""name"": ""中国电信""}, {""ts_code"": ""00857.HK"", ""side"": ""buy"", ""current_weight"": 0.0, ""target_weight"": 0.14001311651396814, ""post_trade_weight"": 0.14007518796992413, ""diff_weight"": 0.14001311651396814, ""gross_amount"": 0.13116225481737318, ""gross_amount_pct_nav"": 0.14001311651396814, ""fee"": 3.934867644521195e-05, ""fee_pct_nav"": 4.200393495419044e-05, ""name"": ""中国石油股份""}, {""ts_code"": ""00941.HK"", ""side"": ""sell"", ""current_weight"": 0.1612608734759183, ""target_weight"": 0.0, ""post_trade_weight"": 0.0, ""diff_weight"": -0.1612608734759183, ""gross_amount"": 0.15106684506098003, ""gross_amount_pct_nav"": 0.1612608734759183, ""fee"": 4.5320053518294004e-05, ""fee_pct_nav"": 4.837826204277548e-05, ""name"": ""中国移动""}, {""ts_code"": ""01088.HK"", ""side"": ""sell"", ""current_weight"": 0.14742842644689996, ""target_weight"": 0.0, ""post_trade_weight"": 0.0, ""diff_weight"": -0.14742842644689996, ""gross_amount"": 0.13810880950588317, ""gross_amount_pct_nav"": 0.14742842644689996, ""fee"": 4.143264285176495e-05, ""fee_pct_nav"": 4.4228527934069986e-05, ""name"": ""中国神华""}, {""ts_code"": ""01876.HK"", ""side"": ""buy"", ""current_weight"": 0.0, ""target_weight"": 0.14767889100909684, ""post_trade_weight"": 0.1477443609022549, ""diff_weight"": 0.14767889100909684, ""gross_amount"": 0.13834344107146446, ""gross_amount_pct_nav"": 0.14767889100909684, ""fee"": 4.1503032321439334e-05, ""fee_pct_nav"": 4.4303667302729044e-05, ""name"": ""百威亚太""}, {""ts_code"": ""01928.HK"", ""side"": ""buy"", ""current_weight"": 0.0, ""target_weight"": 0.14587517936318423, ""post_trade_weight"": 0.14593984962405945, ""diff_weight"": 0.14587517936318423, ""gross_amount"": 0.13665375018814888, ""gross_amount_pct_nav"": 0.14587517936318423, ""fee"": 4.0996125056444657e-05, ""fee_pct_nav"": 4.376255380895526e-05, ""name"": ""金沙中国有限公司""}, {""ts_code"": ""03988.HK"", ""side"": ""sell"", ""current_weight"": 0.13188372622727565, ""target_weight"": 0.0, ""post_trade_weight"": 0.0, ""diff_weight"": -0.13188372622727565, ""gross_amount"": 0.12354676002059344, ""gross_amount_pct_nav"": 0.13188372622727565, ""fee"": 3.706402800617803e-05, ""fee_pct_nav"": 3.956511786818269e-05, ""name"": ""中国银行""}]"
2022-12-12,0.29167101,0.58334201,0.27814594,0.27423065,0.00016571,0.00008344,0.00008227,0.00000000,rebalance,"[{""ts_code"": ""00019.HK"", ""side"": ""buy"", ""current_weight"": 0.0, ""target_weight"": 0.15857097092457584, ""post_trade_weight"": 0.15859872611464967, ""diff_weight"": 0.15857097092457584, ""gross_amount"": 0.1501535820252238, ""gross_amount_pct_nav"": 0.15857097092457584, ""fee"": 4.5046074607567136e-05, ""fee_pct_nav"": 4.757129127737275e-05, ""name"": ""太古股份公司A""}, {""ts_code"": ""00753.HK"", ""side"": ""buy"", ""current_weight"": 0.0, ""target_weight"": 0.13516742401100892, ""post_trade_weight"": 0.13519108280254777, ""diff_weight"": 0.13516742401100892, ""gross_amount"": 0.127992360581742, ""gross_amount_pct_nav"": 0.13516742401100892, ""fee"": 3.8397708174522596e-05, ""fee_pct_nav"": 4.0550227203302684e-05, ""name"": ""中国国航""}, {""ts_code"": ""00762.HK"", ""side"": ""sell"", ""current_weight"": 0.15497219944152607, ""target_weight"": 0.0, ""post_trade_weight"": 0.0, ""diff_weight"": -0.15497219944152607, ""gross_amount"": 0.14674584335830743, ""gross_amount_pct_nav"": 0.15497219944152607, ""fee"": 4.4023753007492225e-05, ""fee_pct_nav"": 4.6491659832457816e-05, ""name"": ""中国联通""}, {""ts_code"": ""00857.HK"", ""side"": ""sell"", ""current_weight"": 0.13463141922246008, ""target_weight"": 0.0, ""post_trade_weight"": 0.0, ""diff_weight"": -0.13463141922246008, ""gross_amount"": 0.1274848084206244, ""gross_amount_pct_nav"": 0.13463141922246008, ""fee"": 3.8245442526187315e-05, ""fee_pct_nav"": 4.0389425766738024e-05, ""name"": ""中国石油股份""}]"
2022-12-19,0.90242196,1.80484392,0.85692559,0.86246865,0.00051582,0.00025708,0.00025874,0.00000000,rebalance,"[{""ts_code"": ""00016.HK"", ""side"": ""sell"", ""current_weight"": 0.17020321731097574, ""target_weight"": 0.0, ""post_trade_weight"": 0.0, ""diff_weight"": -0.17020321731097574, ""gross_amount"": 0.16214500743117116, ""gross_amount_pct_nav"": 0.17020321731097574, ""fee"": 4.864350222935134e-05, ""fee_pct_nav"": 5.106096519329271e-05, ""name"": ""新鸿基地产""}, {""ts_code"": ""00019.HK"", ""side"": ""sell"", ""current_weight"": 0.16128916295686446, ""target_weight"": 0.0, ""post_trade_weight"": 0.0, ""diff_weight"": -0.16128916295686446, ""gross_amount"": 0.15365298576245956, ""gross_amount_pct_nav"": 0.16128916295686446, ""fee"": 4.6095895728737864e-05, ""fee_pct_nav"": 4.838674888705933e-05, ""name"": ""太古股份公司A""}, {""ts_code"": ""00027.HK"", ""side"": ""sell"", ""current_weight"": 0.14603087199032996, ""target_weight"": 0.0, ""post_trade_weight"": 0.0, ""diff_weight"": -0.14603087199032996, ""gross_amount"": 0.13911709307345477, ""gross_amount_pct_nav"": 0.14603087199032996, ""fee"": 4.173512792203643e-05, ""fee_pct_nav"": 4.380926159709899e-05, ""name"": ""银河娱乐""}, {""ts_code"": ""00386.HK"", ""side"": ""buy"", ""current_weight"": 0.0, ""target_weight"": 0.17781064844636213, ""post_trade_weight"": 0.17790697674418418, ""diff_weight"": 0.17781064844636213, ""gross_amount"": 0.1693922674857542, ""gross_amount_pct_nav"": 0.17781064844636213, ""fee"": 5.0817680245726255e-05, ""fee_pct_nav"": 5.3343194533908636e-05, ""name"": ""中国石油化工股份""}, {""ts_code"": ""00753.HK"", ""side"": ""sell"", ""current_weight"": 0.1323176119624874, ""target_weight"": 0.0, ""post_trade_weight"": 0.0, ""diff_weight"": -0.1323176119624874, ""gross_amount"": 0.12605308239110952, ""gross_amount_pct_nav"": 0.1323176119624874, ""fee"": 3.7815924717332854e-05, ""fee_pct_nav"": 3.9695283588746214e-05, ""name"": ""中国国航""}, {""ts_code"": ""00762.HK"", ""side"": ""buy"", ""current_weight"": 0.0, ""target_weight"": 0.14187305132447295, ""post_trade_weight"": 0.14194991055456024, ""diff_weight"": 0.14187305132447295, ""gross_amount"": 0.13515612292603918, ""gross_amount_pct_nav"": 0.14187305132447295, ""fee"": 4.054683687781175e-05, ""fee_pct_nav"": 4.256191539734188e-05, ""name"": ""中国联通""}, {""ts_code"": ""01066.HK"", ""side"": ""buy"", ""current_weight"": 0.0, ""target_weight"": 0.149382399976808, ""post_trade_weight"": 0.14946332737030255, ""diff_weight"": 0.149382399976808, ""gross_amount"": 0.1423099441773229, ""gross_amount_pct_nav"": 0.149382399976808, ""fee"": 4.2692983253196863e-05, ""fee_pct_nav"": 4.481471999304239e-05, ""name"": ""威高股份""}, {""ts_code"": ""01876.HK"", ""side"": ""sell"", ""current_weight"": 0.14850340648530905, ""target_weight"": 0.0, ""post_trade_weight"": 0.0, ""diff_weight"": -0.14850340648530905, ""gross_amount"": 0.14147256631536015, ""gross_amount_pct_nav"": 0.14850340648530905, ""fee"": 4.244176989460804e-05, ""fee_pct_nav"": 4.455102194559272e-05, ""name"": ""百威亚太""}, {""ts_code"": ""01928.HK"", ""side"": ""sell"", ""current_weight"": 0.14698696148847545, ""target_weight"": 0.0, ""post_trade_weight"": 0.0, ""diff_weight"": -0.14698696148847545, ""gross_amount"": 0.14002791685946123, ""gross_amount_pct_nav"": 0.14698696148847545, ""fee"": 4.2008375057838365e-05, ""fee_pct_nav"": 4.409608844654263e-05, ""name"": ""金沙中国有限公司""}, {""ts_code"": ""01997.HK"", ""side"": ""buy"", ""current_weight"": 0.0, ""target_weight"": 0.149382399976808, ""post_trade_weight"": 0.14946332737030255, ""diff_weight"": 0.149382399976808, ""gross_amount"": 0.1423099441773229, ""gross_amount_pct_nav"": 0.149382399976808, ""fee"": 4.2692983253196863e-05, ""fee_pct_nav"": 4.481471999304239e-05, ""name"": ""九龙仓置业""}, {""ts_code"": ""03988.HK"", ""side"": ""buy"", ""current_weight"": 0.0, ""target_weight"": 0.13597284881192395, ""post_trade_weight"": 0.13604651162790554, ""diff_weight"": 0.13597284881192395, ""gross_amount"": 0.12953526337145907, ""gross_amount_pct_nav"": 0.13597284881192395, ""fee"": 3.886057901143772e-05, ""fee_pct_nav"": 4.0791854643577184e-05, ""name"": ""中国银行""}, {""ts_code"": ""06862.HK"", ""side"": ""buy"", ""current_weight"": 0.0, ""target_weight"": 0.14509134360404508, ""post_trade_weight"": 0.14516994633273547, ""diff_weight"": 0.14509134360404508, ""gross_amount"": 0.13822204631944646, ""gross_amount_pct_nav"": 0.14509134360404508, ""fee"": 4.146661389583393e-05, ""fee_pct_nav"": 4.352740308121352e-05, ""name"": ""海底捞""}]"
2022-12-28,0.47075427,0.94150854,0.46764673,0.47254697,0.00028206,0.00014029,0.00014176,0.00000000,rebalance,"[{""ts_code"": ""00016.HK"", ""side"": ""buy"", ""current_weight"": 0.0, ""target_weight"": 0.15482112288687735, ""post_trade_weight"": 0.1548648648648648, ""diff_weight"": 0.15482112288687735, ""gross_amount"": 0.15460491108794047, ""gross_amount_pct_nav"": 0.15482112288687735, ""fee"": 4.638147332638214e-05, ""fee_pct_nav"": 4.6446336866063204e-05, ""name"": ""新鸿基地产""}, {""ts_code"": ""00019.HK"", ""side"": ""buy"", ""current_weight"": 0.0, ""target_weight"": 0.14555733094151446, ""post_trade_weight"": 0.14559845559845558, ""diff_weight"": 0.14555733094151446, ""gross_amount"": 0.14535405627340403, ""gross_amount_pct_nav"": 0.14555733094151446, ""fee"": 4.360621688202121e-05, ""fee_pct_nav"": 4.3667199282454336e-05, ""name"": ""太古股份公司A""}, {""ts_code"": ""00386.HK"", ""side"": ""sell"", ""current_weight"": 0.17478506059187562, ""target_weight"": 0.15250517490053664, ""post_trade_weight"": 0.15254826254826254, ""diff_weight"": -0.02227988569133899, ""gross_amount"": 0.022248771240832438, ""gross_amount_pct_nav"": 0.02227988569133899, ""fee"": 6.674631372249731e-06, ""fee_pct_nav"": 6.683965707401696e-06, ""name"": ""中国石油化工股份""}, {""ts_code"": ""00728.HK"", ""side"": ""buy"", ""current_weight"": 0.0, ""target_weight"": 0.15713707087321804, ""post_trade_weight"": 0.1571814671814671, ""diff_weight"": 0.15713707087321804, ""gross_amount"": 0.15691762479157456, ""gross_amount_pct_nav"": 0.15713707087321804, ""fee"": 4.707528743747236e-05, ""fee_pct_nav"": 4.714112126196541e-05, ""name"": ""中国电信""}, {""ts_code"": ""00762.HK"", ""side"": ""buy"", ""current_weight"": 0.1468150627725115, ""target_weight"": 0.1576002604704862, ""post_trade_weight"": 0.15764478764478757, ""diff_weight"": 0.010785197697974709, ""gross_amount"": 0.010770135883716503, ""gross_amount_pct_nav"": 0.010785197697974709, ""fee"": 3.2310407651149504e-06, ""fee_pct_nav"": 3.2355593093924122e-06, ""name"": ""中国联通""}, {""ts_code"": ""01066.HK"", ""side"": ""sell"", ""current_weight"": 0.1532880036763182, ""target_weight"": 0.0, ""post_trade_weight"": 0.0, ""diff_weight"": -0.1532880036763182, ""gross_amount"": 0.15307393291896737, ""gross_amount_pct_nav"": 0.1532880036763182, ""fee"": 4.592217987569021e-05, ""fee_pct_nav"": 4.5986401102895455e-05, ""name"": ""威高股份""}, {""ts_code"": ""01997.HK"", ""side"": ""sell"", ""current_weight"": 0.14000235474502734, ""target_weight"": 0.0, ""post_trade_weight"": 0.0, ""diff_weight"": -0.14000235474502734, ""gross_amount"": 0.13980683774831276, ""gross_amount_pct_nav"": 0.14000235474502734, ""fee"": 4.194205132449383e-05, ""fee_pct_nav"": 4.20007064235082e-05, ""name"": ""九龙仓置业""}, {""ts_code"": ""03988.HK"", ""side"": ""sell"", ""current_weight"": 0.13354770232404614, ""target_weight"": 0.0, ""post_trade_weight"": 0.0, ""diff_weight"": -0.13354770232404614, ""gross_amount"": 0.1333611994204051, ""gross_amount_pct_nav"": 0.13354770232404614, ""fee"": 4.000835982612153e-05, ""fee_pct_nav"": 4.006431069721384e-05, ""name"": ""中国银行""}, {""ts_code"": ""06862.HK"", ""side"": ""sell"", ""current_weight"": 0.1562147068538965, ""target_weight"": 0.13212483262073826, ""post_trade_weight"": 0.13216216216216214, ""diff_weight"": -0.024089874233158205, ""gross_amount"": 0.02405623208571092, ""gross_amount_pct_nav"": 0.024089874233158205, ""fee"": 7.216869625713276e-06, ""fee_pct_nav"": 7.226962269947461e-06, ""name"": ""海底捞""}]"
2023-01-03,0.73995213,1.47990427,0.74467628,0.74900209,0.00044810,0.00022340,0.00022470,0.00000000,rebalance,"[{""ts_code"": ""00019.HK"", ""side"": ""sell"", ""current_weight"": 0.13792205885975165, ""target_weight"": 0.0, ""post_trade_weight"": 0.0, ""diff_weight"": -0.13792205885975165, ""gross_amount"": 0.13920575869410778, ""gross_amount_pct_nav"": 0.13792205885975165, ""fee"": 4.1761727608232334e-05, ""fee_pct_nav"": 4.137661765792549e-05, ""name"": ""太古股份公司A""}, {""ts_code"": ""00267.HK"", ""side"": ""buy"", ""current_weight"": 0.0, ""target_weight"": 0.1275859159092991, ""post_trade_weight"": 0.12764258555133018, ""diff_weight"": 0.1275859159092991, ""gross_amount"": 0.12877341282221488, ""gross_amount_pct_nav"": 0.1275859159092991, ""fee"": 3.863202384666446e-05, ""fee_pct_nav"": 3.827577477278972e-05, ""name"": ""中信股份""}, {""ts_code"": ""00386.HK"", ""side"": ""sell"", ""current_weight"": 0.15088781964598627, ""target_weight"": 0.0, ""post_trade_weight"": 0.0, ""diff_weight"": -0.15088781964598627, ""gross_amount"": 0.15229219738430638, ""gross_amount_pct_nav"": 0.15088781964598627, ""fee"": 4.568765921529191e-05, ""fee_pct_nav"": 4.5266345893795875e-05, ""name"": ""中国石油化工股份""}, {""ts_code"": ""00728.HK"", ""side"": ""sell"", ""current_weight"": 0.15653911962536893, ""target_weight"": 0.0, ""post_trade_weight"": 0.0, ""diff_weight"": -0.15653911962536893, ""gross_amount"": 0.15799609643962662, ""gross_amount_pct_nav"": 0.15653911962536893, ""fee"": 4.7398828931887984e-05, ""fee_pct_nav"": 4.6961735887610674e-05, ""name"": ""中国电信""}, {""ts_code"": ""00762.HK"", ""side"": ""sell"", ""current_weight"": 0.1660224804932668, ""target_weight"": 0.0, ""post_trade_weight"": 0.0, ""diff_weight"": -0.1660224804932668, ""gross_amount"": 0.16756772301988337, ""gross_amount_pct_nav"": 0.1660224804932668, ""fee"": 5.027031690596501e-05, ""fee_pct_nav"": 4.9806744147980036e-05, ""name"": ""中国联通""}, {""ts_code"": ""01066.HK"", ""side"": ""buy"", ""current_weight"": 0.0, ""target_weight"": 0.14810911954082173, ""post_trade_weight"": 0.14817490494296506, ""diff_weight"": 0.14810911954082173, ""gross_amount"": 0.14948763472391163, ""gross_amount_pct_nav"": 0.14810911954082173, ""fee"": 4.484629041717349e-05, ""fee_pct_nav"": 4.4432735862246514e-05, ""name"": ""威高股份""}, {""ts_code"": ""01288.HK"", ""side"": ""buy"", ""current_weight"": 0.0, ""target_weight"": 0.15631840099343083, ""post_trade_weight"": 0.15638783269961906, ""diff_weight"": 0.15631840099343083, ""gross_amount"": 0.1577733234845904, ""gross_amount_pct_nav"": 0.15631840099343083, ""fee"": 4.733199704537711e-05, ""fee_pct_nav"": 4.689552029802925e-05, ""name"": ""农业银行""}, {""ts_code"": ""01398.HK"", ""side"": ""buy"", ""current_weight"": 0.0, ""target_weight"": 0.1405839448759301, ""post_trade_weight"": 0.14064638783269895, ""diff_weight"": 0.1405839448759301, ""gross_amount"": 0.14189242002662283, ""gross_amount_pct_nav"": 0.1405839448759301, ""fee"": 4.256772600798684e-05, ""fee_pct_nav"": 4.217518346277902e-05, ""name"": ""工商银行""}, {""ts_code"": ""03988.HK"", ""side"": ""buy"", ""current_weight"": 0.0, ""target_weight"": 0.16521178923375732, ""post_trade_weight"": 0.16528517110266086, ""diff_weight"": 0.16521178923375732, ""gross_amount"": 0.166749486308659, ""gross_amount_pct_nav"": 0.16521178923375732, ""fee"": 5.0024845892597694e-05, ""fee_pct_nav"": 4.956353677012719e-05, ""name"": ""中国银行""}, {""ts_code"": ""06862.HK"", ""side"": ""sell"", ""current_weight"": 0.1307236159575325, ""target_weight"": 0.0, ""post_trade_weight"": 0.0, ""diff_weight"": -0.1307236159575325, ""gross_amount"": 0.13194031679232618, ""gross_amount_pct_nav"": 0.1307236159575325, ""fee"": 3.958209503769785e-05, ""fee_pct_nav"": 3.9217084787259754e-05, ""name"": ""海底捞""}]"
2023-01-09,0.62224024,1.24448048,0.68629735,0.58896602,0.00038258,0.00020589,0.00017669,0.00000000,rebalance,"[{""ts_code"": ""00016.HK"", ""side"": ""sell"", ""current_weight"": 0.15659962132132843, ""target_weight"": 0.0, ""post_trade_weight"": 0.0, ""diff_weight"": -0.15659962132132843, ""gross_amount"": 0.16047319559346626, ""gross_amount_pct_nav"": 0.15659962132132843, ""fee"": 4.814195867803987e-05, ""fee_pct_nav"": 4.6979886396398526e-05, ""name"": ""新鸿基地产""}, {""ts_code"": ""00267.HK"", ""side"": ""sell"", ""current_weight"": 0.12825783557171574, ""target_weight"": 0.0, ""post_trade_weight"": 0.0, ""diff_weight"": -0.12825783557171574, ""gross_amount"": 0.13143036081717122, ""gross_amount_pct_nav"": 0.12825783557171574, ""fee"": 3.942910824515136e-05, ""fee_pct_nav"": 3.847735067151472e-05, ""name"": ""中信股份""}, {""ts_code"": ""00762.HK"", ""side"": ""buy"", ""current_weight"": 0.0, ""target_weight"": 0.16323675249386907, ""post_trade_weight"": 0.16329771874097512, ""diff_weight"": 0.16323675249386907, ""gross_amount"": 0.16727449970802188, ""gross_amount_pct_nav"": 0.16323675249386907, ""fee"": 5.018234991240656e-05, ""fee_pct_nav"": 4.897102574816071e-05, ""name"": ""中国联通""}, {""ts_code"": ""01066.HK"", ""side"": ""sell"", ""current_weight"": 0.14903022634107152, ""target_weight"": 0.0, ""post_trade_weight"": 0.0, ""diff_weight"": -0.14903022634107152, ""gross_amount"": 0.1527165676339481, ""gross_amount_pct_nav"": 0.14903022634107152, ""fee"": 4.581497029018443e-05, ""fee_pct_nav"": 4.470906790232145e-05, ""name"": ""威高股份""}, {""ts_code"": ""01288.HK"", ""side"": ""buy"", ""current_weight"": 0.1579989353110798, ""target_weight"": 0.17247384547318617, ""post_trade_weight"": 0.1725382616228694, ""diff_weight"": 0.01447491016210634, ""gross_amount"": 0.014832954703481005, ""gross_amount_pct_nav"": 0.01447491016210634, ""fee"": 4.449886411044301e-06, ""fee_pct_nav"": 4.342473048631901e-06, ""name"": ""农业银行""}, {""ts_code"": ""01398.HK"", ""side"": ""sell"", ""current_weight"": 0.14086160512970342, ""target_weight"": 0.0, ""post_trade_weight"": 0.0, ""diff_weight"": -0.14086160512970342, ""gross_amount"": 0.14434589126627623, ""gross_amount_pct_nav"": 0.14086160512970342, ""fee"": 4.3303767379882866e-05, ""fee_pct_nav"": 4.225848153891102e-05, ""name"": ""工商银行""}, {""ts_code"": ""01876.HK"", ""side"": ""buy"", ""current_weight"": 0.0, ""target_weight"": 0.153999659514552, ""post_trade_weight"": 0.15405717585908088, ""diff_weight"": 0.153999659514552, ""gross_amount"": 0.15780892235938052, ""gross_amount_pct_nav"": 0.153999659514552, ""fee"": 4.734267670781415e-05, ""fee_pct_nav"": 4.619989785436559e-05, ""name"": ""百威亚太""}, {""ts_code"": ""01929.HK"", ""side"": ""buy"", ""current_weight"": 0.0, ""target_weight"": 0.17131920885077148, ""post_trade_weight"": 0.17138319376263259, ""diff_weight"": 0.17131920885077148, ""gross_amount"": 0.17555687988808308, ""gross_amount_pct_nav"": 0.17131920885077148, ""fee"": 5.266706396642492e-05, ""fee_pct_nav"": 5.1395762655231447e-05, ""name"": ""周大福""}, {""ts_code"": ""02883.HK"", ""side"": ""buy"", ""current_weight"": 0.0, ""target_weight"": 0.16670066236111297, ""post_trade_weight"": 0.16676292232168546, ""diff_weight"": 0.16670066236111297, ""gross_amount"": 0.1708240912137624, ""gross_amount_pct_nav"": 0.16670066236111297, ""fee"": 5.124722736412872e-05, ""fee_pct_nav"": 5.001019870833389e-05, ""name"": ""中海油田服务""}]"
2023-01-16,0.82563546,1.65127093,0.86280589,0.85948018,0.00051669,0.00025884,0.00025784,0.00000000,rebalance,"[{""ts_code"": ""00386.HK"", ""side"": ""buy"", ""current_weight"": 0.0, ""target_weight"": 0.17072283860143042, ""post_trade_weight"": 0.17080745341614778, ""diff_weight"": 0.17072283860143042, ""gross_amount"": 0.1780650048276217, ""gross_amount_pct_nav"": 0.17072283860143042, ""fee"": 5.3419501448286504e-05, ""fee_pct_nav"": 5.1216851580429124e-05, ""name"": ""中国石油化工股份""}, {""ts_code"": ""00728.HK"", ""side"": ""buy"", ""current_weight"": 0.0, ""target_weight"": 0.1717575224717421, ""post_trade_weight"": 0.17184265010351837, ""diff_weight"": 0.1717575224717421, ""gross_amount"": 0.17914418667506182, ""gross_amount_pct_nav"": 0.1717575224717421, ""fee"": 5.3743256002518545e-05, ""fee_pct_nav"": 5.152725674152263e-05, ""name"": ""中国电信""}, {""ts_code"": ""00883.HK"", ""side"": ""buy"", ""current_weight"": 0.0, ""target_weight"": 0.15571992248191074, ""post_trade_weight"": 0.15579710144927417, ""diff_weight"": 0.15571992248191074, ""gross_amount"": 0.16241686803973976, ""gross_amount_pct_nav"": 0.15571992248191074, ""fee"": 4.8725060411921923e-05, ""fee_pct_nav"": 4.671597674457322e-05, ""name"": ""中国海洋石油""}, {""ts_code"": ""00941.HK"", ""side"": ""buy"", ""current_weight"": 0.0, ""target_weight"": 0.18055233536939155, ""post_trade_weight"": 0.18064182194616843, ""diff_weight"": 0.18055233536939155, ""gross_amount"": 0.18831723237830295, ""gross_amount_pct_nav"": 0.18055233536939155, ""fee"": 5.649516971349088e-05, ""fee_pct_nav"": 5.416570061081747e-05, ""name"": ""中国移动""}, {""ts_code"": ""01288.HK"", ""side"": ""sell"", ""current_weight"": 0.17305791489259228, ""target_weight"": 0.0, ""post_trade_weight"": 0.0, ""diff_weight"": -0.17305791489259228, ""gross_amount"": 0.18050050422808164, ""gross_amount_pct_nav"": 0.17305791489259228, ""fee"": 5.4150151268424485e-05, ""fee_pct_nav"": 5.191737446777768e-05, ""name"": ""农业银行""}, {""ts_code"": ""01876.HK"", ""side"": ""sell"", ""current_weight"": 0.1439875729893655, ""target_weight"": 0.0, ""post_trade_weight"": 0.0, ""diff_weight"": -0.1439875729893655, ""gross_amount"": 0.150179953013352, ""gross_amount_pct_nav"": 0.1439875729893655, ""fee"": 4.5053985904005594e-05, ""fee_pct_nav"": 4.3196271896809644e-05, ""name"": ""百威亚太""}, {""ts_code"": ""01929.HK"", ""side"": ""sell"", ""current_weight"": 0.16952826170096333, ""target_weight"": 0.0, ""post_trade_weight"": 0.0, ""diff_weight"": -0.16952826170096333, ""gross_amount"": 0.17681905353433727, ""gross_amount_pct_nav"": 0.16952826170096333, ""fee"": 5.304571606030118e-05, ""fee_pct_nav"": 5.0858478510288996e-05, ""name"": ""周大福""}, {""ts_code"": ""02628.HK"", ""side"": ""buy"", ""current_weight"": 0.0, ""target_weight"": 0.14847713538972887, ""post_trade_weight"": 0.14855072463768002, ""diff_weight"": 0.14847713538972887, ""gross_amount"": 0.15486259510765885, ""gross_amount_pct_nav"": 0.14847713538972887, ""fee"": 4.645877853229765e-05, ""fee_pct_nav"": 4.454314061691865e-05, ""name"": ""中国人寿""}, {""ts_code"": ""02883.HK"", ""side"": ""sell"", ""current_weight"": 0.17041552057602208, ""target_weight"": 0.0, ""post_trade_weight"": 0.0, ""diff_weight"": -0.17041552057602208, ""gross_amount"": 0.17774447017551398, ""gross_amount_pct_nav"": 0.17041552057602208, ""fee"": 5.332334105265419e-05, ""fee_pct_nav"": 5.1124656172806615e-05, ""name"": ""中海油田服务""}, {""ts_code"": ""03988.HK"", ""side"": ""sell"", ""current_weight"": 0.16705190516259058, ""target_weight"": 0.0, ""post_trade_weight"": 0.0, ""diff_weight"": -0.16705190516259058, ""gross_amount"": 0.17423619793884368, ""gross_amount_pct_nav"": 0.16705190516259058, ""fee"": 5.22708593816531e-05, ""fee_pct_nav"": 5.011557154877717e-05, ""name"": ""中国银行""}]"
2023-01-26,0.18844312,0.37688624,0.15216213,0.25929151,0.00012344,0.00004565,0.00007779,0.00000000,rebalance,"[{""ts_code"": ""00016.HK"", ""side"": ""buy"", ""current_weight"": 0.0, ""target_weight"": 0.13937855322803486, ""post_trade_weight"": 0.13939431396786164, ""diff_weight"": 0.13937855322803486, ""gross_amount"": 0.15216213002225729, ""gross_amount_pct_nav"": 0.13937855322803486, ""fee"": 4.564863900667718e-05, ""fee_pct_nav"": 4.181356596841045e-05, ""name"": ""新鸿基地产""}, {""ts_code"": ""00386.HK"", ""side"": ""sell"", ""current_weight"": 0.17226846973219645, ""target_weight"": 0.1496122538640917, ""post_trade_weight"": 0.1496291718170582, ""diff_weight"": -0.02265621586810476, ""gross_amount"": 0.024734207558422733, ""gross_amount_pct_nav"": 0.02265621586810476, ""fee"": 7.420262267526819e-06, ""fee_pct_nav"": 6.796864760431427e-06, ""name"": ""中国石油化工股份""}, {""ts_code"": ""00728.HK"", ""side"": ""sell"", ""current_weight"": 0.173867380065512, ""target_weight"": 0.15228191489958479, ""post_trade_weight"": 0.1522991347342399, ""diff_weight"": -0.021585465165927232, ""gross_amount"": 0.023565249323509813, ""gross_amount_pct_nav"": 0.021585465165927232, ""fee"": 7.069574797052943e-06, ""fee_pct_nav"": 6.475639549778168e-06, ""name"": ""中国电信""}, {""ts_code"": ""00762.HK"", ""side"": ""sell"", ""current_weight"": 0.1668265624644681, ""target_weight"": 0.1527268584055003, ""post_trade_weight"": 0.15274412855377018, ""diff_weight"": -0.0140997040589678, ""gross_amount"": 0.015392906244233201, ""gross_amount_pct_nav"": 0.0140997040589678, ""fee"": 4.61787187326996e-06, ""fee_pct_nav"": 4.22991121769034e-06, ""name"": ""中国联通""}, {""ts_code"": ""00883.HK"", ""side"": ""sell"", ""current_weight"": 0.1627546809458895, ""target_weight"": 0.14783247984042963, ""post_trade_weight"": 0.14784919653893708, ""diff_weight"": -0.014922201105459847, ""gross_amount"": 0.01629084139733014, ""gross_amount_pct_nav"": 0.014922201105459847, ""fee"": 4.887252419199042e-06, ""fee_pct_nav"": 4.476660331637954e-06, ""name"": ""中国海洋石油""}, {""ts_code"": ""00941.HK"", ""side"": ""sell"", ""current_weight"": 0.1770437563025766, ""target_weight"": 0.15806618047648652, ""post_trade_weight"": 0.15808405438813367, ""diff_weight"": -0.01897757582609008, ""gross_amount"": 0.02071816856666822, ""gross_amount_pct_nav"": 0.01897757582609008, ""fee"": 6.215450570000466e-06, ""fee_pct_nav"": 5.693272747827023e-06, ""name"": ""中国移动""}, {""ts_code"": ""02628.HK"", ""side"": ""sell"", ""current_weight"": 0.14526652872142365, ""target_weight"": 0.0, ""post_trade_weight"": 0.0, ""diff_weight"": -0.14526652872142365, ""gross_amount"": 0.1585901411605784, ""gross_amount_pct_nav"": 0.14526652872142365, ""fee"": 4.757704234817351e-05, ""fee_pct_nav"": 4.357995861642709e-05, ""name"": ""中国人寿""}]"
2023-01-30,0.19013565,0.38027131,0.26374992,0.15471596,0.00012554,0.00007912,0.00004641,0.00000000,rebalance,"[{""ts_code"": ""00016.HK"", ""side"": ""sell"", ""current_weight"": 0.14059459481837985, ""target_weight"": 0.0, ""post_trade_weight"": 0.0, ""diff_weight"": -0.14059459481837985, ""gross_amount"": 0.1547159605754471, ""gross_amount_pct_nav"": 0.14059459481837985, ""fee"": 4.6414788172634126e-05, ""fee_pct_nav"": 4.2178378445513956e-05, ""name"": ""新鸿基地产""}, {""ts_code"": ""00386.HK"", ""side"": ""buy"", ""current_weight"": 0.14961070308376484, ""target_weight"": 0.16850076441463496, ""post_trade_weight"": 0.16851998940958382, ""diff_weight"": 0.01889006133087011, ""gross_amount"": 0.020787385090515642, ""gross_amount_pct_nav"": 0.01889006133087011, ""fee"": 6.236215527154692e-06, ""fee_pct_nav"": 5.6670183992610315e-06, ""name"": ""中国石油化工股份""}, {""ts_code"": ""00728.HK"", ""side"": ""buy"", ""current_weight"": 0.1582264281782245, ""target_weight"": 0.1695596851650804, ""post_trade_weight"": 0.16957903097696533, ""diff_weight"": 0.011333256986855922, ""gross_amount"": 0.012471572918111823, ""gross_amount_pct_nav"": 0.011333256986855922, ""fee"": 3.7414718754335464e-06, ""fee_pct_nav"": 3.399977096056776e-06, ""name"": ""中国电信""}, {""ts_code"": ""00762.HK"", ""side"": ""buy"", ""current_weight"": 0.15033954198821828, ""target_weight"": 0.17167752666597136, ""post_trade_weight"": 0.17169711411172836, ""diff_weight"": 0.021337984677753066, ""gross_amount"": 0.023481178635831573, ""gross_amount_pct_nav"": 0.021337984677753066, ""fee"": 7.044353590749471e-06, ""fee_pct_nav"": 6.401395403325919e-06, ""name"": ""中国联通""}, {""ts_code"": ""00883.HK"", ""side"": ""buy"", ""current_weight"": 0.14534215328977498, ""target_weight"": 0.16267670028718487, ""post_trade_weight"": 0.16269526078898544, ""diff_weight"": 0.017334546997409866, ""gross_amount"": 0.019075634403363934, ""gross_amount_pct_nav"": 0.017334546997409866, ""fee"": 5.7226903210091795e-06, ""fee_pct_nav"": 5.200364099222959e-06, ""name"": ""中国海洋石油""}, {""ts_code"": ""00941.HK"", ""side"": ""buy"", ""current_weight"": 0.15669038067108407, ""target_weight"": 0.17114806629074858, ""post_trade_weight"": 0.17116759332803758, ""diff_weight"": 0.01445768561966451, ""gross_amount"": 0.015909820155133036, ""gross_amount_pct_nav"": 0.01445768561966451, ""fee"": 4.772946046539911e-06, ""fee_pct_nav"": 4.337305685899353e-06, ""name"": ""中国移动""}, {""ts_code"": ""01928.HK"", ""side"": ""buy"", ""current_weight"": 0.0, ""target_weight"": 0.15632317578451208, ""post_trade_weight"": 0.15634101138469636, ""diff_weight"": 0.15632317578451208, ""gross_amount"": 0.17202432520928942, ""gross_amount_pct_nav"": 0.15632317578451208, ""fee"": 5.1607297562786825e-05, ""fee_pct_nav"": 4.6896952735353615e-05, ""name"": ""金沙中国有限公司""}]"
2023-02-06,0.34855715,0.69711429,0.37936759,0.37959528,0.00022769,0.00011381,0.00011388,0.00000000,rebalance,"[{""ts_code"": ""00386.HK"", ""side"": ""sell"", ""current_weight"": 0.16402327435419806, ""target_weight"": 0.0, ""post_trade_weight"": 0.0, ""diff_weight"": -0.16402327435419806, ""gross_amount"": 0.1785755611314375, ""gross_amount_pct_nav"": 0.16402327435419806, ""fee"": 5.3572668339431244e-05, ""fee_pct_nav"": 4.9206982306259415e-05, ""name"": ""中国石油化工股份""}, {""ts_code"": ""00728.HK"", ""side"": ""buy"", ""current_weight"": 0.17574214060558252, ""target_weight"": 0.1894469244321355, ""post_trade_weight"": 0.18948655256723707, ""diff_weight"": 0.013704783826552996, ""gross_amount"": 0.014920684101982218, ""gross_amount_pct_nav"": 0.013704783826552996, ""fee"": 4.476205230594665e-06, ""fee_pct_nav"": 4.111435147965899e-06, ""name"": ""中国电信""}, {""ts_code"": ""00762.HK"", ""side"": ""sell"", ""current_weight"": 0.17148805445894547, ""target_weight"": 0.15929838161927953, ""post_trade_weight"": 0.1593317033414832, ""diff_weight"": -0.012189672839665927, ""gross_amount"": 0.013271151157800753, ""gross_amount_pct_nav"": 0.012189672839665927, ""fee"": 3.981345347340226e-06, ""fee_pct_nav"": 3.6569018518997782e-06, ""name"": ""中国联通""}, {""ts_code"": ""00883.HK"", ""side"": ""sell"", ""current_weight"": 0.16127849801853783, ""target_weight"": 0.14300187199070877, ""post_trade_weight"": 0.14303178484107573, ""diff_weight"": -0.01827662602782908, ""gross_amount"": 0.01989814409789875, ""gross_amount_pct_nav"": 0.01827662602782908, ""fee"": 5.969443229369625e-06, ""fee_pct_nav"": 5.482987808348724e-06, ""name"": ""中国海洋石油""}, {""ts_code"": ""00941.HK"", ""side"": ""buy"", ""current_weight"": 0.1732958933392258, ""target_weight"": 0.19596552828356387, ""post_trade_weight"": 0.1960065199674001, ""diff_weight"": 0.02266963494433809, ""gross_amount"": 0.02468090456533681, ""gross_amount_pct_nav"": 0.02266963494433809, ""fee"": 7.404271369601042e-06, ""fee_pct_nav"": 6.8008904833014275e-06, ""name"": ""中国移动""}, {""ts_code"": ""01766.HK"", ""side"": ""buy"", ""current_weight"": 0.0, ""target_weight"": 0.15685390517499392, ""post_trade_weight"": 0.15688671556642206, ""diff_weight"": 0.15685390517499392, ""gross_amount"": 0.17077011931730726, ""gross_amount_pct_nav"": 0.15685390517499392, ""fee"": 5.123103579519217e-05, ""fee_pct_nav"": 4.705617155249817e-05, ""name"": ""中国中车""}, {""ts_code"": ""01928.HK"", ""side"": ""sell"", ""current_weight"": 0.15417213922350706, ""target_weight"": 0.0, ""post_trade_weight"": 0.0, ""diff_weight"": -0.15417213922350706, ""gross_amount"": 0.16785042477093576, ""gross_amount_pct_nav"": 0.15417213922350706, ""fee"": 5.0355127431280726e-05, ""fee_pct_nav"": 4.6251641767052114e-05, ""name"": ""金沙中国有限公司""}, {""ts_code"": ""09995.HK"", ""side"": ""buy"", ""current_weight"": 0.0, ""target_weight"": 0.15522425421213687, ""post_trade_weight"": 0.15525672371638136, ""diff_weight"": 0.15522425421213687, ""gross_amount"": 0.16899588431141319, ""gross_amount_pct_nav"": 0.15522425421213687, ""fee"": 5.069876529342395e-05, ""fee_pct_nav"": 4.656727626364105e-05, ""name"": ""荣昌生物""}]"
2023-02-13,0.32621594,0.65243188,0.36073072,0.34863620,0.00021281,0.00010822,0.00010459,0.00000000,rebalance,"[{""ts_code"": ""00005.HK"", ""side"": ""buy"", ""current_weight"": 0.0, ""target_weight"": 0.16822482354604812, ""post_trade_weight"": 0.1682577565632458, ""diff_weight"": 0.16822482354604812, ""gross_amount"": 0.18290511053314493, ""gross_amount_pct_nav"": 0.16822482354604812, ""fee"": 5.487153315994347e-05, ""fee_pct_nav"": 5.0467447063814425e-05, ""name"": ""汇丰控股""}, {""ts_code"": ""00728.HK"", ""side"": ""sell"", ""current_weight"": 0.18395194530995038, ""target_weight"": 0.15663486609809343, ""post_trade_weight"": 0.15666553017388335, ""diff_weight"": -0.02731707921185695, ""gross_amount"": 0.029700928123248704, ""gross_amount_pct_nav"": 0.02731707921185695, ""fee"": 8.91027843697461e-06, ""fee_pct_nav"": 8.195123763557085e-06, ""name"": ""中国电信""}, {""ts_code"": ""00762.HK"", ""side"": ""buy"", ""current_weight"": 0.1626702004713828, ""target_weight"": 0.17981478099400283, ""post_trade_weight"": 0.17984998295260823, ""diff_weight"": 0.017144580522620034, ""gross_amount"": 0.01864071740087664, ""gross_amount_pct_nav"": 0.017144580522620034, ""fee"": 5.592215220262991e-06, ""fee_pct_nav"": 5.14337415678601e-06, ""name"": ""中国联通""}, {""ts_code"": ""00883.HK"", ""side"": ""sell"", ""current_weight"": 0.1462837396140694, ""target_weight"": 0.0, ""post_trade_weight"": 0.0, ""diff_weight"": -0.1462837396140694, ""gross_amount"": 0.15904931863988098, ""gross_amount_pct_nav"": 0.1462837396140694, ""fee"": 4.771479559196429e-05, ""fee_pct_nav"": 4.388512188422082e-05, ""name"": ""中国海洋石油""}, {""ts_code"": ""01910.HK"", ""side"": ""buy"", ""current_weight"": 0.0, ""target_weight"": 0.1464084330557805, ""post_trade_weight"": 0.14643709512444594, ""diff_weight"": 0.1464084330557805, ""gross_amount"": 0.1591848935643075, ""gross_amount_pct_nav"": 0.1464084330557805, ""fee"": 4.775546806929225e-05, ""fee_pct_nav"": 4.392252991673414e-05, ""name"": ""新秀丽""}, {""ts_code"": ""09995.HK"", ""side"": ""sell"", ""current_weight"": 0.14705322139357616, ""target_weight"": 0.0, ""post_trade_weight"": 0.0, ""diff_weight"": -0.14705322139357616, ""gross_amount"": 0.15988594992275104, ""gross_amount_pct_nav"": 0.14705322139357616, ""fee"": 4.796578497682531e-05, ""fee_pct_nav"": 4.411596641807284e-05, ""name"": ""荣昌生物""}]"
2023-02-20,0.35293759,0.70587517,0.39044894,0.40299431,0.00023803,0.00011713,0.00012090,0.00000000,rebalance,"[{""ts_code"": ""00005.HK"", ""side"": ""buy"", ""current_weight"": 0.16555186304220165, ""target_weight"": 0.17938106350242364, ""post_trade_weight"": 0.17941905773999287, ""diff_weight"": 0.013829200460221987, ""gross_amount"": 0.015544796184253473, ""gross_amount_pct_nav"": 0.013829200460221987, ""fee"": 4.663438855276041e-06, ""fee_pct_nav"": 4.1487601380665954e-06, ""name"": ""汇丰控股""}, {""ts_code"": ""00728.HK"", ""side"": ""buy"", ""current_weight"": 0.16140792075024038, ""target_weight"": 0.17229790206106435, ""post_trade_weight"": 0.17233439603258938, ""diff_weight"": 0.010889981310823964, ""gross_amount"": 0.012240949172297316, ""gross_amount_pct_nav"": 0.010889981310823964, ""fee"": 3.6722847516891945e-06, ""fee_pct_nav"": 3.266994393247189e-06, ""name"": ""中国电信""}, {""ts_code"": ""00762.HK"", ""side"": ""sell"", ""current_weight"": 0.1867631065636676, ""target_weight"": 0.16521474061970512, ""post_trade_weight"": 0.16524973432518594, ""diff_weight"": -0.02154836594396247, ""gross_amount"": 0.024221570702231937, ""gross_amount_pct_nav"": 0.02154836594396247, ""fee"": 7.2664712106695806e-06, ""fee_pct_nav"": 6.46450978318874e-06, ""name"": ""中国联通""}, {""ts_code"": ""00941.HK"", ""side"": ""sell"", ""current_weight"": 0.19817083127186347, ""target_weight"": 0.1602565276107536, ""post_trade_weight"": 0.1602904711300035, ""diff_weight"": -0.03791430366110986, ""gross_amount"": 0.04261780169975116, ""gross_amount_pct_nav"": 0.03791430366110986, ""fee"": 1.2785340509925346e-05, ""fee_pct_nav"": 1.1374291098332957e-05, ""name"": ""中国移动""}, {""ts_code"": ""01099.HK"", ""side"": ""buy"", ""current_weight"": 0.0, ""target_weight"": 0.16308979218729733, ""post_trade_weight"": 0.1631243358129649, ""diff_weight"": 0.16308979218729733, ""gross_amount"": 0.18332206453843655, ""gross_amount_pct_nav"": 0.16308979218729733, ""fee"": 5.499661936153096e-05, ""fee_pct_nav"": 4.8926937656189196e-05, ""name"": ""国药控股""}, {""ts_code"": ""01766.HK"", ""side"": ""sell"", ""current_weight"": 0.15805668062252495, ""target_weight"": 0.0, ""post_trade_weight"": 0.0, ""diff_weight"": -0.15805668062252495, ""gross_amount"": 0.17766456512825446, ""gross_amount_pct_nav"": 0.15805668062252495, ""fee"": 5.3299369538476336e-05, ""fee_pct_nav"": 4.7417004186757485e-05, ""name"": ""中国中车""}, {""ts_code"": ""01910.HK"", ""side"": ""sell"", ""current_weight"": 0.14099863814080058, ""target_weight"": 0.0, ""post_trade_weight"": 0.0, ""diff_weight"": -0.14099863814080058, ""gross_amount"": 0.15849036959587687, ""gross_amount_pct_nav"": 0.14099863814080058, ""fee"": 4.754711087876306e-05, ""fee_pct_nav"": 4.229959144224017e-05, ""name"": ""新秀丽""}, {""ts_code"": ""03320.HK"", ""side"": ""buy"", ""current_weight"": 0.0, ""target_weight"": 0.15954821146661766, ""post_trade_weight"": 0.15958200495926314, ""diff_weight"": 0.15954821146661766, ""gross_amount"": 0.17934112936930652, ""gross_amount_pct_nav"": 0.15954821146661766, ""fee"": 5.3802338810791954e-05, ""fee_pct_nav"": 4.7864463439985296e-05, ""name"": ""华润医药""}]"
2023-02-27,0.51415333,1.02830665,0.55383569,0.55416809,0.00033240,0.00016615,0.00016625,0.00000000,rebalance,"[{""ts_code"": ""00005.HK"", ""side"": ""sell"", ""current_weight"": 0.188088099405802, ""target_weight"": 0.0, ""post_trade_weight"": 0.0, ""diff_weight"": -0.188088099405802, ""gross_amount"": 0.20266554128186082, ""gross_amount_pct_nav"": 0.188088099405802, ""fee"": 6.079966238455824e-05, ""fee_pct_nav"": 5.64264298217406e-05, ""name"": ""汇丰控股""}, {""ts_code"": ""00016.HK"", ""side"": ""buy"", ""current_weight"": 0.0, ""target_weight"": 0.13596777444639158, ""post_trade_weight"": 0.13600973236009617, ""diff_weight"": 0.13596777444639158, ""gross_amount"": 0.14650572094737155, ""gross_amount_pct_nav"": 0.13596777444639158, ""fee"": 4.395171628421146e-05, ""fee_pct_nav"": 4.0790332333917466e-05, ""name"": ""新鸿基地产""}, {""ts_code"": ""00728.HK"", ""side"": ""buy"", ""current_weight"": 0.16775911689585377, ""target_weight"": 0.18072282006023066, ""post_trade_weight"": 0.18077858880778436, ""diff_weight"": 0.012963703164376878, ""gross_amount"": 0.013968432490550048, ""gross_amount_pct_nav"": 0.012963703164376878, ""fee"": 4.190529747165014e-06, ""fee_pct_nav"": 3.889110949313064e-06, ""name"": ""中国电信""}, {""ts_code"": ""00762.HK"", ""side"": ""buy"", ""current_weight"": 0.15583429162945076, ""target_weight"": 0.1709934623180917, ""post_trade_weight"": 0.17104622871046082, ""diff_weight"": 0.015159170688640974, ""gross_amount"": 0.016334055916898543, ""gross_amount_pct_nav"": 0.015159170688640974, ""fee"": 4.900216775069562e-06, ""fee_pct_nav"": 4.547751206592291e-06, ""name"": ""中国联通""}, {""ts_code"": ""00857.HK"", ""side"": ""buy"", ""current_weight"": 0.0, ""target_weight"": 0.1554264899306694, ""post_trade_weight"": 0.15547445255474318, ""diff_weight"": 0.1554264899306694, ""gross_amount"": 0.1674725504210562, ""gross_amount_pct_nav"": 0.1554264899306694, ""fee"": 5.024176512631685e-05, ""fee_pct_nav"": 4.662794697920082e-05, ""name"": ""中国石油股份""}, {""ts_code"": ""00883.HK"", ""side"": ""buy"", ""current_weight"": 0.0, ""target_weight"": 0.17196639809230563, ""post_trade_weight"": 0.17201946472019322, ""diff_weight"": 0.17196639809230563, ""gross_amount"": 0.1852943554736882, ""gross_amount_pct_nav"": 0.17196639809230563, ""fee"": 5.558830664210645e-05, ""fee_pct_nav"": 5.1589919427691686e-05, ""name"": ""中国海洋石油""}, {""ts_code"": ""00941.HK"", ""side"": ""buy"", ""current_weight"": 0.16209902011643182, ""target_weight"": 0.1846145631570862, ""post_trade_weight"": 0.18467153284671373, ""diff_weight"": 0.022515543040654378, ""gross_amount"": 0.02426057114727001, ""gross_amount_pct_nav"": 0.022515543040654378, ""fee"": 7.278171344181003e-06, ""fee_pct_nav"": 6.7546629121963135e-06, ""name"": ""中国移动""}, {""ts_code"": ""01099.HK"", ""side"": ""sell"", ""current_weight"": 0.1666253648656424, ""target_weight"": 0.0, ""post_trade_weight"": 0.0, ""diff_weight"": -0.1666253648656424, ""gross_amount"": 0.1795393747316545, ""gross_amount_pct_nav"": 0.1666253648656424, ""fee"": 5.386181241949634e-05, ""fee_pct_nav"": 4.998760945969271e-05, ""name"": ""国药控股""}, {""ts_code"": ""03320.HK"", ""side"": ""sell"", ""current_weight"": 0.15959410708681912, ""target_weight"": 0.0, ""post_trade_weight"": 0.0, ""diff_weight"": -0.15959410708681912, ""gross_amount"": 0.1719631715155059, ""gross_amount_pct_nav"": 0.15959410708681912, ""fee"": 5.158895145465177e-05, ""fee_pct_nav"": 4.787823212604573e-05, ""name"": ""华润医药""}]"
2023-03-06,0.46594350,0.93188699,0.56100830,0.53998927,0.00033030,0.00016830,0.00016200,0.00000000,rebalance,"[{""ts_code"": ""00005.HK"", ""side"": ""buy"", ""current_weight"": 0.0, ""target_weight"": 0.1613124932217205, ""post_trade_weight"": 0.16135760333712545, ""diff_weight"": 0.1613124932217205, ""gross_amount"": 0.1905860515941012, ""gross_amount_pct_nav"": 0.1613124932217205, ""fee"": 5.7175815478230353e-05, ""fee_pct_nav"": 4.839374796651615e-05, ""name"": ""汇丰控股""}, {""ts_code"": ""00016.HK"", ""side"": ""sell"", ""current_weight"": 0.12504669311452243, ""target_weight"": 0.0, ""post_trade_weight"": 0.0, ""diff_weight"": -0.12504669311452243, ""gross_amount"": 0.1477390562232482, ""gross_amount_pct_nav"": 0.12504669311452243, ""fee"": 4.432171686697446e-05, ""fee_pct_nav"": 3.751400793435673e-05, ""name"": ""新鸿基地产""}, {""ts_code"": ""00386.HK"", ""side"": ""buy"", ""current_weight"": 0.0, ""target_weight"": 0.1597960420515986, ""post_trade_weight"": 0.15984072810011374, ""diff_weight"": 0.1597960420515986, ""gross_amount"": 0.18879440833587233, ""gross_amount_pct_nav"": 0.1597960420515986, ""fee"": 5.6638322500761694e-05, ""fee_pct_nav"": 4.7938812615479586e-05, ""name"": ""中国石油化工股份""}, {""ts_code"": ""00762.HK"", ""side"": ""sell"", ""current_weight"": 0.18308092113016117, ""target_weight"": 0.16889474907233024, ""post_trade_weight"": 0.16894197952218426, ""diff_weight"": -0.01418617205783093, ""gross_amount"": 0.016760552550758756, ""gross_amount_pct_nav"": 0.01418617205783093, ""fee"": 5.028165765227626e-06, ""fee_pct_nav"": 4.255851617349279e-06, ""name"": ""中国联通""}, {""ts_code"": ""00857.HK"", ""side"": ""sell"", ""current_weight"": 0.1495375860867278, ""target_weight"": 0.0, ""post_trade_weight"": 0.0, ""diff_weight"": -0.1495375860867278, ""gross_amount"": 0.17667433890572956, ""gross_amount_pct_nav"": 0.1495375860867278, ""fee"": 5.300230167171886e-05, ""fee_pct_nav"": 4.486127582601833e-05, ""name"": ""中国石油股份""}, {""ts_code"": ""00883.HK"", ""side"": ""sell"", ""current_weight"": 0.16827776648246343, ""target_weight"": 0.0, ""post_trade_weight"": 0.0, ""diff_weight"": -0.16827776648246343, ""gross_amount"": 0.1988153207754681, ""gross_amount_pct_nav"": 0.16827776648246343, ""fee"": 5.964459623264042e-05, ""fee_pct_nav"": 5.048332994473902e-05, ""name"": ""中国海洋石油""}, {""ts_code"": ""01766.HK"", ""side"": ""buy"", ""current_weight"": 0.0, ""target_weight"": 0.1537302373711109, ""post_trade_weight"": 0.15377322715206673, ""diff_weight"": 0.1537302373711109, ""gross_amount"": 0.18162783530295668, ""gross_amount_pct_nav"": 0.1537302373711109, ""fee"": 5.4488350590887e-05, ""fee_pct_nav"": 4.6119071211333275e-05, ""name"": ""中国中车""}]"
2023-03-13,0.16052968,0.32105936,0.18233335,0.19889295,0.00011437,0.00005470,0.00005967,0.00000000,rebalance,"[{""ts_code"": ""00005.HK"", ""side"": ""sell"", ""current_weight"": 0.1553971458844795, ""target_weight"": 0.1404626601175257, ""post_trade_weight"": 0.1404761904761907, ""diff_weight"": -0.014934485766953791, ""gross_amount"": 0.017733227930131074, ""gross_amount_pct_nav"": 0.014934485766953791, ""fee"": 5.3199683790393214e-06, ""fee_pct_nav"": 4.480345730086137e-06, ""name"": ""汇丰控股""}, {""ts_code"": ""00857.HK"", ""side"": ""buy"", ""current_weight"": 0.0, ""target_weight"": 0.1535566369081425, ""post_trade_weight"": 0.1535714285714288, ""diff_weight"": 0.1535566369081425, ""gross_amount"": 0.18233335147714927, ""gross_amount_pct_nav"": 0.1535566369081425, ""fee"": 5.470000544314478e-05, ""fee_pct_nav"": 4.606699107244275e-05, ""name"": ""中国石油股份""}, {""ts_code"": ""01766.HK"", ""side"": ""sell"", ""current_weight"": 0.1525682354771136, ""target_weight"": 0.0, ""post_trade_weight"": 0.0, ""diff_weight"": -0.1525682354771136, ""gross_amount"": 0.18115972232537175, ""gross_amount_pct_nav"": 0.1525682354771136, ""fee"": 5.434791669761152e-05, ""fee_pct_nav"": 4.577047064313408e-05, ""name"": ""中国中车""}]"
2023-03-20,0.62770470,1.25540939,0.69880789,0.70981372,0.00042259,0.00020964,0.00021294,0.00000000,rebalance,"[{""ts_code"": ""00005.HK"", ""side"": ""sell"", ""current_weight"": 0.1331818631523846, ""target_weight"": 0.0, ""post_trade_weight"": 0.0, ""diff_weight"": -0.1331818631523846, ""gross_amount"": 0.14943559510177165, ""gross_amount_pct_nav"": 0.1331818631523846, ""fee"": 4.4830678530531494e-05, ""fee_pct_nav"": 3.995455894571537e-05, ""name"": ""汇丰控股""}, {""ts_code"": ""00728.HK"", ""side"": ""sell"", ""current_weight"": 0.18892070165199207, ""target_weight"": 0.0, ""post_trade_weight"": 0.0, ""diff_weight"": -0.18892070165199207, ""gross_amount"": 0.2119768924249669, ""gross_amount_pct_nav"": 0.18892070165199207, ""fee"": 6.359306772749007e-05, ""fee_pct_nav"": 5.6676210495597614e-05, ""name"": ""中国电信""}, {""ts_code"": ""00762.HK"", ""side"": ""sell"", ""current_weight"": 0.15572391127819013, ""target_weight"": 0.0, ""post_trade_weight"": 0.0, ""diff_weight"": -0.15572391127819013, ""gross_amount"": 0.1747287115724299, ""gross_amount_pct_nav"": 0.15572391127819013, ""fee"": 5.241861347172896e-05, ""fee_pct_nav"": 4.671717338345703e-05, ""name"": ""中国联通""}, {""ts_code"": ""00763.HK"", ""side"": ""buy"", ""current_weight"": 0.0, ""target_weight"": 0.16051058719269853, ""post_trade_weight"": 0.16057106191851098, ""diff_weight"": 0.16051058719269853, ""gross_amount"": 0.18009956122802787, ""gross_amount_pct_nav"": 0.16051058719269853, ""fee"": 5.4029868368408356e-05, ""fee_pct_nav"": 4.815317615780956e-05, ""name"": ""中兴通讯""}, {""ts_code"": ""00857.HK"", ""side"": ""sell"", ""current_weight"": 0.15478259657096388, ""target_weight"": 0.0, ""post_trade_weight"": 0.0, ""diff_weight"": -0.15478259657096388, ""gross_amount"": 0.17367251728198468, ""gross_amount_pct_nav"": 0.15478259657096388, ""fee"": 5.21017551845954e-05, ""fee_pct_nav"": 4.643477897128917e-05, ""name"": ""中国石油股份""}, {""ts_code"": ""01099.HK"", ""side"": ""buy"", ""current_weight"": 0.0, ""target_weight"": 0.15345517676664588, ""post_trade_weight"": 0.15351299326275228, ""diff_weight"": 0.15345517676664588, ""gross_amount"": 0.17218309699822446, ""gross_amount_pct_nav"": 0.15345517676664588, ""fee"": 5.1654929099467335e-05, ""fee_pct_nav"": 4.603655302999376e-05, ""name"": ""国药控股""}, {""ts_code"": ""01800.HK"", ""side"": ""buy"", ""current_weight"": 0.0, ""target_weight"": 0.16179338908834448, ""post_trade_weight"": 0.16185434712864893, ""diff_weight"": 0.16179338908834448, ""gross_amount"": 0.1815389183607194, ""gross_amount_pct_nav"": 0.16179338908834448, ""fee"": 5.446167550821581e-05, ""fee_pct_nav"": 4.8538016726503336e-05, ""name"": ""中国交通建设""}, {""ts_code"": ""03988.HK"", ""side"": ""buy"", ""current_weight"": 0.0, ""target_weight"": 0.14704116728841618, ""post_trade_weight"": 0.14709656721206255, ""diff_weight"": 0.14704116728841618, ""gross_amount"": 0.16498631133476682, ""gross_amount_pct_nav"": 0.14704116728841618, ""fee"": 4.9495893400430044e-05, ""fee_pct_nav"": 4.411235018652485e-05, ""name"": ""中国银行""}]"
2023-03-27,0.65575089,1.31150178,0.71607085,0.70431851,0.00042612,0.00021482,0.00021130,0.00000000,rebalance,"[{""ts_code"": ""00728.HK"", ""side"": ""buy"", ""current_weight"": 0.0, ""target_weight"": 0.17292945674106094, ""post_trade_weight"": 0.17299752270850513, ""diff_weight"": 0.17292945674106094, ""gross_amount"": 0.1872869447382829, ""gross_amount_pct_nav"": 0.17292945674106094, ""fee"": 5.618608342148486e-05, ""fee_pct_nav"": 5.1878837022318285e-05, ""name"": ""中国电信""}, {""ts_code"": ""00763.HK"", ""side"": ""sell"", ""current_weight"": 0.1586571549166627, ""target_weight"": 0.0, ""post_trade_weight"": 0.0, ""diff_weight"": -0.1586571549166627, ""gross_amount"": 0.1718296834165368, ""gross_amount_pct_nav"": 0.1586571549166627, ""fee"": 5.1548905024961035e-05, ""fee_pct_nav"": 4.7597146474998816e-05, ""name"": ""中兴通讯""}, {""ts_code"": ""00941.HK"", ""side"": ""sell"", ""current_weight"": 0.200021927446344, ""target_weight"": 0.16880226206943663, ""post_trade_weight"": 0.16886870355078426, ""diff_weight"": -0.031219665376907374, ""gross_amount"": 0.033811681678661026, ""gross_amount_pct_nav"": 0.031219665376907374, ""fee"": 1.0143504503598307e-05, ""fee_pct_nav"": 9.365899613072212e-06, ""name"": ""中国移动""}, {""ts_code"": ""00992.HK"", ""side"": ""buy"", ""current_weight"": 0.0, ""target_weight"": 0.14568997190834013, ""post_trade_weight"": 0.14574731626754728, ""diff_weight"": 0.14568997190834013, ""gross_amount"": 0.15778589855039107, ""gross_amount_pct_nav"": 0.14568997190834013, ""fee"": 4.733576956511732e-05, ""fee_pct_nav"": 4.3706991572502036e-05, ""name"": ""联想集团""}, {""ts_code"": ""00998.HK"", ""side"": ""buy"", ""current_weight"": 0.0, ""target_weight"": 0.15229348338293916, ""post_trade_weight"": 0.15235342691990073, ""diff_weight"": 0.15229348338293916, ""gross_amount"": 0.16493766732321338, ""gross_amount_pct_nav"": 0.15229348338293916, ""fee"": 4.948130019696401e-05, ""fee_pct_nav"": 4.568804501488175e-05, ""name"": ""中信银行""}, {""ts_code"": ""01099.HK"", ""side"": ""sell"", ""current_weight"": 0.15554356980878065, ""target_weight"": 0.0, ""post_trade_weight"": 0.0, ""diff_weight"": -0.15554356980878065, ""gross_amount"": 0.16845759254765136, ""gross_amount_pct_nav"": 0.15554356980878065, ""fee"": 5.0537277764295404e-05, ""fee_pct_nav"": 4.666307094263419e-05, ""name"": ""国药控股""}, {""ts_code"": ""01800.HK"", ""side"": ""sell"", ""current_weight"": 0.15374731825048396, ""target_weight"": 0.0, ""post_trade_weight"": 0.0, ""diff_weight"": -0.15374731825048396, ""gross_amount"": 0.16651220699752786, ""gross_amount_pct_nav"": 0.15374731825048396, ""fee"": 4.9953662099258355e-05, ""fee_pct_nav"": 4.6124195475145186e-05, ""name"": ""中国交通建设""}, {""ts_code"": ""01997.HK"", ""side"": ""buy"", ""current_weight"": 0.0, ""target_weight"": 0.19026367436188332, ""post_trade_weight"": 0.19033856317093287, ""diff_weight"": 0.19026367436188332, ""gross_amount"": 0.20606033776694135, ""gross_amount_pct_nav"": 0.19026367436188332, ""fee"": 6.18181013300824e-05, ""fee_pct_nav"": 5.707910230856499e-05, ""name"": ""九龙仓置业""}, {""ts_code"": ""03988.HK"", ""side"": ""sell"", ""current_weight"": 0.15115748050969252, ""target_weight"": 0.0, ""post_trade_weight"": 0.0, ""diff_weight"": -0.15115748050969252, ""gross_amount"": 0.16370734768100892, ""gross_amount_pct_nav"": 0.15115748050969252, ""fee"": 4.911220430430267e-05, ""fee_pct_nav"": 4.5347244152907755e-05, ""name"": ""中国银行""}]"
2023-04-03,0.84891157,1.69782314,0.94224577,0.94931254,0.00056747,0.00028267,0.00028479,0.00000000,rebalance,"[{""ts_code"": ""00386.HK"", ""side"": ""sell"", ""current_weight"": 0.17411800062533156, ""target_weight"": 0.0, ""post_trade_weight"": 0.0, ""diff_weight"": -0.17411800062533156, ""gross_amount"": 0.1939862545651088, ""gross_amount_pct_nav"": 0.17411800062533156, ""fee"": 5.8195876369532635e-05, ""fee_pct_nav"": 5.2235400187599466e-05, ""name"": ""中国石油化工股份""}, {""ts_code"": ""00728.HK"", ""side"": ""sell"", ""current_weight"": 0.17541374649141314, ""target_weight"": 0.1537505773961011, ""post_trade_weight"": 0.15382892969099793, ""diff_weight"": -0.021663169095312036, ""gross_amount"": 0.02413510963667026, ""gross_amount_pct_nav"": 0.021663169095312036, ""fee"": 7.240532891001077e-06, ""fee_pct_nav"": 6.49895072859361e-06, ""name"": ""中国电信""}, {""ts_code"": ""00857.HK"", ""side"": ""buy"", ""current_weight"": 0.0, ""target_weight"": 0.18776817239494734, ""post_trade_weight"": 0.1878638602776525, ""diff_weight"": 0.18776817239494734, ""gross_amount"": 0.20919401990957778, ""gross_amount_pct_nav"": 0.18776817239494734, ""fee"": 6.275820597287333e-05, ""fee_pct_nav"": 5.6330451718484196e-05, ""name"": ""中国石油股份""}, {""ts_code"": ""00941.HK"", ""side"": ""sell"", ""current_weight"": 0.16907855348545217, ""target_weight"": 0.0, ""post_trade_weight"": 0.0, ""diff_weight"": -0.16907855348545217, ""gross_amount"": 0.1883717662742191, ""gross_amount_pct_nav"": 0.16907855348545217, ""fee"": 5.651152988226572e-05, ""fee_pct_nav"": 5.0723566045635645e-05, ""name"": ""中国移动""}, {""ts_code"": ""00992.HK"", ""side"": ""sell"", ""current_weight"": 0.13805493279700803, ""target_weight"": 0.0, ""post_trade_weight"": 0.0, ""diff_weight"": -0.13805493279700803, ""gross_amount"": 0.1538081027886165, ""gross_amount_pct_nav"": 0.13805493279700803, ""fee"": 4.614243083658495e-05, ""fee_pct_nav"": 4.141647983910241e-05, ""name"": ""联想集团""}, {""ts_code"": ""00998.HK"", ""side"": ""sell"", ""current_weight"": 0.15351085894415098, ""target_weight"": 0.0, ""post_trade_weight"": 0.0, ""diff_weight"": -0.15351085894415098, ""gross_amount"": 0.1710276735013013, ""gross_amount_pct_nav"": 0.15351085894415098, ""fee"": 5.1308302050390387e-05, ""fee_pct_nav"": 4.6053257683245294e-05, ""name"": ""中信银行""}, {""ts_code"": ""01585.HK"", ""side"": ""buy"", ""current_weight"": 0.0, ""target_weight"": 0.1618073762116173, ""post_trade_weight"": 0.16188983430362663, ""diff_weight"": 0.1618073762116173, ""gross_amount"": 0.18027088962410576, ""gross_amount_pct_nav"": 0.1618073762116173, ""fee"": 5.408126688723172e-05, ""fee_pct_nav"": 4.8542212863485184e-05, ""name"": ""雅迪控股""}, {""ts_code"": ""01766.HK"", ""side"": ""buy"", ""current_weight"": 0.0, ""target_weight"": 0.18239697318460318, ""post_trade_weight"": 0.18248992386923335, ""diff_weight"": 0.18239697318460318, ""gross_amount"": 0.20320992398844565, ""gross_amount_pct_nav"": 0.18239697318460318, ""fee"": 6.096297719653369e-05, ""fee_pct_nav"": 5.4719091955380955e-05, ""name"": ""中国中车""}, {""ts_code"": ""01997.HK"", ""side"": ""sell"", ""current_weight"": 0.19565754868862792, ""target_weight"": 0.0, ""post_trade_weight"": 0.0, ""diff_weight"": -0.19565754868862792, ""gross_amount"": 0.21798363702308374, ""gross_amount_pct_nav"": 0.19565754868862792, ""fee"": 6.539509110692511e-05, ""fee_pct_nav"": 5.869726460658837e-05, ""name"": ""九龙仓置业""}, {""ts_code"": ""02282.HK"", ""side"": ""buy"", ""current_weight"": 0.0, ""target_weight"": 0.15733137686966386, ""post_trade_weight"": 0.15741155396327736, ""diff_weight"": 0.15733137686966386, ""gross_amount"": 0.1752841430231623, ""gross_amount_pct_nav"": 0.15733137686966386, ""fee"": 5.258524290694869e-05, ""fee_pct_nav"": 4.719941306089915e-05, ""name"": ""美高梅中国""}, {""ts_code"": ""02899.HK"", ""side"": ""buy"", ""current_weight"": 0.0, ""target_weight"": 0.15643617700127313, ""post_trade_weight"": 0.15651589789520748, ""diff_weight"": 0.15643617700127313, ""gross_amount"": 0.1742867937029736, ""gross_amount_pct_nav"": 0.15643617700127313, ""fee"": 5.2286038110892074e-05, ""fee_pct_nav"": 4.6930853100381935e-05, ""name"": ""紫金矿业""}]"
2023-04-11,0.66413521,1.32827043,0.77620610,0.77045728,0.00046400,0.00023286,0.00023114,0.00000000,rebalance,"[{""ts_code"": ""00728.HK"", ""side"": ""sell"", ""current_weight"": 0.15017221459111885, ""target_weight"": 0.0, ""post_trade_weight"": 0.0, ""diff_weight"": -0.15017221459111885, ""gross_amount"": 0.17486338627870768, ""gross_amount_pct_nav"": 0.15017221459111885, ""fee"": 5.24590158836123e-05, ""fee_pct_nav"": 4.5051664377335644e-05, ""name"": ""中国电信""}, {""ts_code"": ""00857.HK"", ""side"": ""sell"", ""current_weight"": 0.1856295567231451, ""target_weight"": 0.0, ""post_trade_weight"": 0.0, ""diff_weight"": -0.1856295567231451, ""gross_amount"": 0.2161505906429129, ""gross_amount_pct_nav"": 0.1856295567231451, ""fee"": 6.484517719287387e-05, ""fee_pct_nav"": 5.568886701694352e-05, ""name"": ""中国石油股份""}, {""ts_code"": ""00941.HK"", ""side"": ""buy"", ""current_weight"": 0.0, ""target_weight"": 0.1908274880108615, ""post_trade_weight"": 0.19090355947672624, ""diff_weight"": 0.1908274880108615, ""gross_amount"": 0.2222031608143585, ""gross_amount_pct_nav"": 0.1908274880108615, ""fee"": 6.666094824430754e-05, ""fee_pct_nav"": 5.724824640325844e-05, ""name"": ""中国移动""}, {""ts_code"": ""00981.HK"", ""side"": ""buy"", ""current_weight"": 0.0, ""target_weight"": 0.1677153141641277, ""post_trade_weight"": 0.16778217219348926, ""diff_weight"": 0.1677153141641277, ""gross_amount"": 0.19529090548066727, ""gross_amount_pct_nav"": 0.1677153141641277, ""fee"": 5.8587271644200176e-05, ""fee_pct_nav"": 5.03145942492383e-05, ""name"": ""中芯国际""}, {""ts_code"": ""01099.HK"", ""side"": ""buy"", ""current_weight"": 0.0, ""target_weight"": 0.15920030274690997, ""post_trade_weight"": 0.15926376635229672, ""diff_weight"": 0.15920030274690997, ""gross_amount"": 0.18537586404193895, ""gross_amount_pct_nav"": 0.15920030274690997, ""fee"": 5.561275921258168e-05, ""fee_pct_nav"": 4.776009082407299e-05, ""name"": ""国药控股""}, {""ts_code"": ""01585.HK"", ""side"": ""sell"", ""current_weight"": 0.156798776538915, ""target_weight"": 0.0, ""post_trade_weight"": 0.0, ""diff_weight"": -0.156798776538915, ""gross_amount"": 0.1825794811950158, ""gross_amount_pct_nav"": 0.156798776538915, ""fee"": 5.477384435850474e-05, ""fee_pct_nav"": 4.7039632961674496e-05, ""name"": ""雅迪控股""}, {""ts_code"": ""01766.HK"", ""side"": ""sell"", ""current_weight"": 0.1923150568059817, ""target_weight"": 0.17318925007519625, ""post_trade_weight"": 0.17325829023425596, ""diff_weight"": -0.019125806730785462, ""gross_amount"": 0.022270453554695285, ""gross_amount_pct_nav"": 0.019125806730785462, ""fee"": 6.681136066408585e-06, ""fee_pct_nav"": 5.737742019235638e-06, ""name"": ""中国中车""}, {""ts_code"": ""01997.HK"", ""side"": ""buy"", ""current_weight"": 0.0, ""target_weight"": 0.14886064602600274, ""post_trade_weight"": 0.14891998783084862, ""diff_weight"": 0.14886064602600274, ""gross_amount"": 0.17333617086634023, ""gross_amount_pct_nav"": 0.14886064602600274, ""fee"": 5.200085125990206e-05, ""fee_pct_nav"": 4.4658193807800813e-05, ""name"": ""九龙仓置业""}, {""ts_code"": ""02282.HK"", ""side"": ""sell"", ""current_weight"": 0.14994032367072427, ""target_weight"": 0.0, ""post_trade_weight"": 0.0, ""diff_weight"": -0.14994032367072427, ""gross_amount"": 0.17459336807528777, ""gross_amount_pct_nav"": 0.14994032367072427, ""fee"": 5.237801042258633e-05, ""fee_pct_nav"": 4.4982097101217275e-05, ""name"": ""美高梅中国""}]"
2023-04-17,0.66485662,1.32971323,0.80708465,0.81501425,0.00048663,0.00024213,0.00024450,0.00000000,rebalance,"[{""ts_code"": ""00386.HK"", ""side"": ""buy"", ""current_weight"": 0.0, ""target_weight"": 0.1724491657771126, ""post_trade_weight"": 0.17251798561151058, ""diff_weight"": 0.1724491657771126, ""gross_amount"": 0.21036836835936476, ""gross_amount_pct_nav"": 0.1724491657771126, ""fee"": 6.311051050780942e-05, ""fee_pct_nav"": 5.1734749733133774e-05, ""name"": ""中国石油化工股份""}, {""ts_code"": ""00762.HK"", ""side"": ""buy"", ""current_weight"": 0.0, ""target_weight"": 0.1563404864051054, ""post_trade_weight"": 0.1564028776978415, ""diff_weight"": 0.1563404864051054, ""gross_amount"": 0.19071761168192614, ""gross_amount_pct_nav"": 0.1563404864051054, ""fee"": 5.721528350457783e-05, ""fee_pct_nav"": 4.690214592153161e-05, ""name"": ""中国联通""}, {""ts_code"": ""00857.HK"", ""side"": ""buy"", ""current_weight"": 0.0, ""target_weight"": 0.17820226555282945, ""post_trade_weight"": 0.17827338129496378, ""diff_weight"": 0.17820226555282945, ""gross_amount"": 0.21738649574416424, ""gross_amount_pct_nav"": 0.17820226555282945, ""fee"": 6.521594872324927e-05, ""fee_pct_nav"": 5.3460679665848836e-05, ""name"": ""中国石油股份""}, {""ts_code"": ""00883.HK"", ""side"": ""buy"", ""current_weight"": 0.0, ""target_weight"": 0.15461455647239036, ""post_trade_weight"": 0.15467625899280554, ""diff_weight"": 0.15461455647239036, ""gross_amount"": 0.18861217346648632, ""gross_amount_pct_nav"": 0.15461455647239036, ""fee"": 5.658365203994589e-05, ""fee_pct_nav"": 4.6384366941717105e-05, ""name"": ""中国海洋石油""}, {""ts_code"": ""00941.HK"", ""side"": ""sell"", ""current_weight"": 0.19277617843318565, ""target_weight"": 0.17129854582196924, ""post_trade_weight"": 0.17136690647481992, ""diff_weight"": -0.0214776326112164, ""gross_amount"": 0.026200268979457902, ""gross_amount_pct_nav"": 0.0214776326112164, ""fee"": 7.86008069383737e-06, ""fee_pct_nav"": 6.44328978336492e-06, ""name"": ""中国移动""}, {""ts_code"": ""00981.HK"", ""side"": ""sell"", ""current_weight"": 0.18101856107846745, ""target_weight"": 0.0, ""post_trade_weight"": 0.0, ""diff_weight"": -0.18101856107846745, ""gross_amount"": 0.22082205596781873, ""gross_amount_pct_nav"": 0.18101856107846745, ""fee"": 6.624661679034561e-05, ""fee_pct_nav"": 5.430556832354023e-05, ""name"": ""中芯国际""}, {""ts_code"": ""01099.HK"", ""side"": ""sell"", ""current_weight"": 0.159441746040738, ""target_weight"": 0.0, ""post_trade_weight"": 0.0, ""diff_weight"": -0.159441746040738, ""gross_amount"": 0.19450079570874834, ""gross_amount_pct_nav"": 0.159441746040738, ""fee"": 5.83502387126245e-05, ""fee_pct_nav"": 4.7832523812221393e-05, ""name"": ""国药控股""}, {""ts_code"": ""01997.HK"", ""side"": ""sell"", ""current_weight"": 0.14492995710319517, ""target_weight"": 0.0, ""post_trade_weight"": 0.0, ""diff_weight"": -0.14492995710319517, ""gross_amount"": 0.17679806373547757, ""gross_amount_pct_nav"": 0.14492995710319517, ""fee"": 5.3039419120643266e-05, ""fee_pct_nav"": 4.3478987130958544e-05, ""name"": ""九龙仓置业""}, {""ts_code"": ""02899.HK"", ""side"": ""sell"", ""current_weight"": 0.1612388596116653, ""target_weight"": 0.0, ""post_trade_weight"": 0.0, ""diff_weight"": -0.1612388596116653, ""gross_amount"": 0.196693069866578, ""gross_amount_pct_nav"": 0.1612388596116653, ""fee"": 5.9007920959973396e-05, ""fee_pct_nav"": 4.837165788349958e-05, ""name"": ""紫金矿业""}]"
2023-04-24,0.49208930,0.98417860,0.59573339,0.58382489,0.00035387,0.00017872,0.00017515,0.00000000,rebalance,"[{""ts_code"": ""00728.HK"", ""side"": ""buy"", ""current_weight"": 0.0, ""target_weight"": 0.1594744912352816, ""post_trade_weight"": 0.15952159055607326, ""diff_weight"": 0.1594744912352816, ""gross_amount"": 0.19113345471177506, ""gross_amount_pct_nav"": 0.1594744912352816, ""fee"": 5.734003641353251e-05, ""fee_pct_nav"": 4.784234737058447e-05, ""name"": ""中国电信""}, {""ts_code"": ""00762.HK"", ""side"": ""sell"", ""current_weight"": 0.15185774208836728, ""target_weight"": 0.0, ""post_trade_weight"": 0.0, ""diff_weight"": -0.15185774208836728, ""gross_amount"": 0.1820046243462036, ""gross_amount_pct_nav"": 0.15185774208836728, ""fee"": 5.4601387303861076e-05, ""fee_pct_nav"": 4.555732262651018e-05, ""name"": ""中国联通""}, {""ts_code"": ""00883.HK"", ""side"": ""sell"", ""current_weight"": 0.14998972025234122, ""target_weight"": 0.0, ""post_trade_weight"": 0.0, ""diff_weight"": -0.14998972025234122, ""gross_amount"": 0.17976576179062453, ""gross_amount_pct_nav"": 0.14998972025234122, ""fee"": 5.3929728537187356e-05, ""fee_pct_nav"": 4.499691607570236e-05, ""name"": ""中国海洋石油""}, {""ts_code"": ""00941.HK"", ""side"": ""sell"", ""current_weight"": 0.1700655792443284, ""target_weight"": 0.0, ""post_trade_weight"": 0.0, ""diff_weight"": -0.1700655792443284, ""gross_amount"": 0.20382709132190222, ""gross_amount_pct_nav"": 0.1700655792443284, ""fee"": 6.114812739657066e-05, ""fee_pct_nav"": 5.101967377329852e-05, ""name"": ""中国移动""}, {""ts_code"": ""01099.HK"", ""side"": ""buy"", ""current_weight"": 0.0, ""target_weight"": 0.1812139545000717, ""post_trade_weight"": 0.18126747437092255, ""diff_weight"": 0.1812139545000717, ""gross_amount"": 0.2171886481486285, ""gross_amount_pct_nav"": 0.1812139545000717, ""fee"": 6.515659444458855e-05, ""fee_pct_nav"": 5.43641863500215e-05, ""name"": ""国药控股""}, {""ts_code"": ""01766.HK"", ""side"": ""sell"", ""current_weight"": 0.17281936965988504, ""target_weight"": 0.1576111086697282, ""post_trade_weight"": 0.15765765765765763, ""diff_weight"": -0.015208260990156834, ""gross_amount"": 0.018227413304102796, ""gross_amount_pct_nav"": 0.015208260990156834, ""fee"": 5.468223991230838e-06, ""fee_pct_nav"": 4.56247829704705e-06, ""name"": ""中国中车""}, {""ts_code"": ""03969.HK"", ""side"": ""buy"", ""current_weight"": 0.0, ""target_weight"": 0.1563688536260259, ""post_trade_weight"": 0.1564150357253805, ""diff_weight"": 0.1563688536260259, ""gross_amount"": 0.18741128422079603, ""gross_amount_pct_nav"": 0.1563688536260259, ""fee"": 5.6223385266238807e-05, ""fee_pct_nav"": 4.691065608780777e-05, ""name"": ""中国通号""}]"
2023-05-02,0.35835428,0.71670855,0.43202953,0.44264807,0.00026240,0.00012961,0.00013279,0.00000000,rebalance,"[{""ts_code"": ""00386.HK"", ""side"": ""sell"", ""current_weight"": 0.17389068241870953, ""target_weight"": 0.15271622689405667, ""post_trade_weight"": 0.15274906986357986, ""diff_weight"": -0.021174455524652858, ""gross_amount"": 0.025841496916607615, ""gross_amount_pct_nav"": 0.021174455524652858, ""fee"": 7.752449074982283e-06, ""fee_pct_nav"": 6.352336657395857e-06, ""name"": ""中国石油化工股份""}, {""ts_code"": ""00857.HK"", ""side"": ""buy"", ""current_weight"": 0.18075094429161204, ""target_weight"": 0.19487334500824824, ""post_trade_weight"": 0.19491525423728798, ""diff_weight"": 0.014122400716636218, ""gross_amount"": 0.017235105485907648, ""gross_amount_pct_nav"": 0.014122400716636218, ""fee"": 5.170531645772294e-06, ""fee_pct_nav"": 4.236720214990865e-06, ""name"": ""中国石油股份""}, {""ts_code"": ""01099.HK"", ""side"": ""sell"", ""current_weight"": 0.1805592665437756, ""target_weight"": 0.0, ""post_trade_weight"": 0.0, ""diff_weight"": -0.1805592665437756, ""gross_amount"": 0.2203561609517421, ""gross_amount_pct_nav"": 0.1805592665437756, ""fee"": 6.610684828552263e-05, ""fee_pct_nav"": 5.4167779963132686e-05, ""name"": ""国药控股""}, {""ts_code"": ""01766.HK"", ""side"": ""buy"", ""current_weight"": 0.15546466529333844, ""target_weight"": 0.1783411418262123, ""post_trade_weight"": 0.1783794956593632, ""diff_weight"": 0.022876476532873884, ""gross_amount"": 0.027918658739481267, ""gross_amount_pct_nav"": 0.022876476532873884, ""fee"": 8.37559762184438e-06, ""fee_pct_nav"": 6.862942959862165e-06, ""name"": ""中国中车""}, {""ts_code"": ""02282.HK"", ""side"": ""buy"", ""current_weight"": 0.0, ""target_weight"": 0.1469299557803441, ""post_trade_weight"": 0.1469615543613062, ""diff_weight"": 0.1469299557803441, ""gross_amount"": 0.17931464612322318, ""gross_amount_pct_nav"": 0.1469299557803441, ""fee"": 5.3794393836966945e-05, ""fee_pct_nav"": 4.4078986734103226e-05, ""name"": ""美高梅中国""}, {""ts_code"": ""02628.HK"", ""side"": ""buy"", ""current_weight"": 0.0, ""target_weight"": 0.17007504023519437, ""post_trade_weight"": 0.17011161637040084, ""diff_weight"": 0.17007504023519437, ""gross_amount"": 0.20756111639861136, ""gross_amount_pct_nav"": 0.17007504023519437, ""fee"": 6.226833491958341e-05, ""fee_pct_nav"": 5.102251207055831e-05, ""name"": ""中国人寿""}, {""ts_code"": ""03969.HK"", ""side"": ""sell"", ""current_weight"": 0.16097095925954527, ""target_weight"": 0.0, ""post_trade_weight"": 0.0, ""diff_weight"": -0.16097095925954527, ""gross_amount"": 0.19645041368482155, ""gross_amount_pct_nav"": 0.16097095925954527, ""fee"": 5.893512410544646e-05, ""fee_pct_nav"": 4.829128777786358e-05, ""name"": ""中国通号""}]"
2023-05-08,0.48267937,0.96535874,0.59804096,0.59214345,0.00035706,0.00017941,0.00017764,0.00000000,rebalance,"[{""ts_code"": ""00267.HK"", ""side"": ""buy"", ""current_weight"": 0.0, ""target_weight"": 0.15727213464978737, ""post_trade_weight"": 0.15731769505354407, ""diff_weight"": 0.15727213464978737, ""gross_amount"": 0.19389977450592819, ""gross_amount_pct_nav"": 0.15727213464978737, ""fee"": 5.816993235177845e-05, ""fee_pct_nav"": 4.7181640394936205e-05, ""name"": ""中信股份""}, {""ts_code"": ""00386.HK"", ""side"": ""sell"", ""current_weight"": 0.15742738795811026, ""target_weight"": 0.0, ""post_trade_weight"": 0.0, ""diff_weight"": -0.15742738795811026, ""gross_amount"": 0.19409118528280955, ""gross_amount_pct_nav"": 0.15742738795811026, ""fee"": 5.822735558484286e-05, ""fee_pct_nav"": 4.722821638743307e-05, ""name"": ""中国石油化工股份""}, {""ts_code"": ""00728.HK"", ""side"": ""sell"", ""current_weight"": 0.16166686680225634, ""target_weight"": 0.0, ""post_trade_weight"": 0.0, ""diff_weight"": -0.16166686680225634, ""gross_amount"": 0.1993180107069896, ""gross_amount_pct_nav"": 0.16166686680225634, ""fee"": 5.9795403212096875e-05, ""fee_pct_nav"": 4.85000600406769e-05, ""name"": ""中国电信""}, {""ts_code"": ""00857.HK"", ""side"": ""sell"", ""current_weight"": 0.19570149973281517, ""target_weight"": 0.15931131953989808, ""post_trade_weight"": 0.15935747067822537, ""diff_weight"": -0.03639018019291707, ""gross_amount"": 0.044865212450693054, ""gross_amount_pct_nav"": 0.03639018019291707, ""fee"": 1.3459563735207915e-05, ""fee_pct_nav"": 1.091705405787512e-05, ""name"": ""中国石油股份""}, {""ts_code"": ""01288.HK"", ""side"": ""buy"", ""current_weight"": 0.0, ""target_weight"": 0.1654288742102302, ""post_trade_weight"": 0.16547679755226924, ""diff_weight"": 0.1654288742102302, ""gross_amount"": 0.2039561647558305, ""gross_amount_pct_nav"": 0.1654288742102302, ""fee"": 6.118684942674915e-05, ""fee_pct_nav"": 4.962866226306906e-05, ""name"": ""农业银行""}, {""ts_code"": ""01339.HK"", ""side"": ""buy"", ""current_weight"": 0.0, ""target_weight"": 0.16237009687506412, ""post_trade_weight"": 0.16241713411524727, ""diff_weight"": 0.16237009687506412, ""gross_amount"": 0.2001850184121171, ""gross_amount_pct_nav"": 0.16237009687506412, ""fee"": 6.0055505523635126e-05, ""fee_pct_nav"": 4.871102906251923e-05, ""name"": ""中国人民保险集团""}, {""ts_code"": ""02282.HK"", ""side"": ""sell"", ""current_weight"": 0.12480320341592321, ""target_weight"": 0.0, ""post_trade_weight"": 0.0, ""diff_weight"": -0.12480320341592321, ""gross_amount"": 0.15386904395907056, ""gross_amount_pct_nav"": 0.12480320341592321, ""fee"": 4.6160713187721165e-05, ""fee_pct_nav"": 3.7440961024776963e-05, ""name"": ""美高梅中国""}]"
2023-05-15,0.68709568,1.37419137,0.81093894,0.81835835,0.00048879,0.00024328,0.00024551,0.00000000,rebalance,"[{""ts_code"": ""00005.HK"", ""side"": ""buy"", ""current_weight"": 0.0, ""target_weight"": 0.2049783223420529, ""post_trade_weight"": 0.20506286102616295, ""diff_weight"": 0.2049783223420529, ""gross_amount"": 0.24303065220341105, ""gross_amount_pct_nav"": 0.2049783223420529, ""fee"": 7.290919566102332e-05, ""fee_pct_nav"": 6.149349670261588e-05, ""name"": ""汇丰控股""}, {""ts_code"": ""00267.HK"", ""side"": ""sell"", ""current_weight"": 0.15724334243448132, ""target_weight"": 0.0, ""post_trade_weight"": 0.0, ""diff_weight"": -0.15724334243448132, ""gross_amount"": 0.186434114738855, ""gross_amount_pct_nav"": 0.15724334243448132, ""fee"": 5.593023442165649e-05, ""fee_pct_nav"": 4.717300273034439e-05, ""name"": ""中信股份""}, {""ts_code"": ""00386.HK"", ""side"": ""buy"", ""current_weight"": 0.0, ""target_weight"": 0.16761690484805822, ""post_trade_weight"": 0.1676860346585111, ""diff_weight"": 0.16761690484805822, ""gross_amount"": 0.19873343307768582, ""gross_amount_pct_nav"": 0.16761690484805822, ""fee"": 5.962002992330574e-05, ""fee_pct_nav"": 5.028507145441746e-05, ""name"": ""中国石油化工股份""}, {""ts_code"": ""00857.HK"", ""side"": ""buy"", ""current_weight"": 0.16362788274126217, ""target_weight"": 0.18120287484587447, ""post_trade_weight"": 0.18127760788311176, ""diff_weight"": 0.017574992104612296, ""gross_amount"": 0.02083762685171242, ""gross_amount_pct_nav"": 0.017574992104612296, ""fee"": 6.251288055513726e-06, ""fee_pct_nav"": 5.272497631383688e-06, ""name"": ""中国石油股份""}, {""ts_code"": ""00941.HK"", ""side"": ""buy"", ""current_weight"": 0.0, ""target_weight"": 0.14927584535100624, ""post_trade_weight"": 0.14933741080530014, ""diff_weight"": 0.14927584535100624, ""gross_amount"": 0.1769875255068752, ""gross_amount_pct_nav"": 0.14927584535100624, ""fee"": 5.309625765206255e-05, ""fee_pct_nav"": 4.4782753605301866e-05, ""name"": ""中国移动""}, {""ts_code"": ""01099.HK"", ""side"": ""buy"", ""current_weight"": 0.0, ""target_weight"": 0.14452075585177054, ""post_trade_weight"": 0.14458036017668988, ""diff_weight"": 0.14452075585177054, ""gross_amount"": 0.1713496976181465, ""gross_amount_pct_nav"": 0.14452075585177054, ""fee"": 5.140490928544395e-05, ""fee_pct_nav"": 4.335622675553116e-05, ""name"": ""国药控股""}, {""ts_code"": ""01288.HK"", ""side"": ""sell"", ""current_weight"": 0.16462310046167805, ""target_weight"": 0.0, ""post_trade_weight"": 0.0, ""diff_weight"": -0.16462310046167805, ""gross_amount"": 0.19518385659428938, ""gross_amount_pct_nav"": 0.16462310046167805, ""fee"": 5.855515697828681e-05, ""fee_pct_nav"": 4.9386930138503414e-05, ""name"": ""农业银行""}, {""ts_code"": ""01339.HK"", ""side"": ""sell"", ""current_weight"": 0.16594015766311698, ""target_weight"": 0.0, ""post_trade_weight"": 0.0, ""diff_weight"": -0.16594015766311698, ""gross_amount"": 0.1967454132847611, ""gross_amount_pct_nav"": 0.16594015766311698, ""fee"": 5.902362398542833e-05, ""fee_pct_nav"": 4.978204729893509e-05, ""name"": ""中国人民保险集团""}, {""ts_code"": ""01766.HK"", ""side"": ""sell"", ""current_weight"": 0.17433210326149343, ""target_weight"": 0.15199303935056951, ""post_trade_weight"": 0.15205572545022028, ""diff_weight"": -0.022339063910923905, ""gross_amount"": 0.026486104529755444, ""gross_amount_pct_nav"": 0.022339063910923905, ""fee"": 7.945831358926633e-06, ""fee_pct_nav"": 6.701719173277171e-06, ""name"": ""中国中车""}, {""ts_code"": ""02628.HK"", ""side"": ""sell"", ""current_weight"": 0.18007888391288263, ""target_weight"": 0.0, ""post_trade_weight"": 0.0, ""diff_weight"": -0.18007888391288263, ""gross_amount"": 0.21350886330496394, ""gross_amount_pct_nav"": 0.18007888391288263, ""fee"": 6.405265899148917e-05, ""fee_pct_nav"": 5.402366517386478e-05, ""name"": ""中国人寿""}]"
2023-05-22,0.00000000,0.00000000,0.00000000,0.00000000,0.00000000,0.00000000,0.00000000,0.00000000,rebalance,
2023-05-29,0.04212477,0.08424953,0.00000000,0.09809434,0.00002943,0.00000000,0.00002943,0.00000000,rebalance,"[{""ts_code"": ""00005.HK"", ""side"": ""sell"", ""current_weight"": 0.20697452647304376, ""target_weight"": 0.14808990243881076, ""post_trade_weight"": 0.14809364548502546, ""diff_weight"": -0.05888462403423301, ""gross_amount"": 0.06856119141779557, ""gross_amount_pct_nav"": 0.05888462403423301, ""fee"": 2.056835742533867e-05, ""fee_pct_nav"": 1.76653872102699e-05, ""name"": ""汇丰控股""}, {""ts_code"": ""00386.HK"", ""side"": ""sell"", ""current_weight"": 0.16919720971940522, ""target_weight"": 0.15772176601206672, ""post_trade_weight"": 0.15772575250844173, ""diff_weight"": -0.011475443707338499, ""gross_amount"": 0.013361214502542768, ""gross_amount_pct_nav"": 0.011475443707338499, ""fee"": 4.0083643507628295e-06, ""fee_pct_nav"": 3.442633112201549e-06, ""name"": ""中国石油化工股份""}, {""ts_code"": ""00857.HK"", ""side"": ""sell"", ""current_weight"": 0.18184508795956392, ""target_weight"": 0.1679556210586512, ""post_trade_weight"": 0.16795986622082154, ""diff_weight"": -0.0138894669009127, ""gross_amount"": 0.016171936469034726, ""gross_amount_pct_nav"": 0.0138894669009127, ""fee"": 4.851580940710417e-06, ""fee_pct_nav"": 4.16684007027381e-06, ""name"": ""中国石油股份""}]"
2023-06-05,0.18314442,0.36628883,0.25614370,0.17359553,0.00012892,0.00007684,0.00005208,0.00000000,rebalance,"[{""ts_code"": ""00005.HK"", ""side"": ""sell"", ""current_weight"": 0.1479643916624352, ""target_weight"": 0.0, ""post_trade_weight"": 0.0, ""diff_weight"": -0.1479643916624352, ""gross_amount"": 0.17359552852938898, ""gross_amount_pct_nav"": 0.1479643916624352, ""fee"": 5.207865855881669e-05, ""fee_pct_nav"": 4.438931749873055e-05, ""name"": ""汇丰控股""}, {""ts_code"": ""00386.HK"", ""side"": ""buy"", ""current_weight"": 0.15239793722490688, ""target_weight"": 0.16710680711431578, ""post_trade_weight"": 0.16712517193947724, ""diff_weight"": 0.014708869889408895, ""gross_amount"": 0.017256814385093716, ""gross_amount_pct_nav"": 0.014708869889408895, ""fee"": 5.1770443155281145e-06, ""fee_pct_nav"": 4.412660966822668e-06, ""name"": ""中国石油化工股份""}, {""ts_code"": ""00857.HK"", ""side"": ""buy"", ""current_weight"": 0.16773289073911749, ""target_weight"": 0.18223581845799866, ""post_trade_weight"": 0.18225584594222827, ""diff_weight"": 0.01450292771888118, ""gross_amount"": 0.01701519787494843, ""gross_amount_pct_nav"": 0.01450292771888118, ""fee"": 5.104559362484528e-06, ""fee_pct_nav"": 4.350878315664354e-06, ""name"": ""中国石油股份""}, {""ts_code"": ""03618.HK"", ""side"": ""buy"", ""current_weight"": 0.0, ""target_weight"": 0.18911264179603637, ""post_trade_weight"": 0.18913342503438782, ""diff_weight"": 0.18911264179603637, ""gross_amount"": 0.22187168571657445, ""gross_amount_pct_nav"": 0.18911264179603637, ""fee"": 6.656150571497233e-05, ""fee_pct_nav"": 5.6733792538810906e-05, ""name"": ""重庆农村商业银行""}]"
2023-06-12,0.65757336,1.31514671,0.80870842,0.78756636,0.00047888,0.00024261,0.00023627,0.00000000,rebalance,"[{""ts_code"": ""00005.HK"", ""side"": ""buy"", ""current_weight"": 0.0, ""target_weight"": 0.17241654682317753, ""post_trade_weight"": 0.17248459958932139, ""diff_weight"": 0.17241654682317753, ""gross_amount"": 0.2092726105844422, ""gross_amount_pct_nav"": 0.17241654682317753, ""fee"": 6.278178317533264e-05, ""fee_pct_nav"": 5.172496404695325e-05, ""name"": ""汇丰控股""}, {""ts_code"": ""00386.HK"", ""side"": ""sell"", ""current_weight"": 0.1711768301400765, ""target_weight"": 0.0, ""post_trade_weight"": 0.0, ""diff_weight"": -0.1711768301400765, ""gross_amount"": 0.20776788988658654, ""gross_amount_pct_nav"": 0.1711768301400765, ""fee"": 6.233036696597595e-05, ""fee_pct_nav"": 5.1353049042022946e-05, ""name"": ""中国石油化工股份""}, {""ts_code"": ""00763.HK"", ""side"": ""buy"", ""current_weight"": 0.0, ""target_weight"": 0.14641722627047613, ""post_trade_weight"": 0.14647501711156655, ""diff_weight"": 0.14641722627047613, ""gross_amount"": 0.17771562962329612, ""gross_amount_pct_nav"": 0.14641722627047613, ""fee"": 5.331468888698883e-05, ""fee_pct_nav"": 4.3925167881142836e-05, ""name"": ""中兴通讯""}, {""ts_code"": ""00883.HK"", ""side"": ""buy"", ""current_weight"": 0.0, ""target_weight"": 0.16967977623868263, ""post_trade_weight"": 0.1697467488021893, ""diff_weight"": 0.16967977623868263, ""gross_amount"": 0.20595082311484786, ""gross_amount_pct_nav"": 0.16967977623868263, ""fee"": 6.178524693445435e-05, ""fee_pct_nav"": 5.090393287160478e-05, ""name"": ""中国海洋石油""}, {""ts_code"": ""00941.HK"", ""side"": ""buy"", ""current_weight"": 0.1520117370524736, ""target_weight"": 0.19088974826851798, ""post_trade_weight"": 0.19096509240246295, ""diff_weight"": 0.03887801121604438, ""gross_amount"": 0.04718864315184809, ""gross_amount_pct_nav"": 0.03887801121604438, ""fee"": 1.4156592945554427e-05, ""fee_pct_nav"": 1.1663403364813315e-05, ""name"": ""中国移动""}, {""ts_code"": ""01099.HK"", ""side"": ""sell"", ""current_weight"": 0.14117243092638518, ""target_weight"": 0.0, ""post_trade_weight"": 0.0, ""diff_weight"": -0.14117243092638518, ""gross_amount"": 0.1713496976181465, ""gross_amount_pct_nav"": 0.14117243092638518, ""fee"": 5.140490928544395e-05, ""fee_pct_nav"": 4.235172927791555e-05, ""name"": ""国药控股""}, {""ts_code"": ""01766.HK"", ""side"": ""sell"", ""current_weight"": 0.15155049704562218, ""target_weight"": 0.0, ""post_trade_weight"": 0.0, ""diff_weight"": -0.15155049704562218, ""gross_amount"": 0.18394619737183907, ""gross_amount_pct_nav"": 0.15155049704562218, ""fee"": 5.5183859211551716e-05, ""fee_pct_nav"": 4.546514911368665e-05, ""name"": ""中国中车""}, {""ts_code"": ""03328.HK"", ""side"": ""buy"", ""current_weight"": 0.0, ""target_weight"": 0.13889110716311523, ""post_trade_weight"": 0.13894592744695333, ""diff_weight"": 0.13889110716311523, ""gross_amount"": 0.16858071408191175, ""gross_amount_pct_nav"": 0.13889110716311523, ""fee"": 5.057421422457352e-05, ""fee_pct_nav"": 4.166733214893456e-05, ""name"": ""交通银行""}, {""ts_code"": ""03618.HK"", ""side"": ""sell"", ""current_weight"": 0.18496428497237952, ""target_weight"": 0.0, ""post_trade_weight"": 0.0, ""diff_weight"": -0.18496428497237952, ""gross_amount"": 0.22450257527052594, ""gross_amount_pct_nav"": 0.18496428497237952, ""fee"": 6.735077258115778e-05, ""fee_pct_nav"": 5.548928549171386e-05, ""name"": ""重庆农村商业银行""}]"
2023-06-19,0.32758055,0.65516110,0.38948159,0.41780710,0.00024219,0.00011684,0.00012534,0.00000000,rebalance,"[{""ts_code"": ""00005.HK"", ""side"": ""buy"", ""current_weight"": 0.17381703482797198, ""target_weight"": 0.18615388076358128, ""post_trade_weight"": 0.18619047619047616, ""diff_weight"": 0.012336845935609303, ""gross_amount"": 0.015201446328585305, ""gross_amount_pct_nav"": 0.012336845935609303, ""fee"": 4.5604338985755914e-06, ""fee_pct_nav"": 3.701053780682791e-06, ""name"": ""汇丰控股""}, {""ts_code"": ""00883.HK"", ""side"": ""sell"", ""current_weight"": 0.16221140866038442, ""target_weight"": 0.0, ""post_trade_weight"": 0.0, ""diff_weight"": -0.16221140866038442, ""gross_amount"": 0.1998766974561611, ""gross_amount_pct_nav"": 0.16221140866038442, ""fee"": 5.996300923684833e-05, ""fee_pct_nav"": 4.866342259811532e-05, ""name"": ""中国海洋石油""}, {""ts_code"": ""00941.HK"", ""side"": ""sell"", ""current_weight"": 0.1886279726724337, ""target_weight"": 0.14616174269672497, ""post_trade_weight"": 0.14619047619047618, ""diff_weight"": -0.04246622997570873, ""gross_amount"": 0.05232683613967931, ""gross_amount_pct_nav"": 0.04246622997570873, ""fee"": 1.569805084190379e-05, ""fee_pct_nav"": 1.2739868992712616e-05, ""name"": ""中国移动""}, {""ts_code"": ""01928.HK"", ""side"": ""buy"", ""current_weight"": 0.0, ""target_weight"": 0.15949245538567708, ""post_trade_weight"": 0.1595238095238095, ""diff_weight"": 0.15949245538567708, ""gross_amount"": 0.19652640658837184, ""gross_amount_pct_nav"": 0.15949245538567708, ""fee"": 5.8957921976511546e-05, ""fee_pct_nav"": 4.784773661570312e-05, ""name"": ""金沙中国有限公司""}, {""ts_code"": ""03328.HK"", ""side"": ""sell"", ""current_weight"": 0.13439680017744787, ""target_weight"": 0.0, ""post_trade_weight"": 0.0, ""diff_weight"": -0.13439680017744787, ""gross_amount"": 0.16560357122836802, ""gross_amount_pct_nav"": 0.13439680017744787, ""fee"": 4.96810713685104e-05, ""fee_pct_nav"": 4.0319040053234355e-05, ""name"": ""交通银行""}, {""ts_code"": ""03888.HK"", ""side"": ""buy"", ""current_weight"": 0.0, ""target_weight"": 0.14425735516973176, ""post_trade_weight"": 0.14428571428571424, ""diff_weight"": 0.14425735516973176, ""gross_amount"": 0.17775373491425867, ""gross_amount_pct_nav"": 0.14425735516973176, ""fee"": 5.332612047427759e-05, ""fee_pct_nav"": 4.327720655091952e-05, ""name"": ""金山软件""}]"
2023-06-26,0.32129821,0.64259643,0.34060895,0.44052935,0.00023434,0.00010218,0.00013216,0.00000000,rebalance,"[{""ts_code"": ""00005.HK"", ""side"": ""sell"", ""current_weight"": 0.18315035147301248, ""target_weight"": 0.1442187676422592, ""post_trade_weight"": 0.14424657534247182, ""diff_weight"": -0.0389315838307533, ""gross_amount"": 0.0473251167508803, ""gross_amount_pct_nav"": 0.0389315838307533, ""fee"": 1.4197535025264089e-05, ""fee_pct_nav"": 1.1679475149225988e-05, ""name"": ""汇丰控股""}, {""ts_code"": ""00659.HK"", ""side"": ""buy"", ""current_weight"": 0.0, ""target_weight"": 0.1318923772454849, ""post_trade_weight"": 0.13191780821918364, ""diff_weight"": 0.1318923772454849, ""gross_amount"": 0.1603279789188311, ""gross_amount_pct_nav"": 0.1318923772454849, ""fee"": 4.809839367564933e-05, ""fee_pct_nav"": 3.956771317364546e-05, ""name"": ""周大福创建""}, {""ts_code"": ""00763.HK"", ""side"": ""sell"", ""current_weight"": 0.16709840306031998, ""target_weight"": 0.15531251899935605, ""post_trade_weight"": 0.15534246575343122, ""diff_weight"": -0.011785884060963906, ""gross_amount"": 0.014326885379804588, ""gross_amount_pct_nav"": 0.011785884060963906, ""fee"": 4.298065613941376e-06, ""fee_pct_nav"": 3.535765218289172e-06, ""name"": ""中兴通讯""}, {""ts_code"": ""00857.HK"", ""side"": ""sell"", ""current_weight"": 0.1931549646957146, ""target_weight"": 0.1750347436341949, ""post_trade_weight"": 0.1750684931506923, ""diff_weight"": -0.01812022106151971, ""gross_amount"": 0.022026886473875767, ""gross_amount_pct_nav"": 0.01812022106151971, ""fee"": 6.60806594216273e-06, ""fee_pct_nav"": 5.436066318455912e-06, ""name"": ""中国石油股份""}, {""ts_code"": ""00941.HK"", ""side"": ""buy"", ""current_weight"": 0.14506156524938657, ""target_weight"": 0.16517363131677545, ""post_trade_weight"": 0.16520547945206174, ""diff_weight"": 0.02011206606738888, ""gross_amount"": 0.024448167299803897, ""gross_amount_pct_nav"": 0.02011206606738888, ""fee"": 7.334450189941168e-06, ""fee_pct_nav"": 6.033619820216664e-06, ""name"": ""中国移动""}, {""ts_code"": ""01088.HK"", ""side"": ""buy"", ""current_weight"": 0.0, ""target_weight"": 0.12819446012645258, ""post_trade_weight"": 0.12821917808219718, ""diff_weight"": 0.12819446012645258, ""gross_amount"": 0.15583280193979845, ""gross_amount_pct_nav"": 0.12819446012645258, ""fee"": 4.674984058193953e-05, ""fee_pct_nav"": 3.8458338037935775e-05, ""name"": ""中国神华""}, {""ts_code"": ""01928.HK"", ""side"": ""sell"", ""current_weight"": 0.15464152943599435, ""target_weight"": 0.0, ""post_trade_weight"": 0.0, ""diff_weight"": -0.15464152943599435, ""gross_amount"": 0.18798178021496434, ""gross_amount_pct_nav"": 0.15464152943599435, ""fee"": 5.63945340644893e-05, ""fee_pct_nav"": 4.63924588307983e-05, ""name"": ""金沙中国有限公司""}, {""ts_code"": ""03888.HK"", ""side"": ""sell"", ""current_weight"": 0.13891830600445765, ""target_weight"": 0.0, ""post_trade_weight"": 0.0, ""diff_weight"": -0.13891830600445765, ""gross_amount"": 0.1688686768839393, ""gross_amount_pct_nav"": 0.13891830600445765, ""fee"": 5.066060306518179e-05, ""fee_pct_nav"": 4.1675491801337295e-05, ""name"": ""金山软件""}]"
2023-07-03,0.59782916,1.19565833,0.76362042,0.76648751,0.00045903,0.00022909,0.00022995,0.00000000,rebalance,"[{""ts_code"": ""00005.HK"", ""side"": ""sell"", ""current_weight"": 0.14238759021832842, ""target_weight"": 0.0, ""post_trade_weight"": 0.0, ""diff_weight"": -0.14238759021832842, ""gross_amount"": 0.18221625352216586, ""gross_amount_pct_nav"": 0.14238759021832842, ""fee"": 5.466487605664975e-05, ""fee_pct_nav"": 4.2716277065498524e-05, ""name"": ""汇丰控股""}, {""ts_code"": ""00267.HK"", ""side"": ""buy"", ""current_weight"": 0.0, ""target_weight"": 0.1391808275021515, ""post_trade_weight"": 0.13923076923076907, ""diff_weight"": 0.1391808275021515, ""gross_amount"": 0.17811249499110035, ""gross_amount_pct_nav"": 0.1391808275021515, ""fee"": 5.3433748497330104e-05, ""fee_pct_nav"": 4.1754248250645444e-05, ""name"": ""中信股份""}, {""ts_code"": ""00386.HK"", ""side"": ""buy"", ""current_weight"": 0.0, ""target_weight"": 0.14348697465138938, ""post_trade_weight"": 0.14353846153846142, ""diff_weight"": 0.14348697465138938, ""gross_amount"": 0.18362315781955435, ""gross_amount_pct_nav"": 0.14348697465138938, ""fee"": 5.50869473458663e-05, ""fee_pct_nav"": 4.3046092395416805e-05, ""name"": ""中国石油化工股份""}, {""ts_code"": ""00659.HK"", ""side"": ""sell"", ""current_weight"": 0.13948668647271897, ""target_weight"": 0.0, ""post_trade_weight"": 0.0, ""diff_weight"": -0.13948668647271897, ""gross_amount"": 0.17850390884702347, ""gross_amount_pct_nav"": 0.13948668647271897, ""fee"": 5.355117265410704e-05, ""fee_pct_nav"": 4.1846005941815696e-05, ""name"": ""周大福创建""}, {""ts_code"": ""00857.HK"", ""side"": ""sell"", ""current_weight"": 0.17385171946700564, ""target_weight"": 0.14594763016523948, ""post_trade_weight"": 0.14599999999999982, ""diff_weight"": -0.027904089301766164, ""gross_amount"": 0.03570942244839875, ""gross_amount_pct_nav"": 0.027904089301766164, ""fee"": 1.0712826734519626e-05, ""fee_pct_nav"": 8.37122679052985e-06, ""name"": ""中国石油股份""}, {""ts_code"": ""00941.HK"", ""side"": ""sell"", ""current_weight"": 0.15998045429451016, ""target_weight"": 0.0, ""post_trade_weight"": 0.0, ""diff_weight"": -0.15998045429451016, ""gross_amount"": 0.2047301943492499, ""gross_amount_pct_nav"": 0.15998045429451016, ""fee"": 6.141905830477496e-05, ""fee_pct_nav"": 4.799413628835304e-05, ""name"": ""中国移动""}, {""ts_code"": ""00998.HK"", ""side"": ""buy"", ""current_weight"": 0.0, ""target_weight"": 0.1539447605852527, ""post_trade_weight"": 0.15399999999999986, ""diff_weight"": 0.1539447605852527, ""gross_amount"": 0.1970061961172282, ""gross_amount_pct_nav"": 0.1539447605852527, ""fee"": 5.910185883516845e-05, ""fee_pct_nav"": 4.61834281755758e-05, ""name"": ""中信银行""}, {""ts_code"": ""01088.HK"", ""side"": ""sell"", ""current_weight"": 0.12919054546537942, ""target_weight"": 0.0, ""post_trade_weight"": 0.0, ""diff_weight"": -0.12919054546537942, ""gross_amount"": 0.16532773080217686, ""gross_amount_pct_nav"": 0.12919054546537942, ""fee"": 4.959831924065305e-05, ""fee_pct_nav"": 3.8757163639613824e-05, ""name"": ""中国神华""}, {""ts_code"": ""01339.HK"", ""side"": ""buy"", ""current_weight"": 0.0, ""target_weight"": 0.16009639936987816, ""post_trade_weight"": 0.160153846153846, ""diff_weight"": 0.16009639936987816, ""gross_amount"": 0.2048785715864481, ""gross_amount_pct_nav"": 0.16009639936987816, ""fee"": 6.146357147593442e-05, ""fee_pct_nav"": 4.802891981096345e-05, ""name"": ""中国人民保险集团""}]"
2023-07-10,0.65311653,1.30623306,0.84704653,0.73488746,0.00047458,0.00025411,0.00022047,0.00000000,rebalance,"[{""ts_code"": ""00267.HK"", ""side"": ""sell"", ""current_weight"": 0.1297879769918249, ""target_weight"": 0.0, ""post_trade_weight"": 0.0, ""diff_weight"": -0.1297879769918249, ""gross_amount"": 0.15718176111643994, ""gross_amount_pct_nav"": 0.1297879769918249, ""fee"": 4.715452833493198e-05, ""fee_pct_nav"": 3.893639309754747e-05, ""name"": ""中信股份""}, {""ts_code"": ""00659.HK"", ""side"": ""buy"", ""current_weight"": 0.0, ""target_weight"": 0.15218947309226064, ""post_trade_weight"": 0.1522491349480959, ""diff_weight"": 0.15218947309226064, ""gross_amount"": 0.18431144362109395, ""gross_amount_pct_nav"": 0.15218947309226064, ""fee"": 5.529343308632818e-05, ""fee_pct_nav"": 4.565684192767819e-05, ""name"": ""周大福创建""}, {""ts_code"": ""00763.HK"", ""side"": ""sell"", ""current_weight"": 0.15828943233361611, ""target_weight"": 0.0, ""post_trade_weight"": 0.0, ""diff_weight"": -0.15828943233361611, ""gross_amount"": 0.19169889474343596, ""gross_amount_pct_nav"": 0.15828943233361611, ""fee"": 5.750966842303078e-05, ""fee_pct_nav"": 4.748682970008483e-05, ""name"": ""中兴通讯""}, {""ts_code"": ""00857.HK"", ""side"": ""buy"", ""current_weight"": 0.14661265006857438, ""target_weight"": 0.16602487973701163, ""post_trade_weight"": 0.1660899653979228, ""diff_weight"": 0.019412229668437246, ""gross_amount"": 0.0235094846009809, ""gross_amount_pct_nav"": 0.019412229668437246, ""fee"": 7.05284538029427e-06, ""fee_pct_nav"": 5.823668900531173e-06, ""name"": ""中国石油股份""}, {""ts_code"": ""00941.HK"", ""side"": ""buy"", ""current_weight"": 0.0, ""target_weight"": 0.15495655442121084, ""post_trade_weight"": 0.15501730103806127, ""diff_weight"": 0.15495655442121084, ""gross_amount"": 0.18766256077784113, ""gross_amount_pct_nav"": 0.15495655442121084, ""fee"": 5.6298768233352335e-05, ""fee_pct_nav"": 4.648696632636325e-05, ""name"": ""中国移动""}, {""ts_code"": ""00998.HK"", ""side"": ""sell"", ""current_weight"": 0.15699717556032014, ""target_weight"": 0.0, ""post_trade_weight"": 0.0, ""diff_weight"": -0.15699717556032014, ""gross_amount"": 0.19013388695034814, ""gross_amount_pct_nav"": 0.15699717556032014, ""fee"": 5.704016608510443e-05, ""fee_pct_nav"": 4.709915266809603e-05, ""name"": ""中信银行""}, {""ts_code"": ""01339.HK"", ""side"": ""sell"", ""current_weight"": 0.1617360046429871, ""target_weight"": 0.0, ""post_trade_weight"": 0.0, ""diff_weight"": -0.1617360046429871, ""gross_amount"": 0.19587292008814267, ""gross_amount_pct_nav"": 0.1617360046429871, ""fee"": 5.8761876026442795e-05, ""fee_pct_nav"": 4.8520801392896125e-05, ""name"": ""中国人民保险集团""}, {""ts_code"": ""01919.HK"", ""side"": ""buy"", ""current_weight"": 0.0, ""target_weight"": 0.17155904239491201, ""post_trade_weight"": 0.17162629757785355, ""diff_weight"": 0.17155904239491201, ""gross_amount"": 0.2077692637183241, ""gross_amount_pct_nav"": 0.17155904239491201, ""fee"": 6.233077911549722e-05, ""fee_pct_nav"": 5.1467712718473595e-05, ""name"": ""中远海控""}, {""ts_code"": ""03988.HK"", ""side"": ""buy"", ""current_weight"": 0.0, ""target_weight"": 0.20130516668112658, ""post_trade_weight"": 0.20138408304498137, ""diff_weight"": 0.20130516668112658, ""gross_amount"": 0.2437937731533561, ""gross_amount_pct_nav"": 0.20130516668112658, ""fee"": 7.313813194600682e-05, ""fee_pct_nav"": 6.0391550004337964e-05, ""name"": ""中国银行""}]"
2023-07-17,0.00000000,0.00000000,0.00000000,0.00000000,0.00000000,0.00000000,0.00000000,0.00000000,rebalance,
2023-07-24,0.66648009,1.33296018,0.83213743,0.81937008,0.00049545,0.00024964,0.00024581,0.00000000,rebalance,"[{""ts_code"": ""00005.HK"", ""side"": ""buy"", ""current_weight"": 0.0, ""target_weight"": 0.17741133970248746, ""post_trade_weight"": 0.17748231275920848, ""diff_weight"": 0.17741133970248746, ""gross_amount"": 0.21980863687432578, ""gross_amount_pct_nav"": 0.17741133970248746, ""fee"": 6.594259106229772e-05, ""fee_pct_nav"": 5.322340191074623e-05, ""name"": ""汇丰控股""}, {""ts_code"": ""00386.HK"", ""side"": ""sell"", ""current_weight"": 0.14442291100958032, ""target_weight"": 0.0, ""post_trade_weight"": 0.0, ""diff_weight"": -0.14442291100958032, ""gross_amount"": 0.17893671991696714, ""gross_amount_pct_nav"": 0.14442291100958032, ""fee"": 5.368101597509014e-05, ""fee_pct_nav"": 4.33268733028741e-05, ""name"": ""中国石油化工股份""}, {""ts_code"": ""00659.HK"", ""side"": ""sell"", ""current_weight"": 0.14876094315626542, ""target_weight"": 0.0, ""post_trade_weight"": 0.0, ""diff_weight"": -0.14876094315626542, ""gross_amount"": 0.18431144362109395, ""gross_amount_pct_nav"": 0.14876094315626542, ""fee"": 5.529343308632818e-05, ""fee_pct_nav"": 4.4628282946879624e-05, ""name"": ""周大福创建""}, {""ts_code"": ""00728.HK"", ""side"": ""buy"", ""current_weight"": 0.0, ""target_weight"": 0.16131629032741646, ""post_trade_weight"": 0.1613808245913628, ""diff_weight"": 0.16131629032741646, ""gross_amount"": 0.19986723476613955, ""gross_amount_pct_nav"": 0.16131629032741646, ""fee"": 5.996017042984186e-05, ""fee_pct_nav"": 4.839488709822493e-05, ""name"": ""中国电信""}, {""ts_code"": ""00883.HK"", ""side"": ""buy"", ""current_weight"": 0.0, ""target_weight"": 0.16375493417212417, ""post_trade_weight"": 0.1638204440107333, ""diff_weight"": 0.16375493417212417, ""gross_amount"": 0.20288865932798592, ""gross_amount_pct_nav"": 0.16375493417212417, ""fee"": 6.086659779839577e-05, ""fee_pct_nav"": 4.912648025163724e-05, ""name"": ""中国海洋石油""}, {""ts_code"": ""00941.HK"", ""side"": ""buy"", ""current_weight"": 0.15592132264882833, ""target_weight"": 0.17204632324413044, ""post_trade_weight"": 0.17211515003659325, ""diff_weight"": 0.016125000595302127, ""gross_amount"": 0.019978510992560622, ""gross_amount_pct_nav"": 0.016125000595302127, ""fee"": 5.993553297768186e-06, ""fee_pct_nav"": 4.837500178590638e-06, ""name"": ""中国移动""}, {""ts_code"": ""01288.HK"", ""side"": ""buy"", ""current_weight"": 0.0, ""target_weight"": 0.15302490125541013, ""post_trade_weight"": 0.15308611856550286, ""diff_weight"": 0.15302490125541013, ""gross_amount"": 0.18959439125586175, ""gross_amount_pct_nav"": 0.15302490125541013, ""fee"": 5.687831737675852e-05, ""fee_pct_nav"": 4.590747037662304e-05, ""name"": ""农业银行""}, {""ts_code"": ""01919.HK"", ""side"": ""sell"", ""current_weight"": 0.17290498940042562, ""target_weight"": 0.0, ""post_trade_weight"": 0.0, ""diff_weight"": -0.17290498940042562, ""gross_amount"": 0.2142253707830178, ""gross_amount_pct_nav"": 0.17290498940042562, ""fee"": 6.426761123490533e-05, ""fee_pct_nav"": 5.187149682012767e-05, ""name"": ""中远海控""}, {""ts_code"": ""03988.HK"", ""side"": ""sell"", ""current_weight"": 0.19523887136382517, ""target_weight"": 0.0, ""post_trade_weight"": 0.0, ""diff_weight"": -0.19523887136382517, ""gross_amount"": 0.24189654534671517, ""gross_amount_pct_nav"": 0.19523887136382517, ""fee"": 7.256896360401455e-05, ""fee_pct_nav"": 5.857166140914755e-05, ""name"": ""中国银行""}]"
2023-07-31,0.32798449,0.65596898,0.40452960,0.42131130,0.00024775,0.00012136,0.00012639,0.00000000,rebalance,"[{""ts_code"": ""00728.HK"", ""side"": ""sell"", ""current_weight"": 0.1554393641650873, ""target_weight"": 0.0, ""post_trade_weight"": 0.0, ""diff_weight"": -0.1554393641650873, ""gross_amount"": 0.19569246223838724, ""gross_amount_pct_nav"": 0.1554393641650873, ""fee"": 5.8707738671516165e-05, ""fee_pct_nav"": 4.663180924952619e-05, ""name"": ""中国电信""}, {""ts_code"": ""00857.HK"", ""side"": ""sell"", ""current_weight"": 0.16863422507051123, ""target_weight"": 0.0, ""post_trade_weight"": 0.0, ""diff_weight"": -0.16863422507051123, ""gross_amount"": 0.21230430849332327, ""gross_amount_pct_nav"": 0.16863422507051123, ""fee"": 6.369129254799697e-05, ""fee_pct_nav"": 5.0590267521153364e-05, ""name"": ""中国石油股份""}, {""ts_code"": ""01288.HK"", ""side"": ""sell"", ""current_weight"": 0.16227448572784128, ""target_weight"": 0.15169869436990296, ""post_trade_weight"": 0.15172855313708117, ""diff_weight"": -0.0105757913579383, ""gross_amount"": 0.013314533690168356, ""gross_amount_pct_nav"": 0.0105757913579383, ""fee"": 3.9943601070505065e-06, ""fee_pct_nav"": 3.1727374073814896e-06, ""name"": ""农业银行""}, {""ts_code"": ""01339.HK"", ""side"": ""buy"", ""current_weight"": 0.0, ""target_weight"": 0.1585262024146806, ""post_trade_weight"": 0.15855740503635907, ""diff_weight"": 0.1585262024146806, ""gross_amount"": 0.19957867845420357, ""gross_amount_pct_nav"": 0.1585262024146806, ""fee"": 5.987360353626107e-05, ""fee_pct_nav"": 4.755786072440418e-05, ""name"": ""中国人民保险集团""}, {""ts_code"": ""03988.HK"", ""side"": ""buy"", ""current_weight"": 0.0, ""target_weight"": 0.16279339494266667, ""post_trade_weight"": 0.16282543747340783, ""diff_weight"": 0.16279339494266667, ""gross_amount"": 0.20495091744354965, ""gross_amount_pct_nav"": 0.16279339494266667, ""fee"": 6.14852752330649e-05, ""fee_pct_nav"": 4.88380184828e-05, ""name"": ""中国银行""}]"
2023-08-07,0.82938590,1.65877181,1.03085609,1.01688858,0.00061432,0.00030926,0.00030507,0.00000000,rebalance,"[{""ts_code"": ""00005.HK"", ""side"": ""sell"", ""current_weight"": 0.1787674331448047, ""target_weight"": 0.16445928907127982, ""post_trade_weight"": 0.16454116994732393, ""diff_weight"": -0.014308144073524872, ""gross_amount"": 0.01766332515865865, ""gross_amount_pct_nav"": 0.014308144073524872, ""fee"": 5.2989975475975946e-06, ""fee_pct_nav"": 4.292443222057461e-06, ""name"": ""汇丰控股""}, {""ts_code"": ""00857.HK"", ""side"": ""buy"", ""current_weight"": 0.0, ""target_weight"": 0.16168828167328017, ""post_trade_weight"": 0.16176878292209523, ""diff_weight"": 0.16168828167328017, ""gross_amount"": 0.1996032943800488, ""gross_amount_pct_nav"": 0.16168828167328017, ""fee"": 5.988098831401464e-05, ""fee_pct_nav"": 4.850648450198405e-05, ""name"": ""中国石油股份""}, {""ts_code"": ""00883.HK"", ""side"": ""sell"", ""current_weight"": 0.17168662057712836, ""target_weight"": 0.0, ""post_trade_weight"": 0.0, ""diff_weight"": -0.17168662057712836, ""gross_amount"": 0.2119461887622711, ""gross_amount_pct_nav"": 0.17168662057712836, ""fee"": 6.358385662868132e-05, ""fee_pct_nav"": 5.15059861731385e-05, ""name"": ""中国海洋石油""}, {""ts_code"": ""00941.HK"", ""side"": ""sell"", ""current_weight"": 0.17427759300956977, ""target_weight"": 0.0, ""post_trade_weight"": 0.0, ""diff_weight"": -0.17427759300956977, ""gross_amount"": 0.2151447299788091, ""gross_amount_pct_nav"": 0.17427759300956977, ""fee"": 6.454341899364273e-05, ""fee_pct_nav"": 5.228327790287093e-05, ""name"": ""中国移动""}, {""ts_code"": ""01288.HK"", ""side"": ""sell"", ""current_weight"": 0.14884544883920364, ""target_weight"": 0.0, ""post_trade_weight"": 0.0, ""diff_weight"": -0.14884544883920364, ""gross_amount"": 0.18374888788673296, ""gross_amount_pct_nav"": 0.14884544883920364, ""fee"": 5.512466636601988e-05, ""fee_pct_nav"": 4.4653634651761084e-05, ""name"": ""农业银行""}, {""ts_code"": ""01336.HK"", ""side"": ""buy"", ""current_weight"": 0.0, ""target_weight"": 0.16723029646927948, ""post_trade_weight"": 0.16731355697255265, ""diff_weight"": 0.16723029646927948, ""gross_amount"": 0.20644488116256976, ""gross_amount_pct_nav"": 0.16723029646927948, ""fee"": 6.193346434877092e-05, ""fee_pct_nav"": 5.0169088940783836e-05, ""name"": ""新华保险""}, {""ts_code"": ""01339.HK"", ""side"": ""sell"", ""current_weight"": 0.15473969837689597, ""target_weight"": 0.0, ""post_trade_weight"": 0.0, ""diff_weight"": -0.15473969837689597, ""gross_amount"": 0.19102530652045202, ""gross_amount_pct_nav"": 0.15473969837689597, ""fee"": 5.7307591956135604e-05, ""fee_pct_nav"": 4.642190951306879e-05, ""name"": ""中国人民保险集团""}, {""ts_code"": ""02015.HK"", ""side"": ""buy"", ""current_weight"": 0.0, ""target_weight"": 0.17000130386727919, ""post_trade_weight"": 0.1700859439977814, ""diff_weight"": 0.17000130386727919, ""gross_amount"": 0.2098656745538303, ""gross_amount_pct_nav"": 0.17000130386727919, ""fee"": 6.295970236614908e-05, ""fee_pct_nav"": 5.100039116018375e-05, ""name"": ""理想汽车-W""}, {""ts_code"": ""03988.HK"", ""side"": ""sell"", ""current_weight"": 0.1598712207975082, ""target_weight"": 0.0, ""post_trade_weight"": 0.0, ""diff_weight"": -0.1598712207975082, ""gross_amount"": 0.19736014272341817, ""gross_amount_pct_nav"": 0.1598712207975082, ""fee"": 5.9208042817025444e-05, ""fee_pct_nav"": 4.796136623925246e-05, ""name"": ""中国银行""}, {""ts_code"": ""06066.HK"", ""side"": ""buy"", ""current_weight"": 0.0, ""target_weight"": 0.16944710238767924, ""post_trade_weight"": 0.16953146659273563, ""diff_weight"": 0.16944710238767924, ""gross_amount"": 0.20918151587557818, ""gross_amount_pct_nav"": 0.16944710238767924, ""fee"": 6.275445476267344e-05, ""fee_pct_nav"": 5.083413071630376e-05, ""name"": ""中信建投证券""}, {""ts_code"": ""06881.HK"", ""side"": ""buy"", ""current_weight"": 0.0, ""target_weight"": 0.16667609498967956, ""post_trade_weight"": 0.1667590795675069, ""diff_weight"": 0.16667609498967956, ""gross_amount"": 0.20576072248431768, ""gross_amount_pct_nav"": 0.16667609498967956, ""fee"": 6.17282167452953e-05, ""fee_pct_nav"": 5.000282849690387e-05, ""name"": ""中国银河""}]"
2023-08-14,0.83878911,1.67757821,0.98692716,0.98751949,0.00059233,0.00029608,0.00029626,0.00000000,rebalance,"[{""ts_code"": ""00005.HK"", ""side"": ""sell"", ""current_weight"": 0.17243035444029686, ""target_weight"": 0.16095925582341022, ""post_trade_weight"": 0.1610403031346876, ""diff_weight"": -0.011471098616886652, ""gross_amount"": 0.013501052945843528, ""gross_amount_pct_nav"": 0.011471098616886652, ""fee"": 4.050315883753058e-06, ""fee_pct_nav"": 3.441329585065995e-06, ""name"": ""汇丰控股""}, {""ts_code"": ""00659.HK"", ""side"": ""buy"", ""current_weight"": 0.0, ""target_weight"": 0.14512155364613347, ""post_trade_weight"": 0.1451946262487076, ""diff_weight"": 0.14512155364613347, ""gross_amount"": 0.17080262708885055, ""gross_amount_pct_nav"": 0.14512155364613347, ""fee"": 5.124078812665516e-05, ""fee_pct_nav"": 4.353646609384004e-05, ""name"": ""周大福创建""}, {""ts_code"": ""00762.HK"", ""side"": ""buy"", ""current_weight"": 0.0, ""target_weight"": 0.1650908303044389, ""post_trade_weight"": 0.16517395797450843, ""diff_weight"": 0.1650908303044389, ""gross_amount"": 0.19430571693737567, ""gross_amount_pct_nav"": 0.1650908303044389, ""fee"": 5.8291715081212696e-05, ""fee_pct_nav"": 4.9527249091331676e-05, ""name"": ""中国联通""}, {""ts_code"": ""00857.HK"", ""side"": ""sell"", ""current_weight"": 0.17346827514901694, ""target_weight"": 0.0, ""post_trade_weight"": 0.0, ""diff_weight"": -0.17346827514901694, ""gross_amount"": 0.2041656553944499, ""gross_amount_pct_nav"": 0.17346827514901694, ""fee"": 6.124969661833497e-05, ""fee_pct_nav"": 5.204048254470508e-05, ""name"": ""中国石油股份""}, {""ts_code"": ""00883.HK"", ""side"": ""buy"", ""current_weight"": 0.0, ""target_weight"": 0.18781448995009686, ""post_trade_weight"": 0.18790905959352316, ""diff_weight"": 0.18781448995009686, ""gross_amount"": 0.2210506122822491, ""gross_amount_pct_nav"": 0.18781448995009686, ""fee"": 6.631518368467472e-05, ""fee_pct_nav"": 5.6344346985029056e-05, ""name"": ""中国海洋石油""}, {""ts_code"": ""00941.HK"", ""side"": ""buy"", ""current_weight"": 0.0, ""target_weight"": 0.1891916814437731, ""post_trade_weight"": 0.18928694454013012, ""diff_weight"": 0.1891916814437731, ""gross_amount"": 0.22267151503042323, ""gross_amount_pct_nav"": 0.1891916814437731, ""fee"": 6.680145450912696e-05, ""fee_pct_nav"": 5.675750443313192e-05, ""name"": ""中国移动""}, {""ts_code"": ""01336.HK"", ""side"": ""sell"", ""current_weight"": 0.16282666299637782, ""target_weight"": 0.0, ""post_trade_weight"": 0.0, ""diff_weight"": -0.16282666299637782, ""gross_amount"": 0.19164087691417328, ""gross_amount_pct_nav"": 0.16282666299637782, ""fee"": 5.7492263074251976e-05, ""fee_pct_nav"": 4.8847998898913334e-05, ""name"": ""新华保险""}, {""ts_code"": ""02015.HK"", ""side"": ""sell"", ""current_weight"": 0.15567163738961468, ""target_weight"": 0.0, ""post_trade_weight"": 0.0, ""diff_weight"": -0.15567163738961468, ""gross_amount"": 0.18321968006354472, ""gross_amount_pct_nav"": 0.15567163738961468, ""fee"": 5.496590401906341e-05, ""fee_pct_nav"": 4.6701491216884394e-05, ""name"": ""理想汽车-W""}, {""ts_code"": ""06066.HK"", ""side"": ""sell"", ""current_weight"": 0.16904544177140232, ""target_weight"": 0.0, ""post_trade_weight"": 0.0, ""diff_weight"": -0.16904544177140232, ""gross_amount"": 0.1989601463498397, ""gross_amount_pct_nav"": 0.16904544177140232, ""fee"": 5.96880439049519e-05, ""fee_pct_nav"": 5.071363253142069e-05, ""name"": ""中信建投证券""}, {""ts_code"": ""06862.HK"", ""side"": ""buy"", ""current_weight"": 0.0, ""target_weight"": 0.15131891536767655, ""post_trade_weight"": 0.1513951085084389, ""diff_weight"": 0.15131891536767655, ""gross_amount"": 0.1780966894556342, ""gross_amount_pct_nav"": 0.15131891536767655, ""fee"": 5.342900683669026e-05, ""fee_pct_nav"": 4.539567461030296e-05, ""name"": ""海底捞""}, {""ts_code"": ""06881.HK"", ""side"": ""sell"", ""current_weight"": 0.16655762825328685, ""target_weight"": 0.0, ""post_trade_weight"": 0.0, ""diff_weight"": -0.16655762825328685, ""gross_amount"": 0.19603208312335701, ""gross_amount_pct_nav"": 0.16655762825328685, ""fee"": 5.88096249370071e-05, ""fee_pct_nav"": 4.996728847598605e-05, ""name"": ""中国银河""}]"
2023-08-21,0.35469216,0.70938432,0.33801822,0.45917633,0.00023916,0.00010141,0.00013775,0.00000000,rebalance,"[{""ts_code"": ""00762.HK"", ""side"": ""sell"", ""current_weight"": 0.16425796944456245, ""target_weight"": 0.0, ""post_trade_weight"": 0.0, ""diff_weight"": -0.16425796944456245, ""gross_amount"": 0.18459043109050688, ""gross_amount_pct_nav"": 0.16425796944456245, ""fee"": 5.537712932715206e-05, ""fee_pct_nav"": 4.927739083336873e-05, ""name"": ""中国联通""}, {""ts_code"": ""00857.HK"", ""side"": ""buy"", ""current_weight"": 0.0, ""target_weight"": 0.14826872271736813, ""post_trade_weight"": 0.14830028328612008, ""diff_weight"": 0.14826872271736813, ""gross_amount"": 0.16662197600631445, ""gross_amount_pct_nav"": 0.14826872271736813, ""fee"": 4.998659280189433e-05, ""fee_pct_nav"": 4.4480616815210434e-05, ""name"": ""中国石油股份""}, {""ts_code"": ""00883.HK"", ""side"": ""sell"", ""current_weight"": 0.192142776004709, ""target_weight"": 0.13977194777654475, ""post_trade_weight"": 0.1398016997167149, ""diff_weight"": -0.05237082822816424, ""gross_amount"": 0.0588534838942254, ""gross_amount_pct_nav"": 0.05237082822816424, ""fee"": 1.765604516826762e-05, ""fee_pct_nav"": 1.5711248468449272e-05, ""name"": ""中国海洋石油""}, {""ts_code"": ""00941.HK"", ""side"": ""sell"", ""current_weight"": 0.19023405208510705, ""target_weight"": 0.1414713027647094, ""post_trade_weight"": 0.14150141643059594, ""diff_weight"": -0.04876274932039765, ""gross_amount"": 0.054798783575907006, ""gross_amount_pct_nav"": 0.04876274932039765, ""fee"": 1.64396350727721e-05, ""fee_pct_nav"": 1.4628824796119293e-05, ""name"": ""中国移动""}, {""ts_code"": ""01910.HK"", ""side"": ""buy"", ""current_weight"": 0.0, ""target_weight"": 0.1525171101877798, ""post_trade_weight"": 0.15254957507082262, ""diff_weight"": 0.1525171101877798, ""gross_amount"": 0.17139624465979048, ""gross_amount_pct_nav"": 0.1525171101877798, ""fee"": 5.141887339793714e-05, ""fee_pct_nav"": 4.5755133056333934e-05, ""name"": ""新秀丽""}, {""ts_code"": ""06862.HK"", ""side"": ""sell"", ""current_weight"": 0.14320694161920147, ""target_weight"": 0.0, ""post_trade_weight"": 0.0, ""diff_weight"": -0.14320694161920147, ""gross_amount"": 0.16093362884023243, ""gross_amount_pct_nav"": 0.14320694161920147, ""fee"": 4.8280088652069726e-05, ""fee_pct_nav"": 4.296208248576044e-05, ""name"": ""海底捞""}]"
2023-08-28,0.15589667,0.31179335,0.18066879,0.17393248,0.00010638,0.00005420,0.00005218,0.00000000,rebalance,"[{""ts_code"": ""00285.HK"", ""side"": ""buy"", ""current_weight"": 0.0, ""target_weight"": 0.15885822057204235, ""post_trade_weight"": 0.15887308124301389, ""diff_weight"": 0.15885822057204235, ""gross_amount"": 0.18066879104902914, ""gross_amount_pct_nav"": 0.15885822057204235, ""fee"": 5.4200637314708734e-05, ""fee_pct_nav"": 4.76574661716127e-05, ""name"": ""比亚迪电子""}, {""ts_code"": ""01910.HK"", ""side"": ""sell"", ""current_weight"": 0.15293512741105905, ""target_weight"": 0.0, ""post_trade_weight"": 0.0, ""diff_weight"": -0.15293512741105905, ""gross_amount"": 0.1739324819250054, ""gross_amount_pct_nav"": 0.15293512741105905, ""fee"": 5.217974457750162e-05, ""fee_pct_nav"": 4.5880538223317715e-05, ""name"": ""新秀丽""}]"
2023-09-18,0.31255213,0.62510427,0.35872174,0.36569577,0.00021733,0.00010762,0.00010971,0.00000000,rebalance,"[{""ts_code"": ""00285.HK"", ""side"": ""sell"", ""current_weight"": 0.16839711715879066, ""target_weight"": 0.0, ""post_trade_weight"": 0.0, ""diff_weight"": -0.16839711715879066, ""gross_amount"": 0.19515115737834485, ""gross_amount_pct_nav"": 0.16839711715879066, ""fee"": 5.854534721350345e-05, ""fee_pct_nav"": 5.05191351476372e-05, ""name"": ""比亚迪电子""}, {""ts_code"": ""00659.HK"", ""side"": ""sell"", ""current_weight"": 0.1471639843120699, ""target_weight"": 0.0, ""post_trade_weight"": 0.0, ""diff_weight"": -0.1471639843120699, ""gross_amount"": 0.1705446170781423, ""gross_amount_pct_nav"": 0.1471639843120699, ""fee"": 5.116338512344269e-05, ""fee_pct_nav"": 4.414919529362096e-05, ""name"": ""周大福创建""}, {""ts_code"": ""00728.HK"", ""side"": ""buy"", ""current_weight"": 0.0, ""target_weight"": 0.12296596678806732, ""post_trade_weight"": 0.12298903107861033, ""diff_weight"": 0.12296596678806732, ""gross_amount"": 0.14250214695902685, ""gross_amount_pct_nav"": 0.12296596678806732, ""fee"": 4.275064408770805e-05, ""fee_pct_nav"": 3.6889790036420194e-05, ""name"": ""中国电信""}, {""ts_code"": ""00762.HK"", ""side"": ""buy"", ""current_weight"": 0.0, ""target_weight"": 0.12625602610012263, ""post_trade_weight"": 0.12627970749542933, ""diff_weight"": 0.12625602610012263, ""gross_amount"": 0.14631491343284697, ""gross_amount_pct_nav"": 0.12625602610012263, ""fee"": 4.389447402985409e-05, ""fee_pct_nav"": 3.7876807830036786e-05, ""name"": ""中国联通""}, {""ts_code"": ""00857.HK"", ""side"": ""buy"", ""current_weight"": 0.14584171876942062, ""target_weight"": 0.15997913404868958, ""post_trade_weight"": 0.16000914076782413, ""diff_weight"": 0.014137415279268956, ""gross_amount"": 0.016383492785604442, ""gross_amount_pct_nav"": 0.014137415279268956, ""fee"": 4.9150478356813325e-06, ""fee_pct_nav"": 4.241224583780687e-06, ""name"": ""中国石油股份""}, {""ts_code"": ""00883.HK"", ""side"": ""buy"", ""current_weight"": 0.14277606028386666, ""target_weight"": 0.17067182681286938, ""post_trade_weight"": 0.17070383912248593, ""diff_weight"": 0.027895766529002716, ""gross_amount"": 0.032327697860514065, ""gross_amount_pct_nav"": 0.027895766529002716, ""fee"": 9.698309358154219e-06, ""fee_pct_nav"": 8.368729958700814e-06, ""name"": ""中国海洋石油""}, {""ts_code"": ""00941.HK"", ""side"": ""buy"", ""current_weight"": 0.14333616998314938, ""target_weight"": 0.16162416370471724, ""post_trade_weight"": 0.16165447897623364, ""diff_weight"": 0.018287993721567843, ""gross_amount"": 0.021193493101942712, ""gross_amount_pct_nav"": 0.018287993721567843, ""fee"": 6.358047930582813e-06, ""fee_pct_nav"": 5.486398116470352e-06, ""name"": ""中国移动""}]"
2023-09-25,0.28809241,0.57618482,0.32782072,0.34008427,0.00020037,0.00009835,0.00010203,0.00000000,rebalance,"[{""ts_code"": ""00728.HK"", ""side"": ""buy"", ""current_weight"": 0.12451720270300927, ""target_weight"": 0.1433932232721518, ""post_trade_weight"": 0.14341801385681285, ""diff_weight"": 0.018876020569142532, ""gross_amount"": 0.021880806151666293, ""gross_amount_pct_nav"": 0.018876020569142532, ""fee"": 6.564241845499887e-06, ""fee_pct_nav"": 5.662806170742759e-06, ""name"": ""中国电信""}, {""ts_code"": ""00762.HK"", ""side"": ""sell"", ""current_weight"": 0.12467751484053805, ""target_weight"": 0.0, ""post_trade_weight"": 0.0, ""diff_weight"": -0.12467751484053805, ""gross_amount"": 0.14452434631041702, ""gross_amount_pct_nav"": 0.12467751484053805, ""fee"": 4.3357303893125106e-05, ""fee_pct_nav"": 3.740325445216141e-05, ""name"": ""中国联通""}, {""ts_code"": ""00883.HK"", ""side"": ""sell"", ""current_weight"": 0.1687046252043433, ""target_weight"": 0.0, ""post_trade_weight"": 0.0, ""diff_weight"": -0.1687046252043433, ""gross_amount"": 0.19555992681106923, ""gross_amount_pct_nav"": 0.1687046252043433, ""fee"": 5.866797804332076e-05, ""fee_pct_nav"": 5.061138756130298e-05, ""name"": ""中国海洋石油""}, {""ts_code"": ""01288.HK"", ""side"": ""buy"", ""current_weight"": 0.0, ""target_weight"": 0.13646601441842474, ""post_trade_weight"": 0.13648960739030022, ""diff_weight"": 0.13646601441842474, ""gross_amount"": 0.1581894020957666, ""gross_amount_pct_nav"": 0.13646601441842474, ""fee"": 4.7456820628729976e-05, ""fee_pct_nav"": 4.0939804325527414e-05, ""name"": ""农业银行""}, {""ts_code"": ""02328.HK"", ""side"": ""buy"", ""current_weight"": 0.0, ""target_weight"": 0.1274606429085794, ""post_trade_weight"": 0.12748267898383367, ""diff_weight"": 0.1274606429085794, ""gross_amount"": 0.14775050754122357, ""gross_amount_pct_nav"": 0.1274606429085794, ""fee"": 4.432515226236707e-05, ""fee_pct_nav"": 3.823819287257382e-05, ""name"": ""中国财险""}]"
2023-10-03,0.31734708,0.63469416,0.36525800,0.35462960,0.00021597,0.00010958,0.00010639,0.00000000,rebalance,"[{""ts_code"": ""00005.HK"", ""side"": ""buy"", ""current_weight"": 0.1577919691038641, ""target_weight"": 0.17903893672524765, ""post_trade_weight"": 0.17907303370786518, ""diff_weight"": 0.021246967621383558, ""gross_amount"": 0.02409889612269525, ""gross_amount_pct_nav"": 0.021246967621383558, ""fee"": 7.229668836808575e-06, ""fee_pct_nav"": 6.374090286415067e-06, ""name"": ""汇丰控股""}, {""ts_code"": ""00728.HK"", ""side"": ""sell"", ""current_weight"": 0.14170081772953483, ""target_weight"": 0.0, ""post_trade_weight"": 0.0, ""diff_weight"": -0.14170081772953483, ""gross_amount"": 0.16072097194369736, ""gross_amount_pct_nav"": 0.14170081772953483, ""fee"": 4.821629158310921e-05, ""fee_pct_nav"": 4.2510245318860445e-05, ""name"": ""中国电信""}, {""ts_code"": ""00883.HK"", ""side"": ""buy"", ""current_weight"": 0.0, ""target_weight"": 0.1621882132687537, ""post_trade_weight"": 0.16221910112359547, ""diff_weight"": 0.1621882132687537, ""gross_amount"": 0.18395834048128146, ""gross_amount_pct_nav"": 0.1621882132687537, ""fee"": 5.5187502144384435e-05, ""fee_pct_nav"": 4.865646398062611e-05, ""name"": ""中国海洋石油""}, {""ts_code"": ""00941.HK"", ""side"": ""sell"", ""current_weight"": 0.15991663115866692, ""target_weight"": 0.0, ""post_trade_weight"": 0.0, ""diff_weight"": -0.15991663115866692, ""gross_amount"": 0.18138184946003755, ""gross_amount_pct_nav"": 0.15991663115866692, ""fee"": 5.441455483801126e-05, ""fee_pct_nav"": 4.797498934760007e-05, ""name"": ""中国移动""}, {""ts_code"": ""02328.HK"", ""side"": ""sell"", ""current_weight"": 0.13110573451593768, ""target_weight"": 0.12006140462751899, ""post_trade_weight"": 0.12008426966292134, ""diff_weight"": -0.011044329888418688, ""gross_amount"": 0.012526783278848375, ""gross_amount_pct_nav"": 0.011044329888418688, ""fee"": 3.758034983654512e-06, ""fee_pct_nav"": 3.313298966525606e-06, ""name"": ""中国财险""}, {""ts_code"": ""02359.HK"", ""side"": ""buy"", ""current_weight"": 0.0, ""target_weight"": 0.13859720042966228, ""post_trade_weight"": 0.13862359550561798, ""diff_weight"": 0.13859720042966228, ""gross_amount"": 0.15720076368400418, ""gross_amount_pct_nav"": 0.13859720042966228, ""fee"": 4.716022910520125e-05, ""fee_pct_nav"": 4.157916012889868e-05, ""name"": ""药明康德""}]"
2023-10-09,0.17997891,0.35995782,0.20727272,0.20583204,0.00012393,0.00006218,0.00006175,0.00000000,rebalance,"[{""ts_code"": ""00857.HK"", ""side"": ""sell"", ""current_weight"": 0.15834813460906122, ""target_weight"": 0.14383512480693997, ""post_trade_weight"": 0.1438506588580148, ""diff_weight"": -0.014513009802121246, ""gross_amount"": 0.01665582189658127, ""gross_amount_pct_nav"": 0.014513009802121246, ""fee"": 4.9967465689743804e-06, ""fee_pct_nav"": 4.353902940636374e-06, ""name"": ""中国石油股份""}, {""ts_code"": ""00883.HK"", ""side"": ""sell"", ""current_weight"": 0.16066269697116417, ""target_weight"": 0.13417291794967987, ""post_trade_weight"": 0.1341874084919802, ""diff_weight"": -0.026489779021484305, ""gross_amount"": 0.030400933195618013, ""gross_amount_pct_nav"": 0.026489779021484305, ""fee"": 9.120279958685404e-06, ""fee_pct_nav"": 7.946933706445292e-06, ""name"": ""中国海洋石油""}, {""ts_code"": ""00941.HK"", ""side"": ""buy"", ""current_weight"": 0.0, ""target_weight"": 0.12451071109241979, ""post_trade_weight"": 0.12452415812594562, ""diff_weight"": 0.12451071109241979, ""gross_amount"": 0.1428944275824106, ""gross_amount_pct_nav"": 0.12451071109241979, ""fee"": 4.286832827472318e-05, ""fee_pct_nav"": 3.735321332772593e-05, ""name"": ""中国移动""}, {""ts_code"": ""01288.HK"", ""side"": ""sell"", ""current_weight"": 0.13834846077031196, ""target_weight"": 0.0, ""post_trade_weight"": 0.0, ""diff_weight"": -0.13834846077031196, ""gross_amount"": 0.15877528877019534, ""gross_amount_pct_nav"": 0.13834846077031196, ""fee"": 4.76325866310586e-05, ""fee_pct_nav"": 4.1504538231093586e-05, ""name"": ""农业银行""}, {""ts_code"": ""02328.HK"", ""side"": ""buy"", ""current_weight"": 0.11764328999850077, ""target_weight"": 0.1570108614304764, ""post_trade_weight"": 0.1570278184480619, ""diff_weight"": 0.039367571431975654, ""gross_amount"": 0.04518010166134451, ""gross_amount_pct_nav"": 0.039367571431975654, ""fee"": 1.355403049840335e-05, ""fee_pct_nav"": 1.1810271429592695e-05, ""name"": ""中国财险""}, {""ts_code"": ""02359.HK"", ""side"": ""buy"", ""current_weight"": 0.13852580392968214, ""target_weight"": 0.1552540965473383, ""post_trade_weight"": 0.15527086383605568, ""diff_weight"": 0.01672829261765613, ""gross_amount"": 0.019198186060127354, ""gross_amount_pct_nav"": 0.01672829261765613, ""fee"": 5.7594558180382055e-06, ""fee_pct_nav"": 5.018487785296839e-06, ""name"": ""药明康德""}]"
2023-10-16,0.30971486,0.61942973,0.35659362,0.35741503,0.00021420,0.00010698,0.00010722,0.00000000,rebalance,"[{""ts_code"": ""00005.HK"", ""side"": ""sell"", ""current_weight"": 0.17876529509769062, ""target_weight"": 0.14689892636593077, ""post_trade_weight"": 0.14692622950819664, ""diff_weight"": -0.03186636873175985, ""gross_amount"": 0.036731952040716304, ""gross_amount_pct_nav"": 0.03186636873175985, ""fee"": 1.101958561221489e-05, ""fee_pct_nav"": 9.559910619527955e-06, ""name"": ""汇丰控股""}, {""ts_code"": ""00285.HK"", ""side"": ""buy"", ""current_weight"": 0.0, ""target_weight"": 0.15919172355136435, ""post_trade_weight"": 0.1592213114754098, ""diff_weight"": 0.15919172355136435, ""gross_amount"": 0.18349824556381933, ""gross_amount_pct_nav"": 0.15919172355136435, ""fee"": 5.504947366914579e-05, ""fee_pct_nav"": 4.77575170654093e-05, ""name"": ""比亚迪电子""}, {""ts_code"": ""00883.HK"", ""side"": ""buy"", ""current_weight"": 0.13502605770565548, ""target_weight"": 0.1475135662252025, ""post_trade_weight"": 0.14754098360655737, ""diff_weight"": 0.012487508519547027, ""gross_amount"": 0.014394189934508611, ""gross_amount_pct_nav"": 0.012487508519547027, ""fee"": 4.3182569803525826e-06, ""fee_pct_nav"": 3.746252555864107e-06, ""name"": ""中国海洋石油""}, {""ts_code"": ""00941.HK"", ""side"": ""sell"", ""current_weight"": 0.12339644839404516, ""target_weight"": 0.0, ""post_trade_weight"": 0.0, ""diff_weight"": -0.12339644839404516, ""gross_amount"": 0.1422374937840768, ""gross_amount_pct_nav"": 0.12339644839404516, ""fee"": 4.2671248135223034e-05, ""fee_pct_nav"": 3.701893451821354e-05, ""name"": ""中国移动""}, {""ts_code"": ""01810.HK"", ""side"": ""buy"", ""current_weight"": 0.0, ""target_weight"": 0.13767932847685563, ""post_trade_weight"": 0.13770491803278684, ""diff_weight"": 0.13767932847685563, ""gross_amount"": 0.15870118535249236, ""gross_amount_pct_nav"": 0.13767932847685563, ""fee"": 4.76103556057477e-05, ""fee_pct_nav"": 4.1303798543056685e-05, ""name"": ""小米集团-W""}, {""ts_code"": ""02328.HK"", ""side"": ""sell"", ""current_weight"": 0.15480834923287667, ""target_weight"": 0.0, ""post_trade_weight"": 0.0, ""diff_weight"": -0.15480834923287667, ""gross_amount"": 0.17844558654896506, ""gross_amount_pct_nav"": 0.15480834923287667, ""fee"": 5.3533675964689514e-05, ""fee_pct_nav"": 4.6442504769863e-05, ""name"": ""中国财险""}]"
2023-10-24,0.45938207,0.91876414,0.52081081,0.51245834,0.00030998,0.00015624,0.00015374,0.00000000,rebalance,"[{""ts_code"": ""00005.HK"", ""side"": ""buy"", ""current_weight"": 0.14275858333734928, ""target_weight"": 0.15836121923582436, ""post_trade_weight"": 0.1584048802530493, ""diff_weight"": 0.015602635898475083, ""gross_amount"": 0.017547182839445813, ""gross_amount_pct_nav"": 0.015602635898475083, ""fee"": 5.264154851833743e-06, ""fee_pct_nav"": 4.680790769542525e-06, ""name"": ""汇丰控股""}, {""ts_code"": ""00285.HK"", ""side"": ""sell"", ""current_weight"": 0.15113578791167212, ""target_weight"": 0.0, ""post_trade_weight"": 0.0, ""diff_weight"": -0.15113578791167212, ""gross_amount"": 0.1699717484485431, ""gross_amount_pct_nav"": 0.15113578791167212, ""fee"": 5.099152453456293e-05, ""fee_pct_nav"": 4.5340736373501634e-05, ""name"": ""比亚迪电子""}, {""ts_code"": ""00659.HK"", ""side"": ""buy"", ""current_weight"": 0.0, ""target_weight"": 0.14047189023357462, ""post_trade_weight"": 0.14051061906913617, ""diff_weight"": 0.14047189023357462, ""gross_amount"": 0.1579788157443321, ""gross_amount_pct_nav"": 0.14047189023357462, ""fee"": 4.739364472329962e-05, ""fee_pct_nav"": 4.214156707007238e-05, ""name"": ""周大福创建""}, {""ts_code"": ""00857.HK"", ""side"": ""buy"", ""current_weight"": 0.14408586777727217, ""target_weight"": 0.1681190350552333, ""post_trade_weight"": 0.1681653863533656, ""diff_weight"": 0.024033167277961127, ""gross_amount"": 0.027028406173253472, ""gross_amount_pct_nav"": 0.024033167277961127, ""fee"": 8.108521851976041e-06, ""fee_pct_nav"": 7.209950183388338e-06, ""name"": ""中国石油股份""}, {""ts_code"": ""00883.HK"", ""side"": ""buy"", ""current_weight"": 0.14981197759295092, ""target_weight"": 0.164866429782097, ""post_trade_weight"": 0.16491188431992684, ""diff_weight"": 0.015054452189146085, ""gross_amount"": 0.01693067933069306, ""gross_amount_pct_nav"": 0.015054452189146085, ""fee"": 5.079203799207917e-06, ""fee_pct_nav"": 4.5163356567438245e-06, ""name"": ""中国海洋石油""}, {""ts_code"": ""00941.HK"", ""side"": ""buy"", ""current_weight"": 0.0, ""target_weight"": 0.13315352836901792, ""post_trade_weight"": 0.133190239493899, ""diff_weight"": 0.13315352836901792, ""gross_amount"": 0.14974837092986618, ""gross_amount_pct_nav"": 0.13315352836901792, ""fee"": 4.492451127895985e-05, ""fee_pct_nav"": 3.9946058510705375e-05, ""name"": ""中国移动""}, {""ts_code"": ""00981.HK"", ""side"": ""buy"", ""current_weight"": 0.0, ""target_weight"": 0.13477983100558608, ""post_trade_weight"": 0.13481699051061838, ""diff_weight"": 0.13477983100558608, ""gross_amount"": 0.15157735866641417, ""gross_amount_pct_nav"": 0.13477983100558608, ""fee"": 4.547320759992425e-05, ""fee_pct_nav"": 4.0433949301675826e-05, ""name"": ""中芯国际""}, {""ts_code"": ""01810.HK"", ""side"": ""sell"", ""current_weight"": 0.1458405213451419, ""target_weight"": 0.0, ""post_trade_weight"": 0.0, ""diff_weight"": -0.1458405213451419, ""gross_amount"": 0.16401653605807825, ""gross_amount_pct_nav"": 0.1458405213451419, ""fee"": 4.920496081742347e-05, ""fee_pct_nav"": 4.3752156403542567e-05, ""name"": ""小米集团-W""}, {""ts_code"": ""02359.HK"", ""side"": ""sell"", ""current_weight"": 0.15869232896165172, ""target_weight"": 0.0, ""post_trade_weight"": 0.0, ""diff_weight"": -0.15869232896165172, ""gross_amount"": 0.17847005657420595, ""gross_amount_pct_nav"": 0.15869232896165172, ""fee"": 5.354101697226178e-05, ""fee_pct_nav"": 4.760769868849551e-05, ""name"": ""药明康德""}]"
2023-10-30,0.45476993,0.90953985,0.51098925,0.50558020,0.00030497,0.00015330,0.00015167,0.00000000,rebalance,"[{""ts_code"": ""00005.HK"", ""side"": ""sell"", ""current_weight"": 0.1555406490700084, ""target_weight"": 0.0, ""post_trade_weight"": 0.0, ""diff_weight"": -0.1555406490700084, ""gross_amount"": 0.17384380826783144, ""gross_amount_pct_nav"": 0.1555406490700084, ""fee"": 5.2153142480349425e-05, ""fee_pct_nav"": 4.666219472100251e-05, ""name"": ""汇丰控股""}, {""ts_code"": ""00659.HK"", ""side"": ""sell"", ""current_weight"": 0.14155264975179824, ""target_weight"": 0.0, ""post_trade_weight"": 0.0, ""diff_weight"": -0.14155264975179824, ""gross_amount"": 0.15820977892524482, ""gross_amount_pct_nav"": 0.14155264975179824, ""fee"": 4.746293367757344e-05, ""fee_pct_nav"": 4.246579492553947e-05, ""name"": ""周大福创建""}, {""ts_code"": ""00857.HK"", ""side"": ""sell"", ""current_weight"": 0.15778210996408687, ""target_weight"": 0.1437063603380353, ""post_trade_weight"": 0.14374558303897034, ""diff_weight"": -0.014075749626051568, ""gross_amount"": 0.01573210561900079, ""gross_amount_pct_nav"": 0.014075749626051568, ""fee"": 4.719631685700237e-06, ""fee_pct_nav"": 4.22272488781547e-06, ""name"": ""中国石油股份""}, {""ts_code"": ""00941.HK"", ""side"": ""sell"", ""current_weight"": 0.1310333597203355, ""target_weight"": 0.0, ""post_trade_weight"": 0.0, ""diff_weight"": -0.1310333597203355, ""gross_amount"": 0.1464526373016412, ""gross_amount_pct_nav"": 0.1310333597203355, ""fee"": 4.393579119049236e-05, ""fee_pct_nav"": 3.931000791610065e-05, ""name"": ""中国移动""}, {""ts_code"": ""00981.HK"", ""side"": ""sell"", ""current_weight"": 0.15448996999871115, ""target_weight"": 0.14434222918908854, ""post_trade_weight"": 0.1443816254417976, ""diff_weight"": -0.01014774080962262, ""gross_amount"": 0.011341870554144706, ""gross_amount_pct_nav"": 0.01014774080962262, ""fee"": 3.4025611662434116e-06, ""fee_pct_nav"": 3.0443222428867857e-06, ""name"": ""中芯国际""}, {""ts_code"": ""00992.HK"", ""side"": ""buy"", ""current_weight"": 0.0, ""target_weight"": 0.14370636033803527, ""post_trade_weight"": 0.1437455830389703, ""diff_weight"": 0.14370636033803527, ""gross_amount"": 0.16061692620447257, ""gross_amount_pct_nav"": 0.14370636033803527, ""fee"": 4.8185077861341764e-05, ""fee_pct_nav"": 4.311190810141058e-05, ""name"": ""联想集团""}, {""ts_code"": ""01810.HK"", ""side"": ""buy"", ""current_weight"": 0.0, ""target_weight"": 0.16596177012489916, ""post_trade_weight"": 0.1660070671379259, ""diff_weight"": 0.16596177012489916, ""gross_amount"": 0.18549122893525374, ""gross_amount_pct_nav"": 0.16596177012489916, ""fee"": 5.564736868057612e-05, ""fee_pct_nav"": 4.978853103746975e-05, ""name"": ""小米集团-W""}, {""ts_code"": ""03808.HK"", ""side"": ""buy"", ""current_weight"": 0.0, ""target_weight"": 0.1475215734443548, ""post_trade_weight"": 0.14756183745593413, ""diff_weight"": 0.1475215734443548, ""gross_amount"": 0.1648810923868922, ""gross_amount_pct_nav"": 0.1475215734443548, ""fee"": 4.9464327716067654e-05, ""fee_pct_nav"": 4.4256472033306436e-05, ""name"": ""中国重汽""}]"
2023-11-06,0.58375312,1.16750624,0.65672064,0.65523028,0.00039359,0.00019702,0.00019657,0.00000000,rebalance,"[{""ts_code"": ""00659.HK"", ""side"": ""buy"", ""current_weight"": 0.0, ""target_weight"": 0.13292669572795238, ""post_trade_weight"": 0.1329732698645184, ""diff_weight"": 0.13292669572795238, ""gross_amount"": 0.14937247955665875, ""gross_amount_pct_nav"": 0.13292669572795238, ""fee"": 4.481174386699762e-05, ""fee_pct_nav"": 3.9878008718385714e-05, ""name"": ""周大福创建""}, {""ts_code"": ""00857.HK"", ""side"": ""sell"", ""current_weight"": 0.14006874674863892, ""target_weight"": 0.0, ""post_trade_weight"": 0.0, ""diff_weight"": -0.14006874674863892, ""gross_amount"": 0.1573981501282306, ""gross_amount_pct_nav"": 0.14006874674863892, ""fee"": 4.721944503846918e-05, ""fee_pct_nav"": 4.202062402459168e-05, ""name"": ""中国石油股份""}, {""ts_code"": ""00883.HK"", ""side"": ""sell"", ""current_weight"": 0.15739022805844816, ""target_weight"": 0.14280972143263287, ""post_trade_weight"": 0.14285975833028186, ""diff_weight"": -0.014580506625815275, ""gross_amount"": 0.01638441711022187, ""gross_amount_pct_nav"": 0.014580506625815275, ""fee"": 4.915325133066561e-06, ""fee_pct_nav"": 4.374151987744583e-06, ""name"": ""中国海洋石油""}, {""ts_code"": ""00981.HK"", ""side"": ""sell"", ""current_weight"": 0.1447545347631088, ""target_weight"": 0.0, ""post_trade_weight"": 0.0, ""diff_weight"": -0.1447545347631088, ""gross_amount"": 0.16266366711535793, ""gross_amount_pct_nav"": 0.1447545347631088, ""fee"": 4.879910013460738e-05, ""fee_pct_nav"": 4.342636042893264e-05, ""name"": ""中芯国际""}, {""ts_code"": ""00992.HK"", ""side"": ""sell"", ""current_weight"": 0.14383303213797013, ""target_weight"": 0.0, ""post_trade_weight"": 0.0, ""diff_weight"": -0.14383303213797013, ""gross_amount"": 0.16162815554049234, ""gross_amount_pct_nav"": 0.14383303213797013, ""fee"": 4.84884466621477e-05, ""fee_pct_nav"": 4.3149909641391043e-05, ""name"": ""联想集团""}, {""ts_code"": ""01919.HK"", ""side"": ""buy"", ""current_weight"": 0.0, ""target_weight"": 0.16587011474355398, ""post_trade_weight"": 0.16592823141706325, ""diff_weight"": 0.16587011474355398, ""gross_amount"": 0.18639168142943666, ""gross_amount_pct_nav"": 0.16587011474355398, ""fee"": 5.5917504428830994e-05, ""fee_pct_nav"": 4.97610344230662e-05, ""name"": ""中远海控""}, {""ts_code"": ""02015.HK"", ""side"": ""buy"", ""current_weight"": 0.0, ""target_weight"": 0.13951537953107268, ""post_trade_weight"": 0.13956426217502735, ""diff_weight"": 0.13951537953107268, ""gross_amount"": 0.1567763199312143, ""gross_amount_pct_nav"": 0.13951537953107268, ""fee"": 4.703289597936428e-05, ""fee_pct_nav"": 4.1854613859321796e-05, ""name"": ""理想汽车-W""}, {""ts_code"": ""02313.HK"", ""side"": ""buy"", ""current_weight"": 0.0, ""target_weight"": 0.14610406333419304, ""post_trade_weight"": 0.14615525448553635, ""diff_weight"": 0.14610406333419304, ""gross_amount"": 0.16418016030576993, ""gross_amount_pct_nav"": 0.14610406333419304, ""fee"": 4.9254048091730976e-05, ""fee_pct_nav"": 4.383121900025791e-05, ""name"": ""申洲国际""}, {""ts_code"": ""03808.HK"", ""side"": ""sell"", ""current_weight"": 0.1398531631287289, ""target_weight"": 0.0, ""post_trade_weight"": 0.0, ""diff_weight"": -0.1398531631287289, ""gross_amount"": 0.15715589435198182, ""gross_amount_pct_nav"": 0.1398531631287289, ""fee"": 4.7146768305594545e-05, ""fee_pct_nav"": 4.195594893861867e-05, ""name"": ""中国重汽""}]"
2023-11-13,0.33432498,0.66864995,0.36955136,0.38253944,0.00022563,0.00011087,0.00011476,0.00000000,rebalance,"[{""ts_code"": ""00659.HK"", ""side"": ""buy"", ""current_weight"": 0.13318248246601533, ""target_weight"": 0.1546995794223685, ""post_trade_weight"": 0.15473061760849274, ""diff_weight"": 0.021517096956353173, ""gross_amount"": 0.02420221612624593, ""gross_amount_pct_nav"": 0.021517096956353173, ""fee"": 7.260664837873778e-06, ""fee_pct_nav"": 6.455129086905951e-06, ""name"": ""周大福创建""}, {""ts_code"": ""01810.HK"", ""side"": ""sell"", ""current_weight"": 0.18679263665411433, ""target_weight"": 0.15154646697554314, ""post_trade_weight"": 0.1515768725362177, ""diff_weight"": -0.035246169678571186, ""gross_amount"": 0.03964454024227684, ""gross_amount_pct_nav"": 0.035246169678571186, ""fee"": 1.1893362072683052e-05, ""fee_pct_nav"": 1.0573850903571355e-05, ""name"": ""小米集团-W""}, {""ts_code"": ""01919.HK"", ""side"": ""sell"", ""current_weight"": 0.1678460595537531, ""target_weight"": 0.13814573907653546, ""post_trade_weight"": 0.13817345597904895, ""diff_weight"": -0.02970032047721763, ""gross_amount"": 0.03340662435394895, ""gross_amount_pct_nav"": 0.02970032047721763, ""fee"": 1.0021987306184683e-05, ""fee_pct_nav"": 8.910096143165287e-06, ""name"": ""中远海控""}, {""ts_code"": ""02015.HK"", ""side"": ""sell"", ""current_weight"": 0.13320585867495177, ""target_weight"": 0.0, ""post_trade_weight"": 0.0, ""diff_weight"": -0.13320585867495177, ""gross_amount"": 0.14982862174543796, ""gross_amount_pct_nav"": 0.13320585867495177, ""fee"": 4.4948586523631384e-05, ""fee_pct_nav"": 3.9961757602485526e-05, ""name"": ""理想汽车-W""}, {""ts_code"": ""02313.HK"", ""side"": ""sell"", ""current_weight"": 0.14194618414181678, ""target_weight"": 0.0, ""post_trade_weight"": 0.0, ""diff_weight"": -0.14194618414181678, ""gross_amount"": 0.15965965268757165, ""gross_amount_pct_nav"": 0.14194618414181678, ""fee"": 4.789789580627149e-05, ""fee_pct_nav"": 4.258385524254504e-05, ""name"": ""申洲国际""}, {""ts_code"": ""02338.HK"", ""side"": ""buy"", ""current_weight"": 0.0, ""target_weight"": 0.15391130131066216, ""post_trade_weight"": 0.15394218134042398, ""diff_weight"": 0.15391130131066216, ""gross_amount"": 0.17311789718419965, ""gross_amount_pct_nav"": 0.15391130131066216, ""fee"": 5.193536915525989e-05, ""fee_pct_nav"": 4.6173390393198644e-05, ""name"": ""潍柴动力""}, {""ts_code"": ""06886.HK"", ""side"": ""buy"", ""current_weight"": 0.0, ""target_weight"": 0.15312302319895582, ""post_trade_weight"": 0.1531537450723552, ""diff_weight"": 0.15312302319895582, ""gross_amount"": 0.1722312498234611, ""gross_amount_pct_nav"": 0.15312302319895582, ""fee"": 5.1669374947038325e-05, ""fee_pct_nav"": 4.593690695968674e-05, ""name"": ""HTSC""}]"
2023-11-20,0.30208559,0.60417118,0.34896024,0.35393957,0.00021087,0.00010469,0.00010618,0.00000000,rebalance,"[{""ts_code"": ""00285.HK"", ""side"": ""buy"", ""current_weight"": 0.0, ""target_weight"": 0.15864403928912157, ""post_trade_weight"": 0.1586727989487516, ""diff_weight"": 0.15864403928912157, ""gross_amount"": 0.18456832901745449, ""gross_amount_pct_nav"": 0.15864403928912157, ""fee"": 5.537049870523634e-05, ""fee_pct_nav"": 4.759321178673647e-05, ""name"": ""比亚迪电子""}, {""ts_code"": ""00659.HK"", ""side"": ""sell"", ""current_weight"": 0.15487950692328972, ""target_weight"": 0.0, ""post_trade_weight"": 0.0, ""diff_weight"": -0.15487950692328972, ""gross_amount"": 0.18018862807560287, ""gross_amount_pct_nav"": 0.15487950692328972, ""fee"": 5.405658842268086e-05, ""fee_pct_nav"": 4.6463852076986916e-05, ""name"": ""周大福创建""}, {""ts_code"": ""03808.HK"", ""side"": ""buy"", ""current_weight"": 0.0, ""target_weight"": 0.14130158530472073, ""post_trade_weight"": 0.14132720105124835, ""diff_weight"": 0.14130158530472073, ""gross_amount"": 0.1643919154105775, ""gross_amount_pct_nav"": 0.14130158530472073, ""fee"": 4.9317574623173245e-05, ""fee_pct_nav"": 4.239047559141621e-05, ""name"": ""中国重汽""}, {""ts_code"": ""06886.HK"", ""side"": ""sell"", ""current_weight"": 0.14934604801244625, ""target_weight"": 0.0, ""post_trade_weight"": 0.0, ""diff_weight"": -0.14934604801244625, ""gross_amount"": 0.17375093732190336, ""gross_amount_pct_nav"": 0.14934604801244625, ""fee"": 5.2125281196571006e-05, ""fee_pct_nav"": 4.4803814403733875e-05, ""name"": ""HTSC""}]"
2023-11-27,0.48024649,0.96049298,0.59739480,0.49266102,0.00032702,0.00017922,0.00014780,0.00000000,rebalance,"[{""ts_code"": ""00285.HK"", ""side"": ""sell"", ""current_weight"": 0.15725054105273206, ""target_weight"": 0.0, ""post_trade_weight"": 0.0, ""diff_weight"": -0.15725054105273206, ""gross_amount"": 0.1784623837594806, ""gross_amount_pct_nav"": 0.15725054105273206, ""fee"": 5.353871512784417e-05, ""fee_pct_nav"": 4.7175162315819614e-05, ""name"": ""比亚迪电子""}, {""ts_code"": ""01114.HK"", ""side"": ""buy"", ""current_weight"": 0.0, ""target_weight"": 0.14635178889834535, ""post_trade_weight"": 0.14639397201291673, ""diff_weight"": 0.14635178889834535, ""gross_amount"": 0.16609347694075371, ""gross_amount_pct_nav"": 0.14635178889834535, ""fee"": 4.982804308222611e-05, ""fee_pct_nav"": 4.39055366695036e-05, ""name"": ""BRILLIANCE CHI""}, {""ts_code"": ""01810.HK"", ""side"": ""sell"", ""current_weight"": 0.14019668934412371, ""target_weight"": 0.0, ""post_trade_weight"": 0.0, ""diff_weight"": -0.14019668934412371, ""gross_amount"": 0.15910810359087788, ""gross_amount_pct_nav"": 0.14019668934412371, ""fee"": 4.773243107726336e-05, ""fee_pct_nav"": 4.205900680323711e-05, ""name"": ""小米集团-W""}, {""ts_code"": ""02333.HK"", ""side"": ""buy"", ""current_weight"": 0.0, ""target_weight"": 0.19370089707133945, ""post_trade_weight"": 0.1937567276641545, ""diff_weight"": 0.19370089707133945, ""gross_amount"": 0.2198296018333505, ""gross_amount_pct_nav"": 0.19370089707133945, ""fee"": 6.594888055000514e-05, ""fee_pct_nav"": 5.8110269121401824e-05, ""name"": ""长城汽车""}, {""ts_code"": ""02338.HK"", ""side"": ""buy"", ""current_weight"": 0.1687818894859995, ""target_weight"": 0.19477701316618018, ""post_trade_weight"": 0.19483315392895534, ""diff_weight"": 0.025995123680180688, ""gross_amount"": 0.029501658353797866, ""gross_amount_pct_nav"": 0.025995123680180688, ""fee"": 8.850497506139358e-06, ""fee_pct_nav"": 7.798537104054206e-06, ""name"": ""潍柴动力""}, {""ts_code"": ""03808.HK"", ""side"": ""sell"", ""current_weight"": 0.13665663821432042, ""target_weight"": 0.0, ""post_trade_weight"": 0.0, ""diff_weight"": -0.13665663821432042, ""gross_amount"": 0.1550905278227711, ""gross_amount_pct_nav"": 0.13665663821432042, ""fee"": 4.652715834683133e-05, ""fee_pct_nav"": 4.0996991464296125e-05, ""name"": ""中国重汽""}, {""ts_code"": ""09863.HK"", ""side"": ""buy"", ""current_weight"": 0.0, ""target_weight"": 0.1603412981312754, ""post_trade_weight"": 0.16038751345532787, ""diff_weight"": 0.1603412981312754, ""gross_amount"": 0.18197005929538457, ""gross_amount_pct_nav"": 0.1603412981312754, ""fee"": 5.459101778861537e-05, ""fee_pct_nav"": 4.810238943938262e-05, ""name"": ""零跑汽车""}]"
2023-12-04,0.64901386,1.29802771,0.66779404,0.77045171,0.00043147,0.00020034,0.00023114,0.00000000,rebalance,"[{""ts_code"": ""00728.HK"", ""side"": ""buy"", ""current_weight"": 0.0, ""target_weight"": 0.14555733177187488, ""post_trade_weight"": 0.14561403508771914, ""diff_weight"": 0.14555733177187488, ""gross_amount"": 0.16128100466042858, ""gross_amount_pct_nav"": 0.14555733177187488, ""fee"": 4.838430139812857e-05, ""fee_pct_nav"": 4.366719953156246e-05, ""name"": ""中国电信""}, {""ts_code"": ""00857.HK"", ""side"": ""buy"", ""current_weight"": 0.0, ""target_weight"": 0.14263449378448786, ""post_trade_weight"": 0.14269005847953203, ""diff_weight"": 0.14263449378448786, ""gross_amount"": 0.15804243026965695, ""gross_amount_pct_nav"": 0.14263449378448786, ""fee"": 4.741272908089708e-05, ""fee_pct_nav"": 4.279034813534636e-05, ""name"": ""中国石油股份""}, {""ts_code"": ""00941.HK"", ""side"": ""buy"", ""current_weight"": 0.0, ""target_weight"": 0.1440959127781814, ""post_trade_weight"": 0.14415204678362561, ""diff_weight"": 0.1440959127781814, ""gross_amount"": 0.1596617174650428, ""gross_amount_pct_nav"": 0.1440959127781814, ""fee"": 4.789851523951283e-05, ""fee_pct_nav"": 4.3228773833454414e-05, ""name"": ""中国移动""}, {""ts_code"": ""01114.HK"", ""side"": ""sell"", ""current_weight"": 0.15721285014794822, ""target_weight"": 0.14351134518070394, ""post_trade_weight"": 0.14356725146198815, ""diff_weight"": -0.013701504967244272, ""gross_amount"": 0.015181595180243562, ""gross_amount_pct_nav"": 0.013701504967244272, ""fee"": 4.5544785540730686e-06, ""fee_pct_nav"": 4.110451490173282e-06, ""name"": ""BRILLIANCE CHI""}, {""ts_code"": ""01171.HK"", ""side"": ""buy"", ""current_weight"": 0.0, ""target_weight"": 0.17040145466466478, ""post_trade_weight"": 0.17046783625730977, ""diff_weight"": 0.17040145466466478, ""gross_amount"": 0.18880888698198767, ""gross_amount_pct_nav"": 0.17040145466466478, ""fee"": 5.664266609459629e-05, ""fee_pct_nav"": 5.1120436399399424e-05, ""name"": ""兖矿能源""}, {""ts_code"": ""01919.HK"", ""side"": ""sell"", ""current_weight"": 0.15199376417335314, ""target_weight"": 0.0, ""post_trade_weight"": 0.0, ""diff_weight"": -0.15199376417335314, ""gross_amount"": 0.16841272569091761, ""gross_amount_pct_nav"": 0.15199376417335314, ""fee"": 5.052381770727528e-05, ""fee_pct_nav"": 4.559812925200594e-05, ""name"": ""中远海控""}, {""ts_code"": ""02333.HK"", ""side"": ""sell"", ""current_weight"": 0.1770666442666112, ""target_weight"": 0.0, ""post_trade_weight"": 0.0, ""diff_weight"": -0.1770666442666112, ""gross_amount"": 0.19619407646140813, ""gross_amount_pct_nav"": 0.1770666442666112, ""fee"": 5.8858222938422434e-05, ""fee_pct_nav"": 5.311999327998336e-05, ""name"": ""长城汽车""}, {""ts_code"": ""02338.HK"", ""side"": ""sell"", ""current_weight"": 0.19082617870735677, ""target_weight"": 0.0, ""post_trade_weight"": 0.0, ""diff_weight"": -0.19082617870735677, ""gross_amount"": 0.21143996968608736, ""gross_amount_pct_nav"": 0.19082617870735677, ""fee"": 6.34319909058262e-05, ""fee_pct_nav"": 5.724785361220703e-05, ""name"": ""潍柴动力""}, {""ts_code"": ""09863.HK"", ""side"": ""sell"", ""current_weight"": 0.1617504269839363, ""target_weight"": 0.0, ""post_trade_weight"": 0.0, ""diff_weight"": -0.1617504269839363, ""gross_amount"": 0.17922334141922777, ""gross_amount_pct_nav"": 0.1617504269839363, ""fee"": 5.376700242576833e-05, ""fee_pct_nav"": 4.8525128095180886e-05, ""name"": ""零跑汽车""}]"
2023-12-11,0.66617410,1.33234821,0.58670737,0.84304281,0.00042893,0.00017601,0.00025291,0.00000000,rebalance,"[{""ts_code"": ""00002.HK"", ""side"": ""buy"", ""current_weight"": 0.0, ""target_weight"": 0.11457807082715135, ""post_trade_weight"": 0.1146238865061035, ""diff_weight"": 0.11457807082715135, ""gross_amount"": 0.1229543569154921, ""gross_amount_pct_nav"": 0.11457807082715135, ""fee"": 3.688630707464763e-05, ""fee_pct_nav"": 3.4373421248145406e-05, ""name"": ""中电控股""}, {""ts_code"": ""00004.HK"", ""side"": ""buy"", ""current_weight"": 0.0, ""target_weight"": 0.09742887407098276, ""post_trade_weight"": 0.09746783239854824, ""diff_weight"": 0.09742887407098276, ""gross_amount"": 0.10455145971579262, ""gross_amount_pct_nav"": 0.09742887407098276, ""fee"": 3.1365437914737786e-05, ""fee_pct_nav"": 2.9228662221294828e-05, ""name"": ""九龙仓集团""}, {""ts_code"": ""00005.HK"", ""side"": ""buy"", ""current_weight"": 0.0, ""target_weight"": 0.13129853766441574, ""post_trade_weight"": 0.1313510392609699, ""diff_weight"": 0.13129853766441574, ""gross_amount"": 0.1408971816851991, ""gross_amount_pct_nav"": 0.13129853766441574, ""fee"": 4.2269154505559725e-05, ""fee_pct_nav"": 3.938956129932471e-05, ""name"": ""汇丰控股""}, {""ts_code"": ""00008.HK"", ""side"": ""buy"", ""current_weight"": 0.0, ""target_weight"": 0.1012874433411207, ""post_trade_weight"": 0.10132794457274819, ""diff_weight"": 0.1012874433411207, ""gross_amount"": 0.10869211158572502, ""gross_amount_pct_nav"": 0.1012874433411207, ""fee"": 3.26076334757175e-05, ""fee_pct_nav"": 3.0386233002336206e-05, ""name"": ""电讯盈科""}, {""ts_code"": ""00728.HK"", ""side"": ""sell"", ""current_weight"": 0.14733017136720128, ""target_weight"": 0.0, ""post_trade_weight"": 0.0, ""diff_weight"": -0.14733017136720128, ""gross_amount"": 0.15810081583613844, ""gross_amount_pct_nav"": 0.14733017136720128, ""fee"": 4.743024475084153e-05, ""fee_pct_nav"": 4.419905141016038e-05, ""name"": ""中国电信""}, {""ts_code"": ""00857.HK"", ""side"": ""sell"", ""current_weight"": 0.1395400666675725, ""target_weight"": 0.0, ""post_trade_weight"": 0.0, ""diff_weight"": -0.1395400666675725, ""gross_amount"": 0.14974121171003862, ""gross_amount_pct_nav"": 0.1395400666675725, ""fee"": 4.4922363513011584e-05, ""fee_pct_nav"": 4.186202000027174e-05, ""name"": ""中国石油股份""}, {""ts_code"": ""00883.HK"", ""side"": ""sell"", ""current_weight"": 0.144725467769058, ""target_weight"": 0.10300236301673754, ""post_trade_weight"": 0.1030435499835037, ""diff_weight"": -0.04172310475232047, ""gross_amount"": 0.04477329279769668, ""gross_amount_pct_nav"": 0.04172310475232047, ""fee"": 1.3431987839309002e-05, ""fee_pct_nav"": 1.2516931425696139e-05, ""name"": ""中国海洋石油""}, {""ts_code"": ""00941.HK"", ""side"": ""sell"", ""current_weight"": 0.14736680750727713, ""target_weight"": 0.0, ""post_trade_weight"": 0.0, ""diff_weight"": -0.14736680750727713, ""gross_amount"": 0.15814013027921095, ""gross_amount_pct_nav"": 0.14736680750727713, ""fee"": 4.744203908376328e-05, ""fee_pct_nav"": 4.4210042252183135e-05, ""name"": ""中国移动""}, {""ts_code"": ""01114.HK"", ""side"": ""sell"", ""current_weight"": 0.13698140925454835, ""target_weight"": 0.0, ""post_trade_weight"": 0.0, ""diff_weight"": -0.13698140925454835, ""gross_amount"": 0.14699550239136777, ""gross_amount_pct_nav"": 0.13698140925454835, ""fee"": 4.4098650717410325e-05, ""fee_pct_nav"": 4.1094422776364505e-05, ""name"": ""BRILLIANCE CHI""}, {""ts_code"": ""01171.HK"", ""side"": ""sell"", ""current_weight"": 0.1726688198926528, ""target_weight"": 0.0, ""post_trade_weight"": 0.0, ""diff_weight"": -0.1726688198926528, ""gross_amount"": 0.18529185869506828, ""gross_amount_pct_nav"": 0.1726688198926528, ""fee"": 5.558755760852048e-05, ""fee_pct_nav"": 5.1800645967795834e-05, ""name"": ""兖矿能源""}, {""ts_code"": ""03618.HK"", ""side"": ""buy"", ""current_weight"": 0.0, ""target_weight"": 0.10214490317892913, ""post_trade_weight"": 0.10218574727812595, ""diff_weight"": 0.10214490317892913, ""gross_amount"": 0.10961225644570999, ""gross_amount_pct_nav"": 0.10214490317892913, ""fee"": 3.288367693371299e-05, ""fee_pct_nav"": 3.0643470953678736e-05, ""name"": ""重庆农村商业银行""}]"
2023-12-18,0.52912205,1.05824411,0.70815201,0.44168041,0.00034495,0.00021245,0.00013250,0.00000000,rebalance,"[{""ts_code"": ""00002.HK"", ""side"": ""buy"", ""current_weight"": 0.1181788912669354, ""target_weight"": 0.15508967389906095, ""post_trade_weight"": 0.15513892635554266, ""diff_weight"": 0.036910782632125556, ""gross_amount"": 0.04010531600529066, ""gross_amount_pct_nav"": 0.036910782632125556, ""fee"": 1.2031594801587197e-05, ""fee_pct_nav"": 1.1073234789637665e-05, ""name"": ""中电控股""}, {""ts_code"": ""00004.HK"", ""side"": ""sell"", ""current_weight"": 0.10130819546069389, ""target_weight"": 0.0, ""post_trade_weight"": 0.0, ""diff_weight"": -0.10130819546069389, ""gross_amount"": 0.11007615940770174, ""gross_amount_pct_nav"": 0.10130819546069389, ""fee"": 3.302284782231052e-05, ""fee_pct_nav"": 3.0392458638208168e-05, ""name"": ""九龙仓集团""}, {""ts_code"": ""00005.HK"", ""side"": ""buy"", ""current_weight"": 0.12979024109714188, ""target_weight"": 0.16431253400573437, ""post_trade_weight"": 0.1643647154032901, ""diff_weight"": 0.03452229290859249, ""gross_amount"": 0.03751010863479426, ""gross_amount_pct_nav"": 0.03452229290859249, ""fee"": 1.1253032590438276e-05, ""fee_pct_nav"": 1.0356687872577746e-05, ""name"": ""汇丰控股""}, {""ts_code"": ""00006.HK"", ""side"": ""buy"", ""current_weight"": 0.0, ""target_weight"": 0.13712936737553902, ""post_trade_weight"": 0.13717291610466603, ""diff_weight"": 0.13712936737553902, ""gross_amount"": 0.1489975616885175, ""gross_amount_pct_nav"": 0.13712936737553902, ""fee"": 4.469926850655525e-05, ""fee_pct_nav"": 4.11388102126617e-05, ""name"": ""电能实业""}, {""ts_code"": ""00008.HK"", ""side"": ""sell"", ""current_weight"": 0.10322697903044897, ""target_weight"": 0.0, ""post_trade_weight"": 0.0, ""diff_weight"": -0.10322697903044897, ""gross_amount"": 0.11216100876399283, ""gross_amount_pct_nav"": 0.10322697903044897, ""fee"": 3.3648302629197845e-05, ""fee_pct_nav"": 3.096809370913469e-05, ""name"": ""电讯盈科""}, {""ts_code"": ""00288.HK"", ""side"": ""buy"", ""current_weight"": 0.0, ""target_weight"": 0.15314801913976128, ""post_trade_weight"": 0.15319665497706952, ""diff_weight"": 0.15314801913976128, ""gross_amount"": 0.16640258659372487, ""gross_amount_pct_nav"": 0.15314801913976128, ""fee"": 4.992077597811746e-05, ""fee_pct_nav"": 4.594440574192838e-05, ""name"": ""万洲国际""}, {""ts_code"": ""00883.HK"", ""side"": ""sell"", ""current_weight"": 0.1007116621103606, ""target_weight"": 0.0, ""post_trade_weight"": 0.0, ""diff_weight"": -0.1007116621103606, ""gross_amount"": 0.10942799762903523, ""gross_amount_pct_nav"": 0.1007116621103606, ""fee"": 3.2828399288710566e-05, ""fee_pct_nav"": 3.021349863310818e-05, ""name"": ""中国海洋石油""}, {""ts_code"": ""02313.HK"", ""side"": ""buy"", ""current_weight"": 0.0, ""target_weight"": 0.13397417839167705, ""post_trade_weight"": 0.13401672511464718, ""diff_weight"": 0.13397417839167705, ""gross_amount"": 0.14556929920718878, ""gross_amount_pct_nav"": 0.13397417839167705, ""fee"": 4.367078976215663e-05, ""fee_pct_nav"": 4.019225351750312e-05, ""name"": ""申洲国际""}, {""ts_code"": ""03618.HK"", ""side"": ""sell"", ""current_weight"": 0.10125213097295821, ""target_weight"": 0.0, ""post_trade_weight"": 0.0, ""diff_weight"": -0.10125213097295821, ""gross_amount"": 0.11001524268264272, ""gross_amount_pct_nav"": 0.10125213097295821, ""fee"": 3.300457280479281e-05, ""fee_pct_nav"": 3.037563929188746e-05, ""name"": ""重庆农村商业银行""}, {""ts_code"": ""03988.HK"", ""side"": ""buy"", ""current_weight"": 0.0, ""target_weight"": 0.15606050127871074, ""post_trade_weight"": 0.1561100620447792, ""diff_weight"": 0.15606050127871074, ""gross_amount"": 0.1695671365764898, ""gross_amount_pct_nav"": 0.15606050127871074, ""fee"": 5.087014097294694e-05, ""fee_pct_nav"": 4.681815038361322e-05, ""name"": ""中国银行""}]"
2023-12-27,0.44650434,0.89300868,0.48979892,0.47928074,0.00029072,0.00014694,0.00014378,0.00000000,rebalance,"[{""ts_code"": ""00002.HK"", ""side"": ""sell"", ""current_weight"": 0.1564924275141732, ""target_weight"": 0.14535019310102812, ""post_trade_weight"": 0.14538914323096377, ""diff_weight"": -0.011142234413145068, ""gross_amount"": 0.01209138609376817, ""gross_amount_pct_nav"": 0.011142234413145068, ""fee"": 3.6274158281304507e-06, ""fee_pct_nav"": 3.34267032394352e-06, ""name"": ""中电控股""}, {""ts_code"": ""00006.HK"", ""side"": ""sell"", ""current_weight"": 0.1371407887906655, ""target_weight"": 0.0, ""post_trade_weight"": 0.0, ""diff_weight"": -0.1371407887906655, ""gross_amount"": 0.14882313232573532, ""gross_amount_pct_nav"": 0.1371407887906655, ""fee"": 4.4646939697720596e-05, ""fee_pct_nav"": 4.114223663719964e-05, ""name"": ""电能实业""}, {""ts_code"": ""00288.HK"", ""side"": ""sell"", ""current_weight"": 0.15174299340235456, ""target_weight"": 0.0, ""post_trade_weight"": 0.0, ""diff_weight"": -0.15174299340235456, ""gross_amount"": 0.1646692263167069, ""gross_amount_pct_nav"": 0.15174299340235456, ""fee"": 4.940076789501207e-05, ""fee_pct_nav"": 4.552289802070637e-05, ""name"": ""万洲国际""}, {""ts_code"": ""01088.HK"", ""side"": ""buy"", ""current_weight"": 0.0, ""target_weight"": 0.16535791198942876, ""post_trade_weight"": 0.16540222367571183, ""diff_weight"": 0.16535791198942876, ""gross_amount"": 0.1794439322838799, ""gross_amount_pct_nav"": 0.16535791198942876, ""fee"": 5.383317968516396e-05, ""fee_pct_nav"": 4.960737359682862e-05, ""name"": ""中国神华""}, {""ts_code"": ""01171.HK"", ""side"": ""buy"", ""current_weight"": 0.0, ""target_weight"": 0.14064249453905148, ""post_trade_weight"": 0.14068018312631717, ""diff_weight"": 0.14064249453905148, ""gross_amount"": 0.15262313101725014, ""gross_amount_pct_nav"": 0.14064249453905148, ""fee"": 4.578693930517504e-05, ""fee_pct_nav"": 4.2192748361715443e-05, ""name"": ""兖矿能源""}, {""ts_code"": ""01919.HK"", ""side"": ""buy"", ""current_weight"": 0.0, ""target_weight"": 0.14535019310102812, ""post_trade_weight"": 0.14538914323096377, ""diff_weight"": 0.14535019310102812, ""gross_amount"": 0.15773185506803677, ""gross_amount_pct_nav"": 0.14535019310102812, ""fee"": 4.7319556520411025e-05, ""fee_pct_nav"": 4.360505793030843e-05, ""name"": ""中远海控""}, {""ts_code"": ""02313.HK"", ""side"": ""sell"", ""current_weight"": 0.12546860560587078, ""target_weight"": 0.0, ""post_trade_weight"": 0.0, ""diff_weight"": -0.12546860560587078, ""gross_amount"": 0.13615665375317546, ""gross_amount_pct_nav"": 0.12546860560587078, ""fee"": 4.084699612595263e-05, ""fee_pct_nav"": 3.7640581681761235e-05, ""name"": ""申洲国际""}, {""ts_code"": ""03988.HK"", ""side"": ""sell"", ""current_weight"": 0.15857133669486584, ""target_weight"": 0.1424078814997927, ""post_trade_weight"": 0.14244604316555962, ""diff_weight"": -0.016163455195073142, ""gross_amount"": 0.017540339767253804, ""gross_amount_pct_nav"": 0.016163455195073142, ""fee"": 5.2621019301761405e-06, ""fee_pct_nav"": 4.849036558521942e-06, ""name"": ""中国银行""}]"
2024-01-02,0.46171923,0.92343845,0.49636419,0.51937733,0.00030472,0.00014891,0.00015581,0.00000000,rebalance,"[{""ts_code"": ""00002.HK"", ""side"": ""sell"", ""current_weight"": 0.1431907958439615, ""target_weight"": 0.0, ""post_trade_weight"": 0.0, ""diff_weight"": -0.1431907958439615, ""gross_amount"": 0.15750355228649732, ""gross_amount_pct_nav"": 0.1431907958439615, ""fee"": 4.725106568594919e-05, ""fee_pct_nav"": 4.2957238753188446e-05, ""name"": ""中电控股""}, {""ts_code"": ""00005.HK"", ""side"": ""sell"", ""current_weight"": 0.16930342242640883, ""target_weight"": 0.14451882137122635, ""post_trade_weight"": 0.14455886873663576, ""diff_weight"": -0.02478460105518248, ""gross_amount"": 0.027261966701049883, ""gross_amount_pct_nav"": 0.02478460105518248, ""fee"": 8.178590010314965e-06, ""fee_pct_nav"": 7.435380316554744e-06, ""name"": ""汇丰控股""}, {""ts_code"": ""00288.HK"", ""side"": ""buy"", ""current_weight"": 0.0, ""target_weight"": 0.14341245718848006, ""post_trade_weight"": 0.14345219797118777, ""diff_weight"": 0.14341245718848006, ""gross_amount"": 0.15774736997715616, ""gross_amount_pct_nav"": 0.14341245718848006, ""fee"": 4.7324210993146846e-05, ""fee_pct_nav"": 4.3023737156544015e-05, ""name"": ""万洲国际""}, {""ts_code"": ""00941.HK"", ""side"": ""buy"", ""current_weight"": 0.0, ""target_weight"": 0.16941201548301654, ""post_trade_weight"": 0.16945896095921417, ""diff_weight"": 0.16941201548301654, ""gross_amount"": 0.1863457359903726, ""gross_amount_pct_nav"": 0.16941201548301654, ""fee"": 5.590372079711177e-05, ""fee_pct_nav"": 5.082360464490496e-05, ""name"": ""中国移动""}, {""ts_code"": ""01088.HK"", ""side"": ""sell"", ""current_weight"": 0.1706037901926231, ""target_weight"": 0.15336973483319616, ""post_trade_weight"": 0.15341223486021915, ""diff_weight"": -0.017234055359426924, ""gross_amount"": 0.018956699859185522, ""gross_amount_pct_nav"": 0.017234055359426924, ""fee"": 5.687009957755656e-06, ""fee_pct_nav"": 5.170216607828076e-06, ""name"": ""中国神华""}, {""ts_code"": ""01171.HK"", ""side"": ""sell"", ""current_weight"": 0.14151579651446364, ""target_weight"": 0.0, ""post_trade_weight"": 0.0, ""diff_weight"": -0.14151579651446364, ""gross_amount"": 0.15566112699010534, ""gross_amount_pct_nav"": 0.14151579651446364, ""fee"": 4.66983380970316e-05, ""fee_pct_nav"": 4.245473895433909e-05, ""name"": ""兖矿能源""}, {""ts_code"": ""01288.HK"", ""side"": ""buy"", ""current_weight"": 0.0, ""target_weight"": 0.138433818366122, ""post_trade_weight"": 0.13847217952667207, ""diff_weight"": 0.138433818366122, ""gross_amount"": 0.15227108712356152, ""gross_amount_pct_nav"": 0.138433818366122, ""fee"": 4.5681326137068454e-05, ""fee_pct_nav"": 4.1530145509836606e-05, ""name"": ""农业银行""}, {""ts_code"": ""01919.HK"", ""side"": ""sell"", ""current_weight"": 0.14545491262062316, ""target_weight"": 0.0, ""post_trade_weight"": 0.0, ""diff_weight"": -0.14545491262062316, ""gross_amount"": 0.15999398076001645, ""gross_amount_pct_nav"": 0.14545491262062316, ""fee"": 4.799819422800493e-05, ""fee_pct_nav"": 4.3636473786186946e-05, ""name"": ""中远海控""}]"
2024-01-08,0.53592794,1.07185589,0.45781840,0.72316210,0.00035429,0.00013735,0.00021695,0.00000000,rebalance,"[{""ts_code"": ""00005.HK"", ""side"": ""sell"", ""current_weight"": 0.14358330332557678, ""target_weight"": 0.0, ""post_trade_weight"": 0.0, ""diff_weight"": -0.14358330332557678, ""gross_amount"": 0.15820138017145208, ""gross_amount_pct_nav"": 0.14358330332557678, ""fee"": 4.746041405143562e-05, ""fee_pct_nav"": 4.307499099767303e-05, ""name"": ""汇丰控股""}, {""ts_code"": ""00288.HK"", ""side"": ""sell"", ""current_weight"": 0.14045852613030788, ""target_weight"": 0.0, ""post_trade_weight"": 0.0, ""diff_weight"": -0.14045852613030788, ""gross_amount"": 0.15475847244074686, ""gross_amount_pct_nav"": 0.14045852613030788, ""fee"": 4.6427541732224056e-05, ""fee_pct_nav"": 4.2137557839092356e-05, ""name"": ""万洲国际""}, {""ts_code"": ""00883.HK"", ""side"": ""buy"", ""current_weight"": 0.0, ""target_weight"": 0.11732867224974869, ""post_trade_weight"": 0.11736641221374043, ""diff_weight"": 0.11732867224974869, ""gross_amount"": 0.1292737905709388, ""gross_amount_pct_nav"": 0.11732867224974869, ""fee"": 3.878213717128163e-05, ""fee_pct_nav"": 3.51986016749246e-05, ""name"": ""中国海洋石油""}, {""ts_code"": ""00941.HK"", ""side"": ""sell"", ""current_weight"": 0.17217195816666295, ""target_weight"": 0.1161840022765804, ""post_trade_weight"": 0.1162213740458015, ""diff_weight"": -0.05598795589008255, ""gross_amount"": 0.06168803537487397, ""gross_amount_pct_nav"": 0.05598795589008255, ""fee"": 1.850641061246219e-05, ""fee_pct_nav"": 1.6796386767024765e-05, ""name"": ""中国移动""}, {""ts_code"": ""01088.HK"", ""side"": ""sell"", ""current_weight"": 0.15696625365363612, ""target_weight"": 0.11809178556519423, ""post_trade_weight"": 0.1181297709923664, ""diff_weight"": -0.03887446808844189, ""gross_amount"": 0.042832239979027326, ""gross_amount_pct_nav"": 0.03887446808844189, ""fee"": 1.2849671993708197e-05, ""fee_pct_nav"": 1.1662340426532564e-05, ""name"": ""中国神华""}, {""ts_code"": ""01171.HK"", ""side"": ""buy"", ""current_weight"": 0.0, ""target_weight"": 0.09977706599450173, ""post_trade_weight"": 0.0998091603053435, ""diff_weight"": 0.09977706599450173, ""gross_amount"": 0.10993527230666827, ""gross_amount_pct_nav"": 0.09977706599450173, ""fee"": 3.298058169200048e-05, ""fee_pct_nav"": 2.993311979835052e-05, ""name"": ""兖矿能源""}, {""ts_code"": ""01288.HK"", ""side"": ""sell"", ""current_weight"": 0.13820097945089238, ""target_weight"": 0.0, ""post_trade_weight"": 0.0, ""diff_weight"": -0.13820097945089238, ""gross_amount"": 0.15227108712356152, ""gross_amount_pct_nav"": 0.13820097945089238, ""fee"": 4.5681326137068454e-05, ""fee_pct_nav"": 4.1460293835267715e-05, ""name"": ""农业银行""}, {""ts_code"": ""01919.HK"", ""side"": ""buy"", ""current_weight"": 0.0, ""target_weight"": 0.10168484928311551, ""post_trade_weight"": 0.10171755725190836, ""diff_weight"": 0.10168484928311551, ""gross_amount"": 0.11203728516148027, ""gross_amount_pct_nav"": 0.10168484928311551, ""fee"": 3.361118554844408e-05, ""fee_pct_nav"": 3.0505454784934657e-05, ""name"": ""中远海控""}, {""ts_code"": ""02328.HK"", ""side"": ""buy"", ""current_weight"": 0.0, ""target_weight"": 0.09672461273271965, ""post_trade_weight"": 0.09675572519083968, ""diff_weight"": 0.09672461273271965, ""gross_amount"": 0.10657205173896905, ""gross_amount_pct_nav"": 0.09672461273271965, ""fee"": 3.1971615521690714e-05, ""fee_pct_nav"": 2.9017383819815893e-05, ""name"": ""中国财险""}, {""ts_code"": ""03988.HK"", ""side"": ""sell"", ""current_weight"": 0.13923545475035917, ""target_weight"": 0.0, ""post_trade_weight"": 0.0, ""diff_weight"": -0.13923545475035917, ""gross_amount"": 0.15341088134989878, ""gross_amount_pct_nav"": 0.13923545475035917, ""fee"": 4.602326440496963e-05, ""fee_pct_nav"": 4.177063642510775e-05, ""name"": ""中国银行""}]"
2024-01-15,0.45031752,0.90063504,0.49634575,0.49709660,0.00029803,0.00014890,0.00014913,0.00000000,rebalance,"[{""ts_code"": ""00288.HK"", ""side"": ""buy"", ""current_weight"": 0.0, ""target_weight"": 0.11618526053957833, ""post_trade_weight"": 0.11621666117879487, ""diff_weight"": 0.11618526053957833, ""gross_amount"": 0.12815774752177067, ""gross_amount_pct_nav"": 0.11618526053957833, ""fee"": 3.84473242565312e-05, ""fee_pct_nav"": 3.48555781618735e-05, ""name"": ""万洲国际""}, {""ts_code"": ""00598.HK"", ""side"": ""buy"", ""current_weight"": 0.0, ""target_weight"": 0.09628612751898757, ""post_trade_weight"": 0.09631215014817256, ""diff_weight"": 0.09628612751898757, ""gross_amount"": 0.10620807805671603, ""gross_amount_pct_nav"": 0.09628612751898757, ""fee"": 3.186242341701481e-05, ""fee_pct_nav"": 2.8885838255696273e-05, ""name"": ""中国外运""}, {""ts_code"": ""00728.HK"", ""side"": ""buy"", ""current_weight"": 0.0, ""target_weight"": 0.12217639736298197, ""post_trade_weight"": 0.12220941718801447, ""diff_weight"": 0.12217639736298197, ""gross_amount"": 0.13476625015641075, ""gross_amount_pct_nav"": 0.12217639736298197, ""fee"": 4.042987504692322e-05, ""fee_pct_nav"": 3.665291920889459e-05, ""name"": ""中国电信""}, {""ts_code"": ""00883.HK"", ""side"": ""sell"", ""current_weight"": 0.11631387003912363, ""target_weight"": 0.10077948013654033, ""post_trade_weight"": 0.10080671715508727, ""diff_weight"": -0.015534389902583318, ""gross_amount"": 0.017135154750217527, ""gross_amount_pct_nav"": 0.015534389902583318, ""fee"": 5.1405464250652574e-06, ""fee_pct_nav"": 4.660316970774995e-06, ""name"": ""中国海洋石油""}, {""ts_code"": ""00941.HK"", ""side"": ""sell"", ""current_weight"": 0.11667671483642952, ""target_weight"": 0.0, ""post_trade_weight"": 0.0, ""diff_weight"": -0.11667671483642952, ""gross_amount"": 0.1286998444745325, ""gross_amount_pct_nav"": 0.11667671483642952, ""fee"": 3.860995334235975e-05, ""fee_pct_nav"": 3.5003014450928854e-05, ""name"": ""中国移动""}, {""ts_code"": ""01088.HK"", ""side"": ""sell"", ""current_weight"": 0.11942989207684072, ""target_weight"": 0.09906772675842498, ""post_trade_weight"": 0.0990945011524531, ""diff_weight"": -0.020362165318415733, ""gross_amount"": 0.022460415630648198, ""gross_amount_pct_nav"": 0.020362165318415733, ""fee"": 6.7381246891944584e-06, ""fee_pct_nav"": 6.108649595524719e-06, ""name"": ""中国神华""}, {""ts_code"": ""01171.HK"", ""side"": ""sell"", ""current_weight"": 0.1005678914035245, ""target_weight"": 0.0, ""post_trade_weight"": 0.0, ""diff_weight"": -0.1005678914035245, ""gross_amount"": 0.11093106281669246, ""gross_amount_pct_nav"": 0.1005678914035245, ""fee"": 3.327931884500773e-05, ""fee_pct_nav"": 3.0170367421057345e-05, ""name"": ""兖矿能源""}, {""ts_code"": ""01816.HK"", ""side"": ""buy"", ""current_weight"": 0.0, ""target_weight"": 0.11532938385052068, ""post_trade_weight"": 0.1153605531774778, ""diff_weight"": 0.11532938385052068, ""gross_amount"": 0.1272136757168221, ""gross_amount_pct_nav"": 0.11532938385052068, ""fee"": 3.816410271504663e-05, ""fee_pct_nav"": 3.45988151551562e-05, ""name"": ""中广核电力""}, {""ts_code"": ""01919.HK"", ""side"": ""sell"", ""current_weight"": 0.10006229375115946, ""target_weight"": 0.0, ""post_trade_weight"": 0.0, ""diff_weight"": -0.10006229375115946, ""gross_amount"": 0.1103733650848246, ""gross_amount_pct_nav"": 0.10006229375115946, ""fee"": 3.311200952544738e-05, ""fee_pct_nav"": 3.0018688125347834e-05, ""name"": ""中远海控""}, {""ts_code"": ""02328.HK"", ""side"": ""sell"", ""current_weight"": 0.09745441636780539, ""target_weight"": 0.0, ""post_trade_weight"": 0.0, ""diff_weight"": -0.09745441636780539, ""gross_amount"": 0.10749675500785381, ""gross_amount_pct_nav"": 0.09745441636780539, ""fee"": 3.224902650235614e-05, ""fee_pct_nav"": 2.9236324910341608e-05, ""name"": ""中国财险""}]"
2024-01-22,0.35022532,0.70045063,0.37810749,0.36221096,0.00022210,0.00011343,0.00010866,0.00000000,rebalance,"[{""ts_code"": ""00288.HK"", ""side"": ""sell"", ""current_weight"": 0.1130057443263253, ""target_weight"": 0.0, ""post_trade_weight"": 0.0, ""diff_weight"": -0.1130057443263253, ""gross_amount"": 0.11943773583472235, ""gross_amount_pct_nav"": 0.1130057443263253, ""fee"": 3.58313207504167e-05, ""fee_pct_nav"": 3.390172329789759e-05, ""name"": ""万洲国际""}, {""ts_code"": ""00598.HK"", ""side"": ""sell"", ""current_weight"": 0.08804131330665001, ""target_weight"": 0.0, ""post_trade_weight"": 0.0, ""diff_weight"": -0.08804131330665001, ""gross_amount"": 0.09305239467204728, ""gross_amount_pct_nav"": 0.08804131330665001, ""fee"": 2.791571840161418e-05, ""fee_pct_nav"": 2.6412393991995e-05, ""name"": ""中国外运""}, {""ts_code"": ""00728.HK"", ""side"": ""sell"", ""current_weight"": 0.12345014855206167, ""target_weight"": 0.09416888688932747, ""post_trade_weight"": 0.09418867924528297, ""diff_weight"": -0.02928126166273421, ""gross_amount"": 0.03094787451938688, ""gross_amount_pct_nav"": 0.02928126166273421, ""fee"": 9.284362355816064e-06, ""fee_pct_nav"": 8.784378498820262e-06, ""name"": ""中国电信""}, {""ts_code"": ""00883.HK"", ""side"": ""buy"", ""current_weight"": 0.1014244934818856, ""target_weight"": 0.12310620108969376, ""post_trade_weight"": 0.1231320754716981, ""diff_weight"": 0.021681707607808173, ""gross_amount"": 0.022915773717034113, ""gross_amount_pct_nav"": 0.021681707607808173, ""fee"": 6.874732115110233e-06, ""fee_pct_nav"": 6.504512282342451e-06, ""name"": ""中国海洋石油""}, {""ts_code"": ""00941.HK"", ""side"": ""buy"", ""current_weight"": 0.0, ""target_weight"": 0.11722064565911076, ""post_trade_weight"": 0.11724528301886787, ""diff_weight"": 0.11722064565911076, ""gross_amount"": 0.12389253833131875, ""gross_amount_pct_nav"": 0.11722064565911076, ""fee"": 3.716776149939562e-05, ""fee_pct_nav"": 3.516619369773323e-05, ""name"": ""中国移动""}, {""ts_code"": ""01088.HK"", ""side"": ""buy"", ""current_weight"": 0.09652448579297894, ""target_weight"": 0.12114434927949942, ""post_trade_weight"": 0.12116981132075468, ""diff_weight"": 0.024619863486520475, ""gross_amount"": 0.026021161746420565, ""gross_amount_pct_nav"": 0.024619863486520475, ""fee"": 7.80634852392617e-06, ""fee_pct_nav"": 7.385959045956142e-06, ""name"": ""中国神华""}, {""ts_code"": ""01816.HK"", ""side"": ""sell"", ""current_weight"": 0.11237676617995121, ""target_weight"": 0.0, ""post_trade_weight"": 0.0, ""diff_weight"": -0.11237676617995121, ""gross_amount"": 0.1187729578967486, ""gross_amount_pct_nav"": 0.11237676617995121, ""fee"": 3.563188736902458e-05, ""fee_pct_nav"": 3.371302985398536e-05, ""name"": ""中广核电力""}, {""ts_code"": ""01898.HK"", ""side"": ""buy"", ""current_weight"": 0.0, ""target_weight"": 0.09416888688932747, ""post_trade_weight"": 0.09418867924528297, ""diff_weight"": 0.09416888688932747, ""gross_amount"": 0.09952873372223095, ""gross_amount_pct_nav"": 0.09416888688932747, ""fee"": 2.9858620116669282e-05, ""fee_pct_nav"": 2.8250666066798235e-05, ""name"": ""中煤能源""}, {""ts_code"": ""01919.HK"", ""side"": ""buy"", ""current_weight"": 0.0, ""target_weight"": 0.10005444231991044, ""post_trade_weight"": 0.10007547169811316, ""diff_weight"": 0.10005444231991044, ""gross_amount"": 0.10574927957987039, ""gross_amount_pct_nav"": 0.10005444231991044, ""fee"": 3.172478387396111e-05, ""fee_pct_nav"": 3.0016332695973125e-05, ""name"": ""中远海控""}]"
2024-01-29,0.11258375,0.22516750,0.11662713,0.13896040,0.00007668,0.00003499,0.00004169,0.00000000,rebalance,"[{""ts_code"": ""00883.HK"", ""side"": ""sell"", ""current_weight"": 0.12870719431754055, ""target_weight"": 0.11506031474763746, ""post_trade_weight"": 0.11506808762581418, ""diff_weight"": -0.013646879569903075, ""gross_amount"": 0.015490566904362624, ""gross_amount_pct_nav"": 0.013646879569903075, ""fee"": 4.647170071308786e-06, ""fee_pct_nav"": 4.094063870970922e-06, ""name"": ""中国海洋石油""}, {""ts_code"": ""01288.HK"", ""side"": ""buy"", ""current_weight"": 0.0, ""target_weight"": 0.10274616734989701, ""post_trade_weight"": 0.10275310834813509, ""diff_weight"": 0.10274616734989701, ""gross_amount"": 0.11662712866687387, ""gross_amount_pct_nav"": 0.10274616734989701, ""fee"": 3.498813860006216e-05, ""fee_pct_nav"": 3.08238502049691e-05, ""name"": ""农业银行""}, {""ts_code"": ""01898.HK"", ""side"": ""sell"", ""current_weight"": 0.10877445570400923, ""target_weight"": 0.0, ""post_trade_weight"": 0.0, ""diff_weight"": -0.10877445570400923, ""gross_amount"": 0.12346983608506709, ""gross_amount_pct_nav"": 0.10877445570400923, ""fee"": 3.704095082552012e-05, ""fee_pct_nav"": 3.2632336711202765e-05, ""name"": ""中煤能源""}]"
2024-02-05,0.31693545,0.63387090,0.35899234,0.35320186,0.00021366,0.00010770,0.00010596,0.00000000,rebalance,"[{""ts_code"": ""00006.HK"", ""side"": ""buy"", ""current_weight"": 0.0, ""target_weight"": 0.11752034242935684, ""post_trade_weight"": 0.11754269449725442, ""diff_weight"": 0.11752034242935684, ""gross_amount"": 0.13204156608657008, ""gross_amount_pct_nav"": 0.11752034242935684, ""fee"": 3.961246982597102e-05, ""fee_pct_nav"": 3.525610272880705e-05, ""name"": ""电能实业""}, {""ts_code"": ""00728.HK"", ""side"": ""sell"", ""current_weight"": 0.09562120617414561, ""target_weight"": 0.0, ""post_trade_weight"": 0.0, ""diff_weight"": -0.09562120617414561, ""gross_amount"": 0.1074364961275589, ""gross_amount_pct_nav"": 0.09562120617414561, ""fee"": 3.223094883826767e-05, ""fee_pct_nav"": 2.8686361852243684e-05, ""name"": ""中国电信""}, {""ts_code"": ""00941.HK"", ""side"": ""sell"", ""current_weight"": 0.1141584552953745, ""target_weight"": 0.09581669052215136, ""post_trade_weight"": 0.0958349146110878, ""diff_weight"": -0.018341764773223135, ""gross_amount"": 0.0206081372414626, ""gross_amount_pct_nav"": 0.018341764773223135, ""fee"": 6.182441172438779e-06, ""fee_pct_nav"": 5.502529431966941e-06, ""name"": ""中国移动""}, {""ts_code"": ""01038.HK"", ""side"": ""buy"", ""current_weight"": 0.0, ""target_weight"": 0.10814831092397263, ""post_trade_weight"": 0.10816888045550063, ""diff_weight"": 0.10814831092397263, ""gross_amount"": 0.12151149365993907, ""gross_amount_pct_nav"": 0.10814831092397263, ""fee"": 3.645344809798172e-05, ""fee_pct_nav"": 3.244449327719179e-05, ""name"": ""长江基建集团""}, {""ts_code"": ""01157.HK"", ""side"": ""buy"", ""current_weight"": 0.0, ""target_weight"": 0.09384363125785998, ""post_trade_weight"": 0.09386148007598176, ""diff_weight"": 0.09384363125785998, ""gross_amount"": 0.10543927785087076, ""gross_amount_pct_nav"": 0.09384363125785998, ""fee"": 3.163178335526123e-05, ""fee_pct_nav"": 2.8153089377357992e-05, ""name"": ""中联重科""}, {""ts_code"": ""01288.HK"", ""side"": ""sell"", ""current_weight"": 0.10234933854394557, ""target_weight"": 0.0, ""post_trade_weight"": 0.0, ""diff_weight"": -0.10234933854394557, ""gross_amount"": 0.11499598001419033, ""gross_amount_pct_nav"": 0.10234933854394557, ""fee"": 3.449879400425709e-05, ""fee_pct_nav"": 3.070480156318366e-05, ""name"": ""农业银行""}, {""ts_code"": ""01919.HK"", ""side"": ""sell"", ""current_weight"": 0.09804630115523355, ""target_weight"": 0.0, ""post_trade_weight"": 0.0, ""diff_weight"": -0.09804630115523355, ""gross_amount"": 0.1101612443081049, ""gross_amount_pct_nav"": 0.09804630115523355, ""fee"": 3.3048373292431464e-05, ""fee_pct_nav"": 2.9413890346570062e-05, ""name"": ""中远海控""}]"
2024-02-14,0.32799802,0.65599604,0.36205412,0.37239294,0.00022033,0.00010862,0.00011172,0.00000000,rebalance,"[{""ts_code"": ""00004.HK"", ""side"": ""buy"", ""current_weight"": 0.0, ""target_weight"": 0.10720112101620277, ""post_trade_weight"": 0.10722222222230815, ""diff_weight"": 0.10720112101620277, ""gross_amount"": 0.12002137763307415, ""gross_amount_pct_nav"": 0.10720112101620277, ""fee"": 3.6006413289922244e-05, ""fee_pct_nav"": 3.2160336304860835e-05, ""name"": ""九龙仓集团""}, {""ts_code"": ""00006.HK"", ""side"": ""sell"", ""current_weight"": 0.11565195403233482, ""target_weight"": 0.0, ""post_trade_weight"": 0.0, ""diff_weight"": -0.11565195403233482, ""gross_amount"": 0.12948285164685738, ""gross_amount_pct_nav"": 0.11565195403233482, ""fee"": 3.884485549405721e-05, ""fee_pct_nav"": 3.469558620970044e-05, ""name"": ""电能实业""}, {""ts_code"": ""01038.HK"", ""side"": ""sell"", ""current_weight"": 0.10226512458204004, ""target_weight"": 0.0, ""post_trade_weight"": 0.0, ""diff_weight"": -0.10226512458204004, ""gross_amount"": 0.114495081952541, ""gross_amount_pct_nav"": 0.10226512458204004, ""fee"": 3.43485245857623e-05, ""fee_pct_nav"": 3.067953737461201e-05, ""name"": ""长江基建集团""}, {""ts_code"": ""01088.HK"", ""side"": ""sell"", ""current_weight"": 0.1276640309611431, ""target_weight"": 0.11075597684264682, ""post_trade_weight"": 0.11077777777786657, ""diff_weight"": -0.016908054118496274, ""gross_amount"": 0.018930100069473862, ""gross_amount_pct_nav"": 0.016908054118496274, ""fee"": 5.6790300208421585e-06, ""fee_pct_nav"": 5.072416235548882e-06, ""name"": ""中国神华""}, {""ts_code"": ""01157.HK"", ""side"": ""sell"", ""current_weight"": 0.09779012103127306, ""target_weight"": 0.0, ""post_trade_weight"": 0.0, ""diff_weight"": -0.09779012103127306, ""gross_amount"": 0.10948490961493296, ""gross_amount_pct_nav"": 0.09779012103127306, ""fee"": 3.284547288447989e-05, ""fee_pct_nav"": 2.9337036309381917e-05, ""name"": ""中联重科""}, {""ts_code"": ""01816.HK"", ""side"": ""buy"", ""current_weight"": 0.0, ""target_weight"": 0.1196431164087569, ""post_trade_weight"": 0.1196666666667626, ""diff_weight"": 0.1196431164087569, ""gross_amount"": 0.1339513199075864, ""gross_amount_pct_nav"": 0.1196431164087569, ""fee"": 4.018539597227592e-05, ""fee_pct_nav"": 3.589293492262707e-05, ""name"": ""中广核电力""}, {""ts_code"": ""03998.HK"", ""side"": ""buy"", ""current_weight"": 0.0, ""target_weight"": 0.0965365535368707, ""post_trade_weight"": 0.09655555555563294, ""diff_weight"": 0.0965365535368707, ""gross_amount"": 0.10808142711206367, ""gross_amount_pct_nav"": 0.0965365535368707, ""fee"": 3.24244281336191e-05, ""fee_pct_nav"": 2.8960966061061206e-05, ""name"": ""波司登""}]"
2024-02-19,0.44500695,0.89001389,0.51062504,0.51132876,0.00030659,0.00015319,0.00015340,0.00000000,rebalance,"[{""ts_code"": ""00883.HK"", ""side"": ""sell"", ""current_weight"": 0.116614587313636, ""target_weight"": 0.0, ""post_trade_weight"": 0.0, ""diff_weight"": -0.116614587313636, ""gross_amount"": 0.13390209057886943, ""gross_amount_pct_nav"": 0.116614587313636, ""fee"": 4.017062717366082e-05, ""fee_pct_nav"": 3.4984376194090794e-05, ""name"": ""中国海洋石油""}, {""ts_code"": ""00941.HK"", ""side"": ""sell"", ""current_weight"": 0.09566276321813105, ""target_weight"": 0.0, ""post_trade_weight"": 0.0, ""diff_weight"": -0.09566276321813105, ""gross_amount"": 0.10984426803319215, ""gross_amount_pct_nav"": 0.09566276321813105, ""fee"": 3.2953280409957645e-05, ""fee_pct_nav"": 2.8698828965439314e-05, ""name"": ""中国移动""}, {""ts_code"": ""01088.HK"", ""side"": ""sell"", ""current_weight"": 0.11305724728184949, ""target_weight"": 0.10144450734821976, ""post_trade_weight"": 0.10147160068846814, ""diff_weight"": -0.011612739933629719, ""gross_amount"": 0.013334267952941722, ""gross_amount_pct_nav"": 0.011612739933629719, ""fee"": 4.000280385882516e-06, ""fee_pct_nav"": 3.4838219800889153e-06, ""name"": ""中国神华""}, {""ts_code"": ""01288.HK"", ""side"": ""buy"", ""current_weight"": 0.0, ""target_weight"": 0.1193399000447084, ""post_trade_weight"": 0.11937177280550776, ""diff_weight"": 0.1193399000447084, ""gross_amount"": 0.1370314166827327, ""gross_amount_pct_nav"": 0.1193399000447084, ""fee"": 4.1109425004819805e-05, ""fee_pct_nav"": 3.580197001341252e-05, ""name"": ""农业银行""}, {""ts_code"": ""01398.HK"", ""side"": ""buy"", ""current_weight"": 0.0, ""target_weight"": 0.10457620107010528, ""post_trade_weight"": 0.10460413080895008, ""diff_weight"": 0.10457620107010528, ""gross_amount"": 0.12007907647455955, ""gross_amount_pct_nav"": 0.10457620107010528, ""fee"": 3.602372294236786e-05, ""fee_pct_nav"": 3.137286032103158e-05, ""name"": ""工商银行""}, {""ts_code"": ""01816.HK"", ""side"": ""sell"", ""current_weight"": 0.12265387240238605, ""target_weight"": 0.0, ""post_trade_weight"": 0.0, ""diff_weight"": -0.12265387240238605, ""gross_amount"": 0.14083666812713524, ""gross_amount_pct_nav"": 0.12265387240238605, ""fee"": 4.225100043814057e-05, ""fee_pct_nav"": 3.679616172071581e-05, ""name"": ""中广核电力""}, {""ts_code"": ""03328.HK"", ""side"": ""buy"", ""current_weight"": 0.0, ""target_weight"": 0.10189189216563199, ""post_trade_weight"": 0.10191910499139413, ""diff_weight"": 0.10189189216563199, ""gross_amount"": 0.11699683280034626, ""gross_amount_pct_nav"": 0.10189189216563199, ""fee"": 3.509904984010388e-05, ""fee_pct_nav"": 3.05675676496896e-05, ""name"": ""交通银行""}, {""ts_code"": ""03988.HK"", ""side"": ""buy"", ""current_weight"": 0.0, ""target_weight"": 0.11889251522729617, ""post_trade_weight"": 0.11892426850258174, ""diff_weight"": 0.11889251522729617, ""gross_amount"": 0.13651770940369712, ""gross_amount_pct_nav"": 0.11889251522729617, ""fee"": 4.0955312821109135e-05, ""fee_pct_nav"": 3.566775456818885e-05, ""name"": ""中国银行""}, {""ts_code"": ""03998.HK"", ""side"": ""sell"", ""current_weight"": 0.09876941968826256, ""target_weight"": 0.0, ""post_trade_weight"": 0.0, ""diff_weight"": -0.09876941968826256, ""gross_amount"": 0.11341147009293256, ""gross_amount_pct_nav"": 0.09876941968826256, ""fee"": 3.4023441027879767e-05, ""fee_pct_nav"": 2.9630825906478766e-05, ""name"": ""波司登""}]"
2024-02-26,0.53970333,1.07940666,0.62928301,0.63290610,0.00037866,0.00018878,0.00018987,0.00000000,rebalance,"[{""ts_code"": ""00004.HK"", ""side"": ""sell"", ""current_weight"": 0.10945644267087616, ""target_weight"": 0.0, ""post_trade_weight"": 0.0, ""diff_weight"": -0.10945644267087616, ""gross_amount"": 0.12799136302403274, ""gross_amount_pct_nav"": 0.10945644267087616, ""fee"": 3.839740890720982e-05, ""fee_pct_nav"": 3.283693280126284e-05, ""name"": ""九龙仓集团""}, {""ts_code"": ""00006.HK"", ""side"": ""buy"", ""current_weight"": 0.0, ""target_weight"": 0.1043254627189415, ""post_trade_weight"": 0.10435925654194168, ""diff_weight"": 0.1043254627189415, ""gross_amount"": 0.12199152325515049, ""gross_amount_pct_nav"": 0.1043254627189415, ""fee"": 3.659745697654514e-05, ""fee_pct_nav"": 3.129763881568244e-05, ""name"": ""电能实业""}, {""ts_code"": ""00857.HK"", ""side"": ""buy"", ""current_weight"": 0.0, ""target_weight"": 0.10114723080061881, ""post_trade_weight"": 0.10117999510882845, ""diff_weight"": 0.10114723080061881, ""gross_amount"": 0.11827510213542007, ""gross_amount_pct_nav"": 0.10114723080061881, ""fee"": 3.548253064062602e-05, ""fee_pct_nav"": 3.0344169240185644e-05, ""name"": ""中国石油股份""}, {""ts_code"": ""00883.HK"", ""side"": ""buy"", ""current_weight"": 0.0, ""target_weight"": 0.11958097592689028, ""post_trade_weight"": 0.11961971142088516, ""diff_weight"": 0.11958097592689028, ""gross_amount"": 0.1398303446298564, ""gross_amount_pct_nav"": 0.11958097592689028, ""fee"": 4.194910338895692e-05, ""fee_pct_nav"": 3.587429277806708e-05, ""name"": ""中国海洋石油""}, {""ts_code"": ""01088.HK"", ""side"": ""sell"", ""current_weight"": 0.09978509706748905, ""target_weight"": 0.0, ""post_trade_weight"": 0.0, ""diff_weight"": -0.09978509706748905, ""gross_amount"": 0.11668231007247573, ""gross_amount_pct_nav"": 0.09978509706748905, ""fee"": 3.5004693021742714e-05, ""fee_pct_nav"": 2.993552912024671e-05, ""name"": ""中国神华""}, {""ts_code"": ""01398.HK"", ""side"": ""sell"", ""current_weight"": 0.10662875786062526, ""target_weight"": 0.0, ""post_trade_weight"": 0.0, ""diff_weight"": -0.10662875786062526, ""gross_amount"": 0.12468484927084401, ""gross_amount_pct_nav"": 0.10662875786062526, ""fee"": 3.74054547812532e-05, ""fee_pct_nav"": 3.1988627358187575e-05, ""name"": ""工商银行""}, {""ts_code"": ""01816.HK"", ""side"": ""buy"", ""current_weight"": 0.0, ""target_weight"": 0.11068192655558681, ""post_trade_weight"": 0.11071777940816813, ""diff_weight"": 0.11068192655558681, ""gross_amount"": 0.12942436549461128, ""gross_amount_pct_nav"": 0.11068192655558681, ""fee"": 3.8827309648383384e-05, ""fee_pct_nav"": 3.320457796667604e-05, ""name"": ""中广核电力""}, {""ts_code"": ""02328.HK"", ""side"": ""buy"", ""current_weight"": 0.0, ""target_weight"": 0.10241852356794788, ""post_trade_weight"": 0.10245169968207374, ""diff_weight"": 0.10241852356794788, ""gross_amount"": 0.11976167058331223, ""gross_amount_pct_nav"": 0.10241852356794788, ""fee"": 3.592850117499367e-05, ""fee_pct_nav"": 3.0725557070384364e-05, ""name"": ""中国财险""}, {""ts_code"": ""03328.HK"", ""side"": ""sell"", ""current_weight"": 0.10574642678950069, ""target_weight"": 0.0, ""post_trade_weight"": 0.0, ""diff_weight"": -0.10574642678950069, ""gross_amount"": 0.12365310775178827, ""gross_amount_pct_nav"": 0.10574642678950069, ""fee"": 3.709593232553648e-05, ""fee_pct_nav"": 3.172392803685021e-05, ""name"": ""交通银行""}, {""ts_code"": ""03988.HK"", ""side"": ""sell"", ""current_weight"": 0.11963581722304009, ""target_weight"": 0.0, ""post_trade_weight"": 0.0, ""diff_weight"": -0.11963581722304009, ""gross_amount"": 0.1398944725338239, ""gross_amount_pct_nav"": 0.11963581722304009, ""fee"": 4.196834176014716e-05, ""fee_pct_nav"": 3.5890745166912025e-05, ""name"": ""中国银行""}]"
2024-03-04,0.53843816,1.07687631,0.62887753,0.63253027,0.00037842,0.00018866,0.00018976,0.00000000,rebalance,"[{""ts_code"": ""00006.HK"", ""side"": ""sell"", ""current_weight"": 0.10535123911161662, ""target_weight"": 0.0, ""post_trade_weight"": 0.0, ""diff_weight"": -0.10535123911161662, ""gross_amount"": 0.12340402808910013, ""gross_amount_pct_nav"": 0.10535123911161662, ""fee"": 3.7021208426730034e-05, ""fee_pct_nav"": 3.1605371733484984e-05, ""name"": ""电能实业""}, {""ts_code"": ""00522.HK"", ""side"": ""buy"", ""current_weight"": 0.0, ""target_weight"": 0.11411435653981643, ""post_trade_weight"": 0.11415123456790109, ""diff_weight"": 0.11411435653981643, ""gross_amount"": 0.1336687767373048, ""gross_amount_pct_nav"": 0.11411435653981643, ""fee"": 4.010063302119143e-05, ""fee_pct_nav"": 3.423430696194493e-05, ""name"": ""ASMPT""}, {""ts_code"": ""00564.HK"", ""side"": ""buy"", ""current_weight"": 0.0, ""target_weight"": 0.10168010327888741, ""post_trade_weight"": 0.10171296296296285, ""diff_weight"": 0.10168010327888741, ""gross_amount"": 0.11910381336698336, ""gross_amount_pct_nav"": 0.10168010327888741, ""fee"": 3.573114401009501e-05, ""fee_pct_nav"": 3.050403098366622e-05, ""name"": ""中创智领""}, {""ts_code"": ""00762.HK"", ""side"": ""buy"", ""current_weight"": 0.0, ""target_weight"": 0.10288341811059022, ""post_trade_weight"": 0.10291666666666655, ""diff_weight"": 0.10288341811059022, ""gross_amount"": 0.12051332595120802, ""gross_amount_pct_nav"": 0.10288341811059022, ""fee"": 3.61539977853624e-05, ""fee_pct_nav"": 3.086502543317706e-05, ""name"": ""中国联通""}, {""ts_code"": ""00857.HK"", ""side"": ""sell"", ""current_weight"": 0.10130976161531478, ""target_weight"": 0.0, ""post_trade_weight"": 0.0, ""diff_weight"": -0.10130976161531478, ""gross_amount"": 0.11867001065674034, ""gross_amount_pct_nav"": 0.10130976161531478, ""fee"": 3.5601003197022095e-05, ""fee_pct_nav"": 3.039292848459443e-05, ""name"": ""中国石油股份""}, {""ts_code"": ""01088.HK"", ""side"": ""buy"", ""current_weight"": 0.0, ""target_weight"": 0.11451546148371734, ""post_trade_weight"": 0.1145524691358023, ""diff_weight"": 0.11451546148371734, ""gross_amount"": 0.13413861426537965, ""gross_amount_pct_nav"": 0.11451546148371734, ""fee"": 4.024158427961389e-05, ""fee_pct_nav"": 3.43546384451152e-05, ""name"": ""中国神华""}, {""ts_code"": ""01288.HK"", ""side"": ""sell"", ""current_weight"": 0.11936443298217218, ""target_weight"": 0.0, ""post_trade_weight"": 0.0, ""diff_weight"": -0.11936443298217218, ""gross_amount"": 0.1398184963440764, ""gross_amount_pct_nav"": 0.11936443298217218, ""fee"": 4.1945548903222916e-05, ""fee_pct_nav"": 3.580932989465165e-05, ""name"": ""农业银行""}, {""ts_code"": ""01766.HK"", ""side"": ""buy"", ""current_weight"": 0.0, ""target_weight"": 0.10368562799839205, ""post_trade_weight"": 0.10371913580246898, ""diff_weight"": 0.10368562799839205, ""gross_amount"": 0.12145300100735774, ""gross_amount_pct_nav"": 0.10368562799839205, ""fee"": 3.643590030220732e-05, ""fee_pct_nav"": 3.1105688399517614e-05, ""name"": ""中国中车""}, {""ts_code"": ""01816.HK"", ""side"": ""sell"", ""current_weight"": 0.11193204582873248, ""target_weight"": 0.0, ""post_trade_weight"": 0.0, ""diff_weight"": -0.11193204582873248, ""gross_amount"": 0.1311125093923671, ""gross_amount_pct_nav"": 0.11193204582873248, ""fee"": 3.9333752817710125e-05, ""fee_pct_nav"": 3.357961374861974e-05, ""name"": ""中广核电力""}, {""ts_code"": ""02328.HK"", ""side"": ""sell"", ""current_weight"": 0.10203986321554892, ""target_weight"": 0.0, ""post_trade_weight"": 0.0, ""diff_weight"": -0.10203986321554892, ""gross_amount"": 0.11952522108561565, ""gross_amount_pct_nav"": 0.10203986321554892, ""fee"": 3.585756632568469e-05, ""fee_pct_nav"": 3.061195896466467e-05, ""name"": ""中国财险""}]"
2024-03-11,0.53435340,1.06870679,0.62847864,0.63362731,0.00037863,0.00018854,0.00019009,0.00000000,rebalance,"[{""ts_code"": ""00522.HK"", ""side"": ""sell"", ""current_weight"": 0.11726972750980885, ""target_weight"": 0.0, ""post_trade_weight"": 0.0, ""diff_weight"": -0.11726972750980885, ""gross_amount"": 0.13849151348634559, ""gross_amount_pct_nav"": 0.11726972750980885, ""fee"": 4.154745404590367e-05, ""fee_pct_nav"": 3.518091825294265e-05, ""name"": ""ASMPT""}, {""ts_code"": ""00564.HK"", ""side"": ""sell"", ""current_weight"": 0.10295400929548885, ""target_weight"": 0.0, ""post_trade_weight"": 0.0, ""diff_weight"": -0.10295400929548885, ""gross_amount"": 0.12158514281212884, ""gross_amount_pct_nav"": 0.10295400929548885, ""fee"": 3.647554284363865e-05, ""fee_pct_nav"": 3.0886202788646656e-05, ""name"": ""中创智领""}, {""ts_code"": ""00762.HK"", ""side"": ""sell"", ""current_weight"": 0.10149082588133555, ""target_weight"": 0.0, ""post_trade_weight"": 0.0, ""diff_weight"": -0.10149082588133555, ""gross_amount"": 0.11985717354131034, ""gross_amount_pct_nav"": 0.10149082588133555, ""fee"": 3.59571520623931e-05, ""fee_pct_nav"": 3.0447247764400666e-05, ""name"": ""中国联通""}, {""ts_code"": ""00836.HK"", ""side"": ""buy"", ""current_weight"": 0.0, ""target_weight"": 0.1018713837238683, ""post_trade_weight"": 0.10190405539070216, ""diff_weight"": 0.1018713837238683, ""gross_amount"": 0.12030659926012638, ""gross_amount_pct_nav"": 0.1018713837238683, ""fee"": 3.609197977803791e-05, ""fee_pct_nav"": 3.056141511716048e-05, ""name"": ""华润电力""}, {""ts_code"": ""01088.HK"", ""side"": ""sell"", ""current_weight"": 0.10866729917824658, ""target_weight"": 0.0, ""post_trade_weight"": 0.0, ""diff_weight"": -0.10866729917824658, ""gross_amount"": 0.12833234159608747, ""gross_amount_pct_nav"": 0.10866729917824658, ""fee"": 3.849970247882624e-05, ""fee_pct_nav"": 3.260018975347397e-05, ""name"": ""中国神华""}, {""ts_code"": ""01171.HK"", ""side"": ""buy"", ""current_weight"": 0.0, ""target_weight"": 0.1095840436903441, ""post_trade_weight"": 0.10961918892185939, ""diff_weight"": 0.1095840436903441, ""gross_amount"": 0.1294149853239845, ""gross_amount_pct_nav"": 0.1095840436903441, ""fee"": 3.882449559719534e-05, ""fee_pct_nav"": 3.2875213107103226e-05, ""name"": ""兖矿能源""}, {""ts_code"": ""01766.HK"", ""side"": ""sell"", ""current_weight"": 0.1061513922961193, ""target_weight"": 0.0, ""post_trade_weight"": 0.0, ""diff_weight"": -0.1061513922961193, ""gross_amount"": 0.12536114212888164, ""gross_amount_pct_nav"": 0.1061513922961193, ""fee"": 3.760834263866449e-05, ""fee_pct_nav"": 3.184541768883579e-05, ""name"": ""中国中车""}, {""ts_code"": ""02328.HK"", ""side"": ""buy"", ""current_weight"": 0.0, ""target_weight"": 0.11119084785002656, ""post_trade_weight"": 0.11122650840751716, ""diff_weight"": 0.11119084785002656, ""gross_amount"": 0.13131256575395495, ""gross_amount_pct_nav"": 0.11119084785002656, ""fee"": 3.939376972618648e-05, ""fee_pct_nav"": 3.335725435500797e-05, ""name"": ""中国财险""}, {""ts_code"": ""02899.HK"", ""side"": ""buy"", ""current_weight"": 0.0, ""target_weight"": 0.09672961041288437, ""post_trade_weight"": 0.0967606330365973, ""diff_weight"": 0.09672961041288437, ""gross_amount"": 0.11423434188422091, ""gross_amount_pct_nav"": 0.09672961041288437, ""fee"": 3.427030256526627e-05, ""fee_pct_nav"": 2.9018883123865305e-05, ""name"": ""紫金矿业""}, {""ts_code"": ""03988.HK"", ""side"": ""buy"", ""current_weight"": 0.0, ""target_weight"": 0.11279765200970904, ""post_trade_weight"": 0.11283382789317493, ""diff_weight"": 0.11279765200970904, ""gross_amount"": 0.1332101461839254, ""gross_amount_pct_nav"": 0.11279765200970904, ""fee"": 3.996304385517762e-05, ""fee_pct_nav"": 3.3839295602912705e-05, ""name"": ""中国银行""}]"
2024-03-18,0.43046351,0.86092702,0.64508404,0.36654101,0.00030349,0.00019353,0.00010996,0.00000000,rebalance,"[{""ts_code"": ""00669.HK"", ""side"": ""buy"", ""current_weight"": 0.0, ""target_weight"": 0.1403970897261641, ""post_trade_weight"": 0.1404333605887158, ""diff_weight"": 0.1403970897261641, ""gross_amount"": 0.1649724171225968, ""gross_amount_pct_nav"": 0.1403970897261641, ""fee"": 4.949172513677904e-05, ""fee_pct_nav"": 4.211912691784923e-05, ""name"": ""创科实业""}, {""ts_code"": ""00836.HK"", ""side"": ""sell"", ""current_weight"": 0.10564892309456689, ""target_weight"": 0.0, ""post_trade_weight"": 0.0, ""diff_weight"": -0.10564892309456689, ""gross_amount"": 0.12414187675331832, ""gross_amount_pct_nav"": 0.10564892309456689, ""fee"": 3.7242563025995496e-05, ""fee_pct_nav"": 3.1694676928370066e-05, ""name"": ""华润电力""}, {""ts_code"": ""00857.HK"", ""side"": ""buy"", ""current_weight"": 0.0, ""target_weight"": 0.16639200939598664, ""post_trade_weight"": 0.166434995911692, ""diff_weight"": 0.16639200939598664, ""gross_amount"": 0.19551752841516495, ""gross_amount_pct_nav"": 0.16639200939598664, ""fee"": 5.865525852454948e-05, ""fee_pct_nav"": 4.991760281879598e-05, ""name"": ""中国石油股份""}, {""ts_code"": ""01171.HK"", ""side"": ""sell"", ""current_weight"": 0.10154903621936674, ""target_weight"": 0.0, ""post_trade_weight"": 0.0, ""diff_weight"": -0.10154903621936674, ""gross_amount"": 0.1193243392313498, ""gross_amount_pct_nav"": 0.10154903621936674, ""fee"": 3.579730176940494e-05, ""fee_pct_nav"": 3.046471086581002e-05, ""name"": ""兖矿能源""}, {""ts_code"": ""02328.HK"", ""side"": ""sell"", ""current_weight"": 0.10474079835764498, ""target_weight"": 0.0, ""post_trade_weight"": 0.0, ""diff_weight"": -0.10474079835764498, ""gross_amount"": 0.1230747924341844, ""gross_amount_pct_nav"": 0.10474079835764498, ""fee"": 3.692243773025532e-05, ""fee_pct_nav"": 3.142223950729349e-05, ""name"": ""中国财险""}, {""ts_code"": ""02899.HK"", ""side"": ""buy"", ""current_weight"": 0.10388245025835817, ""target_weight"": 0.15511119519964855, ""post_trade_weight"": 0.15515126737530613, ""diff_weight"": 0.0512287449412904, ""gross_amount"": 0.060195905026275684, ""gross_amount_pct_nav"": 0.0512287449412904, ""fee"": 1.8058771507882705e-05, ""fee_pct_nav"": 1.5368623482387117e-05, ""name"": ""紫金矿业""}, {""ts_code"": ""03988.HK"", ""side"": ""buy"", ""current_weight"": 0.11336632615573343, ""target_weight"": 0.1673729497608856, ""post_trade_weight"": 0.16741618969746472, ""diff_weight"": 0.054006623605152175, ""gross_amount"": 0.06346002794039307, ""gross_amount_pct_nav"": 0.054006623605152175, ""fee"": 1.903800838211792e-05, ""fee_pct_nav"": 1.620198708154565e-05, ""name"": ""中国银行""}, {""ts_code"": ""03993.HK"", ""side"": ""buy"", ""current_weight"": 0.0, ""target_weight"": 0.1369637984490178, ""post_trade_weight"": 0.13699918233851144, ""diff_weight"": 0.1369637984490178, ""gross_amount"": 0.16093815714055956, ""gross_amount_pct_nav"": 0.1369637984490178, ""fee"": 4.828144714216786e-05, ""fee_pct_nav"": 4.108913953470533e-05, ""name"": ""洛阳钼业""}]"
2024-03-25,0.63929063,1.27858126,0.76624702,0.75671818,0.00045689,0.00022987,0.00022702,0.00000000,rebalance,"[{""ts_code"": ""00005.HK"", ""side"": ""buy"", ""current_weight"": 0.0, ""target_weight"": 0.17121670155083502, ""post_trade_weight"": 0.17128240109140475, ""diff_weight"": 0.17121670155083502, ""gross_amount"": 0.20394251440137892, ""gross_amount_pct_nav"": 0.17121670155083502, ""fee"": 6.118275432041367e-05, ""fee_pct_nav"": 5.136501046525049e-05, ""name"": ""汇丰控股""}, {""ts_code"": ""00669.HK"", ""side"": ""sell"", ""current_weight"": 0.1413323408237546, ""target_weight"": 0.0, ""post_trade_weight"": 0.0, ""diff_weight"": -0.1413323408237546, ""gross_amount"": 0.16834615252339322, ""gross_amount_pct_nav"": 0.1413323408237546, ""fee"": 5.050384575701796e-05, ""fee_pct_nav"": 4.2399702247126374e-05, ""name"": ""创科实业""}, {""ts_code"": ""00857.HK"", ""side"": ""sell"", ""current_weight"": 0.16763034953464245, ""target_weight"": 0.130468353941604, ""post_trade_weight"": 0.1305184174624826, ""diff_weight"": -0.03716199559303844, ""gross_amount"": 0.044265020601199995, ""gross_amount_pct_nav"": 0.03716199559303844, ""fee"": 1.3279506180359998e-05, ""fee_pct_nav"": 1.1148598677911532e-05, ""name"": ""中国石油股份""}, {""ts_code"": ""00883.HK"", ""side"": ""buy"", ""current_weight"": 0.12589590541078274, ""target_weight"": 0.1491242239313724, ""post_trade_weight"": 0.14918144611186862, ""diff_weight"": 0.023228318520589653, ""gross_amount"": 0.02766810504755965, ""gross_amount_pct_nav"": 0.023228318520589653, ""fee"": 8.300431514267894e-06, ""fee_pct_nav"": 6.968495556176896e-06, ""name"": ""中国海洋石油""}, {""ts_code"": ""01088.HK"", ""side"": ""buy"", ""current_weight"": 0.0, ""target_weight"": 0.139305344989389, ""post_trade_weight"": 0.13935879945429702, ""diff_weight"": 0.139305344989389, ""gross_amount"": 0.16593172318678495, ""gross_amount_pct_nav"": 0.139305344989389, ""fee"": 4.977951695603548e-05, ""fee_pct_nav"": 4.17916034968167e-05, ""name"": ""中国神华""}, {""ts_code"": ""01288.HK"", ""side"": ""buy"", ""current_weight"": 0.0, ""target_weight"": 0.17170764549793413, ""post_trade_weight"": 0.17177353342428328, ""diff_weight"": 0.17170764549793413, ""gross_amount"": 0.20452729580468032, ""gross_amount_pct_nav"": 0.17170764549793413, ""fee"": 6.135818874140409e-05, ""fee_pct_nav"": 5.1512293649380234e-05, ""name"": ""农业银行""}, {""ts_code"": ""02899.HK"", ""side"": ""sell"", ""current_weight"": 0.15142857804660825, ""target_weight"": 0.0, ""post_trade_weight"": 0.0, ""diff_weight"": -0.15142857804660825, ""gross_amount"": 0.1803721522452149, ""gross_amount_pct_nav"": 0.15142857804660825, ""fee"": 5.411164567356447e-05, ""fee_pct_nav"": 4.5428573413982474e-05, ""name"": ""紫金矿业""}, {""ts_code"": ""03988.HK"", ""side"": ""sell"", ""current_weight"": 0.1667679590324452, ""target_weight"": 0.0, ""post_trade_weight"": 0.0, ""diff_weight"": -0.1667679590324452, ""gross_amount"": 0.19864345346335846, ""gross_amount_pct_nav"": 0.1667679590324452, ""fee"": 5.9593036039007536e-05, ""fee_pct_nav"": 5.003038770973356e-05, ""name"": ""中国银行""}, {""ts_code"": ""03993.HK"", ""side"": ""sell"", ""current_weight"": 0.13859986491386775, ""target_weight"": 0.0, ""post_trade_weight"": 0.0, ""diff_weight"": -0.13859986491386775, ""gross_amount"": 0.16509139990547722, ""gross_amount_pct_nav"": 0.13859986491386775, ""fee"": 4.9527419971643164e-05, ""fee_pct_nav"": 4.1579959474160316e-05, ""name"": ""洛阳钼业""}, {""ts_code"": ""06818.HK"", ""side"": ""buy"", ""current_weight"": 0.0, ""target_weight"": 0.13783251314809153, ""post_trade_weight"": 0.1378854024556613, ""diff_weight"": 0.13783251314809153, ""gross_amount"": 0.16417737897688064, ""gross_amount_pct_nav"": 0.13783251314809153, ""fee"": 4.925321369306419e-05, ""fee_pct_nav"": 4.134975394442746e-05, ""name"": ""中国光大银行""}]"
2024-04-02,0.46166882,0.92333764,0.56019101,0.56307959,0.00033698,0.00016806,0.00016892,0.00000000,rebalance,"[{""ts_code"": ""00005.HK"", ""side"": ""sell"", ""current_weight"": 0.16957032078605677, ""target_weight"": 0.0, ""post_trade_weight"": 0.0, ""diff_weight"": -0.16957032078605677, ""gross_amount"": 0.20628787056226064, ""gross_amount_pct_nav"": 0.16957032078605677, ""fee"": 6.188636116867819e-05, ""fee_pct_nav"": 5.0871096235817026e-05, ""name"": ""汇丰控股""}, {""ts_code"": ""00728.HK"", ""side"": ""buy"", ""current_weight"": 0.0, ""target_weight"": 0.1578875152287969, ""post_trade_weight"": 0.15793126239259717, ""diff_weight"": 0.1578875152287969, ""gross_amount"": 0.19207535348127477, ""gross_amount_pct_nav"": 0.1578875152287969, ""fee"": 5.762260604438243e-05, ""fee_pct_nav"": 4.7366254568639064e-05, ""name"": ""中国电信""}, {""ts_code"": ""00780.HK"", ""side"": ""buy"", ""current_weight"": 0.0, ""target_weight"": 0.1388577582144033, ""post_trade_weight"": 0.13889623265036322, ""diff_weight"": 0.1388577582144033, ""gross_amount"": 0.16892502839125295, ""gross_amount_pct_nav"": 0.1388577582144033, ""fee"": 5.067750851737588e-05, ""fee_pct_nav"": 4.1657327464320984e-05, ""name"": ""同程旅行""}, {""ts_code"": ""00857.HK"", ""side"": ""buy"", ""current_weight"": 0.14103017624425826, ""target_weight"": 0.1697811133627929, ""post_trade_weight"": 0.16982815598149337, ""diff_weight"": 0.028750937118534634, ""gross_amount"": 0.03497646031073412, ""gross_amount_pct_nav"": 0.028750937118534634, ""fee"": 1.0492938093220234e-05, ""fee_pct_nav"": 8.62528113556039e-06, ""name"": ""中国石油股份""}, {""ts_code"": ""00883.HK"", ""side"": ""sell"", ""current_weight"": 0.1552883206460573, ""target_weight"": 0.1245854404536081, ""post_trade_weight"": 0.12461996034368779, ""diff_weight"": -0.030702880192449183, ""gross_amount"": 0.03735106323835738, ""gross_amount_pct_nav"": 0.030702880192449183, ""fee"": 1.1205318971507212e-05, ""fee_pct_nav"": 9.210864057734753e-06, ""name"": ""中国海洋石油""}, {""ts_code"": ""01088.HK"", ""side"": ""sell"", ""current_weight"": 0.14135193907641957, ""target_weight"": 0.0, ""post_trade_weight"": 0.0, ""diff_weight"": -0.14135193907641957, ""gross_amount"": 0.17195928141641317, ""gross_amount_pct_nav"": 0.14135193907641957, ""fee"": 5.158778442492395e-05, ""fee_pct_nav"": 4.240558172292587e-05, ""name"": ""中国神华""}, {""ts_code"": ""01288.HK"", ""side"": ""buy"", ""current_weight"": 0.17365347949070326, ""target_weight"": 0.1852427909369877, ""post_trade_weight"": 0.18529411764705844, ""diff_weight"": 0.011589311446284445, ""gross_amount"": 0.014098778420978453, ""gross_amount_pct_nav"": 0.011589311446284445, ""fee"": 4.229633526293536e-06, ""fee_pct_nav"": 3.4767934338853333e-06, ""name"": ""农业银行""}, {""ts_code"": ""03988.HK"", ""side"": ""buy"", ""current_weight"": 0.0, ""target_weight"": 0.12339608064020843, ""post_trade_weight"": 0.1234302709847981, ""diff_weight"": 0.12339608064020843, ""gross_amount"": 0.15011538925561016, ""gross_amount_pct_nav"": 0.12339608064020843, ""fee"": 4.503461677668305e-05, ""fee_pct_nav"": 3.701882419206253e-05, ""name"": ""中国银行""}, {""ts_code"": ""06818.HK"", ""side"": ""sell"", ""current_weight"": 0.12123089878148874, ""target_weight"": 0.0, ""post_trade_weight"": 0.0, ""diff_weight"": -0.12123089878148874, ""gross_amount"": 0.14748137433516395, ""gross_amount_pct_nav"": 0.12123089878148874, ""fee"": 4.424441230054918e-05, ""fee_pct_nav"": 3.636926963444662e-05, ""name"": ""中国光大银行""}]"
2024-04-08,0.61695317,1.23390634,0.75089929,0.75144007,0.00045070,0.00022527,0.00022543,0.00000000,rebalance,"[{""ts_code"": ""00005.HK"", ""side"": ""buy"", ""current_weight"": 0.0, ""target_weight"": 0.15340720911874525, ""post_trade_weight"": 0.1534640171858214, ""diff_weight"": 0.15340720911874525, ""gross_amount"": 0.18678053725069857, ""gross_amount_pct_nav"": 0.15340720911874525, ""fee"": 5.6034161175209564e-05, ""fee_pct_nav"": 4.6022162735623575e-05, ""name"": ""汇丰控股""}, {""ts_code"": ""00728.HK"", ""side"": ""sell"", ""current_weight"": 0.1597083904224507, ""target_weight"": 0.0, ""post_trade_weight"": 0.0, ""diff_weight"": -0.1597083904224507, ""gross_amount"": 0.1944525236976272, ""gross_amount_pct_nav"": 0.1597083904224507, ""fee"": 5.8335757109288155e-05, ""fee_pct_nav"": 4.791251712673521e-05, ""name"": ""中国电信""}, {""ts_code"": ""00780.HK"", ""side"": ""sell"", ""current_weight"": 0.13548145862948086, ""target_weight"": 0.0, ""post_trade_weight"": 0.0, ""diff_weight"": -0.13548145862948086, ""gross_amount"": 0.16495508767606282, ""gross_amount_pct_nav"": 0.13548145862948086, ""fee"": 4.948652630281884e-05, ""fee_pct_nav"": 4.0644437588844255e-05, ""name"": ""同程旅行""}, {""ts_code"": ""00857.HK"", ""side"": ""sell"", ""current_weight"": 0.17136063562568665, ""target_weight"": 0.0, ""post_trade_weight"": 0.0, ""diff_weight"": -0.17136063562568665, ""gross_amount"": 0.2086396836866511, ""gross_amount_pct_nav"": 0.17136063562568665, ""fee"": 6.259190510599532e-05, ""fee_pct_nav"": 5.140819068770598e-05, ""name"": ""中国石油股份""}, {""ts_code"": ""00883.HK"", ""side"": ""buy"", ""current_weight"": 0.12421364664618474, ""target_weight"": 0.1640369999868158, ""post_trade_weight"": 0.16409774436090196, ""diff_weight"": 0.03982335334063107, ""gross_amount"": 0.04848681737199126, ""gross_amount_pct_nav"": 0.03982335334063107, ""fee"": 1.4546045211597376e-05, ""fee_pct_nav"": 1.194700600218932e-05, ""name"": ""中国海洋石油""}, {""ts_code"": ""01288.HK"", ""side"": ""sell"", ""current_weight"": 0.186856809684092, ""target_weight"": 0.15872210455278055, ""post_trade_weight"": 0.1587808807733617, ""diff_weight"": -0.028134705131311433, ""gross_amount"": 0.03425533500025202, ""gross_amount_pct_nav"": 0.028134705131311433, ""fee"": 1.0276600500075605e-05, ""fee_pct_nav"": 8.440411539393428e-06, ""name"": ""农业银行""}, {""ts_code"": ""01378.HK"", ""side"": ""buy"", ""current_weight"": 0.0, ""target_weight"": 0.12924859350949403, ""post_trade_weight"": 0.12929645542427473, ""diff_weight"": 0.12924859350949403, ""gross_amount"": 0.1573662794159429, ""gross_amount_pct_nav"": 0.12924859350949403, ""fee"": 4.7209883824782866e-05, ""fee_pct_nav"": 3.877457805284821e-05, ""name"": ""中国宏桥""}, {""ts_code"": ""02899.HK"", ""side"": ""buy"", ""current_weight"": 0.0, ""target_weight"": 0.1466427967481549, ""post_trade_weight"": 0.1466970998925883, ""diff_weight"": 0.1466427967481549, ""gross_amount"": 0.17854454505696696, ""gross_amount_pct_nav"": 0.1466427967481549, ""fee"": 5.356336351709008e-05, ""fee_pct_nav"": 4.3992839024446465e-05, ""name"": ""紫金矿业""}, {""ts_code"": ""03988.HK"", ""side"": ""sell"", ""current_weight"": 0.12249005492684018, ""target_weight"": 0.0, ""post_trade_weight"": 0.0, ""diff_weight"": -0.12249005492684018, ""gross_amount"": 0.1491374388370068, ""gross_amount_pct_nav"": 0.12249005492684018, ""fee"": 4.474123165110204e-05, ""fee_pct_nav"": 3.674701647805205e-05, ""name"": ""中国银行""}, {""ts_code"": ""03993.HK"", ""side"": ""buy"", ""current_weight"": 0.0, ""target_weight"": 0.14760914137252495, ""post_trade_weight"": 0.14766380236305018, ""diff_weight"": 0.14760914137252495, ""gross_amount"": 0.17972111537035718, ""gross_amount_pct_nav"": 0.14760914137252495, ""fee"": 5.391633461110715e-05, ""fee_pct_nav"": 4.428274241175748e-05, ""name"": ""洛阳钼业""}]"
2024-04-15,0.46136057,0.92272114,0.56901773,0.58193680,0.00034529,0.00017071,0.00017458,0.00000000,rebalance,"[{""ts_code"": ""00005.HK"", ""side"": ""sell"", ""current_weight"": 0.15128709886939232, ""target_weight"": 0.0, ""post_trade_weight"": 0.0, ""diff_weight"": -0.15128709886939232, ""gross_amount"": 0.18870768658689152, ""gross_amount_pct_nav"": 0.15128709886939232, ""fee"": 5.661230597606745e-05, ""fee_pct_nav"": 4.5386129660817695e-05, ""name"": ""汇丰控股""}, {""ts_code"": ""00669.HK"", ""side"": ""buy"", ""current_weight"": 0.0, ""target_weight"": 0.15681215568166687, ""post_trade_weight"": 0.1568555758683725, ""diff_weight"": 0.15681215568166687, ""gross_amount"": 0.19559935611520723, ""gross_amount_pct_nav"": 0.15681215568166687, ""fee"": 5.8679806834562166e-05, ""fee_pct_nav"": 4.704364670450006e-05, ""name"": ""创科实业""}, {""ts_code"": ""00780.HK"", ""side"": ""buy"", ""current_weight"": 0.0, ""target_weight"": 0.1370735626587997, ""post_trade_weight"": 0.13711151736745847, ""diff_weight"": 0.1370735626587997, ""gross_amount"": 0.17097845814266363, ""gross_amount_pct_nav"": 0.1370735626587997, ""fee"": 5.1293537442799084e-05, ""fee_pct_nav"": 4.1122068797639904e-05, ""name"": ""同程旅行""}, {""ts_code"": ""00883.HK"", ""side"": ""sell"", ""current_weight"": 0.1622770199687238, ""target_weight"": 0.0, ""post_trade_weight"": 0.0, ""diff_weight"": -0.1622770199687238, ""gross_amount"": 0.20241594460707943, ""gross_amount_pct_nav"": 0.1622770199687238, ""fee"": 6.072478338212382e-05, ""fee_pct_nav"": 4.868310599061713e-05, ""name"": ""中国海洋石油""}, {""ts_code"": ""01071.HK"", ""side"": ""buy"", ""current_weight"": 0.0, ""target_weight"": 0.1359769741575293, ""post_trade_weight"": 0.1360146252285188, ""diff_weight"": 0.1359769741575293, ""gross_amount"": 0.1696106304775223, ""gross_amount_pct_nav"": 0.1359769741575293, ""fee"": 5.088318914325669e-05, ""fee_pct_nav"": 4.079309224725878e-05, ""name"": ""华电国际电力股份""}, {""ts_code"": ""01288.HK"", ""side"": ""sell"", ""current_weight"": 0.15297506418935922, ""target_weight"": 0.0, ""post_trade_weight"": 0.0, ""diff_weight"": -0.15297506418935922, ""gross_amount"": 0.19081316704722376, ""gross_amount_pct_nav"": 0.15297506418935922, ""fee"": 5.7243950114167125e-05, ""fee_pct_nav"": 4.5892519256807766e-05, ""name"": ""农业银行""}, {""ts_code"": ""01378.HK"", ""side"": ""buy"", ""current_weight"": 0.1325017281768146, ""target_weight"": 0.14639456491959807, ""post_trade_weight"": 0.14643510054844563, ""diff_weight"": 0.013892836742783455, ""gross_amount"": 0.017329204548521077, ""gross_amount_pct_nav"": 0.013892836742783455, ""fee"": 5.198761364556323e-06, ""fee_pct_nav"": 4.167851022835036e-06, ""name"": ""中国宏桥""}, {""ts_code"": ""02899.HK"", ""side"": ""buy"", ""current_weight"": 0.1515135538148418, ""target_weight"": 0.16393998093992443, ""post_trade_weight"": 0.1639853747714803, ""diff_weight"": 0.012426427125082616, ""gross_amount"": 0.015500081188941084, ""gross_amount_pct_nav"": 0.012426427125082616, ""fee"": 4.650024356682325e-06, ""fee_pct_nav"": 3.727928137524785e-06, ""name"": ""紫金矿业""}]"
2024-04-22,0.66676219,1.33352437,0.64979902,0.93062586,0.00047413,0.00019494,0.00027919,0.00000000,rebalance,"[{""ts_code"": ""00669.HK"", ""side"": ""sell"", ""current_weight"": 0.15564900782051877, ""target_weight"": 0.0, ""post_trade_weight"": 0.0, ""diff_weight"": -0.15564900782051877, ""gross_amount"": 0.18446724395429176, ""gross_amount_pct_nav"": 0.15564900782051877, ""fee"": 5.5340173186287524e-05, ""fee_pct_nav"": 4.6694702346155624e-05, ""name"": ""创科实业""}, {""ts_code"": ""00780.HK"", ""side"": ""sell"", ""current_weight"": 0.14132192547120856, ""target_weight"": 0.0, ""post_trade_weight"": 0.0, ""diff_weight"": -0.14132192547120856, ""gross_amount"": 0.1674875186615294, ""gross_amount_pct_nav"": 0.14132192547120856, ""fee"": 5.0246255598458814e-05, ""fee_pct_nav"": 4.239657764136257e-05, ""name"": ""同程旅行""}, {""ts_code"": ""00998.HK"", ""side"": ""buy"", ""current_weight"": 0.0, ""target_weight"": 0.09883068102881774, ""post_trade_weight"": 0.09887023478919456, ""diff_weight"": 0.09883068102881774, ""gross_amount"": 0.11712906881188852, ""gross_amount_pct_nav"": 0.09883068102881774, ""fee"": 3.513872064356655e-05, ""fee_pct_nav"": 2.9649204308645316e-05, ""name"": ""中信银行""}, {""ts_code"": ""01071.HK"", ""side"": ""sell"", ""current_weight"": 0.12877084099653413, ""target_weight"": 0.0, ""post_trade_weight"": 0.0, ""diff_weight"": -0.12877084099653413, ""gross_amount"": 0.15261261522269437, ""gross_amount_pct_nav"": 0.12877084099653413, ""fee"": 4.578378456680831e-05, ""fee_pct_nav"": 3.863125229896024e-05, ""name"": ""华电国际电力股份""}, {""ts_code"": ""01088.HK"", ""side"": ""buy"", ""current_weight"": 0.0, ""target_weight"": 0.11654638816759337, ""post_trade_weight"": 0.11659303206261035, ""diff_weight"": 0.11654638816759337, ""gross_amount"": 0.13812481890596978, ""gross_amount_pct_nav"": 0.11654638816759337, ""fee"": 4.143744567179093e-05, ""fee_pct_nav"": 3.496391645027801e-05, ""name"": ""中国神华""}, {""ts_code"": ""01288.HK"", ""side"": ""buy"", ""current_weight"": 0.0, ""target_weight"": 0.10604819134461521, ""post_trade_weight"": 0.10609063367836395, ""diff_weight"": 0.10604819134461521, ""gross_amount"": 0.125682892924292, ""gross_amount_pct_nav"": 0.10604819134461521, ""fee"": 3.77048678772876e-05, ""fee_pct_nav"": 3.181445740338456e-05, ""name"": ""农业银行""}, {""ts_code"": ""01378.HK"", ""side"": ""sell"", ""current_weight"": 0.14639684390791716, ""target_weight"": 0.0, ""post_trade_weight"": 0.0, ""diff_weight"": -0.14639684390791716, ""gross_amount"": 0.17350205245407338, ""gross_amount_pct_nav"": 0.14639684390791716, ""fee"": 5.205061573622201e-05, ""fee_pct_nav"": 4.3919053172375144e-05, ""name"": ""中国宏桥""}, {""ts_code"": ""01816.HK"", ""side"": ""buy"", ""current_weight"": 0.0, ""target_weight"": 0.11293763300969463, ""post_trade_weight"": 0.11298283261802565, ""diff_weight"": 0.11293763300969463, ""gross_amount"": 0.13384790684976805, ""gross_amount_pct_nav"": 0.11293763300969463, ""fee"": 4.015437205493041e-05, ""fee_pct_nav"": 3.3881289902908384e-05, ""name"": ""中广核电力""}, {""ts_code"": ""02899.HK"", ""side"": ""sell"", ""current_weight"": 0.16399046560932515, ""target_weight"": 0.0, ""post_trade_weight"": 0.0, ""diff_weight"": -0.16399046560932515, ""gross_amount"": 0.19435311313141176, ""gross_amount_pct_nav"": 0.16399046560932515, ""fee"": 5.8305933939423524e-05, ""fee_pct_nav"": 4.9197139682797545e-05, ""name"": ""紫金矿业""}, {""ts_code"": ""03988.HK"", ""side"": ""buy"", ""current_weight"": 0.0, ""target_weight"": 0.11392183896184882, ""post_trade_weight"": 0.11396743246654874, ""diff_weight"": 0.11392183896184882, ""gross_amount"": 0.13501433741055033, ""gross_amount_pct_nav"": 0.11392183896184882, ""fee"": 4.0504301223165095e-05, ""fee_pct_nav"": 3.417655168855464e-05, ""name"": ""中国银行""}, {""ts_code"": ""03993.HK"", ""side"": ""sell"", ""current_weight"": 0.15056578759528794, ""target_weight"": 0.10145523023456228, ""post_trade_weight"": 0.10149583438525615, ""diff_weight"": -0.049110557360725664, ""gross_amount"": 0.05820332099924867, ""gross_amount_pct_nav"": 0.049110557360725664, ""fee"": 1.74609962997746e-05, ""fee_pct_nav"": 1.4733167208217698e-05, ""name"": ""洛阳钼业""}]"
2024-04-29,0.67443598,1.34887195,0.95960970,0.66592296,0.00048766,0.00028788,0.00019978,0.00000000,rebalance,"[{""ts_code"": ""00005.HK"", ""side"": ""buy"", ""current_weight"": 0.0, ""target_weight"": 0.1559461140437575, ""post_trade_weight"": 0.15600924499229463, ""diff_weight"": 0.1559461140437575, ""gross_amount"": 0.18793147986750447, ""gross_amount_pct_nav"": 0.1559461140437575, ""fee"": 5.637944396025134e-05, ""fee_pct_nav"": 4.678383421312724e-05, ""name"": ""汇丰控股""}, {""ts_code"": ""00857.HK"", ""side"": ""buy"", ""current_weight"": 0.0, ""target_weight"": 0.16287705244570225, ""post_trade_weight"": 0.16294298921417436, ""diff_weight"": 0.16287705244570225, ""gross_amount"": 0.19628399008383798, ""gross_amount_pct_nav"": 0.16287705244570225, ""fee"": 5.888519702515139e-05, ""fee_pct_nav"": 4.886311573371068e-05, ""name"": ""中国石油股份""}, {""ts_code"": ""00883.HK"", ""side"": ""buy"", ""current_weight"": 0.0, ""target_weight"": 0.16195292732544297, ""post_trade_weight"": 0.16201848998459042, ""diff_weight"": 0.16195292732544297, ""gross_amount"": 0.19517032205499354, ""gross_amount_pct_nav"": 0.16195292732544297, ""fee"": 5.8551096616498055e-05, ""fee_pct_nav"": 4.858587819763289e-05, ""name"": ""中国海洋石油""}, {""ts_code"": ""00998.HK"", ""side"": ""sell"", ""current_weight"": 0.10057052634274598, ""target_weight"": 0.0, ""post_trade_weight"": 0.0, ""diff_weight"": -0.10057052634274598, ""gross_amount"": 0.12119806872098635, ""gross_amount_pct_nav"": 0.10057052634274598, ""fee"": 3.63594206162959e-05, ""fee_pct_nav"": 3.017115790282379e-05, ""name"": ""中信银行""}, {""ts_code"": ""01088.HK"", ""side"": ""sell"", ""current_weight"": 0.11642957947599164, ""target_weight"": 0.0, ""post_trade_weight"": 0.0, ""diff_weight"": -0.11642957947599164, ""gross_amount"": 0.14030989682201844, ""gross_amount_pct_nav"": 0.11642957947599164, ""fee"": 4.209296904660553e-05, ""fee_pct_nav"": 3.492887384279749e-05, ""name"": ""中国神华""}, {""ts_code"": ""01288.HK"", ""side"": ""sell"", ""current_weight"": 0.10685923597026491, ""target_weight"": 0.0, ""post_trade_weight"": 0.0, ""diff_weight"": -0.10685923597026491, ""gross_amount"": 0.12877662567319764, ""gross_amount_pct_nav"": 0.10685923597026491, ""fee"": 3.863298770195929e-05, ""fee_pct_nav"": 3.205777079107947e-05, ""name"": ""农业银行""}, {""ts_code"": ""01378.HK"", ""side"": ""buy"", ""current_weight"": 0.0, ""target_weight"": 0.1356153613980528, ""post_trade_weight"": 0.1356702619414473, ""diff_weight"": 0.1356153613980528, ""gross_amount"": 0.1634307832329261, ""gross_amount_pct_nav"": 0.1356153613980528, ""fee"": 4.9029234969877825e-05, ""fee_pct_nav"": 4.068460841941584e-05, ""name"": ""中国宏桥""}, {""ts_code"": ""01816.HK"", ""side"": ""sell"", ""current_weight"": 0.10891493152472767, ""target_weight"": 0.0, ""post_trade_weight"": 0.0, ""diff_weight"": -0.10891493152472767, ""gross_amount"": 0.13125395516663302, ""gross_amount_pct_nav"": 0.10891493152472767, ""fee"": 3.93761865499899e-05, ""fee_pct_nav"": 3.26744794574183e-05, ""name"": ""中广核电力""}, {""ts_code"": ""01919.HK"", ""side"": ""buy"", ""current_weight"": 0.0, ""target_weight"": 0.13884979931896035, ""post_trade_weight"": 0.1389060092449912, ""diff_weight"": 0.13884979931896035, ""gross_amount"": 0.16732862133388174, ""gross_amount_pct_nav"": 0.13884979931896035, ""fee"": 5.019858640016452e-05, ""fee_pct_nav"": 4.165493979568811e-05, ""name"": ""中远海控""}, {""ts_code"": ""03988.HK"", ""side"": ""sell"", ""current_weight"": 0.11981062922789616, ""target_weight"": 0.0, ""post_trade_weight"": 0.0, ""diff_weight"": -0.11981062922789616, ""gross_amount"": 0.1443844176093898, ""gross_amount_pct_nav"": 0.11981062922789616, ""fee"": 4.331532528281694e-05, ""fee_pct_nav"": 3.594318876836885e-05, ""name"": ""中国银行""}, {""ts_code"": ""03993.HK"", ""side"": ""buy"", ""current_weight"": 0.10334875318515112, ""target_weight"": 0.1443945500405162, ""post_trade_weight"": 0.14445300462249502, ""diff_weight"": 0.041045796855365094, ""gross_amount"": 0.04946450504823276, ""gross_amount_pct_nav"": 0.041045796855365094, ""fee"": 1.4839351514469826e-05, ""fee_pct_nav"": 1.2313739056609528e-05, ""name"": ""洛阳钼业""}]"
2024-05-06,0.29366475,0.58732949,0.36013952,0.36904977,0.00021876,0.00010804,0.00011071,0.00000000,rebalance,"[{""ts_code"": ""00019.HK"", ""side"": ""buy"", ""current_weight"": 0.0, ""target_weight"": 0.13169173983432814, ""post_trade_weight"": 0.13171494785631513, ""diff_weight"": 0.13169173983432814, ""gross_amount"": 0.16349971769020036, ""gross_amount_pct_nav"": 0.13169173983432814, ""fee"": 4.90499153070601e-05, ""fee_pct_nav"": 3.950752195029843e-05, ""name"": ""太古股份公司A""}, {""ts_code"": ""00857.HK"", ""side"": ""sell"", ""current_weight"": 0.1549629229025187, ""target_weight"": 0.0, ""post_trade_weight"": 0.0, ""diff_weight"": -0.1549629229025187, ""gross_amount"": 0.1923916730000225, ""gross_amount_pct_nav"": 0.1549629229025187, ""fee"": 5.771750190000674e-05, ""fee_pct_nav"": 4.6488876870755605e-05, ""name"": ""中国石油股份""}, {""ts_code"": ""01088.HK"", ""side"": ""buy"", ""current_weight"": 0.0, ""target_weight"": 0.1583846023819038, ""post_trade_weight"": 0.1584125144843569, ""diff_weight"": 0.1583846023819038, ""gross_amount"": 0.19663980298607636, ""gross_amount_pct_nav"": 0.1583846023819038, ""fee"": 5.89919408958229e-05, ""fee_pct_nav"": 4.751538071457114e-05, ""name"": ""中国神华""}, {""ts_code"": ""03993.HK"", ""side"": ""sell"", ""current_weight"": 0.142290225945601, ""target_weight"": 0.0, ""post_trade_weight"": 0.0, ""diff_weight"": -0.142290225945601, ""gross_amount"": 0.17665809413291877, ""gross_amount_pct_nav"": 0.142290225945601, ""fee"": 5.299742823987563e-05, ""fee_pct_nav"": 4.26870677836803e-05, ""name"": ""洛阳钼业""}]"
2024-05-13,0.43997757,0.87995514,0.57073836,0.58320165,0.00034618,0.00017122,0.00017496,0.00000000,rebalance,"[{""ts_code"": ""00019.HK"", ""side"": ""sell"", ""current_weight"": 0.12668143615713848, ""target_weight"": 0.0, ""post_trade_weight"": 0.0, ""diff_weight"": -0.12668143615713848, ""gross_amount"": 0.16612526060201374, ""gross_amount_pct_nav"": 0.12668143615713848, ""fee"": 4.983757818060412e-05, ""fee_pct_nav"": 3.800443084714154e-05, ""name"": ""太古股份公司A""}, {""ts_code"": ""00857.HK"", ""side"": ""buy"", ""current_weight"": 0.0, ""target_weight"": 0.15820922520058972, ""post_trade_weight"": 0.1582510013351135, ""diff_weight"": 0.15820922520058972, ""gross_amount"": 0.20746961483361454, ""gross_amount_pct_nav"": 0.15820922520058972, ""fee"": 6.224088445008435e-05, ""fee_pct_nav"": 4.746276756017691e-05, ""name"": ""中国石油股份""}, {""ts_code"": ""01088.HK"", ""side"": ""sell"", ""current_weight"": 0.16156601659800465, ""target_weight"": 0.14667688987845104, ""post_trade_weight"": 0.14671562082777034, ""diff_weight"": -0.01488912671955362, ""gross_amount"": 0.019525039591074073, ""gross_amount_pct_nav"": 0.01488912671955362, ""fee"": 5.8575118773222215e-06, ""fee_pct_nav"": 4.4667380158660856e-06, ""name"": ""中国神华""}, {""ts_code"": ""01378.HK"", ""side"": ""sell"", ""current_weight"": 0.13775788777789164, ""target_weight"": 0.0, ""post_trade_weight"": 0.0, ""diff_weight"": -0.13775788777789164, ""gross_amount"": 0.18065050177279382, ""gross_amount_pct_nav"": 0.13775788777789164, ""fee"": 5.419515053183814e-05, ""fee_pct_nav"": 4.132736633336748e-05, ""name"": ""中国宏桥""}, {""ts_code"": ""01816.HK"", ""side"": ""buy"", ""current_weight"": 0.0, ""target_weight"": 0.136105582499824, ""post_trade_weight"": 0.13614152202937252, ""diff_weight"": 0.136105582499824, ""gross_amount"": 0.178483730908493, ""gross_amount_pct_nav"": 0.136105582499824, ""fee"": 5.3545119272547896e-05, ""fee_pct_nav"": 4.083167474994719e-05, ""name"": ""中广核电力""}, {""ts_code"": ""01919.HK"", ""side"": ""sell"", ""current_weight"": 0.16540115760090138, ""target_weight"": 0.0, ""post_trade_weight"": 0.0, ""diff_weight"": -0.16540115760090138, ""gross_amount"": 0.2169008439108712, ""gross_amount_pct_nav"": 0.16540115760090138, ""fee"": 6.507025317326135e-05, ""fee_pct_nav"": 4.962034728027041e-05, ""name"": ""中远海控""}, {""ts_code"": ""03988.HK"", ""side"": ""buy"", ""current_weight"": 0.0, ""target_weight"": 0.1409107222173817, ""post_trade_weight"": 0.14094793057409877, ""diff_weight"": 0.1409107222173817, ""gross_amount"": 0.1847850100226498, ""gross_amount_pct_nav"": 0.1409107222173817, ""fee"": 5.5435503006794935e-05, ""fee_pct_nav"": 4.227321666521451e-05, ""name"": ""中国银行""}]"
2024-05-20,0.74963740,1.49927481,0.99656809,0.98821661,0.00059544,0.00029897,0.00029646,0.00000000,rebalance,"[{""ts_code"": ""00005.HK"", ""side"": ""sell"", ""current_weight"": 0.15972678274645633, ""target_weight"": 0.0, ""post_trade_weight"": 0.0, ""diff_weight"": -0.15972678274645633, ""gross_amount"": 0.21145107766549195, ""gross_amount_pct_nav"": 0.15972678274645633, ""fee"": 6.343532329964758e-05, ""fee_pct_nav"": 4.79180348239369e-05, ""name"": ""汇丰控股""}, {""ts_code"": ""00857.HK"", ""side"": ""sell"", ""current_weight"": 0.15863305259801389, ""target_weight"": 0.0, ""post_trade_weight"": 0.0, ""diff_weight"": -0.15863305259801389, ""gross_amount"": 0.2100031650826003, ""gross_amount_pct_nav"": 0.15863305259801389, ""fee"": 6.300094952478009e-05, ""fee_pct_nav"": 4.758991577940417e-05, ""name"": ""中国石油股份""}, {""ts_code"": ""00883.HK"", ""side"": ""sell"", ""current_weight"": 0.1466590986457346, ""target_weight"": 0.0, ""post_trade_weight"": 0.0, ""diff_weight"": -0.1466590986457346, ""gross_amount"": 0.19415168780627232, ""gross_amount_pct_nav"": 0.1466590986457346, ""fee"": 5.824550634188169e-05, ""fee_pct_nav"": 4.399772959372038e-05, ""name"": ""中国海洋石油""}, {""ts_code"": ""00998.HK"", ""side"": ""buy"", ""current_weight"": 0.0, ""target_weight"": 0.14651314914277136, ""post_trade_weight"": 0.1465790778383725, ""diff_weight"": 0.14651314914277136, ""gross_amount"": 0.19395847550238896, ""gross_amount_pct_nav"": 0.14651314914277136, ""fee"": 5.818754265071668e-05, ""fee_pct_nav"": 4.395394474283141e-05, ""name"": ""中信银行""}, {""ts_code"": ""01088.HK"", ""side"": ""sell"", ""current_weight"": 0.1456808081453952, ""target_weight"": 0.0, ""post_trade_weight"": 0.0, ""diff_weight"": -0.1456808081453952, ""gross_amount"": 0.19285659767167013, ""gross_amount_pct_nav"": 0.1456808081453952, ""fee"": 5.785697930150103e-05, ""fee_pct_nav"": 4.370424244361855e-05, ""name"": ""中国神华""}, {""ts_code"": ""01288.HK"", ""side"": ""buy"", ""current_weight"": 0.0, ""target_weight"": 0.14383710988902212, ""post_trade_weight"": 0.14390183440753468, ""diff_weight"": 0.14383710988902212, ""gross_amount"": 0.19041585494526772, ""gross_amount_pct_nav"": 0.14383710988902212, ""fee"": 5.712475648358031e-05, ""fee_pct_nav"": 4.3151132966706636e-05, ""name"": ""农业银行""}, {""ts_code"": ""01378.HK"", ""side"": ""buy"", ""current_weight"": 0.0, ""target_weight"": 0.1424990902621475, ""post_trade_weight"": 0.14256321269211572, ""diff_weight"": 0.1424990902621475, ""gross_amount"": 0.18864454466670708, ""gross_amount_pct_nav"": 0.1424990902621475, ""fee"": 5.659336340001212e-05, ""fee_pct_nav"": 4.274972707864425e-05, ""name"": ""中国宏桥""}, {""ts_code"": ""01816.HK"", ""side"": ""sell"", ""current_weight"": 0.13578337287841602, ""target_weight"": 0.0, ""post_trade_weight"": 0.0, ""diff_weight"": -0.13578337287841602, ""gross_amount"": 0.1797540777476994, ""gross_amount_pct_nav"": 0.13578337287841602, ""fee"": 5.392622332430981e-05, ""fee_pct_nav"": 4.07350118635248e-05, ""name"": ""中广核电力""}, {""ts_code"": ""01919.HK"", ""side"": ""buy"", ""current_weight"": 0.0, ""target_weight"": 0.1563252930731853, ""post_trade_weight"": 0.156395637084778, ""diff_weight"": 0.1563252930731853, ""gross_amount"": 0.2069480842118336, ""gross_amount_pct_nav"": 0.1563252930731853, ""fee"": 6.208442526355008e-05, ""fee_pct_nav"": 4.689758792195559e-05, ""name"": ""中远海控""}, {""ts_code"": ""02899.HK"", ""side"": ""buy"", ""current_weight"": 0.0, ""target_weight"": 0.14829717531193756, ""post_trade_weight"": 0.14836390679226444, ""diff_weight"": 0.14829717531193756, ""gross_amount"": 0.19632022254046982, ""gross_amount_pct_nav"": 0.14829717531193756, ""fee"": 5.889606676214094e-05, ""fee_pct_nav"": 4.448915259358126e-05, ""name"": ""紫金矿业""}, {""ts_code"": ""03988.HK"", ""side"": ""buy"", ""current_weight"": 0.14680350358346778, ""target_weight"": 0.16212337812297534, ""post_trade_weight"": 0.16219633118492668, ""diff_weight"": 0.015319874539507557, ""gross_amount"": 0.020280906716947406, ""gross_amount_pct_nav"": 0.015319874539507557, ""fee"": 6.0842720150842215e-06, ""fee_pct_nav"": 4.595962361852267e-06, ""name"": ""中国银行""}]"
2024-05-27,0.63315524,1.26631048,0.90877179,0.76281764,0.00050148,0.00027263,0.00022885,0.00000000,rebalance,"[{""ts_code"": ""00836.HK"", ""side"": ""buy"", ""current_weight"": 0.0, ""target_weight"": 0.1759218436641958, ""post_trade_weight"": 0.17598870056497118, ""diff_weight"": 0.1759218436641958, ""gross_amount"": 0.23222511285407424, ""gross_amount_pct_nav"": 0.1759218436641958, ""fee"": 6.966753385622227e-05, ""fee_pct_nav"": 5.277655309925874e-05, ""name"": ""华润电力""}, {""ts_code"": ""00883.HK"", ""side"": ""buy"", ""current_weight"": 0.0, ""target_weight"": 0.15559058725356642, ""post_trade_weight"": 0.15564971751412376, ""diff_weight"": 0.15559058725356642, ""gross_amount"": 0.20538689756435777, ""gross_amount_pct_nav"": 0.15559058725356642, ""fee"": 6.161606926930732e-05, ""fee_pct_nav"": 4.6677176176069915e-05, ""name"": ""中国海洋石油""}, {""ts_code"": ""00998.HK"", ""side"": ""sell"", ""current_weight"": 0.14536988339491477, ""target_weight"": 0.0, ""post_trade_weight"": 0.0, ""diff_weight"": -0.14536988339491477, ""gross_amount"": 0.1918950874651295, ""gross_amount_pct_nav"": 0.14536988339491477, ""fee"": 5.756852623953885e-05, ""fee_pct_nav"": 4.361096501847443e-05, ""name"": ""中信银行""}, {""ts_code"": ""01288.HK"", ""side"": ""sell"", ""current_weight"": 0.14384295661479107, ""target_weight"": 0.0, ""post_trade_weight"": 0.0, ""diff_weight"": -0.14384295661479107, ""gross_amount"": 0.18987947225528107, ""gross_amount_pct_nav"": 0.14384295661479107, ""fee"": 5.6963841676584315e-05, ""fee_pct_nav"": 4.315288698443732e-05, ""name"": ""农业银行""}, {""ts_code"": ""01378.HK"", ""side"": ""sell"", ""current_weight"": 0.14896397348340146, ""target_weight"": 0.0, ""post_trade_weight"": 0.0, ""diff_weight"": -0.14896397348340146, ""gross_amount"": 0.1966394555266632, ""gross_amount_pct_nav"": 0.14896397348340146, ""fee"": 5.8991836657998956e-05, ""fee_pct_nav"": 4.4689192045020435e-05, ""name"": ""中国宏桥""}, {""ts_code"": ""01816.HK"", ""side"": ""buy"", ""current_weight"": 0.0, ""target_weight"": 0.1883465003595804, ""post_trade_weight"": 0.18841807909604455, ""diff_weight"": 0.1883465003595804, ""gross_amount"": 0.24862624442001205, ""gross_amount_pct_nav"": 0.1883465003595804, ""fee"": 7.45878733260036e-05, ""fee_pct_nav"": 5.6503950107874114e-05, ""name"": ""中广核电力""}, {""ts_code"": ""01898.HK"", ""side"": ""buy"", ""current_weight"": 0.0, ""target_weight"": 0.1685800010714685, ""post_trade_weight"": 0.1686440677966096, ""diff_weight"": 0.1685800010714685, ""gross_amount"": 0.22253353511056548, ""gross_amount_pct_nav"": 0.1685800010714685, ""fee"": 6.676006053316964e-05, ""fee_pct_nav"": 5.057400032144055e-05, ""name"": ""中煤能源""}, {""ts_code"": ""02899.HK"", ""side"": ""sell"", ""current_weight"": 0.13969473433382262, ""target_weight"": 0.0, ""post_trade_weight"": 0.0, ""diff_weight"": -0.13969473433382262, ""gross_amount"": 0.18440362362115412, ""gross_amount_pct_nav"": 0.13969473433382262, ""fee"": 5.532108708634623e-05, ""fee_pct_nav"": 4.1908420300146784e-05, ""name"": ""紫金矿业""}]"
2024-06-03,0.69178361,1.38356722,0.93176231,0.94645796,0.00056347,0.00027953,0.00028394,0.00000000,rebalance,"[{""ts_code"": ""00728.HK"", ""side"": ""buy"", ""current_weight"": 0.0, ""target_weight"": 0.162459154671375, ""post_trade_weight"": 0.16252661462029747, ""diff_weight"": 0.162459154671375, ""gross_amount"": 0.22054156344860587, ""gross_amount_pct_nav"": 0.162459154671375, ""fee"": 6.616246903458176e-05, ""fee_pct_nav"": 4.87377464014125e-05, ""name"": ""中国电信""}, {""ts_code"": ""00836.HK"", ""side"": ""sell"", ""current_weight"": 0.16922297521637233, ""target_weight"": 0.0, ""post_trade_weight"": 0.0, ""diff_weight"": -0.16922297521637233, ""gross_amount"": 0.22972358560609496, ""gross_amount_pct_nav"": 0.16922297521637233, ""fee"": 6.891707568182848e-05, ""fee_pct_nav"": 5.07668925649117e-05, ""name"": ""华润电力""}, {""ts_code"": ""00857.HK"", ""side"": ""buy"", ""current_weight"": 0.0, ""target_weight"": 0.15749315431024127, ""post_trade_weight"": 0.1575585521646552, ""diff_weight"": 0.15749315431024127, ""gross_amount"": 0.2138001182776878, ""gross_amount_pct_nav"": 0.15749315431024127, ""fee"": 6.414003548330634e-05, ""fee_pct_nav"": 4.724794629307238e-05, ""name"": ""中国石油股份""}, {""ts_code"": ""00883.HK"", ""side"": ""buy"", ""current_weight"": 0.15572084991776416, ""target_weight"": 0.189417442346101, ""post_trade_weight"": 0.18949609652235558, ""diff_weight"": 0.03369659242833683, ""gross_amount"": 0.04574380060063968, ""gross_amount_pct_nav"": 0.03369659242833683, ""fee"": 1.3723140180191903e-05, ""fee_pct_nav"": 1.0108977728501047e-05, ""name"": ""中国海洋石油""}, {""ts_code"": ""00941.HK"", ""side"": ""buy"", ""current_weight"": 0.0, ""target_weight"": 0.16742515503250874, ""post_trade_weight"": 0.16749467707593976, ""diff_weight"": 0.16742515503250874, ""gross_amount"": 0.22728300861952397, ""gross_amount_pct_nav"": 0.16742515503250874, ""fee"": 6.818490258585718e-05, ""fee_pct_nav"": 5.022754650975262e-05, ""name"": ""中国移动""}, {""ts_code"": ""01378.HK"", ""side"": ""buy"", ""current_weight"": 0.0, ""target_weight"": 0.16529686916345146, ""post_trade_weight"": 0.16536550745209308, ""diff_weight"": 0.16529686916345146, ""gross_amount"": 0.22439381783198767, ""gross_amount_pct_nav"": 0.16529686916345146, ""fee"": 6.73181453495963e-05, ""fee_pct_nav"": 4.9589060749035436e-05, ""name"": ""中国宏桥""}, {""ts_code"": ""01816.HK"", ""side"": ""sell"", ""current_weight"": 0.188182359383222, ""target_weight"": 0.0, ""post_trade_weight"": 0.0, ""diff_weight"": -0.188182359383222, ""gross_amount"": 0.25546133017726325, ""gross_amount_pct_nav"": 0.188182359383222, ""fee"": 7.663839905317896e-05, ""fee_pct_nav"": 5.6454707814966597e-05, ""name"": ""中广核电力""}, {""ts_code"": ""01898.HK"", ""side"": ""sell"", ""current_weight"": 0.17511208940700212, ""target_weight"": 0.15749315431024125, ""post_trade_weight"": 0.15755855216465517, ""diff_weight"": -0.01761893509676087, ""gross_amount"": 0.023918058052186886, ""gross_amount_pct_nav"": 0.01761893509676087, ""fee"": 7.175417415656065e-06, ""fee_pct_nav"": 5.28568052902826e-06, ""name"": ""中煤能源""}, {""ts_code"": ""01919.HK"", ""side"": ""sell"", ""current_weight"": 0.1718475478362292, ""target_weight"": 0.0, ""post_trade_weight"": 0.0, ""diff_weight"": -0.1718475478362292, ""gross_amount"": 0.23328649561962111, ""gross_amount_pct_nav"": 0.1718475478362292, ""fee"": 6.998594868588633e-05, ""fee_pct_nav"": 5.155426435086876e-05, ""name"": ""中远海控""}, {""ts_code"": ""03988.HK"", ""side"": ""sell"", ""current_weight"": 0.15032447712002725, ""target_weight"": 0.0, ""post_trade_weight"": 0.0, ""diff_weight"": -0.15032447712002725, ""gross_amount"": 0.20406849509778013, ""gross_amount_pct_nav"": 0.15032447712002725, ""fee"": 6.122054852933403e-05, ""fee_pct_nav"": 4.509734313600817e-05, ""name"": ""中国银行""}]"
2024-06-11,0.66467233,1.32934466,0.88625220,0.88678411,0.00053191,0.00026588,0.00026604,0.00000000,rebalance,"[{""ts_code"": ""00728.HK"", ""side"": ""sell"", ""current_weight"": 0.16599686239154846, ""target_weight"": 0.0, ""post_trade_weight"": 0.0, ""diff_weight"": -0.16599686239154846, ""gross_amount"": 0.22140117058594758, ""gross_amount_pct_nav"": 0.16599686239154846, ""fee"": 6.642035117578427e-05, ""fee_pct_nav"": 4.9799058717464534e-05, ""name"": ""中国电信""}, {""ts_code"": ""00836.HK"", ""side"": ""buy"", ""current_weight"": 0.0, ""target_weight"": 0.15342641317195416, ""post_trade_weight"": 0.15348762455801984, ""diff_weight"": 0.15342641317195416, ""gross_amount"": 0.2046351177105344, ""gross_amount_pct_nav"": 0.15342641317195416, ""fee"": 6.139053531316032e-05, ""fee_pct_nav"": 4.6027923951586245e-05, ""name"": ""华润电力""}, {""ts_code"": ""00857.HK"", ""side"": ""sell"", ""current_weight"": 0.15307730023018484, ""target_weight"": 0.0, ""post_trade_weight"": 0.0, ""diff_weight"": -0.15307730023018484, ""gross_amount"": 0.20416948231923338, ""gross_amount_pct_nav"": 0.15307730023018484, ""fee"": 6.125084469577001e-05, ""fee_pct_nav"": 4.592319006905545e-05, ""name"": ""中国石油股份""}, {""ts_code"": ""00883.HK"", ""side"": ""sell"", ""current_weight"": 0.19515222492575557, ""target_weight"": 0.17848873825554043, ""post_trade_weight"": 0.1785599485695917, ""diff_weight"": -0.016663486670215152, ""gross_amount"": 0.022225211980975407, ""gross_amount_pct_nav"": 0.016663486670215152, ""fee"": 6.667563594292621e-06, ""fee_pct_nav"": 4.999046001064545e-06, ""name"": ""中国海洋石油""}, {""ts_code"": ""00941.HK"", ""side"": ""sell"", ""current_weight"": 0.17628174851056633, ""target_weight"": 0.15663953177241394, ""post_trade_weight"": 0.15670202507232392, ""diff_weight"": -0.01964221673815238, ""gross_amount"": 0.026198144447284716, ""gross_amount_pct_nav"": 0.01964221673815238, ""fee"": 7.859443334185413e-06, ""fee_pct_nav"": 5.892665021445713e-06, ""name"": ""中国移动""}, {""ts_code"": ""01088.HK"", ""side"": ""buy"", ""current_weight"": 0.0, ""target_weight"": 0.17141987733452888, ""post_trade_weight"": 0.1714882674381227, ""diff_weight"": 0.17141987733452888, ""gross_amount"": 0.22863421004936146, ""gross_amount_pct_nav"": 0.17141987733452888, ""fee"": 6.859026301480844e-05, ""fee_pct_nav"": 5.142596320035867e-05, ""name"": ""中国神华""}, {""ts_code"": ""01378.HK"", ""side"": ""sell"", ""current_weight"": 0.15484320251331649, ""target_weight"": 0.0, ""post_trade_weight"": 0.0, ""diff_weight"": -0.15484320251331649, ""gross_amount"": 0.20652478486527504, ""gross_amount_pct_nav"": 0.15484320251331649, ""fee"": 6.19574354595825e-05, ""fee_pct_nav"": 4.645296075399494e-05, ""name"": ""中国宏桥""}, {""ts_code"": ""01816.HK"", ""side"": ""buy"", ""current_weight"": 0.0, ""target_weight"": 0.16627888757379322, ""post_trade_weight"": 0.16634522661523615, ""diff_weight"": 0.16627888757379322, ""gross_amount"": 0.22177732652398227, ""gross_amount_pct_nav"": 0.16627888757379322, ""fee"": 6.653319795719467e-05, ""fee_pct_nav"": 4.988366627213796e-05, ""name"": ""中广核电力""}, {""ts_code"": ""01898.HK"", ""side"": ""sell"", ""current_weight"": 0.15464866142862452, ""target_weight"": 0.0, ""post_trade_weight"": 0.0, ""diff_weight"": -0.15464866142862452, ""gross_amount"": 0.20626531234719658, ""gross_amount_pct_nav"": 0.15464866142862452, ""fee"": 6.187959370415896e-05, ""fee_pct_nav"": 4.639459842858735e-05, ""name"": ""中煤能源""}, {""ts_code"": ""01919.HK"", ""side"": ""buy"", ""current_weight"": 0.0, ""target_weight"": 0.17334774849480478, ""post_trade_weight"": 0.17341690774670518, ""diff_weight"": 0.17334774849480478, ""gross_amount"": 0.2312055413713787, ""gross_amount_pct_nav"": 0.17334774849480478, ""fee"": 6.93616624114136e-05, ""fee_pct_nav"": 5.200432454844143e-05, ""name"": ""中远海控""}]"
2024-06-17,0.65981692,1.31963384,0.89009912,0.89063334,0.00053422,0.00026703,0.00026719,0.00000000,rebalance,"[{""ts_code"": ""00836.HK"", ""side"": ""sell"", ""current_weight"": 0.15131700181090313, ""target_weight"": 0.0, ""post_trade_weight"": 0.0, ""diff_weight"": -0.15131700181090313, ""gross_amount"": 0.2041892895673742, ""gross_amount_pct_nav"": 0.15131700181090313, ""fee"": 6.125678687021226e-05, ""fee_pct_nav"": 4.5395100543270935e-05, ""name"": ""华润电力""}, {""ts_code"": ""00883.HK"", ""side"": ""buy"", ""current_weight"": 0.18581270014990367, ""target_weight"": 0.2018969136452471, ""post_trade_weight"": 0.2019768743006334, ""diff_weight"": 0.01608421349534342, ""gross_amount"": 0.021704263814110947, ""gross_amount_pct_nav"": 0.01608421349534342, ""fee"": 6.5112791442332834e-06, ""fee_pct_nav"": 4.825264048603025e-06, ""name"": ""中国海洋石油""}, {""ts_code"": ""00941.HK"", ""side"": ""sell"", ""current_weight"": 0.1520997014394684, ""target_weight"": 0.0, ""post_trade_weight"": 0.0, ""diff_weight"": -0.1520997014394684, ""gross_amount"": 0.2052454754499171, ""gross_amount_pct_nav"": 0.1520997014394684, ""fee"": 6.157364263497512e-05, ""fee_pct_nav"": 4.562991043184051e-05, ""name"": ""中国移动""}, {""ts_code"": ""01088.HK"", ""side"": ""sell"", ""current_weight"": 0.17008675232526632, ""target_weight"": 0.0, ""post_trade_weight"": 0.0, ""diff_weight"": -0.17008675232526632, ""gross_amount"": 0.22951745479017022, ""gross_amount_pct_nav"": 0.17008675232526632, ""fee"": 6.885523643705105e-05, ""fee_pct_nav"": 5.102602569757989e-05, ""name"": ""中国神华""}, {""ts_code"": ""01114.HK"", ""side"": ""buy"", ""current_weight"": 0.0, ""target_weight"": 0.1534267404709495, ""post_trade_weight"": 0.15348750466243885, ""diff_weight"": 0.1534267404709495, ""gross_amount"": 0.20703620057547123, ""gross_amount_pct_nav"": 0.1534267404709495, ""fee"": 6.211086017264137e-05, ""fee_pct_nav"": 4.602802214128485e-05, ""name"": ""BRILLIANCE CHI""}, {""ts_code"": ""01816.HK"", ""side"": ""sell"", ""current_weight"": 0.16803819288065422, ""target_weight"": 0.1541724354428618, ""post_trade_weight"": 0.15423349496456493, ""diff_weight"": -0.013865757437792427, ""gross_amount"": 0.018710648021393494, ""gross_amount_pct_nav"": 0.013865757437792427, ""fee"": 5.613194406418048e-06, ""fee_pct_nav"": 4.159727231337728e-06, ""name"": ""中广核电力""}, {""ts_code"": ""01898.HK"", ""side"": ""buy"", ""current_weight"": 0.0, ""target_weight"": 0.1728148097406685, ""post_trade_weight"": 0.17288325251771663, ""diff_weight"": 0.1728148097406685, ""gross_amount"": 0.23319873381951617, ""gross_amount_pct_nav"": 0.1728148097406685, ""fee"": 6.995962014585485e-05, ""fee_pct_nav"": 5.184444292220055e-05, ""name"": ""中煤能源""}, {""ts_code"": ""01919.HK"", ""side"": ""sell"", ""current_weight"": 0.17264565139380386, ""target_weight"": 0.0, ""post_trade_weight"": 0.0, ""diff_weight"": -0.17264565139380386, ""gross_amount"": 0.23297046916810674, ""gross_amount_pct_nav"": 0.17264565139380386, ""fee"": 6.989114075043202e-05, ""fee_pct_nav"": 5.179369541814115e-05, ""name"": ""中远海控""}, {""ts_code"": ""06198.HK"", ""side"": ""buy"", ""current_weight"": 0.0, ""target_weight"": 0.14522409577991455, ""post_trade_weight"": 0.14528161133905207, ""diff_weight"": 0.14522409577991455, ""gross_amount"": 0.19596743651068296, ""gross_amount_pct_nav"": 0.14522409577991455, ""fee"": 5.879023095320488e-05, ""fee_pct_nav"": 4.356722873397436e-05, ""name"": ""青岛港""}, {""ts_code"": ""09992.HK"", ""side"": ""buy"", ""current_weight"": 0.0, ""target_weight"": 0.17206911476875625, ""post_trade_weight"": 0.1721372622155906, ""diff_weight"": 0.17206911476875625, ""gross_amount"": 0.23219248254089908, ""gross_amount_pct_nav"": 0.17206911476875625, ""fee"": 6.965774476226972e-05, ""fee_pct_nav"": 5.162073443062687e-05, ""name"": ""泡泡玛特""}]"
2024-06-24,0.65583642,1.31167284,0.89982841,0.90867092,0.00054255,0.00026995,0.00027260,0.00000000,rebalance,"[{""ts_code"": ""00551.HK"", ""side"": ""buy"", ""current_weight"": 0.0, ""target_weight"": 0.16351367877748926, ""post_trade_weight"": 0.16357804704205253, ""diff_weight"": 0.16351367877748926, ""gross_amount"": 0.22544827399504588, ""gross_amount_pct_nav"": 0.16351367877748926, ""fee"": 6.763448219851375e-05, ""fee_pct_nav"": 4.905410363324677e-05, ""name"": ""裕元集团""}, {""ts_code"": ""00857.HK"", ""side"": ""buy"", ""current_weight"": 0.0, ""target_weight"": 0.15140155442360118, ""post_trade_weight"": 0.1514611546685672, ""diff_weight"": 0.15140155442360118, ""gross_amount"": 0.20874840184726473, ""gross_amount_pct_nav"": 0.15140155442360118, ""fee"": 6.262452055417941e-05, ""fee_pct_nav"": 4.5420466327080346e-05, ""name"": ""中国石油股份""}, {""ts_code"": ""00883.HK"", ""side"": ""sell"", ""current_weight"": 0.2111767861739754, ""target_weight"": 0.1791881926472268, ""post_trade_weight"": 0.17925873129009245, ""diff_weight"": -0.03198859352674859, ""gross_amount"": 0.04410501465108865, ""gross_amount_pct_nav"": 0.03198859352674859, ""fee"": 1.3231504395326595e-05, ""fee_pct_nav"": 9.596578058024576e-06, ""name"": ""中国海洋石油""}, {""ts_code"": ""01114.HK"", ""side"": ""sell"", ""current_weight"": 0.14579673044578617, ""target_weight"": 0.0, ""post_trade_weight"": 0.0, ""diff_weight"": -0.14579673044578617, ""gross_amount"": 0.20102062089773354, ""gross_amount_pct_nav"": 0.14579673044578617, ""fee"": 6.030618626932006e-05, ""fee_pct_nav"": 4.3739019133735844e-05, ""name"": ""BRILLIANCE CHI""}, {""ts_code"": ""01898.HK"", ""side"": ""sell"", ""current_weight"": 0.16798567647793136, ""target_weight"": 0.0, ""post_trade_weight"": 0.0, ""diff_weight"": -0.16798567647793136, ""gross_amount"": 0.2316141444617391, ""gross_amount_pct_nav"": 0.16798567647793136, ""fee"": 6.948424333852172e-05, ""fee_pct_nav"": 5.0395702943379396e-05, ""name"": ""中煤能源""}, {""ts_code"": ""01919.HK"", ""side"": ""buy"", ""current_weight"": 0.0, ""target_weight"": 0.15852633345530004, ""post_trade_weight"": 0.1585887384176762, ""diff_weight"": 0.15852633345530004, ""gross_amount"": 0.21857185605184187, ""gross_amount_pct_nav"": 0.15852633345530004, ""fee"": 6.557155681555255e-05, ""fee_pct_nav"": 4.755790003659001e-05, ""name"": ""中远海控""}, {""ts_code"": ""03618.HK"", ""side"": ""buy"", ""current_weight"": 0.0, ""target_weight"": 0.1791881926472268, ""post_trade_weight"": 0.17925873129009245, ""diff_weight"": 0.1791881926472268, ""gross_amount"": 0.24705987324511566, ""gross_amount_pct_nav"": 0.1791881926472268, ""fee"": 7.411796197353469e-05, ""fee_pct_nav"": 5.375645779416804e-05, ""name"": ""重庆农村商业银行""}, {""ts_code"": ""06198.HK"", ""side"": ""sell"", ""current_weight"": 0.14916299681769735, ""target_weight"": 0.0, ""post_trade_weight"": 0.0, ""diff_weight"": -0.14916299681769735, ""gross_amount"": 0.20566193867022206, ""gross_amount_pct_nav"": 0.14916299681769735, ""fee"": 6.169858160106661e-05, ""fee_pct_nav"": 4.47488990453092e-05, ""name"": ""青岛港""}, {""ts_code"": ""09992.HK"", ""side"": ""sell"", ""current_weight"": 0.16410908558194212, ""target_weight"": 0.0, ""post_trade_weight"": 0.0, ""diff_weight"": -0.16410908558194212, ""gross_amount"": 0.2262692049250598, ""gross_amount_pct_nav"": 0.16410908558194212, ""fee"": 6.788076147751793e-05, ""fee_pct_nav"": 4.9232725674582625e-05, ""name"": ""泡泡玛特""}]"
2024-07-02,0.67713690,1.35427380,0.95968145,0.96053826,0.00057607,0.00028790,0.00028816,0.00000000,rebalance,"[{""ts_code"": ""00551.HK"", ""side"": ""sell"", ""current_weight"": 0.1531279990560081, ""target_weight"": 0.0, ""post_trade_weight"": 0.0, ""diff_weight"": -0.1531279990560081, ""gross_amount"": 0.21711961164363655, ""gross_amount_pct_nav"": 0.1531279990560081, ""fee"": 6.513588349309096e-05, ""fee_pct_nav"": 4.593839971680243e-05, ""name"": ""裕元集团""}, {""ts_code"": ""00762.HK"", ""side"": ""buy"", ""current_weight"": 0.0, ""target_weight"": 0.1535471735592634, ""post_trade_weight"": 0.15360958238912167, ""diff_weight"": 0.1535471735592634, ""gross_amount"": 0.21771395758898135, ""gross_amount_pct_nav"": 0.1535471735592634, ""fee"": 6.53141872766944e-05, ""fee_pct_nav"": 4.6064152067779015e-05, ""name"": ""中国联通""}, {""ts_code"": ""00857.HK"", ""side"": ""buy"", ""current_weight"": 0.1575622626274068, ""target_weight"": 0.1820237831972301, ""post_trade_weight"": 0.1820977662673993, ""diff_weight"": 0.024461520569823276, ""gross_amount"": 0.034683897648203954, ""gross_amount_pct_nav"": 0.024461520569823276, ""fee"": 1.0405169294461185e-05, ""fee_pct_nav"": 7.338456170946982e-06, ""name"": ""中国石油股份""}, {""ts_code"": ""00883.HK"", ""side"": ""sell"", ""current_weight"": 0.1808119290130659, ""target_weight"": 0.0, ""post_trade_weight"": 0.0, ""diff_weight"": -0.1808119290130659, ""gross_amount"": 0.2563725513940446, ""gross_amount_pct_nav"": 0.1808119290130659, ""fee"": 7.691176541821337e-05, ""fee_pct_nav"": 5.424357870391977e-05, ""name"": ""中国海洋石油""}, {""ts_code"": ""01088.HK"", ""side"": ""buy"", ""current_weight"": 0.0, ""target_weight"": 0.1723158480933778, ""post_trade_weight"": 0.17238588539980465, ""diff_weight"": 0.1723158480933778, ""gross_amount"": 0.24432599033958396, ""gross_amount_pct_nav"": 0.1723158480933778, ""fee"": 7.329779710187519e-05, ""fee_pct_nav"": 5.169475442801334e-05, ""name"": ""中国神华""}, {""ts_code"": ""01398.HK"", ""side"": ""buy"", ""current_weight"": 0.0, ""target_weight"": 0.16454950001029597, ""post_trade_weight"": 0.16461638070572893, ""diff_weight"": 0.16454950001029597, ""gross_amount"": 0.23331411471864494, ""gross_amount_pct_nav"": 0.16454950001029597, ""fee"": 6.999423441559347e-05, ""fee_pct_nav"": 4.936485000308878e-05, ""name"": ""工商银行""}, {""ts_code"": ""01919.HK"", ""side"": ""sell"", ""current_weight"": 0.15701096690277858, ""target_weight"": 0.0, ""post_trade_weight"": 0.0, ""diff_weight"": -0.15701096690277858, ""gross_amount"": 0.22262525709131964, ""gross_amount_pct_nav"": 0.15701096690277858, ""fee"": 6.678757712739589e-05, ""fee_pct_nav"": 4.710329007083357e-05, ""name"": ""中远海控""}, {""ts_code"": ""03618.HK"", ""side"": ""sell"", ""current_weight"": 0.1864881454955967, ""target_weight"": 0.0, ""post_trade_weight"": 0.0, ""diff_weight"": -0.1864881454955967, ""gross_amount"": 0.26442083731098864, ""gross_amount_pct_nav"": 0.1864881454955967, ""fee"": 7.932625119329658e-05, ""fee_pct_nav"": 5.5946443648679e-05, ""name"": ""重庆农村商业银行""}, {""ts_code"": ""03993.HK"", ""side"": ""buy"", ""current_weight"": 0.0, ""target_weight"": 0.16196071731593537, ""post_trade_weight"": 0.16202654580770373, ""diff_weight"": 0.16196071731593537, ""gross_amount"": 0.2296434895116653, ""gross_amount_pct_nav"": 0.16196071731593537, ""fee"": 6.889304685349959e-05, ""fee_pct_nav"": 4.858821519478061e-05, ""name"": ""洛阳钼业""}]"
2024-07-08,0.51154313,1.02308627,0.74967822,0.74555588,0.00044857,0.00022490,0.00022367,0.00000000,rebalance,"[{""ts_code"": ""00728.HK"", ""side"": ""buy"", ""current_weight"": 0.0, ""target_weight"": 0.16222564256665137, ""post_trade_weight"": 0.1622754491017962, ""diff_weight"": 0.16222564256665137, ""gross_amount"": 0.2370917476188312, ""gross_amount_pct_nav"": 0.16222564256665137, ""fee"": 7.112752428564936e-05, ""fee_pct_nav"": 4.866769276999541e-05, ""name"": ""中国电信""}, {""ts_code"": ""00762.HK"", ""side"": ""sell"", ""current_weight"": 0.15078835244835465, ""target_weight"": 0.0, ""post_trade_weight"": 0.0, ""diff_weight"": -0.15078835244835465, ""gross_amount"": 0.22037622065732484, ""gross_amount_pct_nav"": 0.15078835244835465, ""fee"": 6.611286619719744e-05, ""fee_pct_nav"": 4.523650573450639e-05, ""name"": ""中国联通""}, {""ts_code"": ""00857.HK"", ""side"": ""sell"", ""current_weight"": 0.1804562001465011, ""target_weight"": 0.1562394564940812, ""post_trade_weight"": 0.1562874251497004, ""diff_weight"": -0.024216743652419912, ""gross_amount"": 0.035392617241941315, ""gross_amount_pct_nav"": 0.024216743652419912, ""fee"": 1.0617785172582393e-05, ""fee_pct_nav"": 7.265023095725972e-06, ""name"": ""中国石油股份""}, {""ts_code"": ""00883.HK"", ""side"": ""buy"", ""current_weight"": 0.0, ""target_weight"": 0.1568380751013382, ""post_trade_weight"": 0.15688622754490997, ""diff_weight"": 0.1568380751013382, ""gross_amount"": 0.22921785194145303, ""gross_amount_pct_nav"": 0.1568380751013382, ""fee"": 6.87653555824359e-05, ""fee_pct_nav"": 4.7051422530401456e-05, ""name"": ""中国海洋石油""}, {""ts_code"": ""01088.HK"", ""side"": ""sell"", ""current_weight"": 0.16695023536738404, ""target_weight"": 0.0, ""post_trade_weight"": 0.0, ""diff_weight"": -0.16695023536738404, ""gross_amount"": 0.2439967100291532, ""gross_amount_pct_nav"": 0.16695023536738404, ""fee"": 7.319901300874595e-05, ""fee_pct_nav"": 5.0085070610215204e-05, ""name"": ""中国神华""}, {""ts_code"": ""01398.HK"", ""side"": ""sell"", ""current_weight"": 0.1681774861768828, ""target_weight"": 0.0, ""post_trade_weight"": 0.0, ""diff_weight"": -0.1681774861768828, ""gross_amount"": 0.245790329302821, ""gross_amount_pct_nav"": 0.1681774861768828, ""fee"": 7.373709879084629e-05, ""fee_pct_nav"": 5.0453245853064835e-05, ""name"": ""工商银行""}, {""ts_code"": ""01816.HK"", ""side"": ""buy"", ""current_weight"": 0.16109110014346842, ""target_weight"": 0.17898696356984786, ""post_trade_weight"": 0.1790419161676645, ""diff_weight"": 0.017895863426379464, ""gross_amount"": 0.026154690884734738, ""gross_amount_pct_nav"": 0.017895863426379464, ""fee"": 7.846407265420421e-06, ""fee_pct_nav"": 5.368759027913839e-06, ""name"": ""中广核电力""}, {""ts_code"": ""02899.HK"", ""side"": ""buy"", ""current_weight"": 0.0, ""target_weight"": 0.17599387053356275, ""post_trade_weight"": 0.17604790419161656, ""diff_weight"": 0.17599387053356275, ""gross_amount"": 0.25721392546101984, ""gross_amount_pct_nav"": 0.17599387053356275, ""fee"": 7.716417763830594e-05, ""fee_pct_nav"": 5.2798161160068816e-05, ""name"": ""紫金矿业""}]"
2024-07-15,0.84411955,1.68823909,1.21871448,1.21543493,0.00073024,0.00036561,0.00036463,0.00000000,rebalance,"[{""ts_code"": ""00700.HK"", ""side"": ""buy"", ""current_weight"": 0.0, ""target_weight"": 0.147773912598375, ""post_trade_weight"": 0.14784879383237934, ""diff_weight"": 0.147773912598375, ""gross_amount"": 0.21306447905681675, ""gross_amount_pct_nav"": 0.147773912598375, ""fee"": 6.391934371704502e-05, ""fee_pct_nav"": 4.43321737795125e-05, ""name"": ""腾讯控股""}, {""ts_code"": ""00728.HK"", ""side"": ""sell"", ""current_weight"": 0.168198912680949, ""target_weight"": 0.15423669094582287, ""post_trade_weight"": 0.15431484705297122, ""diff_weight"": -0.013962221735126141, ""gross_amount"": 0.02013111413349103, ""gross_amount_pct_nav"": 0.013962221735126141, ""fee"": 6.039334240047308e-06, ""fee_pct_nav"": 4.188666520537842e-06, ""name"": ""中国电信""}, {""ts_code"": ""00857.HK"", ""side"": ""sell"", ""current_weight"": 0.15027310830280827, ""target_weight"": 0.0, ""post_trade_weight"": 0.0, ""diff_weight"": -0.15027310830280827, ""gross_amount"": 0.2166678879499231, ""gross_amount_pct_nav"": 0.15027310830280827, ""fee"": 6.500036638497692e-05, ""fee_pct_nav"": 4.508193249084247e-05, ""name"": ""中国石油股份""}, {""ts_code"": ""00883.HK"", ""side"": ""sell"", ""current_weight"": 0.15451358916794375, ""target_weight"": 0.0, ""post_trade_weight"": 0.0, ""diff_weight"": -0.15451358916794375, ""gross_amount"": 0.22278192953272968, ""gross_amount_pct_nav"": 0.15451358916794375, ""fee"": 6.68345788598189e-05, ""fee_pct_nav"": 4.635407675038312e-05, ""name"": ""中国海洋石油""}, {""ts_code"": ""00939.HK"", ""side"": ""buy"", ""current_weight"": 0.0, ""target_weight"": 0.16666511084476104, ""post_trade_weight"": 0.16674956478487865, ""diff_weight"": 0.16666511084476104, ""gross_amount"": 0.24030232667383622, ""gross_amount_pct_nav"": 0.16666511084476104, ""fee"": 7.209069800215087e-05, ""fee_pct_nav"": 4.999953325342832e-05, ""name"": ""建设银行""}, {""ts_code"": ""01288.HK"", ""side"": ""buy"", ""current_weight"": 0.0, ""target_weight"": 0.16915079482454867, ""post_trade_weight"": 0.16923650833126014, ""diff_weight"": 0.16915079482454867, ""gross_amount"": 0.2438862539918651, ""gross_amount_pct_nav"": 0.16915079482454867, ""fee"": 7.316587619755952e-05, ""fee_pct_nav"": 5.07452384473646e-05, ""name"": ""农业银行""}, {""ts_code"": ""01398.HK"", ""side"": ""buy"", ""current_weight"": 0.0, ""target_weight"": 0.1805849411315718, ""post_trade_weight"": 0.18067644864461496, ""diff_weight"": 0.1805849411315718, ""gross_amount"": 0.2603723196547979, ""gross_amount_pct_nav"": 0.1805849411315718, ""fee"": 7.811169589643936e-05, ""fee_pct_nav"": 5.4175482339471534e-05, ""name"": ""工商银行""}, {""ts_code"": ""01816.HK"", ""side"": ""sell"", ""current_weight"": 0.17439230901449415, ""target_weight"": 0.0, ""post_trade_weight"": 0.0, ""diff_weight"": -0.17439230901449415, ""gross_amount"": 0.25144361287011896, ""gross_amount_pct_nav"": 0.17439230901449415, ""fee"": 7.543308386103568e-05, ""fee_pct_nav"": 5.2317692704348235e-05, ""name"": ""中广核电力""}, {""ts_code"": ""02899.HK"", ""side"": ""sell"", ""current_weight"": 0.18002356425509058, ""target_weight"": 0.0, ""post_trade_weight"": 0.0, ""diff_weight"": -0.18002356425509058, ""gross_amount"": 0.2595629110816684, ""gross_amount_pct_nav"": 0.18002356425509058, ""fee"": 7.786887332450052e-05, ""fee_pct_nav"": 5.4007069276527175e-05, ""name"": ""紫金矿业""}, {""ts_code"": ""03988.HK"", ""side"": ""buy"", ""current_weight"": 0.0, ""target_weight"": 0.18108207792752937, ""post_trade_weight"": 0.18117383735389128, ""diff_weight"": 0.18108207792752937, ""gross_amount"": 0.2610891051184037, ""gross_amount_pct_nav"": 0.18108207792752937, ""fee"": 7.83267315355211e-05, ""fee_pct_nav"": 5.43246233782588e-05, ""name"": ""中国银行""}, {""ts_code"": ""03993.HK"", ""side"": ""sell"", ""current_weight"": 0.16981746148710525, ""target_weight"": 0.0, ""post_trade_weight"": 0.0, ""diff_weight"": -0.16981746148710525, ""gross_amount"": 0.2448474722655411, ""gross_amount_pct_nav"": 0.16981746148710525, ""fee"": 7.345424167966232e-05, ""fee_pct_nav"": 5.094523844613157e-05, ""name"": ""洛阳钼业""}]"
2024-07-22,0.51480800,1.02961600,0.71794801,0.71837890,0.00043090,0.00021538,0.00021551,0.00000000,rebalance,"[{""ts_code"": ""00700.HK"", ""side"": ""sell"", ""current_weight"": 0.14607887258914376, ""target_weight"": 0.0, ""post_trade_weight"": 0.0, ""diff_weight"": -0.14607887258914376, ""gross_amount"": 0.2037818133880164, ""gross_amount_pct_nav"": 0.14607887258914376, ""fee"": 6.113454401640491e-05, ""fee_pct_nav"": 4.382366177674312e-05, ""name"": ""腾讯控股""}, {""ts_code"": ""00728.HK"", ""side"": ""sell"", ""current_weight"": 0.15714465038837824, ""target_weight"": 0.0, ""post_trade_weight"": 0.0, ""diff_weight"": -0.15714465038837824, ""gross_amount"": 0.21921870872071245, ""gross_amount_pct_nav"": 0.15714465038837824, ""fee"": 6.576561261621373e-05, ""fee_pct_nav"": 4.714339511651347e-05, ""name"": ""中国电信""}, {""ts_code"": ""00762.HK"", ""side"": ""buy"", ""current_weight"": 0.0, ""target_weight"": 0.17678939008220854, ""post_trade_weight"": 0.17684401451028242, ""diff_weight"": 0.17678939008220854, ""gross_amount"": 0.24662336079249872, ""gross_amount_pct_nav"": 0.17678939008220854, ""fee"": 7.398700823774962e-05, ""fee_pct_nav"": 5.303681702466256e-05, ""name"": ""中国联通""}, {""ts_code"": ""00883.HK"", ""side"": ""buy"", ""current_weight"": 0.0, ""target_weight"": 0.16711885934266896, ""post_trade_weight"": 0.16717049576783966, ""diff_weight"": 0.16711885934266896, ""gross_amount"": 0.23313285216795182, ""gross_amount_pct_nav"": 0.16711885934266896, ""fee"": 6.993985565038554e-05, ""fee_pct_nav"": 5.013565780280068e-05, ""name"": ""中国海洋石油""}, {""ts_code"": ""00939.HK"", ""side"": ""sell"", ""current_weight"": 0.16612803668857504, ""target_weight"": 0.0, ""post_trade_weight"": 0.0, ""diff_weight"": -0.16612803668857504, ""gross_amount"": 0.23175064245056803, ""gross_amount_pct_nav"": 0.16612803668857504, ""fee"": 6.95251927351704e-05, ""fee_pct_nav"": 4.9838411006572505e-05, ""name"": ""建设银行""}, {""ts_code"": ""01288.HK"", ""side"": ""sell"", ""current_weight"": 0.17031888254311892, ""target_weight"": 0.159261553116793, ""post_trade_weight"": 0.15931076178960485, ""diff_weight"": -0.01105732942632595, ""gross_amount"": 0.015425109749189259, ""gross_amount_pct_nav"": 0.01105732942632595, ""fee"": 4.627532924756777e-06, ""fee_pct_nav"": 3.3171988278977845e-06, ""name"": ""农业银行""}, {""ts_code"": ""01398.HK"", ""side"": ""sell"", ""current_weight"": 0.1795149225694449, ""target_weight"": 0.16047036945923546, ""post_trade_weight"": 0.16051995163241023, ""diff_weight"": -0.01904455311020945, ""gross_amount"": 0.026567384449072556, ""gross_amount_pct_nav"": 0.01904455311020945, ""fee"": 7.970215334721766e-06, ""fee_pct_nav"": 5.713365933062834e-06, ""name"": ""工商银行""}, {""ts_code"": ""03988.HK"", ""side"": ""sell"", ""current_weight"": 0.18081463522133442, ""target_weight"": 0.16530563482900526, ""post_trade_weight"": 0.1653567110036316, ""diff_weight"": -0.015509000392329162, ""gross_amount"": 0.0216352451779476, ""gross_amount_pct_nav"": 0.015509000392329162, ""fee"": 6.490573553384279e-06, ""fee_pct_nav"": 4.652700117698748e-06, ""name"": ""中国银行""}, {""ts_code"": ""09992.HK"", ""side"": ""buy"", ""current_weight"": 0.0, ""target_weight"": 0.17074530836999627, ""post_trade_weight"": 0.17079806529625569, ""diff_weight"": 0.17074530836999627, ""gross_amount"": 0.2381917929021569, ""gross_amount_pct_nav"": 0.17074530836999627, ""fee"": 7.145753787064706e-05, ""fee_pct_nav"": 5.122359251099888e-05, ""name"": ""泡泡玛特""}]"
2024-07-29,0.33499160,0.66998320,0.46631164,0.46362605,0.00027898,0.00013989,0.00013909,0.00000000,rebalance,"[{""ts_code"": ""00762.HK"", ""side"": ""buy"", ""current_weight"": 0.16554557256491922, ""target_weight"": 0.17905783108465348, ""post_trade_weight"": 0.1790938280413841, ""diff_weight"": 0.013512258519734241, ""gross_amount"": 0.01875503507552828, ""gross_amount_pct_nav"": 0.013512258519734241, ""fee"": 5.6265105226584835e-06, ""fee_pct_nav"": 4.0536775559202715e-06, ""name"": ""中国联通""}, {""ts_code"": ""02328.HK"", ""side"": ""buy"", ""current_weight"": 0.0, ""target_weight"": 0.15908325231823794, ""post_trade_weight"": 0.15911523367820182, ""diff_weight"": 0.15908325231823794, ""gross_amount"": 0.22080779262772351, ""gross_amount_pct_nav"": 0.15908325231823794, ""fee"": 6.624233778831705e-05, ""fee_pct_nav"": 4.772497569547138e-05, ""name"": ""中国财险""}, {""ts_code"": ""03808.HK"", ""side"": ""buy"", ""current_weight"": 0.0, ""target_weight"": 0.16336351919675557, ""post_trade_weight"": 0.16339636104174088, ""diff_weight"": 0.16336351919675557, ""gross_amount"": 0.22674880946972503, ""gross_amount_pct_nav"": 0.16336351919675557, ""fee"": 6.80246428409175e-05, ""fee_pct_nav"": 4.900905575902666e-05, ""name"": ""中国重汽""}, {""ts_code"": ""03988.HK"", ""side"": ""sell"", ""current_weight"": 0.16711216797306913, ""target_weight"": 0.0, ""post_trade_weight"": 0.0, ""diff_weight"": -0.16711216797306913, ""gross_amount"": 0.23195193958915825, ""gross_amount_pct_nav"": 0.16711216797306913, ""fee"": 6.958558187674747e-05, ""fee_pct_nav"": 5.013365039192074e-05, ""name"": ""中国银行""}, {""ts_code"": ""09992.HK"", ""side"": ""sell"", ""current_weight"": 0.16691200063700795, ""target_weight"": 0.0, ""post_trade_weight"": 0.0, ""diff_weight"": -0.16691200063700795, ""gross_amount"": 0.2316741070267247, ""gross_amount_pct_nav"": 0.16691200063700795, ""fee"": 6.95022321080174e-05, ""fee_pct_nav"": 5.0073600191102384e-05, ""name"": ""泡泡玛特""}]"
2024-08-05,0.51915470,1.03830940,0.71006988,0.69243148,0.00042075,0.00021302,0.00020773,0.00000000,rebalance,"[{""ts_code"": ""00762.HK"", ""side"": ""sell"", ""current_weight"": 0.17779018755269607, ""target_weight"": 0.0, ""post_trade_weight"": 0.0, ""diff_weight"": -0.17779018755269607, ""gross_amount"": 0.24015094203778858, ""gross_amount_pct_nav"": 0.17779018755269607, ""fee"": 7.204528261133657e-05, ""fee_pct_nav"": 5.333705626580882e-05, ""name"": ""中国联通""}, {""ts_code"": ""01038.HK"", ""side"": ""buy"", ""current_weight"": 0.0, ""target_weight"": 0.1630576472002578, ""post_trade_weight"": 0.1631084543125529, ""diff_weight"": 0.1630576472002578, ""gross_amount"": 0.22025089303649525, ""gross_amount_pct_nav"": 0.1630576472002578, ""fee"": 6.607526791094857e-05, ""fee_pct_nav"": 4.891729416007734e-05, ""name"": ""长江基建集团""}, {""ts_code"": ""01114.HK"", ""side"": ""buy"", ""current_weight"": 0.0, ""target_weight"": 0.1536668926494576, ""post_trade_weight"": 0.15371477369769382, ""diff_weight"": 0.1536668926494576, ""gross_amount"": 0.20756628663125204, ""gross_amount_pct_nav"": 0.1536668926494576, ""fee"": 6.226988598937561e-05, ""fee_pct_nav"": 4.610006779483728e-05, ""name"": ""BRILLIANCE CHI""}, {""ts_code"": ""01288.HK"", ""side"": ""buy"", ""current_weight"": 0.16496352046653048, ""target_weight"": 0.2065966001176041, ""post_trade_weight"": 0.2066609735268995, ""diff_weight"": 0.04163307965107365, ""gross_amount"": 0.056236080493341084, ""gross_amount_pct_nav"": 0.04163307965107365, ""fee"": 1.6870824148002325e-05, ""fee_pct_nav"": 1.2489923895322096e-05, ""name"": ""农业银行""}, {""ts_code"": ""02328.HK"", ""side"": ""sell"", ""current_weight"": 0.16346993491369477, ""target_weight"": 0.0, ""post_trade_weight"": 0.0, ""diff_weight"": -0.16346993491369477, ""gross_amount"": 0.22080779262772351, ""gross_amount_pct_nav"": 0.16346993491369477, ""fee"": 6.624233778831705e-05, ""fee_pct_nav"": 4.904098047410842e-05, ""name"": ""中国财险""}, {""ts_code"": ""03618.HK"", ""side"": ""buy"", ""current_weight"": 0.0, ""target_weight"": 0.16732617199607605, ""post_trade_weight"": 0.16737830913748883, ""diff_weight"": 0.16732617199607605, ""gross_amount"": 0.22601662322069668, ""gross_amount_pct_nav"": 0.16732617199607605, ""fee"": 6.7804986966209e-05, ""fee_pct_nav"": 5.019785159882281e-05, ""name"": ""重庆农村商业银行""}, {""ts_code"": ""03808.HK"", ""side"": ""sell"", ""current_weight"": 0.17136548390009052, ""target_weight"": 0.0, ""post_trade_weight"": 0.0, ""diff_weight"": -0.17136548390009052, ""gross_amount"": 0.23147274300034432, ""gross_amount_pct_nav"": 0.17136548390009052, ""fee"": 6.944182290010328e-05, ""fee_pct_nav"": 5.1409645170027146e-05, ""name"": ""中国重汽""}]"
2024-08-12,0.68545973,1.37091945,0.94227746,0.97653772,0.00057564,0.00028268,0.00029296,0.00000000,rebalance,"[{""ts_code"": ""00002.HK"", ""side"": ""buy"", ""current_weight"": 0.0, ""target_weight"": 0.16178718288175653, ""post_trade_weight"": 0.16185374941779201, ""diff_weight"": 0.16178718288175653, ""gross_amount"": 0.22644634785469114, ""gross_amount_pct_nav"": 0.16178718288175653, ""fee"": 6.793390435640734e-05, ""fee_pct_nav"": 4.853615486452695e-05, ""name"": ""中电控股""}, {""ts_code"": ""00006.HK"", ""side"": ""buy"", ""current_weight"": 0.0, ""target_weight"": 0.18599706348564524, ""post_trade_weight"": 0.1860735910572889, ""diff_weight"": 0.18599706348564524, ""gross_amount"": 0.26033184451208374, ""gross_amount_pct_nav"": 0.18599706348564524, ""fee"": 7.809955335362511e-05, ""fee_pct_nav"": 5.579911904569356e-05, ""name"": ""电能实业""}, {""ts_code"": ""00883.HK"", ""side"": ""sell"", ""current_weight"": 0.16078151074336725, ""target_weight"": 0.0, ""post_trade_weight"": 0.0, ""diff_weight"": -0.16078151074336725, ""gross_amount"": 0.22503875314402788, ""gross_amount_pct_nav"": 0.16078151074336725, ""fee"": 6.751162594320836e-05, ""fee_pct_nav"": 4.823445322301017e-05, ""name"": ""中国海洋石油""}, {""ts_code"": ""01114.HK"", ""side"": ""sell"", ""current_weight"": 0.1550050567999878, ""target_weight"": 0.0, ""post_trade_weight"": 0.0, ""diff_weight"": -0.1550050567999878, ""gross_amount"": 0.21695370662965036, ""gross_amount_pct_nav"": 0.1550050567999878, ""fee"": 6.50861119888951e-05, ""fee_pct_nav"": 4.6501517039996335e-05, ""name"": ""BRILLIANCE CHI""}, {""ts_code"": ""01288.HK"", ""side"": ""sell"", ""current_weight"": 0.20522544516240324, ""target_weight"": 0.0, ""post_trade_weight"": 0.0, ""diff_weight"": -0.20522544516240324, ""gross_amount"": 0.28724495795099075, ""gross_amount_pct_nav"": 0.20522544516240324, ""fee"": 8.617348738529722e-05, ""fee_pct_nav"": 6.156763354872096e-05, ""name"": ""农业银行""}, {""ts_code"": ""01398.HK"", ""side"": ""sell"", ""current_weight"": 0.1674117375244498, ""target_weight"": 0.14968224257981216, ""post_trade_weight"": 0.14974382859804355, ""diff_weight"": -0.017729494944637648, ""gross_amount"": 0.024815188125598547, ""gross_amount_pct_nav"": 0.017729494944637648, ""fee"": 7.444556437679564e-06, ""fee_pct_nav"": 5.318848483391294e-06, ""name"": ""工商银行""}, {""ts_code"": ""01800.HK"", ""side"": ""buy"", ""current_weight"": 0.0, ""target_weight"": 0.16085603362776082, ""post_trade_weight"": 0.16092221704704215, ""diff_weight"": 0.16085603362776082, ""gross_amount"": 0.22514305952171454, ""gross_amount_pct_nav"": 0.16085603362776082, ""fee"": 6.754291785651436e-05, ""fee_pct_nav"": 4.8256810088328246e-05, ""name"": ""中国交通建设""}, {""ts_code"": ""03311.HK"", ""side"": ""buy"", ""current_weight"": 0.0, ""target_weight"": 0.16458063064374368, ""post_trade_weight"": 0.16464834653004162, ""diff_weight"": 0.16458063064374368, ""gross_amount"": 0.23035621285362104, ""gross_amount_pct_nav"": 0.16458063064374368, ""fee"": 6.91068638560863e-05, ""fee_pct_nav"": 4.937418919312309e-05, ""name"": ""中国建筑国际""}, {""ts_code"": ""03618.HK"", ""side"": ""sell"", ""current_weight"": 0.15895703368384567, ""target_weight"": 0.0, ""post_trade_weight"": 0.0, ""diff_weight"": -0.15895703368384567, ""gross_amount"": 0.22248511348287328, ""gross_amount_pct_nav"": 0.15895703368384567, ""fee"": 6.674553404486197e-05, ""fee_pct_nav"": 4.768711010515369e-05, ""name"": ""重庆农村商业银行""}]"
2024-08-19,0.84003108,1.68006217,1.19526319,1.18331588,0.00071357,0.00035858,0.00035499,0.00000000,rebalance,"[{""ts_code"": ""00002.HK"", ""side"": ""sell"", ""current_weight"": 0.15982998557998104, ""target_weight"": 0.0, ""post_trade_weight"": 0.0, ""diff_weight"": -0.15982998557998104, ""gross_amount"": 0.22628225629827473, ""gross_amount_pct_nav"": 0.15982998557998104, ""fee"": 6.788467688948242e-05, ""fee_pct_nav"": 4.7948995673994305e-05, ""name"": ""中电控股""}, {""ts_code"": ""00006.HK"", ""side"": ""sell"", ""current_weight"": 0.18251563429186993, ""target_weight"": 0.0, ""post_trade_weight"": 0.0, ""diff_weight"": -0.18251563429186993, ""gross_amount"": 0.25839988277173437, ""gross_amount_pct_nav"": 0.18251563429186993, ""fee"": 7.75199648315203e-05, ""fee_pct_nav"": 5.4754690287560976e-05, ""name"": ""电能实业""}, {""ts_code"": ""00939.HK"", ""side"": ""buy"", ""current_weight"": 0.0, ""target_weight"": 0.16582443568597074, ""post_trade_weight"": 0.16590805644059858, ""diff_weight"": 0.16582443568597074, ""gross_amount"": 0.2347690098340936, ""gross_amount_pct_nav"": 0.16582443568597074, ""fee"": 7.043070295022807e-05, ""fee_pct_nav"": 4.974733070579122e-05, ""name"": ""建设银行""}, {""ts_code"": ""01038.HK"", ""side"": ""sell"", ""current_weight"": 0.16901969480247736, ""target_weight"": 0.0, ""post_trade_weight"": 0.0, ""diff_weight"": -0.16901969480247736, ""gross_amount"": 0.23929275698777733, ""gross_amount_pct_nav"": 0.16901969480247736, ""fee"": 7.178782709633319e-05, ""fee_pct_nav"": 5.0705908440743206e-05, ""name"": ""长江基建集团""}, {""ts_code"": ""01288.HK"", ""side"": ""buy"", ""current_weight"": 0.0, ""target_weight"": 0.17492317015433675, ""post_trade_weight"": 0.17501137915338863, ""diff_weight"": 0.17492317015433675, ""gross_amount"": 0.24765071133390668, ""gross_amount_pct_nav"": 0.17492317015433675, ""fee"": 7.4295213400172e-05, ""fee_pct_nav"": 5.247695104630102e-05, ""name"": ""农业银行""}, {""ts_code"": ""01398.HK"", ""side"": ""buy"", ""current_weight"": 0.15524552586284998, ""target_weight"": 0.190391018750559, ""post_trade_weight"": 0.1904870277651317, ""diff_weight"": 0.035145492887709025, ""gross_amount"": 0.04975788116658547, ""gross_amount_pct_nav"": 0.035145492887709025, ""fee"": 1.492736434997564e-05, ""fee_pct_nav"": 1.0543647866312707e-05, ""name"": ""工商银行""}, {""ts_code"": ""01800.HK"", ""side"": ""sell"", ""current_weight"": 0.16202581456957527, ""target_weight"": 0.0, ""post_trade_weight"": 0.0, ""diff_weight"": -0.16202581456957527, ""gross_amount"": 0.22939104177684125, ""gross_amount_pct_nav"": 0.16202581456957527, ""fee"": 6.881731253305236e-05, ""fee_pct_nav"": 4.860774437087257e-05, ""name"": ""中国交通建设""}, {""ts_code"": ""01810.HK"", ""side"": ""buy"", ""current_weight"": 0.0, ""target_weight"": 0.13579861194036286, ""post_trade_weight"": 0.13586709148839143, ""diff_weight"": 0.13579861194036286, ""gross_amount"": 0.1922593948847104, ""gross_amount_pct_nav"": 0.13579861194036286, ""fee"": 5.767781846541311e-05, ""fee_pct_nav"": 4.073958358210886e-05, ""name"": ""小米集团-W""}, {""ts_code"": ""03311.HK"", ""side"": ""sell"", ""current_weight"": 0.16242058186589678, ""target_weight"": 0.0, ""post_trade_weight"": 0.0, ""diff_weight"": -0.16242058186589678, ""gross_amount"": 0.22994994087327958, ""gross_amount_pct_nav"": 0.16242058186589678, ""fee"": 6.898498226198387e-05, ""fee_pct_nav"": 4.872617455976903e-05, ""name"": ""中国建筑国际""}, {""ts_code"": ""03328.HK"", ""side"": ""buy"", ""current_weight"": 0.0, ""target_weight"": 0.16491456223913414, ""post_trade_weight"": 0.1649977241693196, ""diff_weight"": 0.16491456223913414, ""gross_amount"": 0.2334808396841123, ""gross_amount_pct_nav"": 0.16491456223913414, ""fee"": 7.004425190523367e-05, ""fee_pct_nav"": 4.947436867174023e-05, ""name"": ""交通银行""}, {""ts_code"": ""03988.HK"", ""side"": ""buy"", ""current_weight"": 0.0, ""target_weight"": 0.16764418257964392, ""post_trade_weight"": 0.16772872098315658, ""diff_weight"": 0.16764418257964392, ""gross_amount"": 0.2373453501340562, ""gross_amount_pct_nav"": 0.16764418257964392, ""fee"": 7.120360504021685e-05, ""fee_pct_nav"": 5.029325477389317e-05, ""name"": ""中国银行""}]"
2024-08-26,0.31214482,0.62428963,0.44457119,0.45259304,0.00026915,0.00013337,0.00013578,0.00000000,rebalance,"[{""ts_code"": ""00386.HK"", ""side"": ""buy"", ""current_weight"": 0.0, ""target_weight"": 0.15839729499841607, ""post_trade_weight"": 0.15842696629213474, ""diff_weight"": 0.15839729499841607, ""gross_amount"": 0.2276321446721988, ""gross_amount_pct_nav"": 0.15839729499841607, ""fee"": 6.828964340165964e-05, ""fee_pct_nav"": 4.751918849952482e-05, ""name"": ""中国石油化工股份""}, {""ts_code"": ""00939.HK"", ""side"": ""buy"", ""current_weight"": 0.1650891363289819, ""target_weight"": 0.17637145613298813, ""post_trade_weight"": 0.17640449438202238, ""diff_weight"": 0.011282319804006244, ""gross_amount"": 0.016213778485858893, ""gross_amount_pct_nav"": 0.011282319804006244, ""fee"": 4.864133545757667e-06, ""fee_pct_nav"": 3.3846959412018725e-06, ""name"": ""建设银行""}, {""ts_code"": ""00998.HK"", ""side"": ""buy"", ""current_weight"": 0.0, ""target_weight"": 0.1396742104832369, ""post_trade_weight"": 0.13970037453183515, ""diff_weight"": 0.1396742104832369, ""gross_amount"": 0.20072527177950394, ""gross_amount_pct_nav"": 0.1396742104832369, ""fee"": 6.021758153385118e-05, ""fee_pct_nav"": 4.1902263144971064e-05, ""name"": ""中信银行""}, {""ts_code"": ""01288.HK"", ""side"": ""sell"", ""current_weight"": 0.1728005940328519, ""target_weight"": 0.0, ""post_trade_weight"": 0.0, ""diff_weight"": -0.1728005940328519, ""gross_amount"": 0.24833107043097785, ""gross_amount_pct_nav"": 0.1728005940328519, ""fee"": 7.449932112929334e-05, ""fee_pct_nav"": 5.184017820985556e-05, ""name"": ""农业银行""}, {""ts_code"": ""01810.HK"", ""side"": ""sell"", ""current_weight"": 0.14213521211435998, ""target_weight"": 0.0, ""post_trade_weight"": 0.0, ""diff_weight"": -0.14213521211435998, ""gross_amount"": 0.20426196777762645, ""gross_amount_pct_nav"": 0.14213521211435998, ""fee"": 6.127859033328793e-05, ""fee_pct_nav"": 4.264056363430799e-05, ""name"": ""小米集团-W""}]"
2024-09-02,0.99686479,1.99372958,1.36594554,1.35901033,0.00081749,0.00040978,0.00040770,0.00000000,rebalance,"[{""ts_code"": ""00386.HK"", ""side"": ""sell"", ""current_weight"": 0.17138988531940086, ""target_weight"": 0.0, ""post_trade_weight"": 0.0, ""diff_weight"": -0.17138988531940086, ""gross_amount"": 0.2342493581801115, ""gross_amount_pct_nav"": 0.17138988531940086, ""fee"": 7.027480745403344e-05, ""fee_pct_nav"": 5.141696559582025e-05, ""name"": ""中国石油化工股份""}, {""ts_code"": ""00700.HK"", ""side"": ""buy"", ""current_weight"": 0.0, ""target_weight"": 0.17436871228086073, ""post_trade_weight"": 0.17447306791568806, ""diff_weight"": 0.17436871228086073, ""gross_amount"": 0.2383207087300649, ""gross_amount_pct_nav"": 0.17436871228086073, ""fee"": 7.149621261901946e-05, ""fee_pct_nav"": 5.2310613684258215e-05, ""name"": ""腾讯控股""}, {""ts_code"": ""00883.HK"", ""side"": ""buy"", ""current_weight"": 0.0, ""target_weight"": 0.1797184714304174, ""post_trade_weight"": 0.17982602877216175, ""diff_weight"": 0.1797184714304174, ""gross_amount"": 0.2456325617304121, ""gross_amount_pct_nav"": 0.1797184714304174, ""fee"": 7.368976851912362e-05, ""fee_pct_nav"": 5.391554142912521e-05, ""name"": ""中国海洋石油""}, {""ts_code"": ""00939.HK"", ""side"": ""sell"", ""current_weight"": 0.17543201257372784, ""target_weight"": 0.0, ""post_trade_weight"": 0.0, ""diff_weight"": -0.17543201257372784, ""gross_amount"": 0.2397739882552403, ""gross_amount_pct_nav"": 0.17543201257372784, ""fee"": 7.193219647657209e-05, ""fee_pct_nav"": 5.2629603772118355e-05, ""name"": ""建设银行""}, {""ts_code"": ""00941.HK"", ""side"": ""buy"", ""current_weight"": 0.0, ""target_weight"": 0.18105591121780648, ""post_trade_weight"": 0.1811642689862801, ""diff_weight"": 0.18105591121780648, ""gross_amount"": 0.2474605249804988, ""gross_amount_pct_nav"": 0.18105591121780648, ""fee"": 7.423815749414964e-05, ""fee_pct_nav"": 5.431677336534195e-05, ""name"": ""中国移动""}, {""ts_code"": ""00998.HK"", ""side"": ""sell"", ""current_weight"": 0.13551881119206266, ""target_weight"": 0.0, ""post_trade_weight"": 0.0, ""diff_weight"": -0.13551881119206266, ""gross_amount"": 0.18522210038189998, ""gross_amount_pct_nav"": 0.13551881119206266, ""fee"": 5.556663011456999e-05, ""fee_pct_nav"": 4.0655643357618796e-05, ""name"": ""中信银行""}, {""ts_code"": ""01378.HK"", ""side"": ""buy"", ""current_weight"": 0.0, ""target_weight"": 0.16032559451327463, ""post_trade_weight"": 0.1604215456674447, ""diff_weight"": 0.16032559451327463, ""gross_amount"": 0.2191270946041536, ""gross_amount_pct_nav"": 0.16032559451327463, ""fee"": 6.573812838124608e-05, ""fee_pct_nav"": 4.8097678353982385e-05, ""name"": ""中国宏桥""}, {""ts_code"": ""01398.HK"", ""side"": ""sell"", ""current_weight"": 0.18337032534295472, ""target_weight"": 0.0, ""post_trade_weight"": 0.0, ""diff_weight"": -0.18337032534295472, ""gross_amount"": 0.250623780632188, ""gross_amount_pct_nav"": 0.18337032534295472, ""fee"": 7.518713418965639e-05, ""fee_pct_nav"": 5.5011097602886404e-05, ""name"": ""工商银行""}, {""ts_code"": ""01810.HK"", ""side"": ""buy"", ""current_weight"": 0.0, ""target_weight"": 0.14895735632046683, ""post_trade_weight"": 0.14904650384743823, ""diff_weight"": 0.14895735632046683, ""gross_amount"": 0.20358940697841593, ""gross_amount_pct_nav"": 0.14895735632046683, ""fee"": 6.107682209352477e-05, ""fee_pct_nav"": 4.468720689614005e-05, ""name"": ""小米集团-W""}, {""ts_code"": ""02018.HK"", ""side"": ""buy"", ""current_weight"": 0.0, ""target_weight"": 0.154975835363718, ""post_trade_weight"": 0.15506858481097105, ""diff_weight"": 0.154975835363718, ""gross_amount"": 0.21181524160380644, ""gross_amount_pct_nav"": 0.154975835363718, ""fee"": 6.354457248114192e-05, ""fee_pct_nav"": 4.649275060911539e-05, ""name"": ""瑞声科技""}, {""ts_code"": ""03328.HK"", ""side"": ""sell"", ""current_weight"": 0.15740742327883814, ""target_weight"": 0.0, ""post_trade_weight"": 0.0, ""diff_weight"": -0.15740742327883814, ""gross_amount"": 0.21513864605917385, ""gross_amount_pct_nav"": 0.15740742327883814, ""fee"": 6.454159381775215e-05, ""fee_pct_nav"": 4.7222226983651435e-05, ""name"": ""交通银行""}, {""ts_code"": ""03988.HK"", ""side"": ""sell"", ""current_weight"": 0.17120923929892895, ""target_weight"": 0.0, ""post_trade_weight"": 0.0, ""diff_weight"": -0.17120923929892895, ""gross_amount"": 0.23400245787864696, ""gross_amount_pct_nav"": 0.17120923929892895, ""fee"": 7.020073736359408e-05, ""fee_pct_nav"": 5.1362771789678676e-05, ""name"": ""中国银行""}]"
2024-09-09,0.99970009,1.99940018,1.29649550,1.29727363,0.00077813,0.00038895,0.00038918,0.00000000,rebalance,"[{""ts_code"": ""00144.HK"", ""side"": ""buy"", ""current_weight"": 0.0, ""target_weight"": 0.16994259241481433, ""post_trade_weight"": 0.1700445885691095, ""diff_weight"": 0.16994259241481433, ""gross_amount"": 0.22046204355867585, ""gross_amount_pct_nav"": 0.16994259241481433, ""fee"": 6.613861306760276e-05, ""fee_pct_nav"": 5.09827777244443e-05, ""name"": ""招商局港口""}, {""ts_code"": ""00288.HK"", ""side"": ""buy"", ""current_weight"": 0.0, ""target_weight"": 0.1691323774330989, ""post_trade_weight"": 0.1692338873125226, ""diff_weight"": 0.1691323774330989, ""gross_amount"": 0.21941097302919468, ""gross_amount_pct_nav"": 0.1691323774330989, ""fee"": 6.58232919087584e-05, ""fee_pct_nav"": 5.073971322992967e-05, ""name"": ""万洲国际""}, {""ts_code"": ""00700.HK"", ""side"": ""sell"", ""current_weight"": 0.1804995842475595, ""target_weight"": 0.0, ""post_trade_weight"": 0.0, ""diff_weight"": -0.1804995842475595, ""gross_amount"": 0.2341573506633141, ""gross_amount_pct_nav"": 0.1804995842475595, ""fee"": 7.024720519899422e-05, ""fee_pct_nav"": 5.414987527426784e-05, ""name"": ""腾讯控股""}, {""ts_code"": ""00788.HK"", ""side"": ""buy"", ""current_weight"": 0.0, ""target_weight"": 0.16508130252452166, ""post_trade_weight"": 0.1651803810295879, ""diff_weight"": 0.16508130252452166, ""gross_amount"": 0.2141556203817888, ""gross_amount_pct_nav"": 0.16508130252452166, ""fee"": 6.424668611453664e-05, ""fee_pct_nav"": 4.9524390757356494e-05, ""name"": ""中国铁塔""}, {""ts_code"": ""00883.HK"", ""side"": ""sell"", ""current_weight"": 0.17081356091778216, ""target_weight"": 0.0, ""post_trade_weight"": 0.0, ""diff_weight"": -0.17081356091778216, ""gross_amount"": 0.2215919280291377, ""gross_amount_pct_nav"": 0.17081356091778216, ""fee"": 6.647757840874131e-05, ""fee_pct_nav"": 5.124406827533464e-05, ""name"": ""中国海洋石油""}, {""ts_code"": ""00941.HK"", ""side"": ""sell"", ""current_weight"": 0.18529303319501667, ""target_weight"": 0.0, ""post_trade_weight"": 0.0, ""diff_weight"": -0.18529303319501667, ""gross_amount"": 0.24037576557410414, ""gross_amount_pct_nav"": 0.18529303319501667, ""fee"": 7.211272967223124e-05, ""fee_pct_nav"": 5.5587909958505e-05, ""name"": ""中国移动""}, {""ts_code"": ""01038.HK"", ""side"": ""buy"", ""current_weight"": 0.0, ""target_weight"": 0.1464463579450665, ""post_trade_weight"": 0.14653425212808846, ""diff_weight"": 0.1464463579450665, ""gross_amount"": 0.1899809982037219, ""gross_amount_pct_nav"": 0.1464463579450665, ""fee"": 5.6994299461116566e-05, ""fee_pct_nav"": 4.3933907383519946e-05, ""name"": ""长江基建集团""}, {""ts_code"": ""01339.HK"", ""side"": ""buy"", ""current_weight"": 0.0, ""target_weight"": 0.1756140972868225, ""post_trade_weight"": 0.1757194973652181, ""diff_weight"": 0.1756140972868225, ""gross_amount"": 0.22781953726504414, ""gross_amount_pct_nav"": 0.1756140972868225, ""fee"": 6.834586117951324e-05, ""fee_pct_nav"": 5.268422918604675e-05, ""name"": ""中国人民保险集团""}, {""ts_code"": ""01378.HK"", ""side"": ""sell"", ""current_weight"": 0.15758792928678234, ""target_weight"": 0.0, ""post_trade_weight"": 0.0, ""diff_weight"": -0.15758792928678234, ""gross_amount"": 0.20443466488931575, ""gross_amount_pct_nav"": 0.15758792928678234, ""fee"": 6.133039946679472e-05, ""fee_pct_nav"": 4.72763787860347e-05, ""name"": ""中国宏桥""}, {""ts_code"": ""01810.HK"", ""side"": ""sell"", ""current_weight"": 0.15331348927696836, ""target_weight"": 0.0, ""post_trade_weight"": 0.0, ""diff_weight"": -0.15331348927696836, ""gross_amount"": 0.19888954658646932, ""gross_amount_pct_nav"": 0.15331348927696836, ""fee"": 5.966686397594079e-05, ""fee_pct_nav"": 4.5994046783090504e-05, ""name"": ""小米集团-W""}, {""ts_code"": ""02018.HK"", ""side"": ""sell"", ""current_weight"": 0.1524924030758742, ""target_weight"": 0.0, ""post_trade_weight"": 0.0, ""diff_weight"": -0.1524924030758742, ""gross_amount"": 0.19782437311077467, ""gross_amount_pct_nav"": 0.1524924030758742, ""fee"": 5.93473119332324e-05, ""fee_pct_nav"": 4.574772092276226e-05, ""name"": ""瑞声科技""}, {""ts_code"": ""09992.HK"", ""side"": ""buy"", ""current_weight"": 0.0, ""target_weight"": 0.17318345234167615, ""post_trade_weight"": 0.1732873935954573, ""diff_weight"": 0.17318345234167615, ""gross_amount"": 0.2246663256766006, ""gross_amount_pct_nav"": 0.17318345234167615, ""fee"": 6.739989770298017e-05, ""fee_pct_nav"": 5.195503570250284e-05, ""name"": ""泡泡玛特""}]"
2024-09-16,0.50861051,1.01722101,0.66974691,0.66224627,0.00039960,0.00020092,0.00019867,0.00000000,rebalance,"[{""ts_code"": ""00002.HK"", ""side"": ""buy"", ""current_weight"": 0.0, ""target_weight"": 0.18208578003970352, ""post_trade_weight"": 0.18214136344625628, ""diff_weight"": 0.18208578003970352, ""gross_amount"": 0.2384309947586268, ""gross_amount_pct_nav"": 0.18208578003970352, ""fee"": 7.152929842758803e-05, ""fee_pct_nav"": 5.462573401191105e-05, ""name"": ""中电控股""}, {""ts_code"": ""00144.HK"", ""side"": ""sell"", ""current_weight"": 0.16864567982615034, ""target_weight"": 0.0, ""post_trade_weight"": 0.0, ""diff_weight"": -0.16864567982615034, ""gross_amount"": 0.22083194631632463, ""gross_amount_pct_nav"": 0.16864567982615034, ""fee"": 6.624958389489738e-05, ""fee_pct_nav"": 5.059370394784509e-05, ""name"": ""招商局港口""}, {""ts_code"": ""00288.HK"", ""side"": ""buy"", ""current_weight"": 0.1725491727497219, ""target_weight"": 0.18292199487341063, ""post_trade_weight"": 0.18297783354245042, ""diff_weight"": 0.010372822123688714, ""gross_amount"": 0.013582621865727867, ""gross_amount_pct_nav"": 0.010372822123688714, ""fee"": 4.07478655971836e-06, ""fee_pct_nav"": 3.111846637106614e-06, ""name"": ""万洲国际""}, {""ts_code"": ""00788.HK"", ""side"": ""sell"", ""current_weight"": 0.16020938536423063, ""target_weight"": 0.0, ""post_trade_weight"": 0.0, ""diff_weight"": -0.16020938536423063, ""gross_amount"": 0.20978509751685434, ""gross_amount_pct_nav"": 0.16020938536423063, ""fee"": 6.293552925505629e-05, ""fee_pct_nav"": 4.806281560926918e-05, ""name"": ""中国铁塔""}, {""ts_code"": ""01339.HK"", ""side"": ""sell"", ""current_weight"": 0.17689138443775587, ""target_weight"": 0.0, ""post_trade_weight"": 0.0, ""diff_weight"": -0.17689138443775587, ""gross_amount"": 0.2316292285236569, ""gross_amount_pct_nav"": 0.17689138443775587, ""fee"": 6.948876855709706e-05, ""fee_pct_nav"": 5.306741533132676e-05, ""name"": ""中国人民保险集团""}, {""ts_code"": ""03606.HK"", ""side"": ""buy"", ""current_weight"": 0.0, ""target_weight"": 0.17372363170263339, ""post_trade_weight"": 0.17377666248431575, ""diff_weight"": 0.17372363170263339, ""gross_amount"": 0.22748123610151427, ""gross_amount_pct_nav"": 0.17372363170263339, ""fee"": 6.824437083045428e-05, ""fee_pct_nav"": 5.211708951079001e-05, ""name"": ""福耀玻璃""}, {""ts_code"": ""06990.HK"", ""side"": ""buy"", ""current_weight"": 0.0, ""target_weight"": 0.1452923273565947, ""post_trade_weight"": 0.14533667921371773, ""diff_weight"": 0.1452923273565947, ""gross_amount"": 0.19025205666733142, ""gross_amount_pct_nav"": 0.1452923273565947, ""fee"": 5.707561700019942e-05, ""fee_pct_nav"": 4.35876982069784e-05, ""name"": ""科伦博泰生物""}]"
2024-09-23,0.67289586,1.34579173,0.87526048,0.88368840,0.00052768,0.00026258,0.00026511,0.00000000,rebalance,"[{""ts_code"": ""00002.HK"", ""side"": ""sell"", ""current_weight"": 0.184628847579338, ""target_weight"": 0.0, ""post_trade_weight"": 0.0, ""diff_weight"": -0.184628847579338, ""gross_amount"": 0.24130977807602497, ""gross_amount_pct_nav"": 0.184628847579338, ""fee"": 7.239293342280748e-05, ""fee_pct_nav"": 5.5388654273801396e-05, ""name"": ""中电控股""}, {""ts_code"": ""00288.HK"", ""side"": ""sell"", ""current_weight"": 0.18887415982955746, ""target_weight"": 0.16727347860600686, ""post_trade_weight"": 0.16734104046242768, ""diff_weight"": -0.021600681223550626, ""gross_amount"": 0.028232075651699468, ""gross_amount_pct_nav"": 0.021600681223550626, ""fee"": 8.46962269550984e-06, ""fee_pct_nav"": 6.480204367065187e-06, ""name"": ""万洲国际""}, {""ts_code"": ""00700.HK"", ""side"": ""buy"", ""current_weight"": 0.0, ""target_weight"": 0.17478489560731286, ""post_trade_weight"": 0.1748554913294797, ""diff_weight"": 0.17478489560731286, ""gross_amount"": 0.2284437395511424, ""gross_amount_pct_nav"": 0.17478489560731286, ""fee"": 6.853312186534272e-05, ""fee_pct_nav"": 5.243546868219386e-05, ""name"": ""腾讯控股""}, {""ts_code"": ""01038.HK"", ""side"": ""sell"", ""current_weight"": 0.14185689783983815, ""target_weight"": 0.0, ""post_trade_weight"": 0.0, ""diff_weight"": -0.14185689783983815, ""gross_amount"": 0.18540686888908237, ""gross_amount_pct_nav"": 0.14185689783983815, ""fee"": 5.5622060666724706e-05, ""fee_pct_nav"": 4.255706935195145e-05, ""name"": ""长江基建集团""}, {""ts_code"": ""01339.HK"", ""side"": ""buy"", ""current_weight"": 0.0, ""target_weight"": 0.15802865768132254, ""post_trade_weight"": 0.15809248554913288, ""diff_weight"": 0.15802865768132254, ""gross_amount"": 0.2065433479908676, ""gross_amount_pct_nav"": 0.15802865768132254, ""fee"": 6.196300439726027e-05, ""fee_pct_nav"": 4.740859730439676e-05, ""name"": ""中国人民保险集团""}, {""ts_code"": ""01810.HK"", ""side"": ""buy"", ""current_weight"": 0.0, ""target_weight"": 0.17882950476186224, ""post_trade_weight"": 0.17890173410404617, ""diff_weight"": 0.17882950476186224, ""gross_amount"": 0.2337300409622432, ""gross_amount_pct_nav"": 0.17882950476186224, ""fee"": 7.011901228867295e-05, ""fee_pct_nav"": 5.3648851428558664e-05, ""name"": ""小米集团-W""}, {""ts_code"": ""02388.HK"", ""side"": ""buy"", ""current_weight"": 0.0, ""target_weight"": 0.15802865768132254, ""post_trade_weight"": 0.15809248554913288, ""diff_weight"": 0.15802865768132254, ""gross_amount"": 0.2065433479908676, ""gross_amount_pct_nav"": 0.15802865768132254, ""fee"": 6.196300439726027e-05, ""fee_pct_nav"": 4.740859730439676e-05, ""name"": ""中银香港""}, {""ts_code"": ""03606.HK"", ""side"": ""sell"", ""current_weight"": 0.17871850457896052, ""target_weight"": 0.16265106814366467, ""post_trade_weight"": 0.16271676300578025, ""diff_weight"": -0.016067436435295845, ""gross_amount"": 0.02100012848092858, ""gross_amount_pct_nav"": 0.016067436435295845, ""fee"": 6.300038544278574e-06, ""fee_pct_nav"": 4.820230930588753e-06, ""name"": ""福耀玻璃""}, {""ts_code"": ""06990.HK"", ""side"": ""sell"", ""current_weight"": 0.13683488403897803, ""target_weight"": 0.0, ""post_trade_weight"": 0.0, ""diff_weight"": -0.13683488403897803, ""gross_amount"": 0.17884310027074912, ""gross_amount_pct_nav"": 0.13683488403897803, ""fee"": 5.365293008122473e-05, ""fee_pct_nav"": 4.105046521169341e-05, ""name"": ""科伦博泰生物""}, {""ts_code"": ""09992.HK"", ""side"": ""sell"", ""current_weight"": 0.17513126551090297, ""target_weight"": 0.0, ""post_trade_weight"": 0.0, ""diff_weight"": -0.17513126551090297, ""gross_amount"": 0.22889644477929816, ""gross_amount_pct_nav"": 0.17513126551090297, ""fee"": 6.866893343378944e-05, ""fee_pct_nav"": 5.253937965327088e-05, ""name"": ""泡泡玛特""}]"
2024-09-30,0.47275098,0.94550197,0.66628182,0.67313358,0.00040182,0.00019988,0.00020194,0.00000000,rebalance,"[{""ts_code"": ""00005.HK"", ""side"": ""buy"", ""current_weight"": 0.0, ""target_weight"": 0.1570851024336894, ""post_trade_weight"": 0.15712967235809874, ""diff_weight"": 0.1570851024336894, ""gross_amount"": 0.22252963280856672, ""gross_amount_pct_nav"": 0.1570851024336894, ""fee"": 6.675888984257e-05, ""fee_pct_nav"": 4.7125530730106815e-05, ""name"": ""汇丰控股""}, {""ts_code"": ""00288.HK"", ""side"": ""sell"", ""current_weight"": 0.15687642584953768, ""target_weight"": 0.0, ""post_trade_weight"": 0.0, ""diff_weight"": -0.15687642584953768, ""gross_amount"": 0.2222340177379611, ""gross_amount_pct_nav"": 0.15687642584953768, ""fee"": 6.667020532138832e-05, ""fee_pct_nav"": 4.70629277548613e-05, ""name"": ""万洲国际""}, {""ts_code"": ""00700.HK"", ""side"": ""sell"", ""current_weight"": 0.18497460093924484, ""target_weight"": 0.1746158921326033, ""post_trade_weight"": 0.17466543608675583, ""diff_weight"": -0.01035870880664152, ""gross_amount"": 0.014674336594623083, ""gross_amount_pct_nav"": 0.01035870880664152, ""fee"": 4.402300978386925e-06, ""fee_pct_nav"": 3.1076126419924563e-06, ""name"": ""腾讯控股""}, {""ts_code"": ""01088.HK"", ""side"": ""buy"", ""current_weight"": 0.0, ""target_weight"": 0.1589304487177856, ""post_trade_weight"": 0.15897554222427315, ""diff_weight"": 0.1589304487177856, ""gross_amount"": 0.22514378414846176, ""gross_amount_pct_nav"": 0.1589304487177856, ""fee"": 6.754313524453852e-05, ""fee_pct_nav"": 4.767913461533568e-05, ""name"": ""中国神华""}, {""ts_code"": ""02388.HK"", ""side"": ""sell"", ""current_weight"": 0.15032823995306419, ""target_weight"": 0.0, ""post_trade_weight"": 0.0, ""diff_weight"": -0.15032823995306419, ""gross_amount"": 0.21295773768002496, ""gross_amount_pct_nav"": 0.15032823995306419, ""fee"": 6.388732130400748e-05, ""fee_pct_nav"": 4.509847198591925e-05, ""name"": ""中银香港""}, {""ts_code"": ""02601.HK"", ""side"": ""buy"", ""current_weight"": 0.0, ""target_weight"": 0.15431708300754504, ""post_trade_weight"": 0.15436086755883704, ""diff_weight"": 0.15431708300754504, ""gross_amount"": 0.21860840579872406, ""gross_amount_pct_nav"": 0.15431708300754504, ""fee"": 6.558252173961722e-05, ""fee_pct_nav"": 4.6295124902263516e-05, ""name"": ""中国太保""}, {""ts_code"": ""03606.HK"", ""side"": ""sell"", ""current_weight"": 0.15760596083541586, ""target_weight"": 0.0, ""post_trade_weight"": 0.0, ""diff_weight"": -0.15760596083541586, ""gross_amount"": 0.2232674903589374, ""gross_amount_pct_nav"": 0.15760596083541586, ""fee"": 6.698024710768121e-05, ""fee_pct_nav"": 4.728178825062476e-05, ""name"": ""福耀玻璃""}]"
2024-10-07,0.65168873,1.30337746,1.04561505,1.03979073,0.00062562,0.00031368,0.00031194,0.00000000,rebalance,"[{""ts_code"": ""00005.HK"", ""side"": ""sell"", ""current_weight"": 0.13888347952234367, ""target_weight"": 0.0, ""post_trade_weight"": 0.0, ""diff_weight"": -0.13888347952234367, ""gross_amount"": 0.2222137639188455, ""gross_amount_pct_nav"": 0.13888347952234367, ""fee"": 6.666412917565365e-05, ""fee_pct_nav"": 4.16650438567031e-05, ""name"": ""汇丰控股""}, {""ts_code"": ""00700.HK"", ""side"": ""sell"", ""current_weight"": 0.16635580662737304, ""target_weight"": 0.0, ""post_trade_weight"": 0.0, ""diff_weight"": -0.16635580662737304, ""gross_amount"": 0.2661695261924726, ""gross_amount_pct_nav"": 0.16635580662737304, ""fee"": 7.985085785774177e-05, ""fee_pct_nav"": 4.9906741988211906e-05, ""name"": ""腾讯控股""}, {""ts_code"": ""01088.HK"", ""side"": ""sell"", ""current_weight"": 0.14854337803608003, ""target_weight"": 0.0, ""post_trade_weight"": 0.0, ""diff_weight"": -0.14854337803608003, ""gross_amount"": 0.23766961522091543, ""gross_amount_pct_nav"": 0.14854337803608003, ""fee"": 7.130088456627462e-05, ""fee_pct_nav"": 4.4563013410824006e-05, ""name"": ""中国神华""}, {""ts_code"": ""01339.HK"", ""side"": ""sell"", ""current_weight"": 0.1966692364349518, ""target_weight"": 0.1761170895959916, ""post_trade_weight"": 0.17618598064668392, ""diff_weight"": -0.020552146838960193, ""gross_amount"": 0.032883464047740896, ""gross_amount_pct_nav"": 0.020552146838960193, ""fee"": 9.865039214322268e-06, ""fee_pct_nav"": 6.165644051688057e-06, ""name"": ""中国人民保险集团""}, {""ts_code"": ""01810.HK"", ""side"": ""sell"", ""current_weight"": 0.18375657576408694, ""target_weight"": 0.16998307174000263, ""post_trade_weight"": 0.17004956337030913, ""diff_weight"": -0.01377350402408432, ""gross_amount"": 0.022037625944205552, ""gross_amount_pct_nav"": 0.01377350402408432, ""fee"": 6.611287783261665e-06, ""fee_pct_nav"": 4.132051207225296e-06, ""name"": ""小米集团-W""}, {""ts_code"": ""02601.HK"", ""side"": ""sell"", ""current_weight"": 0.16176031781180894, ""target_weight"": 0.0, ""post_trade_weight"": 0.0, ""diff_weight"": -0.16176031781180894, ""gross_amount"": 0.2588167375795608, ""gross_amount_pct_nav"": 0.16176031781180894, ""fee"": 7.764502127386824e-05, ""fee_pct_nav"": 4.852809534354268e-05, ""name"": ""中国太保""}, {""ts_code"": ""02628.HK"", ""side"": ""buy"", ""current_weight"": 0.0, ""target_weight"": 0.16526459646616493, ""post_trade_weight"": 0.16532924238848237, ""diff_weight"": 0.16526459646616493, ""gross_amount"": 0.2644235883891968, ""gross_amount_pct_nav"": 0.16526459646616493, ""fee"": 7.932707651675903e-05, ""fee_pct_nav"": 4.957937893984948e-05, ""name"": ""中国人寿""}, {""ts_code"": ""03690.HK"", ""side"": ""buy"", ""current_weight"": 0.0, ""target_weight"": 0.16762383410308376, ""post_trade_weight"": 0.16768940287939574, ""diff_weight"": 0.16762383410308376, ""gross_amount"": 0.2681983719493566, ""gross_amount_pct_nav"": 0.16762383410308376, ""fee"": 8.045951158480697e-05, ""fee_pct_nav"": 5.028715023092512e-05, ""name"": ""美团-W""}, {""ts_code"": ""06881.HK"", ""side"": ""buy"", ""current_weight"": 0.0, ""target_weight"": 0.16668013904831622, ""post_trade_weight"": 0.1667453386830304, ""diff_weight"": 0.16668013904831622, ""gross_amount"": 0.26668845852529266, ""gross_amount_pct_nav"": 0.16668013904831622, ""fee"": 8.000653755758779e-05, ""fee_pct_nav"": 5.0004041714494866e-05, ""name"": ""中国银河""}, {""ts_code"": ""06886.HK"", ""side"": ""buy"", ""current_weight"": 0.0, ""target_weight"": 0.15394025580895446, ""post_trade_weight"": 0.1540004720320981, ""diff_weight"": 0.15394025580895446, ""gross_amount"": 0.24630462730042949, ""gross_amount_pct_nav"": 0.15394025580895446, ""fee"": 7.389138819012883e-05, ""fee_pct_nav"": 4.618207674268633e-05, ""name"": ""HTSC""}]"
2024-10-14,0.51218147,1.02436294,0.62724944,0.62762590,0.00037646,0.00018817,0.00018829,0.00000000,rebalance,"[{""ts_code"": ""01339.HK"", ""side"": ""sell"", ""current_weight"": 0.18837442630872675, ""target_weight"": 0.15659957265408822, ""post_trade_weight"": 0.15664771188735702, ""diff_weight"": -0.03177485365463852, ""gross_amount"": 0.0389251492220222, ""gross_amount_pct_nav"": 0.03177485365463852, ""fee"": 1.1677544766606659e-05, ""fee_pct_nav"": 9.532456096391557e-06, ""name"": ""中国人民保险集团""}, {""ts_code"": ""01810.HK"", ""side"": ""sell"", ""current_weight"": 0.2026892746490035, ""target_weight"": 0.1755485269942545, ""post_trade_weight"": 0.17560249119956967, ""diff_weight"": -0.027140747654748994, ""gross_amount"": 0.03324823031259283, ""gross_amount_pct_nav"": 0.027140747654748994, ""fee"": 9.974469093777848e-06, ""fee_pct_nav"": 8.142224296424698e-06, ""name"": ""小米集团-W""}, {""ts_code"": ""02611.HK"", ""side"": ""buy"", ""current_weight"": 0.0, ""target_weight"": 0.1587651674358215, ""post_trade_weight"": 0.1588139723801813, ""diff_weight"": 0.1587651674358215, ""gross_amount"": 0.19449209431044964, ""gross_amount_pct_nav"": 0.1587651674358215, ""fee"": 5.834762829313489e-05, ""fee_pct_nav"": 4.7629550230746444e-05, ""name"": ""国泰海通""}, {""ts_code"": ""02628.HK"", ""side"": ""sell"", ""current_weight"": 0.17226041504515655, ""target_weight"": 0.0, ""post_trade_weight"": 0.0, ""diff_weight"": -0.17226041504515655, ""gross_amount"": 0.21102417759527134, ""gross_amount_pct_nav"": 0.17226041504515655, ""fee"": 6.33072532785814e-05, ""fee_pct_nav"": 5.167812451354696e-05, ""name"": ""中国人寿""}, {""ts_code"": ""03311.HK"", ""side"": ""buy"", ""current_weight"": 0.0, ""target_weight"": 0.16742754656275466, ""post_trade_weight"": 0.1674790143514785, ""diff_weight"": 0.16742754656275466, ""gross_amount"": 0.20510376868032926, ""gross_amount_pct_nav"": 0.16742754656275466, ""fee"": 6.153113060409877e-05, ""fee_pct_nav"": 5.022826396882639e-05, ""name"": ""中国建筑国际""}, {""ts_code"": ""03690.HK"", ""side"": ""sell"", ""current_weight"": 0.18853625951061592, ""target_weight"": 0.15551677526322158, ""post_trade_weight"": 0.15556458164094486, ""diff_weight"": -0.03301948424739433, ""gross_amount"": 0.040449859046838066, ""gross_amount_pct_nav"": 0.03301948424739433, ""fee"": 1.2134957714051418e-05, ""fee_pct_nav"": 9.905845274218298e-06, ""name"": ""美团-W""}, {""ts_code"": ""06881.HK"", ""side"": ""sell"", ""current_weight"": 0.1296301754498745, ""target_weight"": 0.0, ""post_trade_weight"": 0.0, ""diff_weight"": -0.1296301754498745, ""gross_amount"": 0.15880085484915152, ""gross_amount_pct_nav"": 0.1296301754498745, ""fee"": 4.764025645474545e-05, ""fee_pct_nav"": 3.888905263496235e-05, ""name"": ""中国银河""}, {""ts_code"": ""06886.HK"", ""side"": ""sell"", ""current_weight"": 0.11850944903662235, ""target_weight"": 0.0, ""post_trade_weight"": 0.0, ""diff_weight"": -0.11850944903662235, ""gross_amount"": 0.1451776312838108, ""gross_amount_pct_nav"": 0.11850944903662235, ""fee"": 4.355328938514324e-05, ""fee_pct_nav"": 3.55528347109867e-05, ""name"": ""HTSC""}, {""ts_code"": ""09992.HK"", ""side"": ""buy"", ""current_weight"": 0.0, ""target_weight"": 0.18583510220748758, ""post_trade_weight"": 0.18589222854048504, ""diff_weight"": 0.18583510220748758, ""gross_amount"": 0.22765357671632344, ""gross_amount_pct_nav"": 0.18583510220748758, ""fee"": 6.829607301489702e-05, ""fee_pct_nav"": 5.575053066224627e-05, ""name"": ""泡泡玛特""}]"
2024-10-21,0.66288219,1.32576437,0.82181889,0.82231213,0.00049324,0.00024655,0.00024669,0.00000000,rebalance,"[{""ts_code"": ""01288.HK"", ""side"": ""buy"", ""current_weight"": 0.0, ""target_weight"": 0.18189567061095083, ""post_trade_weight"": 0.1819680446360638, ""diff_weight"": 0.18189567061095083, ""gross_amount"": 0.2255757666317679, ""gross_amount_pct_nav"": 0.18189567061095083, ""fee"": 6.767272998953037e-05, ""fee_pct_nav"": 5.4568701183285246e-05, ""name"": ""农业银行""}, {""ts_code"": ""01339.HK"", ""side"": ""sell"", ""current_weight"": 0.15430310122309615, ""target_weight"": 0.0, ""post_trade_weight"": 0.0, ""diff_weight"": -0.15430310122309615, ""gross_amount"": 0.19135716773878883, ""gross_amount_pct_nav"": 0.15430310122309615, ""fee"": 5.740715032163664e-05, ""fee_pct_nav"": 4.629093036692884e-05, ""name"": ""中国人民保险集团""}, {""ts_code"": ""01810.HK"", ""side"": ""sell"", ""current_weight"": 0.1781859993513348, ""target_weight"": 0.16110759396969931, ""post_trade_weight"": 0.16117169667765655, ""diff_weight"": -0.017078405381635495, ""gross_amount"": 0.02117958263586403, ""gross_amount_pct_nav"": 0.017078405381635495, ""fee"": 6.353874790759209e-06, ""fee_pct_nav"": 5.123521614490648e-06, ""name"": ""小米集团-W""}, {""ts_code"": ""02611.HK"", ""side"": ""sell"", ""current_weight"": 0.15879488038931672, ""target_weight"": 0.0, ""post_trade_weight"": 0.0, ""diff_weight"": -0.15879488038931672, ""gross_amount"": 0.19692759459698478, ""gross_amount_pct_nav"": 0.15879488038931672, ""fee"": 5.907827837909543e-05, ""fee_pct_nav"": 4.763846411679501e-05, ""name"": ""国泰海通""}, {""ts_code"": ""03311.HK"", ""side"": ""sell"", ""current_weight"": 0.15972033857105097, ""target_weight"": 0.0, ""post_trade_weight"": 0.0, ""diff_weight"": -0.15972033857105097, ""gross_amount"": 0.19807529062586313, ""gross_amount_pct_nav"": 0.15972033857105097, ""fee"": 5.9422587187758934e-05, ""fee_pct_nav"": 4.791610157131529e-05, ""name"": ""中国建筑国际""}, {""ts_code"": ""03328.HK"", ""side"": ""buy"", ""current_weight"": 0.0, ""target_weight"": 0.17175514542009643, ""post_trade_weight"": 0.17182348465635294, ""diff_weight"": 0.17175514542009643, ""gross_amount"": 0.21300011413661707, ""gross_amount_pct_nav"": 0.17175514542009643, ""fee"": 6.390003424098511e-05, ""fee_pct_nav"": 5.152654362602892e-05, ""name"": ""交通银行""}, {""ts_code"": ""03690.HK"", ""side"": ""sell"", ""current_weight"": 0.15161403506402316, ""target_weight"": 0.0, ""post_trade_weight"": 0.0, ""diff_weight"": -0.15161403506402316, ""gross_amount"": 0.1880223541155782, ""gross_amount_pct_nav"": 0.15161403506402316, ""fee"": 5.640670623467345e-05, ""fee_pct_nav"": 4.5484210519206946e-05, ""name"": ""美团-W""}, {""ts_code"": ""03692.HK"", ""side"": ""buy"", ""current_weight"": 0.0, ""target_weight"": 0.16414975152695563, ""post_trade_weight"": 0.1642150646715698, ""diff_weight"": 0.16414975152695563, ""gross_amount"": 0.20356837476525397, ""gross_amount_pct_nav"": 0.16414975152695563, ""fee"": 6.107051242957618e-05, ""fee_pct_nav"": 4.924492545808668e-05, ""name"": ""翰森制药""}, {""ts_code"": ""06855.HK"", ""side"": ""buy"", ""current_weight"": 0.0, ""target_weight"": 0.14488275366433226, ""post_trade_weight"": 0.14494040071011913, ""diff_weight"": 0.14488275366433226, ""gross_amount"": 0.1796746350244674, ""gross_amount_pct_nav"": 0.14488275366433226, ""fee"": 5.3902390507340216e-05, ""fee_pct_nav"": 4.3464826099299674e-05, ""name"": ""亚盛医药-B""}, {""ts_code"": ""09992.HK"", ""side"": ""sell"", ""current_weight"": 0.19738164540119454, ""target_weight"": 0.17581135549643817, ""post_trade_weight"": 0.17588130864823728, ""diff_weight"": -0.021570289904756394, ""gross_amount"": 0.02675014015117505, ""gross_amount_pct_nav"": 0.021570289904756394, ""fee"": 8.025042045352514e-06, ""fee_pct_nav"": 6.471086971426917e-06, ""name"": ""泡泡玛特""}]"
2024-10-28,0.68138218,1.36276436,0.85516482,0.85567808,0.00051325,0.00025655,0.00025670,0.00000000,rebalance,"[{""ts_code"": ""00175.HK"", ""side"": ""buy"", ""current_weight"": 0.0, ""target_weight"": 0.18802599191465846, ""post_trade_weight"": 0.18810289389067456, ""diff_weight"": 0.18802599191465846, ""gross_amount"": 0.23605176541693385, ""gross_amount_pct_nav"": 0.18802599191465846, ""fee"": 7.081552962508015e-05, ""fee_pct_nav"": 5.6407797574397535e-05, ""name"": ""吉利汽车""}, {""ts_code"": ""01288.HK"", ""side"": ""sell"", ""current_weight"": 0.17968138131876465, ""target_weight"": 0.0, ""post_trade_weight"": 0.0, ""diff_weight"": -0.17968138131876465, ""gross_amount"": 0.2255757666317679, ""gross_amount_pct_nav"": 0.17968138131876465, ""fee"": 6.767272998953037e-05, ""fee_pct_nav"": 5.3904414395629395e-05, ""name"": ""农业银行""}, {""ts_code"": ""01308.HK"", ""side"": ""buy"", ""current_weight"": 0.0, ""target_weight"": 0.14945655767575414, ""post_trade_weight"": 0.14951768488745926, ""diff_weight"": 0.14945655767575414, ""gross_amount"": 0.18763089045961406, ""gross_amount_pct_nav"": 0.14945655767575414, ""fee"": 5.628926713788422e-05, ""fee_pct_nav"": 4.483696730272624e-05, ""name"": ""海丰国际""}, {""ts_code"": ""01339.HK"", ""side"": ""buy"", ""current_weight"": 0.0, ""target_weight"": 0.14945655767575414, ""post_trade_weight"": 0.14951768488745926, ""diff_weight"": 0.14945655767575414, ""gross_amount"": 0.18763089045961406, ""gross_amount_pct_nav"": 0.14945655767575414, ""fee"": 5.628926713788422e-05, ""fee_pct_nav"": 4.483696730272624e-05, ""name"": ""中国人民保险集团""}, {""ts_code"": ""01810.HK"", ""side"": ""buy"", ""current_weight"": 0.16734978725476696, ""target_weight"": 0.20141815658094467, ""post_trade_weight"": 0.20150053590567987, ""diff_weight"": 0.034068369326177704, ""gross_amount"": 0.042770143863782584, ""gross_amount_pct_nav"": 0.034068369326177704, ""fee"": 1.2831043159134774e-05, ""fee_pct_nav"": 1.0220510797853309e-05, ""name"": ""小米集团-W""}, {""ts_code"": ""02618.HK"", ""side"": ""buy"", ""current_weight"": 0.0, ""target_weight"": 0.1601702894087831, ""post_trade_weight"": 0.16023579849946348, ""diff_weight"": 0.1601702894087831, ""gross_amount"": 0.201081133503314, ""gross_amount_pct_nav"": 0.1601702894087831, ""fee"": 6.032434005099419e-05, ""fee_pct_nav"": 4.805108682263493e-05, ""name"": ""京东物流""}, {""ts_code"": ""03328.HK"", ""side"": ""sell"", ""current_weight"": 0.16883801364777332, ""target_weight"": 0.0, ""post_trade_weight"": 0.0, ""diff_weight"": -0.16883801364777332, ""gross_amount"": 0.21196277591841925, ""gross_amount_pct_nav"": 0.16883801364777332, ""fee"": 6.358883277552577e-05, ""fee_pct_nav"": 5.065140409433199e-05, ""name"": ""交通银行""}, {""ts_code"": ""03692.HK"", ""side"": ""sell"", ""current_weight"": 0.1579447300927314, ""target_weight"": 0.0, ""post_trade_weight"": 0.0, ""diff_weight"": -0.1579447300927314, ""gross_amount"": 0.19828711975955163, ""gross_amount_pct_nav"": 0.1579447300927314, ""fee"": 5.9486135927865486e-05, ""fee_pct_nav"": 4.7383419027819425e-05, ""name"": ""翰森制药""}, {""ts_code"": ""06855.HK"", ""side"": ""sell"", ""current_weight"": 0.13708662287626394, ""target_weight"": 0.0, ""post_trade_weight"": 0.0, ""diff_weight"": -0.13708662287626394, ""gross_amount"": 0.17210141542385762, ""gross_amount_pct_nav"": 0.13708662287626394, ""fee"": 5.163042462715728e-05, ""fee_pct_nav"": 4.112598686287917e-05, ""name"": ""亚盛医药-B""}, {""ts_code"": ""09992.HK"", ""side"": ""sell"", ""current_weight"": 0.18909946480969927, ""target_weight"": 0.1510636174357085, ""post_trade_weight"": 0.15112540192925988, ""diff_weight"": -0.038035847373990773, ""gross_amount"": 0.047750998839749315, ""gross_amount_pct_nav"": 0.038035847373990773, ""fee"": 1.4325299651924794e-05, ""fee_pct_nav"": 1.1410754212197232e-05, ""name"": ""泡泡玛特""}]"
2024-11-04,0.50769733,1.01539466,0.64789830,0.63727055,0.00038555,0.00019437,0.00019118,0.00000000,rebalance,"[{""ts_code"": ""00006.HK"", ""side"": ""buy"", ""current_weight"": 0.0, ""target_weight"": 0.17396227686884255, ""post_trade_weight"": 0.17401528512639616, ""diff_weight"": 0.17396227686884255, ""gross_amount"": 0.22018128141751211, ""gross_amount_pct_nav"": 0.17396227686884255, ""fee"": 6.605438442525364e-05, ""fee_pct_nav"": 5.218868306065277e-05, ""name"": ""电能实业""}, {""ts_code"": ""00175.HK"", ""side"": ""sell"", ""current_weight"": 0.18124424882003146, ""target_weight"": 0.0, ""post_trade_weight"": 0.0, ""diff_weight"": -0.18124424882003146, ""gross_amount"": 0.22939795726424173, ""gross_amount_pct_nav"": 0.18124424882003146, ""fee"": 6.881938717927251e-05, ""fee_pct_nav"": 5.437327464600943e-05, ""name"": ""吉利汽车""}, {""ts_code"": ""00939.HK"", ""side"": ""buy"", ""current_weight"": 0.0, ""target_weight"": 0.19159358871365775, ""post_trade_weight"": 0.19165196942974716, ""diff_weight"": 0.19159358871365775, ""gross_amount"": 0.24249695183144923, ""gross_amount_pct_nav"": 0.19159358871365775, ""fee"": 7.274908554943477e-05, ""fee_pct_nav"": 5.7478076614097324e-05, ""name"": ""建设银行""}, {""ts_code"": ""01308.HK"", ""side"": ""sell"", ""current_weight"": 0.14444350475202397, ""target_weight"": 0.0, ""post_trade_weight"": 0.0, ""diff_weight"": -0.14444350475202397, ""gross_amount"": 0.18281984198629064, ""gross_amount_pct_nav"": 0.14444350475202397, ""fee"": 5.484595259588719e-05, ""fee_pct_nav"": 4.333305142560719e-05, ""name"": ""海丰国际""}, {""ts_code"": ""01810.HK"", ""side"": ""sell"", ""current_weight"": 0.2138873679607786, ""target_weight"": 0.19218129910848486, ""post_trade_weight"": 0.19223985890652548, ""diff_weight"": -0.021706068852293727, ""gross_amount"": 0.02747302541940211, ""gross_amount_pct_nav"": 0.021706068852293727, ""fee"": 8.241907625820632e-06, ""fee_pct_nav"": 6.511820655688118e-06, ""name"": ""小米集团-W""}, {""ts_code"": ""02618.HK"", ""side"": ""sell"", ""current_weight"": 0.15610508695458145, ""target_weight"": 0.0, ""post_trade_weight"": 0.0, ""diff_weight"": -0.15610508695458145, ""gross_amount"": 0.19757972073086827, ""gross_amount_pct_nav"": 0.15610508695458145, ""fee"": 5.9273916219260474e-05, ""fee_pct_nav"": 4.683152608637443e-05, ""name"": ""京东物流""}, {""ts_code"": ""02628.HK"", ""side"": ""buy"", ""current_weight"": 0.0, ""target_weight"": 0.14633988831196554, ""post_trade_weight"": 0.146384479717813, ""diff_weight"": 0.14633988831196554, ""gross_amount"": 0.18522006443567743, ""gross_amount_pct_nav"": 0.14633988831196554, ""fee"": 5.5566019330703226e-05, ""fee_pct_nav"": 4.390196649358966e-05, ""name"": ""中国人寿""}]"
2024-11-11,0.46538625,0.93077249,0.60490177,0.59902876,0.00036118,0.00018147,0.00017971,0.00000000,rebalance,"[{""ts_code"": ""00006.HK"", ""side"": ""sell"", ""current_weight"": 0.16533315885291447, ""target_weight"": 0.0, ""post_trade_weight"": 0.0, ""diff_weight"": -0.16533315885291447, ""gross_amount"": 0.21385423310091697, ""gross_amount_pct_nav"": 0.16533315885291447, ""fee"": 6.415626993027509e-05, ""fee_pct_nav"": 4.9599947655874336e-05, ""name"": ""电能实业""}, {""ts_code"": ""01339.HK"", ""side"": ""sell"", ""current_weight"": 0.15054043308996265, ""target_weight"": 0.0, ""post_trade_weight"": 0.0, ""diff_weight"": -0.15054043308996265, ""gross_amount"": 0.19472021881451132, ""gross_amount_pct_nav"": 0.15054043308996265, ""fee"": 5.841606564435339e-05, ""fee_pct_nav"": 4.516212992698879e-05, ""name"": ""中国人民保险集团""}, {""ts_code"": ""01378.HK"", ""side"": ""buy"", ""current_weight"": 0.0, ""target_weight"": 0.15681894403955107, ""post_trade_weight"": 0.1568627450980391, ""diff_weight"": 0.15681894403955107, ""gross_amount"": 0.20284131293413943, ""gross_amount_pct_nav"": 0.15681894403955107, ""fee"": 6.0852393880241824e-05, ""fee_pct_nav"": 4.704568321186532e-05, ""name"": ""中国宏桥""}, {""ts_code"": ""02328.HK"", ""side"": ""buy"", ""current_weight"": 0.0, ""target_weight"": 0.17138070312893797, ""post_trade_weight"": 0.17142857142857132, ""diff_weight"": 0.17138070312893797, ""gross_amount"": 0.22167657770659524, ""gross_amount_pct_nav"": 0.17138070312893797, ""fee"": 6.650297331197856e-05, ""fee_pct_nav"": 5.1414210938681384e-05, ""name"": ""中国财险""}, {""ts_code"": ""02628.HK"", ""side"": ""sell"", ""current_weight"": 0.1472424070954189, ""target_weight"": 0.0, ""post_trade_weight"": 0.0, ""diff_weight"": -0.1472424070954189, ""gross_amount"": 0.1904543061282516, ""gross_amount_pct_nav"": 0.1472424070954189, ""fee"": 5.7136291838475474e-05, ""fee_pct_nav"": 4.4172722128625665e-05, ""name"": ""中国人寿""}, {""ts_code"": ""06099.HK"", ""side"": ""buy"", ""current_weight"": 0.0, ""target_weight"": 0.13945684666374367, ""post_trade_weight"": 0.13949579831932765, ""diff_weight"": 0.13945684666374367, ""gross_amount"": 0.1803838818592883, ""gross_amount_pct_nav"": 0.13945684666374367, ""fee"": 5.4115164557786484e-05, ""fee_pct_nav"": 4.183705399912309e-05, ""name"": ""招商证券""}]"
2024-11-18,0.52021024,1.04042047,0.62675652,0.64938317,0.00038284,0.00018803,0.00019481,0.00000000,rebalance,"[{""ts_code"": ""00939.HK"", ""side"": ""sell"", ""current_weight"": 0.19543594133225645, ""target_weight"": 0.0, ""post_trade_weight"": 0.0, ""diff_weight"": -0.19543594133225645, ""gross_amount"": 0.2397141999251867, ""gross_amount_pct_nav"": 0.19543594133225645, ""fee"": 7.1914259977556e-05, ""fee_pct_nav"": 5.863078239967693e-05, ""name"": ""建设银行""}, {""ts_code"": ""01339.HK"", ""side"": ""buy"", ""current_weight"": 0.0, ""target_weight"": 0.1642254014626085, ""post_trade_weight"": 0.16427667650780248, ""diff_weight"": 0.1642254014626085, ""gross_amount"": 0.20143255355510334, ""gross_amount_pct_nav"": 0.1642254014626085, ""fee"": 6.0429766066531e-05, ""fee_pct_nav"": 4.9267620438782545e-05, ""name"": ""中国人民保险集团""}, {""ts_code"": ""01378.HK"", ""side"": ""sell"", ""current_weight"": 0.14045799118347302, ""target_weight"": 0.0, ""post_trade_weight"": 0.0, ""diff_weight"": -0.14045799118347302, ""gross_amount"": 0.17228036332582194, ""gross_amount_pct_nav"": 0.14045799118347302, ""fee"": 5.168410899774658e-05, ""fee_pct_nav"": 4.21373973550419e-05, ""name"": ""中国宏桥""}, {""ts_code"": ""01810.HK"", ""side"": ""sell"", ""current_weight"": 0.2092073561541457, ""target_weight"": 0.19205306897616994, ""post_trade_weight"": 0.1921130324757485, ""diff_weight"": -0.017154287177975767, ""gross_amount"": 0.021040788086999884, ""gross_amount_pct_nav"": 0.017154287177975767, ""fee"": 6.312236426099964e-06, ""fee_pct_nav"": 5.14628615339273e-06, ""name"": ""小米集团-W""}, {""ts_code"": ""02328.HK"", ""side"": ""sell"", ""current_weight"": 0.17638562363919036, ""target_weight"": 0.0, ""post_trade_weight"": 0.0, ""diff_weight"": -0.17638562363919036, ""gross_amount"": 0.21634781381941748, ""gross_amount_pct_nav"": 0.17638562363919036, ""fee"": 6.490434414582524e-05, ""fee_pct_nav"": 5.2915687091757104e-05, ""name"": ""中国财险""}, {""ts_code"": ""06030.HK"", ""side"": ""buy"", ""current_weight"": 0.0, ""target_weight"": 0.14988993637986475, ""post_trade_weight"": 0.14993673555461817, ""diff_weight"": 0.14988993637986475, ""gross_amount"": 0.1838492241048504, ""gross_amount_pct_nav"": 0.14988993637986475, ""fee"": 5.515476723145512e-05, ""fee_pct_nav"": 4.496698091395942e-05, ""name"": ""中信证券""}, {""ts_code"": ""06055.HK"", ""side"": ""buy"", ""current_weight"": 0.0, ""target_weight"": 0.1675984520703129, ""post_trade_weight"": 0.16765078026149288, ""diff_weight"": 0.1675984520703129, ""gross_amount"": 0.20556980754339813, ""gross_amount_pct_nav"": 0.1675984520703129, ""fee"": 6.167094226301944e-05, ""fee_pct_nav"": 5.027953562109387e-05, ""name"": ""中烟香港""}, {""ts_code"": ""06099.HK"", ""side"": ""buy"", ""current_weight"": 0.12567667352240341, ""target_weight"": 0.15494951229142137, ""post_trade_weight"": 0.1549978911851538, ""diff_weight"": 0.02927283876901795, ""gross_amount"": 0.03590493681571333, ""gross_amount_pct_nav"": 0.02927283876901795, ""fee"": 1.0771481044713998e-05, ""fee_pct_nav"": 8.781851630705385e-06, ""name"": ""招商证券""}]"
2024-11-25,0.29858909,0.59717818,0.36713033,0.35225246,0.00021581,0.00011014,0.00010568,0.00000000,rebalance,"[{""ts_code"": ""02018.HK"", ""side"": ""buy"", ""current_weight"": 0.0, ""target_weight"": 0.1469418099239075, ""post_trade_weight"": 0.14696813977389508, ""diff_weight"": 0.1469418099239075, ""gross_amount"": 0.17701150478492622, ""gross_amount_pct_nav"": 0.1469418099239075, ""fee"": 5.310345143547786e-05, ""fee_pct_nav"": 4.4082542977172246e-05, ""name"": ""瑞声科技""}, {""ts_code"": ""02727.HK"", ""side"": ""buy"", ""current_weight"": 0.0, ""target_weight"": 0.14591424481954454, ""post_trade_weight"": 0.14594039054470703, ""diff_weight"": 0.14591424481954454, ""gross_amount"": 0.17577366209412257, ""gross_amount_pct_nav"": 0.14591424481954454, ""fee"": 5.2732098628236765e-05, ""fee_pct_nav"": 4.3774273445863356e-05, ""name"": ""上海电气""}, {""ts_code"": ""06030.HK"", ""side"": ""sell"", ""current_weight"": 0.14502160698098873, ""target_weight"": 0.0, ""post_trade_weight"": 0.0, ""diff_weight"": -0.14502160698098873, ""gross_amount"": 0.1746983577466904, ""gross_amount_pct_nav"": 0.14502160698098873, ""fee"": 5.240950732400712e-05, ""fee_pct_nav"": 4.350648209429661e-05, ""name"": ""中信证券""}, {""ts_code"": ""06055.HK"", ""side"": ""sell"", ""current_weight"": 0.1473922315737953, ""target_weight"": 0.0, ""post_trade_weight"": 0.0, ""diff_weight"": -0.1473922315737953, ""gross_amount"": 0.1775540992587226, ""gross_amount_pct_nav"": 0.1473922315737953, ""fee"": 5.3266229777616775e-05, ""fee_pct_nav"": 4.421766947213859e-05, ""name"": ""中烟香港""}, {""ts_code"": ""06099.HK"", ""side"": ""buy"", ""current_weight"": 0.15044699708589923, ""target_weight"": 0.16235528648935238, ""post_trade_weight"": 0.16238437821171628, ""diff_weight"": 0.011908289403453157, ""gross_amount"": 0.014345163080618062, ""gross_amount_pct_nav"": 0.011908289403453157, ""fee"": 4.3035489241854185e-06, ""fee_pct_nav"": 3.572486821035947e-06, ""name"": ""招商证券""}]"
2024-12-02,0.31760854,0.63521709,0.40129796,0.40709630,0.00024252,0.00012039,0.00012213,0.00000000,rebalance,"[{""ts_code"": ""02018.HK"", ""side"": ""sell"", ""current_weight"": 0.138711422982369, ""target_weight"": 0.0, ""post_trade_weight"": 0.0, ""diff_weight"": -0.138711422982369, ""gross_amount"": 0.17652786679371057, ""gross_amount_pct_nav"": 0.138711422982369, ""fee"": 5.295836003811317e-05, ""fee_pct_nav"": 4.16134268947107e-05, ""name"": ""瑞声科技""}, {""ts_code"": ""02208.HK"", ""side"": ""buy"", ""current_weight"": 0.0, ""target_weight"": 0.16545518966485956, ""post_trade_weight"": 0.1654867256637168, ""diff_weight"": 0.16545518966485956, ""gross_amount"": 0.21056269954925688, ""gross_amount_pct_nav"": 0.16545518966485956, ""fee"": 6.316880986477706e-05, ""fee_pct_nav"": 4.963655689945787e-05, ""name"": ""金风科技""}, {""ts_code"": ""02727.HK"", ""side"": ""sell"", ""current_weight"": 0.15798518760194935, ""target_weight"": 0.0, ""post_trade_weight"": 0.0, ""diff_weight"": -0.15798518760194935, ""gross_amount"": 0.201056175135058, ""gross_amount_pct_nav"": 0.15798518760194935, ""fee"": 6.031685254051739e-05, ""fee_pct_nav"": 4.73955562805848e-05, ""name"": ""上海电气""}, {""ts_code"": ""06099.HK"", ""side"": ""sell"", ""current_weight"": 0.17566834350688942, ""target_weight"": 0.15247831204408627, ""post_trade_weight"": 0.1525073746312684, ""diff_weight"": -0.023190031462803174, ""gross_amount"": 0.0295122542685472, ""gross_amount_pct_nav"": 0.023190031462803174, ""fee"": 8.853676280564159e-06, ""fee_pct_nav"": 6.957009438840951e-06, ""name"": ""招商证券""}, {""ts_code"": ""06881.HK"", ""side"": ""buy"", ""current_weight"": 0.0, ""target_weight"": 0.13950143442331295, ""post_trade_weight"": 0.13952802359882002, ""diff_weight"": 0.13950143442331295, ""gross_amount"": 0.17753325648270676, ""gross_amount_pct_nav"": 0.13950143442331295, ""fee"": 5.325997694481203e-05, ""fee_pct_nav"": 4.185043032699389e-05, ""name"": ""中国银河""}, {""ts_code"": ""09992.HK"", ""side"": ""buy"", ""current_weight"": 0.19873086397085174, ""target_weight"": 0.20910468711655159, ""post_trade_weight"": 0.20914454277286135, ""diff_weight"": 0.010373823145699854, ""gross_amount"": 0.013202004788303412, ""gross_amount_pct_nav"": 0.010373823145699854, ""fee"": 3.960601436491023e-06, ""fee_pct_nav"": 3.1121469437099554e-06, ""name"": ""泡泡玛特""}]"
2024-12-09,0.64192920,1.28385841,0.86506543,0.86473165,0.00051894,0.00025952,0.00025942,0.00000000,rebalance,"[{""ts_code"": ""00175.HK"", ""side"": ""buy"", ""current_weight"": 0.0, ""target_weight"": 0.17152756703093722, ""post_trade_weight"": 0.17159365761891945, ""diff_weight"": 0.17152756703093722, ""gross_amount"": 0.23110639189949117, ""gross_amount_pct_nav"": 0.17152756703093722, ""fee"": 6.933191756984735e-05, ""fee_pct_nav"": 5.145827010928117e-05, ""name"": ""吉利汽车""}, {""ts_code"": ""00998.HK"", ""side"": ""buy"", ""current_weight"": 0.0, ""target_weight"": 0.158095494436502, ""post_trade_weight"": 0.1581564095673204, ""diff_weight"": 0.158095494436502, ""gross_amount"": 0.21300878877502039, ""gross_amount_pct_nav"": 0.158095494436502, ""fee"": 6.390263663250611e-05, ""fee_pct_nav"": 4.74286483309506e-05, ""name"": ""中信银行""}, {""ts_code"": ""01288.HK"", ""side"": ""buy"", ""current_weight"": 0.0, ""target_weight"": 0.1704530012233824, ""post_trade_weight"": 0.17051867777479152, ""diff_weight"": 0.1704530012233824, ""gross_amount"": 0.22965858364953348, ""gross_amount_pct_nav"": 0.1704530012233824, ""fee"": 6.889757509486004e-05, ""fee_pct_nav"": 5.1135900367014713e-05, ""name"": ""农业银行""}, {""ts_code"": ""01339.HK"", ""side"": ""sell"", ""current_weight"": 0.15421008285981402, ""target_weight"": 0.0, ""post_trade_weight"": 0.0, ""diff_weight"": -0.15421008285981402, ""gross_amount"": 0.20777380838046425, ""gross_amount_pct_nav"": 0.15421008285981402, ""fee"": 6.233214251413927e-05, ""fee_pct_nav"": 4.626302485794421e-05, ""name"": ""中国人民保险集团""}, {""ts_code"": ""02208.HK"", ""side"": ""sell"", ""current_weight"": 0.1468631307876144, ""target_weight"": 0.0, ""post_trade_weight"": 0.0, ""diff_weight"": -0.1468631307876144, ""gross_amount"": 0.19787494714051962, ""gross_amount_pct_nav"": 0.1468631307876144, ""fee"": 5.936248414215588e-05, ""fee_pct_nav"": 4.405893923628432e-05, ""name"": ""金风科技""}, {""ts_code"": ""06099.HK"", ""side"": ""sell"", ""current_weight"": 0.16706638725147188, ""target_weight"": 0.0, ""post_trade_weight"": 0.0, ""diff_weight"": -0.16706638725147188, ""gross_amount"": 0.22509565449853888, ""gross_amount_pct_nav"": 0.16706638725147188, ""fee"": 6.752869634956165e-05, ""fee_pct_nav"": 5.0119916175441555e-05, ""name"": ""招商证券""}, {""ts_code"": ""06178.HK"", ""side"": ""buy"", ""current_weight"": 0.0, ""target_weight"": 0.14197700732317986, ""post_trade_weight"": 0.14203171190540162, ""diff_weight"": 0.14197700732317986, ""gross_amount"": 0.1912916650256556, ""gross_amount_pct_nav"": 0.14197700732317986, ""fee"": 5.738749950769667e-05, ""fee_pct_nav"": 4.2593102196953954e-05, ""name"": ""光大证券""}, {""ts_code"": ""06881.HK"", ""side"": ""sell"", ""current_weight"": 0.14576995292389602, ""target_weight"": 0.0, ""post_trade_weight"": 0.0, ""diff_weight"": -0.14576995292389602, ""gross_amount"": 0.19640206207509583, ""gross_amount_pct_nav"": 0.14576995292389602, ""fee"": 5.8920618622528744e-05, ""fee_pct_nav"": 4.3730985877168805e-05, ""name"": ""中国银河""}, {""ts_code"": ""09992.HK"", ""side"": ""sell"", ""current_weight"": 0.20157248191913707, ""target_weight"": 0.17367669864604682, ""post_trade_weight"": 0.17374361730717527, ""diff_weight"": -0.027895783273090263, ""gross_amount"": 0.03758517615008955, ""gross_amount_pct_nav"": 0.027895783273090263, ""fee"": 1.1275552845026865e-05, ""fee_pct_nav"": 8.368734981927079e-06, ""name"": ""泡泡玛特""}]"
2024-12-16,0.46399914,0.92799829,0.61222859,0.60721193,0.00036583,0.00018367,0.00018216,0.00000000,rebalance,"[{""ts_code"": ""00998.HK"", ""side"": ""sell"", ""current_weight"": 0.15694300486455504, ""target_weight"": 0.0, ""post_trade_weight"": 0.0, ""diff_weight"": -0.15694300486455504, ""gross_amount"": 0.20623169525198085, ""gross_amount_pct_nav"": 0.15694300486455504, ""fee"": 6.186950857559425e-05, ""fee_pct_nav"": 4.7082901459366505e-05, ""name"": ""中信银行""}, {""ts_code"": ""01114.HK"", ""side"": ""buy"", ""current_weight"": 0.0, ""target_weight"": 0.15127862709650092, ""post_trade_weight"": 0.15132075471698098, ""diff_weight"": 0.15127862709650092, ""gross_amount"": 0.19878839294830958, ""gross_amount_pct_nav"": 0.15127862709650092, ""fee"": 5.963651788449287e-05, ""fee_pct_nav"": 4.538358812895027e-05, ""name"": ""BRILLIANCE CHI""}, {""ts_code"": ""01288.HK"", ""side"": ""sell"", ""current_weight"": 0.1747709447224231, ""target_weight"": 0.0, ""post_trade_weight"": 0.0, ""diff_weight"": -0.1747709447224231, ""gross_amount"": 0.22965858364953348, ""gross_amount_pct_nav"": 0.1747709447224231, ""fee"": 6.889757509486004e-05, ""fee_pct_nav"": 5.243128341672693e-05, ""name"": ""农业银行""}, {""ts_code"": ""06099.HK"", ""side"": ""buy"", ""current_weight"": 0.0, ""target_weight"": 0.1641052438578003, ""post_trade_weight"": 0.1641509433962263, ""diff_weight"": 0.1641052438578003, ""gross_amount"": 0.21564326915839074, ""gross_amount_pct_nav"": 0.1641052438578003, ""fee"": 6.469298074751721e-05, ""fee_pct_nav"": 4.9231573157340074e-05, ""name"": ""招商证券""}, {""ts_code"": ""06178.HK"", ""side"": ""sell"", ""current_weight"": 0.13037634910750442, ""target_weight"": 0.0, ""post_trade_weight"": 0.0, ""diff_weight"": -0.13037634910750442, ""gross_amount"": 0.17132165603946078, ""gross_amount_pct_nav"": 0.13037634910750442, ""fee"": 5.139649681183823e-05, ""fee_pct_nav"": 3.911290473225132e-05, ""name"": ""光大证券""}, {""ts_code"": ""06881.HK"", ""side"": ""buy"", ""current_weight"": 0.0, ""target_weight"": 0.1505241202281892, ""post_trade_weight"": 0.15056603773584892, ""diff_weight"": 0.1505241202281892, ""gross_amount"": 0.19779692964183423, ""gross_amount_pct_nav"": 0.1505241202281892, ""fee"": 5.9339078892550264e-05, ""fee_pct_nav"": 4.5157236068456756e-05, ""name"": ""中国银河""}]"
2024-12-23,0.65672581,1.31345163,0.86616832,0.86493189,0.00051933,0.00025985,0.00025948,0.00000000,rebalance,"[{""ts_code"": ""00175.HK"", ""side"": ""sell"", ""current_weight"": 0.17171032252656543, ""target_weight"": 0.0, ""post_trade_weight"": 0.0, ""diff_weight"": -0.17171032252656543, ""gross_amount"": 0.22631040970702443, ""gross_amount_pct_nav"": 0.17171032252656543, ""fee"": 6.789312291210733e-05, ""fee_pct_nav"": 5.151309675796963e-05, ""name"": ""吉利汽车""}, {""ts_code"": ""00981.HK"", ""side"": ""buy"", ""current_weight"": 0.0, ""target_weight"": 0.15069436650942042, ""post_trade_weight"": 0.1507537688442209, ""diff_weight"": 0.15069436650942042, ""gross_amount"": 0.19861184420063754, ""gross_amount_pct_nav"": 0.15069436650942042, ""fee"": 5.958355326019126e-05, ""fee_pct_nav"": 4.520830995282612e-05, ""name"": ""中芯国际""}, {""ts_code"": ""01114.HK"", ""side"": ""sell"", ""current_weight"": 0.15510107772691875, ""target_weight"": 0.0, ""post_trade_weight"": 0.0, ""diff_weight"": -0.15510107772691875, ""gross_amount"": 0.20441979218197276, ""gross_amount_pct_nav"": 0.15510107772691875, ""fee"": 6.132593765459183e-05, ""fee_pct_nav"": 4.6530323318075624e-05, ""name"": ""BRILLIANCE CHI""}, {""ts_code"": ""01288.HK"", ""side"": ""buy"", ""current_weight"": 0.0, ""target_weight"": 0.1841820035115139, ""post_trade_weight"": 0.18425460636515892, ""diff_weight"": 0.1841820035115139, ""gross_amount"": 0.24274780957855707, ""gross_amount_pct_nav"": 0.1841820035115139, ""fee"": 7.282434287356711e-05, ""fee_pct_nav"": 5.525460105345416e-05, ""name"": ""农业银行""}, {""ts_code"": ""01398.HK"", ""side"": ""buy"", ""current_weight"": 0.0, ""target_weight"": 0.16241503946015315, ""post_trade_weight"": 0.1624790619765492, ""diff_weight"": 0.16241503946015315, ""gross_amount"": 0.2140594320829094, ""gross_amount_pct_nav"": 0.16241503946015315, ""fee"": 6.421782962487281e-05, ""fee_pct_nav"": 4.872451183804594e-05, ""name"": ""工商银行""}, {""ts_code"": ""01988.HK"", ""side"": ""buy"", ""current_weight"": 0.0, ""target_weight"": 0.1599034666849961, ""post_trade_weight"": 0.15996649916247882, ""diff_weight"": 0.1599034666849961, ""gross_amount"": 0.21074923467956538, ""gross_amount_pct_nav"": 0.1599034666849961, ""fee"": 6.322477040386961e-05, ""fee_pct_nav"": 4.7971040005498824e-05, ""name"": ""民生银行""}, {""ts_code"": ""06099.HK"", ""side"": ""sell"", ""current_weight"": 0.16593010440246378, ""target_weight"": 0.0, ""post_trade_weight"": 0.0, ""diff_weight"": -0.16593010440246378, ""gross_amount"": 0.21869220998196695, ""gross_amount_pct_nav"": 0.16593010440246378, ""fee"": 6.560766299459008e-05, ""fee_pct_nav"": 4.977903132073913e-05, ""name"": ""招商证券""}, {""ts_code"": ""06881.HK"", ""side"": ""sell"", ""current_weight"": 0.15092755518812678, ""target_weight"": 0.0, ""post_trade_weight"": 0.0, ""diff_weight"": -0.15092755518812678, ""gross_amount"": 0.19891918172490847, ""gross_amount_pct_nav"": 0.15092755518812678, ""fee"": 5.9675754517472536e-05, ""fee_pct_nav"": 4.527826655643803e-05, ""name"": ""中国银河""}, {""ts_code"": ""09992.HK"", ""side"": ""sell"", ""current_weight"": 0.167468010157449, ""target_weight"": 0.1548803211346821, ""post_trade_weight"": 0.15494137353433815, ""diff_weight"": -0.012587689022766902, ""gross_amount"": 0.01659029590120456, ""gross_amount_pct_nav"": 0.012587689022766902, ""fee"": 4.977088770361368e-06, ""fee_pct_nav"": 3.7763067068300704e-06, ""name"": ""泡泡玛特""}]"
2024-12-30,0.48677582,0.97355164,0.66689219,0.67650103,0.00040302,0.00020007,0.00020295,0.00000000,rebalance,"[{""ts_code"": ""00939.HK"", ""side"": ""buy"", ""current_weight"": 0.0, ""target_weight"": 0.17400624853952, ""post_trade_weight"": 0.17405708460754324, ""diff_weight"": 0.17400624853952, ""gross_amount"": 0.24010931124667603, ""gross_amount_pct_nav"": 0.17400624853952, ""fee"": 7.20327933740028e-05, ""fee_pct_nav"": 5.220187456185599e-05, ""name"": ""建设银行""}, {""ts_code"": ""00981.HK"", ""side"": ""sell"", ""current_weight"": 0.1612447551651187, ""target_weight"": 0.0, ""post_trade_weight"": 0.0, ""diff_weight"": -0.1612447551651187, ""gross_amount"": 0.222499866698996, ""gross_amount_pct_nav"": 0.1612447551651187, ""fee"": 6.674996000969879e-05, ""fee_pct_nav"": 4.8373426549535614e-05, ""name"": ""中芯国际""}, {""ts_code"": ""00998.HK"", ""side"": ""buy"", ""current_weight"": 0.0, ""target_weight"": 0.154643913416528, ""post_trade_weight"": 0.15468909276248716, ""diff_weight"": 0.154643913416528, ""gross_amount"": 0.21339143766725086, ""gross_amount_pct_nav"": 0.154643913416528, ""fee"": 6.401743130017526e-05, ""fee_pct_nav"": 4.63931740249584e-05, ""name"": ""中信银行""}, {""ts_code"": ""01800.HK"", ""side"": ""buy"", ""current_weight"": 0.0, ""target_weight"": 0.154643913416528, ""post_trade_weight"": 0.15468909276248716, ""diff_weight"": 0.154643913416528, ""gross_amount"": 0.21339143766725086, ""gross_amount_pct_nav"": 0.154643913416528, ""fee"": 6.401743130017526e-05, ""fee_pct_nav"": 4.63931740249584e-05, ""name"": ""中国交通建设""}, {""ts_code"": ""01810.HK"", ""side"": ""sell"", ""current_weight"": 0.20420348900305965, ""target_weight"": 0.18012067015730693, ""post_trade_weight"": 0.18017329255861358, ""diff_weight"": -0.024082818845752713, ""gross_amount"": 0.033231617223325405, ""gross_amount_pct_nav"": 0.024082818845752713, ""fee"": 9.96948516699762e-06, ""fee_pct_nav"": 7.224845653725813e-06, ""name"": ""小米集团-W""}, {""ts_code"": ""01988.HK"", ""side"": ""sell"", ""current_weight"": 0.1616578988763236, ""target_weight"": 0.0, ""post_trade_weight"": 0.0, ""diff_weight"": -0.1616578988763236, ""gross_amount"": 0.22306995916852457, ""gross_amount_pct_nav"": 0.1616578988763236, ""fee"": 6.692098775055736e-05, ""fee_pct_nav"": 4.8497369662897074e-05, ""name"": ""民生银行""}, {""ts_code"": ""09992.HK"", ""side"": ""sell"", ""current_weight"": 0.14327209118999115, ""target_weight"": 0.0, ""post_trade_weight"": 0.0, ""diff_weight"": -0.14327209118999115, ""gross_amount"": 0.1976995850737317, ""gross_amount_pct_nav"": 0.14327209118999115, ""fee"": 5.93098755221195e-05, ""fee_pct_nav"": 4.298162735699734e-05, ""name"": ""泡泡玛特""}]"
2025-01-06,0.64617560,1.29235119,0.87951286,0.88336843,0.00052886,0.00026385,0.00026501,0.00000000,rebalance,"[{""ts_code"": ""00175.HK"", ""side"": ""buy"", ""current_weight"": 0.0, ""target_weight"": 0.15387290378211144, ""post_trade_weight"": 0.1539325842696624, ""diff_weight"": 0.15387290378211144, ""gross_amount"": 0.209896245933088, ""gross_amount_pct_nav"": 0.15387290378211144, ""fee"": 6.29688737799264e-05, ""fee_pct_nav"": 4.616187113463343e-05, ""name"": ""吉利汽车""}, {""ts_code"": ""00939.HK"", ""side"": ""sell"", ""current_weight"": 0.1703251427053077, ""target_weight"": 0.0, ""post_trade_weight"": 0.0, ""diff_weight"": -0.1703251427053077, ""gross_amount"": 0.23233855450265298, ""gross_amount_pct_nav"": 0.1703251427053077, ""fee"": 6.97015663507959e-05, ""fee_pct_nav"": 5.1097542811592314e-05, ""name"": ""建设银行""}, {""ts_code"": ""00981.HK"", ""side"": ""buy"", ""current_weight"": 0.0, ""target_weight"": 0.14488762472914146, ""post_trade_weight"": 0.1449438202247186, ""diff_weight"": 0.14488762472914146, ""gross_amount"": 0.19763953084210478, ""gross_amount_pct_nav"": 0.14488762472914146, ""fee"": 5.929185925263143e-05, ""fee_pct_nav"": 4.346628741874243e-05, ""name"": ""中芯国际""}, {""ts_code"": ""00998.HK"", ""side"": ""sell"", ""current_weight"": 0.15323074963581862, ""target_weight"": 0.0, ""post_trade_weight"": 0.0, ""diff_weight"": -0.15323074963581862, ""gross_amount"": 0.20902029089939284, ""gross_amount_pct_nav"": 0.15323074963581862, ""fee"": 6.270608726981784e-05, ""fee_pct_nav"": 4.596922489074558e-05, ""name"": ""中信银行""}, {""ts_code"": ""01288.HK"", ""side"": ""sell"", ""current_weight"": 0.1805240045528991, ""target_weight"": 0.16285818283508144, ""post_trade_weight"": 0.16292134831460617, ""diff_weight"": -0.017665821717817658, ""gross_amount"": 0.024097742804306627, ""gross_amount_pct_nav"": 0.017665821717817658, ""fee"": 7.229322841291987e-06, ""fee_pct_nav"": 5.299746515345296e-06, ""name"": ""农业银行""}, {""ts_code"": ""01398.HK"", ""side"": ""sell"", ""current_weight"": 0.15562048174939952, ""target_weight"": 0.0, ""post_trade_weight"": 0.0, ""diff_weight"": -0.15562048174939952, ""gross_amount"": 0.2122800967982706, ""gross_amount_pct_nav"": 0.15562048174939952, ""fee"": 6.368402903948117e-05, ""fee_pct_nav"": 4.668614452481985e-05, ""name"": ""工商银行""}, {""ts_code"": ""01800.HK"", ""side"": ""sell"", ""current_weight"": 0.1507466424260295, ""target_weight"": 0.0, ""post_trade_weight"": 0.0, ""diff_weight"": -0.1507466424260295, ""gross_amount"": 0.20563174902480538, ""gross_amount_pct_nav"": 0.1507466424260295, ""fee"": 6.168952470744161e-05, ""fee_pct_nav"": 4.522399272780885e-05, ""name"": ""中国交通建设""}, {""ts_code"": ""01810.HK"", ""side"": ""buy"", ""current_weight"": 0.19199175976644262, ""target_weight"": 0.20890773798155277, ""post_trade_weight"": 0.2089887640449431, ""diff_weight"": 0.016915978215110167, ""gross_amount"": 0.02307488996675644, ""gross_amount_pct_nav"": 0.016915978215110167, ""fee"": 6.9224669900269315e-06, ""fee_pct_nav"": 5.07479346453305e-06, ""name"": ""小米集团-W""}, {""ts_code"": ""06969.HK"", ""side"": ""buy"", ""current_weight"": 0.0, ""target_weight"": 0.17072030200643024, ""post_trade_weight"": 0.170786516853932, ""diff_weight"": 0.17072030200643024, ""gross_amount"": 0.2328775867286816, ""gross_amount_pct_nav"": 0.17072030200643024, ""fee"": 6.986327601860448e-05, ""fee_pct_nav"": 5.121609060192907e-05, ""name"": ""思摩尔国际""}, {""ts_code"": ""09992.HK"", ""side"": ""buy"", ""current_weight"": 0.0, ""target_weight"": 0.15836554330859642, ""post_trade_weight"": 0.15842696629213424, ""diff_weight"": 0.15836554330859642, ""gross_amount"": 0.21602460347857957, ""gross_amount_pct_nav"": 0.15836554330859642, ""fee"": 6.480738104357387e-05, ""fee_pct_nav"": 4.750966299257892e-05, ""name"": ""泡泡玛特""}]"
2025-01-13,0.19575415,0.39150830,0.26915600,0.24488513,0.00015421,0.00008075,0.00007347,0.00000000,rebalance,"[{""ts_code"": ""00005.HK"", ""side"": ""buy"", ""current_weight"": 0.0, ""target_weight"": 0.2049968402847516, ""post_trade_weight"": 0.20502092050211482, ""diff_weight"": 0.2049968402847516, ""gross_amount"": 0.26915600406785184, ""gross_amount_pct_nav"": 0.2049968402847516, ""fee"": 8.074680122035554e-05, ""fee_pct_nav"": 6.149905208542547e-05, ""name"": ""汇丰控股""}, {""ts_code"": ""00981.HK"", ""side"": ""sell"", ""current_weight"": 0.17438894608041344, ""target_weight"": 0.15479353245991445, ""post_trade_weight"": 0.15481171548118872, ""diff_weight"": -0.019595413620499012, ""gross_amount"": 0.025728314742920394, ""gross_amount_pct_nav"": 0.019595413620499012, ""fee"": 7.718494422876118e-06, ""fee_pct_nav"": 5.878624086149703e-06, ""name"": ""中芯国际""}, {""ts_code"": ""01288.HK"", ""side"": ""sell"", ""current_weight"": 0.1664046276339858, ""target_weight"": 0.15270172796721293, ""post_trade_weight"": 0.15271966527198352, ""diff_weight"": -0.013702899666772884, ""gross_amount"": 0.01799158325234748, ""gross_amount_pct_nav"": 0.013702899666772884, ""fee"": 5.397474975704244e-06, ""fee_pct_nav"": 4.110869900031865e-06, ""name"": ""农业银行""}, {""ts_code"": ""06969.HK"", ""side"": ""sell"", ""current_weight"": 0.15321314233357727, ""target_weight"": 0.0, ""post_trade_weight"": 0.0, ""diff_weight"": -0.15321314233357727, ""gross_amount"": 0.2011652331026301, ""gross_amount_pct_nav"": 0.15321314233357727, ""fee"": 6.0349569930789026e-05, ""fee_pct_nav"": 4.5963942700073175e-05, ""name"": ""思摩尔国际""}]"
2025-01-20,0.37178837,0.74357674,0.50365800,0.52839270,0.00030962,0.00015110,0.00015852,0.00000000,rebalance,"[{""ts_code"": ""00005.HK"", ""side"": ""sell"", ""current_weight"": 0.2017775561498582, ""target_weight"": 0.17963690410728558, ""post_trade_weight"": 0.17967698519516861, ""diff_weight"": -0.022140652042572647, ""gross_amount"": 0.030730218319305558, ""gross_amount_pct_nav"": 0.022140652042572647, ""fee"": 9.219065495791666e-06, ""fee_pct_nav"": 6.642195612771793e-06, ""name"": ""汇丰控股""}, {""ts_code"": ""00175.HK"", ""side"": ""sell"", ""current_weight"": 0.15229201231457576, ""target_weight"": 0.0, ""post_trade_weight"": 0.0, ""diff_weight"": -0.15229201231457576, ""gross_amount"": 0.21137438851008164, ""gross_amount_pct_nav"": 0.15229201231457576, ""fee"": 6.341231655302448e-05, ""fee_pct_nav"": 4.568760369437272e-05, ""name"": ""吉利汽车""}, {""ts_code"": ""00763.HK"", ""side"": ""buy"", ""current_weight"": 0.0, ""target_weight"": 0.16618095623408066, ""post_trade_weight"": 0.16621803499328333, ""diff_weight"": 0.16618095623408066, ""gross_amount"": 0.2306516111524092, ""gross_amount_pct_nav"": 0.16618095623408066, ""fee"": 6.919548334572276e-05, ""fee_pct_nav"": 4.98542868702242e-05, ""name"": ""中兴通讯""}, {""ts_code"": ""00981.HK"", ""side"": ""buy"", ""current_weight"": 0.16795926195264885, ""target_weight"": 0.18412222006502055, ""post_trade_weight"": 0.18416330192913039, ""diff_weight"": 0.016162958112371707, ""gross_amount"": 0.022433450944620875, ""gross_amount_pct_nav"": 0.016162958112371707, ""fee"": 6.7300352833862616e-06, ""fee_pct_nav"": 4.848887433711512e-06, ""name"": ""中芯国际""}, {""ts_code"": ""01288.HK"", ""side"": ""sell"", ""current_weight"": 0.14445268463073288, ""target_weight"": 0.1329896181468419, ""post_trade_weight"": 0.1330192911619663, ""diff_weight"": -0.011463066483890975, ""gross_amount"": 0.015910215064187994, ""gross_amount_pct_nav"": 0.011463066483890975, ""fee"": 4.7730645192563975e-06, ""fee_pct_nav"": 3.438919945167292e-06, ""name"": ""农业银行""}, {""ts_code"": ""01810.HK"", ""side"": ""sell"", ""current_weight"": 0.19626581362283535, ""target_weight"": 0.1563132611270637, ""post_trade_weight"": 0.15634813817856744, ""diff_weight"": -0.03995255249577163, ""gross_amount"": 0.05545232625705088, ""gross_amount_pct_nav"": 0.03995255249577163, ""fee"": 1.663569787711526e-05, ""fee_pct_nav"": 1.1985765748731488e-05, ""name"": ""小米集团-W""}, {""ts_code"": ""01988.HK"", ""side"": ""buy"", ""current_weight"": 0.0, ""target_weight"": 0.18053396729883256, ""post_trade_weight"": 0.18057424854196097, ""diff_weight"": 0.18053396729883256, ""gross_amount"": 0.2505729378916186, ""gross_amount_pct_nav"": 0.18053396729883256, ""fee"": 7.517188136748558e-05, ""fee_pct_nav"": 5.416019018964976e-05, ""name"": ""民生银行""}, {""ts_code"": ""09992.HK"", ""side"": ""sell"", ""current_weight"": 0.15485057152487663, ""target_weight"": 0.0, ""post_trade_weight"": 0.0, ""diff_weight"": -0.15485057152487663, ""gross_amount"": 0.21492555235856423, ""gross_amount_pct_nav"": 0.15485057152487663, ""fee"": 6.447766570756926e-05, ""fee_pct_nav"": 4.645517145746298e-05, ""name"": ""泡泡玛特""}]"
2025-01-27,0.83236583,1.66473165,1.17944689,1.19340429,0.00071186,0.00035383,0.00035802,0.00000000,rebalance,"[{""ts_code"": ""00005.HK"", ""side"": ""sell"", ""current_weight"": 0.1773778712212212, ""target_weight"": 0.0, ""post_trade_weight"": 0.0, ""diff_weight"": -0.1773778712212212, ""gross_amount"": 0.25282830985832444, ""gross_amount_pct_nav"": 0.1773778712212212, ""fee"": 7.584849295749733e-05, ""fee_pct_nav"": 5.3213361366366355e-05, ""name"": ""汇丰控股""}, {""ts_code"": ""00763.HK"", ""side"": ""sell"", ""current_weight"": 0.1693603590619704, ""target_weight"": 0.0, ""post_trade_weight"": 0.0, ""diff_weight"": -0.1693603590619704, ""gross_amount"": 0.24140042409931758, ""gross_amount_pct_nav"": 0.1693603590619704, ""fee"": 7.242012722979526e-05, ""fee_pct_nav"": 5.080810771859111e-05, ""name"": ""中兴通讯""}, {""ts_code"": ""00939.HK"", ""side"": ""buy"", ""current_weight"": 0.0, ""target_weight"": 0.16736163004936355, ""post_trade_weight"": 0.16744525547445127, ""diff_weight"": 0.16736163004936355, ""gross_amount"": 0.23855150458842805, ""gross_amount_pct_nav"": 0.16736163004936355, ""fee"": 7.156545137652841e-05, ""fee_pct_nav"": 5.020848901480906e-05, ""name"": ""建设银行""}, {""ts_code"": ""00981.HK"", ""side"": ""sell"", ""current_weight"": 0.1736015103346601, ""target_weight"": 0.0, ""post_trade_weight"": 0.0, ""diff_weight"": -0.1736015103346601, ""gross_amount"": 0.24744561508478324, ""gross_amount_pct_nav"": 0.1736015103346601, ""fee"": 7.423368452543497e-05, ""fee_pct_nav"": 5.2080453100398024e-05, ""name"": ""中芯国际""}, {""ts_code"": ""00998.HK"", ""side"": ""buy"", ""current_weight"": 0.0, ""target_weight"": 0.16561068012731264, ""post_trade_weight"": 0.165693430656933, ""diff_weight"": 0.16561068012731264, ""gross_amount"": 0.2360557608612605, ""gross_amount_pct_nav"": 0.16561068012731264, ""fee"": 7.081672825837814e-05, ""fee_pct_nav"": 4.968320403819378e-05, ""name"": ""中信银行""}, {""ts_code"": ""01288.HK"", ""side"": ""sell"", ""current_weight"": 0.13477842890229752, ""target_weight"": 0.0, ""post_trade_weight"": 0.0, ""diff_weight"": -0.13477842890229752, ""gross_amount"": 0.19210853163430824, ""gross_amount_pct_nav"": 0.13477842890229752, ""fee"": 5.763255949029247e-05, ""fee_pct_nav"": 4.043352867068925e-05, ""name"": ""农业银行""}, {""ts_code"": ""01398.HK"", ""side"": ""buy"", ""current_weight"": 0.0, ""target_weight"": 0.16794528002338052, ""post_trade_weight"": 0.1680291970802907, ""diff_weight"": 0.16794528002338052, ""gross_amount"": 0.2393834191641506, ""gross_amount_pct_nav"": 0.16794528002338052, ""fee"": 7.181502574924517e-05, ""fee_pct_nav"": 5.038358400701416e-05, ""name"": ""工商银行""}, {""ts_code"": ""01988.HK"", ""side"": ""sell"", ""current_weight"": 0.18214373297321867, ""target_weight"": 0.0, ""post_trade_weight"": 0.0, ""diff_weight"": -0.18214373297321867, ""gross_amount"": 0.25962140509326037, ""gross_amount_pct_nav"": 0.18214373297321867, ""fee"": 7.788642152797811e-05, ""fee_pct_nav"": 5.46431198919656e-05, ""name"": ""民生银行""}, {""ts_code"": ""02328.HK"", ""side"": ""buy"", ""current_weight"": 0.0, ""target_weight"": 0.1650270301532957, ""post_trade_weight"": 0.16510948905109363, ""diff_weight"": 0.1650270301532957, ""gross_amount"": 0.23522384628553802, ""gross_amount_pct_nav"": 0.1650270301532957, ""fee"": 7.05671538856614e-05, ""fee_pct_nav"": 4.9508109045988704e-05, ""name"": ""中国财险""}, {""ts_code"": ""03988.HK"", ""side"": ""buy"", ""current_weight"": 0.0, ""target_weight"": 0.16152513030919396, ""post_trade_weight"": 0.1616058394160572, ""diff_weight"": 0.16152513030919396, ""gross_amount"": 0.23023235883120305, ""gross_amount_pct_nav"": 0.16152513030919396, ""fee"": 6.906970764936092e-05, ""fee_pct_nav"": 4.8457539092758187e-05, ""name"": ""中国银行""}]"
2025-02-03,0.50491871,1.00983741,0.72606426,0.70564781,0.00042951,0.00021782,0.00021169,0.00000000,rebalance,"[{""ts_code"": ""00939.HK"", ""side"": ""sell"", ""current_weight"": 0.16537591599353701, ""target_weight"": 0.0, ""post_trade_weight"": 0.0, ""diff_weight"": -0.16537591599353701, ""gross_amount"": 0.23446417351292537, ""gross_amount_pct_nav"": 0.16537591599353701, ""fee"": 7.03392520538776e-05, ""fee_pct_nav"": 4.9612774798061096e-05, ""name"": ""建设银行""}, {""ts_code"": ""01398.HK"", ""side"": ""sell"", ""current_weight"": 0.1669484928498252, ""target_weight"": 0.0, ""post_trade_weight"": 0.0, ""diff_weight"": -0.1669484928498252, ""gross_amount"": 0.23669371782522758, ""gross_amount_pct_nav"": 0.1669484928498252, ""fee"": 7.100811534756827e-05, ""fee_pct_nav"": 5.0084547854947555e-05, ""name"": ""工商银行""}, {""ts_code"": ""01810.HK"", ""side"": ""buy"", ""current_weight"": 0.16735902597013438, ""target_weight"": 0.19217793104077716, ""post_trade_weight"": 0.19223616922361642, ""diff_weight"": 0.024818905070642775, ""gross_amount"": 0.035187373142721856, ""gross_amount_pct_nav"": 0.024818905070642775, ""fee"": 1.0556211942816555e-05, ""fee_pct_nav"": 7.445671521192831e-06, ""name"": ""小米集团-W""}, {""ts_code"": ""02328.HK"", ""side"": ""sell"", ""current_weight"": 0.16539407486782992, ""target_weight"": 0.0, ""post_trade_weight"": 0.0, ""diff_weight"": -0.16539407486782992, ""gross_amount"": 0.2344899185280168, ""gross_amount_pct_nav"": 0.16539407486782992, ""fee"": 7.034697555840503e-05, ""fee_pct_nav"": 4.9618222460348975e-05, ""name"": ""中国财险""}, {""ts_code"": ""02618.HK"", ""side"": ""buy"", ""current_weight"": 0.0, ""target_weight"": 0.15313815786683455, ""post_trade_weight"": 0.15318456531845617, ""diff_weight"": 0.15313815786683455, ""gross_amount"": 0.2171139092523149, ""gross_amount_pct_nav"": 0.15313815786683455, ""fee"": 6.513417277569447e-05, ""fee_pct_nav"": 4.5941447360050364e-05, ""name"": ""京东物流""}, {""ts_code"": ""03888.HK"", ""side"": ""buy"", ""current_weight"": 0.0, ""target_weight"": 0.1568562315024481, ""post_trade_weight"": 0.15690376569037615, ""diff_weight"": 0.1568562315024481, ""gross_amount"": 0.22238526364994313, ""gross_amount_pct_nav"": 0.1568562315024481, ""fee"": 6.671557909498293e-05, ""fee_pct_nav"": 4.705686945073442e-05, ""name"": ""金山软件""}, {""ts_code"": ""09992.HK"", ""side"": ""buy"", ""current_weight"": 0.0, ""target_weight"": 0.17730563649832282, ""post_trade_weight"": 0.1773593677359363, ""diff_weight"": 0.17730563649832282, ""gross_amount"": 0.2513777128368987, ""gross_amount_pct_nav"": 0.17730563649832282, ""fee"": 7.54133138510696e-05, ""fee_pct_nav"": 5.3191690949496836e-05, ""name"": ""泡泡玛特""}]"
2025-02-10,0.66665821,1.33331643,1.00986661,1.01339372,0.00060698,0.00030296,0.00030402,0.00000000,rebalance,"[{""ts_code"": ""00175.HK"", ""side"": ""buy"", ""current_weight"": 0.0, ""target_weight"": 0.17654357116157732, ""post_trade_weight"": 0.17661421595225155, ""diff_weight"": 0.17654357116157732, ""gross_amount"": 0.26789859946135375, ""gross_amount_pct_nav"": 0.17654357116157732, ""fee"": 8.036957983840612e-05, ""fee_pct_nav"": 5.296307134847319e-05, ""name"": ""吉利汽车""}, {""ts_code"": ""00285.HK"", ""side"": ""buy"", ""current_weight"": 0.0, ""target_weight"": 0.15810276802949244, ""post_trade_weight"": 0.1581660336408028, ""diff_weight"": 0.15810276802949244, ""gross_amount"": 0.23991533561592815, ""gross_amount_pct_nav"": 0.15810276802949244, ""fee"": 7.197460068477843e-05, ""fee_pct_nav"": 4.743083040884772e-05, ""name"": ""比亚迪电子""}, {""ts_code"": ""01211.HK"", ""side"": ""buy"", ""current_weight"": 0.0, ""target_weight"": 0.17166218209720188, ""post_trade_weight"": 0.17173087357569156, ""diff_weight"": 0.17166218209720188, ""gross_amount"": 0.2604912649140352, ""gross_amount_pct_nav"": 0.17166218209720188, ""fee"": 7.814737947421054e-05, ""fee_pct_nav"": 5.149865462916056e-05, ""name"": ""比亚迪股份""}, {""ts_code"": ""01398.HK"", ""side"": ""buy"", ""current_weight"": 0.0, ""target_weight"": 0.1591875211549092, ""post_trade_weight"": 0.15925122083559393, ""diff_weight"": 0.1591875211549092, ""gross_amount"": 0.24156140995977674, ""gross_amount_pct_nav"": 0.1591875211549092, ""fee"": 7.246842298793301e-05, ""fee_pct_nav"": 4.775625634647275e-05, ""name"": ""工商银行""}, {""ts_code"": ""01810.HK"", ""side"": ""sell"", ""current_weight"": 0.20699291632856381, ""target_weight"": 0.18359446647678626, ""post_trade_weight"": 0.18366793271839368, ""diff_weight"": -0.02339844985177755, ""gross_amount"": 0.03550631667647025, ""gross_amount_pct_nav"": 0.02339844985177755, ""fee"": 1.0651895002941075e-05, ""fee_pct_nav"": 7.019534955533264e-06, ""name"": ""小米集团-W""}, {""ts_code"": ""02618.HK"", ""side"": ""sell"", ""current_weight"": 0.1506540388809691, ""target_weight"": 0.0, ""post_trade_weight"": 0.0, ""diff_weight"": -0.1506540388809691, ""gross_amount"": 0.22861215366754656, ""gross_amount_pct_nav"": 0.1506540388809691, ""fee"": 6.858364610026397e-05, ""fee_pct_nav"": 4.519621166429073e-05, ""name"": ""京东物流""}, {""ts_code"": ""03888.HK"", ""side"": ""sell"", ""current_weight"": 0.1561313426190988, ""target_weight"": 0.0, ""post_trade_weight"": 0.0, ""diff_weight"": -0.1561313426190988, ""gross_amount"": 0.23692376756894667, ""gross_amount_pct_nav"": 0.1561313426190988, ""fee"": 7.1077130270684e-05, ""fee_pct_nav"": 4.683940278572964e-05, ""name"": ""金山软件""}, {""ts_code"": ""03988.HK"", ""side"": ""sell"", ""current_weight"": 0.15472613534936636, ""target_weight"": 0.0, ""post_trade_weight"": 0.0, ""diff_weight"": -0.15472613534936636, ""gross_amount"": 0.23479141544172194, ""gross_amount_pct_nav"": 0.15472613534936636, ""fee"": 7.043742463251657e-05, ""fee_pct_nav"": 4.6417840604809894e-05, ""name"": ""中国银行""}, {""ts_code"": ""09992.HK"", ""side"": ""sell"", ""current_weight"": 0.1829104190440033, ""target_weight"": 0.0, ""post_trade_weight"": 0.0, ""diff_weight"": -0.1829104190440033, ""gross_amount"": 0.27756006501041264, ""gross_amount_pct_nav"": 0.1829104190440033, ""fee"": 8.326801950312378e-05, ""fee_pct_nav"": 5.4873125713200986e-05, ""name"": ""泡泡玛特""}]"
2025-02-17,0.49530318,0.99060636,0.78115488,0.76783976,0.00046470,0.00023435,0.00023035,0.00000000,rebalance,"[{""ts_code"": ""00175.HK"", ""side"": ""sell"", ""current_weight"": 0.16320383781574171, ""target_weight"": 0.0, ""post_trade_weight"": 0.0, ""diff_weight"": -0.16320383781574171, ""gross_amount"": 0.2551991173198448, ""gross_amount_pct_nav"": 0.16320383781574171, ""fee"": 7.655973519595343e-05, ""fee_pct_nav"": 4.896115134472251e-05, ""name"": ""吉利汽车""}, {""ts_code"": ""00285.HK"", ""side"": ""sell"", ""current_weight"": 0.15809614271652714, ""target_weight"": 0.0, ""post_trade_weight"": 0.0, ""diff_weight"": -0.15809614271652714, ""gross_amount"": 0.24721229974065223, ""gross_amount_pct_nav"": 0.15809614271652714, ""fee"": 7.416368992219567e-05, ""fee_pct_nav"": 4.742884281495814e-05, ""name"": ""比亚迪电子""}, {""ts_code"": ""00998.HK"", ""side"": ""sell"", ""current_weight"": 0.1553212560415, ""target_weight"": 0.0, ""post_trade_weight"": 0.0, ""diff_weight"": -0.1553212560415, ""gross_amount"": 0.2428732557597807, ""gross_amount_pct_nav"": 0.1553212560415, ""fee"": 7.28619767279342e-05, ""fee_pct_nav"": 4.659637681244999e-05, ""name"": ""中信银行""}, {""ts_code"": ""01211.HK"", ""side"": ""sell"", ""current_weight"": 0.17920092706084498, ""target_weight"": 0.16477659821442517, ""post_trade_weight"": 0.16482558139534878, ""diff_weight"": -0.014424328846419794, ""gross_amount"": 0.022555082275047156, ""gross_amount_pct_nav"": 0.014424328846419794, ""fee"": 6.766524682514146e-06, ""fee_pct_nav"": 4.3272986539259384e-06, ""name"": ""比亚迪股份""}, {""ts_code"": ""03690.HK"", ""side"": ""buy"", ""current_weight"": 0.0, ""target_weight"": 0.17058882390100102, ""post_trade_weight"": 0.17063953488372088, ""diff_weight"": 0.17058882390100102, ""gross_amount"": 0.2667468968059209, ""gross_amount_pct_nav"": 0.17058882390100102, ""fee"": 8.002406904177626e-05, ""fee_pct_nav"": 5.1176647170300307e-05, ""name"": ""美团-W""}, {""ts_code"": ""03888.HK"", ""side"": ""buy"", ""current_weight"": 0.0, ""target_weight"": 0.1607080402338221, ""post_trade_weight"": 0.1607558139534883, ""diff_weight"": 0.1607080402338221, ""gross_amount"": 0.25129648029586754, ""gross_amount_pct_nav"": 0.1607080402338221, ""fee"": 7.538894408876026e-05, ""fee_pct_nav"": 4.821241207014662e-05, ""name"": ""金山软件""}, {""ts_code"": ""09992.HK"", ""side"": ""buy"", ""current_weight"": 0.0, ""target_weight"": 0.16826393362637068, ""post_trade_weight"": 0.16831395348837203, ""diff_weight"": 0.16826393362637068, ""gross_amount"": 0.2631115046859083, ""gross_amount_pct_nav"": 0.16826393362637068, ""fee"": 7.893345140577249e-05, ""fee_pct_nav"": 5.04791800879112e-05, ""name"": ""泡泡玛特""}]"
2025-02-24,0.65221658,1.30443315,1.05089584,1.06760730,0.00063555,0.00031527,0.00032028,0.00000000,rebalance,"[{""ts_code"": ""00700.HK"", ""side"": ""buy"", ""current_weight"": 0.0, ""target_weight"": 0.15471717903553023, ""post_trade_weight"": 0.15477774820335358, ""diff_weight"": 0.15471717903553023, ""gross_amount"": 0.25127299851684454, ""gross_amount_pct_nav"": 0.15471717903553023, ""fee"": 7.538189955505336e-05, ""fee_pct_nav"": 4.641515371065907e-05, ""name"": ""腾讯控股""}, {""ts_code"": ""00762.HK"", ""side"": ""buy"", ""current_weight"": 0.0, ""target_weight"": 0.16216701740697448, ""post_trade_weight"": 0.16223050306095269, ""diff_weight"": 0.16216701740697448, ""gross_amount"": 0.26337212828205797, ""gross_amount_pct_nav"": 0.16216701740697448, ""fee"": 7.901163848461738e-05, ""fee_pct_nav"": 4.8650105222092334e-05, ""name"": ""中国联通""}, {""ts_code"": ""00763.HK"", ""side"": ""buy"", ""current_weight"": 0.0, ""target_weight"": 0.16003849215799043, ""post_trade_weight"": 0.1601011445302101, ""diff_weight"": 0.16003849215799043, ""gross_amount"": 0.2599152340634256, ""gross_amount_pct_nav"": 0.16003849215799043, ""fee"": 7.797457021902767e-05, ""fee_pct_nav"": 4.801154764739712e-05, ""name"": ""中兴通讯""}, {""ts_code"": ""00981.HK"", ""side"": ""buy"", ""current_weight"": 0.0, ""target_weight"": 0.17014898709066478, ""post_trade_weight"": 0.17021559755123752, ""diff_weight"": 0.17014898709066478, ""gross_amount"": 0.2763354816019296, ""gross_amount_pct_nav"": 0.17014898709066478, ""fee"": 8.290064448057887e-05, ""fee_pct_nav"": 5.104469612719943e-05, ""name"": ""中芯国际""}, {""ts_code"": ""01398.HK"", ""side"": ""sell"", ""current_weight"": 0.15257228039622542, ""target_weight"": 0.0, ""post_trade_weight"": 0.0, ""diff_weight"": -0.15257228039622542, ""gross_amount"": 0.24778951261067345, ""gross_amount_pct_nav"": 0.15257228039622542, ""fee"": 7.433685378320203e-05, ""fee_pct_nav"": 4.577168411886763e-05, ""name"": ""工商银行""}, {""ts_code"": ""01810.HK"", ""side"": ""sell"", ""current_weight"": 0.2023217083939712, ""target_weight"": 0.18025948202333916, ""post_trade_weight"": 0.18033005057226492, ""diff_weight"": -0.022062226370632057, ""gross_amount"": 0.035830809536884334, ""gross_amount_pct_nav"": 0.022062226370632057, ""fee"": 1.0749242861065298e-05, ""fee_pct_nav"": 6.618667911189616e-06, ""name"": ""小米集团-W""}, {""ts_code"": ""03690.HK"", ""side"": ""sell"", ""current_weight"": 0.16191112112407108, ""target_weight"": 0.0, ""post_trade_weight"": 0.0, ""diff_weight"": -0.16191112112407108, ""gross_amount"": 0.26295653237528616, ""gross_amount_pct_nav"": 0.16191112112407108, ""fee"": 7.888695971258584e-05, ""fee_pct_nav"": 4.857333633722132e-05, ""name"": ""美团-W""}, {""ts_code"": ""03888.HK"", ""side"": ""sell"", ""current_weight"": 0.15716835625288555, ""target_weight"": 0.0, ""post_trade_weight"": 0.0, ""diff_weight"": -0.15716835625288555, ""gross_amount"": 0.2552539051824166, ""gross_amount_pct_nav"": 0.15716835625288555, ""fee"": 7.657617155472497e-05, ""fee_pct_nav"": 4.715050687586566e-05, ""name"": ""金山软件""}, {""ts_code"": ""09992.HK"", ""side"": ""sell"", ""current_weight"": 0.16364749300149248, ""target_weight"": 0.0, ""post_trade_weight"": 0.0, ""diff_weight"": -0.16364749300149248, ""gross_amount"": 0.26577653834294795, ""gross_amount_pct_nav"": 0.16364749300149248, ""fee"": 7.973296150288438e-05, ""fee_pct_nav"": 4.9094247900447736e-05, ""name"": ""泡泡玛特""}]"
2025-03-03,0.68293815,1.36587630,1.01495729,1.01795137,0.00060987,0.00030449,0.00030539,0.00000000,rebalance,"[{""ts_code"": ""00005.HK"", ""side"": ""buy"", ""current_weight"": 0.0, ""target_weight"": 0.20511245371736656, ""post_trade_weight"": 0.20519653564290463, ""diff_weight"": 0.20511245371736656, ""gross_amount"": 0.30528012159913315, ""gross_amount_pct_nav"": 0.20511245371736656, ""fee"": 9.158403647973993e-05, ""fee_pct_nav"": 6.153373611520996e-05, ""name"": ""汇丰控股""}, {""ts_code"": ""00700.HK"", ""side"": ""sell"", ""current_weight"": 0.16407224931718015, ""target_weight"": 0.0, ""post_trade_weight"": 0.0, ""diff_weight"": -0.16407224931718015, ""gross_amount"": 0.2441977330718811, ""gross_amount_pct_nav"": 0.16407224931718015, ""fee"": 7.325931992156432e-05, ""fee_pct_nav"": 4.9221674795154035e-05, ""name"": ""腾讯控股""}, {""ts_code"": ""00762.HK"", ""side"": ""sell"", ""current_weight"": 0.16003787241779932, ""target_weight"": 0.0, ""post_trade_weight"": 0.0, ""diff_weight"": -0.16003787241779932, ""gross_amount"": 0.23819314852277904, ""gross_amount_pct_nav"": 0.16003787241779932, ""fee"": 7.14579445568337e-05, ""fee_pct_nav"": 4.8011361725339784e-05, ""name"": ""中国联通""}, {""ts_code"": ""00763.HK"", ""side"": ""sell"", ""current_weight"": 0.1325493946077026, ""target_weight"": 0.0, ""post_trade_weight"": 0.0, ""diff_weight"": -0.1325493946077026, ""gross_amount"": 0.1972805384088916, ""gross_amount_pct_nav"": 0.1325493946077026, ""fee"": 5.9184161522667475e-05, ""fee_pct_nav"": 3.976481838231077e-05, ""name"": ""中兴通讯""}, {""ts_code"": ""00981.HK"", ""side"": ""sell"", ""current_weight"": 0.17351242744288495, ""target_weight"": 0.1498386431376866, ""post_trade_weight"": 0.14990006662225178, ""diff_weight"": -0.02367378430519834, ""gross_amount"": 0.035234992417189775, ""gross_amount_pct_nav"": 0.02367378430519834, ""fee"": 1.0570497725156932e-05, ""fee_pct_nav"": 7.102135291559501e-06, ""name"": ""中芯国际""}, {""ts_code"": ""00998.HK"", ""side"": ""buy"", ""current_weight"": 0.0, ""target_weight"": 0.1345218040613897, ""post_trade_weight"": 0.13457694870086598, ""diff_weight"": 0.1345218040613897, ""gross_amount"": 0.20021618364618465, ""gross_amount_pct_nav"": 0.1345218040613897, ""fee"": 6.006485509385539e-05, ""fee_pct_nav"": 4.03565412184169e-05, ""name"": ""中信银行""}, {""ts_code"": ""01211.HK"", ""side"": ""sell"", ""current_weight"": 0.1772102159740755, ""target_weight"": 0.0, ""post_trade_weight"": 0.0, ""diff_weight"": -0.1772102159740755, ""gross_amount"": 0.26375168986920444, ""gross_amount_pct_nav"": 0.1772102159740755, ""fee"": 7.912550696076132e-05, ""fee_pct_nav"": 5.316306479222264e-05, ""name"": ""比亚迪股份""}, {""ts_code"": ""01810.HK"", ""side"": ""sell"", ""current_weight"": 0.19421975125405144, ""target_weight"": 0.16781928031420895, ""post_trade_weight"": 0.16788807461692193, ""diff_weight"": -0.02640047093984249, ""gross_amount"": 0.0392932697782217, ""gross_amount_pct_nav"": 0.02640047093984249, ""fee"": 1.178798093346651e-05, ""fee_pct_nav"": 7.920141281952746e-06, ""name"": ""小米集团-W""}, {""ts_code"": ""03988.HK"", ""side"": ""buy"", ""current_weight"": 0.0, ""target_weight"": 0.19179346321623886, ""post_trade_weight"": 0.19187208527648225, ""diff_weight"": 0.19179346321623886, ""gross_amount"": 0.2854567370797089, ""gross_amount_pct_nav"": 0.19179346321623886, ""fee"": 8.563702112391267e-05, ""fee_pct_nav"": 5.753803896487165e-05, ""name"": ""中国银行""}, {""ts_code"": ""09992.HK"", ""side"": ""buy"", ""current_weight"": 0.0, ""target_weight"": 0.15050459266274296, ""post_trade_weight"": 0.15056628914057288, ""diff_weight"": 0.15050459266274296, ""gross_amount"": 0.2240042450694938, ""gross_amount_pct_nav"": 0.15050459266274296, ""fee"": 6.720127352084814e-05, ""fee_pct_nav"": 4.5151377798822895e-05, ""name"": ""泡泡玛特""}]"
2025-03-10,0.51772594,1.03545189,0.78105900,0.78152778,0.00046878,0.00023432,0.00023446,0.00000000,rebalance,"[{""ts_code"": ""00005.HK"", ""side"": ""sell"", ""current_weight"": 0.2011930761316746, ""target_weight"": 0.0, ""post_trade_weight"": 0.0, ""diff_weight"": -0.2011930761316746, ""gross_amount"": 0.30361781737168614, ""gross_amount_pct_nav"": 0.2011930761316746, ""fee"": 9.108534521150584e-05, ""fee_pct_nav"": 6.035792283950237e-05, ""name"": ""汇丰控股""}, {""ts_code"": ""00268.HK"", ""side"": ""buy"", ""current_weight"": 0.0, ""target_weight"": 0.16422329272207592, ""post_trade_weight"": 0.1642743221690589, ""diff_weight"": 0.16422329272207592, ""gross_amount"": 0.24782720487476248, ""gross_amount_pct_nav"": 0.16422329272207592, ""fee"": 7.434816146242874e-05, ""fee_pct_nav"": 4.9266987816622776e-05, ""name"": ""金蝶国际""}, {""ts_code"": ""00981.HK"", ""side"": ""sell"", ""current_weight"": 0.149648965635702, ""target_weight"": 0.0, ""post_trade_weight"": 0.0, ""diff_weight"": -0.149648965635702, ""gross_amount"": 0.2258332801100263, ""gross_amount_pct_nav"": 0.149648965635702, ""fee"": 6.774998403300789e-05, ""fee_pct_nav"": 4.48946896907106e-05, ""name"": ""中芯国际""}, {""ts_code"": ""00998.HK"", ""side"": ""sell"", ""current_weight"": 0.13335879743372844, ""target_weight"": 0.0, ""post_trade_weight"": 0.0, ""diff_weight"": -0.13335879743372844, ""gross_amount"": 0.20125000215038186, ""gross_amount_pct_nav"": 0.13335879743372844, ""fee"": 6.0375000645114554e-05, ""fee_pct_nav"": 4.000763923011853e-05, ""name"": ""中信银行""}, {""ts_code"": ""01810.HK"", ""side"": ""sell"", ""current_weight"": 0.17168601901014083, ""target_weight"": 0.1599715569881711, ""post_trade_weight"": 0.16002126528442312, ""diff_weight"": -0.01171446202196975, ""gross_amount"": 0.017678140118828956, ""gross_amount_pct_nav"": 0.01171446202196975, ""fee"": 5.303442035648686e-06, ""fee_pct_nav"": 3.5143386065909245e-06, ""name"": ""小米集团-W""}, {""ts_code"": ""03690.HK"", ""side"": ""buy"", ""current_weight"": 0.0, ""target_weight"": 0.17060089632293324, ""post_trade_weight"": 0.17065390749601267, ""diff_weight"": 0.17060089632293324, ""gross_amount"": 0.25745156234562705, ""gross_amount_pct_nav"": 0.17060089632293324, ""fee"": 7.723546870368811e-05, ""fee_pct_nav"": 5.118026889687998e-05, ""name"": ""美团-W""}, {""ts_code"": ""03968.HK"", ""side"": ""buy"", ""current_weight"": 0.0, ""target_weight"": 0.16156595788838538, ""post_trade_weight"": 0.16161616161616152, ""diff_weight"": 0.16156595788838538, ""gross_amount"": 0.2438170559285689, ""gross_amount_pct_nav"": 0.16156595788838538, ""fee"": 7.314511677857066e-05, ""fee_pct_nav"": 4.846978736651561e-05, ""name"": ""招商银行""}, {""ts_code"": ""03988.HK"", ""side"": ""sell"", ""current_weight"": 0.19256685557420775, ""target_weight"": 0.17060089632293324, ""post_trade_weight"": 0.17065390749601267, ""diff_weight"": -0.021965959251274484, ""gross_amount"": 0.033148539366148644, ""gross_amount_pct_nav"": 0.021965959251274484, ""fee"": 9.944561809844592e-06, ""fee_pct_nav"": 6.589787775382345e-06, ""name"": ""中国银行""}, {""ts_code"": ""09992.HK"", ""side"": ""buy"", ""current_weight"": 0.15154628621454566, ""target_weight"": 0.1727267641898857, ""post_trade_weight"": 0.17278043593833056, ""diff_weight"": 0.021180477975340013, ""gross_amount"": 0.031963179933453906, ""gross_amount_pct_nav"": 0.021180477975340013, ""fee"": 9.58895398003617e-06, ""fee_pct_nav"": 6.354143392602003e-06, ""name"": ""泡泡玛特""}]"
2025-03-17,0.34606321,0.69212642,0.54568274,0.54372316,0.00032682,0.00016370,0.00016312,0.00000000,rebalance,"[{""ts_code"": ""00268.HK"", ""side"": ""sell"", ""current_weight"": 0.1508736750050053, ""target_weight"": 0.0, ""post_trade_weight"": 0.0, ""diff_weight"": -0.1508736750050053, ""gross_amount"": 0.23747492922809518, ""gross_amount_pct_nav"": 0.1508736750050053, ""fee"": 7.124247876842855e-05, ""fee_pct_nav"": 4.526210250150159e-05, ""name"": ""金蝶国际""}, {""ts_code"": ""00998.HK"", ""side"": ""buy"", ""current_weight"": 0.0, ""target_weight"": 0.15906819015295684, ""post_trade_weight"": 0.15910122560145254, ""diff_weight"": 0.15906819015295684, ""gross_amount"": 0.25037308329475916, ""gross_amount_pct_nav"": 0.15906819015295684, ""fee"": 7.511192498842774e-05, ""fee_pct_nav"": 4.772045704588705e-05, ""name"": ""中信银行""}, {""ts_code"": ""01288.HK"", ""side"": ""buy"", ""current_weight"": 0.0, ""target_weight"": 0.17722147861549117, ""post_trade_weight"": 0.1772582841579664, ""diff_weight"": 0.17722147861549117, ""gross_amount"": 0.27894633103167893, ""gross_amount_pct_nav"": 0.17722147861549117, ""fee"": 8.368389930950367e-05, ""fee_pct_nav"": 5.316644358464735e-05, ""name"": ""农业银行""}, {""ts_code"": ""03690.HK"", ""side"": ""sell"", ""current_weight"": 0.16375236101621585, ""target_weight"": 0.0, ""post_trade_weight"": 0.0, ""diff_weight"": -0.16375236101621585, ""gross_amount"": 0.2577459609303562, ""gross_amount_pct_nav"": 0.16375236101621585, ""fee"": 7.732378827910684e-05, ""fee_pct_nav"": 4.912570830486475e-05, ""name"": ""美团-W""}, {""ts_code"": ""03968.HK"", ""side"": ""buy"", ""current_weight"": 0.16228713089873648, ""target_weight"": 0.17268315649985755, ""post_trade_weight"": 0.1727190195188379, ""diff_weight"": 0.010396025601121064, ""gross_amount"": 0.016363328087539375, ""gross_amount_pct_nav"": 0.010396025601121064, ""fee"": 4.908998426261812e-06, ""fee_pct_nav"": 3.118807680336319e-06, ""name"": ""招商银行""}, {""ts_code"": ""09992.HK"", ""side"": ""sell"", ""current_weight"": 0.19396736940910503, ""target_weight"": 0.16315268005702707, ""post_trade_weight"": 0.16318656377666815, ""diff_weight"": -0.03081468935207795, ""gross_amount"": 0.048502272996450047, ""gross_amount_pct_nav"": 0.03081468935207795, ""fee"": 1.4550681898935012e-05, ""fee_pct_nav"": 9.244406805623384e-06, ""name"": ""泡泡玛特""}]"
2025-03-24,0.67058318,1.34116635,1.06390613,1.06515273,0.00063872,0.00031917,0.00031955,0.00000000,rebalance,"[{""ts_code"": ""00005.HK"", ""side"": ""buy"", ""current_weight"": 0.0, ""target_weight"": 0.15683512685861226, ""post_trade_weight"": 0.15689825485676553, ""diff_weight"": 0.15683512685861226, ""gross_amount"": 0.248970767943366, ""gross_amount_pct_nav"": 0.15683512685861226, ""fee"": 7.46912303830098e-05, ""fee_pct_nav"": 4.7050538057583675e-05, ""name"": ""汇丰控股""}, {""ts_code"": ""00981.HK"", ""side"": ""buy"", ""current_weight"": 0.0, ""target_weight"": 0.1667093216241073, ""post_trade_weight"": 0.1667764241027319, ""diff_weight"": 0.1667093216241073, ""gross_amount"": 0.2646457375935255, ""gross_amount_pct_nav"": 0.1667093216241073, ""fee"": 7.939372127805764e-05, ""fee_pct_nav"": 5.001279648723218e-05, ""name"": ""中芯国际""}, {""ts_code"": ""00998.HK"", ""side"": ""sell"", ""current_weight"": 0.15822562625455197, ""target_weight"": 0.0, ""post_trade_weight"": 0.0, ""diff_weight"": -0.15822562625455197, ""gross_amount"": 0.25117814144040146, ""gross_amount_pct_nav"": 0.15822562625455197, ""fee"": 7.535344243212044e-05, ""fee_pct_nav"": 4.746768787636559e-05, ""name"": ""中信银行""}, {""ts_code"": ""01211.HK"", ""side"": ""buy"", ""current_weight"": 0.0, ""target_weight"": 0.1614430844158433, ""post_trade_weight"": 0.1615080671715499, ""diff_weight"": 0.1614430844158433, ""gross_amount"": 0.25628575378010715, ""gross_amount_pct_nav"": 0.1614430844158433, ""fee"": 7.688572613403214e-05, ""fee_pct_nav"": 4.843292532475299e-05, ""name"": ""比亚迪股份""}, {""ts_code"": ""01288.HK"", ""side"": ""sell"", ""current_weight"": 0.17676785629920938, ""target_weight"": 0.0, ""post_trade_weight"": 0.0, ""diff_weight"": -0.17676785629920938, ""gross_amount"": 0.2806133409780834, ""gross_amount_pct_nav"": 0.17676785629920938, ""fee"": 8.4184002293425e-05, ""fee_pct_nav"": 5.3030356889762804e-05, ""name"": ""农业银行""}, {""ts_code"": ""01810.HK"", ""side"": ""buy"", ""current_weight"": 0.1640143471394579, ""target_weight"": 0.1818497535978663, ""post_trade_weight"": 0.1819229502798803, ""diff_weight"": 0.017835406458408375, ""gross_amount"": 0.028313139610204374, ""gross_amount_pct_nav"": 0.017835406458408375, ""fee"": 8.493941883061311e-06, ""fee_pct_nav"": 5.350621937522512e-06, ""name"": ""小米集团-W""}, {""ts_code"": ""03618.HK"", ""side"": ""buy"", ""current_weight"": 0.0, ""target_weight"": 0.16736760127514025, ""post_trade_weight"": 0.16743496871912963, ""diff_weight"": 0.16736760127514025, ""gross_amount"": 0.26569073557020273, ""gross_amount_pct_nav"": 0.16736760127514025, ""fee"": 7.970722067106081e-05, ""fee_pct_nav"": 5.021028038254207e-05, ""name"": ""重庆农村商业银行""}, {""ts_code"": ""03968.HK"", ""side"": ""sell"", ""current_weight"": 0.16914046850430714, ""target_weight"": 0.0, ""post_trade_weight"": 0.0, ""diff_weight"": -0.16914046850430714, ""gross_amount"": 0.26850510582225234, ""gross_amount_pct_nav"": 0.16914046850430714, ""fee"": 8.05515317466757e-05, ""fee_pct_nav"": 5.074214055129214e-05, ""name"": ""招商银行""}, {""ts_code"": ""03988.HK"", ""side"": ""sell"", ""current_weight"": 0.1668418629199319, ""target_weight"": 0.0, ""post_trade_weight"": 0.0, ""diff_weight"": -0.1668418629199319, ""gross_amount"": 0.26485614267857643, ""gross_amount_pct_nav"": 0.1668418629199319, ""fee"": 7.945684280357292e-05, ""fee_pct_nav"": 5.005255887597956e-05, ""name"": ""中国银行""}]"
2025-03-31,0.49443168,0.98886335,0.78213756,0.77088756,0.00046591,0.00023464,0.00023127,0.00000000,rebalance,"[{""ts_code"": ""00981.HK"", ""side"": ""sell"", ""current_weight"": 0.1608334954669725, ""target_weight"": 0.0, ""post_trade_weight"": 0.0, ""diff_weight"": -0.1608334954669725, ""gross_amount"": 0.25259148039464857, ""gross_amount_pct_nav"": 0.1608334954669725, ""fee"": 7.577744411839457e-05, ""fee_pct_nav"": 4.825004864009175e-05, ""name"": ""中芯国际""}, {""ts_code"": ""01211.HK"", ""side"": ""sell"", ""current_weight"": 0.15889778869710028, ""target_weight"": 0.0, ""post_trade_weight"": 0.0, ""diff_weight"": -0.15889778869710028, ""gross_amount"": 0.24955142311558276, ""gross_amount_pct_nav"": 0.15889778869710028, ""fee"": 7.486542693467482e-05, ""fee_pct_nav"": 4.766933660913008e-05, ""name"": ""比亚迪股份""}, {""ts_code"": ""01378.HK"", ""side"": ""buy"", ""current_weight"": 0.0, ""target_weight"": 0.1858587859038721, ""post_trade_weight"": 0.18591393894814248, ""diff_weight"": 0.1858587859038721, ""gross_amount"": 0.2918940842484619, ""gross_amount_pct_nav"": 0.1858587859038721, ""fee"": 8.756822527453857e-05, ""fee_pct_nav"": 5.575763577116162e-05, ""name"": ""中国宏桥""}, {""ts_code"": ""01530.HK"", ""side"": ""buy"", ""current_weight"": 0.0, ""target_weight"": 0.16012166421589777, ""post_trade_weight"": 0.1601691798455313, ""diff_weight"": 0.16012166421589777, ""gross_amount"": 0.25147353845737924, ""gross_amount_pct_nav"": 0.16012166421589777, ""fee"": 7.544206153721376e-05, ""fee_pct_nav"": 4.8036499264769323e-05, ""name"": ""三生制药""}, {""ts_code"": ""02268.HK"", ""side"": ""buy"", ""current_weight"": 0.0, ""target_weight"": 0.15203285454253437, ""post_trade_weight"": 0.15207796984185348, ""diff_weight"": 0.15203285454253437, ""gross_amount"": 0.23876993835161034, ""gross_amount_pct_nav"": 0.15203285454253437, ""fee"": 7.16309815054831e-05, ""fee_pct_nav"": 4.56098563627603e-05, ""name"": ""药明合联""}, {""ts_code"": ""03618.HK"", ""side"": ""sell"", ""current_weight"": 0.17111876344009733, ""target_weight"": 0.0, ""post_trade_weight"": 0.0, ""diff_weight"": -0.17111876344009733, ""gross_amount"": 0.2687446520710097, ""gross_amount_pct_nav"": 0.17111876344009733, ""fee"": 8.06233956213029e-05, ""fee_pct_nav"": 5.1335629032029185e-05, ""name"": ""重庆农村商业银行""}]"
2025-04-07,0.53437874,1.06875749,0.64976341,0.65438909,0.00039125,0.00019493,0.00019632,0.00000000,rebalance,"[{""ts_code"": ""00005.HK"", ""side"": ""sell"", ""current_weight"": 0.16789213667656805, ""target_weight"": 0.0, ""post_trade_weight"": 0.0, ""diff_weight"": -0.16789213667656805, ""gross_amount"": 0.20487056465294917, ""gross_amount_pct_nav"": 0.16789213667656805, ""fee"": 6.146116939588474e-05, ""fee_pct_nav"": 5.03676410029704e-05, ""name"": ""汇丰控股""}, {""ts_code"": ""00288.HK"", ""side"": ""buy"", ""current_weight"": 0.0, ""target_weight"": 0.15834394097313506, ""post_trade_weight"": 0.15839472663823168, ""diff_weight"": 0.15834394097313506, ""gross_amount"": 0.19321936833189962, ""gross_amount_pct_nav"": 0.15834394097313506, ""fee"": 5.796581049956988e-05, ""fee_pct_nav"": 4.750318229194051e-05, ""name"": ""万洲国际""}, {""ts_code"": ""01378.HK"", ""side"": ""sell"", ""current_weight"": 0.18269527201066726, ""target_weight"": 0.0, ""post_trade_weight"": 0.0, ""diff_weight"": -0.18269527201066726, ""gross_amount"": 0.22293410684476284, ""gross_amount_pct_nav"": 0.18269527201066726, ""fee"": 6.688023205342885e-05, ""fee_pct_nav"": 5.480858160320018e-05, ""name"": ""中国宏桥""}, {""ts_code"": ""01810.HK"", ""side"": ""buy"", ""current_weight"": 0.1512833751165684, ""target_weight"": 0.16454590683744388, ""post_trade_weight"": 0.16459868165955774, ""diff_weight"": 0.013262531720875496, ""gross_amount"": 0.01618361893635145, ""gross_amount_pct_nav"": 0.013262531720875496, ""fee"": 4.855085680905435e-06, ""fee_pct_nav"": 3.978759516262649e-06, ""name"": ""小米集团-W""}, {""ts_code"": ""02268.HK"", ""side"": ""sell"", ""current_weight"": 0.13132993612029348, ""target_weight"": 0.0, ""post_trade_weight"": 0.0, ""diff_weight"": -0.13132993612029348, ""gross_amount"": 0.16025549916391868, ""gross_amount_pct_nav"": 0.13132993612029348, ""fee"": 4.80766497491756e-05, ""fee_pct_nav"": 3.939898083608804e-05, ""name"": ""药明合联""}, {""ts_code"": ""02328.HK"", ""side"": ""buy"", ""current_weight"": 0.0, ""target_weight"": 0.19633098189202672, ""post_trade_weight"": 0.19639395114385397, ""diff_weight"": 0.19633098189202672, ""gross_amount"": 0.2395730968423676, ""gross_amount_pct_nav"": 0.19633098189202672, ""fee"": 7.187192905271027e-05, ""fee_pct_nav"": 5.8899294567608003e-05, ""name"": ""中国财险""}, {""ts_code"": ""03618.HK"", ""side"": ""buy"", ""current_weight"": 0.0, ""target_weight"": 0.16454590683744388, ""post_trade_weight"": 0.16459868165955774, ""diff_weight"": 0.16454590683744388, ""gross_amount"": 0.20078732400707805, ""gross_amount_pct_nav"": 0.16454590683744388, ""fee"": 6.023619720212341e-05, ""fee_pct_nav"": 4.936377205123316e-05, ""name"": ""重庆农村商业银行""}, {""ts_code"": ""09992.HK"", ""side"": ""sell"", ""current_weight"": 0.20339777500446124, ""target_weight"": 0.1490409921766718, ""post_trade_weight"": 0.14908879410624254, ""diff_weight"": -0.05435678282778944, ""gross_amount"": 0.06632892410023852, ""gross_amount_pct_nav"": 0.05435678282778944, ""fee"": 1.9898677230071557e-05, ""fee_pct_nav"": 1.630703484833683e-05, ""name"": ""泡泡玛特""}]"
2025-04-14,0.67145877,1.34291753,0.93951742,0.95077913,0.00056709,0.00028186,0.00028523,0.00000000,rebalance,"[{""ts_code"": ""00288.HK"", ""side"": ""sell"", ""current_weight"": 0.14118429923244655, ""target_weight"": 0.0, ""post_trade_weight"": 0.0, ""diff_weight"": -0.14118429923244655, ""gross_amount"": 0.19873163259362048, ""gross_amount_pct_nav"": 0.14118429923244655, ""fee"": 5.9619489778086136e-05, ""fee_pct_nav"": 4.235528976973396e-05, ""name"": ""万洲国际""}, {""ts_code"": ""00322.HK"", ""side"": ""buy"", ""current_weight"": 0.0, ""target_weight"": 0.19388927056266092, ""post_trade_weight"": 0.19396741523557778, ""diff_weight"": 0.19388927056266092, ""gross_amount"": 0.27291937907248903, ""gross_amount_pct_nav"": 0.19388927056266092, ""fee"": 8.18758137217467e-05, ""fee_pct_nav"": 5.816678116879827e-05, ""name"": ""康师傅控股""}, {""ts_code"": ""00728.HK"", ""side"": ""buy"", ""current_weight"": 0.0, ""target_weight"": 0.1393097710172127, ""post_trade_weight"": 0.13936591809775342, ""diff_weight"": 0.1393097710172127, ""gross_amount"": 0.19609303853903018, ""gross_amount_pct_nav"": 0.1393097710172127, ""fee"": 5.882791156170905e-05, ""fee_pct_nav"": 4.17929313051638e-05, ""name"": ""中国电信""}, {""ts_code"": ""00998.HK"", ""side"": ""buy"", ""current_weight"": 0.0, ""target_weight"": 0.1463522870875931, ""post_trade_weight"": 0.1464112725671501, ""diff_weight"": 0.1463522870875931, ""gross_amount"": 0.20600611473689584, ""gross_amount_pct_nav"": 0.1463522870875931, ""fee"": 6.180183442106875e-05, ""fee_pct_nav"": 4.390568612627793e-05, ""name"": ""中信银行""}, {""ts_code"": ""01530.HK"", ""side"": ""sell"", ""current_weight"": 0.19209739872116718, ""target_weight"": 0.0, ""post_trade_weight"": 0.0, ""diff_weight"": -0.19209739872116718, ""gross_amount"": 0.2703971324884528, ""gross_amount_pct_nav"": 0.19209739872116718, ""fee"": 8.111913974653584e-05, ""fee_pct_nav"": 5.762921961635016e-05, ""name"": ""三生制药""}, {""ts_code"": ""01810.HK"", ""side"": ""buy"", ""current_weight"": 0.16906040619469245, ""target_weight"": 0.1806845529306976, ""post_trade_weight"": 0.18075737560545896, ""diff_weight"": 0.011624146736005148, ""gross_amount"": 0.016362199415324297, ""gross_amount_pct_nav"": 0.011624146736005148, ""fee"": 4.908659824597289e-06, ""fee_pct_nav"": 3.4872440208015437e-06, ""name"": ""小米集团-W""}, {""ts_code"": ""01818.HK"", ""side"": ""buy"", ""current_weight"": 0.0, ""target_weight"": 0.17628298038670986, ""post_trade_weight"": 0.17635402906208603, ""diff_weight"": 0.17628298038670986, ""gross_amount"": 0.24813668857782487, ""gross_amount_pct_nav"": 0.17628298038670986, ""fee"": 7.444100657334746e-05, ""fee_pct_nav"": 5.2884894116012956e-05, ""name"": ""招金矿业""}, {""ts_code"": ""02328.HK"", ""side"": ""sell"", ""current_weight"": 0.1813725553042905, ""target_weight"": 0.0, ""post_trade_weight"": 0.0, ""diff_weight"": -0.1813725553042905, ""gross_amount"": 0.25530079632972913, ""gross_amount_pct_nav"": 0.1813725553042905, ""fee"": 7.659023889891874e-05, ""fee_pct_nav"": 5.441176659128715e-05, ""name"": ""中国财险""}, {""ts_code"": ""03618.HK"", ""side"": ""sell"", ""current_weight"": 0.16080482552771602, ""target_weight"": 0.0, ""post_trade_weight"": 0.0, ""diff_weight"": -0.16080482552771602, ""gross_amount"": 0.22634957059524816, ""gross_amount_pct_nav"": 0.16080482552771602, ""fee"": 6.790487117857444e-05, ""fee_pct_nav"": 4.8241447658314797e-05, ""name"": ""重庆农村商业银行""}]"
2025-04-22,0.32270273,0.64540545,0.47879745,0.46914404,0.00028438,0.00014364,0.00014074,0.00000000,rebalance,"[{""ts_code"": ""00728.HK"", ""side"": ""sell"", ""current_weight"": 0.1319095502315725, ""target_weight"": 0.0, ""post_trade_weight"": 0.0, ""diff_weight"": -0.1319095502315725, ""gross_amount"": 0.1937426082825692, ""gross_amount_pct_nav"": 0.1319095502315725, ""fee"": 5.8122782484770755e-05, ""fee_pct_nav"": 3.9572865069471744e-05, ""name"": ""中国电信""}, {""ts_code"": ""01347.HK"", ""side"": ""buy"", ""current_weight"": 0.0, ""target_weight"": 0.1377865282256341, ""post_trade_weight"": 0.13781321184510242, ""diff_weight"": 0.1377865282256341, ""gross_amount"": 0.2023744400444838, ""gross_amount_pct_nav"": 0.1377865282256341, ""fee"": 6.071233201334513e-05, ""fee_pct_nav"": 4.133595846769022e-05, ""name"": ""华虹半导体""}, {""ts_code"": ""01818.HK"", ""side"": ""sell"", ""current_weight"": 0.1875069150152572, ""target_weight"": 0.0, ""post_trade_weight"": 0.0, ""diff_weight"": -0.1875069150152572, ""gross_amount"": 0.27540143016406754, ""gross_amount_pct_nav"": 0.1875069150152572, ""fee"": 8.262042904922026e-05, ""fee_pct_nav"": 5.625207450457716e-05, ""name"": ""招金矿业""}, {""ts_code"": ""03988.HK"", ""side"": ""buy"", ""current_weight"": 0.0, ""target_weight"": 0.16435693311762964, ""post_trade_weight"": 0.16438876233864833, ""diff_weight"": 0.16435693311762964, ""gross_amount"": 0.2413998141577451, ""gross_amount_pct_nav"": 0.16435693311762964, ""fee"": 7.241994424732353e-05, ""fee_pct_nav"": 4.9307079935288885e-05, ""name"": ""中国银行""}, {""ts_code"": ""09992.HK"", ""side"": ""buy"", ""current_weight"": 0.17163673954927658, ""target_weight"": 0.19548226456253875, ""post_trade_weight"": 0.19552012148823075, ""diff_weight"": 0.02384552501326219, ""gross_amount"": 0.03502319736384707, ""gross_amount_pct_nav"": 0.02384552501326219, ""fee"": 1.050695920915412e-05, ""fee_pct_nav"": 7.153657503978656e-06, ""name"": ""泡泡玛特""}]"
2025-04-28,0.67261295,1.34522589,1.00889680,1.01790801,0.00060804,0.00030267,0.00030537,0.00000000,rebalance,"[{""ts_code"": ""00322.HK"", ""side"": ""sell"", ""current_weight"": 0.18513714277151655, ""target_weight"": 0.17258846107846904, ""post_trade_weight"": 0.17265814033874866, ""diff_weight"": -0.012548681693047516, ""gross_amount"": 0.018906659928673297, ""gross_amount_pct_nav"": 0.012548681693047516, ""fee"": 5.671997978601989e-06, ""fee_pct_nav"": 3.7646045079142546e-06, ""name"": ""康师傅控股""}, {""ts_code"": ""00998.HK"", ""side"": ""sell"", ""current_weight"": 0.1394599176703347, ""target_weight"": 0.0, ""post_trade_weight"": 0.0, ""diff_weight"": -0.1394599176703347, ""gross_amount"": 0.21011938158688379, ""gross_amount_pct_nav"": 0.1394599176703347, ""fee"": 6.303581447606513e-05, ""fee_pct_nav"": 4.1837975301100406e-05, ""name"": ""中信银行""}, {""ts_code"": ""01339.HK"", ""side"": ""buy"", ""current_weight"": 0.0, ""target_weight"": 0.18640935886253057, ""post_trade_weight"": 0.18648461804355332, ""diff_weight"": 0.18640935886253057, ""gross_amount"": 0.2808564629931236, ""gross_amount_pct_nav"": 0.18640935886253057, ""fee"": 8.425693889793707e-05, ""fee_pct_nav"": 5.5922807658759165e-05, ""name"": ""中国人民保险集团""}, {""ts_code"": ""01347.HK"", ""side"": ""sell"", ""current_weight"": 0.12196419151613395, ""target_weight"": 0.0, ""post_trade_weight"": 0.0, ""diff_weight"": -0.12196419151613395, ""gross_amount"": 0.1837591827473565, ""gross_amount_pct_nav"": 0.12196419151613395, ""fee"": 5.5127754824206946e-05, ""fee_pct_nav"": 3.658925745484018e-05, ""name"": ""华虹半导体""}, {""ts_code"": ""01810.HK"", ""side"": ""sell"", ""current_weight"": 0.18560718179742636, ""target_weight"": 0.15738547351600127, ""post_trade_weight"": 0.15744901486346347, ""diff_weight"": -0.028221708281425093, ""gross_amount"": 0.04252066106503852, ""gross_amount_pct_nav"": 0.028221708281425093, ""fee"": 1.2756198319511554e-05, ""fee_pct_nav"": 8.466512484427526e-06, ""name"": ""小米集团-W""}, {""ts_code"": ""01963.HK"", ""side"": ""buy"", ""current_weight"": 0.0, ""target_weight"": 0.14840188995636122, ""post_trade_weight"": 0.1484618043553404, ""diff_weight"": 0.14840188995636122, ""gross_amount"": 0.22359193856449783, ""gross_amount_pct_nav"": 0.14840188995636122, ""fee"": 6.707758156934934e-05, ""fee_pct_nav"": 4.452056698690836e-05, ""name"": ""重庆银行""}, {""ts_code"": ""03618.HK"", ""side"": ""buy"", ""current_weight"": 0.0, ""target_weight"": 0.18088099974890595, ""post_trade_weight"": 0.18095402696163146, ""diff_weight"": 0.18088099974890595, ""gross_amount"": 0.27252707762168715, ""gross_amount_pct_nav"": 0.18088099974890595, ""fee"": 8.175812328650614e-05, ""fee_pct_nav"": 5.426429992467178e-05, ""name"": ""重庆农村商业银行""}, {""ts_code"": ""03988.HK"", ""side"": ""sell"", ""current_weight"": 0.16431997336339157, ""target_weight"": 0.0, ""post_trade_weight"": 0.0, ""diff_weight"": -0.16431997336339157, ""gross_amount"": 0.24757515824085022, ""gross_amount_pct_nav"": 0.16431997336339157, ""fee"": 7.427254747225505e-05, ""fee_pct_nav"": 4.929599200901747e-05, ""name"": ""中国银行""}, {""ts_code"": ""06818.HK"", ""side"": ""buy"", ""current_weight"": 0.0, ""target_weight"": 0.15393024906998584, ""post_trade_weight"": 0.15399239543726229, ""diff_weight"": 0.15393024906998584, ""gross_amount"": 0.23192132393593431, ""gross_amount_pct_nav"": 0.15393024906998584, ""fee"": 6.957639718078029e-05, ""fee_pct_nav"": 4.6179074720995754e-05, ""name"": ""中国光大银行""}, {""ts_code"": ""09992.HK"", ""side"": ""sell"", ""current_weight"": 0.20908892232327614, ""target_weight"": 0.0, ""post_trade_weight"": 0.0, ""diff_weight"": -0.20908892232327614, ""gross_amount"": 0.3150269682439382, ""gross_amount_pct_nav"": 0.20908892232327614, ""fee"": 9.450809047318146e-05, ""fee_pct_nav"": 6.272667669698284e-05, ""name"": ""泡泡玛特""}]"
2025-05-06,0.83025835,1.66051669,1.26022670,1.26098306,0.00075636,0.00037807,0.00037829,0.00000000,rebalance,"[{""ts_code"": ""00322.HK"", ""side"": ""sell"", ""current_weight"": 0.17323404776962956, ""target_weight"": 0.0, ""post_trade_weight"": 0.0, ""diff_weight"": -0.17323404776962956, ""gross_amount"": 0.26302618517103066, ""gross_amount_pct_nav"": 0.17323404776962956, ""fee"": 7.89078555513092e-05, ""fee_pct_nav"": 5.197021433088887e-05, ""name"": ""康师傅控股""}, {""ts_code"": ""00981.HK"", ""side"": ""buy"", ""current_weight"": 0.0, ""target_weight"": 0.1785515177639043, ""post_trade_weight"": 0.17864050842774007, ""diff_weight"": 0.1785515177639043, ""gross_amount"": 0.27109985120471614, ""gross_amount_pct_nav"": 0.1785515177639043, ""fee"": 8.132995536141484e-05, ""fee_pct_nav"": 5.3565455329171285e-05, ""name"": ""中芯国际""}, {""ts_code"": ""01339.HK"", ""side"": ""sell"", ""current_weight"": 0.19104887636701157, ""target_weight"": 0.0, ""post_trade_weight"": 0.0, ""diff_weight"": -0.19104887636701157, ""gross_amount"": 0.2900749464611692, ""gross_amount_pct_nav"": 0.19104887636701157, ""fee"": 8.702248393835076e-05, ""fee_pct_nav"": 5.7314662910103466e-05, ""name"": ""中国人民保险集团""}, {""ts_code"": ""01810.HK"", ""side"": ""buy"", ""current_weight"": 0.16949257647485064, ""target_weight"": 0.1918082429807139, ""post_trade_weight"": 0.19190384084000844, ""diff_weight"": 0.022315666505863238, ""gross_amount"": 0.03388251158566519, ""gross_amount_pct_nav"": 0.022315666505863238, ""fee"": 1.0164753475699556e-05, ""fee_pct_nav"": 6.69469995175897e-06, ""name"": ""小米集团-W""}, {""ts_code"": ""01963.HK"", ""side"": ""sell"", ""current_weight"": 0.1411750776726102, ""target_weight"": 0.0, ""post_trade_weight"": 0.0, ""diff_weight"": -0.1411750776726102, ""gross_amount"": 0.2143501384371653, ""gross_amount_pct_nav"": 0.1411750776726102, ""fee"": 6.430504153114959e-05, ""fee_pct_nav"": 4.2352523301783054e-05, ""name"": ""重庆银行""}, {""ts_code"": ""02367.HK"", ""side"": ""buy"", ""current_weight"": 0.0, ""target_weight"": 0.1492762495767831, ""post_trade_weight"": 0.14935064935064735, ""diff_weight"": 0.1492762495767831, ""gross_amount"": 0.22665037830804186, ""gross_amount_pct_nav"": 0.1492762495767831, ""fee"": 6.799511349241255e-05, ""fee_pct_nav"": 4.478287487303492e-05, ""name"": ""巨子生物""}, {""ts_code"": ""03618.HK"", ""side"": ""sell"", ""current_weight"": 0.175895692861587, ""target_weight"": 0.0, ""post_trade_weight"": 0.0, ""diff_weight"": -0.175895692861587, ""gross_amount"": 0.26706743666766336, ""gross_amount_pct_nav"": 0.175895692861587, ""fee"": 8.0120231000299e-05, ""fee_pct_nav"": 5.276870785847609e-05, ""name"": ""重庆农村商业银行""}, {""ts_code"": ""06818.HK"", ""side"": ""sell"", ""current_weight"": 0.1491537288543108, ""target_weight"": 0.0, ""post_trade_weight"": 0.0, ""diff_weight"": -0.1491537288543108, ""gross_amount"": 0.22646435160802997, ""gross_amount_pct_nav"": 0.1491537288543108, ""fee"": 6.793930548240898e-05, ""fee_pct_nav"": 4.4746118656293234e-05, ""name"": ""中国光大银行""}, {""ts_code"": ""09863.HK"", ""side"": ""buy"", ""current_weight"": 0.0, ""target_weight"": 0.1492762495767831, ""post_trade_weight"": 0.14935064935064735, ""diff_weight"": 0.1492762495767831, ""gross_amount"": 0.22665037830804186, ""gross_amount_pct_nav"": 0.1492762495767831, ""fee"": 6.799511349241255e-05, ""fee_pct_nav"": 4.478287487303492e-05, ""name"": ""零跑汽车""}, {""ts_code"": ""09985.HK"", ""side"": ""buy"", ""current_weight"": 0.0, ""target_weight"": 0.14761915892468191, ""post_trade_weight"": 0.1476927327991138, ""diff_weight"": 0.14761915892468191, ""gross_amount"": 0.22413437040823014, ""gross_amount_pct_nav"": 0.14761915892468191, ""fee"": 6.724031112246904e-05, ""fee_pct_nav"": 4.4285747677404575e-05, ""name"": ""卫龙美味""}, {""ts_code"": ""09992.HK"", ""side"": ""buy"", ""current_weight"": 0.0, ""target_weight"": 0.1829704261695075, ""post_trade_weight"": 0.18306161923182954, ""diff_weight"": 0.1829704261695075, ""gross_amount"": 0.2778092056042141, ""gross_amount_pct_nav"": 0.1829704261695075, ""fee"": 8.334276168126423e-05, ""fee_pct_nav"": 5.489112785085225e-05, ""name"": ""泡泡玛特""}]"
2025-05-12,0.84950004,1.69900008,1.23751580,1.23825853,0.00074273,0.00037125,0.00037148,0.00000000,rebalance,"[{""ts_code"": ""00005.HK"", ""side"": ""buy"", ""current_weight"": 0.0, ""target_weight"": 0.16362814012586094, ""post_trade_weight"": 0.16371158392434765, ""diff_weight"": 0.16362814012586094, ""gross_amount"": 0.23843809851280764, ""gross_amount_pct_nav"": 0.16362814012586094, ""fee"": 7.153142955384229e-05, ""fee_pct_nav"": 4.908844203775827e-05, ""name"": ""汇丰控股""}, {""ts_code"": ""00981.HK"", ""side"": ""sell"", ""current_weight"": 0.17613586322292182, ""target_weight"": 0.0, ""post_trade_weight"": 0.0, ""diff_weight"": -0.17613586322292182, ""gross_amount"": 0.25666428937272917, ""gross_amount_pct_nav"": 0.17613586322292182, ""fee"": 7.699928681181875e-05, ""fee_pct_nav"": 5.2840758966876545e-05, ""name"": ""中芯国际""}, {""ts_code"": ""01288.HK"", ""side"": ""buy"", ""current_weight"": 0.0, ""target_weight"": 0.17544244627213243, ""post_trade_weight"": 0.17553191489361458, ""diff_weight"": 0.17544244627213243, ""gross_amount"": 0.2556538456978478, ""gross_amount_pct_nav"": 0.17544244627213243, ""fee"": 7.669615370935434e-05, ""fee_pct_nav"": 5.2632733881639724e-05, ""name"": ""农业银行""}, {""ts_code"": ""01339.HK"", ""side"": ""buy"", ""current_weight"": 0.0, ""target_weight"": 0.1535859799015301, ""post_trade_weight"": 0.1536643026004707, ""diff_weight"": 0.1535859799015301, ""gross_amount"": 0.2238047134055234, ""gross_amount_pct_nav"": 0.1535859799015301, ""fee"": 6.714141402165702e-05, ""fee_pct_nav"": 4.607579397045903e-05, ""name"": ""中国人民保险集团""}, {""ts_code"": ""01810.HK"", ""side"": ""sell"", ""current_weight"": 0.1961720775757, ""target_weight"": 0.0, ""post_trade_weight"": 0.0, ""diff_weight"": -0.1961720775757, ""gross_amount"": 0.2858609596275932, ""gross_amount_pct_nav"": 0.1961720775757, ""fee"": 8.575828788827796e-05, ""fee_pct_nav"": 5.885162327270999e-05, ""name"": ""小米集团-W""}, {""ts_code"": ""02367.HK"", ""side"": ""buy"", ""current_weight"": 0.1502451076314783, ""target_weight"": 0.16303742481854736, ""post_trade_weight"": 0.1631205673758843, ""diff_weight"": 0.012792317187069049, ""gross_amount"": 0.018640899929017657, ""gross_amount_pct_nav"": 0.012792317187069049, ""fee"": 5.592269978705296e-06, ""fee_pct_nav"": 3.837695156120714e-06, ""name"": ""巨子生物""}, {""ts_code"": ""02388.HK"", ""side"": ""buy"", ""current_weight"": 0.0, ""target_weight"": 0.1783960228087004, ""post_trade_weight"": 0.1784869976359314, ""diff_weight"": 0.1783960228087004, ""gross_amount"": 0.259957782494108, ""gross_amount_pct_nav"": 0.1783960228087004, ""fee"": 7.79873347482324e-05, ""fee_pct_nav"": 5.351880684261012e-05, ""name"": ""中银香港""}, {""ts_code"": ""03618.HK"", ""side"": ""buy"", ""current_weight"": 0.0, ""target_weight"": 0.16540028604780166, ""post_trade_weight"": 0.1654846335697377, ""diff_weight"": 0.16540028604780166, ""gross_amount"": 0.24102046059056367, ""gross_amount_pct_nav"": 0.16540028604780166, ""fee"": 7.23061381771691e-05, ""fee_pct_nav"": 4.962008581434049e-05, ""name"": ""重庆农村商业银行""}, {""ts_code"": ""09863.HK"", ""side"": ""sell"", ""current_weight"": 0.15846598075391477, ""target_weight"": 0.0, ""post_trade_weight"": 0.0, ""diff_weight"": -0.15846598075391477, ""gross_amount"": 0.23091582597508797, ""gross_amount_pct_nav"": 0.15846598075391477, ""fee"": 6.927474779252639e-05, ""fee_pct_nav"": 4.753979422617443e-05, ""name"": ""零跑汽车""}, {""ts_code"": ""09985.HK"", ""side"": ""sell"", ""current_weight"": 0.13624951510625, ""target_weight"": 0.0, ""post_trade_weight"": 0.0, ""diff_weight"": -0.13624951510625, ""gross_amount"": 0.19854210455632887, ""gross_amount_pct_nav"": 0.13624951510625, ""fee"": 5.956263136689865e-05, ""fee_pct_nav"": 4.0874854531875e-05, ""name"": ""卫龙美味""}, {""ts_code"": ""09992.HK"", ""side"": ""sell"", ""current_weight"": 0.18273145570972085, ""target_weight"": 0.0, ""post_trade_weight"": 0.0, ""diff_weight"": -0.18273145570972085, ""gross_amount"": 0.2662753533981961, ""gross_amount_pct_nav"": 0.18273145570972085, ""fee"": 7.988260601945882e-05, ""fee_pct_nav"": 5.4819436712916255e-05, ""name"": ""泡泡玛特""}]"
2025-05-19,0.33301919,0.66603838,0.51560142,0.49281367,0.00030252,0.00015468,0.00014784,0.00000000,rebalance,"[{""ts_code"": ""00005.HK"", ""side"": ""sell"", ""current_weight"": 0.16010841240817783, ""target_weight"": 0.0, ""post_trade_weight"": 0.0, ""diff_weight"": -0.16010841240817783, ""gross_amount"": 0.24241206682135444, ""gross_amount_pct_nav"": 0.16010841240817783, ""fee"": 7.272362004640632e-05, ""fee_pct_nav"": 4.803252372245334e-05, ""name"": ""汇丰控股""}, {""ts_code"": ""01211.HK"", ""side"": ""buy"", ""current_weight"": 0.0, ""target_weight"": 0.1820988817671401, ""post_trade_weight"": 0.18213527449206396, ""diff_weight"": 0.1820988817671401, ""gross_amount"": 0.27570672665526474, ""gross_amount_pct_nav"": 0.1820988817671401, ""fee"": 8.271201799657941e-05, ""fee_pct_nav"": 5.4629664530142016e-05, ""name"": ""比亚迪股份""}, {""ts_code"": ""01339.HK"", ""side"": ""sell"", ""current_weight"": 0.15375511146652102, ""target_weight"": 0.0, ""post_trade_weight"": 0.0, ""diff_weight"": -0.15375511146652102, ""gross_amount"": 0.2327928545061468, ""gross_amount_pct_nav"": 0.15375511146652102, ""fee"": 6.983785635184404e-05, ""fee_pct_nav"": 4.61265334399563e-05, ""name"": ""中国人民保险集团""}, {""ts_code"": ""02388.HK"", ""side"": ""sell"", ""current_weight"": 0.17614088253235027, ""target_weight"": 0.16451064672551788, ""post_trade_weight"": 0.1645435244162276, ""diff_weight"": -0.011630235806832413, ""gross_amount"": 0.01760875307642465, ""gross_amount_pct_nav"": 0.011630235806832413, ""fee"": 5.282625922927394e-06, ""fee_pct_nav"": 3.4890707420497235e-06, ""name"": ""中银香港""}, {""ts_code"": ""03328.HK"", ""side"": ""buy"", ""current_weight"": 0.0, ""target_weight"": 0.15844573809047574, ""post_trade_weight"": 0.158477403700422, ""diff_weight"": 0.15844573809047574, ""gross_amount"": 0.23989469554933524, ""gross_amount_pct_nav"": 0.15844573809047574, ""fee"": 7.196840866480057e-05, ""fee_pct_nav"": 4.7533721427142716e-05, ""name"": ""交通银行""}]"
2025-05-26,0.60117831,1.20235661,0.76129489,0.78484900,0.00046384,0.00022839,0.00023545,0.00000000,rebalance,"[{""ts_code"": ""00512.HK"", ""side"": ""buy"", ""current_weight"": 0.0, ""target_weight"": 0.15150745783727462, ""post_trade_weight"": 0.1515621273551156, ""diff_weight"": 0.15150745783727462, ""gross_amount"": 0.19482766430994525, ""gross_amount_pct_nav"": 0.15150745783727462, ""fee"": 5.844829929298357e-05, ""fee_pct_nav"": 4.545223735118238e-05, ""name"": ""远大医药""}, {""ts_code"": ""00762.HK"", ""side"": ""buy"", ""current_weight"": 0.0, ""target_weight"": 0.15341471143711444, ""post_trade_weight"": 0.15347006916289047, ""diff_weight"": 0.15341471143711444, ""gross_amount"": 0.19728025489134504, ""gross_amount_pct_nav"": 0.15341471143711444, ""fee"": 5.918407646740351e-05, ""fee_pct_nav"": 4.6024413431134324e-05, ""name"": ""中国联通""}, {""ts_code"": ""00998.HK"", ""side"": ""buy"", ""current_weight"": 0.0, ""target_weight"": 0.17487131443531223, ""post_trade_weight"": 0.17493441450035765, ""diff_weight"": 0.17487131443531223, ""gross_amount"": 0.22487189893209258, ""gross_amount_pct_nav"": 0.17487131443531223, ""fee"": 6.746156967962777e-05, ""fee_pct_nav"": 5.246139433059366e-05, ""name"": ""中信银行""}, {""ts_code"": ""01211.HK"", ""side"": ""buy"", ""current_weight"": 0.06979710485853194, ""target_weight"": 0.18202351543471149, ""post_trade_weight"": 0.18208919627951337, ""diff_weight"": 0.11222641057617956, ""gross_amount"": 0.14431507041672975, ""gross_amount_pct_nav"": 0.11222641057617956, ""fee"": 4.329452112501892e-05, ""fee_pct_nav"": 3.3667923172853864e-05, ""name"": ""比亚迪股份""}, {""ts_code"": ""01288.HK"", ""side"": ""sell"", ""current_weight"": 0.20249049724378906, ""target_weight"": 0.1734408742354324, ""post_trade_weight"": 0.17350345814452653, ""diff_weight"": -0.029049623008356666, ""gross_amount"": 0.037355720177691176, ""gross_amount_pct_nav"": 0.029049623008356666, ""fee"": 1.1206716053307352e-05, ""fee_pct_nav"": 8.714886902506999e-06, ""name"": ""农业银行""}, {""ts_code"": ""02367.HK"", ""side"": ""sell"", ""current_weight"": 0.17028871802221374, ""target_weight"": 0.0, ""post_trade_weight"": 0.0, ""diff_weight"": -0.17028871802221374, ""gross_amount"": 0.2189790104341677, ""gross_amount_pct_nav"": 0.17028871802221374, ""fee"": 6.569370313025031e-05, ""fee_pct_nav"": 5.108661540666412e-05, ""name"": ""巨子生物""}, {""ts_code"": ""02388.HK"", ""side"": ""sell"", ""current_weight"": 0.1872186517758801, ""target_weight"": 0.16438141963619327, ""post_trade_weight"": 0.16444073455759586, ""diff_weight"": -0.02283723213968683, ""gross_amount"": 0.02936703354799841, ""gross_amount_pct_nav"": 0.02283723213968683, ""fee"": 8.810110064399523e-06, ""fee_pct_nav"": 6.851169641906049e-06, ""name"": ""中银香港""}, {""ts_code"": ""03328.HK"", ""side"": ""sell"", ""current_weight"": 0.18761524337701294, ""target_weight"": 0.0, ""post_trade_weight"": 0.0, ""diff_weight"": -0.18761524337701294, ""gross_amount"": 0.24125967247991467, ""gross_amount_pct_nav"": 0.18761524337701294, ""fee"": 7.23779017439744e-05, ""fee_pct_nav"": 5.628457301310388e-05, ""name"": ""交通银行""}, {""ts_code"": ""03618.HK"", ""side"": ""sell"", ""current_weight"": 0.20054590237056807, ""target_weight"": 0.0, ""post_trade_weight"": 0.0, ""diff_weight"": -0.20054590237056807, ""gross_amount"": 0.2578875674077572, ""gross_amount_pct_nav"": 0.20054590237056807, ""fee"": 7.736627022232716e-05, ""fee_pct_nav"": 6.016377071117042e-05, ""name"": ""重庆农村商业银行""}]"
2025-06-02,0.86237501,1.72475003,1.47001892,1.47090120,0.00088228,0.00044101,0.00044127,0.00000000,rebalance,"[{""ts_code"": ""00512.HK"", ""side"": ""sell"", ""current_weight"": 0.11335094019765277, ""target_weight"": 0.0, ""post_trade_weight"": 0.0, ""diff_weight"": -0.11335094019765277, ""gross_amount"": 0.1932778987983889, ""gross_amount_pct_nav"": 0.11335094019765277, ""fee"": 5.798336963951666e-05, ""fee_pct_nav"": 3.4005282059295825e-05, ""name"": ""远大医药""}, {""ts_code"": ""00762.HK"", ""side"": ""sell"", ""current_weight"": 0.11557484084850472, ""target_weight"": 0.0, ""post_trade_weight"": 0.0, ""diff_weight"": -0.11557484084850472, ""gross_amount"": 0.19706993479018153, ""gross_amount_pct_nav"": 0.11557484084850472, ""fee"": 5.9120980437054456e-05, ""fee_pct_nav"": 3.467245225455141e-05, ""name"": ""中国联通""}, {""ts_code"": ""00939.HK"", ""side"": ""buy"", ""current_weight"": 0.0, ""target_weight"": 0.16926961995002313, ""post_trade_weight"": 0.16935724962630552, ""diff_weight"": 0.16926961995002313, ""gross_amount"": 0.28862642354174134, ""gross_amount_pct_nav"": 0.16926961995002313, ""fee"": 8.65879270625224e-05, ""fee_pct_nav"": 5.078088598500694e-05, ""name"": ""建设银行""}, {""ts_code"": ""00998.HK"", ""side"": ""buy"", ""current_weight"": 0.13736627377237554, ""target_weight"": 0.18540476465841021, ""post_trade_weight"": 0.18550074738415287, ""diff_weight"": 0.04803849088603466, ""gross_amount"": 0.08191179150087544, ""gross_amount_pct_nav"": 0.04803849088603466, ""fee"": 2.457353745026263e-05, ""fee_pct_nav"": 1.4411547265810397e-05, ""name"": ""中信银行""}, {""ts_code"": ""01211.HK"", ""side"": ""sell"", ""current_weight"": 0.37462999358899357, ""target_weight"": 0.0, ""post_trade_weight"": 0.0, ""diff_weight"": -0.37462999358899357, ""gross_amount"": 0.6387922134697386, ""gross_amount_pct_nav"": 0.37462999358899357, ""fee"": 0.00019163766404092157, ""fee_pct_nav"": 0.00011238899807669807, ""name"": ""比亚迪股份""}, {""ts_code"": ""01288.HK"", ""side"": ""sell"", ""current_weight"": 0.13159371324633523, ""target_weight"": 0.0, ""post_trade_weight"": 0.0, ""diff_weight"": -0.13159371324633523, ""gross_amount"": 0.22438416785056423, ""gross_amount_pct_nav"": 0.13159371324633523, ""fee"": 6.731525035516926e-05, ""fee_pct_nav"": 3.947811397390056e-05, ""name"": ""农业银行""}, {""ts_code"": ""01385.HK"", ""side"": ""buy"", ""current_weight"": 0.0, ""target_weight"": 0.16628163018921074, ""post_trade_weight"": 0.16636771300448197, ""diff_weight"": 0.16628163018921074, ""gross_amount"": 0.2835315175657177, ""gross_amount_pct_nav"": 0.16628163018921074, ""fee"": 8.50594552697153e-05, ""fee_pct_nav"": 4.9884489056763225e-05, ""name"": ""上海复旦""}, {""ts_code"": ""01398.HK"", ""side"": ""buy"", ""current_weight"": 0.0, ""target_weight"": 0.1668792281413732, ""post_trade_weight"": 0.16696562032884668, ""diff_weight"": 0.1668792281413732, ""gross_amount"": 0.2845504987609224, ""gross_amount_pct_nav"": 0.1668792281413732, ""fee"": 8.536514962827672e-05, ""fee_pct_nav"": 5.006376844241196e-05, ""name"": ""工商银行""}, {""ts_code"": ""01801.HK"", ""side"": ""buy"", ""current_weight"": 0.0, ""target_weight"": 0.15911045476326094, ""post_trade_weight"": 0.1591928251121054, ""diff_weight"": 0.15911045476326094, ""gross_amount"": 0.27130374322326084, ""gross_amount_pct_nav"": 0.15911045476326094, ""fee"": 8.139112296697824e-05, ""fee_pct_nav"": 4.7733136428978275e-05, ""name"": ""信达生物""}, {""ts_code"": ""02388.HK"", ""side"": ""sell"", ""current_weight"": 0.12748423834613765, ""target_weight"": 0.0, ""post_trade_weight"": 0.0, ""diff_weight"": -0.12748423834613765, ""gross_amount"": 0.21737698579728865, ""gross_amount_pct_nav"": 0.12748423834613765, ""fee"": 6.521309573918659e-05, ""fee_pct_nav"": 3.824527150384129e-05, ""name"": ""中银香港""}, {""ts_code"": ""09992.HK"", ""side"": ""buy"", ""current_weight"": 0.0, ""target_weight"": 0.15253687728947365, ""post_trade_weight"": 0.15261584454409355, ""diff_weight"": 0.15253687728947365, ""gross_amount"": 0.2600949500760088, ""gross_amount_pct_nav"": 0.15253687728947365, ""fee"": 7.802848502280263e-05, ""fee_pct_nav"": 4.5761063186842095e-05, ""name"": ""泡泡玛特""}]"
2025-06-09,0.50758817,1.01517634,0.95989968,0.93425962,0.00056825,0.00028797,0.00028028,0.00000000,rebalance,"[{""ts_code"": ""01288.HK"", ""side"": ""buy"", ""current_weight"": 0.0, ""target_weight"": 0.17079764043896895, ""post_trade_weight"": 0.17084967320261393, ""diff_weight"": 0.17079764043896895, ""gross_amount"": 0.31868151986406884, ""gross_amount_pct_nav"": 0.17079764043896895, ""fee"": 9.560445595922064e-05, ""fee_pct_nav"": 5.123929213169068e-05, ""name"": ""农业银行""}, {""ts_code"": ""01385.HK"", ""side"": ""sell"", ""current_weight"": 0.1574991364677664, ""target_weight"": 0.0, ""post_trade_weight"": 0.0, ""diff_weight"": -0.1574991364677664, ""gross_amount"": 0.2938686041436345, ""gross_amount_pct_nav"": 0.1574991364677664, ""fee"": 8.816058124309034e-05, ""fee_pct_nav"": 4.724974094032991e-05, ""name"": ""上海复旦""}, {""ts_code"": ""01398.HK"", ""side"": ""sell"", ""current_weight"": 0.1611732297944788, ""target_weight"": 0.0, ""post_trade_weight"": 0.0, ""diff_weight"": -0.1611732297944788, ""gross_amount"": 0.30072388412566403, ""gross_amount_pct_nav"": 0.1611732297944788, ""fee"": 9.02171652376992e-05, ""fee_pct_nav"": 4.835196893834363e-05, ""name"": ""工商银行""}, {""ts_code"": ""01801.HK"", ""side"": ""sell"", ""current_weight"": 0.18204489502110782, ""target_weight"": 0.0, ""post_trade_weight"": 0.0, ""diff_weight"": -0.18204489502110782, ""gross_amount"": 0.3396671270148591, ""gross_amount_pct_nav"": 0.18204489502110782, ""fee"": 0.00010190013810445773, ""fee_pct_nav"": 5.461346850633234e-05, ""name"": ""信达生物""}, {""ts_code"": ""02388.HK"", ""side"": ""buy"", ""current_weight"": 0.0, ""target_weight"": 0.16243417526062617, ""post_trade_weight"": 0.16248366013071855, ""diff_weight"": 0.16243417526062617, ""gross_amount"": 0.303076609939585, ""gross_amount_pct_nav"": 0.16243417526062617, ""fee"": 9.09229829818755e-05, ""fee_pct_nav"": 4.8730252578187846e-05, ""name"": ""中银香港""}, {""ts_code"": ""03968.HK"", ""side"": ""buy"", ""current_weight"": 0.0, ""target_weight"": 0.16191145868697976, ""post_trade_weight"": 0.1619607843137251, ""diff_weight"": 0.16191145868697976, ""gross_amount"": 0.30210130306930477, ""gross_amount_pct_nav"": 0.16191145868697976, ""fee"": 9.063039092079143e-05, ""fee_pct_nav"": 4.857343760609392e-05, ""name"": ""招商银行""}, {""ts_code"": ""09992.HK"", ""side"": ""buy"", ""current_weight"": 0.15200455530883714, ""target_weight"": 0.1713203570126154, ""post_trade_weight"": 0.17137254901960744, ""diff_weight"": 0.019315801703778255, ""gross_amount"": 0.03604024639059694, ""gross_amount_pct_nav"": 0.019315801703778255, ""fee"": 1.0812073917179082e-05, ""fee_pct_nav"": 5.794740511133476e-06, ""name"": ""泡泡玛特""}]"
2025-06-16,0.49405294,0.98810587,0.96676038,0.96773215,0.00058035,0.00029003,0.00029032,0.00000000,rebalance,"[{""ts_code"": ""00939.HK"", ""side"": ""sell"", ""current_weight"": 0.1657471279162664, ""target_weight"": 0.0, ""post_trade_weight"": 0.0, ""diff_weight"": -0.1657471279162664, ""gross_amount"": 0.3244961813807438, ""gross_amount_pct_nav"": 0.1657471279162664, ""fee"": 9.734885441422313e-05, ""fee_pct_nav"": 4.9724138374879914e-05, ""name"": ""建设银行""}, {""ts_code"": ""01288.HK"", ""side"": ""sell"", ""current_weight"": 0.16974892875664993, ""target_weight"": 0.15970637042824193, ""post_trade_weight"": 0.1597537265068097, ""diff_weight"": -0.010042558328408007, ""gross_amount"": 0.019661105865484918, ""gross_amount_pct_nav"": 0.010042558328408007, ""fee"": 5.898331759645475e-06, ""fee_pct_nav"": 3.0127674985224023e-06, ""name"": ""农业银行""}, {""ts_code"": ""01339.HK"", ""side"": ""buy"", ""current_weight"": 0.0, ""target_weight"": 0.17180042958169908, ""post_trade_weight"": 0.17185137178656812, ""diff_weight"": 0.17180042958169908, ""gross_amount"": 0.33634720588942146, ""gross_amount_pct_nav"": 0.17180042958169908, ""fee"": 0.00010090416176682642, ""fee_pct_nav"": 5.1540128874509715e-05, ""name"": ""中国人民保险集团""}, {""ts_code"": ""01801.HK"", ""side"": ""buy"", ""current_weight"": 0.0, ""target_weight"": 0.1644576079528144, ""post_trade_weight"": 0.1645063728667148, ""diff_weight"": 0.1644576079528144, ""gross_amount"": 0.3219715867816398, ""gross_amount_pct_nav"": 0.1644576079528144, ""fee"": 9.659147603449193e-05, ""fee_pct_nav"": 4.9337282385844314e-05, ""name"": ""信达生物""}, {""ts_code"": ""02359.HK"", ""side"": ""buy"", ""current_weight"": 0.0, ""target_weight"": 0.15754671700798173, ""post_trade_weight"": 0.15759343270685283, ""diff_weight"": 0.15754671700798173, ""gross_amount"": 0.308441592327257, ""gross_amount_pct_nav"": 0.15754671700798173, ""fee"": 9.253247769817709e-05, ""fee_pct_nav"": 4.7264015102394514e-05, ""name"": ""药明康德""}, {""ts_code"": ""02388.HK"", ""side"": ""sell"", ""current_weight"": 0.15570641235900398, ""target_weight"": 0.0, ""post_trade_weight"": 0.0, ""diff_weight"": -0.15570641235900398, ""gross_amount"": 0.30483868325318725, ""gross_amount_pct_nav"": 0.15570641235900398, ""fee"": 9.145160497595616e-05, ""fee_pct_nav"": 4.671192370770118e-05, ""name"": ""中银香港""}, {""ts_code"": ""03968.HK"", ""side"": ""sell"", ""current_weight"": 0.16280501879521314, ""target_weight"": 0.0, ""post_trade_weight"": 0.0, ""diff_weight"": -0.16280501879521314, ""gross_amount"": 0.31873618308098717, ""gross_amount_pct_nav"": 0.16280501879521314, ""fee"": 9.562085492429615e-05, ""fee_pct_nav"": 4.884150563856394e-05, ""name"": ""招商银行""}]"
2025-06-23,0.82676039,1.65352077,1.56608623,1.59285081,0.00094768,0.00046983,0.00047786,0.00000000,rebalance,"[{""ts_code"": ""00998.HK"", ""side"": ""sell"", ""current_weight"": 0.19142854670535053, ""target_weight"": 0.179748408831809, ""post_trade_weight"": 0.179837618403247, ""diff_weight"": -0.011680137873541522, ""gross_amount"": 0.022314095306728843, ""gross_amount_pct_nav"": 0.011680137873541522, ""fee"": 6.694228592018652e-06, ""fee_pct_nav"": 3.5040413620624565e-06, ""name"": ""中信银行""}, {""ts_code"": ""01288.HK"", ""side"": ""sell"", ""current_weight"": 0.16541805436051807, ""target_weight"": 0.0, ""post_trade_weight"": 0.0, ""diff_weight"": -0.16541805436051807, ""gross_amount"": 0.31601974826133294, ""gross_amount_pct_nav"": 0.16541805436051807, ""fee"": 9.480592447839988e-05, ""fee_pct_nav"": 4.9625416308155416e-05, ""name"": ""农业银行""}, {""ts_code"": ""01336.HK"", ""side"": ""buy"", ""current_weight"": 0.0, ""target_weight"": 0.16568231814820616, ""post_trade_weight"": 0.16576454668470847, ""diff_weight"": 0.16568231814820616, ""gross_amount"": 0.31652460594438714, ""gross_amount_pct_nav"": 0.16568231814820616, ""fee"": 9.495738178331614e-05, ""fee_pct_nav"": 4.970469544446185e-05, ""name"": ""新华保险""}, {""ts_code"": ""01339.HK"", ""side"": ""sell"", ""current_weight"": 0.17697052153271545, ""target_weight"": 0.0, ""post_trade_weight"": 0.0, ""diff_weight"": -0.17697052153271545, ""gross_amount"": 0.33808993752615424, ""gross_amount_pct_nav"": 0.17697052153271545, ""fee"": 0.00010142698125784626, ""fee_pct_nav"": 5.309115645981463e-05, ""name"": ""中国人民保险集团""}, {""ts_code"": ""01398.HK"", ""side"": ""buy"", ""current_weight"": 0.0, ""target_weight"": 0.16135429024555914, ""post_trade_weight"": 0.16143437077131198, ""diff_weight"": 0.16135429024555914, ""gross_amount"": 0.30825620807481946, ""gross_amount_pct_nav"": 0.16135429024555914, ""fee"": 9.247686242244584e-05, ""fee_pct_nav"": 4.8406287073667745e-05, ""name"": ""工商银行""}, {""ts_code"": ""01801.HK"", ""side"": ""sell"", ""current_weight"": 0.1655951799571831, ""target_weight"": 0.0, ""post_trade_weight"": 0.0, ""diff_weight"": -0.1655951799571831, ""gross_amount"": 0.3163581344591704, ""gross_amount_pct_nav"": 0.1655951799571831, ""fee"": 9.49074403377511e-05, ""fee_pct_nav"": 4.9678553987154925e-05, ""name"": ""信达生物""}, {""ts_code"": ""01810.HK"", ""side"": ""buy"", ""current_weight"": 0.0, ""target_weight"": 0.17271536349000757, ""post_trade_weight"": 0.17280108254397772, ""diff_weight"": 0.17271536349000757, ""gross_amount"": 0.32996075248243456, ""gross_amount_pct_nav"": 0.17271536349000757, ""fee"": 9.898822574473036e-05, ""fee_pct_nav"": 5.1814609047002266e-05, ""name"": ""小米集团-W""}, {""ts_code"": ""02359.HK"", ""side"": ""sell"", ""current_weight"": 0.1511826983612724, ""target_weight"": 0.0, ""post_trade_weight"": 0.0, ""diff_weight"": -0.1511826983612724, ""gross_amount"": 0.288824085510473, ""gross_amount_pct_nav"": 0.1511826983612724, ""fee"": 8.66472256531419e-05, ""fee_pct_nav"": 4.535480950838172e-05, ""name"": ""药明康德""}, {""ts_code"": ""02388.HK"", ""side"": ""buy"", ""current_weight"": 0.0, ""target_weight"": 0.17163335651434583, ""post_trade_weight"": 0.17171853856562863, ""diff_weight"": 0.17163335651434583, ""gross_amount"": 0.3278936530150427, ""gross_amount_pct_nav"": 0.17163335651434583, ""fee"": 9.83680959045128e-05, ""fee_pct_nav"": 5.149000695430375e-05, ""name"": ""中银香港""}, {""ts_code"": ""06818.HK"", ""side"": ""buy"", ""current_weight"": 0.0, ""target_weight"": 0.1483702065376181, ""post_trade_weight"": 0.1484438430311226, ""diff_weight"": 0.1483702065376181, ""gross_amount"": 0.2834510144661165, ""gross_amount_pct_nav"": 0.1483702065376181, ""fee"": 8.503530433983494e-05, ""fee_pct_nav"": 4.451106196128543e-05, ""name"": ""中国光大银行""}, {""ts_code"": ""09992.HK"", ""side"": ""sell"", ""current_weight"": 0.1629186478141668, ""target_weight"": 0.0, ""post_trade_weight"": 0.0, ""diff_weight"": -0.1629186478141668, ""gross_amount"": 0.31124480497818197, ""gross_amount_pct_nav"": 0.1629186478141668, ""fee"": 9.337344149345458e-05, ""fee_pct_nav"": 4.8875594344250026e-05, ""name"": ""泡泡玛特""}]"
2025-06-30,0.81468783,1.62937566,1.57908874,1.57532217,0.00094632,0.00047373,0.00047260,0.00000000,rebalance,"[{""ts_code"": ""00388.HK"", ""side"": ""buy"", ""current_weight"": 0.0, ""target_weight"": 0.17615807739288997, ""post_trade_weight"": 0.1762442278091316, ""diff_weight"": 0.17615807739288997, ""gross_amount"": 0.3410355118189098, ""gross_amount_pct_nav"": 0.17615807739288997, ""fee"": 0.00010231065354567293, ""fee_pct_nav"": 5.2847423217866985e-05, ""name"": ""香港交易所""}, {""ts_code"": ""00998.HK"", ""side"": ""sell"", ""current_weight"": 0.1738378546688828, ""target_weight"": 0.0, ""post_trade_weight"": 0.0, ""diff_weight"": -0.1738378546688828, ""gross_amount"": 0.33654364658101416, ""gross_amount_pct_nav"": 0.1738378546688828, ""fee"": 0.00010096309397430424, ""fee_pct_nav"": 5.215135640066483e-05, ""name"": ""中信银行""}, {""ts_code"": ""01336.HK"", ""side"": ""sell"", ""current_weight"": 0.17194359529352718, ""target_weight"": 0.0, ""post_trade_weight"": 0.0, ""diff_weight"": -0.17194359529352718, ""gross_amount"": 0.3328764306057208, ""gross_amount_pct_nav"": 0.17194359529352718, ""fee"": 9.986292918171623e-05, ""fee_pct_nav"": 5.158307858805815e-05, ""name"": ""新华保险""}, {""ts_code"": ""01357.HK"", ""side"": ""buy"", ""current_weight"": 0.0, ""target_weight"": 0.15051643585098456, ""post_trade_weight"": 0.15059004617752583, ""diff_weight"": 0.15051643585098456, ""gross_amount"": 0.2913942437229986, ""gross_amount_pct_nav"": 0.15051643585098456, ""fee"": 8.741827311689958e-05, ""fee_pct_nav"": 4.515493075529537e-05, ""name"": ""美图公司""}, {""ts_code"": ""01378.HK"", ""side"": ""buy"", ""current_weight"": 0.0, ""target_weight"": 0.1664142536069659, ""post_trade_weight"": 0.1664956387891214, ""diff_weight"": 0.1664142536069659, ""gross_amount"": 0.3221718299424635, ""gross_amount_pct_nav"": 0.1664142536069659, ""fee"": 9.665154898273905e-05, ""fee_pct_nav"": 4.9924276082089764e-05, ""name"": ""中国宏桥""}, {""ts_code"": ""01398.HK"", ""side"": ""sell"", ""current_weight"": 0.15770502451612176, ""target_weight"": 0.0, ""post_trade_weight"": 0.0, ""diff_weight"": -0.15770502451612176, ""gross_amount"": 0.30531108506773513, ""gross_amount_pct_nav"": 0.15770502451612176, ""fee"": 9.159332552032053e-05, ""fee_pct_nav"": 4.7311507354836516e-05, ""name"": ""工商银行""}, {""ts_code"": ""02388.HK"", ""side"": ""sell"", ""current_weight"": 0.16745723909284116, ""target_weight"": 0.0, ""post_trade_weight"": 0.0, ""diff_weight"": -0.16745723909284116, ""gross_amount"": 0.32419101120431304, ""gross_amount_pct_nav"": 0.16745723909284116, ""fee"": 9.72573033612939e-05, ""fee_pct_nav"": 5.0237171727852337e-05, ""name"": ""中银香港""}, {""ts_code"": ""02799.HK"", ""side"": ""buy"", ""current_weight"": 0.0, ""target_weight"": 0.16282442379109918, ""post_trade_weight"": 0.16290405336069663, ""diff_weight"": 0.16282442379109918, ""gross_amount"": 0.315222052409036, ""gross_amount_pct_nav"": 0.16282442379109918, ""fee"": 9.456661572271079e-05, ""fee_pct_nav"": 4.8847327137329746e-05, ""name"": ""中信金融资产""}, {""ts_code"": ""06818.HK"", ""side"": ""sell"", ""current_weight"": 0.14277132405069895, ""target_weight"": 0.0, ""post_trade_weight"": 0.0, ""diff_weight"": -0.14277132405069895, ""gross_amount"": 0.27639999420576533, ""gross_amount_pct_nav"": 0.14277132405069895, ""fee"": 8.29199982617296e-05, ""fee_pct_nav"": 4.283139721520969e-05, ""name"": ""中国光大银行""}, {""ts_code"": ""09992.HK"", ""side"": ""buy"", ""current_weight"": 0.0, ""target_weight"": 0.1597474268060705, ""post_trade_weight"": 0.1598255515649039, ""diff_weight"": 0.1597474268060705, ""gross_amount"": 0.3092651002375266, ""gross_amount_pct_nav"": 0.1597474268060705, ""fee"": 9.277953007125798e-05, ""fee_pct_nav"": 4.792422804182115e-05, ""name"": ""泡泡玛特""}]"
2025-07-07,1.00094856,2.00189712,1.88576703,1.89161313,0.00113321,0.00056573,0.00056748,0.00000000,rebalance,"[{""ts_code"": ""00388.HK"", ""side"": ""sell"", ""current_weight"": 0.17616393062963273, ""target_weight"": 0.0, ""post_trade_weight"": 0.0, ""diff_weight"": -0.17616393062963273, ""gross_amount"": 0.3324037629524331, ""gross_amount_pct_nav"": 0.17616393062963273, ""fee"": 9.972112888572993e-05, ""fee_pct_nav"": 5.284917918888982e-05, ""name"": ""香港交易所""}, {""ts_code"": ""00939.HK"", ""side"": ""buy"", ""current_weight"": 0.0, ""target_weight"": 0.16353020201194082, ""post_trade_weight"": 0.16362847222221957, ""diff_weight"": 0.16353020201194082, ""gross_amount"": 0.3085651773939077, ""gross_amount_pct_nav"": 0.16353020201194082, ""fee"": 9.256955321817231e-05, ""fee_pct_nav"": 4.9059060603582244e-05, ""name"": ""建设银行""}, {""ts_code"": ""01336.HK"", ""side"": ""buy"", ""current_weight"": 0.0, ""target_weight"": 0.1800133523473619, ""post_trade_weight"": 0.18012152777777485, ""diff_weight"": 0.1800133523473619, ""gross_amount"": 0.339667237714779, ""gross_amount_pct_nav"": 0.1800133523473619, ""fee"": 0.0001019001713144337, ""fee_pct_nav"": 5.400400570420857e-05, ""name"": ""新华保险""}, {""ts_code"": ""01357.HK"", ""side"": ""sell"", ""current_weight"": 0.1520358614919808, ""target_weight"": 0.0, ""post_trade_weight"": 0.0, ""diff_weight"": -0.1520358614919808, ""gross_amount"": 0.286876503510239, ""gross_amount_pct_nav"": 0.1520358614919808, ""fee"": 8.60629510530717e-05, ""fee_pct_nav"": 4.561075844759423e-05, ""name"": ""美图公司""}, {""ts_code"": ""01378.HK"", ""side"": ""sell"", ""current_weight"": 0.17055139231316496, ""target_weight"": 0.0, ""post_trade_weight"": 0.0, ""diff_weight"": -0.17055139231316496, ""gross_amount"": 0.32181346305709924, ""gross_amount_pct_nav"": 0.17055139231316496, ""fee"": 9.654403891712976e-05, ""fee_pct_nav"": 5.1165417693949485e-05, ""name"": ""中国宏桥""}, {""ts_code"": ""01530.HK"", ""side"": ""buy"", ""current_weight"": 0.0, ""target_weight"": 0.16483150335421087, ""post_trade_weight"": 0.16493055555555283, ""diff_weight"": 0.16483150335421087, ""gross_amount"": 0.3110206032087133, ""gross_amount_pct_nav"": 0.16483150335421087, ""fee"": 9.330618096261397e-05, ""fee_pct_nav"": 4.9449451006263254e-05, ""name"": ""三生制药""}, {""ts_code"": ""01788.HK"", ""side"": ""buy"", ""current_weight"": 0.0, ""target_weight"": 0.16396396912603084, ""post_trade_weight"": 0.1640624999999973, ""diff_weight"": 0.16396396912603084, ""gross_amount"": 0.30938365266550955, ""gross_amount_pct_nav"": 0.16396396912603084, ""fee"": 9.281509579965285e-05, ""fee_pct_nav"": 4.918919073780924e-05, ""name"": ""国泰君安国际""}, {""ts_code"": ""01801.HK"", ""side"": ""buy"", ""current_weight"": 0.0, ""target_weight"": 0.16916917449511118, ""post_trade_weight"": 0.16927083333333057, ""diff_weight"": 0.16916917449511118, ""gross_amount"": 0.3192053559247321, ""gross_amount_pct_nav"": 0.16916917449511118, ""fee"": 9.576160677741962e-05, ""fee_pct_nav"": 5.075075234853335e-05, ""name"": ""信达生物""}, {""ts_code"": ""01810.HK"", ""side"": ""sell"", ""current_weight"": 0.18268013998603938, ""target_weight"": 0.0, ""post_trade_weight"": 0.0, ""diff_weight"": -0.18268013998603938, ""gross_amount"": 0.3446991999497447, ""gross_amount_pct_nav"": 0.18268013998603938, ""fee"": 0.0001034097599849234, ""fee_pct_nav"": 5.48040419958118e-05, ""name"": ""小米集团-W""}, {""ts_code"": ""02799.HK"", ""side"": ""sell"", ""current_weight"": 0.16183757722168632, ""target_weight"": 0.0, ""post_trade_weight"": 0.0, ""diff_weight"": -0.16183757722168632, ""gross_amount"": 0.30537136327125364, ""gross_amount_pct_nav"": 0.16183757722168632, ""fee"": 9.161140898137608e-05, ""fee_pct_nav"": 4.855127316650589e-05, ""name"": ""中信金融资产""}, {""ts_code"": ""03692.HK"", ""side"": ""buy"", ""current_weight"": 0.0, ""target_weight"": 0.15789122952877044, ""post_trade_weight"": 0.15798611111110852, ""diff_weight"": 0.15789122952877044, ""gross_amount"": 0.29792499886308327, ""gross_amount_pct_nav"": 0.15789122952877044, ""fee"": 8.937749965892497e-05, ""fee_pct_nav"": 4.736736885863113e-05, ""name"": ""翰森制药""}, {""ts_code"": ""09992.HK"", ""side"": ""sell"", ""current_weight"": 0.15922878935284526, ""target_weight"": 0.0, ""post_trade_weight"": 0.0, ""diff_weight"": -0.15922878935284526, ""gross_amount"": 0.30044884081590173, ""gross_amount_pct_nav"": 0.15922878935284526, ""fee"": 9.013465224477051e-05, ""fee_pct_nav"": 4.7768636805853574e-05, ""name"": ""泡泡玛特""}]"
2025-07-14,0.65925685,1.31851370,1.36882539,1.36964693,0.00082154,0.00041065,0.00041089,0.00000000,rebalance,"[{""ts_code"": ""00939.HK"", ""side"": ""sell"", ""current_weight"": 0.15237206332062625, ""target_weight"": 0.0, ""post_trade_weight"": 0.0, ""diff_weight"": -0.15237206332062625, ""gross_amount"": 0.31646745632716633, ""gross_amount_pct_nav"": 0.15237206332062625, ""fee"": 9.49402368981499e-05, ""fee_pct_nav"": 4.5711618996187874e-05, ""name"": ""建设银行""}, {""ts_code"": ""01177.HK"", ""side"": ""buy"", ""current_weight"": 0.0, ""target_weight"": 0.16754368317397206, ""post_trade_weight"": 0.1676099819912524, ""diff_weight"": 0.16754368317397206, ""gross_amount"": 0.3479779828549064, ""gross_amount_pct_nav"": 0.16754368317397206, ""fee"": 0.0001043933948564719, ""fee_pct_nav"": 5.026310495219161e-05, ""name"": ""中国生物制药""}, {""ts_code"": ""01336.HK"", ""side"": ""buy"", ""current_weight"": 0.16991569687608427, ""target_weight"": 0.18863129947522414, ""post_trade_weight"": 0.18870594288654438, ""diff_weight"": 0.018715602599139874, ""gross_amount"": 0.038871161938109244, ""gross_amount_pct_nav"": 0.018715602599139874, ""fee"": 1.1661348581432772e-05, ""fee_pct_nav"": 5.614680779741962e-06, ""name"": ""新华保险""}, {""ts_code"": ""01530.HK"", ""side"": ""sell"", ""current_weight"": 0.17201371021099762, ""target_weight"": 0.0, ""post_trade_weight"": 0.0, ""diff_weight"": -0.17201371021099762, ""gross_amount"": 0.35726195562059937, ""gross_amount_pct_nav"": 0.17201371021099762, ""fee"": 0.0001071785866861798, ""fee_pct_nav"": 5.1604113063299285e-05, ""name"": ""三生制药""}, {""ts_code"": ""01788.HK"", ""side"": ""sell"", ""current_weight"": 0.20218435274641733, ""target_weight"": 0.17062967580342353, ""post_trade_weight"": 0.17069719578080728, ""diff_weight"": -0.031554676942993784, ""gross_amount"": 0.06553713410286899, ""gross_amount_pct_nav"": 0.031554676942993784, ""fee"": 1.9661140230860693e-05, ""fee_pct_nav"": 9.466403082898133e-06, ""name"": ""国泰君安国际""}, {""ts_code"": ""01801.HK"", ""side"": ""sell"", ""current_weight"": 0.1526663198568743, ""target_weight"": 0.0, ""post_trade_weight"": 0.0, ""diff_weight"": -0.1526663198568743, ""gross_amount"": 0.31707860915600283, ""gross_amount_pct_nav"": 0.1526663198568743, ""fee"": 9.512358274680084e-05, ""fee_pct_nav"": 4.579989595706228e-05, ""name"": ""信达生物""}, {""ts_code"": ""02359.HK"", ""side"": ""buy"", ""current_weight"": 0.0, ""target_weight"": 0.17320133632796647, ""post_trade_weight"": 0.17326987393876972, ""diff_weight"": 0.17320133632796647, ""gross_amount"": 0.35972858242943884, ""gross_amount_pct_nav"": 0.17320133632796647, ""fee"": 0.00010791857472883164, ""fee_pct_nav"": 5.1960400898389935e-05, ""name"": ""药明康德""}, {""ts_code"": ""03692.HK"", ""side"": ""sell"", ""current_weight"": 0.15084785698898556, ""target_weight"": 0.0, ""post_trade_weight"": 0.0, ""diff_weight"": -0.15084785698898556, ""gross_amount"": 0.31330177299795203, ""gross_amount_pct_nav"": 0.15084785698898556, ""fee"": 9.39905318993856e-05, ""fee_pct_nav"": 4.525435709669567e-05, ""name"": ""翰森制药""}, {""ts_code"": ""03908.HK"", ""side"": ""buy"", ""current_weight"": 0.0, ""target_weight"": 0.1500563916070801, ""post_trade_weight"": 0.15011577051710784, ""diff_weight"": 0.1500563916070801, ""gross_amount"": 0.31165794780635125, ""gross_amount_pct_nav"": 0.1500563916070801, ""fee"": 9.349738434190536e-05, ""fee_pct_nav"": 4.5016917482124024e-05, ""name"": ""中金公司""}, {""ts_code"": ""09992.HK"", ""side"": ""buy"", ""current_weight"": 0.0, ""target_weight"": 0.14954205950217153, ""post_trade_weight"": 0.14960123488551538, ""diff_weight"": 0.14954205950217153, ""gross_amount"": 0.3105897114813938, ""gross_amount_pct_nav"": 0.14954205950217153, ""fee"": 9.317691344441813e-05, ""fee_pct_nav"": 4.486261785065145e-05, ""name"": ""泡泡玛特""}]"
2025-07-21,0.51583318,1.03166635,1.09579180,1.09644947,0.00065767,0.00032874,0.00032893,0.00000000,rebalance,"[{""ts_code"": ""01177.HK"", ""side"": ""sell"", ""current_weight"": 0.185610452181582, ""target_weight"": 0.15023801876749518, ""post_trade_weight"": 0.15028453181583026, ""diff_weight"": -0.03537243341408684, ""gross_amount"": 0.07516471626578686, ""gross_amount_pct_nav"": 0.03537243341408684, ""fee"": 2.2549414879736055e-05, ""fee_pct_nav"": 1.0611730024226053e-05, ""name"": ""中国生物制药""}, {""ts_code"": ""01336.HK"", ""side"": ""sell"", ""current_weight"": 0.18854045255890817, ""target_weight"": 0.17713088271210703, ""post_trade_weight"": 0.177185721676151, ""diff_weight"": -0.01140956984680113, ""gross_amount"": 0.02424478605161362, ""gross_amount_pct_nav"": 0.01140956984680113, ""fee"": 7.273435815484086e-06, ""fee_pct_nav"": 3.4228709540403393e-06, ""name"": ""新华保险""}, {""ts_code"": ""01530.HK"", ""side"": ""buy"", ""current_weight"": 0.0, ""target_weight"": 0.1693733258050074, ""post_trade_weight"": 0.16942576306259688, ""diff_weight"": 0.1693733258050074, ""gross_amount"": 0.3599101545571377, ""gross_amount_pct_nav"": 0.1693733258050074, ""fee"": 0.0001079730463671413, ""fee_pct_nav"": 5.081199774150222e-05, ""name"": ""三生制药""}, {""ts_code"": ""01788.HK"", ""side"": ""buy"", ""current_weight"": 0.1566431734001033, ""target_weight"": 0.16989049626548078, ""post_trade_weight"": 0.16994309363683388, ""diff_weight"": 0.013247322865377453, ""gross_amount"": 0.02814992264741456, ""gross_amount_pct_nav"": 0.013247322865377453, ""fee"": 8.444976794224367e-06, ""fee_pct_nav"": 3.9741968596132355e-06, ""name"": ""国泰君安国际""}, {""ts_code"": ""01801.HK"", ""side"": ""buy"", ""current_weight"": 0.0, ""target_weight"": 0.1750622008702138, ""post_trade_weight"": 0.1751163993792032, ""diff_weight"": 0.1750622008702138, ""gross_amount"": 0.3719987399010416, ""gross_amount_pct_nav"": 0.1750622008702138, ""fee"": 0.00011159962197031247, ""fee_pct_nav"": 5.251866026106413e-05, ""name"": ""信达生物""}, {""ts_code"": ""02359.HK"", ""side"": ""sell"", ""current_weight"": 0.1751353077000085, ""target_weight"": 0.0, ""post_trade_weight"": 0.0, ""diff_weight"": -0.1751353077000085, ""gross_amount"": 0.37215408839104464, ""gross_amount_pct_nav"": 0.1751353077000085, ""fee"": 0.00011164622651731338, ""fee_pct_nav"": 5.254059231000255e-05, ""name"": ""药明康德""}, {""ts_code"": ""03908.HK"", ""side"": ""sell"", ""current_weight"": 0.1563269729893854, ""target_weight"": 0.0, ""post_trade_weight"": 0.0, ""diff_weight"": -0.1563269729893854, ""gross_amount"": 0.33218728357990235, ""gross_amount_pct_nav"": 0.1563269729893854, ""fee"": 9.96561850739707e-05, ""fee_pct_nav"": 4.6898091896815614e-05, ""name"": ""中金公司""}, {""ts_code"": ""09926.HK"", ""side"": ""buy"", ""current_weight"": 0.0, ""target_weight"": 0.1579955756745947, ""post_trade_weight"": 0.15804449042938426, ""diff_weight"": 0.1579955756745947, ""gross_amount"": 0.33573298386933, ""gross_amount_pct_nav"": 0.1579955756745947, ""fee"": 0.00010071989516079898, ""fee_pct_nav"": 4.739867270237841e-05, ""name"": ""康方生物""}, {""ts_code"": ""09992.HK"", ""side"": ""sell"", ""current_weight"": 0.1377436411700098, ""target_weight"": 0.0, ""post_trade_weight"": 0.0, ""diff_weight"": -0.1377436411700098, ""gross_amount"": 0.29269859906887113, ""gross_amount_pct_nav"": 0.1377436411700098, ""fee"": 8.780957972066133e-05, ""fee_pct_nav"": 4.132309235100294e-05, ""name"": ""泡泡玛特""}]"
2025-07-28,0.82614013,1.65228025,1.88592004,1.89316401,0.00113373,0.00056578,0.00056795,0.00000000,rebalance,"[{""ts_code"": ""01177.HK"", ""side"": ""sell"", ""current_weight"": 0.1470874646302843, ""target_weight"": 0.0, ""post_trade_weight"": 0.0, ""diff_weight"": -0.1470874646302843, ""gross_amount"": 0.33641743931592927, ""gross_amount_pct_nav"": 0.1470874646302843, ""fee"": 0.00010092523179477877, ""fee_pct_nav"": 4.412623938908529e-05, ""name"": ""中国生物制药""}, {""ts_code"": ""01336.HK"", ""side"": ""sell"", ""current_weight"": 0.1789474937073392, ""target_weight"": 0.0, ""post_trade_weight"": 0.0, ""diff_weight"": -0.1789474937073392, ""gross_amount"": 0.4092874790951522, ""gross_amount_pct_nav"": 0.1789474937073392, ""fee"": 0.00012278624372854565, ""fee_pct_nav"": 5.368424811220176e-05, ""name"": ""新华保险""}, {""ts_code"": ""01339.HK"", ""side"": ""buy"", ""current_weight"": 0.0, ""target_weight"": 0.17724972898701627, ""post_trade_weight"": 0.17733763242745149, ""diff_weight"": 0.17724972898701627, ""gross_amount"": 0.4054043632823423, ""gross_amount_pct_nav"": 0.17724972898701627, ""fee"": 0.00012162130898470269, ""fee_pct_nav"": 5.317491869610488e-05, ""name"": ""中国人民保险集团""}, {""ts_code"": ""01530.HK"", ""side"": ""sell"", ""current_weight"": 0.16844793070750597, ""target_weight"": 0.0, ""post_trade_weight"": 0.0, ""diff_weight"": -0.16844793070750597, ""gross_amount"": 0.38527295068364736, ""gross_amount_pct_nav"": 0.16844793070750597, ""fee"": 0.00011558188520509419, ""fee_pct_nav"": 5.0534379212251784e-05, ""name"": ""三生制药""}, {""ts_code"": ""01776.HK"", ""side"": ""buy"", ""current_weight"": 0.0, ""target_weight"": 0.1528491169446478, ""post_trade_weight"": 0.15292491939198416, ""diff_weight"": 0.1528491169446478, ""gross_amount"": 0.34959545093438354, ""gross_amount_pct_nav"": 0.1528491169446478, ""fee"": 0.00010487863528031506, ""fee_pct_nav"": 4.585473508339434e-05, ""name"": ""广发证券""}, {""ts_code"": ""01788.HK"", ""side"": ""sell"", ""current_weight"": 0.1759005882258275, ""target_weight"": 0.0, ""post_trade_weight"": 0.0, ""diff_weight"": -0.1759005882258275, ""gross_amount"": 0.40231861779548717, ""gross_amount_pct_nav"": 0.1759005882258275, ""fee"": 0.00012069558533864613, ""fee_pct_nav"": 5.277017646774824e-05, ""name"": ""国泰君安国际""}, {""ts_code"": ""02359.HK"", ""side"": ""buy"", ""current_weight"": 0.0, ""target_weight"": 0.16988350648365977, ""post_trade_weight"": 0.16996775679410286, ""diff_weight"": 0.16988350648365977, ""gross_amount"": 0.38855638974333595, ""gross_amount_pct_nav"": 0.16988350648365977, ""fee"": 0.00011656691692300078, ""fee_pct_nav"": 5.096505194509793e-05, ""name"": ""药明康德""}, {""ts_code"": ""02611.HK"", ""side"": ""buy"", ""current_weight"": 0.0, ""target_weight"": 0.15423028366402716, ""post_trade_weight"": 0.154306771073237, ""diff_weight"": 0.15423028366402716, ""gross_amount"": 0.35275444597294725, ""gross_amount_pct_nav"": 0.15423028366402716, ""fee"": 0.00010582633379188416, ""fee_pct_nav"": 4.6269085099208144e-05, ""name"": ""国泰海通""}, {""ts_code"": ""02628.HK"", ""side"": ""buy"", ""current_weight"": 0.0, ""target_weight"": 0.17034389539011954, ""post_trade_weight"": 0.17042837402118716, ""diff_weight"": 0.17034389539011954, ""gross_amount"": 0.38960938808952383, ""gross_amount_pct_nav"": 0.17034389539011954, ""fee"": 0.00011688281642685713, ""fee_pct_nav"": 5.1103168617035856e-05, ""name"": ""中国人寿""}, {""ts_code"": ""09926.HK"", ""side"": ""sell"", ""current_weight"": 0.15734024394202764, ""target_weight"": 0.0, ""post_trade_weight"": 0.0, ""diff_weight"": -0.15734024394202764, ""gross_amount"": 0.35986752577025694, ""gross_amount_pct_nav"": 0.15734024394202764, ""fee"": 0.00010796025773107707, ""fee_pct_nav"": 4.720207318260829e-05, ""name"": ""康方生物""}]"
2025-08-04,0.84393751,1.68787501,1.89689501,1.89192141,0.00113664,0.00056907,0.00056758,0.00000000,rebalance,"[{""ts_code"": ""01177.HK"", ""side"": ""buy"", ""current_weight"": 0.0, ""target_weight"": 0.1627687349304054, ""post_trade_weight"": 0.16285119667013456, ""diff_weight"": 0.1627687349304054, ""gross_amount"": 0.36537116254670415, ""gross_amount_pct_nav"": 0.1627687349304054, ""fee"": 0.00010961134876401123, ""fee_pct_nav"": 4.883062047912161e-05, ""name"": ""中国生物制药""}, {""ts_code"": ""01336.HK"", ""side"": ""buy"", ""current_weight"": 0.0, ""target_weight"": 0.17247592253008878, ""post_trade_weight"": 0.17256330211585078, ""diff_weight"": 0.17247592253008878, ""gross_amount"": 0.3871611360319176, ""gross_amount_pct_nav"": 0.17247592253008878, ""fee"": 0.00011614834080957526, ""fee_pct_nav"": 5.174277675902663e-05, ""name"": ""新华保险""}, {""ts_code"": ""01339.HK"", ""side"": ""sell"", ""current_weight"": 0.17682841232439403, ""target_weight"": 0.0, ""post_trade_weight"": 0.0, ""diff_weight"": -0.17682841232439403, ""gross_amount"": 0.39693128173464065, ""gross_amount_pct_nav"": 0.17682841232439403, ""fee"": 0.00011907938452039219, ""fee_pct_nav"": 5.30485236973182e-05, ""name"": ""中国人民保险集团""}, {""ts_code"": ""01530.HK"", ""side"": ""buy"", ""current_weight"": 0.0, ""target_weight"": 0.15722177058772918, ""post_trade_weight"": 0.15730142212972528, ""diff_weight"": 0.15722177058772918, ""gross_amount"": 0.3529197491265822, ""gross_amount_pct_nav"": 0.15722177058772918, ""fee"": 0.00010587592473797464, ""fee_pct_nav"": 4.7166531176318746e-05, ""name"": ""三生制药""}, {""ts_code"": ""01776.HK"", ""side"": ""sell"", ""current_weight"": 0.15328822166361256, ""target_weight"": 0.0, ""post_trade_weight"": 0.0, ""diff_weight"": -0.15328822166361256, ""gross_amount"": 0.3440900107621885, ""gross_amount_pct_nav"": 0.15328822166361256, ""fee"": 0.00010322700322865654, ""fee_pct_nav"": 4.5986466499083764e-05, ""name"": ""广发证券""}, {""ts_code"": ""01788.HK"", ""side"": ""buy"", ""current_weight"": 0.0, ""target_weight"": 0.1599952527590673, ""post_trade_weight"": 0.16007630939992992, ""diff_weight"": 0.1599952527590673, ""gross_amount"": 0.3591454558366432, ""gross_amount_pct_nav"": 0.1599952527590673, ""fee"": 0.00010774363675099294, ""fee_pct_nav"": 4.7998575827720186e-05, ""name"": ""国泰君安国际""}, {""ts_code"": ""01801.HK"", ""side"": ""sell"", ""current_weight"": 0.17366614493215696, ""target_weight"": 0.15444828841639105, ""post_trade_weight"": 0.15452653485952061, ""diff_weight"": -0.019217856515765915, ""gross_amount"": 0.04313881643070688, ""gross_amount_pct_nav"": 0.019217856515765915, ""fee"": 1.2941644929212064e-05, ""fee_pct_nav"": 5.765356954729774e-06, ""name"": ""信达生物""}, {""ts_code"": ""02359.HK"", ""side"": ""sell"", ""current_weight"": 0.17292508447216776, ""target_weight"": 0.0, ""post_trade_weight"": 0.0, ""diff_weight"": -0.17292508447216776, ""gross_amount"": 0.38816938138701784, ""gross_amount_pct_nav"": 0.17292508447216776, ""fee"": 0.00011645081441610534, ""fee_pct_nav"": 5.187752534165032e-05, ""name"": ""药明康德""}, {""ts_code"": ""02611.HK"", ""side"": ""sell"", ""current_weight"": 0.153676252607468, ""target_weight"": 0.0, ""post_trade_weight"": 0.0, ""diff_weight"": -0.153676252607468, ""gross_amount"": 0.34496103379447524, ""gross_amount_pct_nav"": 0.153676252607468, ""fee"": 0.00010348831013834256, ""fee_pct_nav"": 4.6102875782240396e-05, ""name"": ""国泰海通""}, {""ts_code"": ""02628.HK"", ""side"": ""sell"", ""current_weight"": 0.16689383674908265, ""target_weight"": 0.0, ""post_trade_weight"": 0.0, ""diff_weight"": -0.16689383674908265, ""gross_amount"": 0.37463088461653565, ""gross_amount_pct_nav"": 0.16689383674908265, ""fee"": 0.00011238926538496068, ""fee_pct_nav"": 5.0068151024724785e-05, ""name"": ""中国人寿""}, {""ts_code"": ""09926.HK"", ""side"": ""buy"", ""current_weight"": 0.0, ""target_weight"": 0.1925836682722901, ""post_trade_weight"": 0.19268123482483437, ""diff_weight"": 0.1925836682722901, ""gross_amount"": 0.43229750967985975, ""gross_amount_pct_nav"": 0.1925836682722901, ""fee"": 0.00012968925290395792, ""fee_pct_nav"": 5.7775100481687026e-05, ""name"": ""康方生物""}]"
2025-08-11,0.99970009,1.99940018,2.23653927,2.23788160,0.00134233,0.00067096,0.00067136,0.00000000,rebalance,"[{""ts_code"": ""01093.HK"", ""side"": ""buy"", ""current_weight"": 0.0, ""target_weight"": 0.16096419457086286, ""post_trade_weight"": 0.1610608020698551, ""diff_weight"": 0.16096419457086286, ""gross_amount"": 0.3602188086893806, ""gross_amount_pct_nav"": 0.16096419457086286, ""fee"": 0.00010806564260681417, ""fee_pct_nav"": 4.8289258371258854e-05, ""name"": ""石药集团""}, {""ts_code"": ""01177.HK"", ""side"": ""sell"", ""current_weight"": 0.16732004374386678, ""target_weight"": 0.0, ""post_trade_weight"": 0.0, ""diff_weight"": -0.16732004374386678, ""gross_amount"": 0.3744424465823465, ""gross_amount_pct_nav"": 0.16732004374386678, ""fee"": 0.00011233273397470394, ""fee_pct_nav"": 5.0196013123160035e-05, ""name"": ""中国生物制药""}, {""ts_code"": ""01336.HK"", ""side"": ""sell"", ""current_weight"": 0.16898507617532307, ""target_weight"": 0.0, ""post_trade_weight"": 0.0, ""diff_weight"": -0.16898507617532307, ""gross_amount"": 0.37816859201790376, ""gross_amount_pct_nav"": 0.16898507617532307, ""fee"": 0.00011345057760537112, ""fee_pct_nav"": 5.069552285259692e-05, ""name"": ""新华保险""}, {""ts_code"": ""01378.HK"", ""side"": ""buy"", ""current_weight"": 0.0, ""target_weight"": 0.1821675101609203, ""post_trade_weight"": 0.1822768434670087, ""diff_weight"": 0.1821675101609203, ""gross_amount"": 0.4076693184283834, ""gross_amount_pct_nav"": 0.1821675101609203, ""fee"": 0.00012230079552851502, ""fee_pct_nav"": 5.465025304827609e-05, ""name"": ""中国宏桥""}, {""ts_code"": ""01530.HK"", ""side"": ""sell"", ""current_weight"": 0.15770260129669345, ""target_weight"": 0.0, ""post_trade_weight"": 0.0, ""diff_weight"": -0.15770260129669345, ""gross_amount"": 0.3529197491265822, ""gross_amount_pct_nav"": 0.15770260129669345, ""fee"": 0.00010587592473797464, ""fee_pct_nav"": 4.7310780389008026e-05, ""name"": ""三生制药""}, {""ts_code"": ""01788.HK"", ""side"": ""sell"", ""current_weight"": 0.1517691116604691, ""target_weight"": 0.0, ""post_trade_weight"": 0.0, ""diff_weight"": -0.1517691116604691, ""gross_amount"": 0.33964130186798663, ""gross_amount_pct_nav"": 0.1517691116604691, ""fee"": 0.00010189239056039597, ""fee_pct_nav"": 4.5530733498140725e-05, ""name"": ""国泰君安国际""}, {""ts_code"": ""01801.HK"", ""side"": ""sell"", ""current_weight"": 0.15000119803862644, ""target_weight"": 0.0, ""post_trade_weight"": 0.0, ""diff_weight"": -0.15000119803862644, ""gross_amount"": 0.3356849205098608, ""gross_amount_pct_nav"": 0.15000119803862644, ""fee"": 0.00010070547615295824, ""fee_pct_nav"": 4.500035941158793e-05, ""name"": ""信达生物""}, {""ts_code"": ""01929.HK"", ""side"": ""buy"", ""current_weight"": 0.0, ""target_weight"": 0.1630328107259904, ""post_trade_weight"": 0.16313065976713836, ""diff_weight"": 0.1630328107259904, ""gross_amount"": 0.36484812671269795, ""gross_amount_pct_nav"": 0.1630328107259904, ""fee"": 0.00010945443801380937, ""fee_pct_nav"": 4.8909843217797116e-05, ""name"": ""周大福""}, {""ts_code"": ""06869.HK"", ""side"": ""buy"", ""current_weight"": 0.0, ""target_weight"": 0.1532068839891345, ""post_trade_weight"": 0.15329883570504277, ""diff_weight"": 0.1532068839891345, ""gross_amount"": 0.34285886610194055, ""gross_amount_pct_nav"": 0.1532068839891345, ""fee"": 0.00010285765983058216, ""fee_pct_nav"": 4.596206519674035e-05, ""name"": ""长飞光纤光缆""}, {""ts_code"": ""09863.HK"", ""side"": ""buy"", ""current_weight"": 0.0, ""target_weight"": 0.14906965167887942, ""post_trade_weight"": 0.14915912031047626, ""diff_weight"": 0.14906965167887942, ""gross_amount"": 0.3336002300553059, ""gross_amount_pct_nav"": 0.14906965167887942, ""fee"": 0.00010008006901659176, ""fee_pct_nav"": 4.472089550366382e-05, ""name"": ""零跑汽车""}, {""ts_code"": ""09926.HK"", ""side"": ""sell"", ""current_weight"": 0.20422196908501652, ""target_weight"": 0.0, ""post_trade_weight"": 0.0, ""diff_weight"": -0.20422196908501652, ""gross_amount"": 0.45702458617042374, ""gross_amount_pct_nav"": 0.20422196908501652, ""fee"": 0.0001371073758511271, ""fee_pct_nav"": 6.126659072550495e-05, ""name"": ""康方生物""}, {""ts_code"": ""09992.HK"", ""side"": ""buy"", ""current_weight"": 0.0, ""target_weight"": 0.19095912882021238, ""post_trade_weight"": 0.1910737386804626, ""diff_weight"": 0.19095912882021238, ""gross_amount"": 0.427343920027482, ""gross_amount_pct_nav"": 0.19095912882021238, ""fee"": 0.0001282031760082446, ""fee_pct_nav"": 5.728773864606371e-05, ""name"": ""泡泡玛特""}]"
2025-08-18,0.99970009,1.99940018,2.37487857,2.37630393,0.00142535,0.00071246,0.00071289,0.00000000,rebalance,"[{""ts_code"": ""01093.HK"", ""side"": ""sell"", ""current_weight"": 0.1597817902458501, ""target_weight"": 0.0, ""post_trade_weight"": 0.0, ""diff_weight"": -0.1597817902458501, ""gross_amount"": 0.37969009564556333, ""gross_amount_pct_nav"": 0.1597817902458501, ""fee"": 0.00011390702869366899, ""fee_pct_nav"": 4.793453707375502e-05, ""name"": ""石药集团""}, {""ts_code"": ""01177.HK"", ""side"": ""buy"", ""current_weight"": 0.0, ""target_weight"": 0.16563874848687188, ""post_trade_weight"": 0.1657381615598859, ""diff_weight"": 0.16563874848687188, ""gross_amount"": 0.3936080085147577, ""gross_amount_pct_nav"": 0.16563874848687188, ""fee"": 0.00011808240255442729, ""fee_pct_nav"": 4.969162454606156e-05, ""name"": ""中国生物制药""}, {""ts_code"": ""01336.HK"", ""side"": ""buy"", ""current_weight"": 0.0, ""target_weight"": 0.180200396705498, ""post_trade_weight"": 0.18030854938932647, ""diff_weight"": 0.180200396705498, ""gross_amount"": 0.428210910362209, ""gross_amount_pct_nav"": 0.180200396705498, ""fee"": 0.00012846327310866269, ""fee_pct_nav"": 5.40601190116494e-05, ""name"": ""新华保险""}, {""ts_code"": ""01339.HK"", ""side"": ""buy"", ""current_weight"": 0.0, ""target_weight"": 0.1673518835714161, ""post_trade_weight"": 0.1674523248339377, ""diff_weight"": 0.1673518835714161, ""gross_amount"": 0.3976789381438695, ""gross_amount_pct_nav"": 0.1673518835714161, ""fee"": 0.00011930368144316084, ""fee_pct_nav"": 5.0205565071424824e-05, ""name"": ""中国人民保险集团""}, {""ts_code"": ""01378.HK"", ""side"": ""sell"", ""current_weight"": 0.179592911361233, ""target_weight"": 0.0, ""post_trade_weight"": 0.0, ""diff_weight"": -0.179592911361233, ""gross_amount"": 0.4267673405529563, ""gross_amount_pct_nav"": 0.179592911361233, ""fee"": 0.00012803020216588687, ""fee_pct_nav"": 5.38778734083699e-05, ""name"": ""中国宏桥""}, {""ts_code"": ""01530.HK"", ""side"": ""buy"", ""current_weight"": 0.0, ""target_weight"": 0.1630690458600555, ""post_trade_weight"": 0.16316691664880817, ""diff_weight"": 0.1630690458600555, ""gross_amount"": 0.3875016140710898, ""gross_amount_pct_nav"": 0.1630690458600555, ""fee"": 0.00011625048422132693, ""fee_pct_nav"": 4.8920713758016645e-05, ""name"": ""三生制药""}, {""ts_code"": ""01776.HK"", ""side"": ""buy"", ""current_weight"": 0.0, ""target_weight"": 0.15750135683528668, ""post_trade_weight"": 0.15759588600813973, ""diff_weight"": 0.15750135683528668, ""gross_amount"": 0.3742710927764761, ""gross_amount_pct_nav"": 0.15750135683528668, ""fee"": 0.00011228132783294282, ""fee_pct_nav"": 4.7250407050586004e-05, ""name"": ""广发证券""}, {""ts_code"": ""01929.HK"", ""side"": ""sell"", ""current_weight"": 0.1619412230533725, ""target_weight"": 0.0, ""post_trade_weight"": 0.0, ""diff_weight"": -0.1619412230533725, ""gross_amount"": 0.38482156430645875, ""gross_amount_pct_nav"": 0.1619412230533725, ""fee"": 0.00011544646929193762, ""fee_pct_nav"": 4.8582366916011744e-05, ""name"": ""周大福""}, {""ts_code"": ""02628.HK"", ""side"": ""buy"", ""current_weight"": 0.0, ""target_weight"": 0.16563874848687188, ""post_trade_weight"": 0.1657381615598859, ""diff_weight"": 0.16563874848687188, ""gross_amount"": 0.3936080085147577, ""gross_amount_pct_nav"": 0.16563874848687188, ""fee"": 0.00011808240255442729, ""fee_pct_nav"": 4.969162454606156e-05, ""name"": ""中国人寿""}, {""ts_code"": ""06869.HK"", ""side"": ""sell"", ""current_weight"": 0.1601069364043621, ""target_weight"": 0.0, ""post_trade_weight"": 0.0, ""diff_weight"": -0.1601069364043621, ""gross_amount"": 0.38046274173892763, ""gross_amount_pct_nav"": 0.1601069364043621, ""fee"": 0.00011413882252167827, ""fee_pct_nav"": 4.8032080921308625e-05, ""name"": ""长飞光纤光缆""}, {""ts_code"": ""09863.HK"", ""side"": ""sell"", ""current_weight"": 0.14972328864212364, ""target_weight"": 0.0, ""post_trade_weight"": 0.0, ""diff_weight"": -0.14972328864212364, ""gross_amount"": 0.35578803878355403, ""gross_amount_pct_nav"": 0.14972328864212364, ""fee"": 0.0001067364116350662, ""fee_pct_nav"": 4.491698659263709e-05, ""name"": ""零跑汽车""}, {""ts_code"": ""09992.HK"", ""side"": ""sell"", ""current_weight"": 0.18885385029304327, ""target_weight"": 0.0, ""post_trade_weight"": 0.0, ""diff_weight"": -0.18885385029304327, ""gross_amount"": 0.4487741461055564, ""gross_amount_pct_nav"": 0.18885385029304327, ""fee"": 0.00013463224383166691, ""fee_pct_nav"": 5.665615508791298e-05, ""name"": ""泡泡玛特""}]"
2025-08-25,0.65691167,1.31382334,1.56191824,1.54026221,0.00093065,0.00046858,0.00046208,0.00000000,rebalance,"[{""ts_code"": ""01336.HK"", ""side"": ""sell"", ""current_weight"": 0.17506446955658186, ""target_weight"": 0.0, ""post_trade_weight"": 0.0, ""diff_weight"": -0.17506446955658186, ""gross_amount"": 0.41335966491612086, ""gross_amount_pct_nav"": 0.17506446955658186, ""fee"": 0.00012400789947483625, ""fee_pct_nav"": 5.2519340866974556e-05, ""name"": ""新华保险""}, {""ts_code"": ""01378.HK"", ""side"": ""buy"", ""current_weight"": 0.0, ""target_weight"": 0.1586641598632118, ""post_trade_weight"": 0.15872672152446898, ""diff_weight"": 0.1586641598632118, ""gross_amount"": 0.37463549354917786, ""gross_amount_pct_nav"": 0.1586641598632118, ""fee"": 0.00011239064806475335, ""fee_pct_nav"": 4.759924795896354e-05, ""name"": ""中国宏桥""}, {""ts_code"": ""01530.HK"", ""side"": ""sell"", ""current_weight"": 0.15099218986970253, ""target_weight"": 0.0, ""post_trade_weight"": 0.0, ""diff_weight"": -0.15099218986970253, ""gross_amount"": 0.3565205502154676, ""gross_amount_pct_nav"": 0.15099218986970253, ""fee"": 0.00010695616506464027, ""fee_pct_nav"": 4.529765696091076e-05, ""name"": ""三生制药""}, {""ts_code"": ""01776.HK"", ""side"": ""sell"", ""current_weight"": 0.1616984875250155, ""target_weight"": 0.0, ""post_trade_weight"": 0.0, ""diff_weight"": -0.1616984875250155, ""gross_amount"": 0.38180010364228134, ""gross_amount_pct_nav"": 0.1616984875250155, ""fee"": 0.00011454003109268439, ""fee_pct_nav"": 4.850954625750464e-05, ""name"": ""广发证券""}, {""ts_code"": ""02628.HK"", ""side"": ""sell"", ""current_weight"": 0.16457068262138824, ""target_weight"": 0.0, ""post_trade_weight"": 0.0, ""diff_weight"": -0.16457068262138824, ""gross_amount"": 0.38858188869334015, ""gross_amount_pct_nav"": 0.16457068262138824, ""fee"": 0.00011657456660800204, ""fee_pct_nav"": 4.9371204786416474e-05, ""name"": ""中国人寿""}, {""ts_code"": ""06990.HK"", ""side"": ""buy"", ""current_weight"": 0.0, ""target_weight"": 0.15217040161505851, ""post_trade_weight"": 0.1522304027717622, ""diff_weight"": 0.15217040161505851, ""gross_amount"": 0.35930252655535067, ""gross_amount_pct_nav"": 0.15217040161505851, ""fee"": 0.0001077907579666052, ""fee_pct_nav"": 4.565112048451755e-05, ""name"": ""科伦博泰生物""}, {""ts_code"": ""09926.HK"", ""side"": ""buy"", ""current_weight"": 0.0, ""target_weight"": 0.1664566697609957, ""post_trade_weight"": 0.16652230402771712, ""diff_weight"": 0.1664566697609957, ""gross_amount"": 0.39303505394177046, ""gross_amount_pct_nav"": 0.1664566697609957, ""fee"": 0.00011791051618253113, ""fee_pct_nav"": 4.993700092829871e-05, ""name"": ""康方生物""}, {""ts_code"": ""09992.HK"", ""side"": ""buy"", ""current_weight"": 0.0, ""target_weight"": 0.18420627563928138, ""post_trade_weight"": 0.184278908618449, ""diff_weight"": 0.18420627563928138, ""gross_amount"": 0.4349451637248982, ""gross_amount_pct_nav"": 0.18420627563928138, ""fee"": 0.00013048354911746946, ""fee_pct_nav"": 5.5261882691784416e-05, ""name"": ""泡泡玛特""}]"
2025-09-01,0.52457920,1.04915841,1.22622655,1.25564033,0.00074456,0.00036787,0.00037669,0.00000000,rebalance,"[{""ts_code"": ""01177.HK"", ""side"": ""sell"", ""current_weight"": 0.1834590930803152, ""target_weight"": 0.0, ""post_trade_weight"": 0.0, ""diff_weight"": -0.1834590930803152, ""gross_amount"": 0.43398693970247626, ""gross_amount_pct_nav"": 0.1834590930803152, ""fee"": 0.00013019608191074288, ""fee_pct_nav"": 5.503772792409455e-05, ""name"": ""中国生物制药""}, {""ts_code"": ""01378.HK"", ""side"": ""buy"", ""current_weight"": 0.1658555725097281, ""target_weight"": 0.18056920592546352, ""post_trade_weight"": 0.18062605752961056, ""diff_weight"": 0.01471363341573541, ""gross_amount"": 0.034806259154478825, ""gross_amount_pct_nav"": 0.01471363341573541, ""fee"": 1.0441877746343647e-05, ""fee_pct_nav"": 4.414090024720623e-06, ""name"": ""中国宏桥""}, {""ts_code"": ""02269.HK"", ""side"": ""buy"", ""current_weight"": 0.0, ""target_weight"": 0.15519648378137033, ""post_trade_weight"": 0.15524534686971214, ""diff_weight"": 0.15519648378137033, ""gross_amount"": 0.3671295105518472, ""gross_amount_pct_nav"": 0.15519648378137033, ""fee"": 0.00011013885316555416, ""fee_pct_nav"": 4.655894513441109e-05, ""name"": ""药明生物""}, {""ts_code"": ""02359.HK"", ""side"": ""buy"", ""current_weight"": 0.0, ""target_weight"": 0.18733526516388846, ""post_trade_weight"": 0.18739424703891686, ""diff_weight"": 0.18733526516388846, ""gross_amount"": 0.4431563301756631, ""gross_amount_pct_nav"": 0.18733526516388846, ""fee"": 0.0001329468990526989, ""fee_pct_nav"": 5.620057954916653e-05, ""name"": ""药明康德""}, {""ts_code"": ""06990.HK"", ""side"": ""sell"", ""current_weight"": 0.15712529643173304, ""target_weight"": 0.0, ""post_trade_weight"": 0.0, ""diff_weight"": -0.15712529643173304, ""gross_amount"": 0.3716922688503628, ""gross_amount_pct_nav"": 0.15712529643173304, ""fee"": 0.00011150768065510882, ""fee_pct_nav"": 4.7137588929519904e-05, ""name"": ""科伦博泰生物""}, {""ts_code"": ""09926.HK"", ""side"": ""sell"", ""current_weight"": 0.15487497611567905, ""target_weight"": 0.0, ""post_trade_weight"": 0.0, ""diff_weight"": -0.15487497611567905, ""gross_amount"": 0.36636895883657655, ""gross_amount_pct_nav"": 0.15487497611567905, ""fee"": 0.00010991068765097296, ""fee_pct_nav"": 4.6462492834703714e-05, ""name"": ""康方生物""}, {""ts_code"": ""09992.HK"", ""side"": ""sell"", ""current_weight"": 0.17361821116467105, ""target_weight"": 0.13828133568530815, ""post_trade_weight"": 0.1383248730964465, ""diff_weight"": -0.0353368754793629, ""gross_amount"": 0.08359216319260043, ""gross_amount_pct_nav"": 0.0353368754793629, ""fee"": 2.5077648957780127e-05, ""fee_pct_nav"": 1.060106264380887e-05, ""name"": ""泡泡玛特""}, {""ts_code"": ""09995.HK"", ""side"": ""buy"", ""current_weight"": 0.0, ""target_weight"": 0.16111678561499204, ""post_trade_weight"": 0.16116751269035506, ""diff_weight"": 0.16111678561499204, ""gross_amount"": 0.38113445100886584, ""gross_amount_pct_nav"": 0.16111678561499204, ""fee"": 0.00011434033530265974, ""fee_pct_nav"": 4.8335035684497604e-05, ""name"": ""荣昌生物""}]"
2025-09-08,0.82757029,1.65514058,1.92707339,1.92125063,0.00115450,0.00057812,0.00057638,0.00000000,rebalance,"[{""ts_code"": ""01177.HK"", ""side"": ""buy"", ""current_weight"": 0.0, ""target_weight"": 0.18129618337849293, ""post_trade_weight"": 0.18138624930128422, ""diff_weight"": 0.18129618337849293, ""gross_amount"": 0.4215270065599728, ""gross_amount_pct_nav"": 0.18129618337849293, ""fee"": 0.00012645810196799183, ""fee_pct_nav"": 5.438885501354787e-05, ""name"": ""中国生物制药""}, {""ts_code"": ""01339.HK"", ""side"": ""sell"", ""current_weight"": 0.16849404792845735, ""target_weight"": 0.0, ""post_trade_weight"": 0.0, ""diff_weight"": -0.16849404792845735, ""gross_amount"": 0.3917610968024429, ""gross_amount_pct_nav"": 0.16849404792845735, ""fee"": 0.00011752832904073287, ""fee_pct_nav"": 5.05482143785372e-05, ""name"": ""中国人民保险集团""}, {""ts_code"": ""01378.HK"", ""side"": ""sell"", ""current_weight"": 0.1758516092307624, ""target_weight"": 0.0, ""post_trade_weight"": 0.0, ""diff_weight"": -0.1758516092307624, ""gross_amount"": 0.40886796984051077, ""gross_amount_pct_nav"": 0.1758516092307624, ""fee"": 0.00012266039095215321, ""fee_pct_nav"": 5.275548276922871e-05, ""name"": ""中国宏桥""}, {""ts_code"": ""01530.HK"", ""side"": ""buy"", ""current_weight"": 0.0, ""target_weight"": 0.16397667125296664, ""post_trade_weight"": 0.16405813303521394, ""diff_weight"": 0.16397667125296664, ""gross_amount"": 0.3812578626359076, ""gross_amount_pct_nav"": 0.16397667125296664, ""fee"": 0.00011437735879077227, ""fee_pct_nav"": 4.919300137588999e-05, ""name"": ""三生制药""}, {""ts_code"": ""01929.HK"", ""side"": ""buy"", ""current_weight"": 0.0, ""target_weight"": 0.16453536519249976, ""post_trade_weight"": 0.1646171045276678, ""diff_weight"": 0.16453536519249976, ""gross_amount"": 0.38255686727861943, ""gross_amount_pct_nav"": 0.16453536519249976, ""fee"": 0.00011476706018358582, ""fee_pct_nav"": 4.9360609557749926e-05, ""name"": ""周大福""}, {""ts_code"": ""02359.HK"", ""side"": ""sell"", ""current_weight"": 0.19421019631098763, ""target_weight"": 0.0, ""post_trade_weight"": 0.0, ""diff_weight"": -0.19421019631098763, ""gross_amount"": 0.45155303972111566, ""gross_amount_pct_nav"": 0.19421019631098763, ""fee"": 0.00013546591191633469, ""fee_pct_nav"": 5.826305889329628e-05, ""name"": ""药明康德""}, {""ts_code"": ""03993.HK"", ""side"": ""buy"", ""current_weight"": 0.0, ""target_weight"": 0.15559626215997008, ""post_trade_weight"": 0.15567356064840573, ""diff_weight"": 0.15559626215997008, ""gross_amount"": 0.36177279299523096, ""gross_amount_pct_nav"": 0.15559626215997008, ""fee"": 0.00010853183789856928, ""fee_pct_nav"": 4.667887864799102e-05, ""name"": ""洛阳钼业""}, {""ts_code"": ""06990.HK"", ""side"": ""buy"", ""current_weight"": 0.0, ""target_weight"": 0.16341797731343358, ""post_trade_weight"": 0.1634991615427601, ""diff_weight"": 0.16341797731343358, ""gross_amount"": 0.37995885799319595, ""gross_amount_pct_nav"": 0.16341797731343358, ""fee"": 0.00011398765739795877, ""fee_pct_nav"": 4.902539319403007e-05, ""name"": ""科伦博泰生物""}, {""ts_code"": ""09992.HK"", ""side"": ""sell"", ""current_weight"": 0.131201485758307, ""target_weight"": 0.0, ""post_trade_weight"": 0.0, ""diff_weight"": -0.131201485758307, ""gross_amount"": 0.30505313745331086, ""gross_amount_pct_nav"": 0.131201485758307, ""fee"": 9.151594123599325e-05, ""fee_pct_nav"": 3.9360445727492095e-05, ""name"": ""泡泡玛特""}, {""ts_code"": ""09995.HK"", ""side"": ""sell"", ""current_weight"": 0.15656078569244028, ""target_weight"": 0.0, ""post_trade_weight"": 0.0, ""diff_weight"": -0.15656078569244028, ""gross_amount"": 0.36401538139296913, ""gross_amount_pct_nav"": 0.15656078569244028, ""fee"": 0.00010920461441789073, ""fee_pct_nav"": 4.696823570773208e-05, ""name"": ""荣昌生物""}]"
2025-09-15,0.84208894,1.68417787,1.92201175,1.92406030,0.00115382,0.00057660,0.00057722,0.00000000,rebalance,"[{""ts_code"": ""00358.HK"", ""side"": ""buy"", ""current_weight"": 0.0, ""target_weight"": 0.1468818377669499, ""post_trade_weight"": 0.14695608782435063, ""diff_weight"": 0.1468818377669499, ""gross_amount"": 0.33542664323738725, ""gross_amount_pct_nav"": 0.1468818377669499, ""fee"": 0.00010062799297121617, ""fee_pct_nav"": 4.406455133008497e-05, ""name"": ""江西铜业股份""}, {""ts_code"": ""01177.HK"", ""side"": ""sell"", ""current_weight"": 0.1786436732422221, ""target_weight"": 0.0, ""post_trade_weight"": 0.0, ""diff_weight"": -0.1786436732422221, ""gross_amount"": 0.4079595446396186, ""gross_amount_pct_nav"": 0.1786436732422221, ""fee"": 0.00012238786339188555, ""fee_pct_nav"": 5.359310197266662e-05, ""name"": ""中国生物制药""}, {""ts_code"": ""01339.HK"", ""side"": ""buy"", ""current_weight"": 0.0, ""target_weight"": 0.18578432790556487, ""post_trade_weight"": 0.18587824351297327, ""diff_weight"": 0.18578432790556487, ""gross_amount"": 0.4242662974734356, ""gross_amount_pct_nav"": 0.18578432790556487, ""fee"": 0.00012727988924203068, ""fee_pct_nav"": 5.573529837166946e-05, ""name"": ""中国人民保险集团""}, {""ts_code"": ""01378.HK"", ""side"": ""buy"", ""current_weight"": 0.0, ""target_weight"": 0.18628307777913683, ""post_trade_weight"": 0.18637724550898122, ""diff_weight"": 0.18628307777913683, ""gross_amount"": 0.4254052673995387, ""gross_amount_pct_nav"": 0.18628307777913683, ""fee"": 0.0001276215802198616, ""fee_pct_nav"": 5.588492333374104e-05, ""name"": ""中国宏桥""}, {""ts_code"": ""01530.HK"", ""side"": ""sell"", ""current_weight"": 0.15272830211481098, ""target_weight"": 0.0, ""post_trade_weight"": 0.0, ""diff_weight"": -0.15272830211481098, ""gross_amount"": 0.3487779189350784, ""gross_amount_pct_nav"": 0.15272830211481098, ""fee"": 0.00010463337568052351, ""fee_pct_nav"": 4.5818490634443284e-05, ""name"": ""三生制药""}, {""ts_code"": ""01929.HK"", ""side"": ""sell"", ""current_weight"": 0.16461738016094812, ""target_weight"": 0.0, ""post_trade_weight"": 0.0, ""diff_weight"": -0.16461738016094812, ""gross_amount"": 0.3759284067069602, ""gross_amount_pct_nav"": 0.16461738016094812, ""fee"": 0.00011277852201208805, ""fee_pct_nav"": 4.938521404828443e-05, ""name"": ""周大福""}, {""ts_code"": ""02269.HK"", ""side"": ""sell"", ""current_weight"": 0.1735433190734732, ""target_weight"": 0.0, ""post_trade_weight"": 0.0, ""diff_weight"": -0.1735433190734732, ""gross_amount"": 0.39631212311933717, ""gross_amount_pct_nav"": 0.1735433190734732, ""fee"": 0.00011889363693580114, ""fee_pct_nav"": 5.206299572204196e-05, ""name"": ""药明生物""}, {""ts_code"": ""03993.HK"", ""side"": ""sell"", ""current_weight"": 0.17000710008356373, ""target_weight"": 0.1578543349855336, ""post_trade_weight"": 0.15793413173652626, ""diff_weight"": -0.012152765098030118, ""gross_amount"": 0.027752656590207425, ""gross_amount_pct_nav"": 0.012152765098030118, ""fee"": 8.325796977062227e-06, ""fee_pct_nav"": 3.6458295294090353e-06, ""name"": ""洛阳钼业""}, {""ts_code"": ""06618.HK"", ""side"": ""buy"", ""current_weight"": 0.0, ""target_weight"": 0.17780432992841305, ""post_trade_weight"": 0.1778942115768455, ""diff_weight"": 0.17780432992841305, ""gross_amount"": 0.4060427786557846, ""gross_amount_pct_nav"": 0.17780432992841305, ""fee"": 0.00012181283359673536, ""fee_pct_nav"": 5.334129897852391e-05, ""name"": ""京东健康""}, {""ts_code"": ""06990.HK"", ""side"": ""sell"", ""current_weight"": 0.16085202110897157, ""target_weight"": 0.0, ""post_trade_weight"": 0.0, ""diff_weight"": -0.16085202110897157, ""gross_amount"": 0.36732964618905367, ""gross_amount_pct_nav"": 0.16085202110897157, ""fee"": 0.00011019889385671609, ""fee_pct_nav"": 4.8255606332691464e-05, ""name"": ""科伦博泰生物""}, {""ts_code"": ""09899.HK"", ""side"": ""buy"", ""current_weight"": 0.0, ""target_weight"": 0.144886838272662, ""post_trade_weight"": 0.14496007984031872, ""diff_weight"": 0.144886838272662, ""gross_amount"": 0.33087076353297457, ""gross_amount_pct_nav"": 0.144886838272662, ""fee"": 9.926122905989236e-05, ""fee_pct_nav"": 4.346605148179859e-05, ""name"": ""网易云音乐""}]"
2025-09-22,0.99970009,1.99940018,2.19289795,2.19421409,0.00131613,0.00065787,0.00065826,0.00000000,rebalance,"[{""ts_code"": ""00020.HK"", ""side"": ""buy"", ""current_weight"": 0.0, ""target_weight"": 0.15852554578453792, ""post_trade_weight"": 0.15862068965516982, ""diff_weight"": 0.15852554578453792, ""gross_amount"": 0.34783898591135587, ""gross_amount_pct_nav"": 0.15852554578453792, ""fee"": 0.00010435169577340675, ""fee_pct_nav"": 4.755766373536137e-05, ""name"": ""商汤-W""}, {""ts_code"": ""00358.HK"", ""side"": ""sell"", ""current_weight"": 0.14294665097925455, ""target_weight"": 0.0, ""post_trade_weight"": 0.0, ""diff_weight"": -0.14294665097925455, ""gross_amount"": 0.313655555449904, ""gross_amount_pct_nav"": 0.14294665097925455, ""fee"": 9.409666663497118e-05, ""fee_pct_nav"": 4.2883995293776353e-05, ""name"": ""江西铜业股份""}, {""ts_code"": ""00981.HK"", ""side"": ""buy"", ""current_weight"": 0.0, ""target_weight"": 0.16117647464381113, ""post_trade_weight"": 0.161273209549069, ""diff_weight"": 0.16117647464381113, ""gross_amount"": 0.3536556913613786, ""gross_amount_pct_nav"": 0.16117647464381113, ""fee"": 0.00010609670740841357, ""fee_pct_nav"": 4.835294239314334e-05, ""name"": ""中芯国际""}, {""ts_code"": ""01339.HK"", ""side"": ""sell"", ""current_weight"": 0.17453931758176822, ""target_weight"": 0.0, ""post_trade_weight"": 0.0, ""diff_weight"": -0.17453931758176822, ""gross_amount"": 0.38297662959520284, ""gross_amount_pct_nav"": 0.17453931758176822, ""fee"": 0.00011489298887856085, ""fee_pct_nav"": 5.236179527453046e-05, ""name"": ""中国人民保险集团""}, {""ts_code"": ""01347.HK"", ""side"": ""buy"", ""current_weight"": 0.0, ""target_weight"": 0.17549149048388646, ""post_trade_weight"": 0.17559681697612448, ""diff_weight"": 0.17549149048388646, ""gross_amount"": 0.385065900791501, ""gross_amount_pct_nav"": 0.17549149048388646, ""fee"": 0.0001155197702374503, ""fee_pct_nav"": 5.264744714516594e-05, ""name"": ""华虹半导体""}, {""ts_code"": ""01378.HK"", ""side"": ""sell"", ""current_weight"": 0.19125203193318668, ""target_weight"": 0.0, ""post_trade_weight"": 0.0, ""diff_weight"": -0.19125203193318668, ""gross_amount"": 0.4196479028783419, ""gross_amount_pct_nav"": 0.19125203193318668, ""fee"": 0.00012589437086350257, ""fee_pct_nav"": 5.737560957995601e-05, ""name"": ""中国宏桥""}, {""ts_code"": ""01787.HK"", ""side"": ""buy"", ""current_weight"": 0.0, ""target_weight"": 0.16753870390606682, ""post_trade_weight"": 0.16763925729442697, ""diff_weight"": 0.16753870390606682, ""gross_amount"": 0.36761578444143295, ""gross_amount_pct_nav"": 0.16753870390606682, ""fee"": 0.00011028473533242988, ""fee_pct_nav"": 5.026161117182004e-05, ""name"": ""山东黄金""}, {""ts_code"": ""02400.HK"", ""side"": ""buy"", ""current_weight"": 0.0, ""target_weight"": 0.15852554578453792, ""post_trade_weight"": 0.15862068965516982, ""diff_weight"": 0.15852554578453792, ""gross_amount"": 0.34783898591135587, ""gross_amount_pct_nav"": 0.15852554578453792, ""fee"": 0.00010435169577340675, ""fee_pct_nav"": 4.755766373536137e-05, ""name"": ""心动公司""}, {""ts_code"": ""03993.HK"", ""side"": ""sell"", ""current_weight"": 0.16327037347916457, ""target_weight"": 0.0, ""post_trade_weight"": 0.0, ""diff_weight"": -0.16327037347916457, ""gross_amount"": 0.35825015368532626, ""gross_amount_pct_nav"": 0.16327037347916457, ""fee"": 0.00010747504610559787, ""fee_pct_nav"": 4.8981112043749364e-05, ""name"": ""洛阳钼业""}, {""ts_code"": ""06618.HK"", ""side"": ""sell"", ""current_weight"": 0.17960106419213975, ""target_weight"": 0.0, ""post_trade_weight"": 0.0, ""diff_weight"": -0.17960106419213975, ""gross_amount"": 0.3940831853189404, ""gross_amount_pct_nav"": 0.17960106419213975, ""fee"": 0.0001182249555956821, ""fee_pct_nav"": 5.388031925764192e-05, ""name"": ""京东健康""}, {""ts_code"": ""06869.HK"", ""side"": ""buy"", ""current_weight"": 0.0, ""target_weight"": 0.1781424193431597, ""post_trade_weight"": 0.17824933687002364, ""diff_weight"": 0.1781424193431597, ""gross_amount"": 0.3908826062415237, ""gross_amount_pct_nav"": 0.1781424193431597, ""fee"": 0.0001172647818724571, ""fee_pct_nav"": 5.34427258029479e-05, ""name"": ""长飞光纤光缆""}, {""ts_code"": ""09899.HK"", ""side"": ""sell"", ""current_weight"": 0.14839056183448168, ""target_weight"": 0.0, ""post_trade_weight"": 0.0, ""diff_weight"": -0.14839056183448168, ""gross_amount"": 0.32560066134373733, ""gross_amount_pct_nav"": 0.14839056183448168, ""fee"": 9.768019840312119e-05, ""fee_pct_nav"": 4.45171685503445e-05, ""name"": ""网易云音乐""}]"
2025-09-29,0.81346603,1.62693206,1.75692129,1.75797576,0.00105447,0.00052708,0.00052739,0.00000000,rebalance,"[{""ts_code"": ""00020.HK"", ""side"": ""sell"", ""current_weight"": 0.16338864146925858, ""target_weight"": 0.0, ""post_trade_weight"": 0.0, ""diff_weight"": -0.16338864146925858, ""gross_amount"": 0.3529921560730056, ""gross_amount_pct_nav"": 0.16338864146925858, ""fee"": 0.00010589764682190167, ""fee_pct_nav"": 4.901659244077757e-05, ""name"": ""商汤-W""}, {""ts_code"": ""00358.HK"", ""side"": ""buy"", ""current_weight"": 0.0, ""target_weight"": 0.16676609632001912, ""post_trade_weight"": 0.16684753119913132, ""diff_weight"": 0.16676609632001912, ""gross_amount"": 0.3602889611574246, ""gross_amount_pct_nav"": 0.16676609632001912, ""fee"": 0.00010808668834722737, ""fee_pct_nav"": 5.002982889600573e-05, ""name"": ""江西铜业股份""}, {""ts_code"": ""00981.HK"", ""side"": ""sell"", ""current_weight"": 0.17072565018689217, ""target_weight"": 0.0, ""post_trade_weight"": 0.0, ""diff_weight"": -0.17072565018689217, ""gross_amount"": 0.36884335908855437, ""gross_amount_pct_nav"": 0.17072565018689217, ""fee"": 0.00011065300772656631, ""fee_pct_nav"": 5.1217695056067654e-05, ""name"": ""中芯国际""}, {""ts_code"": ""01208.HK"", ""side"": ""buy"", ""current_weight"": 0.0, ""target_weight"": 0.15266554833848905, ""post_trade_weight"": 0.15274009766684704, ""diff_weight"": 0.15266554833848905, ""gross_amount"": 0.32982550427907326, ""gross_amount_pct_nav"": 0.15266554833848905, ""fee"": 9.894765128372197e-05, ""fee_pct_nav"": 4.579966450154671e-05, ""name"": ""五矿资源""}, {""ts_code"": ""01347.HK"", ""side"": ""sell"", ""current_weight"": 0.20577598562653762, ""target_weight"": 0.18628993198675306, ""post_trade_weight"": 0.18638090070537106, ""diff_weight"": -0.019486053639784562, ""gross_amount"": 0.0420985450751542, ""gross_amount_pct_nav"": 0.019486053639784562, ""fee"": 1.262956352254626e-05, ""fee_pct_nav"": 5.845816091935368e-06, ""name"": ""华虹半导体""}, {""ts_code"": ""01385.HK"", ""side"": ""buy"", ""current_weight"": 0.0, ""target_weight"": 0.162427466171856, ""post_trade_weight"": 0.16250678241996688, ""diff_weight"": 0.162427466171856, ""gross_amount"": 0.3509155898102395, ""gross_amount_pct_nav"": 0.162427466171856, ""fee"": 0.00010527467694307185, ""fee_pct_nav"": 4.87282398515568e-05, ""name"": ""上海复旦""}, {""ts_code"": ""01787.HK"", ""side"": ""sell"", ""current_weight"": 0.1660658395082162, ""target_weight"": 0.0, ""post_trade_weight"": 0.0, ""diff_weight"": -0.1660658395082162, ""gross_amount"": 0.35877609490442, ""gross_amount_pct_nav"": 0.1660658395082162, ""fee"": 0.00010763282847132598, ""fee_pct_nav"": 4.981975185246486e-05, ""name"": ""山东黄金""}, {""ts_code"": ""02400.HK"", ""side"": ""sell"", ""current_weight"": 0.1427697245332185, ""target_weight"": 0.0, ""post_trade_weight"": 0.0, ""diff_weight"": -0.1427697245332185, ""gross_amount"": 0.3084461222747357, ""gross_amount_pct_nav"": 0.1427697245332185, ""fee"": 9.253383668242071e-05, ""fee_pct_nav"": 4.2830917359965547e-05, ""name"": ""心动公司""}, {""ts_code"": ""03993.HK"", ""side"": ""buy"", ""current_weight"": 0.0, ""target_weight"": 0.18412061691267148, ""post_trade_weight"": 0.18421052631578883, ""diff_weight"": 0.18412061691267148, ""gross_amount"": 0.3977824465461646, ""gross_amount_pct_nav"": 0.18412061691267148, ""fee"": 0.00011933473396384938, ""fee_pct_nav"": 5.5236185073801436e-05, ""name"": ""洛阳钼业""}, {""ts_code"": ""06869.HK"", ""side"": ""sell"", ""current_weight"": 0.1512741586758603, ""target_weight"": 0.0, ""post_trade_weight"": 0.0, ""diff_weight"": -0.1512741586758603, ""gross_amount"": 0.3268194835879628, ""gross_amount_pct_nav"": 0.1512741586758603, ""fee"": 9.804584507638883e-05, ""fee_pct_nav"": 4.538224760275808e-05, ""name"": ""长飞光纤光缆""}, {""ts_code"": ""09992.HK"", ""side"": ""buy"", ""current_weight"": 0.0, ""target_weight"": 0.14724226065328516, ""post_trade_weight"": 0.14731416169289152, ""diff_weight"": 0.14724226065328516, ""gross_amount"": 0.3181087900950919, ""gross_amount_pct_nav"": 0.14724226065328516, ""fee"": 9.543263702852756e-05, ""fee_pct_nav"": 4.417267819598554e-05, ""name"": ""泡泡玛特""}]"
2025-10-06,0.49267893,0.98535786,1.20528145,1.20600483,0.00072339,0.00036158,0.00036180,0.00000000,rebalance,"[{""ts_code"": ""00358.HK"", ""side"": ""sell"", ""current_weight"": 0.17444805048065126, ""target_weight"": 0.16333554091879182, ""post_trade_weight"": 0.1633838383838393, ""diff_weight"": -0.011112509561859454, ""gross_amount"": 0.027193614462697302, ""gross_amount_pct_nav"": 0.011112509561859454, ""fee"": 8.15808433880919e-06, ""fee_pct_nav"": 3.333752868557836e-06, ""name"": ""江西铜业股份""}, {""ts_code"": ""00981.HK"", ""side"": ""buy"", ""current_weight"": 0.0, ""target_weight"": 0.18706589771379406, ""post_trade_weight"": 0.18712121212121322, ""diff_weight"": 0.18706589771379406, ""gross_amount"": 0.457772195670991, ""gross_amount_pct_nav"": 0.18706589771379406, ""fee"": 0.0001373316587012973, ""fee_pct_nav"": 5.6119769314138214e-05, ""name"": ""中芯国际""}, {""ts_code"": ""01208.HK"", ""side"": ""sell"", ""current_weight"": 0.15184489027374787, ""target_weight"": 0.0, ""post_trade_weight"": 0.0, ""diff_weight"": -0.15184489027374787, ""gross_amount"": 0.37158225882722523, ""gross_amount_pct_nav"": 0.15184489027374787, ""fee"": 0.00011147467764816756, ""fee_pct_nav"": 4.555346708212436e-05, ""name"": ""五矿资源""}, {""ts_code"": ""01347.HK"", ""side"": ""sell"", ""current_weight"": 0.20871978478932895, ""target_weight"": 0.17999728079613378, ""post_trade_weight"": 0.18005050505050604, ""diff_weight"": -0.028722503993195175, ""gross_amount"": 0.07028733659541953, ""gross_amount_pct_nav"": 0.028722503993195175, ""fee"": 2.1086200978625856e-05, ""fee_pct_nav"": 8.616751197958552e-06, ""name"": ""华虹半导体""}, {""ts_code"": ""01385.HK"", ""side"": ""sell"", ""current_weight"": 0.16037669265536791, ""target_weight"": 0.0, ""post_trade_weight"": 0.0, ""diff_weight"": -0.16037669265536791, ""gross_amount"": 0.392460580087259, ""gross_amount_pct_nav"": 0.16037669265536791, ""fee"": 0.00011773817402617768, ""fee_pct_nav"": 4.8113007796610374e-05, ""name"": ""上海复旦""}, {""ts_code"": ""02727.HK"", ""side"": ""buy"", ""current_weight"": 0.0, ""target_weight"": 0.15374241795911006, ""post_trade_weight"": 0.15378787878787964, ""diff_weight"": 0.15374241795911006, ""gross_amount"": 0.3762257316648225, ""gross_amount_pct_nav"": 0.15374241795911006, ""fee"": 0.00011286771949944673, ""fee_pct_nav"": 4.612272538773301e-05, ""name"": ""上海电气""}, {""ts_code"": ""03993.HK"", ""side"": ""sell"", ""current_weight"": 0.17729860543166262, ""target_weight"": 0.16384044212719612, ""post_trade_weight"": 0.1638888888888898, ""diff_weight"": -0.013458163304466517, ""gross_amount"": 0.03293370433027948, ""gross_amount_pct_nav"": 0.013458163304466517, ""fee"": 9.880111299083843e-06, ""fee_pct_nav"": 4.037448991339955e-06, ""name"": ""洛阳钼业""}, {""ts_code"": ""06088.HK"", ""side"": ""buy"", ""current_weight"": 0.0, ""target_weight"": 0.1517228131254929, ""post_trade_weight"": 0.15176767676767766, ""diff_weight"": 0.1517228131254929, ""gross_amount"": 0.3712835217250548, ""gross_amount_pct_nav"": 0.1517228131254929, ""fee"": 0.00011138505651751643, ""fee_pct_nav"": 4.551684393764787e-05, ""name"": ""FIT HON TENG""}, {""ts_code"": ""09992.HK"", ""side"": ""sell"", ""current_weight"": 0.1273119763692383, ""target_weight"": 0.0, ""post_trade_weight"": 0.0, ""diff_weight"": -0.1273119763692383, ""gross_amount"": 0.31154734064316864, ""gross_amount_pct_nav"": 0.1273119763692383, ""fee"": 9.346420219295059e-05, ""fee_pct_nav"": 3.819359291077149e-05, ""name"": ""泡泡玛特""}]"
2025-10-13,0.54206791,1.08413581,1.30316866,1.30395079,0.00078214,0.00039095,0.00039119,0.00000000,rebalance,"[{""ts_code"": ""00358.HK"", ""side"": ""sell"", ""current_weight"": 0.17872626387466678, ""target_weight"": 0.0, ""post_trade_weight"": 0.0, ""diff_weight"": -0.17872626387466678, ""gross_amount"": 0.4297992129810327, ""gross_amount_pct_nav"": 0.17872626387466678, ""fee"": 0.0001289397638943098, ""fee_pct_nav"": 5.361787916240003e-05, ""name"": ""江西铜业股份""}, {""ts_code"": ""00763.HK"", ""side"": ""buy"", ""current_weight"": 0.0, ""target_weight"": 0.1883421928377014, ""post_trade_weight"": 0.18840346932223628, ""diff_weight"": 0.1883421928377014, ""gross_amount"": 0.4529235071434846, ""gross_amount_pct_nav"": 0.1883421928377014, ""fee"": 0.00013587705214304537, ""fee_pct_nav"": 5.6502657851310416e-05, ""name"": ""中兴通讯""}, {""ts_code"": ""00981.HK"", ""side"": ""sell"", ""current_weight"": 0.16756979885676804, ""target_weight"": 0.15558702886592726, ""post_trade_weight"": 0.15563764857054302, ""diff_weight"": -0.011982769990840764, ""gross_amount"": 0.028816050868761545, ""gross_amount_pct_nav"": 0.011982769990840764, ""fee"": 8.644815260628463e-06, ""fee_pct_nav"": 3.5948309972522294e-06, ""name"": ""中芯国际""}, {""ts_code"": ""01347.HK"", ""side"": ""sell"", ""current_weight"": 0.17675963788287052, ""target_weight"": 0.15494477074883364, ""post_trade_weight"": 0.1549951814969804, ""diff_weight"": -0.021814867134036887, ""gross_amount"": 0.05246018420700527, ""gross_amount_pct_nav"": 0.021814867134036887, ""fee"": 1.573805526210158e-05, ""fee_pct_nav"": 6.544460140211066e-06, ""name"": ""华虹半导体""}, {""ts_code"": ""01776.HK"", ""side"": ""buy"", ""current_weight"": 0.0, ""target_weight"": 0.17613928861292277, ""post_trade_weight"": 0.1761965949245466, ""diff_weight"": 0.17613928861292277, ""gross_amount"": 0.42357807957067567, ""gross_amount_pct_nav"": 0.17613928861292277, ""fee"": 0.00012707342387120269, ""fee_pct_nav"": 5.284178658387683e-05, ""name"": ""广发证券""}, {""ts_code"": ""02727.HK"", ""side"": ""sell"", ""current_weight"": 0.17039926393313398, ""target_weight"": 0.0, ""post_trade_weight"": 0.0, ""diff_weight"": -0.17039926393313398, ""gross_amount"": 0.40977452302346906, ""gross_amount_pct_nav"": 0.17039926393313398, ""fee"": 0.0001229323569070407, ""fee_pct_nav"": 5.111977917994018e-05, ""name"": ""上海电气""}, {""ts_code"": ""03993.HK"", ""side"": ""sell"", ""current_weight"": 0.17350161386022517, ""target_weight"": 0.1472376733437103, ""post_trade_weight"": 0.14728557661422903, ""diff_weight"": -0.026263940516514882, ""gross_amount"": 0.06315927339976574, ""gross_amount_pct_nav"": 0.026263940516514882, ""fee"": 1.894778201992972e-05, ""fee_pct_nav"": 7.879182154954464e-06, ""name"": ""洛阳钼业""}, {""ts_code"": ""06088.HK"", ""side"": ""sell"", ""current_weight"": 0.13304342159234142, ""target_weight"": 0.0, ""post_trade_weight"": 0.0, ""diff_weight"": -0.13304342159234142, ""gross_amount"": 0.31994155001635, ""gross_amount_pct_nav"": 0.13304342159234142, ""fee"": 9.598246500490499e-05, ""fee_pct_nav"": 3.991302647770242e-05, ""name"": ""FIT HON TENG""}, {""ts_code"": ""06886.HK"", ""side"": ""buy"", ""current_weight"": 0.0, ""target_weight"": 0.17742380484711, ""post_trade_weight"": 0.17748152907167183, ""diff_weight"": 0.17742380484711, ""gross_amount"": 0.42666707194676085, ""gross_amount_pct_nav"": 0.17742380484711, ""fee"": 0.00012800012158402824, ""fee_pct_nav"": 5.3227141454133e-05, ""name"": ""HTSC""}]"
2025-10-20,0.70898049,1.41796098,1.56457673,1.56551576,0.00093903,0.00046937,0.00046965,0.00000000,rebalance,"[{""ts_code"": ""00358.HK"", ""side"": ""buy"", ""current_weight"": 0.0, ""target_weight"": 0.15797224128695822, ""post_trade_weight"": 0.15803946942736796, ""diff_weight"": 0.15797224128695822, ""gross_amount"": 0.3487174420475275, ""gross_amount_pct_nav"": 0.15797224128695822, ""fee"": 0.00010461523261425825, ""fee_pct_nav"": 4.739167238608746e-05, ""name"": ""江西铜业股份""}, {""ts_code"": ""00763.HK"", ""side"": ""sell"", ""current_weight"": 0.185561022899639, ""target_weight"": 0.0, ""post_trade_weight"": 0.0, ""diff_weight"": -0.185561022899639, ""gross_amount"": 0.40961858059443096, ""gross_amount_pct_nav"": 0.185561022899639, ""fee"": 0.00012288557417832927, ""fee_pct_nav"": 5.566830686989169e-05, ""name"": ""中兴通讯""}, {""ts_code"": ""00981.HK"", ""side"": ""sell"", ""current_weight"": 0.15183736333488584, ""target_weight"": 0.0, ""post_trade_weight"": 0.0, ""diff_weight"": -0.15183736333488584, ""gross_amount"": 0.3351749428762059, ""gross_amount_pct_nav"": 0.15183736333488584, ""fee"": 0.00010055248286286176, ""fee_pct_nav"": 4.555120900046575e-05, ""name"": ""中芯国际""}, {""ts_code"": ""01347.HK"", ""side"": ""buy"", ""current_weight"": 0.14891485619293376, ""target_weight"": 0.17026076773302662, ""post_trade_weight"": 0.1703332254933659, ""diff_weight"": 0.02134591154009287, ""gross_amount"": 0.047120251063048735, ""gross_amount_pct_nav"": 0.02134591154009287, ""fee"": 1.413607531891462e-05, ""fee_pct_nav"": 6.403773462027861e-06, ""name"": ""华虹半导体""}, {""ts_code"": ""01776.HK"", ""side"": ""sell"", ""current_weight"": 0.1811713967487627, ""target_weight"": 0.0, ""post_trade_weight"": 0.0, ""diff_weight"": -0.1811713967487627, ""gross_amount"": 0.3999286553872681, ""gross_amount_pct_nav"": 0.1811713967487627, ""fee"": 0.0001199785966161804, ""fee_pct_nav"": 5.4351419024628806e-05, ""name"": ""广发证券""}, {""ts_code"": ""01787.HK"", ""side"": ""buy"", ""current_weight"": 0.0, ""target_weight"": 0.15473841853799283, ""post_trade_weight"": 0.15480427046263168, ""diff_weight"": 0.15473841853799283, ""gross_amount"": 0.3415789068981411, ""gross_amount_pct_nav"": 0.15473841853799283, ""fee"": 0.00010247367206944231, ""fee_pct_nav"": 4.642152556139785e-05, ""name"": ""山东黄金""}, {""ts_code"": ""01929.HK"", ""side"": ""buy"", ""current_weight"": 0.0, ""target_weight"": 0.19354429152557723, ""post_trade_weight"": 0.19362665803946716, ""diff_weight"": 0.19354429152557723, ""gross_amount"": 0.42724132869077824, ""gross_amount_pct_nav"": 0.19354429152557723, ""fee"": 0.00012817239860723348, ""fee_pct_nav"": 5.806328745767317e-05, ""name"": ""周大福""}, {""ts_code"": ""02899.HK"", ""side"": ""buy"", ""current_weight"": 0.0, ""target_weight"": 0.16767370953385433, ""post_trade_weight"": 0.16774506632157685, ""diff_weight"": 0.16767370953385433, ""gross_amount"": 0.3701330474956868, ""gross_amount_pct_nav"": 0.16767370953385433, ""fee"": 0.00011103991424870603, ""fee_pct_nav"": 5.0302112860156286e-05, ""name"": ""紫金矿业""}, {""ts_code"": ""03993.HK"", ""side"": ""buy"", ""current_weight"": 0.1418919583376732, ""target_weight"": 0.1553851830877859, ""post_trade_weight"": 0.15545131025557893, ""diff_weight"": 0.013493224750112704, ""gross_amount"": 0.029785757177961558, ""gross_amount_pct_nav"": 0.013493224750112704, ""fee"": 8.935727153388467e-06, ""fee_pct_nav"": 4.047967425033811e-06, ""name"": ""洛阳钼业""}, {""ts_code"": ""06886.HK"", ""side"": ""sell"", ""current_weight"": 0.1906234024863311, ""target_weight"": 0.0, ""post_trade_weight"": 0.0, ""diff_weight"": -0.1906234024863311, ""gross_amount"": 0.42079358226411123, ""gross_amount_pct_nav"": 0.1906234024863311, ""fee"": 0.00012623807467923337, ""fee_pct_nav"": 5.7187020745899336e-05, ""name"": ""HTSC""}]"
2025-10-27,0.99970009,1.99940018,2.31062837,2.31201517,0.00138679,0.00069319,0.00069360,0.00000000,rebalance,"[{""ts_code"": ""00358.HK"", ""side"": ""sell"", ""current_weight"": 0.1657693446036316, ""target_weight"": 0.0, ""post_trade_weight"": 0.0, ""diff_weight"": -0.1657693446036316, ""gross_amount"": 0.3832612388146181, ""gross_amount_pct_nav"": 0.1657693446036316, ""fee"": 0.00011497837164438541, ""fee_pct_nav"": 4.973080338108947e-05, ""name"": ""江西铜业股份""}, {""ts_code"": ""01339.HK"", ""side"": ""buy"", ""current_weight"": 0.0, ""target_weight"": 0.1752317884677132, ""post_trade_weight"": 0.1753369590919811, ""diff_weight"": 0.1752317884677132, ""gross_amount"": 0.4051385525376902, ""gross_amount_pct_nav"": 0.1752317884677132, ""fee"": 0.00012154156576130705, ""fee_pct_nav"": 5.256953654031395e-05, ""name"": ""中国人民保险集团""}, {""ts_code"": ""01347.HK"", ""side"": ""sell"", ""current_weight"": 0.18050758214427212, ""target_weight"": 0.0, ""post_trade_weight"": 0.0, ""diff_weight"": -0.18050758214427212, ""gross_amount"": 0.4173362675316361, ""gross_amount_pct_nav"": 0.18050758214427212, ""fee"": 0.00012520088025949082, ""fee_pct_nav"": 5.4152274643281634e-05, ""name"": ""华虹半导体""}, {""ts_code"": ""01378.HK"", ""side"": ""buy"", ""current_weight"": 0.0, ""target_weight"": 0.17995820218228403, ""post_trade_weight"": 0.18006620950579044, ""diff_weight"": 0.17995820218228403, ""gross_amount"": 0.4160660927275133, ""gross_amount_pct_nav"": 0.17995820218228403, ""fee"": 0.000124819827818254, ""fee_pct_nav"": 5.398746065468521e-05, ""name"": ""中国宏桥""}, {""ts_code"": ""01787.HK"", ""side"": ""sell"", ""current_weight"": 0.13888956169176409, ""target_weight"": 0.0, ""post_trade_weight"": 0.0, ""diff_weight"": -0.13888956169176409, ""gross_amount"": 0.32111477305821884, ""gross_amount_pct_nav"": 0.13888956169176409, ""fee"": 9.633443191746565e-05, ""fee_pct_nav"": 4.1666868507529225e-05, ""name"": ""山东黄金""}, {""ts_code"": ""01929.HK"", ""side"": ""sell"", ""current_weight"": 0.18073287084858222, ""target_weight"": 0.0, ""post_trade_weight"": 0.0, ""diff_weight"": -0.18073287084858222, ""gross_amount"": 0.4178571384327746, ""gross_amount_pct_nav"": 0.18073287084858222, ""fee"": 0.00012535714152983238, ""fee_pct_nav"": 5.421986125457467e-05, ""name"": ""周大福""}, {""ts_code"": ""02600.HK"", ""side"": ""buy"", ""current_weight"": 0.0, ""target_weight"": 0.16152518869545776, ""post_trade_weight"": 0.16162213289193397, ""diff_weight"": 0.16152518869545776, ""gross_amount"": 0.3734486859872032, ""gross_amount_pct_nav"": 0.16152518869545776, ""fee"": 0.00011203460579616095, ""fee_pct_nav"": 4.845755660863733e-05, ""name"": ""中国铝业""}, {""ts_code"": ""02628.HK"", ""side"": ""buy"", ""current_weight"": 0.0, ""target_weight"": 0.17901291943936984, ""post_trade_weight"": 0.17912035942302856, ""diff_weight"": 0.17901291943936984, ""gross_amount"": 0.41388058468954864, ""gross_amount_pct_nav"": 0.17901291943936984, ""fee"": 0.00012416417540686458, ""fee_pct_nav"": 5.370387583181095e-05, ""name"": ""中国人寿""}, {""ts_code"": ""02899.HK"", ""side"": ""sell"", ""current_weight"": 0.16235979542917528, ""target_weight"": 0.0, ""post_trade_weight"": 0.0, ""diff_weight"": -0.16235979542917528, ""gross_amount"": 0.37537830941337064, ""gross_amount_pct_nav"": 0.16235979542917528, ""fee"": 0.00011261349282401117, ""fee_pct_nav"": 4.8707938628752576e-05, ""name"": ""紫金矿业""}, {""ts_code"": ""03993.HK"", ""side"": ""sell"", ""current_weight"": 0.1717408452825636, ""target_weight"": 0.0, ""post_trade_weight"": 0.0, ""diff_weight"": -0.1717408452825636, ""gross_amount"": 0.39706743894928204, ""gross_amount_pct_nav"": 0.1717408452825636, ""fee"": 0.0001191202316847846, ""fee_pct_nav"": 5.1522253584769074e-05, ""name"": ""洛阳钼业""}, {""ts_code"": ""06030.HK"", ""side"": ""buy"", ""current_weight"": 0.0, ""target_weight"": 0.1482912302946595, ""post_trade_weight"": 0.14838023173326786, ""diff_weight"": 0.1482912302946595, ""gross_amount"": 0.34285157345569867, ""gross_amount_pct_nav"": 0.1482912302946595, ""fee"": 0.0001028554720367096, ""fee_pct_nav"": 4.448736908839785e-05, ""name"": ""中信证券""}, {""ts_code"": ""06886.HK"", ""side"": ""buy"", ""current_weight"": 0.0, ""target_weight"": 0.15538085086651574, ""post_trade_weight"": 0.15547410735398187, ""diff_weight"": 0.15538085086651574, ""gross_amount"": 0.3592428837404333, ""gross_amount_pct_nav"": 0.15538085086651574, ""fee"": 0.00010777286512212998, ""fee_pct_nav"": 4.661425525995472e-05, ""name"": ""HTSC""}]"
2025-11-03,0.80916915,1.61833829,1.85419647,1.84124554,0.00110863,0.00055626,0.00055237,0.00000000,rebalance,"[{""ts_code"": ""00358.HK"", ""side"": ""buy"", ""current_weight"": 0.0, ""target_weight"": 0.1569286048388929, ""post_trade_weight"": 0.15700483091787326, ""diff_weight"": 0.1569286048388929, ""gross_amount"": 0.3583432224101939, ""gross_amount_pct_nav"": 0.1569286048388929, ""fee"": 0.00010750296672305816, ""fee_pct_nav"": 4.707858145166786e-05, ""name"": ""江西铜业股份""}, {""ts_code"": ""01208.HK"", ""side"": ""buy"", ""current_weight"": 0.0, ""target_weight"": 0.13117621840379254, ""post_trade_weight"": 0.13123993558776073, ""diff_weight"": 0.13117621840379254, ""gross_amount"": 0.2995381807839057, ""gross_amount_pct_nav"": 0.13117621840379254, ""fee"": 8.98614542351717e-05, ""fee_pct_nav"": 3.935286552113776e-05, ""name"": ""五矿资源""}, {""ts_code"": ""01339.HK"", ""side"": ""sell"", ""current_weight"": 0.16866880092610215, ""target_weight"": 0.0, ""post_trade_weight"": 0.0, ""diff_weight"": -0.16866880092610215, ""gross_amount"": 0.38515171727916414, ""gross_amount_pct_nav"": 0.16866880092610215, ""fee"": 0.00011554551518374924, ""fee_pct_nav"": 5.060064027783064e-05, ""name"": ""中国人民保险集团""}, {""ts_code"": ""01530.HK"", ""side"": ""buy"", ""current_weight"": 0.0, ""target_weight"": 0.2003857569481248, ""post_trade_weight"": 0.20048309178743817, ""diff_weight"": 0.2003857569481248, ""gross_amount"": 0.45757673015455536, ""gross_amount_pct_nav"": 0.2003857569481248, ""fee"": 0.0001372730190463666, ""fee_pct_nav"": 6.011572708443743e-05, ""name"": ""三生制药""}, {""ts_code"": ""01772.HK"", ""side"": ""buy"", ""current_weight"": 0.0, ""target_weight"": 0.12956669425159878, ""post_trade_weight"": 0.1296296296296287, ""diff_weight"": 0.12956669425159878, ""gross_amount"": 0.2958628656822627, ""gross_amount_pct_nav"": 0.12956669425159878, ""fee"": 8.87588597046788e-05, ""fee_pct_nav"": 3.8870008275479625e-05, ""name"": ""赣锋锂业""}, {""ts_code"": ""02600.HK"", ""side"": ""sell"", ""current_weight"": 0.18009383893179745, ""target_weight"": 0.0, ""post_trade_weight"": 0.0, ""diff_weight"": -0.18009383893179745, ""gross_amount"": 0.4112405551893902, ""gross_amount_pct_nav"": 0.18009383893179745, ""fee"": 0.00012337216655681704, ""fee_pct_nav"": 5.4028151679539234e-05, ""name"": ""中国铝业""}, {""ts_code"": ""02628.HK"", ""side"": ""sell"", ""current_weight"": 0.1766504585785058, ""target_weight"": 0.0, ""post_trade_weight"": 0.0, ""diff_weight"": -0.1766504585785058, ""gross_amount"": 0.4033776673936996, ""gross_amount_pct_nav"": 0.1766504585785058, ""fee"": 0.00012101330021810988, ""fee_pct_nav"": 5.299513757355174e-05, ""name"": ""中国人寿""}, {""ts_code"": ""03993.HK"", ""side"": ""buy"", ""current_weight"": 0.0, ""target_weight"": 0.19394766033934965, ""post_trade_weight"": 0.19404186795491, ""diff_weight"": 0.19394766033934965, ""gross_amount"": 0.4428754697479832, ""gross_amount_pct_nav"": 0.19394766033934965, ""fee"": 0.00013286264092439494, ""fee_pct_nav"": 5.818429810180489e-05, ""name"": ""洛阳钼业""}, {""ts_code"": ""06030.HK"", ""side"": ""sell"", ""current_weight"": 0.1387048033779687, ""target_weight"": 0.0, ""post_trade_weight"": 0.0, ""diff_weight"": -0.1387048033779687, ""gross_amount"": 0.316729548811455, ""gross_amount_pct_nav"": 0.1387048033779687, ""fee"": 9.501886464343648e-05, ""fee_pct_nav"": 4.1611441013390607e-05, ""name"": ""中信证券""}, {""ts_code"": ""06886.HK"", ""side"": ""sell"", ""current_weight"": 0.14221545560261192, ""target_weight"": 0.0, ""post_trade_weight"": 0.0, ""diff_weight"": -0.14221545560261192, ""gross_amount"": 0.3247460505335705, ""gross_amount_pct_nav"": 0.14221545560261192, ""fee"": 9.742381516007114e-05, ""fee_pct_nav"": 4.266463668078358e-05, ""name"": ""HTSC""}]"
2025-11-10,0.64866921,1.29733843,1.49416621,1.50096844,0.00089854,0.00044825,0.00045029,0.00000000,rebalance,"[{""ts_code"": ""00358.HK"", ""side"": ""sell"", ""current_weight"": 0.15698080175330187, ""target_weight"": 0.0, ""post_trade_weight"": 0.0, ""diff_weight"": -0.15698080175330187, ""gross_amount"": 0.36241787686590055, ""gross_amount_pct_nav"": 0.15698080175330187, ""fee"": 0.00010872536305977015, ""fee_pct_nav"": 4.709424052599056e-05, ""name"": ""江西铜业股份""}, {""ts_code"": ""00857.HK"", ""side"": ""buy"", ""current_weight"": 0.0, ""target_weight"": 0.15872836875542454, ""post_trade_weight"": 0.15879017013232496, ""diff_weight"": 0.15872836875542454, ""gross_amount"": 0.36645244361238416, ""gross_amount_pct_nav"": 0.15872836875542454, ""fee"": 0.00010993573308371524, ""fee_pct_nav"": 4.7618510626627364e-05, ""name"": ""中国石油股份""}, {""ts_code"": ""01208.HK"", ""side"": ""sell"", ""current_weight"": 0.1343576879247541, ""target_weight"": 0.0, ""post_trade_weight"": 0.0, ""diff_weight"": -0.1343576879247541, ""gross_amount"": 0.310188427211778, ""gross_amount_pct_nav"": 0.1343576879247541, ""fee"": 9.305652816353339e-05, ""fee_pct_nav"": 4.030730637742623e-05, ""name"": ""五矿资源""}, {""ts_code"": ""01530.HK"", ""side"": ""sell"", ""current_weight"": 0.18086101614595534, ""target_weight"": 0.0, ""post_trade_weight"": 0.0, ""diff_weight"": -0.18086101614595534, ""gross_amount"": 0.4175495649616772, ""gross_amount_pct_nav"": 0.18086101614595534, ""fee"": 0.00012526486948850315, ""fee_pct_nav"": 5.4258304843786595e-05, ""name"": ""三生制药""}, {""ts_code"": ""01772.HK"", ""side"": ""sell"", ""current_weight"": 0.13717026564704368, ""target_weight"": 0.0, ""post_trade_weight"": 0.0, ""diff_weight"": -0.13717026564704368, ""gross_amount"": 0.31668175910489965, ""gross_amount_pct_nav"": 0.13717026564704368, ""fee"": 9.500452773146989e-05, ""fee_pct_nav"": 4.1151079694113104e-05, ""name"": ""赣锋锂业""}, {""ts_code"": ""02600.HK"", ""side"": ""buy"", ""current_weight"": 0.0, ""target_weight"": 0.18234866172498176, ""post_trade_weight"": 0.18241965973534952, ""diff_weight"": 0.18234866172498176, ""gross_amount"": 0.4209840572451794, ""gross_amount_pct_nav"": 0.18234866172498176, ""fee"": 0.0001262952171735538, ""fee_pct_nav"": 5.470459851749452e-05, ""name"": ""中国铝业""}, {""ts_code"": ""02899.HK"", ""side"": ""buy"", ""current_weight"": 0.0, ""target_weight"": 0.1502250632863839, ""post_trade_weight"": 0.15028355387523612, ""diff_weight"": 0.1502250632863839, ""gross_amount"": 0.3468210627045778, ""gross_amount_pct_nav"": 0.1502250632863839, ""fee"": 0.00010404631881137332, ""fee_pct_nav"": 4.5067518985915164e-05, ""name"": ""紫金矿业""}, {""ts_code"": ""03993.HK"", ""side"": ""sell"", ""current_weight"": 0.1957217508342057, ""target_weight"": 0.1549491218802954, ""post_trade_weight"": 0.15500945179584105, ""diff_weight"": -0.040772628953910324, ""gross_amount"": 0.09413080742789948, ""gross_amount_pct_nav"": 0.040772628953910324, ""fee"": 2.823924222836984e-05, ""fee_pct_nav"": 1.2231788686173096e-05, ""name"": ""洛阳钼业""}, {""ts_code"": ""09696.HK"", ""side"": ""buy"", ""current_weight"": 0.0, ""target_weight"": 0.15589393359907766, ""post_trade_weight"": 0.15595463137996202, ""diff_weight"": 0.15589393359907766, ""gross_amount"": 0.35990864997644867, ""gross_amount_pct_nav"": 0.15589393359907766, ""fee"": 0.00010797259499293459, ""fee_pct_nav"": 4.676818007972329e-05, ""name"": ""天齐锂业""}]"
2025-11-17,0.54865239,1.09730477,1.27715106,1.27677885,0.00076618,0.00038315,0.00038303,0.00000000,rebalance,"[{""ts_code"": ""00857.HK"", ""side"": ""sell"", ""current_weight"": 0.1590651650230587, ""target_weight"": 0.0, ""post_trade_weight"": 0.0, ""diff_weight"": -0.1590651650230587, ""gross_amount"": 0.3702173659782648, ""gross_amount_pct_nav"": 0.1590651650230587, ""fee"": 0.00011106520979347943, ""fee_pct_nav"": 4.7719549506917604e-05, ""name"": ""中国石油股份""}, {""ts_code"": ""01378.HK"", ""side"": ""sell"", ""current_weight"": 0.2017499850204049, ""target_weight"": 0.1629898057448479, ""post_trade_weight"": 0.16304347826086954, ""diff_weight"": -0.03876017927555701, ""gross_amount"": 0.09021265890719604, ""gross_amount_pct_nav"": 0.03876017927555701, ""fee"": 2.706379767215881e-05, ""fee_pct_nav"": 1.1628053782667101e-05, ""name"": ""中国宏桥""}, {""ts_code"": ""01530.HK"", ""side"": ""buy"", ""current_weight"": 0.0, ""target_weight"": 0.17113929603209027, ""post_trade_weight"": 0.171195652173913, ""diff_weight"": 0.17113929603209027, ""gross_amount"": 0.3983193893093453, ""gross_amount_pct_nav"": 0.17113929603209027, ""fee"": 0.00011949581679280358, ""fee_pct_nav"": 5.134178880962708e-05, ""name"": ""三生制药""}, {""ts_code"": ""02600.HK"", ""side"": ""sell"", ""current_weight"": 0.18316683401353673, ""target_weight"": 0.13944683380392536, ""post_trade_weight"": 0.13949275362318833, ""diff_weight"": -0.04372000020961135, ""gross_amount"": 0.1017564299249627, ""gross_amount_pct_nav"": 0.04372000020961135, ""fee"": 3.0526928977488805e-05, ""fee_pct_nav"": 1.3116000062883404e-05, ""name"": ""中国铝业""}, {""ts_code"": ""02899.HK"", ""side"": ""sell"", ""current_weight"": 0.1442523554548873, ""target_weight"": 0.0, ""post_trade_weight"": 0.0, ""diff_weight"": -0.1442523554548873, ""gross_amount"": 0.3357411854753176, ""gross_amount_pct_nav"": 0.1442523554548873, ""fee"": 0.00010072235564259528, ""fee_pct_nav"": 4.327570663646619e-05, ""name"": ""紫金矿业""}, {""ts_code"": ""03692.HK"", ""side"": ""buy"", ""current_weight"": 0.0, ""target_weight"": 0.18109978416094205, ""post_trade_weight"": 0.181159420289855, ""diff_weight"": 0.18109978416094205, ""gross_amount"": 0.4215019992691484, ""gross_amount_pct_nav"": 0.18109978416094205, ""fee"": 0.0001264505997807445, ""fee_pct_nav"": 5.4329935248282615e-05, ""name"": ""翰森制药""}, {""ts_code"": ""06618.HK"", ""side"": ""buy"", ""current_weight"": 0.0, ""target_weight"": 0.19649326581462215, ""post_trade_weight"": 0.1965579710144927, ""diff_weight"": 0.19649326581462215, ""gross_amount"": 0.45732966920702606, ""gross_amount_pct_nav"": 0.19649326581462215, ""fee"": 0.0001371989007621078, ""fee_pct_nav"": 5.894797974438664e-05, ""name"": ""京东健康""}, {""ts_code"": ""09696.HK"", ""side"": ""sell"", ""current_weight"": 0.16277472602716464, ""target_weight"": 0.0, ""post_trade_weight"": 0.0, ""diff_weight"": -0.16277472602716464, ""gross_amount"": 0.37885121050152487, ""gross_amount_pct_nav"": 0.16277472602716464, ""fee"": 0.00011365536315045745, ""fee_pct_nav"": 4.883241780814939e-05, ""name"": ""天齐锂业""}]"
2025-11-24,0.40837676,0.81675352,0.89556562,0.90540018,0.00054029,0.00026867,0.00027162,0.00000000,rebalance,"[{""ts_code"": ""00857.HK"", ""side"": ""buy"", ""current_weight"": 0.0, ""target_weight"": 0.17137525879566434, ""post_trade_weight"": 0.17141726049089426, ""diff_weight"": 0.17137525879566434, ""gross_amount"": 0.3778875430763948, ""gross_amount_pct_nav"": 0.17137525879566434, ""fee"": 0.00011336626292291843, ""fee_pct_nav"": 5.14125776386993e-05, ""name"": ""中国石油股份""}, {""ts_code"": ""01378.HK"", ""side"": ""buy"", ""current_weight"": 0.15797789421482925, ""target_weight"": 0.20620441069870926, ""post_trade_weight"": 0.206254948535233, ""diff_weight"": 0.04822651648388003, ""gross_amount"": 0.10634090330947898, ""gross_amount_pct_nav"": 0.04822651648388003, ""fee"": 3.190227099284369e-05, ""fee_pct_nav"": 1.4467954945164008e-05, ""name"": ""中国宏桥""}, {""ts_code"": ""01530.HK"", ""side"": ""sell"", ""current_weight"": 0.16983554522763467, ""target_weight"": 0.0, ""post_trade_weight"": 0.0, ""diff_weight"": -0.16983554522763467, ""gross_amount"": 0.3744924288612334, ""gross_amount_pct_nav"": 0.16983554522763467, ""fee"": 0.00011234772865837001, ""fee_pct_nav"": 5.0950663568290395e-05, ""name"": ""三生制药""}, {""ts_code"": ""01772.HK"", ""side"": ""buy"", ""current_weight"": 0.0, ""target_weight"": 0.14446182323422052, ""post_trade_weight"": 0.14449722882026883, ""diff_weight"": 0.14446182323422052, ""gross_amount"": 0.3185426171429194, ""gross_amount_pct_nav"": 0.14446182323422052, ""fee"": 9.556278514287582e-05, ""fee_pct_nav"": 4.3338546970266156e-05, ""name"": ""赣锋锂业""}, {""ts_code"": ""02600.HK"", ""side"": ""buy"", ""current_weight"": 0.13904121589067645, ""target_weight"": 0.16029325591742277, ""post_trade_weight"": 0.16033254156769555, ""diff_weight"": 0.021252040026746345, ""gross_amount"": 0.04686138038539056, ""gross_amount_pct_nav"": 0.021252040026746345, ""fee"": 1.4058414115617167e-05, ""fee_pct_nav"": 6.375612008023903e-06, ""name"": ""中国铝业""}, {""ts_code"": ""03692.HK"", ""side"": ""sell"", ""current_weight"": 0.19513515963511746, ""target_weight"": 0.0, ""post_trade_weight"": 0.0, ""diff_weight"": -0.19513515963511746, ""gross_amount"": 0.43027883114829274, ""gross_amount_pct_nav"": 0.19513515963511746, ""fee"": 0.00012908364934448782, ""fee_pct_nav"": 5.854054789053524e-05, ""name"": ""翰森制药""}, {""ts_code"": ""03993.HK"", ""side"": ""buy"", ""current_weight"": 0.1552935955394376, ""target_weight"": 0.17612468860062502, ""post_trade_weight"": 0.17616785431512227, ""diff_weight"": 0.020831093061187404, ""gross_amount"": 0.04593317980557293, ""gross_amount_pct_nav"": 0.020831093061187404, ""fee"": 1.3779953941671879e-05, ""fee_pct_nav"": 6.249327918356221e-06, ""name"": ""洛阳钼业""}, {""ts_code"": ""06618.HK"", ""side"": ""sell"", ""current_weight"": 0.1869316194845875, ""target_weight"": 0.14129553669758008, ""post_trade_weight"": 0.14133016627078346, ""diff_weight"": -0.04563608278700743, ""gross_amount"": 0.10062891995731582, ""gross_amount_pct_nav"": 0.04563608278700743, ""fee"": 3.0188675987194744e-05, ""fee_pct_nav"": 1.369082483610223e-05, ""name"": ""京东健康""}]"
2025-12-01,0.52300163,1.04600326,1.19851631,1.19923564,0.00071933,0.00035955,0.00035977,0.00000000,rebalance,"[{""ts_code"": ""00857.HK"", ""side"": ""sell"", ""current_weight"": 0.16752210958461228, ""target_weight"": 0.0, ""post_trade_weight"": 0.0, ""diff_weight"": -0.16752210958461228, ""gross_amount"": 0.3840107208577252, ""gross_amount_pct_nav"": 0.16752210958461228, ""fee"": 0.00011520321625731754, ""fee_pct_nav"": 5.025663287538368e-05, ""name"": ""中国石油股份""}, {""ts_code"": ""01378.HK"", ""side"": ""sell"", ""current_weight"": 0.21253180619861703, ""target_weight"": 0.16484501039927626, ""post_trade_weight"": 0.1648967551622517, ""diff_weight"": -0.047686795799340743, ""gross_amount"": 0.10931238196383153, ""gross_amount_pct_nav"": 0.047686795799340743, ""fee"": 3.279371458914945e-05, ""fee_pct_nav"": 1.430603873980222e-05, ""name"": ""中国宏桥""}, {""ts_code"": ""01772.HK"", ""side"": ""sell"", ""current_weight"": 0.14069838966925954, ""target_weight"": 0.0, ""post_trade_weight"": 0.0, ""diff_weight"": -0.14069838966925954, ""gross_amount"": 0.3225227414720687, ""gross_amount_pct_nav"": 0.14069838966925954, ""fee"": 9.67568224416206e-05, ""fee_pct_nav"": 4.220951690077786e-05, ""name"": ""赣锋锂业""}, {""ts_code"": ""02099.HK"", ""side"": ""buy"", ""current_weight"": 0.0, ""target_weight"": 0.18017942997130199, ""post_trade_weight"": 0.1802359882006007, ""diff_weight"": 0.18017942997130199, ""gross_amount"": 0.4130250804420935, ""gross_amount_pct_nav"": 0.18017942997130199, ""fee"": 0.00012390752413262804, ""fee_pct_nav"": 5.405382899139059e-05, ""name"": ""中国黄金国际""}, {""ts_code"": ""02400.HK"", ""side"": ""buy"", ""current_weight"": 0.0, ""target_weight"": 0.1565880152451086, ""post_trade_weight"": 0.15663716814160225, ""diff_weight"": 0.1565880152451086, ""gross_amount"": 0.35894651017144297, ""gross_amount_pct_nav"": 0.1565880152451086, ""fee"": 0.00010768395305143288, ""fee_pct_nav"": 4.697640457353257e-05, ""name"": ""心动公司""}, {""ts_code"": ""02600.HK"", ""side"": ""sell"", ""current_weight"": 0.1568140929916549, ""target_weight"": 0.14597187861832153, ""post_trade_weight"": 0.1460176991150529, ""diff_weight"": -0.010842214373333372, ""gross_amount"": 0.024853594355524866, ""gross_amount_pct_nav"": 0.010842214373333372, ""fee"": 7.456078306657459e-06, ""fee_pct_nav"": 3.2526643120000114e-06, ""name"": ""中国铝业""}, {""ts_code"": ""03993.HK"", ""side"": ""sell"", ""current_weight"": 0.1844529819017168, ""target_weight"": 0.16602458113558596, ""post_trade_weight"": 0.16607669616520163, ""diff_weight"": -0.01842840076613085, ""gross_amount"": 0.04224339987124298, ""gross_amount_pct_nav"": 0.01842840076613085, ""fee"": 1.2673019961372894e-05, ""fee_pct_nav"": 5.528520229839255e-06, ""name"": ""洛阳钼业""}, {""ts_code"": ""06618.HK"", ""side"": ""sell"", ""current_weight"": 0.13798061965413694, ""target_weight"": 0.0, ""post_trade_weight"": 0.0, ""diff_weight"": -0.13798061965413694, ""gross_amount"": 0.3162928006886069, ""gross_amount_pct_nav"": 0.13798061965413694, ""fee"": 9.488784020658206e-05, ""fee_pct_nav"": 4.139418589624108e-05, ""name"": ""京东健康""}, {""ts_code"": ""09995.HK"", ""side"": ""buy"", ""current_weight"": 0.0, ""target_weight"": 0.1860772836528504, ""post_trade_weight"": 0.18613569321535037, ""diff_weight"": 0.1860772836528504, ""gross_amount"": 0.42654472300975627, ""gross_amount_pct_nav"": 0.1860772836528504, ""fee"": 0.00012796341690292688, ""fee_pct_nav"": 5.582318509585511e-05, ""name"": ""荣昌生物""}]"
2025-12-08,0.81659184,1.63318367,1.86666831,1.86146289,0.00111844,0.00056000,0.00055844,0.00000000,rebalance,"[{""ts_code"": ""00358.HK"", ""side"": ""buy"", ""current_weight"": 0.0, ""target_weight"": 0.16526907564650417, ""post_trade_weight"": 0.16535008976660562, ""diff_weight"": 0.16526907564650417, ""gross_amount"": 0.3772660770876725, ""gross_amount_pct_nav"": 0.16526907564650417, ""fee"": 0.00011317982312630175, ""fee_pct_nav"": 4.958072269395125e-05, ""name"": ""江西铜业股份""}, {""ts_code"": ""01208.HK"", ""side"": ""buy"", ""current_weight"": 0.0, ""target_weight"": 0.15378457961895123, ""post_trade_weight"": 0.15385996409335614, ""diff_weight"": 0.15378457961895123, ""gross_amount"": 0.3510499761825574, ""gross_amount_pct_nav"": 0.15378457961895123, ""fee"": 0.00010531499285476721, ""fee_pct_nav"": 4.613537388568536e-05, ""name"": ""五矿资源""}, {""ts_code"": ""01378.HK"", ""side"": ""sell"", ""current_weight"": 0.16980660192222008, ""target_weight"": 0.0, ""post_trade_weight"": 0.0, ""diff_weight"": -0.16980660192222008, ""gross_amount"": 0.38762406288159734, ""gross_amount_pct_nav"": 0.16980660192222008, ""fee"": 0.00011628721886447919, ""fee_pct_nav"": 5.0941980576666014e-05, ""name"": ""中国宏桥""}, {""ts_code"": ""02099.HK"", ""side"": ""sell"", ""current_weight"": 0.18388582802846704, ""target_weight"": 0.0, ""post_trade_weight"": 0.0, ""diff_weight"": -0.18388582802846704, ""gross_amount"": 0.4197632539598799, ""gross_amount_pct_nav"": 0.18388582802846704, ""fee"": 0.00012592897618796396, ""fee_pct_nav"": 5.516574840854011e-05, ""name"": ""中国黄金国际""}, {""ts_code"": ""02400.HK"", ""side"": ""sell"", ""current_weight"": 0.13866919085803042, ""target_weight"": 0.0, ""post_trade_weight"": 0.0, ""diff_weight"": -0.13866919085803042, ""gross_amount"": 0.31654549674996907, ""gross_amount_pct_nav"": 0.13866919085803042, ""fee"": 9.496364902499071e-05, ""fee_pct_nav"": 4.1600757257409124e-05, ""name"": ""心动公司""}, {""ts_code"": ""02600.HK"", ""side"": ""sell"", ""current_weight"": 0.15557438312897112, ""target_weight"": 0.0, ""post_trade_weight"": 0.0, ""diff_weight"": -0.15557438312897112, ""gross_amount"": 0.355135629510874, ""gross_amount_pct_nav"": 0.15557438312897112, ""fee"": 0.0001065406888532622, ""fee_pct_nav"": 4.667231493869133e-05, ""name"": ""中国铝业""}, {""ts_code"": ""02628.HK"", ""side"": ""buy"", ""current_weight"": 0.0, ""target_weight"": 0.1623979516396159, ""post_trade_weight"": 0.16247755834829322, ""diff_weight"": 0.1623979516396159, ""gross_amount"": 0.37071205186139367, ""gross_amount_pct_nav"": 0.1623979516396159, ""fee"": 0.00011121361555841809, ""fee_pct_nav"": 4.8719385491884764e-05, ""name"": ""中国人寿""}, {""ts_code"": ""02899.HK"", ""side"": ""buy"", ""current_weight"": 0.0, ""target_weight"": 0.18536694369472181, ""post_trade_weight"": 0.18545780969479217, ""diff_weight"": 0.18536694369472181, ""gross_amount"": 0.42314425367162395, ""gross_amount_pct_nav"": 0.18536694369472181, ""fee"": 0.00012694327610148718, ""fee_pct_nav"": 5.561008310841654e-05, ""name"": ""紫金矿业""}, {""ts_code"": ""03692.HK"", ""side"": ""buy"", ""current_weight"": 0.0, ""target_weight"": 0.15091345561206296, ""post_trade_weight"": 0.15098743267504378, ""diff_weight"": 0.15091345561206296, ""gross_amount"": 0.34449595095627855, ""gross_amount_pct_nav"": 0.15091345561206296, ""fee"": 0.00010334878528688356, ""fee_pct_nav"": 4.527403668361889e-05, ""name"": ""翰森制药""}, {""ts_code"": ""09995.HK"", ""side"": ""sell"", ""current_weight"": 0.16751566326712447, ""target_weight"": 0.0, ""post_trade_weight"": 0.0, ""diff_weight"": -0.16751566326712447, ""gross_amount"": 0.3823944490783165, ""gross_amount_pct_nav"": 0.16751566326712447, ""fee"": 0.00011471833472349494, ""fee_pct_nav"": 5.0254698980137344e-05, ""name"": ""荣昌生物""}]"
2025-12-15,0.48350002,0.96700003,1.07035688,1.09144285,0.00064854,0.00032111,0.00032743,0.00000000,rebalance,"[{""ts_code"": ""00005.HK"", ""side"": ""buy"", ""current_weight"": 0.0, ""target_weight"": 0.17399795145158098, ""post_trade_weight"": 0.174048442906574, ""diff_weight"": 0.17399795145158098, ""gross_amount"": 0.38898522457277307, ""gross_amount_pct_nav"": 0.17399795145158098, ""fee"": 0.00011669556737183191, ""fee_pct_nav"": 5.219938543547429e-05, ""name"": ""汇丰控股""}, {""ts_code"": ""00358.HK"", ""side"": ""sell"", ""current_weight"": 0.16283622159859065, ""target_weight"": 0.0, ""post_trade_weight"": 0.0, ""diff_weight"": -0.16283622159859065, ""gross_amount"": 0.36403235612078866, ""gross_amount_pct_nav"": 0.16283622159859065, ""fee"": 0.00010920970683623659, ""fee_pct_nav"": 4.885086647957719e-05, ""name"": ""江西铜业股份""}, {""ts_code"": ""01378.HK"", ""side"": ""buy"", ""current_weight"": 0.0, ""target_weight"": 0.1407895949121142, ""post_trade_weight"": 0.14083044982698928, ""diff_weight"": 0.1407895949121142, ""gross_amount"": 0.3147454998034167, ""gross_amount_pct_nav"": 0.1407895949121142, ""fee"": 9.4423649941025e-05, ""fee_pct_nav"": 4.2236878473634256e-05, ""name"": ""中国宏桥""}, {""ts_code"": ""02628.HK"", ""side"": ""buy"", ""current_weight"": 0.1687789464567795, ""target_weight"": 0.1795326775414921, ""post_trade_weight"": 0.1795847750865048, ""diff_weight"": 0.01075373108471264, ""gross_amount"": 0.024040757181823413, ""gross_amount_pct_nav"": 0.01075373108471264, ""fee"": 7.212227154547023e-06, ""fee_pct_nav"": 3.2261193254137917e-06, ""name"": ""中国人寿""}, {""ts_code"": ""03692.HK"", ""side"": ""sell"", ""current_weight"": 0.14559744243666078, ""target_weight"": 0.0, ""post_trade_weight"": 0.0, ""diff_weight"": -0.14559744243666078, ""gross_amount"": 0.32549379674280815, ""gross_amount_pct_nav"": 0.14559744243666078, ""fee"": 9.764813902284243e-05, ""fee_pct_nav"": 4.367923273099823e-05, ""name"": ""翰森制药""}, {""ts_code"": ""03993.HK"", ""side"": ""sell"", ""current_weight"": 0.17978236257168817, ""target_weight"": 0.0, ""post_trade_weight"": 0.0, ""diff_weight"": -0.17978236257168817, ""gross_amount"": 0.40191670129307383, ""gross_amount_pct_nav"": 0.17978236257168817, ""fee"": 0.00012057501038792213, ""fee_pct_nav"": 5.393470877150644e-05, ""name"": ""洛阳钼业""}, {""ts_code"": ""06869.HK"", ""side"": ""buy"", ""current_weight"": 0.0, ""target_weight"": 0.1532427286144143, ""post_trade_weight"": 0.1532871972318336, ""diff_weight"": 0.1532427286144143, ""gross_amount"": 0.34258539659192544, ""gross_amount_pct_nav"": 0.1532427286144143, ""fee"": 0.00010277561897757763, ""fee_pct_nav"": 4.597281858432428e-05, ""name"": ""长飞光纤光缆""}]"
2025-12-22,0.66223533,1.32447065,1.60261164,1.59030886,0.00095788,0.00048078,0.00047709,0.00000000,rebalance,"[{""ts_code"": ""00358.HK"", ""side"": ""buy"", ""current_weight"": 0.0, ""target_weight"": 0.16879255422796532, ""post_trade_weight"": 0.168859649122806, ""diff_weight"": 0.16879255422796532, ""gross_amount"": 0.40691064472654553, ""gross_amount_pct_nav"": 0.16879255422796532, ""fee"": 0.00012207319341796366, ""fee_pct_nav"": 5.06377662683896e-05, ""name"": ""江西铜业股份""}, {""ts_code"": ""01208.HK"", ""side"": ""sell"", ""current_weight"": 0.15222404898174574, ""target_weight"": 0.0, ""post_trade_weight"": 0.0, ""diff_weight"": -0.15222404898174574, ""gross_amount"": 0.36696871018606225, ""gross_amount_pct_nav"": 0.15222404898174574, ""fee"": 0.00011009061305581866, ""fee_pct_nav"": 4.566721469452371e-05, ""name"": ""五矿资源""}, {""ts_code"": ""01336.HK"", ""side"": ""buy"", ""current_weight"": 0.0, ""target_weight"": 0.16691360186179133, ""post_trade_weight"": 0.1669799498746857, ""diff_weight"": 0.16691360186179133, ""gross_amount"": 0.4023810271600163, ""gross_amount_pct_nav"": 0.16691360186179133, ""fee"": 0.00012071430814800487, ""fee_pct_nav"": 5.007408055853739e-05, ""name"": ""新华保险""}, {""ts_code"": ""01378.HK"", ""side"": ""sell"", ""current_weight"": 0.13105161267378496, ""target_weight"": 0.0, ""post_trade_weight"": 0.0, ""diff_weight"": -0.13105161267378496, ""gross_amount"": 0.3159280126392467, ""gross_amount_pct_nav"": 0.13105161267378496, ""fee"": 9.4778403791774e-05, ""fee_pct_nav"": 3.9315483802135485e-05, ""name"": ""中国宏桥""}, {""ts_code"": ""01772.HK"", ""side"": ""buy"", ""current_weight"": 0.0, ""target_weight"": 0.1625293796740519, ""post_trade_weight"": 0.16259398496240499, ""diff_weight"": 0.1625293796740519, ""gross_amount"": 0.3918119195047812, ""gross_amount_pct_nav"": 0.1625293796740519, ""fee"": 0.00011754357585143436, ""fee_pct_nav"": 4.875881390221557e-05, ""name"": ""赣锋锂业""}, {""ts_code"": ""02318.HK"", ""side"": ""buy"", ""current_weight"": 0.0, ""target_weight"": 0.1537609352985732, ""post_trade_weight"": 0.15382205513784367, ""diff_weight"": 0.1537609352985732, ""gross_amount"": 0.3706737041943114, ""gross_amount_pct_nav"": 0.1537609352985732, ""fee"": 0.00011120211125829341, ""fee_pct_nav"": 4.6128280589571966e-05, ""name"": ""中国平安""}, {""ts_code"": ""02628.HK"", ""side"": ""buy"", ""current_weight"": 0.16602309046748884, ""target_weight"": 0.17881363351422674, ""post_trade_weight"": 0.17888471177944756, ""diff_weight"": 0.012790543046737912, ""gross_amount"": 0.03083434658214601, ""gross_amount_pct_nav"": 0.012790543046737912, ""fee"": 9.250303974643802e-06, ""fee_pct_nav"": 3.837162914021373e-06, ""name"": ""中国人寿""}, {""ts_code"": ""02899.HK"", ""side"": ""sell"", ""current_weight"": 0.18297370079607245, ""target_weight"": 0.0, ""post_trade_weight"": 0.0, ""diff_weight"": -0.18297370079607245, ""gross_amount"": 0.4410973392723057, ""gross_amount_pct_nav"": 0.18297370079607245, ""fee"": 0.0001323292017816917, ""fee_pct_nav"": 5.4892110238821736e-05, ""name"": ""紫金矿业""}, {""ts_code"": ""06869.HK"", ""side"": ""sell"", ""current_weight"": 0.19343427483932535, ""target_weight"": 0.0, ""post_trade_weight"": 0.0, ""diff_weight"": -0.19343427483932535, ""gross_amount"": 0.4663147959760007, ""gross_amount_pct_nav"": 0.19343427483932535, ""fee"": 0.0001398944387928002, ""fee_pct_nav"": 5.80302824517976e-05, ""name"": ""长飞光纤光缆""}]"
2025-12-29,0.51359407,1.02718814,1.25037892,1.25327705,0.00075110,0.00037511,0.00037598,0.00000000,rebalance,"[{""ts_code"": ""00005.HK"", ""side"": ""buy"", ""current_weight"": 0.167419495249535, ""target_weight"": 0.1821632678361669, ""post_trade_weight"": 0.1822194199243371, ""diff_weight"": 0.014743772586631898, ""gross_amount"": 0.03593629320568337, ""gross_amount_pct_nav"": 0.014743772586631898, ""fee"": 1.078088796170501e-05, ""fee_pct_nav"": 4.423131775989569e-06, ""name"": ""汇丰控股""}, {""ts_code"": ""00358.HK"", ""side"": ""sell"", ""current_weight"": 0.17433000638980792, ""target_weight"": 0.0, ""post_trade_weight"": 0.0, ""diff_weight"": -0.17433000638980792, ""gross_amount"": 0.4249098517602632, ""gross_amount_pct_nav"": 0.17433000638980792, ""fee"": 0.00012747295552807894, ""fee_pct_nav"": 5.229900191694237e-05, ""name"": ""江西铜业股份""}, {""ts_code"": ""01336.HK"", ""side"": ""sell"", ""current_weight"": 0.16523733912263522, ""target_weight"": 0.0, ""post_trade_weight"": 0.0, ""diff_weight"": -0.16523733912263522, ""gross_amount"": 0.40274749439786695, ""gross_amount_pct_nav"": 0.16523733912263522, ""fee"": 0.00012082424831936008, ""fee_pct_nav"": 4.9571201736790566e-05, ""name"": ""新华保险""}, {""ts_code"": ""01378.HK"", ""side"": ""buy"", ""current_weight"": 0.0, ""target_weight"": 0.14434390427156474, ""post_trade_weight"": 0.1443883984867584, ""diff_weight"": 0.14434390427156474, ""gross_amount"": 0.3518220886735079, ""gross_amount_pct_nav"": 0.14434390427156474, ""fee"": 0.00010554662660205236, ""fee_pct_nav"": 4.330317128146942e-05, ""name"": ""中国宏桥""}, {""ts_code"": ""01818.HK"", ""side"": ""buy"", ""current_weight"": 0.0, ""target_weight"": 0.1582110042452522, ""post_trade_weight"": 0.1582597730138706, ""diff_weight"": 0.1582110042452522, ""gross_amount"": 0.38562159064214185, ""gross_amount_pct_nav"": 0.1582110042452522, ""fee"": 0.00011568647719264254, ""fee_pct_nav"": 4.7463301273575656e-05, ""name"": ""招金矿业""}, {""ts_code"": ""02318.HK"", ""side"": ""buy"", ""current_weight"": 0.15475856244628747, ""target_weight"": 0.17396907239716974, ""post_trade_weight"": 0.17402269861286168, ""diff_weight"": 0.01921050995088227, ""gross_amount"": 0.046823464901482814, ""gross_amount_pct_nav"": 0.01921050995088227, ""fee"": 1.4047039470444843e-05, ""fee_pct_nav"": 5.76315298526468e-06, ""name"": ""中国平安""}, {""ts_code"": ""02628.HK"", ""side"": ""sell"", ""current_weight"": 0.17462124128442563, ""target_weight"": 0.0, ""post_trade_weight"": 0.0, ""diff_weight"": -0.17462124128442563, ""gross_amount"": 0.42561970417444095, ""gross_amount_pct_nav"": 0.17462124128442563, ""fee"": 0.00012768591125233227, ""fee_pct_nav"": 5.238637238532768e-05, ""name"": ""中国人寿""}, {""ts_code"": ""03993.HK"", ""side"": ""buy"", ""current_weight"": 0.0, ""target_weight"": 0.17649036330147655, ""post_trade_weight"": 0.17654476670870026, ""diff_weight"": 0.17649036330147655, ""gross_amount"": 0.43017547960079566, ""gross_amount_pct_nav"": 0.17649036330147655, ""fee"": 0.00012905264388023867, ""fee_pct_nav"": 5.294710899044295e-05, ""name"": ""洛阳钼业""}]"
2026-01-05,0.51443104,1.02886208,1.29469704,1.29247323,0.00077615,0.00038841,0.00038774,0.00000000,rebalance,"[{""ts_code"": ""00005.HK"", ""side"": ""sell"", ""current_weight"": 0.1809157372023125, ""target_weight"": 0.1645668436317812, ""post_trade_weight"": 0.16461765429063188, ""diff_weight"": -0.016348893570531313, ""gross_amount"": 0.04111082727266391, ""gross_amount_pct_nav"": 0.016348893570531313, ""fee"": 1.2333248181799171e-05, ""fee_pct_nav"": 4.904668071159394e-06, ""name"": ""汇丰控股""}, {""ts_code"": ""00358.HK"", ""side"": ""buy"", ""current_weight"": 0.0, ""target_weight"": 0.15965073179812084, ""post_trade_weight"": 0.1597000245881485, ""diff_weight"": 0.15965073179812084, ""gross_amount"": 0.4014567487757912, ""gross_amount_pct_nav"": 0.15965073179812084, ""fee"": 0.00012043702463273735, ""fee_pct_nav"": 4.789521953943625e-05, ""name"": ""江西铜业股份""}, {""ts_code"": ""01378.HK"", ""side"": ""buy"", ""current_weight"": 0.14634382006493668, ""target_weight"": 0.17341584493236986, ""post_trade_weight"": 0.17346938775510198, ""diff_weight"": 0.02707202486743317, ""gross_amount"": 0.06807514731470221, ""gross_amount_pct_nav"": 0.02707202486743317, ""fee"": 2.042254419441066e-05, ""fee_pct_nav"": 8.121607460229949e-06, ""name"": ""中国宏桥""}, {""ts_code"": ""01772.HK"", ""side"": ""sell"", ""current_weight"": 0.15393789877294947, ""target_weight"": 0.0, ""post_trade_weight"": 0.0, ""diff_weight"": -0.15393789877294947, ""gross_amount"": 0.38709129396857894, ""gross_amount_pct_nav"": 0.15393789877294947, ""fee"": 0.00011612738819057367, ""fee_pct_nav"": 4.618136963188484e-05, ""name"": ""赣锋锂业""}, {""ts_code"": ""01818.HK"", ""side"": ""sell"", ""current_weight"": 0.1566702337575763, ""target_weight"": 0.0, ""post_trade_weight"": 0.0, ""diff_weight"": -0.1566702337575763, ""gross_amount"": 0.3939620067247327, ""gross_amount_pct_nav"": 0.1566702337575763, ""fee"": 0.0001181886020174198, ""fee_pct_nav"": 4.7001070127272885e-05, ""name"": ""招金矿业""}, {""ts_code"": ""02318.HK"", ""side"": ""sell"", ""current_weight"": 0.17421473678331598, ""target_weight"": 0.0, ""post_trade_weight"": 0.0, ""diff_weight"": -0.17421473678331598, ""gross_amount"": 0.43807930618382224, ""gross_amount_pct_nav"": 0.17421473678331598, ""fee"": 0.00013142379185514667, ""fee_pct_nav"": 5.226442103499479e-05, ""name"": ""中国平安""}, {""ts_code"": ""02600.HK"", ""side"": ""buy"", ""current_weight"": 0.0, ""target_weight"": 0.16210878771495102, ""post_trade_weight"": 0.1621588394393902, ""diff_weight"": 0.16210878771495102, ""gross_amount"": 0.4076377610741097, ""gross_amount_pct_nav"": 0.16210878771495102, ""fee"": 0.0001222913283222329, ""fee_pct_nav"": 4.8632636314485306e-05, ""name"": ""中国铝业""}, {""ts_code"": ""02899.HK"", ""side"": ""buy"", ""current_weight"": 0.0, ""target_weight"": 0.1660416771818793, ""post_trade_weight"": 0.16609294320137688, ""diff_weight"": 0.1660416771818793, ""gross_amount"": 0.4175273807514193, ""gross_amount_pct_nav"": 0.1660416771818793, ""fee"": 0.00012525821422542578, ""fee_pct_nav"": 4.981250315456378e-05, ""name"": ""紫金矿业""}, {""ts_code"": ""03993.HK"", ""side"": ""sell"", ""current_weight"": 0.18672455554106032, ""target_weight"": 0.17390745611573594, ""post_trade_weight"": 0.17396115072535037, ""diff_weight"": -0.012817099425324368, ""gross_amount"": 0.03222979942574461, ""gross_amount_pct_nav"": 0.012817099425324368, ""fee"": 9.668939827723383e-06, ""fee_pct_nav"": 3.84512982759731e-06, ""name"": ""洛阳钼业""}]"
2026-01-12,0.48600212,0.97200424,1.28301978,1.29486666,0.00077337,0.00038491,0.00038846,0.00000000,rebalance,"[{""ts_code"": ""00005.HK"", ""side"": ""sell"", ""current_weight"": 0.15503291307526768, ""target_weight"": 0.0, ""post_trade_weight"": 0.0, ""diff_weight"": -0.15503291307526768, ""gross_amount"": 0.4111682127743662, ""gross_amount_pct_nav"": 0.15503291307526768, ""fee"": 0.00012335046383230984, ""fee_pct_nav"": 4.6509873922580296e-05, ""name"": ""汇丰控股""}, {""ts_code"": ""00358.HK"", ""side"": ""sell"", ""current_weight"": 0.15828731734988094, ""target_weight"": 0.0, ""post_trade_weight"": 0.0, ""diff_weight"": -0.15828731734988094, ""gross_amount"": 0.41979933221020077, ""gross_amount_pct_nav"": 0.15828731734988094, ""fee"": 0.00012593979966306023, ""fee_pct_nav"": 4.748619520496428e-05, ""name"": ""江西铜业股份""}, {""ts_code"": ""01347.HK"", ""side"": ""buy"", ""current_weight"": 0.0, ""target_weight"": 0.16288892441248135, ""post_trade_weight"": 0.16293643688451173, ""diff_weight"": 0.16288892441248135, ""gross_amount"": 0.4320034152935183, ""gross_amount_pct_nav"": 0.16288892441248135, ""fee"": 0.0001296010245880555, ""fee_pct_nav"": 4.88666773237444e-05, ""name"": ""华虹半导体""}, {""ts_code"": ""01378.HK"", ""side"": ""sell"", ""current_weight"": 0.1749153478970936, ""target_weight"": 0.0, ""post_trade_weight"": 0.0, ""diff_weight"": -0.1749153478970936, ""gross_amount"": 0.4638991137755237, ""gross_amount_pct_nav"": 0.1749153478970936, ""fee"": 0.00013916973413265709, ""fee_pct_nav"": 5.247460436912807e-05, ""name"": ""中国宏桥""}, {""ts_code"": ""01787.HK"", ""side"": ""buy"", ""current_weight"": 0.0, ""target_weight"": 0.1548339776008751, ""post_trade_weight"": 0.15487914055505786, ""diff_weight"": 0.1548339776008751, ""gross_amount"": 0.4106406090427399, ""gross_amount_pct_nav"": 0.1548339776008751, ""fee"": 0.00012319218271282197, ""fee_pct_nav"": 4.645019328026254e-05, ""name"": ""山东黄金""}, {""ts_code"": ""02600.HK"", ""side"": ""buy"", ""current_weight"": 0.16017959071239082, ""target_weight"": 0.17183886531426606, ""post_trade_weight"": 0.17188898836168273, ""diff_weight"": 0.011659274601875224, ""gross_amount"": 0.03092197008496622, ""gross_amount_pct_nav"": 0.011659274601875224, ""fee"": 9.276591025489866e-06, ""fee_pct_nav"": 3.497782380562567e-06, ""name"": ""中国铝业""}, {""ts_code"": ""06618.HK"", ""side"": ""buy"", ""current_weight"": 0.0, ""target_weight"": 0.15438648055578588, ""post_trade_weight"": 0.15443151298119928, ""diff_weight"": 0.15438648055578588, ""gross_amount"": 0.4094537864732522, ""gross_amount_pct_nav"": 0.15438648055578588, ""fee"": 0.00012283613594197564, ""fee_pct_nav"": 4.6315944166735754e-05, ""name"": ""京东健康""}]"
2026-01-19,0.65586670,1.31173340,1.76495717,1.75598715,0.00105628,0.00052949,0.00052680,0.00000000,rebalance,"[{""ts_code"": ""00005.HK"", ""side"": ""buy"", ""current_weight"": 0.0, ""target_weight"": 0.16893442845614673, ""post_trade_weight"": 0.16900093370681582, ""diff_weight"": 0.16893442845614673, ""gross_amount"": 0.45345244416857694, ""gross_amount_pct_nav"": 0.16893442845614673, ""fee"": 0.00013603573325057306, ""fee_pct_nav"": 5.068032853684401e-05, ""name"": ""汇丰控股""}, {""ts_code"": ""00358.HK"", ""side"": ""buy"", ""current_weight"": 0.0, ""target_weight"": 0.16333439215373308, ""post_trade_weight"": 0.1633986928104573, ""diff_weight"": 0.16333439215373308, ""gross_amount"": 0.43842087143370706, ""gross_amount_pct_nav"": 0.16333439215373308, ""fee"": 0.0001315262614301121, ""fee_pct_nav"": 4.900031764611991e-05, ""name"": ""江西铜业股份""}, {""ts_code"": ""00981.HK"", ""side"": ""buy"", ""current_weight"": 0.0, ""target_weight"": 0.16706774968867555, ""post_trade_weight"": 0.16713352007469634, ""diff_weight"": 0.16706774968867555, ""gross_amount"": 0.44844191992362037, ""gross_amount_pct_nav"": 0.16706774968867555, ""fee"": 0.0001345325759770861, ""fee_pct_nav"": 5.0120324906602654e-05, ""name"": ""中芯国际""}, {""ts_code"": ""01347.HK"", ""side"": ""sell"", ""current_weight"": 0.1803692967767025, ""target_weight"": 0.16566774061307213, ""post_trade_weight"": 0.1657329598506067, ""diff_weight"": -0.014701556163630359, ""gross_amount"": 0.03946179968407282, ""gross_amount_pct_nav"": 0.014701556163630359, ""fee"": 1.1838539905221844e-05, ""fee_pct_nav"": 4.410466849089108e-06, ""name"": ""华虹半导体""}, {""ts_code"": ""01787.HK"", ""side"": ""sell"", ""current_weight"": 0.15742558953270927, ""target_weight"": 0.0, ""post_trade_weight"": 0.0, ""diff_weight"": -0.15742558953270927, ""gross_amount"": 0.42256051061146965, ""gross_amount_pct_nav"": 0.15742558953270927, ""fee"": 0.0001267681531834409, ""fee_pct_nav"": 4.722767685981278e-05, ""name"": ""山东黄金""}, {""ts_code"": ""02600.HK"", ""side"": ""sell"", ""current_weight"": 0.1646680443881762, ""target_weight"": 0.0, ""post_trade_weight"": 0.0, ""diff_weight"": -0.1646680443881762, ""gross_amount"": 0.442000650114144, ""gross_amount_pct_nav"": 0.1646680443881762, ""fee"": 0.0001326001950342432, ""fee_pct_nav"": 4.9400413316452855e-05, ""name"": ""中国铝业""}, {""ts_code"": ""02899.HK"", ""side"": ""sell"", ""current_weight"": 0.16701925799486192, ""target_weight"": 0.0, ""post_trade_weight"": 0.0, ""diff_weight"": -0.16701925799486192, ""gross_amount"": 0.4483117589062209, ""gross_amount_pct_nav"": 0.16701925799486192, ""fee"": 0.00013449352767186626, ""fee_pct_nav"": 5.010577739845858e-05, ""name"": ""紫金矿业""}, {""ts_code"": ""03692.HK"", ""side"": ""buy"", ""current_weight"": 0.0, ""target_weight"": 0.15820102554318718, ""post_trade_weight"": 0.15826330532212865, ""diff_weight"": 0.15820102554318718, ""gross_amount"": 0.4246419297600763, ""gross_amount_pct_nav"": 0.15820102554318718, ""fee"": 0.0001273925789280229, ""fee_pct_nav"": 4.7460307662956157e-05, ""name"": ""翰森制药""}, {""ts_code"": ""06618.HK"", ""side"": ""sell"", ""current_weight"": 0.1503813532533195, ""target_weight"": 0.0, ""post_trade_weight"": 0.0, ""diff_weight"": -0.1503813532533195, ""gross_amount"": 0.40365242782821725, ""gross_amount_pct_nav"": 0.1503813532533195, ""fee"": 0.00012109572834846516, ""fee_pct_nav"": 4.5114405975995845e-05, ""name"": ""京东健康""}]"
2026-01-26,0.65413157,1.30826313,1.79720783,1.79518896,0.00107772,0.00053916,0.00053856,0.00000000,rebalance,"[{""ts_code"": ""00358.HK"", ""side"": ""sell"", ""current_weight"": 0.16314216379214372, ""target_weight"": 0.0, ""post_trade_weight"": 0.0, ""diff_weight"": -0.16314216379214372, ""gross_amount"": 0.44797668816068414, ""gross_amount_pct_nav"": 0.16314216379214372, ""fee"": 0.00013439300644820524, ""fee_pct_nav"": 4.894264913764312e-05, ""name"": ""江西铜业股份""}, {""ts_code"": ""00981.HK"", ""side"": ""sell"", ""current_weight"": 0.16023624171232856, ""target_weight"": 0.0, ""post_trade_weight"": 0.0, ""diff_weight"": -0.16023624171232856, ""gross_amount"": 0.43999723441856514, ""gross_amount_pct_nav"": 0.16023624171232856, ""fee"": 0.00013199917032556953, ""fee_pct_nav"": 4.8070872513698565e-05, ""name"": ""中芯国际""}, {""ts_code"": ""01208.HK"", ""side"": ""buy"", ""current_weight"": 0.0, ""target_weight"": 0.16579680515883036, ""post_trade_weight"": 0.16586190246257795, ""diff_weight"": 0.16579680515883036, ""gross_amount"": 0.45526614307571023, ""gross_amount_pct_nav"": 0.16579680515883036, ""fee"": 0.00013657984292271306, ""fee_pct_nav"": 4.973904154764911e-05, ""name"": ""五矿资源""}, {""ts_code"": ""01772.HK"", ""side"": ""buy"", ""current_weight"": 0.0, ""target_weight"": 0.17351950932925625, ""post_trade_weight"": 0.1735876388218247, ""diff_weight"": 0.17351950932925625, ""gross_amount"": 0.4764721351840403, ""gross_amount_pct_nav"": 0.17351950932925625, ""fee"": 0.0001429416405552121, ""fee_pct_nav"": 5.205585279877688e-05, ""name"": ""赣锋锂业""}, {""ts_code"": ""02099.HK"", ""side"": ""buy"", ""current_weight"": 0.0, ""target_weight"": 0.15952210802035935, ""post_trade_weight"": 0.15958474167069, ""diff_weight"": 0.15952210802035935, ""gross_amount"": 0.4380362744876921, ""gross_amount_pct_nav"": 0.15952210802035935, ""fee"": 0.00013141088234630763, ""fee_pct_nav"": 4.785663240610781e-05, ""name"": ""中国黄金国际""}, {""ts_code"": ""03692.HK"", ""side"": ""sell"", ""current_weight"": 0.15074813977024198, ""target_weight"": 0.0, ""post_trade_weight"": 0.0, ""diff_weight"": -0.15074813977024198, ""gross_amount"": 0.4139435865684465, ""gross_amount_pct_nav"": 0.15074813977024198, ""fee"": 0.00012418307597053394, ""fee_pct_nav"": 4.5224441931072594e-05, ""name"": ""翰森制药""}, {""ts_code"": ""03993.HK"", ""side"": ""sell"", ""current_weight"": 0.17963741127708346, ""target_weight"": 0.0, ""post_trade_weight"": 0.0, ""diff_weight"": -0.17963741127708346, ""gross_amount"": 0.4932714554172283, ""gross_amount_pct_nav"": 0.17963741127708346, ""fee"": 0.00014798143662516847, ""fee_pct_nav"": 5.389122338312503e-05, ""name"": ""洛阳钼业""}, {""ts_code"": ""09988.HK"", ""side"": ""buy"", ""current_weight"": 0.0, ""target_weight"": 0.15566075593514644, ""post_trade_weight"": 0.15572187349106667, ""diff_weight"": 0.15566075593514644, ""gross_amount"": 0.42743327843352713, ""gross_amount_pct_nav"": 0.15566075593514644, ""fee"": 0.00012822998353005812, ""fee_pct_nav"": 4.669822678054392e-05, ""name"": ""阿里巴巴-W""}]"
2026-02-02,1.00010915,2.00021831,2.50270630,2.50625837,0.00150269,0.00075081,0.00075188,0.00000000,rebalance,"[{""ts_code"": ""00005.HK"", ""side"": ""sell"", ""current_weight"": 0.19205474913518011, ""target_weight"": 0.0, ""post_trade_weight"": 0.0, ""diff_weight"": -0.19205474913518011, ""gross_amount"": 0.48094523015360086, ""gross_amount_pct_nav"": 0.19205474913518011, ""fee"": 0.00014428356904608024, ""fee_pct_nav"": 5.7616424740554026e-05, ""name"": ""汇丰控股""}, {""ts_code"": ""01208.HK"", ""side"": ""sell"", ""current_weight"": 0.15907533122107087, ""target_weight"": 0.0, ""post_trade_weight"": 0.0, ""diff_weight"": -0.15907533122107087, ""gross_amount"": 0.3983578751912464, ""gross_amount_pct_nav"": 0.15907533122107087, ""fee"": 0.0001195073625573739, ""fee_pct_nav"": 4.772259936632125e-05, ""name"": ""五矿资源""}, {""ts_code"": ""01209.HK"", ""side"": ""buy"", ""current_weight"": 0.0, ""target_weight"": 0.16697742432284587, ""post_trade_weight"": 0.16707768187422667, ""diff_weight"": 0.16697742432284587, ""gross_amount"": 0.4181463678093245, ""gross_amount_pct_nav"": 0.16697742432284587, ""fee"": 0.00012544391034279733, ""fee_pct_nav"": 5.009322729685375e-05, ""name"": ""华润万象生活""}, {""ts_code"": ""01347.HK"", ""side"": ""sell"", ""current_weight"": 0.17895924406975736, ""target_weight"": 0.0, ""post_trade_weight"": 0.0, ""diff_weight"": -0.17895924406975736, ""gross_amount"": 0.44815134858582817, ""gross_amount_pct_nav"": 0.17895924406975736, ""fee"": 0.00013444540457574844, ""fee_pct_nav"": 5.36877732209272e-05, ""name"": ""华虹半导体""}, {""ts_code"": ""01378.HK"", ""side"": ""buy"", ""current_weight"": 0.0, ""target_weight"": 0.15613313403472007, ""post_trade_weight"": 0.15622688039457208, ""diff_weight"": 0.15613313403472007, ""gross_amount"": 0.39098999853462296, ""gross_amount_pct_nav"": 0.15613313403472007, ""fee"": 0.00011729699956038688, ""fee_pct_nav"": 4.6839940210416016e-05, ""name"": ""中国宏桥""}, {""ts_code"": ""01772.HK"", ""side"": ""sell"", ""current_weight"": 0.16163920213144986, ""target_weight"": 0.0, ""post_trade_weight"": 0.0, ""diff_weight"": -0.16163920213144986, ""gross_amount"": 0.40477834378485783, ""gross_amount_pct_nav"": 0.16163920213144986, ""fee"": 0.00012143350313545734, ""fee_pct_nav"": 4.8491760639434956e-05, ""name"": ""赣锋锂业""}, {""ts_code"": ""02099.HK"", ""side"": ""sell"", ""current_weight"": 0.1403669957877652, ""target_weight"": 0.0, ""post_trade_weight"": 0.0, ""diff_weight"": -0.1403669957877652, ""gross_amount"": 0.3515082933335813, ""gross_amount_pct_nav"": 0.1403669957877652, ""fee"": 0.00010545248800007438, ""fee_pct_nav"": 4.211009873632956e-05, ""name"": ""中国黄金国际""}, {""ts_code"": ""02388.HK"", ""side"": ""buy"", ""current_weight"": 0.0, ""target_weight"": 0.19458107232898417, ""post_trade_weight"": 0.19469790382243826, ""diff_weight"": 0.19458107232898417, ""gross_amount"": 0.4872716714176555, ""gross_amount_pct_nav"": 0.19458107232898417, ""fee"": 0.00014618150142529663, ""fee_pct_nav"": 5.8374321698695244e-05, ""name"": ""中银香港""}, {""ts_code"": ""02899.HK"", ""side"": ""buy"", ""current_weight"": 0.0, ""target_weight"": 0.14873929974736155, ""post_trade_weight"": 0.14882860665844394, ""diff_weight"": 0.14873929974736155, ""gross_amount"": 0.3724742922109628, ""gross_amount_pct_nav"": 0.14873929974736155, ""fee"": 0.00011174228766328882, ""fee_pct_nav"": 4.462178992420846e-05, ""name"": ""紫金矿业""}, {""ts_code"": ""03993.HK"", ""side"": ""buy"", ""current_weight"": 0.0, ""target_weight"": 0.16451281289372635, ""post_trade_weight"": 0.1646115906288506, ""diff_weight"": 0.16451281289372635, ""gross_amount"": 0.41197446570143775, ""gross_amount_pct_nav"": 0.16451281289372635, ""fee"": 0.0001235923397104313, ""fee_pct_nav"": 4.93538438681179e-05, ""name"": ""洛阳钼业""}, {""ts_code"": ""06869.HK"", ""side"": ""buy"", ""current_weight"": 0.0, ""target_weight"": 0.16845619118031754, ""post_trade_weight"": 0.16855733662145228, ""diff_weight"": 0.16845619118031754, ""gross_amount"": 0.4218495090740565, ""gross_amount_pct_nav"": 0.16845619118031754, ""fee"": 0.00012655485272221694, ""fee_pct_nav"": 5.053685735409526e-05, ""name"": ""长飞光纤光缆""}, {""ts_code"": ""09988.HK"", ""side"": ""sell"", ""current_weight"": 0.16872284990782083, ""target_weight"": 0.0, ""post_trade_weight"": 0.0, ""diff_weight"": -0.16872284990782083, ""gross_amount"": 0.4225172782578389, ""gross_amount_pct_nav"": 0.16872284990782083, ""fee"": 0.00012675518347735165, ""fee_pct_nav"": 5.061685497234624e-05, ""name"": ""阿里巴巴-W""}]"
2026-02-09,0.82884644,1.65769288,2.23444943,2.23579050,0.00134107,0.00067033,0.00067074,0.00000000,rebalance,"[{""ts_code"": ""00016.HK"", ""side"": ""buy"", ""current_weight"": 0.0, ""target_weight"": 0.1878366626302297, ""post_trade_weight"": 0.187930121757543, ""diff_weight"": 0.1878366626302297, ""gross_amount"": 0.5065322777882537, ""gross_amount_pct_nav"": 0.1878366626302297, ""fee"": 0.0001519596833364761, ""fee_pct_nav"": 5.63509987890689e-05, ""name"": ""新鸿基地产""}, {""ts_code"": ""00066.HK"", ""side"": ""buy"", ""current_weight"": 0.0, ""target_weight"": 0.16984667240648937, ""post_trade_weight"": 0.16993118051879239, ""diff_weight"": 0.16984667240648937, ""gross_amount"": 0.4580193272395195, ""gross_amount_pct_nav"": 0.16984667240648937, ""fee"": 0.00013740579817185584, ""fee_pct_nav"": 5.0954001721946804e-05, ""name"": ""港铁公司""}, {""ts_code"": ""00083.HK"", ""side"": ""buy"", ""current_weight"": 0.0, ""target_weight"": 0.1465655085875313, ""post_trade_weight"": 0.14663843303335042, ""diff_weight"": 0.1465655085875313, ""gross_amount"": 0.39523786182351056, ""gross_amount_pct_nav"": 0.1465655085875313, ""fee"": 0.00011857135854705316, ""fee_pct_nav"": 4.396965257625939e-05, ""name"": ""信和置业""}, {""ts_code"": ""00288.HK"", ""side"": ""buy"", ""current_weight"": 0.0, ""target_weight"": 0.16931755504696758, ""post_trade_weight"": 0.16940179989412324, ""diff_weight"": 0.16931755504696758, ""gross_amount"": 0.456592475752792, ""gross_amount_pct_nav"": 0.16931755504696758, ""fee"": 0.00013697774272583758, ""fee_pct_nav"": 5.079526651409027e-05, ""name"": ""万洲国际""}, {""ts_code"": ""00670.HK"", ""side"": ""buy"", ""current_weight"": 0.0, ""target_weight"": 0.15503138633987967, ""post_trade_weight"": 0.15510852302805658, ""diff_weight"": 0.15503138633987967, ""gross_amount"": 0.41806748561115015, ""gross_amount_pct_nav"": 0.15503138633987967, ""fee"": 0.00012542024568334504, ""fee_pct_nav"": 4.65094159019639e-05, ""name"": ""中国东方航空股份""}, {""ts_code"": ""01209.HK"", ""side"": ""sell"", ""current_weight"": 0.1651853488338939, ""target_weight"": 0.0, ""post_trade_weight"": 0.0, ""diff_weight"": -0.1651853488338939, ""gross_amount"": 0.4454493059578761, ""gross_amount_pct_nav"": 0.1651853488338939, ""fee"": 0.00013363479178736282, ""fee_pct_nav"": 4.9555604650168167e-05, ""name"": ""华润万象生活""}, {""ts_code"": ""01378.HK"", ""side"": ""sell"", ""current_weight"": 0.14682033449151527, ""target_weight"": 0.0, ""post_trade_weight"": 0.0, ""diff_weight"": -0.14682033449151527, ""gross_amount"": 0.39592504154538705, ""gross_amount_pct_nav"": 0.14682033449151527, ""fee"": 0.0001187775124636161, ""fee_pct_nav"": 4.404610034745458e-05, ""name"": ""中国宏桥""}, {""ts_code"": ""02388.HK"", ""side"": ""sell"", ""current_weight"": 0.19232311837656432, ""target_weight"": 0.17090490712553288, ""post_trade_weight"": 0.17098994176813062, ""diff_weight"": -0.02141821125103143, ""gross_amount"": 0.05775770916720363, ""gross_amount_pct_nav"": 0.02141821125103143, ""fee"": 1.7327312750161088e-05, ""fee_pct_nav"": 6.425463375309428e-06, ""name"": ""中银香港""}, {""ts_code"": ""02899.HK"", ""side"": ""sell"", ""current_weight"": 0.14412952237919555, ""target_weight"": 0.0, ""post_trade_weight"": 0.0, ""diff_weight"": -0.14412952237919555, ""gross_amount"": 0.3886688266549177, ""gross_amount_pct_nav"": 0.14412952237919555, ""fee"": 0.0001166006479964753, ""fee_pct_nav"": 4.323885671375866e-05, ""name"": ""紫金矿业""}, {""ts_code"": ""03993.HK"", ""side"": ""sell"", ""current_weight"": 0.15794089495430136, ""target_weight"": 0.0, ""post_trade_weight"": 0.0, ""diff_weight"": -0.15794089495430136, ""gross_amount"": 0.4259134513830653, ""gross_amount_pct_nav"": 0.15794089495430136, ""fee"": 0.00012777403541491957, ""fee_pct_nav"": 4.73822684862904e-05, ""name"": ""洛阳钼业""}, {""ts_code"": ""06869.HK"", ""side"": ""sell"", ""current_weight"": 0.19360078096451458, ""target_weight"": 0.0, ""post_trade_weight"": 0.0, ""diff_weight"": -0.19360078096451458, ""gross_amount"": 0.5220761654852686, ""gross_amount_pct_nav"": 0.19360078096451458, ""fee"": 0.00015662284964558057, ""fee_pct_nav"": 5.8080234289354376e-05, ""name"": ""长飞光纤光缆""}]"
2026-02-16,0.48742547,0.97485094,1.32275653,1.32036863,0.00079294,0.00039683,0.00039611,0.00000000,rebalance,"[{""ts_code"": ""00066.HK"", ""side"": ""sell"", ""current_weight"": 0.16957662347274116, ""target_weight"": 0.0, ""post_trade_weight"": 0.0, ""diff_weight"": -0.16957662347274116, ""gross_amount"": 0.4597751516046216, ""gross_amount_pct_nav"": 0.16957662347274116, ""fee"": 0.00013793254548138647, ""fee_pct_nav"": 5.087298704182234e-05, ""name"": ""港铁公司""}, {""ts_code"": ""00083.HK"", ""side"": ""buy"", ""current_weight"": 0.14670585570038802, ""target_weight"": 0.15953731450578254, ""post_trade_weight"": 0.15958398568552867, ""diff_weight"": 0.012831458805394505, ""gross_amount"": 0.034790089557992954, ""gross_amount_pct_nav"": 0.012831458805394505, ""fee"": 1.0437026867397886e-05, ""fee_pct_nav"": 3.849437641618351e-06, ""name"": ""信和置业""}, {""ts_code"": ""00670.HK"", ""side"": ""sell"", ""current_weight"": 0.1458457173735591, ""target_weight"": 0.0, ""post_trade_weight"": 0.0, ""diff_weight"": -0.1458457173735591, ""gross_amount"": 0.39543325868315793, ""gross_amount_pct_nav"": 0.1458457173735591, ""fee"": 0.00011862997760494737, ""fee_pct_nav"": 4.3753715212067724e-05, ""name"": ""中国东方航空股份""}, {""ts_code"": ""01880.HK"", ""side"": ""buy"", ""current_weight"": 0.0, ""target_weight"": 0.16848124243883267, ""post_trade_weight"": 0.16853053008275518, ""diff_weight"": 0.16848124243883267, ""gross_amount"": 0.45680523175000753, ""gross_amount_pct_nav"": 0.16848124243883267, ""fee"": 0.00013704156952500224, ""fee_pct_nav"": 5.054437273164979e-05, ""name"": ""中国中免""}, {""ts_code"": ""02388.HK"", ""side"": ""sell"", ""current_weight"": 0.17156277238608594, ""target_weight"": 0.0, ""post_trade_weight"": 0.0, ""diff_weight"": -0.17156277238608594, ""gross_amount"": 0.4651602211916997, ""gross_amount_pct_nav"": 0.17156277238608594, ""fee"": 0.0001395480663575099, ""fee_pct_nav"": 5.146883171582578e-05, ""name"": ""中银香港""}, {""ts_code"": ""02899.HK"", ""side"": ""buy"", ""current_weight"": 0.0, ""target_weight"": 0.1537237613492999, ""post_trade_weight"": 0.1537687318273314, ""diff_weight"": 0.1537237613492999, ""gross_amount"": 0.4167930946624157, ""gross_amount_pct_nav"": 0.1537237613492999, ""fee"": 0.0001250379283987247, ""fee_pct_nav"": 4.611712840478997e-05, ""name"": ""紫金矿业""}, {""ts_code"": ""03993.HK"", ""side"": ""buy"", ""current_weight"": 0.0, ""target_weight"": 0.15282936855599488, ""post_trade_weight"": 0.15287407738760872, ""diff_weight"": 0.15282936855599488, ""gross_amount"": 0.4143681166571071, ""gross_amount_pct_nav"": 0.15282936855599488, ""fee"": 0.00012431043499713213, ""fee_pct_nav"": 4.584881056679846e-05, ""name"": ""洛阳钼业""}]"
2026-02-23,0.64551817,1.29103634,1.75900069,1.73731008,0.00104889,0.00052770,0.00052119,0.00000000,rebalance,"[{""ts_code"": ""00016.HK"", ""side"": ""sell"", ""current_weight"": 0.1991305278684208, ""target_weight"": 0.1836308042784223, ""post_trade_weight"": 0.18370195404767004, ""diff_weight"": -0.015499723589998508, ""gross_amount"": 0.04197546504496219, ""gross_amount_pct_nav"": 0.015499723589998508, ""fee"": 1.2592639513488656e-05, ""fee_pct_nav"": 4.649917076999552e-06, ""name"": ""新鸿基地产""}, {""ts_code"": ""00083.HK"", ""side"": ""sell"", ""current_weight"": 0.16391058886957405, ""target_weight"": 0.0, ""post_trade_weight"": 0.0, ""diff_weight"": -0.16391058886957405, ""gross_amount"": 0.4438932832346487, ""gross_amount_pct_nav"": 0.16391058886957405, ""fee"": 0.00013316798497039461, ""fee_pct_nav"": 4.9173176660872215e-05, ""name"": ""信和置业""}, {""ts_code"": ""00857.HK"", ""side"": ""buy"", ""current_weight"": 0.0, ""target_weight"": 0.15916100686434842, ""post_trade_weight"": 0.15922267554219435, ""diff_weight"": 0.15916100686434842, ""gross_amount"": 0.4310307368620686, ""gross_amount_pct_nav"": 0.15916100686434842, ""fee"": 0.00012930922105862058, ""fee_pct_nav"": 4.774830205930453e-05, ""name"": ""中国石油股份""}, {""ts_code"": ""01138.HK"", ""side"": ""buy"", ""current_weight"": 0.0, ""target_weight"": 0.1462821661200991, ""post_trade_weight"": 0.14633884474983883, ""diff_weight"": 0.1462821661200991, ""gross_amount"": 0.39615299685974353, ""gross_amount_pct_nav"": 0.1462821661200991, ""fee"": 0.00011884589905792304, ""fee_pct_nav"": 4.388464983602972e-05, ""name"": ""中远海能""}, {""ts_code"": ""01880.HK"", ""side"": ""sell"", ""current_weight"": 0.14533876387792938, ""target_weight"": 0.0, ""post_trade_weight"": 0.0, ""diff_weight"": -0.14533876387792938, ""gross_amount"": 0.3935981288577692, ""gross_amount_pct_nav"": 0.14533876387792938, ""fee"": 0.00011807943865733075, ""fee_pct_nav"": 4.360162916337881e-05, ""name"": ""中国中免""}, {""ts_code"": ""02338.HK"", ""side"": ""buy"", ""current_weight"": 0.0, ""target_weight"": 0.17762067859777256, ""post_trade_weight"": 0.17768949967790407, ""diff_weight"": 0.17762067859777256, ""gross_amount"": 0.4810221641987348, ""gross_amount_pct_nav"": 0.17762067859777256, ""fee"": 0.00014430664925962043, ""fee_pct_nav"": 5.328620357933176e-05, ""name"": ""潍柴动力""}, {""ts_code"": ""02388.HK"", ""side"": ""buy"", ""current_weight"": 0.0, ""target_weight"": 0.1664590166194231, ""post_trade_weight"": 0.1665235129911959, ""diff_weight"": 0.1664590166194231, ""gross_amount"": 0.450794789530053, ""gross_amount_pct_nav"": 0.1664590166194231, ""fee"": 0.00013523843685901588, ""fee_pct_nav"": 4.9937704985826925e-05, ""name"": ""中银香港""}, {""ts_code"": ""02899.HK"", ""side"": ""sell"", ""current_weight"": 0.15885460644153152, ""target_weight"": 0.0, ""post_trade_weight"": 0.0, ""diff_weight"": -0.15885460644153152, ""gross_amount"": 0.4302009607590927, ""gross_amount_pct_nav"": 0.15885460644153152, ""fee"": 0.0001290602882277278, ""fee_pct_nav"": 4.7656381932459454e-05, ""name"": ""紫金矿业""}, {""ts_code"": ""03993.HK"", ""side"": ""sell"", ""current_weight"": 0.15790978405416164, ""target_weight"": 0.0, ""post_trade_weight"": 0.0, ""diff_weight"": -0.15790978405416164, ""gross_amount"": 0.427642246801101, ""gross_amount_pct_nav"": 0.15790978405416164, ""fee"": 0.0001282926740403303, ""fee_pct_nav"": 4.7372935216248485e-05, ""name"": ""洛阳钼业""}]"
2026-03-02,0.66830586,1.33661171,1.86194070,1.86212591,0.00111722,0.00055858,0.00055864,0.00000000,rebalance,"[{""ts_code"": ""00005.HK"", ""side"": ""buy"", ""current_weight"": 0.0, ""target_weight"": 0.17789021984971728, ""post_trade_weight"": 0.1779615795090704, ""diff_weight"": 0.17789021984971728, ""gross_amount"": 0.4956376053626872, ""gross_amount_pct_nav"": 0.17789021984971728, ""fee"": 0.00014869128160880616, ""fee_pct_nav"": 5.336706595491519e-05, ""name"": ""汇丰控股""}, {""ts_code"": ""00012.HK"", ""side"": ""buy"", ""current_weight"": 0.0, ""target_weight"": 0.15442044571662114, ""post_trade_weight"": 0.15448239060832347, ""diff_weight"": 0.15442044571662114, ""gross_amount"": 0.43024613718889937, ""gross_amount_pct_nav"": 0.15442044571662114, ""fee"": 0.0001290738411566698, ""fee_pct_nav"": 4.632613371498634e-05, ""name"": ""恒基地产""}, {""ts_code"": ""00288.HK"", ""side"": ""sell"", ""current_weight"": 0.17023892420584177, ""target_weight"": 0.0, ""post_trade_weight"": 0.0, ""diff_weight"": -0.17023892420584177, ""gross_amount"": 0.4743195708239916, ""gross_amount_pct_nav"": 0.17023892420584177, ""fee"": 0.00014229587124719748, ""fee_pct_nav"": 5.107167726175253e-05, ""name"": ""万洲国际""}, {""ts_code"": ""00857.HK"", ""side"": ""sell"", ""current_weight"": 0.16052156062451084, ""target_weight"": 0.0, ""post_trade_weight"": 0.0, ""diff_weight"": -0.16052156062451084, ""gross_amount"": 0.44724505925186425, ""gross_amount_pct_nav"": 0.16052156062451084, ""fee"": 0.00013417351777555926, ""fee_pct_nav"": 4.8156468187353244e-05, ""name"": ""中国石油股份""}, {""ts_code"": ""01088.HK"", ""side"": ""buy"", ""current_weight"": 0.0, ""target_weight"": 0.15815427341961372, ""post_trade_weight"": 0.1582177161152605, ""diff_weight"": 0.15815427341961372, ""gross_amount"": 0.44064932530745654, ""gross_amount_pct_nav"": 0.15815427341961372, ""fee"": 0.00013219479759223694, ""fee_pct_nav"": 4.744628202588411e-05, ""name"": ""中国神华""}, {""ts_code"": ""01138.HK"", ""side"": ""sell"", ""current_weight"": 0.16059351326323232, ""target_weight"": 0.0, ""post_trade_weight"": 0.0, ""diff_weight"": -0.16059351326323232, ""gross_amount"": 0.44744553364323647, ""gross_amount_pct_nav"": 0.16059351326323232, ""fee"": 0.00013423366009297094, ""fee_pct_nav"": 4.8178053978969696e-05, ""name"": ""中远海能""}, {""ts_code"": ""02338.HK"", ""side"": ""sell"", ""current_weight"": 0.17698509412089608, ""target_weight"": 0.0, ""post_trade_weight"": 0.0, ""diff_weight"": -0.17698509412089608, ""gross_amount"": 0.4931157446939889, ""gross_amount_pct_nav"": 0.17698509412089608, ""fee"": 0.00014793472340819666, ""fee_pct_nav"": 5.3095528236268826e-05, ""name"": ""潍柴动力""}, {""ts_code"": ""02388.HK"", ""side"": ""buy"", ""current_weight"": 0.1561031982170944, ""target_weight"": 0.17255618027401362, ""post_trade_weight"": 0.1726254002134461, ""diff_weight"": 0.016452982056919224, ""gross_amount"": 0.045841287028909494, ""gross_amount_pct_nav"": 0.016452982056919224, ""fee"": 1.3752386108672847e-05, ""fee_pct_nav"": 4.935894617075766e-06, ""name"": ""中银香港""}, {""ts_code"": ""06869.HK"", ""side"": ""buy"", ""current_weight"": 0.0, ""target_weight"": 0.16135469716503592, ""post_trade_weight"": 0.16141942369263507, ""diff_weight"": 0.16135469716503592, ""gross_amount"": 0.4495663436947912, ""gross_amount_pct_nav"": 0.16135469716503592, ""fee"": 0.00013486990310843734, ""fee_pct_nav"": 4.8406409149510764e-05, ""name"": ""长飞光纤光缆""}]"
2026-03-09,0.68279364,1.36558728,1.77131102,1.80457470,0.00107277,0.00053139,0.00054137,0.00000000,rebalance,"[{""ts_code"": ""00005.HK"", ""side"": ""sell"", ""current_weight"": 0.17600006505554738, ""target_weight"": 0.0, ""post_trade_weight"": 0.0, ""diff_weight"": -0.17600006505554738, ""gross_amount"": 0.4608684676922912, ""gross_amount_pct_nav"": 0.17600006505554738, ""fee"": 0.00013826054030768734, ""fee_pct_nav"": 5.280001951666421e-05, ""name"": ""汇丰控股""}, {""ts_code"": ""00012.HK"", ""side"": ""sell"", ""current_weight"": 0.15044070152140393, ""target_weight"": 0.0, ""post_trade_weight"": 0.0, ""diff_weight"": -0.15044070152140393, ""gross_amount"": 0.393939488413487, ""gross_amount_pct_nav"": 0.15044070152140393, ""fee"": 0.00011818184652404609, ""fee_pct_nav"": 4.513221045642118e-05, ""name"": ""恒基地产""}, {""ts_code"": ""00016.HK"", ""side"": ""sell"", ""current_weight"": 0.18570703032522534, ""target_weight"": 0.1472364563029603, ""post_trade_weight"": 0.14729680029422557, ""diff_weight"": -0.03847057402226503, ""gross_amount"": 0.1007378860643513, ""gross_amount_pct_nav"": 0.03847057402226503, ""fee"": 3.0221365819305387e-05, ""fee_pct_nav"": 1.154117220667951e-05, ""name"": ""新鸿基地产""}, {""ts_code"": ""00857.HK"", ""side"": ""buy"", ""current_weight"": 0.0, ""target_weight"": 0.19796961727626503, ""post_trade_weight"": 0.19805075395365912, ""diff_weight"": 0.19796961727626503, ""gross_amount"": 0.5183972752222903, ""gross_amount_pct_nav"": 0.19796961727626503, ""fee"": 0.00015551918256668707, ""fee_pct_nav"": 5.9390885182879495e-05, ""name"": ""中国石油股份""}, {""ts_code"": ""01072.HK"", ""side"": ""buy"", ""current_weight"": 0.0, ""target_weight"": 0.15753014113812355, ""post_trade_weight"": 0.15759470393527003, ""diff_weight"": 0.15753014113812355, ""gross_amount"": 0.4125036813978669, ""gross_amount_pct_nav"": 0.15753014113812355, ""fee"": 0.00012375110441936006, ""fee_pct_nav"": 4.725904234143706e-05, ""name"": ""东方电气""}, {""ts_code"": ""01171.HK"", ""side"": ""buy"", ""current_weight"": 0.0, ""target_weight"": 0.16782382597328682, ""post_trade_weight"": 0.16789260757631452, ""diff_weight"": 0.16782382597328682, ""gross_amount"": 0.43945841437135647, ""gross_amount_pct_nav"": 0.16782382597328682, ""fee"": 0.00013183752431140692, ""fee_pct_nav"": 5.034714779198604e-05, ""name"": ""兖矿能源""}, {""ts_code"": ""01898.HK"", ""side"": ""buy"", ""current_weight"": 0.0, ""target_weight"": 0.15311856192305362, ""post_trade_weight"": 0.15318131666053672, ""diff_weight"": 0.15311856192305362, ""gross_amount"": 0.4009516529806572, ""gross_amount_pct_nav"": 0.15311856192305362, ""fee"": 0.00012028549589419716, ""fee_pct_nav"": 4.5935568576916085e-05, ""name"": ""中煤能源""}, {""ts_code"": ""02388.HK"", ""side"": ""sell"", ""current_weight"": 0.17716480009255545, ""target_weight"": 0.0, ""post_trade_weight"": 0.0, ""diff_weight"": -0.17716480009255545, ""gross_amount"": 0.4639184077681884, ""gross_amount_pct_nav"": 0.17716480009255545, ""fee"": 0.0001391755223304565, ""fee_pct_nav"": 5.3149440027766634e-05, ""name"": ""中银香港""}, {""ts_code"": ""06869.HK"", ""side"": ""sell"", ""current_weight"": 0.14706899764398199, ""target_weight"": 0.0, ""post_trade_weight"": 0.0, ""diff_weight"": -0.14706899764398199, ""gross_amount"": 0.38511044622529705, ""gross_amount_pct_nav"": 0.14706899764398199, ""fee"": 0.00011553313386758911, ""fee_pct_nav"": 4.4120699293194596e-05, ""name"": ""长飞光纤光缆""}]"
2026-03-16,0.48531164,0.97062328,1.28670734,1.26136909,0.00076442,0.00038601,0.00037841,0.00000000,rebalance,"[{""ts_code"": ""00019.HK"", ""side"": ""buy"", ""current_weight"": 0.0, ""target_weight"": 0.1459388005544433, ""post_trade_weight"": 0.14598130841121476, ""diff_weight"": 0.1459388005544433, ""gross_amount"": 0.3831179678461464, ""gross_amount_pct_nav"": 0.1459388005544433, ""fee"": 0.0001149353903538439, ""fee_pct_nav"": 4.378164016633299e-05, ""name"": ""太古股份公司A""}, {""ts_code"": ""00883.HK"", ""side"": ""buy"", ""current_weight"": 0.0, ""target_weight"": 0.18704832183738515, ""post_trade_weight"": 0.18710280373831759, ""diff_weight"": 0.18704832183738515, ""gross_amount"": 0.4910385221690047, ""gross_amount_pct_nav"": 0.18704832183738515, ""fee"": 0.0001473115566507014, ""fee_pct_nav"": 5.611449655121554e-05, ""name"": ""中国海洋石油""}, {""ts_code"": ""01072.HK"", ""side"": ""sell"", ""current_weight"": 0.14227847445190495, ""target_weight"": 0.0, ""post_trade_weight"": 0.0, ""diff_weight"": -0.14227847445190495, ""gross_amount"": 0.3735088940924152, ""gross_amount_pct_nav"": 0.14227847445190495, ""fee"": 0.00011205266822772455, ""fee_pct_nav"": 4.2683542335571476e-05, ""name"": ""东方电气""}, {""ts_code"": ""01171.HK"", ""side"": ""sell"", ""current_weight"": 0.18149944143772656, ""target_weight"": 0.0, ""post_trade_weight"": 0.0, ""diff_weight"": -0.18149944143772656, ""gross_amount"": 0.4764716230684092, ""gross_amount_pct_nav"": 0.18149944143772656, ""fee"": 0.00014294148692052275, ""fee_pct_nav"": 5.444983243131797e-05, ""name"": ""兖矿能源""}, {""ts_code"": ""01898.HK"", ""side"": ""sell"", ""current_weight"": 0.15670775022677053, ""target_weight"": 0.0, ""post_trade_weight"": 0.0, ""diff_weight"": -0.15670775022677053, ""gross_amount"": 0.4113885723641017, ""gross_amount_pct_nav"": 0.15670775022677053, ""fee"": 0.0001234165717092305, ""fee_pct_nav"": 4.701232506803115e-05, ""name"": ""中煤能源""}, {""ts_code"": ""02208.HK"", ""side"": ""buy"", ""current_weight"": 0.0, ""target_weight"": 0.1571504881770638, ""post_trade_weight"": 0.15719626168224282, ""diff_weight"": 0.1571504881770638, ""gross_amount"": 0.412550846297835, ""gross_amount_pct_nav"": 0.1571504881770638, ""fee"": 0.00012376525388935048, ""fee_pct_nav"": 4.714514645311913e-05, ""name"": ""金风科技""}]"
2026-03-23,0.16850159,0.33700318,0.43895307,0.43636439,0.00026260,0.00013169,0.00013091,0.00000000,rebalance,"[{""ts_code"": ""00883.HK"", ""side"": ""sell"", ""current_weight"": 0.1958601114002868, ""target_weight"": 0.18475941913134758, ""post_trade_weight"": 0.18477810037334752, ""diff_weight"": -0.011100692268939227, ""gross_amount"": 0.028832457725382066, ""gross_amount_pct_nav"": 0.011100692268939227, ""fee"": 8.649737317614618e-06, ""fee_pct_nav"": 3.3302076806817673e-06, ""name"": ""中国海洋石油""}, {""ts_code"": ""01088.HK"", ""side"": ""sell"", ""current_weight"": 0.1829635265710062, ""target_weight"": 0.17065881250852863, ""post_trade_weight"": 0.17067606802162175, ""diff_weight"": -0.012304714062477566, ""gross_amount"": 0.03195973182879708, ""gross_amount_pct_nav"": 0.012304714062477566, ""fee"": 9.587919548639122e-06, ""fee_pct_nav"": 3.6914142187432698e-06, ""name"": ""中国神华""}, {""ts_code"": ""01171.HK"", ""side"": ""buy"", ""current_weight"": 0.0, ""target_weight"": 0.16899991761172642, ""post_trade_weight"": 0.16901700539200698, ""diff_weight"": 0.16899991761172642, ""gross_amount"": 0.43895307266262806, ""gross_amount_pct_nav"": 0.16899991761172642, ""fee"": 0.0001316859217987884, ""fee_pct_nav"": 5.0699975283517924e-05, ""name"": ""兖矿能源""}, {""ts_code"": ""02208.HK"", ""side"": ""sell"", ""current_weight"": 0.1445978519784551, ""target_weight"": 0.0, ""post_trade_weight"": 0.0, ""diff_weight"": -0.1445978519784551, ""gross_amount"": 0.3755722033674803, ""gross_amount_pct_nav"": 0.1445978519784551, ""fee"": 0.00011267166101024409, ""fee_pct_nav"": 4.337935559353652e-05, ""name"": ""金风科技""}]"
2026-03-30,0.49872891,0.99745782,1.27440941,1.27415401,0.00076457,0.00038232,0.00038225,0.00000000,rebalance,"[{""ts_code"": ""00016.HK"", ""side"": ""sell"", ""current_weight"": 0.14119661931428293, ""target_weight"": 0.0, ""post_trade_weight"": 0.0, ""diff_weight"": -0.14119661931428293, ""gross_amount"": 0.36076567051251085, ""gross_amount_pct_nav"": 0.14119661931428293, ""fee"": 0.00010822970115375325, ""fee_pct_nav"": 4.2358985794284876e-05, ""name"": ""新鸿基地产""}, {""ts_code"": ""00019.HK"", ""side"": ""sell"", ""current_weight"": 0.14855165482312355, ""target_weight"": 0.0, ""post_trade_weight"": 0.0, ""diff_weight"": -0.14855165482312355, ""gross_amount"": 0.3795582190159848, ""gross_amount_pct_nav"": 0.14855165482312355, ""fee"": 0.00011386746570479543, ""fee_pct_nav"": 4.456549644693706e-05, ""name"": ""太古股份公司A""}, {""ts_code"": ""00288.HK"", ""side"": ""buy"", ""current_weight"": 0.0, ""target_weight"": 0.1834034803939299, ""post_trade_weight"": 0.18345837799214004, ""diff_weight"": 0.1834034803939299, ""gross_amount"": 0.46860668406917855, ""gross_amount_pct_nav"": 0.1834034803939299, ""fee"": 0.00014058200522075356, ""fee_pct_nav"": 5.5021044118178966e-05, ""name"": ""万洲国际""}, {""ts_code"": ""00857.HK"", ""side"": ""sell"", ""current_weight"": 0.21242487284559533, ""target_weight"": 0.2012616576474771, ""post_trade_weight"": 0.20132190067881384, ""diff_weight"": -0.011163215198118233, ""gross_amount"": 0.02852267168706346, ""gross_amount_pct_nav"": 0.011163215198118233, ""fee"": 8.556801506119037e-06, ""fee_pct_nav"": 3.3489645594354693e-06, ""name"": ""中国石油股份""}, {""ts_code"": ""00883.HK"", ""side"": ""sell"", ""current_weight"": 0.17796528157490665, ""target_weight"": 0.150544434247403, ""post_trade_weight"": 0.1505894962486602, ""diff_weight"": -0.027420847327503686, ""gross_amount"": 0.07006187839461514, ""gross_amount_pct_nav"": 0.027420847327503686, ""fee"": 2.101856351838454e-05, ""fee_pct_nav"": 8.226254198251106e-06, ""name"": ""中国海洋石油""}, {""ts_code"": ""01088.HK"", ""side"": ""sell"", ""current_weight"": 0.17034659406849037, ""target_weight"": 0.0, ""post_trade_weight"": 0.0, ""diff_weight"": -0.17034659406849037, ""gross_amount"": 0.4352455712261154, ""gross_amount_pct_nav"": 0.17034659406849037, ""fee"": 0.0001305736713678346, ""fee_pct_nav"": 5.11039782205471e-05, ""name"": ""中国神华""}, {""ts_code"": ""01772.HK"", ""side"": ""buy"", ""current_weight"": 0.0, ""target_weight"": 0.16483097605024075, ""post_trade_weight"": 0.16488031439799924, ""diff_weight"": 0.16483097605024075, ""gross_amount"": 0.4211528426444515, ""gross_amount_pct_nav"": 0.16483097605024075, ""fee"": 0.00012634585279333544, ""fee_pct_nav"": 4.9449292815072225e-05, ""name"": ""赣锋锂业""}, {""ts_code"": ""03698.HK"", ""side"": ""buy"", ""current_weight"": 0.0, ""target_weight"": 0.150544434247403, ""post_trade_weight"": 0.1505894962486602, ""diff_weight"": 0.150544434247403, ""gross_amount"": 0.38464988770235387, ""gross_amount_pct_nav"": 0.150544434247403, ""fee"": 0.00011539496631070615, ""fee_pct_nav"": 4.516333027422089e-05, ""name"": ""徽商银行""}]"
2026-04-08,0.50198925,1.00397851,1.25072450,1.26308104,0.00075414,0.00037522,0.00037892,0.00000000,rebalance,"[{""ts_code"": ""00175.HK"", ""side"": ""buy"", ""current_weight"": 0.0, ""target_weight"": 0.1689101064318466, ""post_trade_weight"": 0.1689609963946247, ""diff_weight"": 0.1689101064318466, ""gross_amount"": 0.4229245529052483, ""gross_amount_pct_nav"": 0.1689101064318466, ""fee"": 0.00012687736587157448, ""fee_pct_nav"": 5.067303192955397e-05, ""name"": ""吉利汽车""}, {""ts_code"": ""00288.HK"", ""side"": ""sell"", ""current_weight"": 0.1917420358957418, ""target_weight"": 0.17480803449348237, ""post_trade_weight"": 0.174860701409374, ""diff_weight"": -0.016934001402259403, ""gross_amount"": 0.042400097443767326, ""gross_amount_pct_nav"": 0.016934001402259403, ""fee"": 1.2720029233130197e-05, ""fee_pct_nav"": 5.080200420677821e-06, ""name"": ""万洲国际""}, {""ts_code"": ""00857.HK"", ""side"": ""sell"", ""current_weight"": 0.19468541420376784, ""target_weight"": 0.16759945575148308, ""post_trade_weight"": 0.16764995083579154, ""diff_weight"": -0.027085958452284745, ""gross_amount"": 0.06781901397394924, ""gross_amount_pct_nav"": 0.027085958452284745, ""fee"": 2.034570419218477e-05, ""fee_pct_nav"": 8.125787535685424e-06, ""name"": ""中国石油股份""}, {""ts_code"": ""00883.HK"", ""side"": ""sell"", ""current_weight"": 0.13884609713192433, ""target_weight"": 0.0, ""post_trade_weight"": 0.0, ""diff_weight"": -0.13884609713192433, ""gross_amount"": 0.3476489642486327, ""gross_amount_pct_nav"": 0.13884609713192433, ""fee"": 0.0001042946892745898, ""fee_pct_nav"": 4.16538291395773e-05, ""name"": ""中国海洋石油""}, {""ts_code"": ""01171.HK"", ""side"": ""sell"", ""current_weight"": 0.1477476073551725, ""target_weight"": 0.0, ""post_trade_weight"": 0.0, ""diff_weight"": -0.1477476073551725, ""gross_amount"": 0.36993695702109436, ""gross_amount_pct_nav"": 0.1477476073551725, ""fee"": 0.0001109810871063283, ""fee_pct_nav"": 4.4324282206551745e-05, ""name"": ""兖矿能源""}, {""ts_code"": ""01398.HK"", ""side"": ""buy"", ""current_weight"": 0.0, ""target_weight"": 0.16235685303002906, ""post_trade_weight"": 0.16240576860045886, ""diff_weight"": 0.16235685303002906, ""gross_amount"": 0.40651622883520955, ""gross_amount_pct_nav"": 0.16235685303002906, ""fee"": 0.00012195486865056285, ""fee_pct_nav"": 4.870705590900871e-05, ""name"": ""工商银行""}, {""ts_code"": ""01772.HK"", ""side"": ""sell"", ""current_weight"": 0.17384310422872185, ""target_weight"": 0.0, ""post_trade_weight"": 0.0, ""diff_weight"": -0.17384310422872185, ""gross_amount"": 0.435276009735144, ""gross_amount_pct_nav"": 0.17384310422872185, ""fee"": 0.0001305828029205432, ""fee_pct_nav"": 5.215293126861655e-05, ""name"": ""赣锋锂业""}, {""ts_code"": ""03808.HK"", ""side"": ""buy"", ""current_weight"": 0.0, ""target_weight"": 0.16825478109166483, ""post_trade_weight"": 0.16830547361520812, ""diff_weight"": 0.16825478109166483, ""gross_amount"": 0.4212837204982444, ""gross_amount_pct_nav"": 0.16825478109166483, ""fee"": 0.0001263851161494733, ""fee_pct_nav"": 5.0476434327499444e-05, ""name"": ""中国重汽""}]"
2026-04-13,0.48764611,0.97529222,1.27163343,1.25739414,0.00075871,0.00038149,0.00037722,0.00000000,rebalance,"[{""ts_code"": ""00857.HK"", ""side"": ""sell"", ""current_weight"": 0.1681139571481341, ""target_weight"": 0.0, ""post_trade_weight"": 0.0, ""diff_weight"": -0.1681139571481341, ""gross_amount"": 0.43593584113266187, ""gross_amount_pct_nav"": 0.1681139571481341, ""fee"": 0.00013078075233979855, ""fee_pct_nav"": 5.043418714444022e-05, ""name"": ""中国石油股份""}, {""ts_code"": ""01308.HK"", ""side"": ""buy"", ""current_weight"": 0.0, ""target_weight"": 0.1556333014633533, ""post_trade_weight"": 0.15567885117493457, ""diff_weight"": 0.1556333014633533, ""gross_amount"": 0.403572287111755, ""gross_amount_pct_nav"": 0.1556333014633533, ""fee"": 0.0001210716861335265, ""fee_pct_nav"": 4.668999043900598e-05, ""name"": ""海丰国际""}, {""ts_code"": ""01398.HK"", ""side"": ""sell"", ""current_weight"": 0.15974377137635148, ""target_weight"": 0.0, ""post_trade_weight"": 0.0, ""diff_weight"": -0.15974377137635148, ""gross_amount"": 0.41423113536784856, ""gross_amount_pct_nav"": 0.15974377137635148, ""fee"": 0.00012426934061035455, ""fee_pct_nav"": 4.792313141290544e-05, ""name"": ""工商银行""}, {""ts_code"": ""01772.HK"", ""side"": ""buy"", ""current_weight"": 0.0, ""target_weight"": 0.15498075093310862, ""post_trade_weight"": 0.15502610966057428, ""diff_weight"": 0.15498075093310862, ""gross_amount"": 0.40188016012176864, ""gross_amount_pct_nav"": 0.15498075093310862, ""fee"": 0.00012056404803653058, ""fee_pct_nav"": 4.6494225279932586e-05, ""name"": ""赣锋锂业""}, {""ts_code"": ""02338.HK"", ""side"": ""buy"", ""current_weight"": 0.0, ""target_weight"": 0.17977767108240597, ""post_trade_weight"": 0.17983028720626612, ""diff_weight"": 0.17977767108240597, ""gross_amount"": 0.46618098574125155, ""gross_amount_pct_nav"": 0.17977767108240597, ""fee"": 0.00013985429572237545, ""fee_pct_nav"": 5.393330132472179e-05, ""name"": ""潍柴动力""}, {""ts_code"": ""03698.HK"", ""side"": ""sell"", ""current_weight"": 0.1570427652226249, ""target_weight"": 0.0, ""post_trade_weight"": 0.0, ""diff_weight"": -0.1570427652226249, ""gross_amount"": 0.407227163719666, ""gross_amount_pct_nav"": 0.1570427652226249, ""fee"": 0.00012216814911589978, ""fee_pct_nav"": 4.7112829566787455e-05, ""name"": ""徽商银行""}]"
2026-04-20,1.00529791,2.01059581,2.50147953,2.53102024,0.00150975,0.00075044,0.00075931,0.00000000,rebalance,"[{""ts_code"": ""00148.HK"", ""side"": ""buy"", ""current_weight"": 0.0, ""target_weight"": 0.15184205847810012, ""post_trade_weight"": 0.15193370165745607, ""diff_weight"": 0.15184205847810012, ""gross_amount"": 0.380059044775056, ""gross_amount_pct_nav"": 0.15184205847810012, ""fee"": 0.00011401771343251679, ""fee_pct_nav"": 4.555261754343003e-05, ""name"": ""建滔集团""}, {""ts_code"": ""00175.HK"", ""side"": ""sell"", ""current_weight"": 0.17095397150833871, ""target_weight"": 0.0, ""post_trade_weight"": 0.0, ""diff_weight"": -0.17095397150833871, ""gross_amount"": 0.42789595822907145, ""gross_amount_pct_nav"": 0.17095397150833871, ""fee"": 0.00012836878746872143, ""fee_pct_nav"": 5.1286191452501615e-05, ""name"": ""吉利汽车""}, {""ts_code"": ""00288.HK"", ""side"": ""sell"", ""current_weight"": 0.1772104518389336, ""target_weight"": 0.0, ""post_trade_weight"": 0.0, ""diff_weight"": -0.1772104518389336, ""gross_amount"": 0.4435558614333129, ""gross_amount_pct_nav"": 0.1772104518389336, ""fee"": 0.00013306675842999385, ""fee_pct_nav"": 5.316313555168007e-05, ""name"": ""万洲国际""}, {""ts_code"": ""00522.HK"", ""side"": ""buy"", ""current_weight"": 0.0, ""target_weight"": 0.16081454375180604, ""post_trade_weight"": 0.1609116022099421, ""diff_weight"": 0.16081454375180604, ""gross_amount"": 0.40251707923903657, ""gross_amount_pct_nav"": 0.16081454375180604, ""fee"": 0.00012075512377171096, ""fee_pct_nav"": 4.82443631255418e-05, ""name"": ""ASMPT""}, {""ts_code"": ""00857.HK"", ""side"": ""buy"", ""current_weight"": 0.0, ""target_weight"": 0.16633607315100968, ""post_trade_weight"": 0.16643646408839508, ""diff_weight"": 0.16633607315100968, ""gross_amount"": 0.41633740813994774, ""gross_amount_pct_nav"": 0.16633607315100968, ""fee"": 0.0001249012224419843, ""fee_pct_nav"": 4.9900821945302904e-05, ""name"": ""中国石油股份""}, {""ts_code"": ""01308.HK"", ""side"": ""sell"", ""current_weight"": 0.15830122182948986, ""target_weight"": 0.0, ""post_trade_weight"": 0.0, ""diff_weight"": -0.15830122182948986, ""gross_amount"": 0.3962262614077869, ""gross_amount_pct_nav"": 0.15830122182948986, ""fee"": 0.00011886787842233605, ""fee_pct_nav"": 4.7490366548846954e-05, ""name"": ""海丰国际""}, {""ts_code"": ""01398.HK"", ""side"": ""buy"", ""current_weight"": 0.0, ""target_weight"": 0.18013989664901878, ""post_trade_weight"": 0.18024861878452744, ""diff_weight"": 0.18013989664901878, ""gross_amount"": 0.45088823039222553, ""gross_amount_pct_nav"": 0.18013989664901878, ""fee"": 0.00013526646911766766, ""fee_pct_nav"": 5.4041968994705635e-05, ""name"": ""工商银行""}, {""ts_code"": ""01772.HK"", ""side"": ""sell"", ""current_weight"": 0.16216970523578336, ""target_weight"": 0.0, ""post_trade_weight"": 0.0, ""diff_weight"": -0.16216970523578336, ""gross_amount"": 0.4059090339074505, ""gross_amount_pct_nav"": 0.16216970523578336, ""fee"": 0.00012177271017223513, ""fee_pct_nav"": 4.8650911570735e-05, ""name"": ""赣锋锂业""}, {""ts_code"": ""01888.HK"", ""side"": ""buy"", ""current_weight"": 0.0, ""target_weight"": 0.1766889407745165, ""post_trade_weight"": 0.17679558011049434, ""diff_weight"": 0.1766889407745165, ""gross_amount"": 0.44225052482915606, ""gross_amount_pct_nav"": 0.1766889407745165, ""fee"": 0.00013267515744874682, ""fee_pct_nav"": 5.300668223235495e-05, ""name"": ""建滔积层板""}, {""ts_code"": ""02338.HK"", ""side"": ""sell"", ""current_weight"": 0.18043651430947108, ""target_weight"": 0.0, ""post_trade_weight"": 0.0, ""diff_weight"": -0.18043651430947108, ""gross_amount"": 0.45163066121689177, ""gross_amount_pct_nav"": 0.18043651430947108, ""fee"": 0.0001354891983650675, ""fee_pct_nav"": 5.413095429284132e-05, ""name"": ""潍柴动力""}, {""ts_code"": ""03698.HK"", ""side"": ""buy"", ""current_weight"": 0.0, ""target_weight"": 0.16357530845140786, ""post_trade_weight"": 0.1636740331491686, ""diff_weight"": 0.16357530845140786, ""gross_amount"": 0.4094272436894921, ""gross_amount_pct_nav"": 0.16357530845140786, ""fee"": 0.00012282817310684763, ""fee_pct_nav"": 4.907259253542235e-05, ""name"": ""徽商银行""}, {""ts_code"": ""03808.HK"", ""side"": ""sell"", ""current_weight"": 0.16212712777104551, ""target_weight"": 0.0, ""post_trade_weight"": 0.0, ""diff_weight"": -0.16212712777104551, ""gross_amount"": 0.4058024629695997, ""gross_amount_pct_nav"": 0.16212712777104551, ""fee"": 0.0001217407388908799, ""fee_pct_nav"": 4.863813833131365e-05, ""name"": ""中国重汽""}]"
2026-04-27,0.51451168,1.02902336,1.41816464,1.41599417,0.00085025,0.00042545,0.00042480,0.00000000,rebalance,"[{""ts_code"": ""00001.HK"", ""side"": ""buy"", ""current_weight"": 0.0, ""target_weight"": 0.15831299361149462, ""post_trade_weight"": 0.1583618810339456, ""diff_weight"": 0.15831299361149462, ""gross_amount"": 0.43602913526816894, ""gross_amount_pct_nav"": 0.15831299361149462, ""fee"": 0.00013080874058045067, ""fee_pct_nav"": 4.7493898083448375e-05, ""name"": ""长和""}, {""ts_code"": ""00148.HK"", ""side"": ""sell"", ""current_weight"": 0.15295595480666113, ""target_weight"": 0.0, ""post_trade_weight"": 0.0, ""diff_weight"": -0.15295595480666113, ""gross_amount"": 0.4212746609550765, ""gross_amount_pct_nav"": 0.15295595480666113, ""fee"": 0.00012638239828652293, ""fee_pct_nav"": 4.588678644199833e-05, ""name"": ""建滔集团""}, {""ts_code"": ""00522.HK"", ""side"": ""sell"", ""current_weight"": 0.17482625730981052, ""target_weight"": 0.0, ""post_trade_weight"": 0.0, ""diff_weight"": -0.17482625730981052, ""gross_amount"": 0.48151032999878984, ""gross_amount_pct_nav"": 0.17482625730981052, ""fee"": 0.00014445309899963695, ""fee_pct_nav"": 5.244787719294315e-05, ""name"": ""ASMPT""}, {""ts_code"": ""00857.HK"", ""side"": ""buy"", ""current_weight"": 0.16753693452245944, ""target_weight"": 0.19006899233002453, ""post_trade_weight"": 0.19012768607910285, ""diff_weight"": 0.0225320578075651, ""gross_amount"": 0.06205829008423014, ""gross_amount_pct_nav"": 0.0225320578075651, ""fee"": 1.861748702526904e-05, ""fee_pct_nav"": 6.759617342269529e-06, ""name"": ""中国石油股份""}, {""ts_code"": ""01088.HK"", ""side"": ""buy"", ""current_weight"": 0.0, ""target_weight"": 0.17325699300844988, ""post_trade_weight"": 0.17331049517284314, ""diff_weight"": 0.17325699300844988, ""gross_amount"": 0.4771882276828634, ""gross_amount_pct_nav"": 0.17325699300844988, ""fee"": 0.000143156468304859, ""fee_pct_nav"": 5.197709790253495e-05, ""name"": ""中国神华""}, {""ts_code"": ""01888.HK"", ""side"": ""sell"", ""current_weight"": 0.18799484661870502, ""target_weight"": 0.15395432712071597, ""post_trade_weight"": 0.15400186857676715, ""diff_weight"": -0.03404051949798906, ""gross_amount"": 0.09375514884906916, ""gross_amount_pct_nav"": 0.03404051949798906, ""fee"": 2.8126544654720747e-05, ""fee_pct_nav"": 1.0212155849396717e-05, ""name"": ""建滔积层板""}, {""ts_code"": ""02338.HK"", ""side"": ""buy"", ""current_weight"": 0.0, ""target_weight"": 0.16080366017765382, ""post_trade_weight"": 0.16085331672376185, ""diff_weight"": 0.16080366017765382, ""gross_amount"": 0.4428889840039514, ""gross_amount_pct_nav"": 0.16080366017765382, ""fee"": 0.0001328666952011854, ""fee_pct_nav"": 4.824109805329614e-05, ""name"": ""潍柴动力""}, {""ts_code"": ""03698.HK"", ""side"": ""sell"", ""current_weight"": 0.15229492326971336, ""target_weight"": 0.0, ""post_trade_weight"": 0.0, ""diff_weight"": -0.15229492326971336, ""gross_amount"": 0.4194540333308674, ""gross_amount_pct_nav"": 0.15229492326971336, ""fee"": 0.00012583620999926022, ""fee_pct_nav"": 4.568847698091401e-05, ""name"": ""徽商银行""}]"
