date,one_way_turnover,two_way_turnover,buy_amount,sell_amount,trading_cost,buy_cost,sell_commission,sell_stamp_duty,event_type,trade_details_json
2023-01-16,0.49985004,0.99970009,0.99970009,0.00000000,0.00029991,0.00029991,0.00000000,0.00000000,rebalance,"[{""ts_code"": ""00005.HK"", ""side"": ""buy"", ""current_weight"": 0.0, ""target_weight"": 0.09903580343979504, ""post_trade_weight"": 0.09906551418082699, ""diff_weight"": 0.09903580343979504, ""gross_amount"": 0.09903580343979504, ""gross_amount_pct_nav"": 0.09903580343979504, ""fee"": 2.9710741031938508e-05, ""fee_pct_nav"": 2.9710741031938508e-05, ""name"": ""汇丰控股""}, {""ts_code"": ""00016.HK"", ""side"": ""buy"", ""current_weight"": 0.0, ""target_weight"": 0.02527412838644854, ""post_trade_weight"": 0.025281710624964475, ""diff_weight"": 0.02527412838644854, ""gross_amount"": 0.02527412838644854, ""gross_amount_pct_nav"": 0.02527412838644854, ""fee"": 7.582238515934561e-06, ""fee_pct_nav"": 7.582238515934561e-06, ""name"": ""新鸿基地产""}, {""ts_code"": ""00386.HK"", ""side"": ""buy"", ""current_weight"": 0.0, ""target_weight"": 0.0472258192856505, ""post_trade_weight"": 0.0472399870314362, ""diff_weight"": 0.0472258192856505, ""gross_amount"": 0.0472258192856505, ""gross_amount_pct_nav"": 0.0472258192856505, ""fee"": 1.4167745785695148e-05, ""fee_pct_nav"": 1.4167745785695148e-05, ""name"": ""中国石油化工股份""}, {""ts_code"": ""00728.HK"", ""side"": ""buy"", ""current_weight"": 0.0, ""target_weight"": 0.03974573224343386, ""post_trade_weight"": 0.039757655963106896, ""diff_weight"": 0.03974573224343386, ""gross_amount"": 0.03974573224343386, ""gross_amount_pct_nav"": 0.03974573224343386, ""fee"": 1.1923719673030158e-05, ""fee_pct_nav"": 1.1923719673030158e-05, ""name"": ""中国电信""}, {""ts_code"": ""00857.HK"", ""side"": ""buy"", ""current_weight"": 0.0, ""target_weight"": 0.07763117583564683, ""post_trade_weight"": 0.07765446518839753, ""diff_weight"": 0.07763117583564683, ""gross_amount"": 0.07763117583564683, ""gross_amount_pct_nav"": 0.07763117583564683, ""fee"": 2.3289352750694045e-05, ""fee_pct_nav"": 2.3289352750694045e-05, ""name"": ""中国石油股份""}, {""ts_code"": ""00883.HK"", ""side"": ""buy"", ""current_weight"": 0.0, ""target_weight"": 0.04934924423491697, ""post_trade_weight"": 0.049364049008187444, ""diff_weight"": 0.04934924423491697, ""gross_amount"": 0.04934924423491697, ""gross_amount_pct_nav"": 0.04934924423491697, ""fee"": 1.480477327047509e-05, ""fee_pct_nav"": 1.480477327047509e-05, ""name"": ""中国海洋石油""}, {""ts_code"": ""00939.HK"", ""side"": ""buy"", ""current_weight"": 0.0, ""target_weight"": 0.08952366948620333, ""post_trade_weight"": 0.08955052658704919, ""diff_weight"": 0.08952366948620333, ""gross_amount"": 0.08952366948620333, ""gross_amount_pct_nav"": 0.08952366948620333, ""fee"": 2.6857100845860997e-05, ""fee_pct_nav"": 2.6857100845860997e-05, ""name"": ""建设银行""}, {""ts_code"": ""00941.HK"", ""side"": ""buy"", ""current_weight"": 0.0, ""target_weight"": 0.1185001656338439, ""post_trade_weight"": 0.11853571568353405, ""diff_weight"": 0.1185001656338439, ""gross_amount"": 0.1185001656338439, ""gross_amount_pct_nav"": 0.1185001656338439, ""fee"": 3.5550049690153166e-05, ""fee_pct_nav"": 3.5550049690153166e-05, ""name"": ""中国移动""}, {""ts_code"": ""01088.HK"", ""side"": ""buy"", ""current_weight"": 0.0, ""target_weight"": 0.04784274685794919, ""post_trade_weight"": 0.047857099682006576, ""diff_weight"": 0.04784274685794919, ""gross_amount"": 0.04784274685794919, ""gross_amount_pct_nav"": 0.04784274685794919, ""fee"": 1.4352824057384756e-05, ""fee_pct_nav"": 1.4352824057384756e-05, ""name"": ""中国神华""}, {""ts_code"": ""01288.HK"", ""side"": ""buy"", ""current_weight"": 0.0, ""target_weight"": 0.08701538819231575, ""post_trade_weight"": 0.08704149280877345, ""diff_weight"": 0.08701538819231575, ""gross_amount"": 0.08701538819231575, ""gross_amount_pct_nav"": 0.08701538819231575, ""fee"": 2.6104616457694722e-05, ""fee_pct_nav"": 2.6104616457694722e-05, ""name"": ""农业银行""}, {""ts_code"": ""01299.HK"", ""side"": ""buy"", ""current_weight"": 0.0, ""target_weight"": 0.05177997724994884, ""post_trade_weight"": 0.05179551124312382, ""diff_weight"": 0.05177997724994884, ""gross_amount"": 0.05177997724994884, ""gross_amount_pct_nav"": 0.05177997724994884, ""fee"": 1.553399317498465e-05, ""fee_pct_nav"": 1.553399317498465e-05, ""name"": ""友邦保险""}, {""ts_code"": ""01398.HK"", ""side"": ""buy"", ""current_weight"": 0.0, ""target_weight"": 0.11909894063212209, ""post_trade_weight"": 0.11913467031431173, ""diff_weight"": 0.11909894063212209, ""gross_amount"": 0.11909894063212209, ""gross_amount_pct_nav"": 0.11909894063212209, ""fee"": 3.5729682189636625e-05, ""fee_pct_nav"": 3.5729682189636625e-05, ""name"": ""工商银行""}, {""ts_code"": ""02628.HK"", ""side"": ""buy"", ""current_weight"": 0.0, ""target_weight"": 0.06735613273113325, ""post_trade_weight"": 0.0673763395709526, ""diff_weight"": 0.06735613273113325, ""gross_amount"": 0.06735613273113325, ""gross_amount_pct_nav"": 0.06735613273113325, ""fee"": 2.0206839819339972e-05, ""fee_pct_nav"": 2.0206839819339972e-05, ""name"": ""中国人寿""}, {""ts_code"": ""03988.HK"", ""side"": ""buy"", ""current_weight"": 0.0, ""target_weight"": 0.08032116576359168, ""post_trade_weight"": 0.08034526211332076, ""diff_weight"": 0.08032116576359168, ""gross_amount"": 0.08032116576359168, ""gross_amount_pct_nav"": 0.08032116576359168, ""fee"": 2.40963497290775e-05, ""fee_pct_nav"": 2.40963497290775e-05, ""name"": ""中国银行""}]"
2023-01-30,0.00580532,0.01161065,0.01187799,0.00000000,0.00000356,0.00000356,0.00000000,0.00000000,rebalance,"[{""ts_code"": ""00939.HK"", ""side"": ""buy"", ""current_weight"": 0.08831897733631885, ""target_weight"": 0.09992962372355717, ""post_trade_weight"": 0.09992997179902699, ""diff_weight"": 0.011610646387238324, ""gross_amount"": 0.011877990796614876, ""gross_amount_pct_nav"": 0.011610646387238324, ""fee"": 3.5633972389844628e-06, ""fee_pct_nav"": 3.483193916171497e-06, ""name"": ""建设银行""}]"
2023-02-13,0.04969084,0.09938168,0.03942414,0.06002484,0.00002983,0.00001183,0.00001801,0.00000000,rebalance,"[{""ts_code"": ""00005.HK"", ""side"": ""buy"", ""current_weight"": 0.10088678596515396, ""target_weight"": 0.11761614491452384, ""post_trade_weight"": 0.11761965168616734, ""diff_weight"": 0.016729358949369867, ""gross_amount"": 0.01674068731832408, ""gross_amount_pct_nav"": 0.016729358949369867, ""fee"": 5.022206195497223e-06, ""fee_pct_nav"": 5.018807684810959e-06, ""name"": ""汇丰控股""}, {""ts_code"": ""00939.HK"", ""side"": ""sell"", ""current_weight"": 0.09841236169329735, ""target_weight"": 0.07668474696552467, ""post_trade_weight"": 0.0766870333514315, ""diff_weight"": -0.021727614727772685, ""gross_amount"": 0.021742327690587107, ""gross_amount_pct_nav"": 0.021727614727772685, ""fee"": 6.522698307176131e-06, ""fee_pct_nav"": 6.518284418331805e-06, ""name"": ""建设银行""}, {""ts_code"": ""00941.HK"", ""side"": ""buy"", ""current_weight"": 0.12251903834295308, ""target_weight"": 0.1342511051831669, ""post_trade_weight"": 0.13425510793269682, ""diff_weight"": 0.011732066840213823, ""gross_amount"": 0.01174001126786127, ""gross_amount_pct_nav"": 0.011732066840213823, ""fee"": 3.5220033803583804e-06, ""fee_pct_nav"": 3.5196200520641463e-06, ""name"": ""中国移动""}, {""ts_code"": ""01299.HK"", ""side"": ""buy"", ""current_weight"": 0.05062430789063833, ""target_weight"": 0.06156034253292271, ""post_trade_weight"": 0.06156217797875981, ""diff_weight"": 0.01093603464228438, ""gross_amount"": 0.01094344003275384, ""gross_amount_pct_nav"": 0.01093603464228438, ""fee"": 3.2830320098261516e-06, ""fee_pct_nav"": 3.280810392685313e-06, ""name"": ""友邦保险""}, {""ts_code"": ""01398.HK"", ""side"": ""sell"", ""current_weight"": 0.11280585064195633, ""target_weight"": 0.0886382251666602, ""post_trade_weight"": 0.08864086795022338, ""diff_weight"": -0.02416762547529614, ""gross_amount"": 0.024183990703572966, ""gross_amount_pct_nav"": 0.02416762547529614, ""fee"": 7.255197211071889e-06, ""fee_pct_nav"": 7.250287642588842e-06, ""name"": ""工商银行""}, {""ts_code"": ""02628.HK"", ""side"": ""sell"", ""current_weight"": 0.06215547787481242, ""target_weight"": 0.048066496587580214, ""post_trade_weight"": 0.048067929709090525, ""diff_weight"": -0.014088981287232204, ""gross_amount"": 0.014098521711267208, ""gross_amount_pct_nav"": 0.014088981287232204, ""fee"": 4.229556513380162e-06, ""fee_pct_nav"": 4.226694386169661e-06, ""name"": ""中国人寿""}]"
2023-02-27,0.00000000,0.00000000,0.00000000,0.00000000,0.00000000,0.00000000,0.00000000,0.00000000,rebalance,
2023-03-13,0.02891298,0.05782595,0.03132687,0.02958810,0.00001827,0.00000940,0.00000888,0.00000000,rebalance,"[{""ts_code"": ""00005.HK"", ""side"": ""sell"", ""current_weight"": 0.11554588409515913, ""target_weight"": 0.10181557720839834, ""post_trade_weight"": 0.1018173435138477, ""diff_weight"": -0.01373030688676078, ""gross_amount"": 0.014463769963716039, ""gross_amount_pct_nav"": 0.01373030688676078, ""fee"": 4.339130989114811e-06, ""fee_pct_nav"": 4.119092066028234e-06, ""name"": ""汇丰控股""}, {""ts_code"": ""00941.HK"", ""side"": ""sell"", ""current_weight"": 0.14509238195222426, ""target_weight"": 0.13073500934395313, ""post_trade_weight"": 0.13073727734621526, ""diff_weight"": -0.014357372608271121, ""gross_amount"": 0.015124333083161134, ""gross_amount_pct_nav"": 0.014357372608271121, ""fee"": 4.53729992494834e-06, ""fee_pct_nav"": 4.3072117824813356e-06, ""name"": ""中国移动""}, {""ts_code"": ""01299.HK"", ""side"": ""buy"", ""current_weight"": 0.05739589293563709, ""target_weight"": 0.06802587611949482, ""post_trade_weight"": 0.06802705623828392, ""diff_weight"": 0.010629983183857725, ""gross_amount"": 0.011197829207862678, ""gross_amount_pct_nav"": 0.010629983183857725, ""fee"": 3.359348762358803e-06, ""fee_pct_nav"": 3.188994955157317e-06, ""name"": ""友邦保险""}, {""ts_code"": ""01398.HK"", ""side"": ""buy"", ""current_weight"": 0.08688497445110925, ""target_weight"": 0.1059932638940024, ""post_trade_weight"": 0.10599510267432212, ""diff_weight"": 0.019108289442893153, ""gross_amount"": 0.0201290404636624, ""gross_amount_pct_nav"": 0.019108289442893153, ""fee"": 6.0387121390987195e-06, ""fee_pct_nav"": 5.732486832867946e-06, ""name"": ""工商银行""}]"
2023-03-27,0.02543131,0.05086261,0.01531279,0.03654408,0.00001556,0.00000459,0.00001096,0.00000000,rebalance,"[{""ts_code"": ""00005.HK"", ""side"": ""sell"", ""current_weight"": 0.09649796436442278, ""target_weight"": 0.07528804129120029, ""post_trade_weight"": 0.0752891901126272, ""diff_weight"": -0.021209923073222475, ""gross_amount"": 0.021624533571968474, ""gross_amount_pct_nav"": 0.021209923073222475, ""fee"": 6.487360071590542e-06, ""fee_pct_nav"": 6.362976921966743e-06, ""name"": ""汇丰控股""}, {""ts_code"": ""00939.HK"", ""side"": ""buy"", ""current_weight"": 0.07580300032837263, ""target_weight"": 0.09082219129574698, ""post_trade_weight"": 0.0908235771530174, ""diff_weight"": 0.015019190967374344, ""gross_amount"": 0.015312785349411787, ""gross_amount_pct_nav"": 0.015019190967374344, ""fee"": 4.593835604823535e-06, ""fee_pct_nav"": 4.505757290212303e-06, ""name"": ""建设银行""}, {""ts_code"": ""01299.HK"", ""side"": ""sell"", ""current_weight"": 0.06703746658478427, ""target_weight"": 0.05240397006195785, ""post_trade_weight"": 0.05240476969497565, ""diff_weight"": -0.014633496522826424, ""gross_amount"": 0.01491955136945558, ""gross_amount_pct_nav"": 0.014633496522826424, ""fee"": 4.475865410836674e-06, ""fee_pct_nav"": 4.390048956847927e-06, ""name"": ""友邦保险""}]"
2023-04-11,0.13308629,0.26617258,0.17078806,0.11335399,0.00008524,0.00005124,0.00003401,0.00000000,rebalance,"[{""ts_code"": ""00016.HK"", ""side"": ""sell"", ""current_weight"": 0.024603281240373125, ""target_weight"": 0.0, ""post_trade_weight"": 0.0, ""diff_weight"": -0.024603281240373125, ""gross_amount"": 0.026264263453063274, ""gross_amount_pct_nav"": 0.024603281240373125, ""fee"": 7.879279035918981e-06, ""fee_pct_nav"": 7.380984372111936e-06, ""name"": ""新鸿基地产""}, {""ts_code"": ""00700.HK"", ""side"": ""buy"", ""current_weight"": 0.0, ""target_weight"": 0.15998722371619814, ""post_trade_weight"": 0.16000000000002362, ""diff_weight"": 0.15998722371619814, ""gross_amount"": 0.17078805675363143, ""gross_amount_pct_nav"": 0.15998722371619814, ""fee"": 5.1236417026089424e-05, ""fee_pct_nav"": 4.799616711485944e-05, ""name"": ""腾讯控股""}, {""ts_code"": ""00857.HK"", ""side"": ""sell"", ""current_weight"": 0.09142755953869008, ""target_weight"": 0.08003629881817625, ""post_trade_weight"": 0.0800426903689907, ""diff_weight"": -0.011391260720513828, ""gross_amount"": 0.012160291536039411, ""gross_amount_pct_nav"": 0.011391260720513828, ""fee"": 3.648087460811823e-06, ""fee_pct_nav"": 3.417378216154148e-06, ""name"": ""中国石油股份""}, {""ts_code"": ""00883.HK"", ""side"": ""sell"", ""current_weight"": 0.05400884901651925, ""target_weight"": 0.042076141049295156, ""post_trade_weight"": 0.042079501172108964, ""diff_weight"": -0.011932707967224095, ""gross_amount"": 0.012738292209795013, ""gross_amount_pct_nav"": 0.011932707967224095, ""fee"": 3.821487662938503e-06, ""fee_pct_nav"": 3.579812390167228e-06, ""name"": ""中国海洋石油""}, {""ts_code"": ""00939.HK"", ""side"": ""sell"", ""current_weight"": 0.09022767063694724, ""target_weight"": 0.07614296788598265, ""post_trade_weight"": 0.07614904852258869, ""diff_weight"": -0.014084702750964595, ""gross_amount"": 0.015035569446825908, ""gross_amount_pct_nav"": 0.014084702750964595, ""fee"": 4.510670834047772e-06, ""fee_pct_nav"": 4.225410825289379e-06, ""name"": ""建设银行""}, {""ts_code"": ""01088.HK"", ""side"": ""sell"", ""current_weight"": 0.04374081692037822, ""target_weight"": 0.030740648155027177, ""post_trade_weight"": 0.030743103046340904, ""diff_weight"": -0.013000168765351042, ""gross_amount"": 0.013877817924024427, ""gross_amount_pct_nav"": 0.013000168765351042, ""fee"": 4.163345377207328e-06, ""fee_pct_nav"": 3.900050629605312e-06, ""name"": ""中国神华""}, {""ts_code"": ""01398.HK"", ""side"": ""sell"", ""current_weight"": 0.10547554621726297, ""target_weight"": 0.07430231168034722, ""post_trade_weight"": 0.07430824532555255, ""diff_weight"": -0.031173234536915756, ""gross_amount"": 0.03327775822105221, ""gross_amount_pct_nav"": 0.031173234536915756, ""fee"": 9.983327466315661e-06, ""fee_pct_nav"": 9.351970361074725e-06, ""name"": ""工商银行""}]"
2023-04-24,0.11825853,0.23651706,0.09824099,0.15645668,0.00007641,0.00002947,0.00004694,0.00000000,rebalance,"[{""ts_code"": ""00016.HK"", ""side"": ""buy"", ""current_weight"": 0.0, ""target_weight"": 0.026078529956525272, ""post_trade_weight"": 0.02608038049303963, ""diff_weight"": 0.026078529956525272, ""gross_amount"": 0.028083134692657802, ""gross_amount_pct_nav"": 0.026078529956525272, ""fee"": 8.42494040779734e-06, ""fee_pct_nav"": 7.823558986957582e-06, ""name"": ""新鸿基地产""}, {""ts_code"": ""00700.HK"", ""side"": ""sell"", ""current_weight"": 0.14528862722589453, ""target_weight"": 0.0, ""post_trade_weight"": 0.0, ""diff_weight"": -0.14528862722589453, ""gross_amount"": 0.15645667506941752, ""gross_amount_pct_nav"": 0.14528862722589453, ""fee"": 4.693700252082525e-05, ""fee_pct_nav"": 4.3586588167768354e-05, ""name"": ""腾讯控股""}, {""ts_code"": ""00857.HK"", ""side"": ""buy"", ""current_weight"": 0.08481260675331057, ""target_weight"": 0.10474322279795707, ""post_trade_weight"": 0.10475065539322768, ""diff_weight"": 0.01993061604464651, ""gross_amount"": 0.021462642864553225, ""gross_amount_pct_nav"": 0.01993061604464651, ""fee"": 6.438792859365967e-06, ""fee_pct_nav"": 5.979184813393953e-06, ""name"": ""中国石油股份""}, {""ts_code"": ""00939.HK"", ""side"": ""buy"", ""current_weight"": 0.07616751959909351, ""target_weight"": 0.08717966287298257, ""post_trade_weight"": 0.08718584915532766, ""diff_weight"": 0.011012143273889052, ""gross_amount"": 0.011858624827818992, ""gross_amount_pct_nav"": 0.011012143273889052, ""fee"": 3.5575874483456973e-06, ""fee_pct_nav"": 3.3036429821667154e-06, ""name"": ""建设银行""}, {""ts_code"": ""01398.HK"", ""side"": ""buy"", ""current_weight"": 0.07406700738423884, ""target_weight"": 0.09486570873576214, ""post_trade_weight"": 0.094872440421109, ""diff_weight"": 0.020798701351523303, ""gross_amount"": 0.02239745616263325, ""gross_amount_pct_nav"": 0.020798701351523303, ""fee"": 6.719236848789974e-06, ""fee_pct_nav"": 6.239610405456989e-06, ""name"": ""工商银行""}, {""ts_code"": ""02628.HK"", ""side"": ""buy"", ""current_weight"": 0.04575939229459658, ""target_weight"": 0.05916783942596149, ""post_trade_weight"": 0.05917203798498748, ""diff_weight"": 0.013408447131364905, ""gross_amount"": 0.014439127797358169, ""gross_amount_pct_nav"": 0.013408447131364905, ""fee"": 4.33173833920745e-06, ""fee_pct_nav"": 4.022534139409471e-06, ""name"": ""中国人寿""}]"
2023-05-08,0.04647043,0.09294086,0.06450793,0.04208939,0.00003198,0.00001935,0.00001263,0.00000000,rebalance,"[{""ts_code"": ""00016.HK"", ""side"": ""sell"", ""current_weight"": 0.025010393465339502, ""target_weight"": 0.0, ""post_trade_weight"": 0.0, ""diff_weight"": -0.025010393465339502, ""gross_amount"": 0.028685350250694335, ""gross_amount_pct_nav"": 0.025010393465339502, ""fee"": 8.605605075208299e-06, ""fee_pct_nav"": 7.503118039601849e-06, ""name"": ""新鸿基地产""}, {""ts_code"": ""00941.HK"", ""side"": ""sell"", ""current_weight"": 0.12894387076829478, ""target_weight"": 0.11725705427171003, ""post_trade_weight"": 0.1172603237541959, ""diff_weight"": -0.01168681649658474, ""gross_amount"": 0.01340404440196899, ""gross_amount_pct_nav"": 0.01168681649658474, ""fee"": 4.021213320590697e-06, ""fee_pct_nav"": 3.506044948975422e-06, ""name"": ""中国移动""}, {""ts_code"": ""02318.HK"", ""side"": ""buy"", ""current_weight"": 0.0, ""target_weight"": 0.0562436467919049, ""post_trade_weight"": 0.05624521503544701, ""diff_weight"": 0.0562436467919049, ""gross_amount"": 0.06450792986675759, ""gross_amount_pct_nav"": 0.0562436467919049, ""fee"": 1.9352378960027276e-05, ""fee_pct_nav"": 1.687309403757147e-05, ""name"": ""中国平安""}]"
2023-05-22,0.01548033,0.03096065,0.01979171,0.01438013,0.00001025,0.00000594,0.00000431,0.00000000,rebalance,"[{""ts_code"": ""00005.HK"", ""side"": ""buy"", ""current_weight"": 0.08264137188236072, ""target_weight"": 0.1005732204592107, ""post_trade_weight"": 0.1005741546115932, ""diff_weight"": 0.017931848576849974, ""gross_amount"": 0.019791712896873426, ""gross_amount_pct_nav"": 0.017931848576849974, ""fee"": 5.937513869062027e-06, ""fee_pct_nav"": 5.379554573054992e-06, ""name"": ""汇丰控股""}, {""ts_code"": ""02318.HK"", ""side"": ""sell"", ""current_weight"": 0.05252170946087009, ""target_weight"": 0.039492907291405574, ""post_trade_weight"": 0.03949327411264556, ""diff_weight"": -0.013028802169464516, ""gross_amount"": 0.014380129902563626, ""gross_amount_pct_nav"": 0.013028802169464516, ""fee"": 4.3140389707690875e-06, ""fee_pct_nav"": 3.908640650839355e-06, ""name"": ""中国平安""}]"
2023-06-05,0.01889981,0.03779961,0.02086279,0.01946839,0.00001210,0.00000626,0.00000584,0.00000000,rebalance,"[{""ts_code"": ""00857.HK"", ""side"": ""sell"", ""current_weight"": 0.10889736558690453, ""target_weight"": 0.09065099879426365, ""post_trade_weight"": 0.09065202677771256, ""diff_weight"": -0.018246366792640877, ""gross_amount"": 0.019468388158277256, ""gross_amount_pct_nav"": 0.018246366792640877, ""fee"": 5.840516447483176e-06, ""fee_pct_nav"": 5.473910037792262e-06, ""name"": ""中国石油股份""}, {""ts_code"": ""01398.HK"", ""side"": ""buy"", ""current_weight"": 0.09680633954926503, ""target_weight"": 0.11635958538703943, ""post_trade_weight"": 0.11636090490617865, ""diff_weight"": 0.0195532458377744, ""gross_amount"": 0.020862793346757835, ""gross_amount_pct_nav"": 0.0195532458377744, ""fee"": 6.25883800402735e-06, ""fee_pct_nav"": 5.865973751332319e-06, ""name"": ""工商银行""}]"
2023-06-19,0.14295316,0.28590633,0.17488626,0.13764735,0.00009376,0.00005247,0.00004129,0.00000000,rebalance,"[{""ts_code"": ""00005.HK"", ""side"": ""sell"", ""current_weight"": 0.10435065200051964, ""target_weight"": 0.09174487708625383, ""post_trade_weight"": 0.09175274689352521, ""diff_weight"": -0.012605774914265806, ""gross_amount"": 0.013779787008637828, ""gross_amount_pct_nav"": 0.012605774914265806, ""fee"": 4.133936102591348e-06, ""fee_pct_nav"": 3.781732474279741e-06, ""name"": ""汇丰控股""}, {""ts_code"": ""00700.HK"", ""side"": ""buy"", ""current_weight"": 0.0, ""target_weight"": 0.1599862764963468, ""post_trade_weight"": 0.16000000000006798, ""diff_weight"": 0.1599862764963468, ""gross_amount"": 0.17488625883124453, ""gross_amount_pct_nav"": 0.1599862764963468, ""fee"": 5.2465877649373356e-05, ""fee_pct_nav"": 4.799588294890404e-05, ""name"": ""腾讯控股""}, {""ts_code"": ""00883.HK"", ""side"": ""sell"", ""current_weight"": 0.04312541569104986, ""target_weight"": 0.0, ""post_trade_weight"": 0.0, ""diff_weight"": -0.04312541569104986, ""gross_amount"": 0.0471418097596776, ""gross_amount_pct_nav"": 0.04312541569104986, ""fee"": 1.4142542927903278e-05, ""fee_pct_nav"": 1.2937624707314956e-05, ""name"": ""中国海洋石油""}, {""ts_code"": ""00939.HK"", ""side"": ""sell"", ""current_weight"": 0.08298106932521526, ""target_weight"": 0.07143876976058315, ""post_trade_weight"": 0.07144489772508184, ""diff_weight"": -0.0115422995646321, ""gross_amount"": 0.012617267139248059, ""gross_amount_pct_nav"": 0.0115422995646321, ""fee"": 3.7851801417744173e-06, ""fee_pct_nav"": 3.4626898693896295e-06, ""name"": ""建设银行""}, {""ts_code"": ""00941.HK"", ""side"": ""sell"", ""current_weight"": 0.12220777498263788, ""target_weight"": 0.10249350953352616, ""post_trade_weight"": 0.10250230135048874, ""diff_weight"": -0.01971426544911171, ""gross_amount"": 0.021550311723642995, ""gross_amount_pct_nav"": 0.01971426544911171, ""fee"": 6.465093517092898e-06, ""fee_pct_nav"": 5.914279634733513e-06, ""name"": ""中国移动""}, {""ts_code"": ""01398.HK"", ""side"": ""sell"", ""current_weight"": 0.11139686435946286, ""target_weight"": 0.0833756071994134, ""post_trade_weight"": 0.08338275909694308, ""diff_weight"": -0.028021257160049457, ""gross_amount"": 0.030630957478288298, ""gross_amount_pct_nav"": 0.028021257160049457, ""fee"": 9.189287243486488e-06, ""fee_pct_nav"": 8.406377148014835e-06, ""name"": ""工商银行""}, {""ts_code"": ""02628.HK"", ""side"": ""sell"", ""current_weight"": 0.056444924161681724, ""target_weight"": 0.045533885912567136, ""post_trade_weight"": 0.04553779177541016, ""diff_weight"": -0.01091103824911459, ""gross_amount"": 0.011927214640787241, ""gross_amount_pct_nav"": 0.01091103824911459, ""fee"": 3.578164392236172e-06, ""fee_pct_nav"": 3.2733114747343767e-06, ""name"": ""中国人寿""}]"
2023-07-03,0.14180010,0.28360021,0.03071951,0.28117214,0.00009357,0.00000922,0.00008435,0.00000000,rebalance,"[{""ts_code"": ""00005.HK"", ""side"": ""sell"", ""current_weight"": 0.09199787576978868, ""target_weight"": 0.07103814336425411, ""post_trade_weight"": 0.07104418780821466, ""diff_weight"": -0.020959732405534566, ""gross_amount"": 0.023050637421737033, ""gross_amount_pct_nav"": 0.020959732405534566, ""fee"": 6.9151912265211095e-06, ""fee_pct_nav"": 6.28791972166037e-06, ""name"": ""汇丰控股""}, {""ts_code"": ""00386.HK"", ""side"": ""sell"", ""current_weight"": 0.054238009897454566, ""target_weight"": 0.03927918631468024, ""post_trade_weight"": 0.039282528474669946, ""diff_weight"": -0.014958823582774323, ""gross_amount"": 0.016451088782565307, ""gross_amount_pct_nav"": 0.014958823582774323, ""fee"": 4.935326634769592e-06, ""fee_pct_nav"": 4.4876470748322974e-06, ""name"": ""中国石油化工股份""}, {""ts_code"": ""00700.HK"", ""side"": ""sell"", ""current_weight"": 0.15047726408366063, ""target_weight"": 0.11914982197869778, ""post_trade_weight"": 0.11915996011558808, ""diff_weight"": -0.031327442104962855, ""gross_amount"": 0.034452611099236974, ""gross_amount_pct_nav"": 0.031327442104962855, ""fee"": 1.033578332977109e-05, ""fee_pct_nav"": 9.398232631488854e-06, ""name"": ""腾讯控股""}, {""ts_code"": ""00728.HK"", ""side"": ""sell"", ""current_weight"": 0.04131623409625865, ""target_weight"": 0.02888689873372734, ""post_trade_weight"": 0.028889356642004795, ""diff_weight"": -0.012429335362531308, ""gross_amount"": 0.013669263389986322, ""gross_amount_pct_nav"": 0.012429335362531308, ""fee"": 4.100779016995896e-06, ""fee_pct_nav"": 3.728800608759392e-06, ""name"": ""中国电信""}, {""ts_code"": ""00857.HK"", ""side"": ""sell"", ""current_weight"": 0.10099258678646428, ""target_weight"": 0.070809807358277, ""post_trade_weight"": 0.07081583237374284, ""diff_weight"": -0.030182779428187288, ""gross_amount"": 0.033193758943014726, ""gross_amount_pct_nav"": 0.030182779428187288, ""fee"": 9.958127682904418e-06, ""fee_pct_nav"": 9.054833828456187e-06, ""name"": ""中国石油股份""}, {""ts_code"": ""00883.HK"", ""side"": ""buy"", ""current_weight"": 0.0, ""target_weight"": 0.0279329710815593, ""post_trade_weight"": 0.027935347822706492, ""diff_weight"": 0.0279329710815593, ""gross_amount"": 0.03071951378266976, ""gross_amount_pct_nav"": 0.0279329710815593, ""fee"": 9.215854134800926e-06, ""fee_pct_nav"": 8.379891324467788e-06, ""name"": ""中国海洋石油""}, {""ts_code"": ""00941.HK"", ""side"": ""sell"", ""current_weight"": 0.10170707733597903, ""target_weight"": 0.08370610532159307, ""post_trade_weight"": 0.08371322764825886, ""diff_weight"": -0.018000972014385965, ""gross_amount"": 0.01979671644247137, ""gross_amount_pct_nav"": 0.018000972014385965, ""fee"": 5.939014932741411e-06, ""fee_pct_nav"": 5.400291604315789e-06, ""name"": ""中国移动""}, {""ts_code"": ""01088.HK"", ""side"": ""sell"", ""current_weight"": 0.03745640068984967, ""target_weight"": 0.02415862866784155, ""post_trade_weight"": 0.0241606842603758, ""diff_weight"": -0.013297772022008122, ""gross_amount"": 0.014624333720753457, ""gross_amount_pct_nav"": 0.013297772022008122, ""fee"": 4.387300116226037e-06, ""fee_pct_nav"": 3.989331606602437e-06, ""name"": ""中国神华""}, {""ts_code"": ""01288.HK"", ""side"": ""sell"", ""current_weight"": 0.08769387299892478, ""target_weight"": 0.06619176871451282, ""post_trade_weight"": 0.06619740079352976, ""diff_weight"": -0.021502104284411964, ""gross_amount"": 0.02364711533881425, ""gross_amount_pct_nav"": 0.021502104284411964, ""fee"": 7.0941346016442745e-06, ""fee_pct_nav"": 6.450631285323588e-06, ""name"": ""农业银行""}, {""ts_code"": ""01299.HK"", ""side"": ""sell"", ""current_weight"": 0.050265534535115515, ""target_weight"": 0.031700413830390455, ""post_trade_weight"": 0.03170311113307672, ""diff_weight"": -0.01856512070472506, ""gross_amount"": 0.020417143586356115, ""gross_amount_pct_nav"": 0.01856512070472506, ""fee"": 6.125143075906834e-06, ""fee_pct_nav"": 5.569536211417518e-06, ""name"": ""友邦保险""}, {""ts_code"": ""02318.HK"", ""side"": ""sell"", ""current_weight"": 0.03947346946401575, ""target_weight"": 0.0, ""post_trade_weight"": 0.0, ""diff_weight"": -0.03947346946401575, ""gross_amount"": 0.04341127142218537, ""gross_amount_pct_nav"": 0.03947346946401575, ""fee"": 1.3023381426655611e-05, ""fee_pct_nav"": 1.1842040839204724e-05, ""name"": ""中国平安""}, {""ts_code"": ""02628.HK"", ""side"": ""sell"", ""current_weight"": 0.044755088713222486, ""target_weight"": 0.029500787296600155, ""post_trade_weight"": 0.029503297438999175, ""diff_weight"": -0.015254301416622328, ""gross_amount"": 0.016776042950987426, ""gross_amount_pct_nav"": 0.015254301416622328, ""fee"": 5.032812885296227e-06, ""fee_pct_nav"": 4.576290424986698e-06, ""name"": ""中国人寿""}, {""ts_code"": ""03988.HK"", ""side"": ""sell"", ""current_weight"": 0.07817059089171588, ""target_weight"": 0.058455205418134704, ""post_trade_weight"": 0.05846017921385373, ""diff_weight"": -0.01971538547358117, ""gross_amount"": 0.02168215668923805, ""gross_amount_pct_nav"": 0.01971538547358117, ""fee"": 6.504647006771414e-06, ""fee_pct_nav"": 5.914615642074351e-06, ""name"": ""中国银行""}]"
2023-07-17,0.00000000,0.00000000,0.00000000,0.00000000,0.00000000,0.00000000,0.00000000,0.00000000,rebalance,
2023-07-31,0.12084227,0.24168453,0.22632322,0.04735517,0.00008210,0.00006790,0.00001421,0.00000000,rebalance,"[{""ts_code"": ""00005.HK"", ""side"": ""buy"", ""current_weight"": 0.07261705385491786, ""target_weight"": 0.09865071945608576, ""post_trade_weight"": 0.098657872680684, ""diff_weight"": 0.026033665601167908, ""gross_amount"": 0.029479965333103736, ""gross_amount_pct_nav"": 0.026033665601167908, ""fee"": 8.84398959993112e-06, ""fee_pct_nav"": 7.81009968035037e-06, ""name"": ""汇丰控股""}, {""ts_code"": ""00386.HK"", ""side"": ""buy"", ""current_weight"": 0.035669401145095904, ""target_weight"": 0.04699666287828145, ""post_trade_weight"": 0.0470000706353337, ""diff_weight"": 0.011327261733185545, ""gross_amount"": 0.01282674857736215, ""gross_amount_pct_nav"": 0.011327261733185545, ""fee"": 3.848024573208645e-06, ""fee_pct_nav"": 3.3981785199556633e-06, ""name"": ""中国石油化工股份""}, {""ts_code"": ""00700.HK"", ""side"": ""buy"", ""current_weight"": 0.12132879598694091, ""target_weight"": 0.15998839914236307, ""post_trade_weight"": 0.15999999999999986, ""diff_weight"": 0.03865960315542216, ""gross_amount"": 0.043777306594975446, ""gross_amount_pct_nav"": 0.03865960315542216, ""fee"": 1.3133191978492632e-05, ""fee_pct_nav"": 1.1597880946626647e-05, ""name"": ""腾讯控股""}, {""ts_code"": ""00857.HK"", ""side"": ""buy"", ""current_weight"": 0.06903097844370458, ""target_weight"": 0.09436907970435864, ""post_trade_weight"": 0.09437592246461396, ""diff_weight"": 0.025338101260654056, ""gross_amount"": 0.02869232317162604, ""gross_amount_pct_nav"": 0.025338101260654056, ""fee"": 8.607696951487812e-06, ""fee_pct_nav"": 7.601430378196217e-06, ""name"": ""中国石油股份""}, {""ts_code"": ""00883.HK"", ""side"": ""buy"", ""current_weight"": 0.029889718055546945, ""target_weight"": 0.04395543268328215, ""post_trade_weight"": 0.04395861991885458, ""diff_weight"": 0.014065714627735206, ""gross_amount"": 0.01592771398248128, ""gross_amount_pct_nav"": 0.014065714627735206, ""fee"": 4.778314194744384e-06, ""fee_pct_nav"": 4.219714388320562e-06, ""name"": ""中国海洋石油""}, {""ts_code"": ""00939.HK"", ""side"": ""sell"", ""current_weight"": 0.07353021146489673, ""target_weight"": 0.06112930081468881, ""post_trade_weight"": 0.06113373333804669, ""diff_weight"": -0.01240091065020792, ""gross_amount"": 0.014042525615395707, ""gross_amount_pct_nav"": 0.01240091065020792, ""fee"": 4.212757684618712e-06, ""fee_pct_nav"": 3.720273195062376e-06, ""name"": ""建设银行""}, {""ts_code"": ""00941.HK"", ""side"": ""buy"", ""current_weight"": 0.08079505116961871, ""target_weight"": 0.10867790199807743, ""post_trade_weight"": 0.10868578229987497, ""diff_weight"": 0.027882850828458722, ""gross_amount"": 0.03157394307831128, ""gross_amount_pct_nav"": 0.027882850828458722, ""fee"": 9.472182923493383e-06, ""fee_pct_nav"": 8.364855248537616e-06, ""name"": ""中国移动""}, {""ts_code"": ""01288.HK"", ""side"": ""buy"", ""current_weight"": 0.06968981004417589, ""target_weight"": 0.08517550497848779, ""post_trade_weight"": 0.08518168110696145, ""diff_weight"": 0.015485694934311909, ""gross_amount"": 0.01753566926825914, ""gross_amount_pct_nav"": 0.015485694934311909, ""fee"": 5.260700780477742e-06, ""fee_pct_nav"": 4.645708480293572e-06, ""name"": ""农业银行""}, {""ts_code"": ""01299.HK"", ""side"": ""sell"", ""current_weight"": 0.029418293519002253, ""target_weight"": 0.0, ""post_trade_weight"": 0.0, ""diff_weight"": -0.029418293519002253, ""gross_amount"": 0.033312645494699394, ""gross_amount_pct_nav"": 0.029418293519002253, ""fee"": 9.993793648409818e-06, ""fee_pct_nav"": 8.825488055700676e-06, ""name"": ""友邦保险""}, {""ts_code"": ""03988.HK"", ""side"": ""buy"", ""current_weight"": 0.06085572225170217, ""target_weight"": 0.07595712790361134, ""post_trade_weight"": 0.07596263560186967, ""diff_weight"": 0.01510140565190917, ""gross_amount"": 0.017100508315642166, ""gross_amount_pct_nav"": 0.01510140565190917, ""fee"": 5.13015249469265e-06, ""fee_pct_nav"": 4.530421695572751e-06, ""name"": ""中国银行""}, {""ts_code"": ""09633.HK"", ""side"": ""buy"", ""current_weight"": 0.0, ""target_weight"": 0.02597103213782998, ""post_trade_weight"": 0.025972915313411, ""diff_weight"": 0.02597103213782998, ""gross_amount"": 0.029409040540714474, ""gross_amount_pct_nav"": 0.02597103213782998, ""fee"": 8.822712162214342e-06, ""fee_pct_nav"": 7.791309641348994e-06, ""name"": ""农夫山泉""}]"
2023-08-14,0.02978837,0.05957674,0.03689581,0.02843094,0.00001960,0.00001107,0.00000853,0.00000000,rebalance,"[{""ts_code"": ""00728.HK"", ""side"": ""buy"", ""current_weight"": 0.0302708309955197, ""target_weight"": 0.0414496685049684, ""post_trade_weight"": 0.04145040934899049, ""diff_weight"": 0.011178837509448704, ""gross_amount"": 0.012257757931453457, ""gross_amount_pct_nav"": 0.011178837509448704, ""fee"": 3.6773273794360367e-06, ""fee_pct_nav"": 3.353651252834611e-06, ""name"": ""中国电信""}, {""ts_code"": ""03328.HK"", ""side"": ""buy"", ""current_weight"": 0.0, ""target_weight"": 0.022469430152591355, ""post_trade_weight"": 0.02246983175635825, ""diff_weight"": 0.022469430152591355, ""gross_amount"": 0.024638056992542238, ""gross_amount_pct_nav"": 0.022469430152591355, ""fee"": 7.391417097762671e-06, ""fee_pct_nav"": 6.740829045777405e-06, ""name"": ""交通银行""}, {""ts_code"": ""09633.HK"", ""side"": ""sell"", ""current_weight"": 0.025928467824815532, ""target_weight"": 0.0, ""post_trade_weight"": 0.0, ""diff_weight"": -0.025928467824815532, ""gross_amount"": 0.028430942113742398, ""gross_amount_pct_nav"": 0.025928467824815532, ""fee"": 8.529282634122719e-06, ""fee_pct_nav"": 7.77854034744466e-06, ""name"": ""农夫山泉""}]"
2023-08-28,0.08751569,0.17503139,0.01775472,0.17104284,0.00005664,0.00000533,0.00005131,0.00000000,rebalance,"[{""ts_code"": ""00005.HK"", ""side"": ""sell"", ""current_weight"": 0.09567875188442328, ""target_weight"": 0.07671871399354725, ""post_trade_weight"": 0.0767227426600298, ""diff_weight"": -0.018960037890876014, ""gross_amount"": 0.020451239787849684, ""gross_amount_pct_nav"": 0.018960037890876014, ""fee"": 6.135371936354905e-06, ""fee_pct_nav"": 5.688011367262804e-06, ""name"": ""汇丰控股""}, {""ts_code"": ""00700.HK"", ""side"": ""sell"", ""current_weight"": 0.15411889427788547, ""target_weight"": 0.1159151008151228, ""post_trade_weight"": 0.11592118776910268, ""diff_weight"": -0.03820379346276268, ""gross_amount"": 0.041208511576257434, ""gross_amount_pct_nav"": 0.03820379346276268, ""fee"": 1.236255347287723e-05, ""fee_pct_nav"": 1.1461138038828803e-05, ""name"": ""腾讯控股""}, {""ts_code"": ""00728.HK"", ""side"": ""sell"", ""current_weight"": 0.04295586058252, ""target_weight"": 0.03283521378563501, ""post_trade_weight"": 0.03283693803410503, ""diff_weight"": -0.010120646796884996, ""gross_amount"": 0.010916632954137244, ""gross_amount_pct_nav"": 0.010120646796884996, ""fee"": 3.274989886241173e-06, ""fee_pct_nav"": 3.036194039065499e-06, ""name"": ""中国电信""}, {""ts_code"": ""00857.HK"", ""side"": ""sell"", ""current_weight"": 0.09832060849369646, ""target_weight"": 0.08805730662317017, ""post_trade_weight"": 0.08806193070380539, ""diff_weight"": -0.010263301870526292, ""gross_amount"": 0.011070507811074923, ""gross_amount_pct_nav"": 0.010263301870526292, ""fee"": 3.3211523433224765e-06, ""fee_pct_nav"": 3.078990561157888e-06, ""name"": ""中国石油股份""}, {""ts_code"": ""00941.HK"", ""side"": ""sell"", ""current_weight"": 0.11685678239858477, ""target_weight"": 0.09704756116632715, ""post_trade_weight"": 0.09705265734477608, ""diff_weight"": -0.019809221232257614, ""gross_amount"": 0.021367211171366793, ""gross_amount_pct_nav"": 0.019809221232257614, ""fee"": 6.410163351410037e-06, ""fee_pct_nav"": 5.942766369677284e-06, ""name"": ""中国移动""}, {""ts_code"": ""01288.HK"", ""side"": ""sell"", ""current_weight"": 0.08196668339827202, ""target_weight"": 0.06340505863161792, ""post_trade_weight"": 0.06340838816910932, ""diff_weight"": -0.018561624766654107, ""gross_amount"": 0.02002149157822139, ""gross_amount_pct_nav"": 0.018561624766654107, ""fee"": 6.0064474734664165e-06, ""fee_pct_nav"": 5.568487429996231e-06, ""name"": ""农业银行""}, {""ts_code"": ""01816.HK"", ""side"": ""buy"", ""current_weight"": 0.0, ""target_weight"": 0.01646013436626482, ""post_trade_weight"": 0.016460998723709926, ""diff_weight"": 0.01646013436626482, ""gross_amount"": 0.017754719521246357, ""gross_amount_pct_nav"": 0.01646013436626482, ""fee"": 5.326415856373907e-06, ""fee_pct_nav"": 4.938040309879445e-06, ""name"": ""中广核电力""}, {""ts_code"": ""02628.HK"", ""side"": ""sell"", ""current_weight"": 0.027843336255924226, ""target_weight"": 0.0, ""post_trade_weight"": 0.0, ""diff_weight"": -0.027843336255924226, ""gross_amount"": 0.030033207187716526, ""gross_amount_pct_nav"": 0.027843336255924226, ""fee"": 9.009962156314956e-06, ""fee_pct_nav"": 8.353000876777266e-06, ""name"": ""中国人寿""}, {""ts_code"": ""03988.HK"", ""side"": ""sell"", ""current_weight"": 0.07324325862051505, ""target_weight"": 0.058433965487226194, ""post_trade_weight"": 0.05843703398180784, ""diff_weight"": -0.014809293133288859, ""gross_amount"": 0.01597404006788368, ""gross_amount_pct_nav"": 0.014809293133288859, ""fee"": 4.792212020365104e-06, ""fee_pct_nav"": 4.4427879399866575e-06, ""name"": ""中国银行""}]"
2023-09-25,0.01353312,0.02706623,0.00000000,0.02986413,0.00000896,0.00000000,0.00000896,0.00000000,rebalance,"[{""ts_code"": ""00386.HK"", ""side"": ""sell"", ""current_weight"": 0.05189028400062909, ""target_weight"": 0.036963649652443274, ""post_trade_weight"": 0.03696394979489351, ""diff_weight"": -0.014926634348185815, ""gross_amount"": 0.016469633247517365, ""gross_amount_pct_nav"": 0.014926634348185815, ""fee"": 4.940889974255209e-06, ""fee_pct_nav"": 4.477990304455744e-06, ""name"": ""中国石油化工股份""}, {""ts_code"": ""00883.HK"", ""side"": ""sell"", ""current_weight"": 0.05214014878858733, ""target_weight"": 0.04000055131742163, ""post_trade_weight"": 0.04000087611931744, ""diff_weight"": -0.0121395974711657, ""gross_amount"": 0.0133944942616544, ""gross_amount_pct_nav"": 0.0121395974711657, ""fee"": 4.018348278496319e-06, ""fee_pct_nav"": 3.6418792413497096e-06, ""name"": ""中国海洋石油""}]"
2023-10-09,0.01213885,0.02427769,0.01553467,0.01102900,0.00000797,0.00000466,0.00000331,0.00000000,rebalance,"[{""ts_code"": ""00005.HK"", ""side"": ""buy"", ""current_weight"": 0.07448158121828446, ""target_weight"": 0.08867939257825772, ""post_trade_weight"": 0.08868003846232257, ""diff_weight"": 0.014197811359973242, ""gross_amount"": 0.015534669300237641, ""gross_amount_pct_nav"": 0.014197811359973242, ""fee"": 4.660400790071292e-06, ""fee_pct_nav"": 4.259343407991973e-06, ""name"": ""汇丰控股""}, {""ts_code"": ""01398.HK"", ""side"": ""sell"", ""current_weight"": 0.08573349636857731, ""target_weight"": 0.07565361321948683, ""post_trade_weight"": 0.0756541642320931, ""diff_weight"": -0.010079883149090479, ""gross_amount"": 0.011028999282777743, ""gross_amount_pct_nav"": 0.010079883149090479, ""fee"": 3.3086997848333227e-06, ""fee_pct_nav"": 3.0239649447271436e-06, ""name"": ""工商银行""}]"
2023-10-24,0.01522185,0.03044369,0.01598809,0.01658347,0.00000977,0.00000480,0.00000498,0.00000000,rebalance,"[{""ts_code"": ""01810.HK"", ""side"": ""buy"", ""current_weight"": 0.0, ""target_weight"": 0.014943602738123892, ""post_trade_weight"": 0.014943739220902525, ""diff_weight"": 0.014943602738123892, ""gross_amount"": 0.015988091280920682, ""gross_amount_pct_nav"": 0.014943602738123892, ""fee"": 4.7964273842762045e-06, ""fee_pct_nav"": 4.483080821437167e-06, ""name"": ""小米集团-W""}, {""ts_code"": ""01816.HK"", ""side"": ""sell"", ""current_weight"": 0.015500089347161017, ""target_weight"": 0.0, ""post_trade_weight"": 0.0, ""diff_weight"": -0.015500089347161017, ""gross_amount"": 0.016583473723683115, ""gross_amount_pct_nav"": 0.015500089347161017, ""fee"": 4.975042117104934e-06, ""fee_pct_nav"": 4.650026804148304e-06, ""name"": ""中广核电力""}]"
2023-11-06,0.01843080,0.03686161,0.02687189,0.01284674,0.00001192,0.00000806,0.00000385,0.00000000,rebalance,"[{""ts_code"": ""00005.HK"", ""side"": ""sell"", ""current_weight"": 0.08504713802369822, ""target_weight"": 0.07312448240977658, ""post_trade_weight"": 0.07312529106448555, ""diff_weight"": -0.011922655613921637, ""gross_amount"": 0.012846742905579314, ""gross_amount_pct_nav"": 0.011922655613921637, ""fee"": 3.854022871673794e-06, ""fee_pct_nav"": 3.576796684176491e-06, ""name"": ""汇丰控股""}, {""ts_code"": ""00700.HK"", ""side"": ""buy"", ""current_weight"": 0.11439136809346975, ""target_weight"": 0.12799858451431556, ""post_trade_weight"": 0.12800000000000106, ""diff_weight"": 0.013607216420845817, ""gross_amount"": 0.014661868687632487, ""gross_amount_pct_nav"": 0.013607216420845817, ""fee"": 4.3985606062897456e-06, ""fee_pct_nav"": 4.0821649262537445e-06, ""name"": ""腾讯控股""}, {""ts_code"": ""01088.HK"", ""side"": ""buy"", ""current_weight"": 0.022707238516002686, ""target_weight"": 0.03403897287418848, ""post_trade_weight"": 0.03403934929771718, ""diff_weight"": 0.011331734358185793, ""gross_amount"": 0.012210021214061506, ""gross_amount_pct_nav"": 0.011331734358185793, ""fee"": 3.6630063642184516e-06, ""fee_pct_nav"": 3.3995203074557375e-06, ""name"": ""中国神华""}]"
2023-11-20,0.02087790,0.04175580,0.02112033,0.02478230,0.00001377,0.00000634,0.00000743,0.00000000,rebalance,"[{""ts_code"": ""03328.HK"", ""side"": ""sell"", ""current_weight"": 0.022543478241077042, ""target_weight"": 0.0, ""post_trade_weight"": 0.0, ""diff_weight"": -0.022543478241077042, ""gross_amount"": 0.024782300724312232, ""gross_amount_pct_nav"": 0.022543478241077042, ""fee"": 7.434690217293669e-06, ""fee_pct_nav"": 6.763043472323112e-06, ""name"": ""交通银行""}, {""ts_code"": ""09633.HK"", ""side"": ""buy"", ""current_weight"": 0.0, ""target_weight"": 0.019212325630062223, ""post_trade_weight"": 0.01921256630090732, ""diff_weight"": 0.019212325630062223, ""gross_amount"": 0.021120326964898118, ""gross_amount_pct_nav"": 0.019212325630062223, ""fee"": 6.3360980894694345e-06, ""fee_pct_nav"": 5.763697689018666e-06, ""name"": ""农夫山泉""}]"
2023-12-04,0.00000000,0.00000000,0.00000000,0.00000000,0.00000000,0.00000000,0.00000000,0.00000000,rebalance,
2023-12-18,0.00676654,0.01353309,0.00000000,0.01456659,0.00000437,0.00000000,0.00000437,0.00000000,rebalance,"[{""ts_code"": ""00700.HK"", ""side"": ""sell"", ""current_weight"": 0.12772469120016092, ""target_weight"": 0.11419160152776975, ""post_trade_weight"": 0.11419206513920696, ""diff_weight"": -0.013533089672391176, ""gross_amount"": 0.014566586079104896, ""gross_amount_pct_nav"": 0.013533089672391176, ""fee"": 4.369975823731469e-06, ""fee_pct_nav"": 4.059926901717353e-06, ""name"": ""腾讯控股""}]"
2024-01-02,0.03796892,0.07593784,0.03110978,0.05224426,0.00002501,0.00000933,0.00001567,0.00000000,rebalance,"[{""ts_code"": ""00700.HK"", ""side"": ""sell"", ""current_weight"": 0.1065865699527168, ""target_weight"": 0.08651572249227792, ""post_trade_weight"": 0.08651769348234949, ""diff_weight"": -0.020070847460438877, ""gross_amount"": 0.022030993193245016, ""gross_amount_pct_nav"": 0.020070847460438877, ""fee"": 6.609297957973504e-06, ""fee_pct_nav"": 6.0212542381316625e-06, ""name"": ""腾讯控股""}, {""ts_code"": ""00857.HK"", ""side"": ""sell"", ""current_weight"": 0.08261099721576348, ""target_weight"": 0.07248366839155562, ""post_trade_weight"": 0.07248531970517394, ""diff_weight"": -0.010127328824207861, ""gross_amount"": 0.011116377264669755, ""gross_amount_pct_nav"": 0.010127328824207861, ""fee"": 3.334913179400926e-06, ""fee_pct_nav"": 3.038198647262358e-06, ""name"": ""中国石油股份""}, {""ts_code"": ""01398.HK"", ""side"": ""buy"", ""current_weight"": 0.07673527565183536, ""target_weight"": 0.08796246956271002, ""post_trade_weight"": 0.08796447351238743, ""diff_weight"": 0.011227193910874652, ""gross_amount"": 0.012323656642663397, ""gross_amount_pct_nav"": 0.011227193910874652, ""fee"": 3.6970969927990187e-06, ""fee_pct_nav"": 3.368158173262395e-06, ""name"": ""工商银行""}, {""ts_code"": ""01810.HK"", ""side"": ""sell"", ""current_weight"": 0.017397794948503194, ""target_weight"": 0.0, ""post_trade_weight"": 0.0, ""diff_weight"": -0.017397794948503194, ""gross_amount"": 0.01909688680776637, ""gross_amount_pct_nav"": 0.017397794948503194, ""fee"": 5.729066042329911e-06, ""fee_pct_nav"": 5.219338484550958e-06, ""name"": ""小米集团-W""}, {""ts_code"": ""03328.HK"", ""side"": ""buy"", ""current_weight"": 0.0, ""target_weight"": 0.0171146764792379, ""post_trade_weight"": 0.017115066383598023, ""diff_weight"": 0.0171146764792379, ""gross_amount"": 0.01878611861117876, ""gross_amount_pct_nav"": 0.0171146764792379, ""fee"": 5.635835583353628e-06, ""fee_pct_nav"": 5.13440294377137e-06, ""name"": ""交通银行""}]"
2024-01-15,0.12194013,0.24388026,0.01575270,0.25128060,0.00008011,0.00000473,0.00007538,0.00000000,rebalance,"[{""ts_code"": ""00005.HK"", ""side"": ""sell"", ""current_weight"": 0.0769029075789123, ""target_weight"": 0.056903828892371514, ""post_trade_weight"": 0.0569079925131142, ""diff_weight"": -0.019999078686540786, ""gross_amount"": 0.02189771332766534, ""gross_amount_pct_nav"": 0.019999078686540786, ""fee"": 6.569313998299601e-06, ""fee_pct_nav"": 5.999723605962235e-06, ""name"": ""汇丰控股""}, {""ts_code"": ""00386.HK"", ""side"": ""sell"", ""current_weight"": 0.03401725109716232, ""target_weight"": 0.02138983296984996, ""post_trade_weight"": 0.021391398051742855, ""diff_weight"": -0.01262741812731236, ""gross_amount"": 0.013826216024968228, ""gross_amount_pct_nav"": 0.01262741812731236, ""fee"": 4.147864807490468e-06, ""fee_pct_nav"": 3.7882254381937077e-06, ""name"": ""中国石油化工股份""}, {""ts_code"": ""00700.HK"", ""side"": ""sell"", ""current_weight"": 0.08462515894638208, ""target_weight"": 0.0, ""post_trade_weight"": 0.0, ""diff_weight"": -0.08462515894638208, ""gross_amount"": 0.09265914195152938, ""gross_amount_pct_nav"": 0.08462515894638208, ""fee"": 2.7797742585458814e-05, ""fee_pct_nav"": 2.538754768391462e-05, ""name"": ""腾讯控股""}, {""ts_code"": ""00857.HK"", ""side"": ""sell"", ""current_weight"": 0.07381976683625437, ""target_weight"": 0.05701557440596648, ""post_trade_weight"": 0.05701974620306475, ""diff_weight"": -0.01680419243028788, ""gross_amount"": 0.018399517013201763, ""gross_amount_pct_nav"": 0.01680419243028788, ""fee"": 5.519855103960528e-06, ""fee_pct_nav"": 5.041257729086364e-06, ""name"": ""中国石油股份""}, {""ts_code"": ""00883.HK"", ""side"": ""sell"", ""current_weight"": 0.04030874106653006, ""target_weight"": 0.03013293352006718, ""post_trade_weight"": 0.030135138329646507, ""diff_weight"": -0.010175807546462882, ""gross_amount"": 0.011141859083733614, ""gross_amount_pct_nav"": 0.010175807546462882, ""fee"": 3.342557725120084e-06, ""fee_pct_nav"": 3.052742263938864e-06, ""name"": ""中国海洋石油""}, {""ts_code"": ""00939.HK"", ""side"": ""sell"", ""current_weight"": 0.06077049209892759, ""target_weight"": 0.04909929939692345, ""post_trade_weight"": 0.0491028919646891, ""diff_weight"": -0.011671192702004143, ""gross_amount"": 0.012779210281942871, ""gross_amount_pct_nav"": 0.011671192702004143, ""fee"": 3.833763084582861e-06, ""fee_pct_nav"": 3.5013578106012423e-06, ""name"": ""建设银行""}, {""ts_code"": ""00941.HK"", ""side"": ""sell"", ""current_weight"": 0.09824179679190512, ""target_weight"": 0.07124838941397904, ""post_trade_weight"": 0.07125360261804319, ""diff_weight"": -0.02699340737792608, ""gross_amount"": 0.02955605634456117, ""gross_amount_pct_nav"": 0.02699340737792608, ""fee"": 8.86681690336835e-06, ""fee_pct_nav"": 8.098022213377823e-06, ""name"": ""中国移动""}, {""ts_code"": ""01088.HK"", ""side"": ""sell"", ""current_weight"": 0.040184570291658686, ""target_weight"": 0.030097514360264012, ""post_trade_weight"": 0.030099716578243594, ""diff_weight"": -0.010087055931394672, ""gross_amount"": 0.011044681735987147, ""gross_amount_pct_nav"": 0.010087055931394672, ""fee"": 3.313404520796144e-06, ""fee_pct_nav"": 3.0261167794184018e-06, ""name"": ""中国神华""}, {""ts_code"": ""01398.HK"", ""side"": ""sell"", ""current_weight"": 0.08716782338099485, ""target_weight"": 0.06290288094496498, ""post_trade_weight"": 0.06290748351292877, ""diff_weight"": -0.024264942436029877, ""gross_amount"": 0.02656856156749239, ""gross_amount_pct_nav"": 0.024264942436029877, ""fee"": 7.970568470247717e-06, ""fee_pct_nav"": 7.279482730808963e-06, ""name"": ""工商银行""}, {""ts_code"": ""01816.HK"", ""side"": ""buy"", ""current_weight"": 0.0, ""target_weight"": 0.014386862911143054, ""post_trade_weight"": 0.014387915589706255, ""diff_weight"": 0.014386862911143054, ""gross_amount"": 0.015752695644157363, ""gross_amount_pct_nav"": 0.014386862911143054, ""fee"": 4.725808693247209e-06, ""fee_pct_nav"": 4.316058873342916e-06, ""name"": ""中广核电力""}, {""ts_code"": ""03988.HK"", ""side"": ""sell"", ""current_weight"": 0.061648427673448705, ""target_weight"": 0.04940328830434018, ""post_trade_weight"": 0.049406903114801004, ""diff_weight"": -0.012245139369108529, ""gross_amount"": 0.0134076452103018, ""gross_amount_pct_nav"": 0.012245139369108529, ""fee"": 4.022293563090539e-06, ""fee_pct_nav"": 3.673541810732558e-06, ""name"": ""中国银行""}]"
2024-01-29,0.00514126,0.01028252,0.00000000,0.01151331,0.00000345,0.00000000,0.00000345,0.00000000,rebalance,"[{""ts_code"": ""01288.HK"", ""side"": ""sell"", ""current_weight"": 0.06820534773238224, ""target_weight"": 0.057922829966078844, ""post_trade_weight"": 0.057923008644388485, ""diff_weight"": -0.01028251776630339, ""gross_amount"": 0.01151331205632486, ""gross_amount_pct_nav"": 0.01028251776630339, ""fee"": 3.4539936168974573e-06, ""fee_pct_nav"": 3.0847553298910166e-06, ""name"": ""农业银行""}]"
2024-02-14,0.00000000,0.00000000,0.00000000,0.00000000,0.00000000,0.00000000,0.00000000,0.00000000,rebalance,
2024-02-26,0.01314639,0.02629278,0.00000000,0.03019617,0.00000906,0.00000000,0.00000906,0.00000000,rebalance,"[{""ts_code"": ""00005.HK"", ""side"": ""sell"", ""current_weight"": 0.05313766772348849, ""target_weight"": 0.0395573756907251, ""post_trade_weight"": 0.039557687715249944, ""diff_weight"": -0.013580292032763387, ""gross_amount"": 0.015596400193663491, ""gross_amount_pct_nav"": 0.013580292032763387, ""fee"": 4.678920058099047e-06, ""fee_pct_nav"": 4.074087609829016e-06, ""name"": ""汇丰控股""}, {""ts_code"": ""00728.HK"", ""side"": ""sell"", ""current_weight"": 0.03282018894919587, ""target_weight"": 0.02010769670789783, ""post_trade_weight"": 0.020107855315348432, ""diff_weight"": -0.012712492241298043, ""gross_amount"": 0.014599768250622931, ""gross_amount_pct_nav"": 0.012712492241298043, ""fee"": 4.379930475186879e-06, ""fee_pct_nav"": 3.813747672389413e-06, ""name"": ""中国电信""}]"
2024-03-11,0.01471789,0.02943578,0.01451826,0.01941245,0.00001018,0.00000436,0.00000582,0.00000000,rebalance,"[{""ts_code"": ""01658.HK"", ""side"": ""buy"", ""current_weight"": 0.0, ""target_weight"": 0.012594972551122298, ""post_trade_weight"": 0.012595083774962504, ""diff_weight"": 0.012594972551122298, ""gross_amount"": 0.014518258731171416, ""gross_amount_pct_nav"": 0.012594972551122298, ""fee"": 4.355477619351424e-06, ""fee_pct_nav"": 3.778491765336689e-06, ""name"": ""邮储银行""}, {""ts_code"": ""09633.HK"", ""side"": ""sell"", ""current_weight"": 0.01684080895225501, ""target_weight"": 0.0, ""post_trade_weight"": 0.0, ""diff_weight"": -0.01684080895225501, ""gross_amount"": 0.01941244576902865, ""gross_amount_pct_nav"": 0.01684080895225501, ""fee"": 5.823733730708595e-06, ""fee_pct_nav"": 5.052242685676503e-06, ""name"": ""农夫山泉""}]"
2024-03-25,0.10997834,0.21995667,0.25419392,0.00000000,0.00007626,0.00007626,0.00000000,0.00000000,rebalance,"[{""ts_code"": ""00005.HK"", ""side"": ""buy"", ""current_weight"": 0.04381178305830588, ""target_weight"": 0.07344065404762257, ""post_trade_weight"": 0.07344550049598655, ""diff_weight"": 0.029628870989316682, ""gross_amount"": 0.03424073787989696, ""gross_amount_pct_nav"": 0.029628870989316682, ""fee"": 1.0272221363969087e-05, ""fee_pct_nav"": 8.888661296795003e-06, ""name"": ""汇丰控股""}, {""ts_code"": ""00386.HK"", ""side"": ""buy"", ""current_weight"": 0.023046565715711034, ""target_weight"": 0.03553157122640533, ""post_trade_weight"": 0.03553391600298001, ""diff_weight"": 0.012485005510694291, ""gross_amount"": 0.014428352712963482, ""gross_amount_pct_nav"": 0.012485005510694291, ""fee"": 4.328505813889044e-06, ""fee_pct_nav"": 3.745501653208287e-06, ""name"": ""中国石油化工股份""}, {""ts_code"": ""00857.HK"", ""side"": ""buy"", ""current_weight"": 0.06607138123674329, ""target_weight"": 0.09441511104293397, ""post_trade_weight"": 0.09442134162416155, ""diff_weight"": 0.028343729806190692, ""gross_amount"": 0.03275555869753985, ""gross_amount_pct_nav"": 0.028343729806190692, ""fee"": 9.826667609261954e-06, ""fee_pct_nav"": 8.503118941857207e-06, ""name"": ""中国石油股份""}, {""ts_code"": ""00883.HK"", ""side"": ""buy"", ""current_weight"": 0.037871221070504696, ""target_weight"": 0.05343313378325886, ""post_trade_weight"": 0.05343665990822554, ""diff_weight"": 0.015561912712754165, ""gross_amount"": 0.017984194345420132, ""gross_amount_pct_nav"": 0.015561912712754165, ""fee"": 5.395258303626039e-06, ""fee_pct_nav"": 4.6685738138262496e-06, ""name"": ""中国海洋石油""}, {""ts_code"": ""00939.HK"", ""side"": ""buy"", ""current_weight"": 0.04929524245915499, ""target_weight"": 0.06942617035273223, ""post_trade_weight"": 0.06943075187987258, ""diff_weight"": 0.020130927893577236, ""gross_amount"": 0.023264397267503893, ""gross_amount_pct_nav"": 0.020130927893577236, ""fee"": 6.979319180251167e-06, ""fee_pct_nav"": 6.03927836807317e-06, ""name"": ""建设银行""}, {""ts_code"": ""00941.HK"", ""side"": ""buy"", ""current_weight"": 0.06852280336193925, ""target_weight"": 0.08668609029658023, ""post_trade_weight"": 0.08669181082924632, ""diff_weight"": 0.01816328693464098, ""gross_amount"": 0.020990484152792963, ""gross_amount_pct_nav"": 0.01816328693464098, ""fee"": 6.297145245837888e-06, ""fee_pct_nav"": 5.448986080392293e-06, ""name"": ""中国移动""}, {""ts_code"": ""01088.HK"", ""side"": ""buy"", ""current_weight"": 0.030463370260134116, ""target_weight"": 0.04155995139642127, ""post_trade_weight"": 0.04156269399397932, ""diff_weight"": 0.011096581136287155, ""gross_amount"": 0.012823813846555898, ""gross_amount_pct_nav"": 0.011096581136287155, ""fee"": 3.847144153966769e-06, ""fee_pct_nav"": 3.328974340886146e-06, ""name"": ""中国神华""}, {""ts_code"": ""01288.HK"", ""side"": ""buy"", ""current_weight"": 0.05965270172107733, ""target_weight"": 0.09346105099564264, ""post_trade_weight"": 0.09346721861715375, ""diff_weight"": 0.0338083492745653, ""gross_amount"": 0.039070770738439564, ""gross_amount_pct_nav"": 0.0338083492745653, ""fee"": 1.1721231221531867e-05, ""fee_pct_nav"": 1.0142504782369589e-05, ""name"": ""农业银行""}, {""ts_code"": ""01398.HK"", ""side"": ""buy"", ""current_weight"": 0.06358269369275103, ""target_weight"": 0.09474199675837831, ""post_trade_weight"": 0.09474824891123758, ""diff_weight"": 0.03115930306562728, ""gross_amount"": 0.03600938858504306, ""gross_amount_pct_nav"": 0.03115930306562728, ""fee"": 1.0802816575512917e-05, ""fee_pct_nav"": 9.347790919688184e-06, ""name"": ""工商银行""}, {""ts_code"": ""03988.HK"", ""side"": ""buy"", ""current_weight"": 0.05177986542149977, ""target_weight"": 0.07135857033570993, ""post_trade_weight"": 0.07136327938454595, ""diff_weight"": 0.019578704914210158, ""gross_amount"": 0.022626218300287028, ""gross_amount_pct_nav"": 0.019578704914210158, ""fee"": 6.7878654900861075e-06, ""fee_pct_nav"": 5.873611474263047e-06, ""name"": ""中国银行""}]"
2024-04-08,0.03545965,0.07091929,0.05318510,0.03113840,0.00002530,0.00001596,0.00000934,0.00000000,rebalance,"[{""ts_code"": ""01658.HK"", ""side"": ""sell"", ""current_weight"": 0.011495807246813526, ""target_weight"": 0.0, ""post_trade_weight"": 0.0, ""diff_weight"": -0.011495807246813526, ""gross_amount"": 0.013668589645123214, ""gross_amount_pct_nav"": 0.011495807246813526, ""fee"": 4.100576893536964e-06, ""fee_pct_nav"": 3.448742174044058e-06, ""name"": ""邮储银行""}, {""ts_code"": ""01816.HK"", ""side"": ""sell"", ""current_weight"": 0.014692782580520947, ""target_weight"": 0.0, ""post_trade_weight"": 0.0, ""diff_weight"": -0.014692782580520947, ""gross_amount"": 0.017469814126695838, ""gross_amount_pct_nav"": 0.014692782580520947, ""fee"": 5.2409442380087505e-06, ""fee_pct_nav"": 4.407834774156283e-06, ""name"": ""中广核电力""}, {""ts_code"": ""02899.HK"", ""side"": ""buy"", ""current_weight"": 0.0, ""target_weight"": 0.022022981958635945, ""post_trade_weight"": 0.02202345052489139, ""diff_weight"": 0.022022981958635945, ""gross_amount"": 0.026185468901106176, ""gross_amount_pct_nav"": 0.022022981958635945, ""fee"": 7.855640670331852e-06, ""fee_pct_nav"": 6.606894587590782e-06, ""name"": ""紫金矿业""}, {""ts_code"": ""09633.HK"", ""side"": ""buy"", ""current_weight"": 0.0, ""target_weight"": 0.022707720192573454, ""post_trade_weight"": 0.02270820332748408, ""diff_weight"": 0.022707720192573454, ""gross_amount"": 0.026999627118365125, ""gross_amount_pct_nav"": 0.022707720192573454, ""fee"": 8.099888135509536e-06, ""fee_pct_nav"": 6.812316057772035e-06, ""name"": ""农夫山泉""}]"
2024-04-22,0.12740083,0.25480166,0.01796383,0.28812831,0.00009183,0.00000539,0.00008644,0.00000000,rebalance,"[{""ts_code"": ""00005.HK"", ""side"": ""sell"", ""current_weight"": 0.07319539097448015, ""target_weight"": 0.043209339072059205, ""post_trade_weight"": 0.0432126422679189, ""diff_weight"": -0.029986051902420947, ""gross_amount"": 0.03602211554643505, ""gross_amount_pct_nav"": 0.029986051902420947, ""fee"": 1.0806634663930515e-05, ""fee_pct_nav"": 8.995815570726284e-06, ""name"": ""汇丰控股""}, {""ts_code"": ""00857.HK"", ""side"": ""sell"", ""current_weight"": 0.10245394683655679, ""target_weight"": 0.06777951720884605, ""post_trade_weight"": 0.06778469870491667, ""diff_weight"": -0.034674429627710744, ""gross_amount"": 0.04165424360034822, ""gross_amount_pct_nav"": 0.034674429627710744, ""fee"": 1.2496273080104465e-05, ""fee_pct_nav"": 1.0402328888313222e-05, ""name"": ""中国石油股份""}, {""ts_code"": ""00883.HK"", ""side"": ""sell"", ""current_weight"": 0.051814961788446946, ""target_weight"": 0.034136355690449524, ""post_trade_weight"": 0.03413896528992972, ""diff_weight"": -0.017678606097997422, ""gross_amount"": 0.021237233685657705, ""gross_amount_pct_nav"": 0.017678606097997422, ""fee"": 6.371170105697311e-06, ""fee_pct_nav"": 5.303581829399226e-06, ""name"": ""中国海洋石油""}, {""ts_code"": ""00939.HK"", ""side"": ""sell"", ""current_weight"": 0.06829268343452699, ""target_weight"": 0.041990419819829525, ""post_trade_weight"": 0.041993629833772673, ""diff_weight"": -0.026302263614697462, ""gross_amount"": 0.031596796475395025, ""gross_amount_pct_nav"": 0.026302263614697462, ""fee"": 9.479038942618507e-06, ""fee_pct_nav"": 7.890679084409239e-06, ""name"": ""建设银行""}, {""ts_code"": ""00941.HK"", ""side"": ""sell"", ""current_weight"": 0.08714739339934888, ""target_weight"": 0.05987074086336796, ""post_trade_weight"": 0.05987531776242691, ""diff_weight"": -0.02727665253598091, ""gross_amount"": 0.0327673257075813, ""gross_amount_pct_nav"": 0.02727665253598091, ""fee"": 9.83019771227439e-06, ""fee_pct_nav"": 8.182995760794272e-06, ""name"": ""中国移动""}, {""ts_code"": ""01288.HK"", ""side"": ""sell"", ""current_weight"": 0.09612105377933142, ""target_weight"": 0.06339588989095186, ""post_trade_weight"": 0.06340073627475469, ""diff_weight"": -0.032725163888379545, ""gross_amount"": 0.039312599027685205, ""gross_amount_pct_nav"": 0.032725163888379545, ""fee"": 1.179377970830556e-05, ""fee_pct_nav"": 9.817549166513863e-06, ""name"": ""农业银行""}, {""ts_code"": ""01398.HK"", ""side"": ""sell"", ""current_weight"": 0.09461925636237124, ""target_weight"": 0.06749980778039107, ""post_trade_weight"": 0.06750496789369942, ""diff_weight"": -0.027119448581980177, ""gross_amount"": 0.0325784772718553, ""gross_amount_pct_nav"": 0.027119448581980177, ""fee"": 9.773543181556587e-06, ""fee_pct_nav"": 8.135834574594052e-06, ""name"": ""工商银行""}, {""ts_code"": ""01816.HK"", ""side"": ""buy"", ""current_weight"": 0.0, ""target_weight"": 0.014953709534044322, ""post_trade_weight"": 0.014954852690419327, ""diff_weight"": 0.014953709534044322, ""gross_amount"": 0.01796382712989577, ""gross_amount_pct_nav"": 0.014953709534044322, ""fee"": 5.38914813896873e-06, ""fee_pct_nav"": 4.486112860213296e-06, ""name"": ""中广核电力""}, {""ts_code"": ""03988.HK"", ""side"": ""sell"", ""current_weight"": 0.07205706110393034, ""target_weight"": 0.050551155544364325, ""post_trade_weight"": 0.050555019995228025, ""diff_weight"": -0.021505905559566014, ""gross_amount"": 0.02583495211434827, ""gross_amount_pct_nav"": 0.021505905559566014, ""fee"": 7.75048563430448e-06, ""fee_pct_nav"": 6.451771667869804e-06, ""name"": ""中国银行""}, {""ts_code"": ""09633.HK"", ""side"": ""sell"", ""current_weight"": 0.022579425945004027, ""target_weight"": 0.0, ""post_trade_weight"": 0.0, ""diff_weight"": -0.022579425945004027, ""gross_amount"": 0.027124567549269177, ""gross_amount_pct_nav"": 0.022579425945004027, ""fee"": 8.137370264780752e-06, ""fee_pct_nav"": 6.773827783501206e-06, ""name"": ""农夫山泉""}]"
2024-05-06,0.14001755,0.28003511,0.29769759,0.04453700,0.00010267,0.00008931,0.00001336,0.00000000,rebalance,"[{""ts_code"": ""00005.HK"", ""side"": ""buy"", ""current_weight"": 0.04635595231010166, ""target_weight"": 0.06783956543688528, ""post_trade_weight"": 0.06784526515370298, ""diff_weight"": 0.021483613126783617, ""gross_amount"": 0.02625540642793868, ""gross_amount_pct_nav"": 0.021483613126783617, ""fee"": 7.876621928381603e-06, ""fee_pct_nav"": 6.445083938035084e-06, ""name"": ""汇丰控股""}, {""ts_code"": ""00700.HK"", ""side"": ""buy"", ""current_weight"": 0.0, ""target_weight"": 0.1279892466519069, ""post_trade_weight"": 0.128, ""diff_weight"": 0.1279892466519069, ""gross_amount"": 0.15641734327556303, ""gross_amount_pct_nav"": 0.1279892466519069, ""fee"": 4.6925202982668904e-05, ""fee_pct_nav"": 3.839677399557206e-05, ""name"": ""腾讯控股""}, {""ts_code"": ""00857.HK"", ""side"": ""buy"", ""current_weight"": 0.06539641673934457, ""target_weight"": 0.08188591484874409, ""post_trade_weight"": 0.08189279470599246, ""diff_weight"": 0.01648949810939952, ""gross_amount"": 0.020152032719080504, ""gross_amount_pct_nav"": 0.01648949810939952, ""fee"": 6.04560981572415e-06, ""fee_pct_nav"": 4.9468494328198554e-06, ""name"": ""中国石油股份""}, {""ts_code"": ""00883.HK"", ""side"": ""buy"", ""current_weight"": 0.036432098819358626, ""target_weight"": 0.04970594081295188, ""post_trade_weight"": 0.04971011698632456, ""diff_weight"": 0.013273841993593256, ""gross_amount"": 0.01622213704674952, ""gross_amount_pct_nav"": 0.013273841993593256, ""fee"": 4.866641114024855e-06, ""fee_pct_nav"": 3.982152598077977e-06, ""name"": ""中国海洋石油""}, {""ts_code"": ""00939.HK"", ""side"": ""buy"", ""current_weight"": 0.04391167452985474, ""target_weight"": 0.06305141779255675, ""post_trade_weight"": 0.0630567152207472, ""diff_weight"": 0.019139743262702014, ""gross_amount"": 0.023390932210660076, ""gross_amount_pct_nav"": 0.019139743262702014, ""fee"": 7.017279663198022e-06, ""fee_pct_nav"": 5.741922978810604e-06, ""name"": ""建设银行""}, {""ts_code"": ""01398.HK"", ""side"": ""buy"", ""current_weight"": 0.06948466376294613, ""target_weight"": 0.08533577959471764, ""post_trade_weight"": 0.08534294930128897, ""diff_weight"": 0.015851115831771508, ""gross_amount"": 0.01937185733346901, ""gross_amount_pct_nav"": 0.015851115831771508, ""fee"": 5.811557200040702e-06, ""fee_pct_nav"": 4.755334749531452e-06, ""name"": ""工商银行""}, {""ts_code"": ""01816.HK"", ""side"": ""sell"", ""current_weight"": 0.014357151379125379, ""target_weight"": 0.0, ""post_trade_weight"": 0.0, ""diff_weight"": -0.014357151379125379, ""gross_amount"": 0.017546063708270287, ""gross_amount_pct_nav"": 0.014357151379125379, ""fee"": 5.263819112481085e-06, ""fee_pct_nav"": 4.307145413737613e-06, ""name"": ""中广核电力""}, {""ts_code"": ""02899.HK"", ""side"": ""sell"", ""current_weight"": 0.02208546101970196, ""target_weight"": 0.0, ""post_trade_weight"": 0.0, ""diff_weight"": -0.02208546101970196, ""gross_amount"": 0.026990932661031638, ""gross_amount_pct_nav"": 0.02208546101970196, ""fee"": 8.09727979830949e-06, ""fee_pct_nav"": 6.625638305910587e-06, ""name"": ""紫金矿业""}, {""ts_code"": ""03968.HK"", ""side"": ""buy"", ""current_weight"": 0.0, ""target_weight"": 0.029365435216458024, ""post_trade_weight"": 0.029367902429564195, ""diff_weight"": 0.029365435216458024, ""gross_amount"": 0.0358878849656905, ""gross_amount_pct_nav"": 0.029365435216458024, ""fee"": 1.076636548970715e-05, ""fee_pct_nav"": 8.809630564937406e-06, ""name"": ""招商银行""}]"
2024-05-20,0.02741190,0.05482380,0.04680515,0.02451819,0.00002140,0.00001404,0.00000736,0.00000000,rebalance,"[{""ts_code"": ""00941.HK"", ""side"": ""buy"", ""current_weight"": 0.058493012828068014, ""target_weight"": 0.07409491547315307, ""post_trade_weight"": 0.07409613414263391, ""diff_weight"": 0.015601902645085057, ""gross_amount"": 0.020297384870275298, ""gross_amount_pct_nav"": 0.015601902645085057, ""fee"": 6.089215461082589e-06, ""fee_pct_nav"": 4.680570793525517e-06, ""name"": ""中国移动""}, {""ts_code"": ""02899.HK"", ""side"": ""buy"", ""current_weight"": 0.0, ""target_weight"": 0.02037560936770133, ""post_trade_weight"": 0.020375944493710062, ""diff_weight"": 0.02037560936770133, ""gross_amount"": 0.026507766053322012, ""gross_amount_pct_nav"": 0.02037560936770133, ""fee"": 7.952329815996602e-06, ""fee_pct_nav"": 6.112682810310398e-06, ""name"": ""紫金矿业""}, {""ts_code"": ""03328.HK"", ""side"": ""sell"", ""current_weight"": 0.018846287498521103, ""target_weight"": 0.0, ""post_trade_weight"": 0.0, ""diff_weight"": -0.018846287498521103, ""gross_amount"": 0.024518185982518367, ""gross_amount_pct_nav"": 0.018846287498521103, ""fee"": 7.355455794755509e-06, ""fee_pct_nav"": 5.653886249556329e-06, ""name"": ""交通银行""}]"
2024-06-03,0.09848766,0.19697532,0.23034206,0.02310648,0.00007603,0.00006910,0.00000693,0.00000000,rebalance,"[{""ts_code"": ""00700.HK"", ""side"": ""buy"", ""current_weight"": 0.125265762780889, ""target_weight"": 0.1364418079237116, ""post_trade_weight"": 0.1364498711006321, ""diff_weight"": 0.01117604514282261, ""gross_amount"": 0.014380240200516509, ""gross_amount_pct_nav"": 0.01117604514282261, ""fee"": 4.314072060154953e-06, ""fee_pct_nav"": 3.352813542846783e-06, ""name"": ""腾讯控股""}, {""ts_code"": ""00728.HK"", ""side"": ""buy"", ""current_weight"": 0.01880604291747615, ""target_weight"": 0.0320761301539362, ""post_trade_weight"": 0.032078025727707106, ""diff_weight"": 0.01327008723646005, ""gross_amount"": 0.017074648456001918, ""gross_amount_pct_nav"": 0.01327008723646005, ""fee"": 5.122394536800575e-06, ""fee_pct_nav"": 3.981026170938014e-06, ""name"": ""中国电信""}, {""ts_code"": ""00857.HK"", ""side"": ""buy"", ""current_weight"": 0.0873288134033453, ""target_weight"": 0.10775689388601567, ""post_trade_weight"": 0.10776326189676712, ""diff_weight"": 0.020428080482670363, ""gross_amount"": 0.026284853042575593, ""gross_amount_pct_nav"": 0.020428080482670363, ""fee"": 7.885455912772676e-06, ""fee_pct_nav"": 6.1284241448011085e-06, ""name"": ""中国石油股份""}, {""ts_code"": ""00883.HK"", ""side"": ""buy"", ""current_weight"": 0.05039609019123745, ""target_weight"": 0.06576732808148698, ""post_trade_weight"": 0.0657712146732141, ""diff_weight"": 0.015371237890249538, ""gross_amount"": 0.01977820331041029, ""gross_amount_pct_nav"": 0.015371237890249538, ""fee"": 5.933460993123086e-06, ""fee_pct_nav"": 4.611371367074861e-06, ""name"": ""中国海洋石油""}, {""ts_code"": ""00939.HK"", ""side"": ""buy"", ""current_weight"": 0.06447398278536028, ""target_weight"": 0.07681056685571182, ""post_trade_weight"": 0.07681510605963578, ""diff_weight"": 0.012336584070351533, ""gross_amount"": 0.015873508018124913, ""gross_amount_pct_nav"": 0.012336584070351533, ""fee"": 4.762052405437474e-06, ""fee_pct_nav"": 3.7009752211054594e-06, ""name"": ""建设银行""}, {""ts_code"": ""00941.HK"", ""side"": ""buy"", ""current_weight"": 0.07734790872019573, ""target_weight"": 0.10192755414887932, ""post_trade_weight"": 0.10193357766846382, ""diff_weight"": 0.024579645428683586, ""gross_amount"": 0.031626680170936367, ""gross_amount_pct_nav"": 0.024579645428683586, ""fee"": 9.488004051280908e-06, ""fee_pct_nav"": 7.373893628605075e-06, ""name"": ""中国移动""}, {""ts_code"": ""01288.HK"", ""side"": ""buy"", ""current_weight"": 0.06516242272579352, ""target_weight"": 0.08683459652079445, ""post_trade_weight"": 0.08683972810564532, ""diff_weight"": 0.021672173795000926, ""gross_amount"": 0.027885630458427305, ""gross_amount_pct_nav"": 0.021672173795000926, ""fee"": 8.365689137528191e-06, ""fee_pct_nav"": 6.501652138500277e-06, ""name"": ""农业银行""}, {""ts_code"": ""01398.HK"", ""side"": ""buy"", ""current_weight"": 0.08450550953014098, ""target_weight"": 0.1018626054105704, ""post_trade_weight"": 0.10186862509193864, ""diff_weight"": 0.017357095880429427, ""gross_amount"": 0.022333410858157307, ""gross_amount_pct_nav"": 0.017357095880429427, ""fee"": 6.700023257447191e-06, ""fee_pct_nav"": 5.207128764128827e-06, ""name"": ""工商银行""}, {""ts_code"": ""02899.HK"", ""side"": ""sell"", ""current_weight"": 0.017957911111523815, ""target_weight"": 0.0, ""post_trade_weight"": 0.0, ""diff_weight"": -0.017957911111523815, ""gross_amount"": 0.023106481047911756, ""gross_amount_pct_nav"": 0.017957911111523815, ""fee"": 6.931944314373526e-06, ""fee_pct_nav"": 5.3873733334571445e-06, ""name"": ""紫金矿业""}, {""ts_code"": ""03328.HK"", ""side"": ""buy"", ""current_weight"": 0.0, ""target_weight"": 0.023782957817669915, ""post_trade_weight"": 0.02378436329740882, ""diff_weight"": 0.023782957817669915, ""gross_amount"": 0.03060158058832509, ""gross_amount_pct_nav"": 0.023782957817669915, ""fee"": 9.180474176497526e-06, ""fee_pct_nav"": 7.134887345300974e-06, ""name"": ""交通银行""}, {""ts_code"": ""03988.HK"", ""side"": ""buy"", ""current_weight"": 0.051811122661756435, ""target_weight"": 0.07085461924465235, ""post_trade_weight"": 0.07085880647537947, ""diff_weight"": 0.01904349658289591, ""gross_amount"": 0.02450330609979938, ""gross_amount_pct_nav"": 0.01904349658289591, ""fee"": 7.350991829939813e-06, ""fee_pct_nav"": 5.713048974868771e-06, ""name"": ""中国银行""}]"
2024-06-17,0.03385470,0.06770940,0.05611304,0.03010712,0.00002587,0.00001683,0.00000903,0.00000000,rebalance,"[{""ts_code"": ""00700.HK"", ""side"": ""buy"", ""current_weight"": 0.14014810467486272, ""target_weight"": 0.15999674994882337, ""post_trade_weight"": 0.1600000000000099, ""diff_weight"": 0.01984864527396066, ""gross_amount"": 0.025274974382655774, ""gross_amount_pct_nav"": 0.01984864527396066, ""fee"": 7.582492314796732e-06, ""fee_pct_nav"": 5.9545935821881975e-06, ""name"": ""腾讯控股""}, {""ts_code"": ""01816.HK"", ""side"": ""buy"", ""current_weight"": 0.0, ""target_weight"": 0.024217385018505323, ""post_trade_weight"": 0.02421787695187859, ""diff_weight"": 0.024217385018505323, ""gross_amount"": 0.03083806363150822, ""gross_amount_pct_nav"": 0.024217385018505323, ""fee"": 9.251419089452466e-06, ""fee_pct_nav"": 7.2652155055515965e-06, ""name"": ""中广核电力""}, {""ts_code"": ""03328.HK"", ""side"": ""sell"", ""current_weight"": 0.023643369427088886, ""target_weight"": 0.0, ""post_trade_weight"": 0.0, ""diff_weight"": -0.023643369427088886, ""gross_amount"": 0.030107120578818942, ""gross_amount_pct_nav"": 0.023643369427088886, ""fee"": 9.032136173645682e-06, ""fee_pct_nav"": 7.093010828126666e-06, ""name"": ""交通银行""}]"
2024-07-02,0.03149857,0.06299715,0.03055922,0.05488663,0.00002563,0.00000917,0.00001647,0.00000000,rebalance,"[{""ts_code"": ""00883.HK"", ""side"": ""sell"", ""current_weight"": 0.07376809349876261, ""target_weight"": 0.057962044728505024, ""post_trade_weight"": 0.05796314018226868, ""diff_weight"": -0.01580604877025758, ""gross_amount"": 0.02143845262429267, ""gross_amount_pct_nav"": 0.01580604877025758, ""fee"": 6.4315357872878e-06, ""fee_pct_nav"": 4.7418146310772734e-06, ""name"": ""中国海洋石油""}, {""ts_code"": ""01816.HK"", ""side"": ""sell"", ""current_weight"": 0.02466052952502739, ""target_weight"": 0.0, ""post_trade_weight"": 0.0, ""diff_weight"": -0.02466052952502739, ""gross_amount"": 0.03344818186991174, ""gross_amount_pct_nav"": 0.02466052952502739, ""fee"": 1.0034454560973522e-05, ""fee_pct_nav"": 7.398158857508217e-06, ""name"": ""中广核电力""}, {""ts_code"": ""03328.HK"", ""side"": ""buy"", ""current_weight"": 0.0, ""target_weight"": 0.022530570134620266, ""post_trade_weight"": 0.02253099595116913, ""diff_weight"": 0.022530570134620266, ""gross_amount"": 0.03055922245022204, ""gross_amount_pct_nav"": 0.022530570134620266, ""fee"": 9.167766735066612e-06, ""fee_pct_nav"": 6.75917104038608e-06, ""name"": ""交通银行""}]"
2024-07-15,0.01575620,0.03151240,0.02863756,0.01522618,0.00001316,0.00000859,0.00000457,0.00000000,rebalance,"[{""ts_code"": ""00700.HK"", ""side"": ""buy"", ""current_weight"": 0.1498239259909914, ""target_weight"": 0.15999848740495579, ""post_trade_weight"": 0.1600000000000016, ""diff_weight"": 0.010174561413964384, ""gross_amount"": 0.014162499648888577, ""gross_amount_pct_nav"": 0.010174561413964384, ""fee"": 4.248749894666573e-06, ""fee_pct_nav"": 3.052368424189315e-06, ""name"": ""腾讯控股""}, {""ts_code"": ""00941.HK"", ""side"": ""sell"", ""current_weight"": 0.10155751874563962, ""target_weight"": 0.09061878973172043, ""post_trade_weight"": 0.0906196464243969, ""diff_weight"": -0.01093872901391919, ""gross_amount"": 0.015226184158296352, ""gross_amount_pct_nav"": 0.01093872901391919, ""fee"": 4.567855247488905e-06, ""fee_pct_nav"": 3.2816187041757565e-06, ""name"": ""中国移动""}, {""ts_code"": ""03968.HK"", ""side"": ""buy"", ""current_weight"": 0.028224712087742472, ""target_weight"": 0.03862381844837941, ""post_trade_weight"": 0.03862418359055909, ""diff_weight"": 0.010399106360636937, ""gross_amount"": 0.014475055404269355, ""gross_amount_pct_nav"": 0.010399106360636937, ""fee"": 4.342516621280806e-06, ""fee_pct_nav"": 3.119731908191081e-06, ""name"": ""招商银行""}]"
2024-07-29,0.03791683,0.07583365,0.03362894,0.06660334,0.00003007,0.00001009,0.00001998,0.00000000,rebalance,"[{""ts_code"": ""00857.HK"", ""side"": ""sell"", ""current_weight"": 0.09647962812935866, ""target_weight"": 0.0861775661001575, ""post_trade_weight"": 0.08617952669262859, ""diff_weight"": -0.010302062029201156, ""gross_amount"": 0.013616634883354212, ""gross_amount_pct_nav"": 0.010302062029201156, ""fee"": 4.084990465006263e-06, ""fee_pct_nav"": 3.090618608760347e-06, ""name"": ""中国石油股份""}, {""ts_code"": ""00939.HK"", ""side"": ""sell"", ""current_weight"": 0.08479859384555659, ""target_weight"": 0.0675509058380098, ""post_trade_weight"": 0.06755244266253843, ""diff_weight"": -0.017247688007546794, ""gross_amount"": 0.022796938080461446, ""gross_amount_pct_nav"": 0.017247688007546794, ""fee"": 6.839081424138433e-06, ""fee_pct_nav"": 5.174306402264038e-06, ""name"": ""建设银行""}, {""ts_code"": ""01211.HK"", ""side"": ""buy"", ""current_weight"": 0.0, ""target_weight"": 0.025442953552552255, ""post_trade_weight"": 0.025443532395346666, ""diff_weight"": 0.025442953552552255, ""gross_amount"": 0.033628938352073603, ""gross_amount_pct_nav"": 0.025442953552552255, ""fee"": 1.008868150562208e-05, ""fee_pct_nav"": 7.632886065765675e-06, ""name"": ""比亚迪股份""}, {""ts_code"": ""03328.HK"", ""side"": ""sell"", ""current_weight"": 0.022840948412596044, ""target_weight"": 0.0, ""post_trade_weight"": 0.0, ""diff_weight"": -0.022840948412596044, ""gross_amount"": 0.030189767256523323, ""gross_amount_pct_nav"": 0.022840948412596044, ""fee"": 9.056930176956995e-06, ""fee_pct_nav"": 6.852284523778812e-06, ""name"": ""交通银行""}]"
2024-08-12,0.05139275,0.10278550,0.08141974,0.05352967,0.00004048,0.00002443,0.00001606,0.00000000,rebalance,"[{""ts_code"": ""00857.HK"", ""side"": ""sell"", ""current_weight"": 0.0837429965531375, ""target_weight"": 0.06661512237546524, ""post_trade_weight"": 0.06661717655942336, ""diff_weight"": -0.01712787417767226, ""gross_amount"": 0.02248757421302927, ""gross_amount_pct_nav"": 0.01712787417767226, ""fee"": 6.746272263908781e-06, ""fee_pct_nav"": 5.1383622533016775e-06, ""name"": ""中国石油股份""}, {""ts_code"": ""01211.HK"", ""side"": ""sell"", ""current_weight"": 0.023643507546394275, ""target_weight"": 0.0, ""post_trade_weight"": 0.0, ""diff_weight"": -0.023643507546394275, ""gross_amount"": 0.031042096940375633, ""gross_amount_pct_nav"": 0.023643507546394275, ""fee"": 9.312629082112689e-06, ""fee_pct_nav"": 7.093052263918282e-06, ""name"": ""比亚迪股份""}, {""ts_code"": ""01288.HK"", ""side"": ""buy"", ""current_weight"": 0.08943186502350937, ""target_weight"": 0.1045888287552746, ""post_trade_weight"": 0.10459205391926991, ""diff_weight"": 0.015156963731765238, ""gross_amount"": 0.019899921217694613, ""gross_amount_pct_nav"": 0.015156963731765238, ""fee"": 5.969976365308384e-06, ""fee_pct_nav"": 4.547089119529571e-06, ""name"": ""农业银行""}, {""ts_code"": ""01398.HK"", ""side"": ""buy"", ""current_weight"": 0.11561028251092789, ""target_weight"": 0.12591377717129265, ""post_trade_weight"": 0.12591765992421644, ""diff_weight"": 0.010303494660364756, ""gross_amount"": 0.013527691669439401, ""gross_amount_pct_nav"": 0.010303494660364756, ""fee"": 4.05830750083182e-06, ""fee_pct_nav"": 3.0910483981094262e-06, ""name"": ""工商银行""}, {""ts_code"": ""03328.HK"", ""side"": ""buy"", ""current_weight"": 0.0, ""target_weight"": 0.02581880411819178, ""post_trade_weight"": 0.025819600282356105, ""diff_weight"": 0.02581880411819178, ""gross_amount"": 0.033898093112826065, ""gross_amount_pct_nav"": 0.02581880411819178, ""fee"": 1.0169427933847819e-05, ""fee_pct_nav"": 7.745641235457534e-06, ""name"": ""交通银行""}, {""ts_code"": ""03988.HK"", ""side"": ""buy"", ""current_weight"": 0.07270082487150971, ""target_weight"": 0.0834356815254241, ""post_trade_weight"": 0.08343825439825557, ""diff_weight"": 0.0107348566539144, ""gross_amount"": 0.014094036607638041, ""gross_amount_pct_nav"": 0.0107348566539144, ""fee"": 4.228210982291412e-06, ""fee_pct_nav"": 3.22045699617432e-06, ""name"": ""中国银行""}]"
2024-08-26,0.04858510,0.09717020,0.07247651,0.06094622,0.00004003,0.00002174,0.00001828,0.00000000,rebalance,"[{""ts_code"": ""00728.HK"", ""side"": ""sell"", ""current_weight"": 0.03319291436150282, ""target_weight"": 0.0, ""post_trade_weight"": 0.0, ""diff_weight"": -0.03319291436150282, ""gross_amount"": 0.045576619424905145, ""gross_amount_pct_nav"": 0.03319291436150282, ""fee"": 1.3672985827471543e-05, ""fee_pct_nav"": 9.957874308450845e-06, ""name"": ""中国电信""}, {""ts_code"": ""00883.HK"", ""side"": ""sell"", ""current_weight"": 0.050649082249804515, ""target_weight"": 0.03945558305702936, ""post_trade_weight"": 0.03945673326267929, ""diff_weight"": -0.011193499192775154, ""gross_amount"": 0.015369601089736867, ""gross_amount_pct_nav"": 0.011193499192775154, ""fee"": 4.6108803269210596e-06, ""fee_pct_nav"": 3.358049757832546e-06, ""name"": ""中国海洋石油""}, {""ts_code"": ""00939.HK"", ""side"": ""buy"", ""current_weight"": 0.06835957206714052, ""target_weight"": 0.0825067359524315, ""post_trade_weight"": 0.08250914118146369, ""diff_weight"": 0.014147163885290989, ""gross_amount"": 0.019425227243362708, ""gross_amount_pct_nav"": 0.014147163885290989, ""fee"": 5.827568173008812e-06, ""fee_pct_nav"": 4.244149165587296e-06, ""name"": ""建设银行""}, {""ts_code"": ""00941.HK"", ""side"": ""buy"", ""current_weight"": 0.09007452387534753, ""target_weight"": 0.1002684577015535, ""post_trade_weight"": 0.10027138071871919, ""diff_weight"": 0.010193933826205955, ""gross_amount"": 0.013997115088469167, ""gross_amount_pct_nav"": 0.010193933826205955, ""fee"": 4.1991345265407495e-06, ""fee_pct_nav"": 3.058180147861786e-06, ""name"": ""中国移动""}, {""ts_code"": ""02628.HK"", ""side"": ""buy"", ""current_weight"": 0.0, ""target_weight"": 0.028442693058286606, ""post_trade_weight"": 0.02844352221714627, ""diff_weight"": 0.028442693058286606, ""gross_amount"": 0.03905417230975041, ""gross_amount_pct_nav"": 0.028442693058286606, ""fee"": 1.1716251692925122e-05, ""fee_pct_nav"": 8.532807917485981e-06, ""name"": ""中国人寿""}]"
2024-09-09,0.04134590,0.08269180,0.05982634,0.04598965,0.00003174,0.00001795,0.00001380,0.00000000,rebalance,"[{""ts_code"": ""00005.HK"", ""side"": ""buy"", ""current_weight"": 0.06803686766726251, ""target_weight"": 0.08492532737204274, ""post_trade_weight"": 0.08492743421286125, ""diff_weight"": 0.016888459704780225, ""gross_amount"": 0.0216112000631571, ""gross_amount_pct_nav"": 0.016888459704780225, ""fee"": 6.48336001894713e-06, ""fee_pct_nav"": 5.066537911434068e-06, ""name"": ""汇丰控股""}, {""ts_code"": ""00728.HK"", ""side"": ""buy"", ""current_weight"": 0.0, ""target_weight"": 0.029863906168724207, ""post_trade_weight"": 0.02986464703718434, ""diff_weight"": 0.029863906168724207, ""gross_amount"": 0.038215139933511715, ""gross_amount_pct_nav"": 0.029863906168724207, ""fee"": 1.1464541980053514e-05, ""fee_pct_nav"": 8.959171850617262e-06, ""name"": ""中国电信""}, {""ts_code"": ""00857.HK"", ""side"": ""sell"", ""current_weight"": 0.06076478888163231, ""target_weight"": 0.0488781504872839, ""post_trade_weight"": 0.04887936306409422, ""diff_weight"": -0.011886638394348406, ""gross_amount"": 0.01521065419281295, ""gross_amount_pct_nav"": 0.011886638394348406, ""fee"": 4.563196257843885e-06, ""fee_pct_nav"": 3.5659915183045217e-06, ""name"": ""中国石油股份""}, {""ts_code"": ""03328.HK"", ""side"": ""sell"", ""current_weight"": 0.024052799546513164, ""target_weight"": 0.0, ""post_trade_weight"": 0.0, ""diff_weight"": -0.024052799546513164, ""gross_amount"": 0.03077899773959728, ""gross_amount_pct_nav"": 0.024052799546513164, ""fee"": 9.233699321879184e-06, ""fee_pct_nav"": 7.215839863953949e-06, ""name"": ""交通银行""}]"
2024-09-23,0.06498640,0.12997280,0.08866230,0.08570094,0.00005231,0.00002660,0.00002571,0.00000000,rebalance,"[{""ts_code"": ""00386.HK"", ""side"": ""sell"", ""current_weight"": 0.03506764047815182, ""target_weight"": 0.0, ""post_trade_weight"": 0.0, ""diff_weight"": -0.03506764047815182, ""gross_amount"": 0.04704451671335935, ""gross_amount_pct_nav"": 0.03506764047815182, ""fee"": 1.4113355014007804e-05, ""fee_pct_nav"": 1.0520292143445544e-05, ""name"": ""中国石油化工股份""}, {""ts_code"": ""00728.HK"", ""side"": ""sell"", ""current_weight"": 0.028815038378976587, ""target_weight"": 0.0, ""post_trade_weight"": 0.0, ""diff_weight"": -0.028815038378976587, ""gross_amount"": 0.03865642330456843, ""gross_amount_pct_nav"": 0.028815038378976587, ""fee"": 1.1596926991370528e-05, ""fee_pct_nav"": 8.644511513692975e-06, ""name"": ""中国电信""}, {""ts_code"": ""01211.HK"", ""side"": ""buy"", ""current_weight"": 0.0, ""target_weight"": 0.038137970056808634, ""post_trade_weight"": 0.03813945718440657, ""diff_weight"": 0.038137970056808634, ""gross_amount"": 0.05116347565126205, ""gross_amount_pct_nav"": 0.038137970056808634, ""fee"": 1.5349042695378613e-05, ""fee_pct_nav"": 1.1441391017042588e-05, ""name"": ""比亚迪股份""}, {""ts_code"": ""01810.HK"", ""side"": ""buy"", ""current_weight"": 0.0, ""target_weight"": 0.02795214983715105, ""post_trade_weight"": 0.027953239785393772, ""diff_weight"": 0.02795214983715105, ""gross_amount"": 0.03749882690303782, ""gross_amount_pct_nav"": 0.02795214983715105, ""fee"": 1.1249648070911345e-05, ""fee_pct_nav"": 8.385644951145314e-06, ""name"": ""小米集团-W""}]"
2024-10-07,0.14859857,0.29719715,0.20946547,0.25288583,0.00013871,0.00006284,0.00007587,0.00000000,rebalance,"[{""ts_code"": ""00005.HK"", ""side"": ""sell"", ""current_weight"": 0.07329324534424637, ""target_weight"": 0.05365130708465525, ""post_trade_weight"": 0.05365609101582572, ""diff_weight"": -0.01964193825959112, ""gross_amount"": 0.03055707502281664, ""gross_amount_pct_nav"": 0.01964193825959112, ""fee"": 9.16712250684499e-06, ""fee_pct_nav"": 5.8925814778773345e-06, ""name"": ""汇丰控股""}, {""ts_code"": ""00700.HK"", ""side"": ""sell"", ""current_weight"": 0.1755159376654189, ""target_weight"": 0.15998573453689696, ""post_trade_weight"": 0.16000000000001183, ""diff_weight"": -0.01553020312852193, ""gross_amount"": 0.02416042530253351, ""gross_amount_pct_nav"": 0.01553020312852193, ""fee"": 7.2481275907600524e-06, ""fee_pct_nav"": 4.659060938556578e-06, ""name"": ""腾讯控股""}, {""ts_code"": ""00857.HK"", ""side"": ""sell"", ""current_weight"": 0.04862012349443772, ""target_weight"": 0.0, ""post_trade_weight"": 0.0, ""diff_weight"": -0.04862012349443772, ""gross_amount"": 0.07563860254538192, ""gross_amount_pct_nav"": 0.04862012349443772, ""fee"": 2.2691580763614574e-05, ""fee_pct_nav"": 1.4586037048331314e-05, ""name"": ""中国石油股份""}, {""ts_code"": ""00939.HK"", ""side"": ""buy"", ""current_weight"": 0.07840346808892883, ""target_weight"": 0.09520231898375812, ""post_trade_weight"": 0.09521080789793442, ""diff_weight"": 0.0167988508948293, ""gross_amount"": 0.026134067845354034, ""gross_amount_pct_nav"": 0.0167988508948293, ""fee"": 7.840220353606209e-06, ""fee_pct_nav"": 5.0396552684487896e-06, ""name"": ""建设银行""}, {""ts_code"": ""00941.HK"", ""side"": ""sell"", ""current_weight"": 0.09386441360704738, ""target_weight"": 0.06253208636028885, ""post_trade_weight"": 0.06253766216474449, ""diff_weight"": -0.03133232724675853, ""gross_amount"": 0.04874387963474705, ""gross_amount_pct_nav"": 0.03133232724675853, ""fee"": 1.4623163890424114e-05, ""fee_pct_nav"": 9.39969817402756e-06, ""name"": ""中国移动""}, {""ts_code"": ""01288.HK"", ""side"": ""sell"", ""current_weight"": 0.09681677663608111, ""target_weight"": 0.07970827842071238, ""post_trade_weight"": 0.07971538577630913, ""diff_weight"": -0.017108498215368733, ""gross_amount"": 0.0266157879423876, ""gross_amount_pct_nav"": 0.017108498215368733, ""fee"": 7.984736382716279e-06, ""fee_pct_nav"": 5.1325494646106195e-06, ""name"": ""农业银行""}, {""ts_code"": ""01810.HK"", ""side"": ""sell"", ""current_weight"": 0.030320681888440594, ""target_weight"": 0.0, ""post_trade_weight"": 0.0, ""diff_weight"": -0.030320681888440594, ""gross_amount"": 0.04717005719919842, ""gross_amount_pct_nav"": 0.030320681888440594, ""fee"": 1.4151017159759525e-05, ""fee_pct_nav"": 9.096204566532176e-06, ""name"": ""小米集团-W""}, {""ts_code"": ""02318.HK"", ""side"": ""buy"", ""current_weight"": 0.0, ""target_weight"": 0.040738269169220666, ""post_trade_weight"": 0.040741901682318664, ""diff_weight"": 0.040738269169220666, ""gross_amount"": 0.06337675696010907, ""gross_amount_pct_nav"": 0.040738269169220666, ""fee"": 1.901302708803272e-05, ""fee_pct_nav"": 1.22214807507662e-05, ""name"": ""中国平安""}, {""ts_code"": ""02628.HK"", ""side"": ""buy"", ""current_weight"": 0.046813404995968706, ""target_weight"": 0.06122110425009182, ""post_trade_weight"": 0.061226563158081705, ""diff_weight"": 0.014407699254123114, ""gross_amount"": 0.02241413964324232, ""gross_amount_pct_nav"": 0.014407699254123114, ""fee"": 6.724241892972695e-06, ""fee_pct_nav"": 4.322309776236934e-06, ""name"": ""中国人寿""}, {""ts_code"": ""03690.HK"", ""side"": ""buy"", ""current_weight"": 0.0, ""target_weight"": 0.06269855667518416, ""post_trade_weight"": 0.0627041473233141, ""diff_weight"": 0.06269855667518416, ""gross_amount"": 0.09754050108626122, ""gross_amount_pct_nav"": 0.06269855667518416, ""fee"": 2.9262150325878365e-05, ""fee_pct_nav"": 1.8809567002555248e-05, ""name"": ""美团-W""}]"
2024-10-21,0.07573248,0.15146496,0.10885486,0.10803545,0.00006507,0.00003266,0.00003241,0.00000000,rebalance,"[{""ts_code"": ""00941.HK"", ""side"": ""buy"", ""current_weight"": 0.06433535360435251, ""target_weight"": 0.07589867544398825, ""post_trade_weight"": 0.07590212439764443, ""diff_weight"": 0.011563321839635736, ""gross_amount"": 0.016558103388742168, ""gross_amount_pct_nav"": 0.011563321839635736, ""fee"": 4.96743101662265e-06, ""fee_pct_nav"": 3.4689965518907204e-06, ""name"": ""中国移动""}, {""ts_code"": ""01211.HK"", ""side"": ""sell"", ""current_weight"": 0.04271538876273675, ""target_weight"": 0.0, ""post_trade_weight"": 0.0, ""diff_weight"": -0.04271538876273675, ""gross_amount"": 0.061166318228671836, ""gross_amount_pct_nav"": 0.04271538876273675, ""fee"": 1.834989546860155e-05, ""fee_pct_nav"": 1.2814616628821024e-05, ""name"": ""比亚迪股份""}, {""ts_code"": ""01288.HK"", ""side"": ""buy"", ""current_weight"": 0.08884628183464155, ""target_weight"": 0.11445293114509879, ""post_trade_weight"": 0.11445813206399527, ""diff_weight"": 0.025606649310457245, ""gross_amount"": 0.036667451844890536, ""gross_amount_pct_nav"": 0.025606649310457245, ""fee"": 1.100023555346716e-05, ""fee_pct_nav"": 7.681994793137173e-06, ""name"": ""农业银行""}, {""ts_code"": ""01810.HK"", ""side"": ""buy"", ""current_weight"": 0.0, ""target_weight"": 0.038848626031750606, ""post_trade_weight"": 0.03885039137363577, ""diff_weight"": 0.038848626031750606, ""gross_amount"": 0.05562930577089002, ""gross_amount_pct_nav"": 0.038848626031750606, ""fee"": 1.6688791731267007e-05, ""fee_pct_nav"": 1.1654587809525181e-05, ""name"": ""小米集团-W""}, {""ts_code"": ""02628.HK"", ""side"": ""sell"", ""current_weight"": 0.0533391391429687, ""target_weight"": 0.034513438254973564, ""post_trade_weight"": 0.03451500659919513, ""diff_weight"": -0.01882570088799514, ""gross_amount"": 0.0269574700066273, ""gross_amount_pct_nav"": 0.01882570088799514, ""fee"": 8.08724100198819e-06, ""fee_pct_nav"": 5.647710266398542e-06, ""name"": ""中国人寿""}, {""ts_code"": ""03690.HK"", ""side"": ""sell"", ""current_weight"": 0.05789325908663208, ""target_weight"": 0.04398798655813466, ""post_trade_weight"": 0.04398998544054177, ""diff_weight"": -0.01390527252849742, ""gross_amount"": 0.01991166062560701, ""gross_amount_pct_nav"": 0.01390527252849742, ""fee"": 5.973498187682102e-06, ""fee_pct_nav"": 4.171581758549226e-06, ""name"": ""美团-W""}]"
2024-11-04,0.01728655,0.03457310,0.02744389,0.02242502,0.00001496,0.00000823,0.00000673,0.00000000,rebalance,"[{""ts_code"": ""00005.HK"", ""side"": ""buy"", ""current_weight"": 0.05918107505118364, ""target_weight"": 0.07820736616023641, ""post_trade_weight"": 0.07820817733001419, ""diff_weight"": 0.019026291109052774, ""gross_amount"": 0.027443893771049083, ""gross_amount_pct_nav"": 0.019026291109052774, ""fee"": 8.233168131314723e-06, ""fee_pct_nav"": 5.707887332715831e-06, ""name"": ""汇丰控股""}, {""ts_code"": ""01288.HK"", ""side"": ""sell"", ""current_weight"": 0.11506048476431861, ""target_weight"": 0.09951367429269507, ""post_trade_weight"": 0.09951470645231154, ""diff_weight"": -0.015546810471623545, ""gross_amount"": 0.022425022965135932, ""gross_amount_pct_nav"": 0.015546810471623545, ""fee"": 6.727506889540779e-06, ""fee_pct_nav"": 4.664043141487063e-06, ""name"": ""农业银行""}]"
2024-11-18,0.00566087,0.01132173,0.01601330,0.00000000,0.00000480,0.00000480,0.00000000,0.00000000,rebalance,"[{""ts_code"": ""00700.HK"", ""side"": ""buy"", ""current_weight"": 0.14867772164719614, ""target_weight"": 0.1599994565567256, ""post_trade_weight"": 0.16000000000000128, ""diff_weight"": 0.011321734909529447, ""gross_amount"": 0.016013302999625556, ""gross_amount_pct_nav"": 0.011321734909529447, ""fee"": 4.803990899887666e-06, ""fee_pct_nav"": 3.3965204728588335e-06, ""name"": ""腾讯控股""}]"
2024-12-02,0.00000000,0.00000000,0.00000000,0.00000000,0.00000000,0.00000000,0.00000000,0.00000000,rebalance,
2024-12-16,0.03328068,0.06656135,0.04793749,0.04862069,0.00002897,0.00001438,0.00001459,0.00000000,rebalance,"[{""ts_code"": ""00728.HK"", ""side"": ""buy"", ""current_weight"": 0.0, ""target_weight"": 0.03304519571959463, ""post_trade_weight"": 0.03304585559265492, ""diff_weight"": 0.03304519571959463, ""gross_amount"": 0.04793748711141845, ""gross_amount_pct_nav"": 0.03304519571959463, ""fee"": 1.4381246133425534e-05, ""fee_pct_nav"": 9.91355871587839e-06, ""name"": ""中国电信""}, {""ts_code"": ""02318.HK"", ""side"": ""sell"", ""current_weight"": 0.03351615753206935, ""target_weight"": 0.0, ""post_trade_weight"": 0.0, ""diff_weight"": -0.03351615753206935, ""gross_amount"": 0.048620694619313155, ""gross_amount_pct_nav"": 0.03351615753206935, ""fee"": 1.4586208385793946e-05, ""fee_pct_nav"": 1.0054847259620805e-05, ""name"": ""中国平安""}]"
2024-12-30,0.04422078,0.08844155,0.07444030,0.05824903,0.00003981,0.00002233,0.00001747,0.00000000,rebalance,"[{""ts_code"": ""00941.HK"", ""side"": ""buy"", ""current_weight"": 0.07530863966143364, ""target_weight"": 0.08604586813581057, ""post_trade_weight"": 0.08604815120546369, ""diff_weight"": 0.01073722847437693, ""gross_amount"": 0.016109121001104565, ""gross_amount_pct_nav"": 0.01073722847437693, ""fee"": 4.832736300331369e-06, ""fee_pct_nav"": 3.2211685423130784e-06, ""name"": ""中国移动""}, {""ts_code"": ""01088.HK"", ""side"": ""sell"", ""current_weight"": 0.0388247839330942, ""target_weight"": 0.0, ""post_trade_weight"": 0.0, ""diff_weight"": -0.0388247839330942, ""gross_amount"": 0.058249029878843867, ""gross_amount_pct_nav"": 0.0388247839330942, ""fee"": 1.7474708963653157e-05, ""fee_pct_nav"": 1.1647435179928259e-05, ""name"": ""中国神华""}, {""ts_code"": ""01398.HK"", ""side"": ""buy"", ""current_weight"": 0.12715846528971217, ""target_weight"": 0.13766679721509484, ""post_trade_weight"": 0.13767044995163844, ""diff_weight"": 0.010508331925382667, ""gross_amount"": 0.0157657062909414, ""gross_amount_pct_nav"": 0.010508331925382667, ""fee"": 4.72971188728242e-06, ""fee_pct_nav"": 3.1524995776147997e-06, ""name"": ""工商银行""}, {""ts_code"": ""03328.HK"", ""side"": ""buy"", ""current_weight"": 0.0, ""target_weight"": 0.028371209267846205, ""post_trade_weight"": 0.02837196204596682, ""diff_weight"": 0.028371209267846205, ""gross_amount"": 0.04256547619658574, ""gross_amount_pct_nav"": 0.028371209267846205, ""fee"": 1.2769642858975721e-05, ""fee_pct_nav"": 8.511362780353862e-06, ""name"": ""交通银行""}]"
2025-01-13,0.04808371,0.09616742,0.07239289,0.06464005,0.00004111,0.00002172,0.00001939,0.00000000,rebalance,"[{""ts_code"": ""00700.HK"", ""side"": ""sell"", ""current_weight"": 0.14380506981882926, ""target_weight"": 0.1269132650966894, ""post_trade_weight"": 0.1269169266786204, ""diff_weight"": -0.016891804722139848, ""gross_amount"": 0.024069833049598838, ""gross_amount_pct_nav"": 0.016891804722139848, ""fee"": 7.220949914879651e-06, ""fee_pct_nav"": 5.067541416641953e-06, ""name"": ""腾讯控股""}, {""ts_code"": ""00883.HK"", ""side"": ""buy"", ""current_weight"": 0.036789728400006404, ""target_weight"": 0.047193513961767575, ""post_trade_weight"": 0.04719487554456076, ""diff_weight"": 0.010403785561761173, ""gross_amount"": 0.014824785490634984, ""gross_amount_pct_nav"": 0.010403785561761173, ""fee"": 4.4474356471904945e-06, ""fee_pct_nav"": 3.1211356685283515e-06, ""name"": ""中国海洋石油""}, {""ts_code"": ""01658.HK"", ""side"": ""buy"", ""current_weight"": 0.0, ""target_weight"": 0.02919890596496143, ""post_trade_weight"": 0.029199748384281462, ""diff_weight"": 0.02919890596496143, ""gross_amount"": 0.04160673198443921, ""gross_amount_pct_nav"": 0.02919890596496143, ""fee"": 1.2482019595331763e-05, ""fee_pct_nav"": 8.759671789488428e-06, ""name"": ""邮储银行""}, {""ts_code"": ""03328.HK"", ""side"": ""sell"", ""current_weight"": 0.028471498905456225, ""target_weight"": 0.0, ""post_trade_weight"": 0.0, ""diff_weight"": -0.028471498905456225, ""gross_amount"": 0.04057021949987078, ""gross_amount_pct_nav"": 0.028471498905456225, ""fee"": 1.2171065849961234e-05, ""fee_pct_nav"": 8.541449671636866e-06, ""name"": ""交通银行""}, {""ts_code"": ""03968.HK"", ""side"": ""buy"", ""current_weight"": 0.041233081349218756, ""target_weight"": 0.0524345039122208, ""post_trade_weight"": 0.052436016703117316, ""diff_weight"": 0.011201422563002049, ""gross_amount"": 0.01596137153160944, ""gross_amount_pct_nav"": 0.011201422563002049, ""fee"": 4.788411459482832e-06, ""fee_pct_nav"": 3.3604267689006147e-06, ""name"": ""招商银行""}]"
2025-01-27,0.00547534,0.01095069,0.00000000,0.01674745,0.00000502,0.00000000,0.00000502,0.00000000,rebalance,"[{""ts_code"": ""01398.HK"", ""side"": ""sell"", ""current_weight"": 0.14370833241077796, ""target_weight"": 0.132757645841504, ""post_trade_weight"": 0.13275808197914757, ""diff_weight"": -0.010950686569273949, ""gross_amount"": 0.016747451628769394, ""gross_amount_pct_nav"": 0.010950686569273949, ""fee"": 5.024235488630818e-06, ""fee_pct_nav"": 3.2852059707821843e-06, ""name"": ""工商银行""}]"
2025-02-10,0.07406318,0.14812636,0.13036939,0.10457675,0.00007048,0.00003911,0.00003137,0.00000000,rebalance,"[{""ts_code"": ""00700.HK"", ""side"": ""buy"", ""current_weight"": 0.13613458073029078, ""target_weight"": 0.1599928899345496, ""post_trade_weight"": 0.1600000000000025, ""diff_weight"": 0.02385830920425881, ""gross_amount"": 0.03784213227201158, ""gross_amount_pct_nav"": 0.02385830920425881, ""fee"": 1.1352639681603473e-05, ""fee_pct_nav"": 7.157492761277641e-06, ""name"": ""腾讯控股""}, {""ts_code"": ""00883.HK"", ""side"": ""sell"", ""current_weight"": 0.04089934085885584, ""target_weight"": 0.030843717073915894, ""post_trade_weight"": 0.030845087765121584, ""diff_weight"": -0.010055623784939946, ""gross_amount"": 0.015949422152654373, ""gross_amount_pct_nav"": 0.010055623784939946, ""fee"": 4.784826645796311e-06, ""fee_pct_nav"": 3.0166871354819832e-06, ""name"": ""中国海洋石油""}, {""ts_code"": ""00939.HK"", ""side"": ""sell"", ""current_weight"": 0.0996212689639714, ""target_weight"": 0.08663178678819441, ""post_trade_weight"": 0.08663563669474099, ""diff_weight"": -0.012989482175776982, ""gross_amount"": 0.02060287250166687, ""gross_amount_pct_nav"": 0.012989482175776982, ""fee"": 6.18086175050006e-06, ""fee_pct_nav"": 3.896844652733095e-06, ""name"": ""建设银行""}, {""ts_code"": ""00941.HK"", ""side"": ""sell"", ""current_weight"": 0.08245932130447367, ""target_weight"": 0.06710646234432223, ""post_trade_weight"": 0.0671094445477175, ""diff_weight"": -0.015352858960151431, ""gross_amount"": 0.024351470783180243, ""gross_amount_pct_nav"": 0.015352858960151431, ""fee"": 7.305441234954072e-06, ""fee_pct_nav"": 4.605857688045429e-06, ""name"": ""中国移动""}, {""ts_code"": ""01211.HK"", ""side"": ""buy"", ""current_weight"": 0.0, ""target_weight"": 0.045018175164900795, ""post_trade_weight"": 0.04502017576737834, ""diff_weight"": 0.045018175164900795, ""gross_amount"": 0.07140421077830049, ""gross_amount_pct_nav"": 0.045018175164900795, ""fee"": 2.1421263233490144e-05, ""fee_pct_nav"": 1.3505452549470236e-05, ""name"": ""比亚迪股份""}, {""ts_code"": ""01658.HK"", ""side"": ""sell"", ""current_weight"": 0.027534481031817045, ""target_weight"": 0.0, ""post_trade_weight"": 0.0, ""diff_weight"": -0.027534481031817045, ""gross_amount"": 0.04367298052542716, ""gross_amount_pct_nav"": 0.027534481031817045, ""fee"": 1.3101894157628147e-05, ""fee_pct_nav"": 8.260344309545112e-06, ""name"": ""邮储银行""}, {""ts_code"": ""02628.HK"", ""side"": ""buy"", ""current_weight"": 0.02901115765153741, ""target_weight"": 0.04232859093187697, ""post_trade_weight"": 0.04233047200954347, ""diff_weight"": 0.013317433280339562, ""gross_amount"": 0.02112304218223225, ""gross_amount_pct_nav"": 0.013317433280339562, ""fee"": 6.336912654669675e-06, ""fee_pct_nav"": 3.995229984101868e-06, ""name"": ""中国人寿""}]"
2025-02-24,0.09838665,0.19677330,0.19430980,0.14212780,0.00010093,0.00005829,0.00004264,0.00000000,rebalance,"[{""ts_code"": ""00788.HK"", ""side"": ""buy"", ""current_weight"": 0.0, ""target_weight"": 0.06368923540270897, ""post_trade_weight"": 0.06369299532691465, ""diff_weight"": 0.06368923540270897, ""gross_amount"": 0.10889411406746348, ""gross_amount_pct_nav"": 0.06368923540270897, ""fee"": 3.266823422023904e-05, ""fee_pct_nav"": 1.910677062081269e-05, ""name"": ""中国铁塔""}, {""ts_code"": ""00883.HK"", ""side"": ""sell"", ""current_weight"": 0.027873065209784272, ""target_weight"": 0.0, ""post_trade_weight"": 0.0, ""diff_weight"": -0.027873065209784272, ""gross_amount"": 0.047656605126005266, ""gross_amount_pct_nav"": 0.027873065209784272, ""fee"": 1.429698153780158e-05, ""fee_pct_nav"": 8.361919562935282e-06, ""name"": ""中国海洋石油""}, {""ts_code"": ""00941.HK"", ""side"": ""buy"", ""current_weight"": 0.06544053396923559, ""target_weight"": 0.0782602048004477, ""post_trade_weight"": 0.07826482492873955, ""diff_weight"": 0.012819670831212106, ""gross_amount"": 0.02191872282614918, ""gross_amount_pct_nav"": 0.012819670831212106, ""fee"": 6.575616847844753e-06, ""fee_pct_nav"": 3.845901249363632e-06, ""name"": ""中国移动""}, {""ts_code"": ""01398.HK"", ""side"": ""sell"", ""current_weight"": 0.12386325631912296, ""target_weight"": 0.10953683981535302, ""post_trade_weight"": 0.10954330637462054, ""diff_weight"": -0.014326416503769932, ""gross_amount"": 0.024494915397793554, ""gross_amount_pct_nav"": 0.014326416503769932, ""fee"": 7.348474619338066e-06, ""fee_pct_nav"": 4.29792495113098e-06, ""name"": ""工商银行""}, {""ts_code"": ""02318.HK"", ""side"": ""buy"", ""current_weight"": 0.0, ""target_weight"": 0.037137664998126506, ""post_trade_weight"": 0.03713985743778583, ""diff_weight"": 0.037137664998126506, ""gross_amount"": 0.06349696464299558, ""gross_amount_pct_nav"": 0.037137664998126506, ""fee"": 1.9049089392898672e-05, ""fee_pct_nav"": 1.1141299499437951e-05, ""name"": ""中国平安""}, {""ts_code"": ""02628.HK"", ""side"": ""sell"", ""current_weight"": 0.04092724404332815, ""target_weight"": 0.0, ""post_trade_weight"": 0.0, ""diff_weight"": -0.04092724404332815, ""gross_amount"": 0.0699762833254476, ""gross_amount_pct_nav"": 0.04092724404332815, ""fee"": 2.0992884997634277e-05, ""fee_pct_nav"": 1.2278173212998444e-05, ""name"": ""中国人寿""}]"
2025-03-10,0.06395804,0.12791608,0.07683844,0.14506926,0.00006657,0.00002305,0.00004352,0.00000000,rebalance,"[{""ts_code"": ""00700.HK"", ""side"": ""sell"", ""current_weight"": 0.17289335207226283, ""target_weight"": 0.15999386002809987, ""post_trade_weight"": 0.16000000000004191, ""diff_weight"": -0.012899492044162984, ""gross_amount"": 0.02237792547022871, ""gross_amount_pct_nav"": 0.012899492044162984, ""fee"": 6.713377641068613e-06, ""fee_pct_nav"": 3.869847613248895e-06, ""name"": ""腾讯控股""}, {""ts_code"": ""00728.HK"", ""side"": ""sell"", ""current_weight"": 0.034269497952476684, ""target_weight"": 0.0, ""post_trade_weight"": 0.0, ""diff_weight"": -0.034269497952476684, ""gross_amount"": 0.05945042397461625, ""gross_amount_pct_nav"": 0.034269497952476684, ""fee"": 1.7835127192384874e-05, ""fee_pct_nav"": 1.0280849385743006e-05, ""name"": ""中国电信""}, {""ts_code"": ""00788.HK"", ""side"": ""sell"", ""current_weight"": 0.060799419567596005, ""target_weight"": 0.05033639974207348, ""post_trade_weight"": 0.05033833146671608, ""diff_weight"": -0.010463019825522517, ""gross_amount"": 0.018151154870863065, ""gross_amount_pct_nav"": 0.010463019825522517, ""fee"": 5.445346461258919e-06, ""fee_pct_nav"": 3.1389059476567553e-06, ""name"": ""中国铁塔""}, {""ts_code"": ""01288.HK"", ""side"": ""sell"", ""current_weight"": 0.10044629145764082, ""target_weight"": 0.08598673619093224, ""post_trade_weight"": 0.08599003604348601, ""diff_weight"": -0.014459555266708588, ""gross_amount"": 0.025084309442826108, ""gross_amount_pct_nav"": 0.014459555266708588, ""fee"": 7.525292832847832e-06, ""fee_pct_nav"": 4.337866580012576e-06, ""name"": ""农业银行""}, {""ts_code"": ""01810.HK"", ""side"": ""sell"", ""current_weight"": 0.06988591807741233, ""target_weight"": 0.05835401426627515, ""post_trade_weight"": 0.05835625367727654, ""diff_weight"": -0.011531903811137178, ""gross_amount"": 0.02000544541846873, ""gross_amount_pct_nav"": 0.011531903811137178, ""fee"": 6.001633625540618e-06, ""fee_pct_nav"": 3.459571143341153e-06, ""name"": ""小米集团-W""}, {""ts_code"": ""02628.HK"", ""side"": ""buy"", ""current_weight"": 0.0, ""target_weight"": 0.034138879850395105, ""post_trade_weight"": 0.03414018997419847, ""diff_weight"": 0.034138879850395105, ""gross_amount"": 0.05922382883866538, ""gross_amount_pct_nav"": 0.034138879850395105, ""fee"": 1.7767148651599613e-05, ""fee_pct_nav"": 1.0241663955118532e-05, ""name"": ""中国人寿""}, {""ts_code"": ""03690.HK"", ""side"": ""buy"", ""current_weight"": 0.03504664603267749, ""target_weight"": 0.04520037940834828, ""post_trade_weight"": 0.045202114031547495, ""diff_weight"": 0.010153733375670784, ""gross_amount"": 0.017614607454884343, ""gross_amount_pct_nav"": 0.010153733375670784, ""fee"": 5.284382236465302e-06, ""fee_pct_nav"": 3.046120012701235e-06, ""name"": ""美团-W""}]"
2025-03-24,0.03567116,0.07134232,0.04557533,0.08091547,0.00003795,0.00001367,0.00002427,0.00000000,rebalance,"[{""ts_code"": ""00788.HK"", ""side"": ""sell"", ""current_weight"": 0.04563728906331271, ""target_weight"": 0.0, ""post_trade_weight"": 0.0, ""diff_weight"": -0.04563728906331271, ""gross_amount"": 0.0809154730647256, ""gross_amount_pct_nav"": 0.04563728906331271, ""fee"": 2.4274641919417678e-05, ""fee_pct_nav"": 1.3691186718993809e-05, ""name"": ""中国铁塔""}, {""ts_code"": ""01658.HK"", ""side"": ""buy"", ""current_weight"": 0.0, ""target_weight"": 0.025705027387431533, ""post_trade_weight"": 0.0257055775560661, ""diff_weight"": 0.025705027387431533, ""gross_amount"": 0.04557532872538184, ""gross_amount_pct_nav"": 0.025705027387431533, ""fee"": 1.3672598617614551e-05, ""fee_pct_nav"": 7.711508216229459e-06, ""name"": ""邮储银行""}]"
2025-04-07,0.06729071,0.13458142,0.10252809,0.09931251,0.00006055,0.00003076,0.00002979,0.00000000,rebalance,"[{""ts_code"": ""00728.HK"", ""side"": ""buy"", ""current_weight"": 0.0, ""target_weight"": 0.02894919274516165, ""post_trade_weight"": 0.02895036159935192, ""diff_weight"": 0.02894919274516165, ""gross_amount"": 0.043417009571758584, ""gross_amount_pct_nav"": 0.02894919274516165, ""fee"": 1.3025102871527574e-05, ""fee_pct_nav"": 8.684757823548494e-06, ""name"": ""中国电信""}, {""ts_code"": ""01398.HK"", ""side"": ""buy"", ""current_weight"": 0.11299272170070268, ""target_weight"": 0.12568144000155304, ""post_trade_weight"": 0.12568651452225135, ""diff_weight"": 0.012688718300850348, ""gross_amount"": 0.019030105909030648, ""gross_amount_pct_nav"": 0.012688718300850348, ""fee"": 5.709031772709194e-06, ""fee_pct_nav"": 3.806615490255104e-06, ""name"": ""工商银行""}, {""ts_code"": ""01658.HK"", ""side"": ""sell"", ""current_weight"": 0.02607177742074831, ""target_weight"": 0.0, ""post_trade_weight"": 0.0, ""diff_weight"": -0.02607177742074831, ""gross_amount"": 0.03910156044052647, ""gross_amount_pct_nav"": 0.02607177742074831, ""fee"": 1.173046813215794e-05, ""fee_pct_nav"": 7.821533226224492e-06, ""name"": ""邮储银行""}, {""ts_code"": ""03328.HK"", ""side"": ""buy"", ""current_weight"": 0.0, ""target_weight"": 0.026724823778079866, ""post_trade_weight"": 0.026725902821027013, ""diff_weight"": 0.026724823778079866, ""gross_amount"": 0.04008097704107417, ""gross_amount_pct_nav"": 0.026724823778079866, ""fee"": 1.202429311232225e-05, ""fee_pct_nav"": 8.01744713342396e-06, ""name"": ""交通银行""}, {""ts_code"": ""03690.HK"", ""side"": ""sell"", ""current_weight"": 0.04014690294286215, ""target_weight"": 0.0, ""post_trade_weight"": 0.0, ""diff_weight"": -0.04014690294286215, ""gross_amount"": 0.060210952501880396, ""gross_amount_pct_nav"": 0.04014690294286215, ""fee"": 1.8063285750564117e-05, ""fee_pct_nav"": 1.2044070882858643e-05, ""name"": ""美团-W""}]"
2025-04-22,0.03404356,0.06808711,0.06505562,0.04590430,0.00003329,0.00001952,0.00001377,0.00000000,rebalance,"[{""ts_code"": ""00005.HK"", ""side"": ""sell"", ""current_weight"": 0.08255844947952574, ""target_weight"": 0.06607360338860328, ""post_trade_weight"": 0.06607495304439351, ""diff_weight"": -0.01648484609092245, ""gross_amount"": 0.02686495414071295, ""gross_amount_pct_nav"": 0.01648484609092245, ""fee"": 8.059486242213886e-06, ""fee_pct_nav"": 4.945453827276735e-06, ""name"": ""汇丰控股""}, {""ts_code"": ""00941.HK"", ""side"": ""buy"", ""current_weight"": 0.08392895590275755, ""target_weight"": 0.09808056743866775, ""post_trade_weight"": 0.09808257088632252, ""diff_weight"": 0.0141516115359102, ""gross_amount"": 0.02306253833566352, ""gross_amount_pct_nav"": 0.0141516115359102, ""fee"": 6.918761500699055e-06, ""fee_pct_nav"": 4.24548346077306e-06, ""name"": ""中国移动""}, {""ts_code"": ""01211.HK"", ""side"": ""sell"", ""current_weight"": 0.04986574632255953, ""target_weight"": 0.038182844083261266, ""post_trade_weight"": 0.03818362402705063, ""diff_weight"": -0.01168290223929826, ""gross_amount"": 0.01903934262765189, ""gross_amount_pct_nav"": 0.01168290223929826, ""fee"": 5.711802788295567e-06, ""fee_pct_nav"": 3.504870671789478e-06, ""name"": ""比亚迪股份""}, {""ts_code"": ""01288.HK"", ""side"": ""buy"", ""current_weight"": 0.08959369518361064, ""target_weight"": 0.10213891806695605, ""post_trade_weight"": 0.1021410044127145, ""diff_weight"": 0.012545222883345397, ""gross_amount"": 0.020444645681689688, ""gross_amount_pct_nav"": 0.012545222883345397, ""fee"": 6.133393704506906e-06, ""fee_pct_nav"": 3.7635668650036188e-06, ""name"": ""农业银行""}, {""ts_code"": ""01398.HK"", ""side"": ""buy"", ""current_weight"": 0.12323587128899813, ""target_weight"": 0.13645839911264648, ""post_trade_weight"": 0.13646118648701447, ""diff_weight"": 0.013222527823648347, ""gross_amount"": 0.021548433127453998, ""gross_amount_pct_nav"": 0.013222527823648347, ""fee"": 6.464529938236199e-06, ""fee_pct_nav"": 3.966758347094504e-06, ""name"": ""工商银行""}]"
2025-05-06,0.07364127,0.14728253,0.15048463,0.09653927,0.00007411,0.00004515,0.00002896,0.00000000,rebalance,"[{""ts_code"": ""00728.HK"", ""side"": ""sell"", ""current_weight"": 0.025057327411146232, ""target_weight"": 0.0, ""post_trade_weight"": 0.0, ""diff_weight"": -0.025057327411146232, ""gross_amount"": 0.04202642919401543, ""gross_amount_pct_nav"": 0.025057327411146232, ""fee"": 1.2607928758204629e-05, ""fee_pct_nav"": 7.517198223343869e-06, ""name"": ""中国电信""}, {""ts_code"": ""00788.HK"", ""side"": ""buy"", ""current_weight"": 0.0, ""target_weight"": 0.0644267367031556, ""post_trade_weight"": 0.06442958350879538, ""diff_weight"": 0.0644267367031556, ""gross_amount"": 0.10805724185302432, ""gross_amount_pct_nav"": 0.0644267367031556, ""fee"": 3.241717255590729e-05, ""fee_pct_nav"": 1.9328021010946677e-05, ""name"": ""中国铁塔""}, {""ts_code"": ""01658.HK"", ""side"": ""buy"", ""current_weight"": 0.0, ""target_weight"": 0.025296392208436567, ""post_trade_weight"": 0.025297509972825857, ""diff_weight"": 0.025296392208436567, ""gross_amount"": 0.04242739134018728, ""gross_amount_pct_nav"": 0.025296392208436567, ""fee"": 1.2728217402056183e-05, ""fee_pct_nav"": 7.58891766253097e-06, ""name"": ""邮储银行""}, {""ts_code"": ""02628.HK"", ""side"": ""sell"", ""current_weight"": 0.03250207471042762, ""target_weight"": 0.0, ""post_trade_weight"": 0.0, ""diff_weight"": -0.03250207471042762, ""gross_amount"": 0.054512842453771554, ""gross_amount_pct_nav"": 0.03250207471042762, ""fee"": 1.6353852736131464e-05, ""fee_pct_nav"": 9.750622413128285e-06, ""name"": ""中国人寿""}]"
2025-05-19,0.01395164,0.02790328,0.00000000,0.04930493,0.00001479,0.00000000,0.00001479,0.00000000,rebalance,"[{""ts_code"": ""01398.HK"", ""side"": ""sell"", ""current_weight"": 0.13007237458423243, ""target_weight"": 0.11635961858461422, ""post_trade_weight"": 0.11636059263728239, ""diff_weight"": -0.013712755999618208, ""gross_amount"": 0.024230359395235185, ""gross_amount_pct_nav"": 0.013712755999618208, ""fee"": 7.269107818570554e-06, ""fee_pct_nav"": 4.113826799885462e-06, ""name"": ""工商银行""}, {""ts_code"": ""03988.HK"", ""side"": ""sell"", ""current_weight"": 0.09015855039746319, ""target_weight"": 0.07596802613997446, ""post_trade_weight"": 0.07596866207243502, ""diff_weight"": -0.014190524257488743, ""gross_amount"": 0.025074573103709308, ""gross_amount_pct_nav"": 0.014190524257488743, ""fee"": 7.522371931112792e-06, ""fee_pct_nav"": 4.2571572772466225e-06, ""name"": ""中国银行""}]"
2025-06-02,0.04997792,0.09995583,0.11038068,0.06467141,0.00005252,0.00003311,0.00001940,0.00000000,rebalance,"[{""ts_code"": ""00005.HK"", ""side"": ""sell"", ""current_weight"": 0.06966722149573183, ""target_weight"": 0.057932765739446127, ""post_trade_weight"": 0.057934503006885005, ""diff_weight"": -0.01173445575628571, ""gross_amount"": 0.020550486607832, ""gross_amount_pct_nav"": 0.01173445575628571, ""fee"": 6.165145982349599e-06, ""fee_pct_nav"": 3.5203367268857127e-06, ""name"": ""汇丰控股""}, {""ts_code"": ""00728.HK"", ""side"": ""buy"", ""current_weight"": 0.0, ""target_weight"": 0.03670789786812329, ""post_trade_weight"": 0.03670899865167647, ""diff_weight"": 0.03670789786812329, ""gross_amount"": 0.0642863358308243, ""gross_amount_pct_nav"": 0.03670789786812329, ""fee"": 1.9285900749247287e-05, ""fee_pct_nav"": 1.1012369360436986e-05, ""name"": ""中国电信""}, {""ts_code"": ""00939.HK"", ""side"": ""buy"", ""current_weight"": 0.0879515720659649, ""target_weight"": 0.0984705147429298, ""post_trade_weight"": 0.09847346764215303, ""diff_weight"": 0.010518942676964892, ""gross_amount"": 0.018421765363572623, ""gross_amount_pct_nav"": 0.010518942676964892, ""fee"": 5.5265296090717866e-06, ""fee_pct_nav"": 3.1556828030894675e-06, ""name"": ""建设银行""}, {""ts_code"": ""01398.HK"", ""side"": ""buy"", ""current_weight"": 0.1190950332967755, ""target_weight"": 0.13489624835225839, ""post_trade_weight"": 0.1349002935735921, ""diff_weight"": 0.015801215055482896, ""gross_amount"": 0.027672579378999557, ""gross_amount_pct_nav"": 0.015801215055482896, ""fee"": 8.301773813699867e-06, ""fee_pct_nav"": 4.740364516644868e-06, ""name"": ""工商银行""}, {""ts_code"": ""01658.HK"", ""side"": ""sell"", ""current_weight"": 0.025193320873881268, ""target_weight"": 0.0, ""post_trade_weight"": 0.0, ""diff_weight"": -0.025193320873881268, ""gross_amount"": 0.04412092166679141, ""gross_amount_pct_nav"": 0.025193320873881268, ""fee"": 1.3236276500037422e-05, ""fee_pct_nav"": 7.55799626216438e-06, ""name"": ""邮储银行""}]"
2025-06-16,0.08341033,0.16682066,0.14358863,0.16568030,0.00009278,0.00004308,0.00004970,0.00000000,rebalance,"[{""ts_code"": ""00700.HK"", ""side"": ""buy"", ""current_weight"": 0.14898166530797313, ""target_weight"": 0.1599919926085331, ""post_trade_weight"": 0.16000000000000208, ""diff_weight"": 0.011010327300560004, ""gross_amount"": 0.020412053200850877, ""gross_amount_pct_nav"": 0.011010327300560004, ""fee"": 6.123615960255262e-06, ""fee_pct_nav"": 3.303098190168001e-06, ""name"": ""腾讯控股""}, {""ts_code"": ""00788.HK"", ""side"": ""sell"", ""current_weight"": 0.06177420700586169, ""target_weight"": 0.050103108955263945, ""post_trade_weight"": 0.05010561655080467, ""diff_weight"": -0.011671098050597743, ""gross_amount"": 0.021637056539548213, ""gross_amount_pct_nav"": 0.011671098050597743, ""fee"": 6.491116961864464e-06, ""fee_pct_nav"": 3.5013294151793227e-06, ""name"": ""中国铁塔""}, {""ts_code"": ""01211.HK"", ""side"": ""sell"", ""current_weight"": 0.034908570081994925, ""target_weight"": 0.0, ""post_trade_weight"": 0.0, ""diff_weight"": -0.034908570081994925, ""gross_amount"": 0.06471702159508644, ""gross_amount_pct_nav"": 0.034908570081994925, ""fee"": 1.941510647852593e-05, ""fee_pct_nav"": 1.0472571024598476e-05, ""name"": ""比亚迪股份""}, {""ts_code"": ""01398.HK"", ""side"": ""sell"", ""current_weight"": 0.13920001695332726, ""target_weight"": 0.12216849549532888, ""post_trade_weight"": 0.12217460986988386, ""diff_weight"": -0.01703152145799839, ""gross_amount"": 0.031574749106179106, ""gross_amount_pct_nav"": 0.01703152145799839, ""fee"": 9.47242473185373e-06, ""fee_pct_nav"": 5.109456437399516e-06, ""name"": ""工商银行""}, {""ts_code"": ""01658.HK"", ""side"": ""buy"", ""current_weight"": 0.0, ""target_weight"": 0.02771678647077958, ""post_trade_weight"": 0.027718173659950204, ""diff_weight"": 0.02771678647077958, ""gross_amount"": 0.05138416911270215, ""gross_amount_pct_nav"": 0.02771678647077958, ""fee"": 1.5415250733810644e-05, ""fee_pct_nav"": 8.315035941233873e-06, ""name"": ""邮储银行""}, {""ts_code"": ""02628.HK"", ""side"": ""buy"", ""current_weight"": 0.0, ""target_weight"": 0.03872505409797662, ""post_trade_weight"": 0.03872699223664697, ""diff_weight"": 0.03872505409797662, ""gross_amount"": 0.0717924038837177, ""gross_amount_pct_nav"": 0.03872505409797662, ""fee"": 2.153772116511531e-05, ""fee_pct_nav"": 1.1617516229392987e-05, ""name"": ""中国人寿""}, {""ts_code"": ""03328.HK"", ""side"": ""sell"", ""current_weight"": 0.02575729814368052, ""target_weight"": 0.0, ""post_trade_weight"": 0.0, ""diff_weight"": -0.02575729814368052, ""gross_amount"": 0.04775147238286397, ""gross_amount_pct_nav"": 0.02575729814368052, ""fee"": 1.432544171485919e-05, ""fee_pct_nav"": 7.727189443104156e-06, ""name"": ""交通银行""}]"
2025-06-30,0.00570465,0.01140930,0.00000000,0.02131622,0.00000639,0.00000000,0.00000639,0.00000000,rebalance,"[{""ts_code"": ""00941.HK"", ""side"": ""sell"", ""current_weight"": 0.0924723212140062, ""target_weight"": 0.08106301810685444, ""post_trade_weight"": 0.08106329556956746, ""diff_weight"": -0.01140930310715175, ""gross_amount"": 0.02131622386498333, ""gross_amount_pct_nav"": 0.01140930310715175, ""fee"": 6.394867159494999e-06, ""fee_pct_nav"": 3.422790932145525e-06, ""name"": ""中国移动""}]"
2025-07-14,0.08194610,0.16389221,0.12493163,0.18561845,0.00009317,0.00003748,0.00005569,0.00000000,rebalance,"[{""ts_code"": ""00005.HK"", ""side"": ""buy"", ""current_weight"": 0.055917205798972566, ""target_weight"": 0.06855178649806276, ""post_trade_weight"": 0.06855515719486872, ""diff_weight"": 0.012634580699090186, ""gross_amount"": 0.02394055346482668, ""gross_amount_pct_nav"": 0.012634580699090186, ""fee"": 7.182166039448003e-06, ""fee_pct_nav"": 3.7903742097270555e-06, ""name"": ""汇丰控股""}, {""ts_code"": ""00388.HK"", ""side"": ""buy"", ""current_weight"": 0.0, ""target_weight"": 0.026977730536165836, ""post_trade_weight"": 0.026979057033326537, ""diff_weight"": 0.026977730536165836, ""gross_amount"": 0.051118578102657096, ""gross_amount_pct_nav"": 0.026977730536165836, ""fee"": 1.5335573430797127e-05, ""fee_pct_nav"": 8.09331916084975e-06, ""name"": ""香港交易所""}, {""ts_code"": ""00728.HK"", ""side"": ""sell"", ""current_weight"": 0.03253965265930616, ""target_weight"": 0.0, ""post_trade_weight"": 0.0, ""diff_weight"": -0.03253965265930616, ""gross_amount"": 0.06165755024012041, ""gross_amount_pct_nav"": 0.03253965265930616, ""fee"": 1.849726507203612e-05, ""fee_pct_nav"": 9.761895797791847e-06, ""name"": ""中国电信""}, {""ts_code"": ""00788.HK"", ""side"": ""sell"", ""current_weight"": 0.04668619564940506, ""target_weight"": 0.0, ""post_trade_weight"": 0.0, ""diff_weight"": -0.04668619564940506, ""gross_amount"": 0.08846303566642504, ""gross_amount_pct_nav"": 0.04668619564940506, ""fee"": 2.6538910699927507e-05, ""fee_pct_nav"": 1.4005858694821514e-05, ""name"": ""中国铁塔""}, {""ts_code"": ""00941.HK"", ""side"": ""sell"", ""current_weight"": 0.07946946843814758, ""target_weight"": 0.06073553718836003, ""post_trade_weight"": 0.060738523559564446, ""diff_weight"": -0.018733931249787547, ""gross_amount"": 0.03549786837993148, ""gross_amount_pct_nav"": 0.018733931249787547, ""fee"": 1.0649360513979442e-05, ""fee_pct_nav"": 5.6201793749362636e-06, ""name"": ""中国移动""}, {""ts_code"": ""03328.HK"", ""side"": ""buy"", ""current_weight"": 0.0, ""target_weight"": 0.026320116293733386, ""post_trade_weight"": 0.02632141045594937, ""diff_weight"": 0.026320116293733386, ""gross_amount"": 0.04987250201155901, ""gross_amount_pct_nav"": 0.026320116293733386, ""fee"": 1.4961750603467701e-05, ""fee_pct_nav"": 7.896034888120015e-06, ""name"": ""交通银行""}]"
2025-07-28,0.03718636,0.07437273,0.09571966,0.04860399,0.00004330,0.00002872,0.00001458,0.00000000,rebalance,"[{""ts_code"": ""00981.HK"", ""side"": ""buy"", ""current_weight"": 0.0, ""target_weight"": 0.028043889031294462, ""post_trade_weight"": 0.028044514755428736, ""diff_weight"": 0.028043889031294462, ""gross_amount"": 0.054420437926854276, ""gross_amount_pct_nav"": 0.028043889031294462, ""fee"": 1.632613137805628e-05, ""fee_pct_nav"": 8.413166709388338e-06, ""name"": ""中芯国际""}, {""ts_code"": ""01810.HK"", ""side"": ""buy"", ""current_weight"": 0.05606573281999086, ""target_weight"": 0.07734801025982956, ""post_trade_weight"": 0.07734973607313254, ""diff_weight"": 0.021282277439838685, ""gross_amount"": 0.04129922412203227, ""gross_amount_pct_nav"": 0.021282277439838685, ""fee"": 1.238976723660968e-05, ""fee_pct_nav"": 6.384683231951606e-06, ""name"": ""小米集团-W""}, {""ts_code"": ""03328.HK"", ""side"": ""sell"", ""current_weight"": 0.02504656318550799, ""target_weight"": 0.0, ""post_trade_weight"": 0.0, ""diff_weight"": -0.02504656318550799, ""gross_amount"": 0.048603991250890176, ""gross_amount_pct_nav"": 0.02504656318550799, ""fee"": 1.4581197375267051e-05, ""fee_pct_nav"": 7.5139689556523955e-06, ""name"": ""交通银行""}]"
2025-08-11,0.04449336,0.08898671,0.07668241,0.09206871,0.00005063,0.00002300,0.00002762,0.00000000,rebalance,"[{""ts_code"": ""00700.HK"", ""side"": ""sell"", ""current_weight"": 0.17221931944339205, ""target_weight"": 0.15999572863777825, ""post_trade_weight"": 0.16000000000000125, ""diff_weight"": -0.01222359080561378, ""gross_amount"": 0.023180367499123, ""gross_amount_pct_nav"": 0.01222359080561378, ""fee"": 6.9541102497368995e-06, ""fee_pct_nav"": 3.6670772416841336e-06, ""name"": ""腾讯控股""}, {""ts_code"": ""00981.HK"", ""side"": ""sell"", ""current_weight"": 0.026319337826956328, ""target_weight"": 0.0, ""post_trade_weight"": 0.0, ""diff_weight"": -0.026319337826956328, ""gross_amount"": 0.049911023108056556, ""gross_amount_pct_nav"": 0.026319337826956328, ""fee"": 1.4973306932416966e-05, ""fee_pct_nav"": 7.895801348086898e-06, ""name"": ""中芯国际""}, {""ts_code"": ""01288.HK"", ""side"": ""buy"", ""current_weight"": 0.10475986769514706, ""target_weight"": 0.11743364745628802, ""post_trade_weight"": 0.11743678255026661, ""diff_weight"": 0.01267377976114097, ""gross_amount"": 0.024034089257247787, ""gross_amount_pct_nav"": 0.01267377976114097, ""fee"": 7.2102267771743355e-06, ""fee_pct_nav"": 3.8021339283422905e-06, ""name"": ""农业银行""}, {""ts_code"": ""01299.HK"", ""side"": ""buy"", ""current_weight"": 0.0, ""target_weight"": 0.027762784603592997, ""post_trade_weight"": 0.027763525779062933, ""diff_weight"": 0.027762784603592997, ""gross_amount"": 0.05264832242377775, ""gross_amount_pct_nav"": 0.027762784603592997, ""fee"": 1.5794496727133324e-05, ""fee_pct_nav"": 8.328835381077898e-06, ""name"": ""友邦保险""}, {""ts_code"": ""03968.HK"", ""side"": ""sell"", ""current_weight"": 0.053362717126208575, ""target_weight"": 0.043355497144480955, ""post_trade_weight"": 0.04335665459433439, ""diff_weight"": -0.01000721998172762, ""gross_amount"": 0.018977323481286584, ""gross_amount_pct_nav"": 0.01000721998172762, ""fee"": 5.693197044385975e-06, ""fee_pct_nav"": 3.002165994518286e-06, ""name"": ""招商银行""}]"
2025-08-25,0.05972527,0.11945054,0.08739188,0.14501910,0.00006972,0.00002622,0.00004351,0.00000000,rebalance,"[{""ts_code"": ""00700.HK"", ""side"": ""sell"", ""current_weight"": 0.17081280555307804, ""target_weight"": 0.15999426637386985, ""post_trade_weight"": 0.16000000000002826, ""diff_weight"": -0.01081853917920818, ""gross_amount"": 0.021049274157797504, ""gross_amount_pct_nav"": 0.01081853917920818, ""fee"": 6.314782247339251e-06, ""fee_pct_nav"": 3.2455617537624537e-06, ""name"": ""腾讯控股""}, {""ts_code"": ""00939.HK"", ""side"": ""sell"", ""current_weight"": 0.09900799441217757, ""target_weight"": 0.08260932874824928, ""post_trade_weight"": 0.08261228917313808, ""diff_weight"": -0.016398665663928298, ""gross_amount"": 0.03190634185116953, ""gross_amount_pct_nav"": 0.016398665663928298, ""fee"": 9.571902555350858e-06, ""fee_pct_nav"": 4.9195996991784895e-06, ""name"": ""建设银行""}, {""ts_code"": ""00941.HK"", ""side"": ""buy"", ""current_weight"": 0.05981156759913191, ""target_weight"": 0.07409618320612553, ""post_trade_weight"": 0.0740988385501194, ""diff_weight"": 0.014284615606993617, ""gross_amount"": 0.02779310451897525, ""gross_amount_pct_nav"": 0.014284615606993617, ""fee"": 8.337931355692574e-06, ""fee_pct_nav"": 4.2853846820980845e-06, ""name"": ""中国移动""}, {""ts_code"": ""00981.HK"", ""side"": ""buy"", ""current_weight"": 0.0, ""target_weight"": 0.03063154015351966, ""post_trade_weight"": 0.030632637879106188, ""diff_weight"": 0.03063154015351966, ""gross_amount"": 0.0595987753879179, ""gross_amount_pct_nav"": 0.03063154015351966, ""fee"": 1.7879632616375367e-05, ""fee_pct_nav"": 9.189462046055897e-06, ""name"": ""中芯国际""}, {""ts_code"": ""01398.HK"", ""side"": ""sell"", ""current_weight"": 0.11571802385528929, ""target_weight"": 0.09602853165122248, ""post_trade_weight"": 0.09603197297267423, ""diff_weight"": -0.0196894922040668, ""gross_amount"": 0.03830919429748303, ""gross_amount_pct_nav"": 0.0196894922040668, ""fee"": 1.1492758289244907e-05, ""fee_pct_nav"": 5.90684766122004e-06, ""name"": ""工商银行""}, {""ts_code"": ""01658.HK"", ""side"": ""sell"", ""current_weight"": 0.027627692159130093, ""target_weight"": 0.0, ""post_trade_weight"": 0.0, ""diff_weight"": -0.027627692159130093, ""gross_amount"": 0.05375428761421055, ""gross_amount_pct_nav"": 0.027627692159130093, ""fee"": 1.6126286284263163e-05, ""fee_pct_nav"": 8.288307647739028e-06, ""name"": ""邮储银行""}]"
2025-09-08,0.17759251,0.35518503,0.35127675,0.33061309,0.00020457,0.00010538,0.00009918,0.00000000,rebalance,"[{""ts_code"": ""00005.HK"", ""side"": ""buy"", ""current_weight"": 0.07178494908505241, ""target_weight"": 0.08871215300532943, ""post_trade_weight"": 0.08872160678129005, ""diff_weight"": 0.01692720392027702, ""gross_amount"": 0.032497114043997244, ""gross_amount_pct_nav"": 0.01692720392027702, ""fee"": 9.749134213199173e-06, ""fee_pct_nav"": 5.0781611760831055e-06, ""name"": ""汇丰控股""}, {""ts_code"": ""00939.HK"", ""side"": ""buy"", ""current_weight"": 0.08263862288902271, ""target_weight"": 0.10172830640634807, ""post_trade_weight"": 0.10173914727296036, ""diff_weight"": 0.019089683517325366, ""gross_amount"": 0.03664867660648968, ""gross_amount_pct_nav"": 0.019089683517325366, ""fee"": 1.0994602981946903e-05, ""fee_pct_nav"": 5.726905055197609e-06, ""name"": ""建设银行""}, {""ts_code"": ""00941.HK"", ""side"": ""sell"", ""current_weight"": 0.07572947983259459, ""target_weight"": 0.0, ""post_trade_weight"": 0.0, ""diff_weight"": -0.07572947983259459, ""gross_amount"": 0.14538665418122645, ""gross_amount_pct_nav"": 0.07572947983259459, ""fee"": 4.361599625436793e-05, ""fee_pct_nav"": 2.2718843949778373e-05, ""name"": ""中国移动""}, {""ts_code"": ""00981.HK"", ""side"": ""sell"", ""current_weight"": 0.031231989386209025, ""target_weight"": 0.0, ""post_trade_weight"": 0.0, ""diff_weight"": -0.031231989386209025, ""gross_amount"": 0.05995966762642606, ""gross_amount_pct_nav"": 0.031231989386209025, ""fee"": 1.7987900287927815e-05, ""fee_pct_nav"": 9.369596815862706e-06, ""name"": ""中芯国际""}, {""ts_code"": ""01288.HK"", ""side"": ""buy"", ""current_weight"": 0.11643029015530297, ""target_weight"": 0.14453863467947664, ""post_trade_weight"": 0.1445540377085276, ""diff_weight"": 0.028108344524173667, ""gross_amount"": 0.053962844772953406, ""gross_amount_pct_nav"": 0.028108344524173667, ""fee"": 1.618885343188602e-05, ""fee_pct_nav"": 8.4325033572521e-06, ""name"": ""农业银行""}, {""ts_code"": ""02628.HK"", ""side"": ""buy"", ""current_weight"": 0.046908048555227976, ""target_weight"": 0.060594128507221505, ""post_trade_weight"": 0.06060058583348437, ""diff_weight"": 0.013686079951993531, ""gross_amount"": 0.026274752942653717, ""gross_amount_pct_nav"": 0.013686079951993531, ""fee"": 7.882425882796114e-06, ""fee_pct_nav"": 4.105823985598059e-06, ""name"": ""中国人寿""}, {""ts_code"": ""02899.HK"", ""side"": ""buy"", ""current_weight"": 0.0, ""target_weight"": 0.0425632153699048, ""post_trade_weight"": 0.04256775119829628, ""diff_weight"": 0.0425632153699048, ""gross_amount"": 0.08171353464337403, ""gross_amount_pct_nav"": 0.0425632153699048, ""fee"": 2.4514060393012205e-05, ""fee_pct_nav"": 1.276896461097144e-05, ""name"": ""紫金矿业""}, {""ts_code"": ""03988.HK"", ""side"": ""sell"", ""current_weight"": 0.06524936616189879, ""target_weight"": 0.0, ""post_trade_weight"": 0.0, ""diff_weight"": -0.06524936616189879, ""gross_amount"": 0.1252667660558944, ""gross_amount_pct_nav"": 0.06524936616189879, ""fee"": 3.758002981676832e-05, ""fee_pct_nav"": 1.9574809848569637e-05, ""name"": ""中国银行""}, {""ts_code"": ""09633.HK"", ""side"": ""buy"", ""current_weight"": 0.0, ""target_weight"": 0.03655295591836337, ""post_trade_weight"": 0.03655685125225218, ""diff_weight"": 0.03655295591836337, ""gross_amount"": 0.07017494340582262, ""gross_amount_pct_nav"": 0.03655295591836337, ""fee"": 2.1052483021746784e-05, ""fee_pct_nav"": 1.096588677550901e-05, ""name"": ""农夫山泉""}, {""ts_code"": ""09992.HK"", ""side"": ""buy"", ""current_weight"": 0.0, ""target_weight"": 0.02604671106966364, ""post_trade_weight"": 0.02604948678598459, ""diff_weight"": 0.02604671106966364, ""gross_amount"": 0.050004888231301725, ""gross_amount_pct_nav"": 0.02604671106966364, ""fee"": 1.5001466469390517e-05, ""fee_pct_nav"": 7.814013320899092e-06, ""name"": ""泡泡玛特""}]"
2025-09-22,0.10123346,0.20246692,0.21693248,0.17353463,0.00011714,0.00006508,0.00005206,0.00000000,rebalance,"[{""ts_code"": ""00300.HK"", ""side"": ""buy"", ""current_weight"": 0.0, ""target_weight"": 0.029531295660126227, ""post_trade_weight"": 0.029533089502235817, ""diff_weight"": 0.029531295660126227, ""gross_amount"": 0.05695251282287158, ""gross_amount_pct_nav"": 0.029531295660126227, ""fee"": 1.7085753846861474e-05, ""fee_pct_nav"": 8.859388698037867e-06, ""name"": ""美的集团""}, {""ts_code"": ""00388.HK"", ""side"": ""buy"", ""current_weight"": 0.028065623421259178, ""target_weight"": 0.03976639942398597, ""post_trade_weight"": 0.03976881498484231, ""diff_weight"": 0.011700776002726797, ""gross_amount"": 0.02256550484618993, ""gross_amount_pct_nav"": 0.011700776002726797, ""fee"": 6.7696514538569785e-06, ""fee_pct_nav"": 3.510232800818039e-06, ""name"": ""香港交易所""}, {""ts_code"": ""00981.HK"", ""side"": ""buy"", ""current_weight"": 0.0, ""target_weight"": 0.03498848209075735, ""post_trade_weight"": 0.03499060742292182, ""diff_weight"": 0.03498848209075735, ""gross_amount"": 0.06747695725444351, ""gross_amount_pct_nav"": 0.03498848209075735, ""fee"": 2.0243087176333053e-05, ""fee_pct_nav"": 1.0496544627227203e-05, ""name"": ""中芯国际""}, {""ts_code"": ""01288.HK"", ""side"": ""sell"", ""current_weight"": 0.1388216145295346, ""target_weight"": 0.09985409506576065, ""post_trade_weight"": 0.09986016057953308, ""diff_weight"": -0.038967519463773935, ""gross_amount"": 0.0751507206956932, ""gross_amount_pct_nav"": 0.038967519463773935, ""fee"": 2.254521620870796e-05, ""fee_pct_nav"": 1.1690255839132179e-05, ""name"": ""农业银行""}, {""ts_code"": ""01299.HK"", ""side"": ""sell"", ""current_weight"": 0.0268888432774287, ""target_weight"": 0.0, ""post_trade_weight"": 0.0, ""diff_weight"": -0.0268888432774287, ""gross_amount"": 0.05185641731316427, ""gross_amount_pct_nav"": 0.0268888432774287, ""fee"": 1.555692519394928e-05, ""fee_pct_nav"": 8.06665298322861e-06, ""name"": ""友邦保险""}, {""ts_code"": ""01398.HK"", ""side"": ""buy"", ""current_weight"": 0.0936189679664612, ""target_weight"": 0.10763432213232133, ""post_trade_weight"": 0.10764086024638514, ""diff_weight"": 0.014015354165860123, ""gross_amount"": 0.027029279278321494, ""gross_amount_pct_nav"": 0.014015354165860123, ""fee"": 8.108783783496448e-06, ""fee_pct_nav"": 4.2046062497580365e-06, ""name"": ""工商银行""}, {""ts_code"": ""01810.HK"", ""side"": ""buy"", ""current_weight"": 0.07687003436065076, ""target_weight"": 0.09911901932872527, ""post_trade_weight"": 0.09912504019122922, ""diff_weight"": 0.02224898496807451, ""gross_amount"": 0.0429082291638512, ""gross_amount_pct_nav"": 0.02224898496807451, ""fee"": 1.287246874915536e-05, ""fee_pct_nav"": 6.674695490422352e-06, ""name"": ""小米集团-W""}, {""ts_code"": ""09992.HK"", ""side"": ""sell"", ""current_weight"": 0.0241256653544137, ""target_weight"": 0.0, ""post_trade_weight"": 0.0, ""diff_weight"": -0.0241256653544137, ""gross_amount"": 0.046527496838304386, ""gross_amount_pct_nav"": 0.0241256653544137, ""fee"": 1.3958249051491314e-05, ""fee_pct_nav"": 7.23769960632411e-06, ""name"": ""泡泡玛特""}]"
2025-10-06,0.08637670,0.17275340,0.18087324,0.15890469,0.00010193,0.00005426,0.00004767,0.00000000,rebalance,"[{""ts_code"": ""00300.HK"", ""side"": ""sell"", ""current_weight"": 0.02846589549185357, ""target_weight"": 0.0, ""post_trade_weight"": 0.0, ""diff_weight"": -0.02846589549185357, ""gross_amount"": 0.0559877999619881, ""gross_amount_pct_nav"": 0.02846589549185357, ""fee"": 1.679633998859643e-05, ""fee_pct_nav"": 8.539768647556071e-06, ""name"": ""美的集团""}, {""ts_code"": ""00700.HK"", ""side"": ""sell"", ""current_weight"": 0.17449853389961303, ""target_weight"": 0.1599917078366138, ""post_trade_weight"": 0.16000000000002285, ""diff_weight"": -0.014506826062999257, ""gross_amount"": 0.028532574214325923, ""gross_amount_pct_nav"": 0.014506826062999257, ""fee"": 8.559772264297777e-06, ""fee_pct_nav"": 4.352047818899777e-06, ""name"": ""腾讯控股""}, {""ts_code"": ""00981.HK"", ""side"": ""buy"", ""current_weight"": 0.04258599227232791, ""target_weight"": 0.05598028384057507, ""post_trade_weight"": 0.055983185226325415, ""diff_weight"": 0.013394291568247153, ""gross_amount"": 0.026344399288972947, ""gross_amount_pct_nav"": 0.013394291568247153, ""fee"": 7.903319786691883e-06, ""fee_pct_nav"": 4.018287470474145e-06, ""name"": ""中芯国际""}, {""ts_code"": ""01288.HK"", ""side"": ""buy"", ""current_weight"": 0.09640673151041966, ""target_weight"": 0.11906585826275648, ""post_trade_weight"": 0.1190720292922836, ""diff_weight"": 0.02265912675233682, ""gross_amount"": 0.04456682756691169, ""gross_amount_pct_nav"": 0.02265912675233682, ""fee"": 1.3370048270073505e-05, ""fee_pct_nav"": 6.797738025701045e-06, ""name"": ""农业银行""}, {""ts_code"": ""01398.HK"", ""side"": ""buy"", ""current_weight"": 0.10406798746532436, ""target_weight"": 0.11861354961634829, ""post_trade_weight"": 0.11861969720330293, ""diff_weight"": 0.014545562151023924, ""gross_amount"": 0.02860876181742647, ""gross_amount_pct_nav"": 0.014545562151023924, ""fee"": 8.58262854522794e-06, ""fee_pct_nav"": 4.363668645307176e-06, ""name"": ""工商银行""}, {""ts_code"": ""02318.HK"", ""side"": ""sell"", ""current_weight"": 0.03781924104478601, ""target_weight"": 0.0, ""post_trade_weight"": 0.0, ""diff_weight"": -0.03781924104478601, ""gross_amount"": 0.07438431378122833, ""gross_amount_pct_nav"": 0.03781924104478601, ""fee"": 2.2315294134368495e-05, ""fee_pct_nav"": 1.1345772313435802e-05, ""name"": ""中国平安""}, {""ts_code"": ""02388.HK"", ""side"": ""buy"", ""current_weight"": 0.0, ""target_weight"": 0.020480828115337586, ""post_trade_weight"": 0.020481889610184923, ""diff_weight"": 0.020480828115337586, ""gross_amount"": 0.04028246741457829, ""gross_amount_pct_nav"": 0.020480828115337586, ""fee"": 1.2084740224373486e-05, ""fee_pct_nav"": 6.144248434601275e-06, ""name"": ""中银香港""}, {""ts_code"": ""03993.HK"", ""side"": ""buy"", ""current_weight"": 0.0, ""target_weight"": 0.020881633168808703, ""post_trade_weight"": 0.020882715436863875, ""diff_weight"": 0.020881633168808703, ""gross_amount"": 0.041070785954000905, ""gross_amount_pct_nav"": 0.020881633168808703, ""fee"": 1.232123578620027e-05, ""fee_pct_nav"": 6.26448995064261e-06, ""name"": ""洛阳钼业""}]"
2025-10-20,0.19355153,0.38710306,0.36740632,0.38067127,0.00022442,0.00011022,0.00011420,0.00000000,rebalance,"[{""ts_code"": ""00005.HK"", ""side"": ""sell"", ""current_weight"": 0.08847639858924372, ""target_weight"": 0.07048277219097743, ""post_trade_weight"": 0.07049095837062494, ""diff_weight"": -0.01799362639826629, ""gross_amount"": 0.03477272608962753, ""gross_amount_pct_nav"": 0.01799362639826629, ""fee"": 1.0431817826888258e-05, ""fee_pct_nav"": 5.398087919479886e-06, ""name"": ""汇丰控股""}, {""ts_code"": ""00388.HK"", ""side"": ""sell"", ""current_weight"": 0.03810694551860026, ""target_weight"": 0.0, ""post_trade_weight"": 0.0, ""diff_weight"": -0.03810694551860026, ""gross_amount"": 0.07364176343898747, ""gross_amount_pct_nav"": 0.03810694551860026, ""fee"": 2.209252903169624e-05, ""fee_pct_nav"": 1.1432083655580078e-05, ""name"": ""香港交易所""}, {""ts_code"": ""00857.HK"", ""side"": ""buy"", ""current_weight"": 0.0, ""target_weight"": 0.06253365069223893, ""post_trade_weight"": 0.06254091362589873, ""diff_weight"": 0.06253365069223893, ""gross_amount"": 0.12084642966218216, ""gross_amount_pct_nav"": 0.06253365069223893, ""fee"": 3.6253928898654644e-05, ""fee_pct_nav"": 1.8760095207671675e-05, ""name"": ""中国石油股份""}, {""ts_code"": ""00941.HK"", ""side"": ""buy"", ""current_weight"": 0.0, ""target_weight"": 0.07443694221299708, ""post_trade_weight"": 0.07444558764736955, ""diff_weight"": 0.07443694221299708, ""gross_amount"": 0.14384956902136048, ""gross_amount_pct_nav"": 0.07443694221299708, ""fee"": 4.315487070640814e-05, ""fee_pct_nav"": 2.2331082663899123e-05, ""name"": ""中国移动""}, {""ts_code"": ""00981.HK"", ""side"": ""sell"", ""current_weight"": 0.04492913954919979, ""target_weight"": 0.02398642789316403, ""post_trade_weight"": 0.0239892137825627, ""diff_weight"": -0.020942711656035756, ""gross_amount"": 0.04047184041008808, ""gross_amount_pct_nav"": 0.020942711656035756, ""fee"": 1.2141552123026422e-05, ""fee_pct_nav"": 6.282813496810727e-06, ""name"": ""中芯国际""}, {""ts_code"": ""01088.HK"", ""side"": ""buy"", ""current_weight"": 0.0, ""target_weight"": 0.03615101164642501, ""post_trade_weight"": 0.03615521038416727, ""diff_weight"": 0.03615101164642501, ""gross_amount"": 0.06986191654869482, ""gross_amount_pct_nav"": 0.03615101164642501, ""fee"": 2.0958574964608444e-05, ""fee_pct_nav"": 1.0845303493927501e-05, ""name"": ""中国神华""}, {""ts_code"": ""01288.HK"", ""side"": ""buy"", ""current_weight"": 0.13346483093061456, ""target_weight"": 0.15046268914396227, ""post_trade_weight"": 0.15048016454348603, ""diff_weight"": 0.016997858213347684, ""gross_amount"": 0.032848401688500894, ""gross_amount_pct_nav"": 0.016997858213347684, ""fee"": 9.854520506550268e-06, ""fee_pct_nav"": 5.099357464004305e-06, ""name"": ""农业银行""}, {""ts_code"": ""01398.HK"", ""side"": ""sell"", ""current_weight"": 0.12605319661590395, ""target_weight"": 0.11301836724338214, ""post_trade_weight"": 0.11303149369441357, ""diff_weight"": -0.01303482937252181, ""gross_amount"": 0.025189838966502287, ""gross_amount_pct_nav"": 0.01303482937252181, ""fee"": 7.5569516899506854e-06, ""fee_pct_nav"": 3.910448811756543e-06, ""name"": ""工商银行""}, {""ts_code"": ""01810.HK"", ""side"": ""sell"", ""current_weight"": 0.08311780423341161, ""target_weight"": 0.03795438744316544, ""post_trade_weight"": 0.03795879563291682, ""diff_weight"": -0.04516341679024618, ""gross_amount"": 0.08727841106394378, ""gross_amount_pct_nav"": 0.04516341679024618, ""fee"": 2.6183523319183133e-05, ""fee_pct_nav"": 1.3549025037073853e-05, ""name"": ""小米集团-W""}, {""ts_code"": ""02388.HK"", ""side"": ""sell"", ""current_weight"": 0.02085612724930613, ""target_weight"": 0.0, ""post_trade_weight"": 0.0, ""diff_weight"": -0.02085612724930613, ""gross_amount"": 0.04030451583680849, ""gross_amount_pct_nav"": 0.02085612724930613, ""fee"": 1.2091354751042545e-05, ""fee_pct_nav"": 6.256838174791838e-06, ""name"": ""中银香港""}, {""ts_code"": ""02628.HK"", ""side"": ""sell"", ""current_weight"": 0.06368306705925823, ""target_weight"": 0.05253678456395254, ""post_trade_weight"": 0.05254288641754278, ""diff_weight"": -0.011146282495305688, ""gross_amount"": 0.021540217605286016, ""gross_amount_pct_nav"": 0.011146282495305688, ""fee"": 6.462065281585805e-06, ""fee_pct_nav"": 3.343884748591706e-06, ""name"": ""中国人寿""}, {""ts_code"": ""02899.HK"", ""side"": ""sell"", ""current_weight"": 0.05030968154142516, ""target_weight"": 0.04013468721882346, ""post_trade_weight"": 0.04013934863819527, ""diff_weight"": -0.010174994322601699, ""gross_amount"": 0.019663200886366874, ""gross_amount_pct_nav"": 0.010174994322601699, ""fee"": 5.8989602659100615e-06, ""fee_pct_nav"": 3.052498296780509e-06, ""name"": ""紫金矿业""}, {""ts_code"": ""03993.HK"", ""side"": ""sell"", ""current_weight"": 0.019564660653437926, ""target_weight"": 0.0, ""post_trade_weight"": 0.0, ""diff_weight"": -0.019564660653437926, ""gross_amount"": 0.03780875354864874, ""gross_amount_pct_nav"": 0.019564660653437926, ""fee"": 1.134262606459462e-05, ""fee_pct_nav"": 5.869398196031377e-06, ""name"": ""洛阳钼业""}]"
2025-11-03,0.03417168,0.06834337,0.05645024,0.07901324,0.00004064,0.00001694,0.00002370,0.00000000,rebalance,"[{""ts_code"": ""00700.HK"", ""side"": ""buy"", ""current_weight"": 0.1471602510447755, ""target_weight"": 0.15999671951841543, ""post_trade_weight"": 0.16000000000000453, ""diff_weight"": 0.012836468473639917, ""gross_amount"": 0.025443181070268106, ""gross_amount_pct_nav"": 0.012836468473639917, ""fee"": 7.632954321080431e-06, ""fee_pct_nav"": 3.850940542091975e-06, ""name"": ""腾讯控股""}, {""ts_code"": ""00857.HK"", ""side"": ""buy"", ""current_weight"": 0.0657258429213437, ""target_weight"": 0.08136937185546207, ""post_trade_weight"": 0.0813710402067076, ""diff_weight"": 0.01564352893411838, ""gross_amount"": 0.03100705930654532, ""gross_amount_pct_nav"": 0.01564352893411838, ""fee"": 9.302117791963595e-06, ""fee_pct_nav"": 4.693058680235513e-06, ""name"": ""中国石油股份""}, {""ts_code"": ""01288.HK"", ""side"": ""sell"", ""current_weight"": 0.15682362944086176, ""target_weight"": 0.11696026040917028, ""post_trade_weight"": 0.11696265849571907, ""diff_weight"": -0.039863369031691485, ""gross_amount"": 0.07901323626720544, ""gross_amount_pct_nav"": 0.039863369031691485, ""fee"": 2.370397088016163e-05, ""fee_pct_nav"": 1.1959010709507446e-05, ""name"": ""农业银行""}]"
2025-11-17,0.13734006,0.27468011,0.32295928,0.23664695,0.00016788,0.00009689,0.00007099,0.00000000,rebalance,"[{""ts_code"": ""00005.HK"", ""side"": ""sell"", ""current_weight"": 0.07340532458305055, ""target_weight"": 0.06226677925452862, ""post_trade_weight"": 0.06227191071114518, ""diff_weight"": -0.011138545328521921, ""gross_amount"": 0.02269257614831552, ""gross_amount_pct_nav"": 0.011138545328521921, ""fee"": 6.807772844494655e-06, ""fee_pct_nav"": 3.341563598556576e-06, ""name"": ""汇丰控股""}, {""ts_code"": ""00883.HK"", ""side"": ""buy"", ""current_weight"": 0.0, ""target_weight"": 0.03449721939628425, ""post_trade_weight"": 0.03450006234057724, ""diff_weight"": 0.03449721939628425, ""gross_amount"": 0.07028124005122748, ""gross_amount_pct_nav"": 0.03449721939628425, ""fee"": 2.108437201536824e-05, ""fee_pct_nav"": 1.0349165818885275e-05, ""name"": ""中国海洋石油""}, {""ts_code"": ""00941.HK"", ""side"": ""sell"", ""current_weight"": 0.07089391841778532, ""target_weight"": 0.05751550169230397, ""post_trade_weight"": 0.05752024159221925, ""diff_weight"": -0.013378416725481351, ""gross_amount"": 0.02725586971482656, ""gross_amount_pct_nav"": 0.013378416725481351, ""fee"": 8.176760914447967e-06, ""fee_pct_nav"": 4.013525017644404e-06, ""name"": ""中国移动""}, {""ts_code"": ""00981.HK"", ""side"": ""sell"", ""current_weight"": 0.02311698251126745, ""target_weight"": 0.0, ""post_trade_weight"": 0.0, ""diff_weight"": -0.02311698251126745, ""gross_amount"": 0.0470962653097024, ""gross_amount_pct_nav"": 0.02311698251126745, ""fee"": 1.4128879592910719e-05, ""fee_pct_nav"": 6.935094753380234e-06, ""name"": ""中芯国际""}, {""ts_code"": ""01288.HK"", ""side"": ""buy"", ""current_weight"": 0.11435643401517223, ""target_weight"": 0.13205657442892554, ""post_trade_weight"": 0.13206745732010325, ""diff_weight"": 0.017700140413753316, ""gross_amount"": 0.03606052427209311, ""gross_amount_pct_nav"": 0.017700140413753316, ""fee"": 1.0818157281627931e-05, ""fee_pct_nav"": 5.3100421241259935e-06, ""name"": ""农业银行""}, {""ts_code"": ""01398.HK"", ""side"": ""buy"", ""current_weight"": 0.11808840377464763, ""target_weight"": 0.13350698609724568, ""post_trade_weight"": 0.1335179885180448, ""diff_weight"": 0.015418582322598027, ""gross_amount"": 0.031412302337064435, ""gross_amount_pct_nav"": 0.015418582322598027, ""fee"": 9.42369070111933e-06, ""fee_pct_nav"": 4.625574696779408e-06, ""name"": ""工商银行""}, {""ts_code"": ""01810.HK"", ""side"": ""sell"", ""current_weight"": 0.032045909629094115, ""target_weight"": 0.0, ""post_trade_weight"": 0.0, ""diff_weight"": -0.032045909629094115, ""gross_amount"": 0.06528718275609471, ""gross_amount_pct_nav"": 0.032045909629094115, ""fee"": 1.9586154826828413e-05, ""fee_pct_nav"": 9.613772888728233e-06, ""name"": ""小米集团-W""}, {""ts_code"": ""02318.HK"", ""side"": ""buy"", ""current_weight"": 0.0, ""target_weight"": 0.03279428668951858, ""post_trade_weight"": 0.03279698929372315, ""diff_weight"": 0.03279428668951858, ""gross_amount"": 0.06681185253392002, ""gross_amount_pct_nav"": 0.03279428668951858, ""fee"": 2.0043555760176006e-05, ""fee_pct_nav"": 9.838286006855573e-06, ""name"": ""中国平安""}, {""ts_code"": ""03988.HK"", ""side"": ""buy"", ""current_weight"": 0.0, ""target_weight"": 0.05811282847954057, ""post_trade_weight"": 0.05811761760564888, ""diff_weight"": 0.05811282847954057, ""gross_amount"": 0.11839335807066001, ""gross_amount_pct_nav"": 0.05811282847954057, ""fee"": 3.5518007421198e-05, ""fee_pct_nav"": 1.743384854386217e-05, ""name"": ""中国银行""}, {""ts_code"": ""09633.HK"", ""side"": ""sell"", ""current_weight"": 0.03647720018187553, ""target_weight"": 0.0, ""post_trade_weight"": 0.0, ""diff_weight"": -0.03647720018187553, ""gross_amount"": 0.07431505806103342, ""gross_amount_pct_nav"": 0.03647720018187553, ""fee"": 2.2294517418310024e-05, ""fee_pct_nav"": 1.0943160054562658e-05, ""name"": ""农夫山泉""}]"
2025-12-01,0.03127944,0.06255888,0.03133658,0.09415028,0.00003765,0.00000940,0.00002825,0.00000000,rebalance,"[{""ts_code"": ""00883.HK"", ""side"": ""sell"", ""current_weight"": 0.033386615866102434, ""target_weight"": 0.0, ""post_trade_weight"": 0.0, ""diff_weight"": -0.033386615866102434, ""gross_amount"": 0.06697021274214743, ""gross_amount_pct_nav"": 0.033386615866102434, ""fee"": 2.0091063822644226e-05, ""fee_pct_nav"": 1.0015984759830729e-05, ""name"": ""中国海洋石油""}, {""ts_code"": ""00939.HK"", ""side"": ""sell"", ""current_weight"": 0.10399804498789776, ""target_weight"": 0.0904479849707548, ""post_trade_weight"": 0.09044968250002733, ""diff_weight"": -0.01355006001714295, ""gross_amount"": 0.027180065378781537, ""gross_amount_pct_nav"": 0.01355006001714295, ""fee"": 8.15401961363446e-06, ""fee_pct_nav"": 4.065018005142884e-06, ""name"": ""建设银行""}, {""ts_code"": ""01339.HK"", ""side"": ""buy"", ""current_weight"": 0.0, ""target_weight"": 0.015622204944638816, ""post_trade_weight"": 0.015622498142438672, ""diff_weight"": 0.015622204944638816, ""gross_amount"": 0.03133658088737657, ""gross_amount_pct_nav"": 0.015622204944638816, ""fee"": 9.400974266212971e-06, ""fee_pct_nav"": 4.686661483391645e-06, ""name"": ""中国人民保险集团""}]"
2025-12-15,0.05750431,0.11500863,0.10018602,0.12404748,0.00006727,0.00003006,0.00003721,0.00000000,rebalance,"[{""ts_code"": ""00883.HK"", ""side"": ""buy"", ""current_weight"": 0.0, ""target_weight"": 0.03254398518654964, ""post_trade_weight"": 0.03254510807701418, ""diff_weight"": 0.03254398518654964, ""gross_amount"": 0.0634513414723097, ""gross_amount_pct_nav"": 0.03254398518654964, ""fee"": 1.903540244169291e-05, ""fee_pct_nav"": 9.763195555964893e-06, ""name"": ""中国海洋石油""}, {""ts_code"": ""00939.HK"", ""side"": ""sell"", ""current_weight"": 0.08620400478584973, ""target_weight"": 0.0738763521882075, ""post_trade_weight"": 0.07387890120151828, ""diff_weight"": -0.012327652597642241, ""gross_amount"": 0.024035350619821677, ""gross_amount_pct_nav"": 0.012327652597642241, ""fee"": 7.210605185946502e-06, ""fee_pct_nav"": 3.6982957792926718e-06, ""name"": ""建设银行""}, {""ts_code"": ""01088.HK"", ""side"": ""sell"", ""current_weight"": 0.033502263014227776, ""target_weight"": 0.023501622427902217, ""post_trade_weight"": 0.023502433322682745, ""diff_weight"": -0.010000640586325563, ""gross_amount"": 0.019498351451039946, ""gross_amount_pct_nav"": 0.010000640586325563, ""fee"": 5.849505435311983e-06, ""fee_pct_nav"": 3.0001921758976688e-06, ""name"": ""中国神华""}, {""ts_code"": ""01288.HK"", ""side"": ""sell"", ""current_weight"": 0.12434946263656804, ""target_weight"": 0.11308234442923239, ""post_trade_weight"": 0.11308624619742515, ""diff_weight"": -0.011267118207335666, ""gross_amount"": 0.02196761584927237, ""gross_amount_pct_nav"": 0.011267118207335666, ""fee"": 6.59028475478171e-06, ""fee_pct_nav"": 3.380135462200699e-06, ""name"": ""农业银行""}, {""ts_code"": ""01339.HK"", ""side"": ""sell"", ""current_weight"": 0.016120550731380565, ""target_weight"": 0.0, ""post_trade_weight"": 0.0, ""diff_weight"": -0.016120550731380565, ""gross_amount"": 0.031430402985841766, ""gross_amount_pct_nav"": 0.016120550731380565, ""fee"": 9.42912089575253e-06, ""fee_pct_nav"": 4.83616521941417e-06, ""name"": ""中国人民保险集团""}, {""ts_code"": ""01398.HK"", ""side"": ""sell"", ""current_weight"": 0.1305045177403075, ""target_weight"": 0.11659693525092472, ""post_trade_weight"": 0.11660095828578161, ""diff_weight"": -0.013907582489382767, ""gross_amount"": 0.027115756122973456, ""gross_amount_pct_nav"": 0.013907582489382767, ""fee"": 8.134726836892036e-06, ""fee_pct_nav"": 4.17227474681483e-06, ""name"": ""工商银行""}, {""ts_code"": ""02318.HK"", ""side"": ""buy"", ""current_weight"": 0.03754760058241325, ""target_weight"": 0.05638869838656124, ""post_trade_weight"": 0.0563906440097344, ""diff_weight"": 0.018841097804147996, ""gross_amount"": 0.036734681497405344, ""gross_amount_pct_nav"": 0.018841097804147996, ""fee"": 1.1020404449221602e-05, ""fee_pct_nav"": 5.6523293412443975e-06, ""name"": ""中国平安""}]"
2025-12-29,0.03474849,0.06949697,0.06968707,0.06728827,0.00004109,0.00002091,0.00002019,0.00000000,rebalance,"[{""ts_code"": ""01088.HK"", ""side"": ""sell"", ""current_weight"": 0.023368956349449875, ""target_weight"": 0.0, ""post_trade_weight"": 0.0, ""diff_weight"": -0.023368956349449875, ""gross_amount"": 0.04605914008168921, ""gross_amount_pct_nav"": 0.023368956349449875, ""fee"": 1.3817742024506762e-05, ""fee_pct_nav"": 7.0106869048349614e-06, ""name"": ""中国神华""}, {""ts_code"": ""01299.HK"", ""side"": ""buy"", ""current_weight"": 0.0, ""target_weight"": 0.03535702283571414, ""post_trade_weight"": 0.03535776001288227, ""diff_weight"": 0.03535702283571414, ""gross_amount"": 0.0696870687466528, ""gross_amount_pct_nav"": 0.03535702283571414, ""fee"": 2.0906120623995838e-05, ""fee_pct_nav"": 1.060710685071424e-05, ""name"": ""友邦保险""}, {""ts_code"": ""02628.HK"", ""side"": ""sell"", ""current_weight"": 0.06158642863610073, ""target_weight"": 0.05081543668430095, ""post_trade_weight"": 0.05081649616207107, ""diff_weight"": -0.010770991951799789, ""gross_amount"": 0.021229130634170243, ""gross_amount_pct_nav"": 0.010770991951799789, ""fee"": 6.368739190251072e-06, ""fee_pct_nav"": 3.2312975855399364e-06, ""name"": ""中国人寿""}]"
2026-01-12,0.08398172,0.16796344,0.15112153,0.18609907,0.00010117,0.00004534,0.00005583,0.00000000,rebalance,"[{""ts_code"": ""00857.HK"", ""side"": ""buy"", ""current_weight"": 0.0785875590035131, ""target_weight"": 0.08916566964781464, ""post_trade_weight"": 0.08917016284598753, ""diff_weight"": 0.010578110644301546, ""gross_amount"": 0.021237698110077585, ""gross_amount_pct_nav"": 0.010578110644301546, ""fee"": 6.371309433023275e-06, ""fee_pct_nav"": 3.1734331932904637e-06, ""name"": ""中国石油股份""}, {""ts_code"": ""00941.HK"", ""side"": ""sell"", ""current_weight"": 0.0545958887581166, ""target_weight"": 0.0, ""post_trade_weight"": 0.0, ""diff_weight"": -0.0545958887581166, ""gross_amount"": 0.10961229679714869, ""gross_amount_pct_nav"": 0.0545958887581166, ""fee"": 3.2883689039144606e-05, ""fee_pct_nav"": 1.6378766627434977e-05, ""name"": ""中国移动""}, {""ts_code"": ""01088.HK"", ""side"": ""buy"", ""current_weight"": 0.0, ""target_weight"": 0.043391331127073156, ""post_trade_weight"": 0.04339351768441646, ""diff_weight"": 0.043391331127073156, ""gross_amount"": 0.08711687956937979, ""gross_amount_pct_nav"": 0.043391331127073156, ""fee"": 2.6135063870813935e-05, ""fee_pct_nav"": 1.3017399338121946e-05, ""name"": ""中国神华""}, {""ts_code"": ""01288.HK"", ""side"": ""sell"", ""current_weight"": 0.11222510546670793, ""target_weight"": 0.09071098240316058, ""post_trade_weight"": 0.0907155534720709, ""diff_weight"": -0.021514123063547334, ""gross_amount"": 0.043193956472067585, ""gross_amount_pct_nav"": 0.021514123063547334, ""fee"": 1.2958186941620274e-05, ""fee_pct_nav"": 6.454236919064199e-06, ""name"": ""农业银行""}, {""ts_code"": ""01398.HK"", ""side"": ""sell"", ""current_weight"": 0.11601794513167797, ""target_weight"": 0.09943540186964021, ""post_trade_weight"": 0.0994404125757535, ""diff_weight"": -0.01658254326203775, ""gross_amount"": 0.03329281187715469, ""gross_amount_pct_nav"": 0.01658254326203775, ""fee"": 9.987843563146405e-06, ""fee_pct_nav"": 4.974762978611324e-06, ""name"": ""工商银行""}, {""ts_code"": ""02318.HK"", ""side"": ""buy"", ""current_weight"": 0.05748742584269699, ""target_weight"": 0.06873831741791094, ""post_trade_weight"": 0.06874178124971357, ""diff_weight"": 0.011250891575213941, ""gross_amount"": 0.022588441998602854, ""gross_amount_pct_nav"": 0.011250891575213941, ""fee"": 6.776532599580856e-06, ""fee_pct_nav"": 3.3752674725641822e-06, ""name"": ""中国平安""}, {""ts_code"": ""02899.HK"", ""side"": ""buy"", ""current_weight"": 0.04674805530588489, ""target_weight"": 0.0567986062699565, ""post_trade_weight"": 0.0568014684409571, ""diff_weight"": 0.010050550964071613, ""gross_amount"": 0.02017851527483204, ""gross_amount_pct_nav"": 0.010050550964071613, ""fee"": 6.053554582449612e-06, ""fee_pct_nav"": 3.0151652892214836e-06, ""name"": ""紫金矿业""}]"
2026-01-26,0.05180887,0.10361775,0.13256031,0.07703167,0.00006288,0.00003977,0.00002311,0.00000000,rebalance,"[{""ts_code"": ""00005.HK"", ""side"": ""buy"", ""current_weight"": 0.07328867724088252, ""target_weight"": 0.08741955896277756, ""post_trade_weight"": 0.08742227651259185, ""diff_weight"": 0.014130881721895035, ""gross_amount"": 0.02858313024985834, ""gross_amount_pct_nav"": 0.014130881721895035, ""fee"": 8.574939074957501e-06, ""fee_pct_nav"": 4.23926451656851e-06, ""name"": ""汇丰控股""}, {""ts_code"": ""00700.HK"", ""side"": ""buy"", ""current_weight"": 0.1496669626006346, ""target_weight"": 0.15999502634815316, ""post_trade_weight"": 0.16000000000003722, ""diff_weight"": 0.010328063747518549, ""gross_amount"": 0.020891009997398347, ""gross_amount_pct_nav"": 0.010328063747518549, ""fee"": 6.267302999219503e-06, ""fee_pct_nav"": 3.098419124255564e-06, ""name"": ""腾讯控股""}, {""ts_code"": ""00981.HK"", ""side"": ""buy"", ""current_weight"": 0.0, ""target_weight"": 0.041076007833211955, ""post_trade_weight"": 0.041077284733928264, ""diff_weight"": 0.041076007833211955, ""gross_amount"": 0.08308617290467617, ""gross_amount_pct_nav"": 0.041076007833211955, ""fee"": 2.4925851871402848e-05, ""fee_pct_nav"": 1.2322802349963587e-05, ""name"": ""中芯国际""}, {""ts_code"": ""03968.HK"", ""side"": ""sell"", ""current_weight"": 0.03808279428243314, ""target_weight"": 0.0, ""post_trade_weight"": 0.0, ""diff_weight"": -0.03808279428243314, ""gross_amount"": 0.07703167365464081, ""gross_amount_pct_nav"": 0.03808279428243314, ""fee"": 2.310950209639224e-05, ""fee_pct_nav"": 1.142483828472994e-05, ""name"": ""招商银行""}]"
2026-02-09,0.02380036,0.04760072,0.07457300,0.02386771,0.00002953,0.00002237,0.00000716,0.00000000,rebalance,"[{""ts_code"": ""00005.HK"", ""side"": ""sell"", ""current_weight"": 0.09092173735122298, ""target_weight"": 0.07938057581531228, ""post_trade_weight"": 0.0793817094032792, ""diff_weight"": -0.011541161535910702, ""gross_amount"": 0.023867710027485972, ""gross_amount_pct_nav"": 0.011541161535910702, ""fee"": 7.160313008245791e-06, ""fee_pct_nav"": 3.4623484607732105e-06, ""name"": ""汇丰控股""}, {""ts_code"": ""00700.HK"", ""side"": ""buy"", ""current_weight"": 0.14617887515495237, ""target_weight"": 0.15999771516543093, ""post_trade_weight"": 0.16000000000001147, ""diff_weight"": 0.013818840010478551, ""gross_amount"": 0.028578065150553944, ""gross_amount_pct_nav"": 0.013818840010478551, ""fee"": 8.573419545166182e-06, ""fee_pct_nav"": 4.145652003143565e-06, ""name"": ""腾讯控股""}, {""ts_code"": ""00857.HK"", ""side"": ""buy"", ""current_weight"": 0.09777107708106206, ""target_weight"": 0.10786857439617407, ""post_trade_weight"": 0.10787011480472726, ""diff_weight"": 0.01009749731511201, ""gross_amount"": 0.020882138870556427, ""gross_amount_pct_nav"": 0.01009749731511201, ""fee"": 6.264641661166928e-06, ""fee_pct_nav"": 3.029249194533603e-06, ""name"": ""中国石油股份""}, {""ts_code"": ""00883.HK"", ""side"": ""buy"", ""current_weight"": 0.03560740156231777, ""target_weight"": 0.047750623128504005, ""post_trade_weight"": 0.0477513050274602, ""diff_weight"": 0.012143221566186229, ""gross_amount"": 0.025112800842396032, ""gross_amount_pct_nav"": 0.012143221566186229, ""fee"": 7.533840252718809e-06, ""fee_pct_nav"": 3.6429664698558683e-06, ""name"": ""中国海洋石油""}]"
2026-02-23,0.16754270,0.33508541,0.30236311,0.39607672,0.00020953,0.00009071,0.00011882,0.00000000,rebalance,"[{""ts_code"": ""00005.HK"", ""side"": ""buy"", ""current_weight"": 0.07683698897491278, ""target_weight"": 0.08999785002925914, ""post_trade_weight"": 0.09000689802873447, ""diff_weight"": 0.013160861054346362, ""gross_amount"": 0.02743201974883458, ""gross_amount_pct_nav"": 0.013160861054346362, ""fee"": 8.229605924650373e-06, ""fee_pct_nav"": 3.948258316303908e-06, ""name"": ""汇丰控股""}, {""ts_code"": ""00300.HK"", ""side"": ""buy"", ""current_weight"": 0.0, ""target_weight"": 0.03319935760339206, ""post_trade_weight"": 0.03320269532501629, ""diff_weight"": 0.03319935760339206, ""gross_amount"": 0.0691995325886452, ""gross_amount_pct_nav"": 0.03319935760339206, ""fee"": 2.0759859776593557e-05, ""fee_pct_nav"": 9.959807281017617e-06, ""name"": ""美的集团""}, {""ts_code"": ""00700.HK"", ""side"": ""sell"", ""current_weight"": 0.15250910836160014, ""target_weight"": 0.0, ""post_trade_weight"": 0.0, ""diff_weight"": -0.15250910836160014, ""gross_amount"": 0.3178844343980767, ""gross_amount_pct_nav"": 0.15250910836160014, ""fee"": 9.5365330319423e-05, ""fee_pct_nav"": 4.5752732508480045e-05, ""name"": ""腾讯控股""}, {""ts_code"": ""00857.HK"", ""side"": ""buy"", ""current_weight"": 0.11181476509185265, ""target_weight"": 0.12743020806085967, ""post_trade_weight"": 0.1274430193497438, ""diff_weight"": 0.015615442969007017, ""gross_amount"": 0.03254826094916746, ""gross_amount_pct_nav"": 0.015615442969007017, ""fee"": 9.764478284750238e-06, ""fee_pct_nav"": 4.684632890702105e-06, ""name"": ""中国石油股份""}, {""ts_code"": ""00883.HK"", ""side"": ""buy"", ""current_weight"": 0.05100914728120123, ""target_weight"": 0.07414579323352231, ""post_trade_weight"": 0.07415324753490903, ""diff_weight"": 0.023136645952321084, ""gross_amount"": 0.04822518268865558, ""gross_amount_pct_nav"": 0.023136645952321084, ""fee"": 1.4467554806596673e-05, ""fee_pct_nav"": 6.9409937856963245e-06, ""name"": ""中国海洋石油""}, {""ts_code"": ""00939.HK"", ""side"": ""buy"", ""current_weight"": 0.07514468055140894, ""target_weight"": 0.09037949034968913, ""post_trade_weight"": 0.09038857671765237, ""diff_weight"": 0.015234809798280199, ""gross_amount"": 0.031754883022501235, ""gross_amount_pct_nav"": 0.015234809798280199, ""fee"": 9.52646490675037e-06, ""fee_pct_nav"": 4.570442939484059e-06, ""name"": ""建设银行""}, {""ts_code"": ""00981.HK"", ""side"": ""sell"", ""current_weight"": 0.03751374365903826, ""target_weight"": 0.0, ""post_trade_weight"": 0.0, ""diff_weight"": -0.03751374365903826, ""gross_amount"": 0.07819228184675679, ""gross_amount_pct_nav"": 0.03751374365903826, ""fee"": 2.3457684554027036e-05, ""fee_pct_nav"": 1.1254123097711477e-05, ""name"": ""中芯国际""}, {""ts_code"": ""02388.HK"", ""side"": ""buy"", ""current_weight"": 0.0, ""target_weight"": 0.033511744813157114, ""post_trade_weight"": 0.03351511394085726, ""diff_weight"": 0.033511744813157114, ""gross_amount"": 0.06985066111831904, ""gross_amount_pct_nav"": 0.033511744813157114, ""fee"": 2.095519833549571e-05, ""fee_pct_nav"": 1.0053523443947133e-05, ""name"": ""中银香港""}, {""ts_code"": ""02628.HK"", ""side"": ""buy"", ""current_weight"": 0.05908923427541814, ""target_weight"": 0.07029292920146152, ""post_trade_weight"": 0.07029999615235343, ""diff_weight"": 0.011203694926043381, ""gross_amount"": 0.023352573908501303, ""gross_amount_pct_nav"": 0.011203694926043381, ""fee"": 7.00577217255039e-06, ""fee_pct_nav"": 3.361108477813014e-06, ""name"": ""中国人寿""}]"
2026-03-09,0.06167615,0.12335231,0.14130435,0.10670367,0.00007440,0.00004239,0.00003201,0.00000000,rebalance,"[{""ts_code"": ""00016.HK"", ""side"": ""buy"", ""current_weight"": 0.0, ""target_weight"": 0.025858061969843166, ""post_trade_weight"": 0.025859018900724312, ""diff_weight"": 0.025858061969843166, ""gross_amount"": 0.051989353701001356, ""gross_amount_pct_nav"": 0.025858061969843166, ""fee"": 1.5596806110300406e-05, ""fee_pct_nav"": 7.75741859095295e-06, ""name"": ""新鸿基地产""}, {""ts_code"": ""00300.HK"", ""side"": ""sell"", ""current_weight"": 0.031049755907354995, ""target_weight"": 0.0, ""post_trade_weight"": 0.0, ""diff_weight"": -0.031049755907354995, ""gross_amount"": 0.06242759972034462, ""gross_amount_pct_nav"": 0.031049755907354995, ""fee"": 1.8728279916103382e-05, ""fee_pct_nav"": 9.314926772206496e-06, ""name"": ""美的集团""}, {""ts_code"": ""01299.HK"", ""side"": ""buy"", ""current_weight"": 0.03449175055392725, ""target_weight"": 0.047232253002121714, ""post_trade_weight"": 0.047234000928997925, ""diff_weight"": 0.012740502448194468, ""gross_amount"": 0.025615627686256692, ""gross_amount_pct_nav"": 0.012740502448194468, ""fee"": 7.684688305877007e-06, ""fee_pct_nav"": 3.82215073445834e-06, ""name"": ""友邦保险""}, {""ts_code"": ""01398.HK"", ""side"": ""buy"", ""current_weight"": 0.10056674945991383, ""target_weight"": 0.12214691171014133, ""post_trade_weight"": 0.12215143200837515, ""diff_weight"": 0.021580162250227512, ""gross_amount"": 0.043388351743472914, ""gross_amount_pct_nav"": 0.021580162250227512, ""fee"": 1.3016505523041873e-05, ""fee_pct_nav"": 6.474048675068253e-06, ""name"": ""工商银行""}, {""ts_code"": ""02318.HK"", ""side"": ""sell"", ""current_weight"": 0.06277840712854423, ""target_weight"": 0.052684488231343925, ""post_trade_weight"": 0.05268643792942279, ""diff_weight"": -0.010093918897200299, ""gross_amount"": 0.020294495402934126, ""gross_amount_pct_nav"": 0.010093918897200299, ""fee"": 6.088348620880237e-06, ""fee_pct_nav"": 3.0281756691600895e-06, ""name"": ""中国平安""}, {""ts_code"": ""02628.HK"", ""side"": ""sell"", ""current_weight"": 0.06022875846377442, ""target_weight"": 0.04830099053027474, ""post_trade_weight"": 0.04830277800798603, ""diff_weight"": -0.011927767933499677, ""gross_amount"": 0.023981570880346137, ""gross_amount_pct_nav"": 0.011927767933499677, ""fee"": 7.1944712641038406e-06, ""fee_pct_nav"": 3.578330380049903e-06, ""name"": ""中国人寿""}, {""ts_code"": ""03988.HK"", ""side"": ""buy"", ""current_weight"": 0.055891389628286256, ""target_weight"": 0.06599352589421764, ""post_trade_weight"": 0.06599596812066746, ""diff_weight"": 0.010102136265931384, ""gross_amount"": 0.02031101696939762, ""gross_amount_pct_nav"": 0.010102136265931384, ""fee"": 6.093305090819285e-06, ""fee_pct_nav"": 3.0306408797794147e-06, ""name"": ""中国银行""}]"
2026-03-23,0.08026479,0.16052958,0.17044105,0.14710792,0.00009526,0.00005113,0.00004413,0.00000000,rebalance,"[{""ts_code"": ""00005.HK"", ""side"": ""sell"", ""current_weight"": 0.08296833539229014, ""target_weight"": 0.060833385381578745, ""post_trade_weight"": 0.06083631519001717, ""diff_weight"": -0.022134950010711387, ""gross_amount"": 0.04378589001793523, ""gross_amount_pct_nav"": 0.022134950010711387, ""fee"": 1.3135767005380569e-05, ""fee_pct_nav"": 6.640485003213416e-06, ""name"": ""汇丰控股""}, {""ts_code"": ""00016.HK"", ""side"": ""sell"", ""current_weight"": 0.02424703752950676, ""target_weight"": 0.0, ""post_trade_weight"": 0.0, ""diff_weight"": -0.02424703752950676, ""gross_amount"": 0.047963881464108626, ""gross_amount_pct_nav"": 0.02424703752950676, ""fee"": 1.4389164439232586e-05, ""fee_pct_nav"": 7.274111258852027e-06, ""name"": ""新鸿基地产""}, {""ts_code"": ""00857.HK"", ""side"": ""sell"", ""current_weight"": 0.15096997046215638, ""target_weight"": 0.13600125604639002, ""post_trade_weight"": 0.13600780602918486, ""diff_weight"": -0.014968714415766343, ""gross_amount"": 0.029610118062225632, ""gross_amount_pct_nav"": 0.014968714415766343, ""fee"": 8.88303541866769e-06, ""fee_pct_nav"": 4.490614324729903e-06, ""name"": ""中国石油股份""}, {""ts_code"": ""00939.HK"", ""side"": ""buy"", ""current_weight"": 0.09036120897984233, ""target_weight"": 0.11536032777312305, ""post_trade_weight"": 0.1153658836641794, ""diff_weight"": 0.024999118793280716, ""gross_amount"": 0.04945159873856467, ""gross_amount_pct_nav"": 0.024999118793280716, ""fee"": 1.4835479621569399e-05, ""fee_pct_nav"": 7.499735637984215e-06, ""name"": ""建设银行""}, {""ts_code"": ""01398.HK"", ""side"": ""buy"", ""current_weight"": 0.1251317894869031, ""target_weight"": 0.14921914114612375, ""post_trade_weight"": 0.1492263277180392, ""diff_weight"": 0.02408735165922068, ""gross_amount"": 0.04764800146662135, ""gross_amount_pct_nav"": 0.02408735165922068, ""fee"": 1.4294400439986402e-05, ""fee_pct_nav"": 7.2262054977662034e-06, ""name"": ""工商银行""}, {""ts_code"": ""02899.HK"", ""side"": ""sell"", ""current_weight"": 0.04772659358164382, ""target_weight"": 0.034710267760521926, ""post_trade_weight"": 0.03471193944844044, ""diff_weight"": -0.013016325821121893, ""gross_amount"": 0.025748032435829155, ""gross_amount_pct_nav"": 0.013016325821121893, ""fee"": 7.724409730748745e-06, ""fee_pct_nav"": 3.9048977463365674e-06, ""name"": ""紫金矿业""}, {""ts_code"": ""03968.HK"", ""side"": ""buy"", ""current_weight"": 0.0, ""target_weight"": 0.03707608180133706, ""post_trade_weight"": 0.037077867429683144, ""diff_weight"": 0.03707608180133706, ""gross_amount"": 0.0733414459605161, ""gross_amount_pct_nav"": 0.03707608180133706, ""fee"": 2.2002433788154828e-05, ""fee_pct_nav"": 1.1122824540401117e-05, ""name"": ""招商银行""}]"
2026-04-08,0.04871339,0.09742678,0.11978495,0.08210070,0.00006057,0.00003594,0.00002463,0.00000000,rebalance,"[{""ts_code"": ""00939.HK"", ""side"": ""buy"", ""current_weight"": 0.12030318917376123, ""target_weight"": 0.13257490956493895, ""post_trade_weight"": 0.13257878458228992, ""diff_weight"": 0.012271720391177725, ""gross_amount"": 0.025429190254396078, ""gross_amount_pct_nav"": 0.012271720391177725, ""fee"": 7.628757076318823e-06, ""fee_pct_nav"": 3.681516117353317e-06, ""name"": ""建设银行""}, {""ts_code"": ""01288.HK"", ""side"": ""buy"", ""current_weight"": 0.08993243436023754, ""target_weight"": 0.11758763806236343, ""post_trade_weight"": 0.11759107501841526, ""diff_weight"": 0.0276552037021259, ""gross_amount"": 0.057306507486188485, ""gross_amount_pct_nav"": 0.0276552037021259, ""fee"": 1.7191952245856544e-05, ""fee_pct_nav"": 8.296561110637768e-06, ""name"": ""农业银行""}, {""ts_code"": ""01299.HK"", ""side"": ""sell"", ""current_weight"": 0.049665574716977225, ""target_weight"": 0.03322694464292426, ""post_trade_weight"": 0.03322791582960983, ""diff_weight"": -0.01643863007405297, ""gross_amount"": 0.03406376924748465, ""gross_amount_pct_nav"": 0.01643863007405297, ""fee"": 1.0219130774245394e-05, ""fee_pct_nav"": 4.931589022215891e-06, ""name"": ""友邦保险""}, {""ts_code"": ""02388.HK"", ""side"": ""sell"", ""current_weight"": 0.03325267067185028, ""target_weight"": 0.023136130275027353, ""post_trade_weight"": 0.023136806518417177, ""diff_weight"": -0.010116540396822929, ""gross_amount"": 0.020963273466696457, ""gross_amount_pct_nav"": 0.010116540396822929, ""fee"": 6.2889820400089365e-06, ""fee_pct_nav"": 3.0349621190468787e-06, ""name"": ""中银香港""}, {""ts_code"": ""02899.HK"", ""side"": ""sell"", ""current_weight"": 0.03788308767229308, ""target_weight"": 0.024817774702417864, ""post_trade_weight"": 0.02481850009840644, ""diff_weight"": -0.013065312969875214, ""gross_amount"": 0.02707365541697289, ""gross_amount_pct_nav"": 0.013065312969875214, ""fee"": 8.122096625091865e-06, ""fee_pct_nav"": 3.919593890962563e-06, ""name"": ""紫金矿业""}, {""ts_code"": ""03988.HK"", ""side"": ""buy"", ""current_weight"": 0.07160649415815704, ""target_weight"": 0.08948586982962199, ""post_trade_weight"": 0.089488485402202, ""diff_weight"": 0.01787937567146496, ""gross_amount"": 0.03704925072334289, ""gross_amount_pct_nav"": 0.01787937567146496, ""fee"": 1.1114775217002867e-05, ""fee_pct_nav"": 5.363812701439488e-06, ""name"": ""中国银行""}]"
2026-04-20,0.01111380,0.02222760,0.02287053,0.02440258,0.00001418,0.00000686,0.00000732,0.00000000,rebalance,"[{""ts_code"": ""00883.HK"", ""side"": ""sell"", ""current_weight"": 0.07401704954404587, ""target_weight"": 0.06254307037610651, ""post_trade_weight"": 0.06254348743358204, ""diff_weight"": -0.011473979167939359, ""gross_amount"": 0.024402575198749804, ""gross_amount_pct_nav"": 0.011473979167939359, ""fee"": 7.3207725596249404e-06, ""fee_pct_nav"": 3.4421937503818076e-06, ""name"": ""中国海洋石油""}, {""ts_code"": ""01288.HK"", ""side"": ""buy"", ""current_weight"": 0.12358230156984777, ""target_weight"": 0.13433592182391188, ""post_trade_weight"": 0.1343368176194028, ""diff_weight"": 0.010753620254064126, ""gross_amount"": 0.022870533671687565, ""gross_amount_pct_nav"": 0.010753620254064126, ""fee"": 6.861160101506269e-06, ""fee_pct_nav"": 3.2260860762192373e-06, ""name"": ""农业银行""}]"
