date,one_way_turnover,two_way_turnover,buy_amount,sell_amount,trading_cost,buy_cost,sell_commission,sell_stamp_duty,event_type,trade_details_json
2020-01-06,0.49985004,0.99970009,0.99970009,0.00000000,0.00029991,0.00029991,0.00000000,0.00000000,rebalance,"[{""ts_code"": ""00285.HK"", ""side"": ""buy"", ""current_weight"": 0.0, ""target_weight"": 0.15136968343459103, ""post_trade_weight"": 0.15141509433962141, ""diff_weight"": 0.15136968343459103, ""gross_amount"": 0.15136968343459103, ""gross_amount_pct_nav"": 0.15136968343459103, ""fee"": 4.541090503037731e-05, ""fee_pct_nav"": 4.541090503037731e-05, ""name"": ""比亚迪电子""}, {""ts_code"": ""00548.HK"", ""side"": ""buy"", ""current_weight"": 0.0, ""target_weight"": 0.10421401881322312, ""post_trade_weight"": 0.10424528301886708, ""diff_weight"": 0.10421401881322312, ""gross_amount"": 0.10421401881322312, ""gross_amount_pct_nav"": 0.10421401881322312, ""fee"": 3.1264205643966934e-05, ""fee_pct_nav"": 3.1264205643966934e-05, ""name"": ""深圳高速公路股份""}, {""ts_code"": ""00968.HK"", ""side"": ""buy"", ""current_weight"": 0.0, ""target_weight"": 0.09666911247380422, ""post_trade_weight"": 0.09669811320754636, ""diff_weight"": 0.09666911247380422, ""gross_amount"": 0.09666911247380422, ""gross_amount_pct_nav"": 0.09666911247380422, ""fee"": 2.9000733742141265e-05, ""fee_pct_nav"": 2.9000733742141265e-05, ""name"": ""信义光能""}, {""ts_code"": ""00981.HK"", ""side"": ""buy"", ""current_weight"": 0.0, ""target_weight"": 0.16645949611342875, ""post_trade_weight"": 0.16650943396226278, ""diff_weight"": 0.16645949611342875, ""gross_amount"": 0.16645949611342875, ""gross_amount_pct_nav"": 0.16645949611342875, ""fee"": 4.993784883402862e-05, ""fee_pct_nav"": 4.993784883402862e-05, ""name"": ""中芯国际""}, {""ts_code"": ""01833.HK"", ""side"": ""buy"", ""current_weight"": 0.0, ""target_weight"": 0.14193855051031745, ""post_trade_weight"": 0.14198113207547056, ""diff_weight"": 0.14193855051031745, ""gross_amount"": 0.14193855051031745, ""gross_amount_pct_nav"": 0.14193855051031745, ""fee"": 4.258156515309523e-05, ""fee_pct_nav"": 4.258156515309523e-05, ""name"": ""平安好医生""}, {""ts_code"": ""02269.HK"", ""side"": ""buy"", ""current_weight"": 0.0, ""target_weight"": 0.11175892515264198, ""post_trade_weight"": 0.11179245283018777, ""diff_weight"": 0.11175892515264198, ""gross_amount"": 0.11175892515264198, ""gross_amount_pct_nav"": 0.11175892515264198, ""fee"": 3.352767754579259e-05, ""fee_pct_nav"": 3.352767754579259e-05, ""name"": ""药明生物""}, {""ts_code"": ""02883.HK"", ""side"": ""buy"", ""current_weight"": 0.0, ""target_weight"": 0.14571100368002687, ""post_trade_weight"": 0.14575471698113088, ""diff_weight"": 0.14571100368002687, ""gross_amount"": 0.14571100368002687, ""gross_amount_pct_nav"": 0.14571100368002687, ""fee"": 4.371330110400806e-05, ""fee_pct_nav"": 4.371330110400806e-05, ""name"": ""中海油田服务""}, {""ts_code"": ""02899.HK"", ""side"": ""buy"", ""current_weight"": 0.0, ""target_weight"": 0.0815792997949665, ""post_trade_weight"": 0.08160377358490499, ""diff_weight"": 0.0815792997949665, ""gross_amount"": 0.0815792997949665, ""gross_amount_pct_nav"": 0.0815792997949665, ""fee"": 2.447378993848995e-05, ""fee_pct_nav"": 2.447378993848995e-05, ""name"": ""紫金矿业""}]"
2020-01-20,0.38900914,0.77801829,0.41824607,0.41594551,0.00025026,0.00012547,0.00012478,0.00000000,rebalance,"[{""ts_code"": ""00285.HK"", ""side"": ""sell"", ""current_weight"": 0.1486619833431379, ""target_weight"": 0.048721568933450025, ""post_trade_weight"": 0.048732943469793386, ""diff_weight"": -0.09994041440968789, ""gross_amount"": 0.10715616012378265, ""gross_amount_pct_nav"": 0.09994041440968789, ""fee"": 3.214684803713479e-05, ""fee_pct_nav"": 2.9982124322906365e-05, ""name"": ""比亚迪电子""}, {""ts_code"": ""00548.HK"", ""side"": ""sell"", ""current_weight"": 0.0944408249371496, ""target_weight"": 0.0, ""post_trade_weight"": 0.0, ""diff_weight"": -0.0944408249371496, ""gross_amount"": 0.10125949766130185, ""gross_amount_pct_nav"": 0.0944408249371496, ""fee"": 3.0377849298390554e-05, ""fee_pct_nav"": 2.833224748114488e-05, ""name"": ""深圳高速公路股份""}, {""ts_code"": ""00968.HK"", ""side"": ""buy"", ""current_weight"": 0.09791327114555198, ""target_weight"": 0.11888062819761808, ""post_trade_weight"": 0.11890838206629588, ""diff_weight"": 0.020967357052066087, ""gross_amount"": 0.022481210258278872, ""gross_amount_pct_nav"": 0.020967357052066087, ""fee"": 6.744363077483661e-06, ""fee_pct_nav"": 6.290207115619826e-06, ""name"": ""信义光能""}, {""ts_code"": ""00981.HK"", ""side"": ""sell"", ""current_weight"": 0.18906253892891697, ""target_weight"": 0.15629879313850767, ""post_trade_weight"": 0.15633528265109717, ""diff_weight"": -0.03276374579040931, ""gross_amount"": 0.03512930390482433, ""gross_amount_pct_nav"": 0.03276374579040931, ""fee"": 1.0538791171447297e-05, ""fee_pct_nav"": 9.829123737122794e-06, ""name"": ""中芯国际""}, {""ts_code"": ""01157.HK"", ""side"": ""buy"", ""current_weight"": 0.0, ""target_weight"": 0.09393518490369165, ""post_trade_weight"": 0.09395711500976166, ""diff_weight"": 0.09393518490369165, ""gross_amount"": 0.10071735017561999, ""gross_amount_pct_nav"": 0.09393518490369165, ""fee"": 3.0215205052685993e-05, ""fee_pct_nav"": 2.8180555471107494e-05, ""name"": ""中联重科""}, {""ts_code"": ""01833.HK"", ""side"": ""sell"", ""current_weight"": 0.15050840223281495, ""target_weight"": 0.12511698902109966, ""post_trade_weight"": 0.1251461988304294, ""diff_weight"": -0.025391413211715293, ""gross_amount"": 0.027224685388336195, ""gross_amount_pct_nav"": 0.025391413211715293, ""fee"": 8.167405616500858e-06, ""fee_pct_nav"": 7.617423963514587e-06, ""name"": ""平安好医生""}, {""ts_code"": ""02883.HK"", ""side"": ""sell"", ""current_weight"": 0.13316200808968168, ""target_weight"": 0.07054883181563563, ""post_trade_weight"": 0.07056530214426082, ""diff_weight"": -0.06261317627404604, ""gross_amount"": 0.06713387754403709, ""gross_amount_pct_nav"": 0.06261317627404604, ""fee"": 2.0140163263211124e-05, ""fee_pct_nav"": 1.878395288221381e-05, ""name"": ""中海油田服务""}, {""ts_code"": ""02899.HK"", ""side"": ""sell"", ""current_weight"": 0.07278674797098195, ""target_weight"": 0.0, ""post_trade_weight"": 0.0, ""diff_weight"": -0.07278674797098195, ""gross_amount"": 0.07804198598271864, ""gross_amount_pct_nav"": 0.07278674797098195, ""fee"": 2.341259579481559e-05, ""fee_pct_nav"": 2.1836024391294583e-05, ""name"": ""紫金矿业""}, {""ts_code"": ""03888.HK"", ""side"": ""buy"", ""current_weight"": 0.0, ""target_weight"": 0.1531806127267669, ""post_trade_weight"": 0.15321637426903043, ""diff_weight"": 0.1531806127267669, ""gross_amount"": 0.16424032621999443, ""gross_amount_pct_nav"": 0.1531806127267669, ""fee"": 4.9272097865998324e-05, ""fee_pct_nav"": 4.595418381803006e-05, ""name"": ""金山软件""}, {""ts_code"": ""06060.HK"", ""side"": ""buy"", ""current_weight"": 0.0, ""target_weight"": 0.12199880860935884, ""post_trade_weight"": 0.12202729044836262, ""diff_weight"": 0.12199880860935884, ""gross_amount"": 0.13080718093348154, ""gross_amount_pct_nav"": 0.12199880860935884, ""fee"": 3.924215428004446e-05, ""fee_pct_nav"": 3.659964258280765e-05, ""name"": ""众安在线""}]"
2020-02-03,0.32220790,0.64441580,0.19067757,0.43940843,0.00018903,0.00005720,0.00013182,0.00000000,rebalance,"[{""ts_code"": ""00968.HK"", ""side"": ""sell"", ""current_weight"": 0.11835879450554701, ""target_weight"": 0.10441019077072136, ""post_trade_weight"": 0.10443037974683544, ""diff_weight"": -0.01394860373482565, ""gross_amount"": 0.013638430064239829, ""gross_amount_pct_nav"": 0.01394860373482565, ""fee"": 4.0915290192719484e-06, ""fee_pct_nav"": 4.184581120447695e-06, ""name"": ""信义光能""}, {""ts_code"": ""00981.HK"", ""side"": ""sell"", ""current_weight"": 0.15887489944181743, ""target_weight"": 0.1032596652525867, ""post_trade_weight"": 0.10327963176064443, ""diff_weight"": -0.05561523418923073, ""gross_amount"": 0.05437852393084877, ""gross_amount_pct_nav"": 0.05561523418923073, ""fee"": 1.631355717925463e-05, ""fee_pct_nav"": 1.6684570256769216e-05, ""name"": ""中芯国际""}, {""ts_code"": ""01157.HK"", ""side"": ""sell"", ""current_weight"": 0.0836181994676623, ""target_weight"": 0.0, ""post_trade_weight"": 0.0, ""diff_weight"": -0.0836181994676623, ""gross_amount"": 0.08175879014256211, ""gross_amount_pct_nav"": 0.0836181994676623, ""fee"": 2.452763704276863e-05, ""fee_pct_nav"": 2.508545984029869e-05, ""name"": ""中联重科""}, {""ts_code"": ""01772.HK"", ""side"": ""buy"", ""current_weight"": 0.0, ""target_weight"": 0.0998080886981827, ""post_trade_weight"": 0.09982738780207136, ""diff_weight"": 0.0998080886981827, ""gross_amount"": 0.09758866646681069, ""gross_amount_pct_nav"": 0.0998080886981827, ""fee"": 2.9276599940043203e-05, ""fee_pct_nav"": 2.9942426609454803e-05, ""name"": ""赣锋锂业""}, {""ts_code"": ""01833.HK"", ""side"": ""sell"", ""current_weight"": 0.1439419118566337, ""target_weight"": 0.0837007314442973, ""post_trade_weight"": 0.08371691599539702, ""diff_weight"": -0.06024118041233638, ""gross_amount"": 0.05890160346226034, ""gross_amount_pct_nav"": 0.06024118041233638, ""fee"": 1.76704810386781e-05, ""fee_pct_nav"": 1.8072354123700913e-05, ""name"": ""平安好医生""}, {""ts_code"": ""02128.HK"", ""side"": ""buy"", ""current_weight"": 0.0, ""target_weight"": 0.09520598662564402, ""post_trade_weight"": 0.09522439585730727, ""diff_weight"": 0.09520598662564402, ""gross_amount"": 0.09308890086603556, ""gross_amount_pct_nav"": 0.09520598662564402, ""fee"": 2.7926670259810666e-05, ""fee_pct_nav"": 2.85617959876932e-05, ""name"": ""中国联塑""}, {""ts_code"": ""02269.HK"", ""side"": ""sell"", ""current_weight"": 0.11676096160019157, ""target_weight"": 0.0, ""post_trade_weight"": 0.0, ""diff_weight"": -0.11676096160019157, ""gross_amount"": 0.11416456007290178, ""gross_amount_pct_nav"": 0.11676096160019157, ""fee"": 3.424936802187053e-05, ""fee_pct_nav"": 3.5028288480057466e-05, ""name"": ""药明生物""}, {""ts_code"": ""03888.HK"", ""side"": ""sell"", ""current_weight"": 0.15602475008683006, ""target_weight"": 0.08485125696243198, ""post_trade_weight"": 0.08486766398158806, ""diff_weight"": -0.07117349312439808, ""gross_amount"": 0.0695908154578377, ""gross_amount_pct_nav"": 0.07117349312439808, ""fee"": 2.0877244637351308e-05, ""fee_pct_nav"": 2.1352047937319422e-05, ""name"": ""金山软件""}, {""ts_code"": ""06060.HK"", ""side"": ""sell"", ""current_weight"": 0.10988480198465131, ""target_weight"": 0.06184074659973855, ""post_trade_weight"": 0.06185270425776755, ""diff_weight"": -0.04804405538491276, ""gross_amount"": 0.046975704653049837, ""gross_amount_pct_nav"": 0.04804405538491276, ""fee"": 1.409271139591495e-05, ""fee_pct_nav"": 1.4413216615473826e-05, ""name"": ""众安在线""}]"
2020-02-17,0.56115624,1.12231247,0.76067602,0.51506772,0.00038272,0.00022820,0.00015452,0.00000000,rebalance,"[{""ts_code"": ""00285.HK"", ""side"": ""sell"", ""current_weight"": 0.042135824625632895, ""target_weight"": 0.0, ""post_trade_weight"": 0.0, ""diff_weight"": -0.042135824625632895, ""gross_amount"": 0.047896210405700315, ""gross_amount_pct_nav"": 0.042135824625632895, ""fee"": 1.4368863121710094e-05, ""fee_pct_nav"": 1.264074738768987e-05, ""name"": ""比亚迪电子""}, {""ts_code"": ""00322.HK"", ""side"": ""buy"", ""current_weight"": 0.0, ""target_weight"": 0.11080459421279445, ""post_trade_weight"": 0.11084191399151987, ""diff_weight"": 0.11080459421279445, ""gross_amount"": 0.12595268291262335, ""gross_amount_pct_nav"": 0.11080459421279445, ""fee"": 3.7785804873787e-05, ""fee_pct_nav"": 3.324137826383834e-05, ""name"": ""康师傅控股""}, {""ts_code"": ""00586.HK"", ""side"": ""buy"", ""current_weight"": 0.0, ""target_weight"": 0.10353871918244728, ""post_trade_weight"": 0.10357359176256775, ""diff_weight"": 0.10353871918244728, ""gross_amount"": 0.11769349059048412, ""gross_amount_pct_nav"": 0.10353871918244728, ""fee"": 3.5308047177145235e-05, ""fee_pct_nav"": 3.106161575473419e-05, ""name"": ""海螺创业""}, {""ts_code"": ""00968.HK"", ""side"": ""buy"", ""current_weight"": 0.10948495173188459, ""target_weight"": 0.12291438593003977, ""post_trade_weight"": 0.12295578437310675, ""diff_weight"": 0.01342943419815518, ""gross_amount"": 0.015265371253540203, ""gross_amount_pct_nav"": 0.01342943419815518, ""fee"": 4.57961137606206e-06, ""fee_pct_nav"": 4.028830259446554e-06, ""name"": ""信义光能""}, {""ts_code"": ""00981.HK"", ""side"": ""sell"", ""current_weight"": 0.09738911570333908, ""target_weight"": 0.0, ""post_trade_weight"": 0.0, ""diff_weight"": -0.09738911570333908, ""gross_amount"": 0.11070317522905623, ""gross_amount_pct_nav"": 0.09738911570333908, ""fee"": 3.321095256871687e-05, ""fee_pct_nav"": 2.9216734711001723e-05, ""name"": ""中芯国际""}, {""ts_code"": ""01772.HK"", ""side"": ""sell"", ""current_weight"": 0.14697095251879788, ""target_weight"": 0.1269509831691215, ""post_trade_weight"": 0.12699374116696902, ""diff_weight"": -0.020019969349676387, ""gross_amount"": 0.02275689802696887, ""gross_amount_pct_nav"": 0.020019969349676387, ""fee"": 6.82706940809066e-06, ""fee_pct_nav"": 6.005990804902916e-06, ""name"": ""赣锋锂业""}, {""ts_code"": ""01801.HK"", ""side"": ""buy"", ""current_weight"": 0.0, ""target_weight"": 0.1067679969737127, ""post_trade_weight"": 0.10680395719765759, ""diff_weight"": 0.1067679969737127, ""gross_amount"": 0.12136424273365712, ""gross_amount_pct_nav"": 0.1067679969737127, ""fee"": 3.640927282009713e-05, ""fee_pct_nav"": 3.2030399092113804e-05, ""name"": ""信达生物""}, {""ts_code"": ""01833.HK"", ""side"": ""sell"", ""current_weight"": 0.08396002386613453, ""target_weight"": 0.0, ""post_trade_weight"": 0.0, ""diff_weight"": -0.08396002386613453, ""gross_amount"": 0.09543819314060943, ""gross_amount_pct_nav"": 0.08396002386613453, ""fee"": 2.8631457942182826e-05, ""fee_pct_nav"": 2.5188007159840358e-05, ""name"": ""平安好医生""}, {""ts_code"": ""02128.HK"", ""side"": ""buy"", ""current_weight"": 0.0940364076399049, ""target_weight"": 0.11161191366061082, ""post_trade_weight"": 0.11164950535029233, ""diff_weight"": 0.017575506020705917, ""gross_amount"": 0.019978252278994982, ""gross_amount_pct_nav"": 0.017575506020705917, ""fee"": 5.993475683698494e-06, ""fee_pct_nav"": 5.272651806211775e-06, ""name"": ""中国联塑""}, {""ts_code"": ""02269.HK"", ""side"": ""buy"", ""current_weight"": 0.0, ""target_weight"": 0.0946582052564674, ""post_trade_weight"": 0.0946900868160707, ""diff_weight"": 0.0946582052564674, ""gross_amount"": 0.10759892219675837, ""gross_amount_pct_nav"": 0.0946582052564674, ""fee"": 3.227967665902751e-05, ""fee_pct_nav"": 2.8397461576940216e-05, ""name"": ""药明生物""}, {""ts_code"": ""02883.HK"", ""side"": ""sell"", ""current_weight"": 0.06511787217854315, ""target_weight"": 0.0, ""post_trade_weight"": 0.0, ""diff_weight"": -0.06511787217854315, ""gross_amount"": 0.07402013214991528, ""gross_amount_pct_nav"": 0.06511787217854315, ""fee"": 2.220603964497458e-05, ""fee_pct_nav"": 1.9535361653562944e-05, ""name"": ""中海油田服务""}, {""ts_code"": ""03888.HK"", ""side"": ""sell"", ""current_weight"": 0.07994346163871806, ""target_weight"": 0.0, ""post_trade_weight"": 0.0, ""diff_weight"": -0.07994346163871806, ""gross_amount"": 0.09087252695841974, ""gross_amount_pct_nav"": 0.07994346163871806, ""fee"": 2.726175808752592e-05, ""fee_pct_nav"": 2.3983038491615417e-05, ""name"": ""金山软件""}, {""ts_code"": ""03993.HK"", ""side"": ""buy"", ""current_weight"": 0.0, ""target_weight"": 0.11484119145187621, ""post_trade_weight"": 0.11487987078538214, ""diff_weight"": 0.11484119145187621, ""gross_amount"": 0.13054112309158958, ""gross_amount_pct_nav"": 0.11484119145187621, ""fee"": 3.916233692747687e-05, ""fee_pct_nav"": 3.445235743556286e-05, ""name"": ""洛阳钼业""}, {""ts_code"": ""06060.HK"", ""side"": ""sell"", ""current_weight"": 0.06455524024335055, ""target_weight"": 0.0, ""post_trade_weight"": 0.0, ""diff_weight"": -0.06455524024335055, ""gross_amount"": 0.0733805828403105, ""gross_amount_pct_nav"": 0.06455524024335055, ""fee"": 2.2014174852093148e-05, ""fee_pct_nav"": 1.9366572073005162e-05, ""name"": ""众安在线""}, {""ts_code"": ""06098.HK"", ""side"": ""buy"", ""current_weight"": 0.0, ""target_weight"": 0.10757531642152902, ""post_trade_weight"": 0.10761154855643001, ""diff_weight"": 0.10757531642152902, ""gross_amount"": 0.12228193076945033, ""gross_amount_pct_nav"": 0.10757531642152902, ""fee"": 3.66845792308351e-05, ""fee_pct_nav"": 3.227259492645871e-05, ""name"": ""碧桂园服务""}]"
2020-03-02,0.57119764,1.14239528,0.47681479,0.74432099,0.00036634,0.00014304,0.00022330,0.00000000,rebalance,"[{""ts_code"": ""00241.HK"", ""side"": ""buy"", ""current_weight"": 0.0, ""target_weight"": 0.096150536512407, ""post_trade_weight"": 0.09618350038556524, ""diff_weight"": 0.096150536512407, ""gross_amount"": 0.10277778847150584, ""gross_amount_pct_nav"": 0.096150536512407, ""fee"": 3.083333654145175e-05, ""fee_pct_nav"": 2.88451609537221e-05, ""name"": ""阿里健康""}, {""ts_code"": ""00322.HK"", ""side"": ""sell"", ""current_weight"": 0.1115765413024781, ""target_weight"": 0.0, ""post_trade_weight"": 0.0, ""diff_weight"": -0.1115765413024781, ""gross_amount"": 0.11926704287176372, ""gross_amount_pct_nav"": 0.1115765413024781, ""fee"": 3.5780112861529116e-05, ""fee_pct_nav"": 3.3472962390743426e-05, ""name"": ""康师傅控股""}, {""ts_code"": ""00586.HK"", ""side"": ""sell"", ""current_weight"": 0.11165262491301983, ""target_weight"": 0.07148667143507617, ""post_trade_weight"": 0.07151117964538017, ""diff_weight"": -0.04016595347794366, ""gross_amount"": 0.04293442366574575, ""gross_amount_pct_nav"": 0.04016595347794366, ""fee"": 1.2880327099723723e-05, ""fee_pct_nav"": 1.2049786043383097e-05, ""name"": ""海螺创业""}, {""ts_code"": ""00772.HK"", ""side"": ""buy"", ""current_weight"": 0.0, ""target_weight"": 0.0807356208390752, ""post_trade_weight"": 0.08076329992294956, ""diff_weight"": 0.0807356208390752, ""gross_amount"": 0.08630038751415019, ""gross_amount_pct_nav"": 0.0807356208390752, ""fee"": 2.5890116254245056e-05, ""fee_pct_nav"": 2.422068625172256e-05, ""name"": ""阅文集团""}, {""ts_code"": ""00968.HK"", ""side"": ""sell"", ""current_weight"": 0.11961703465760727, ""target_weight"": 0.06532070516574345, ""post_trade_weight"": 0.06534309946033391, ""diff_weight"": -0.05429632949186382, ""gross_amount"": 0.05803874704925725, ""gross_amount_pct_nav"": 0.05429632949186382, ""fee"": 1.7411624114777176e-05, ""fee_pct_nav"": 1.6288898847559145e-05, ""name"": ""信义光能""}, {""ts_code"": ""00981.HK"", ""side"": ""buy"", ""current_weight"": 0.0, ""target_weight"": 0.10231650278173972, ""post_trade_weight"": 0.1023515805706115, ""diff_weight"": 0.10231650278173972, ""gross_amount"": 0.1093687488544481, ""gross_amount_pct_nav"": 0.10231650278173972, ""fee"": 3.281062465633443e-05, ""fee_pct_nav"": 3.069495083452191e-05, ""name"": ""中芯国际""}, {""ts_code"": ""01772.HK"", ""side"": ""sell"", ""current_weight"": 0.11934325852803397, ""target_weight"": 0.10154575699807313, ""post_trade_weight"": 0.10158057054748071, ""diff_weight"": -0.017797501529960843, ""gross_amount"": 0.01902420843311242, ""gross_amount_pct_nav"": 0.017797501529960843, ""fee"": 5.707262529933726e-06, ""fee_pct_nav"": 5.339250458988252e-06, ""name"": ""赣锋锂业""}, {""ts_code"": ""01801.HK"", ""side"": ""sell"", ""current_weight"": 0.1135385108573173, ""target_weight"": 0.0, ""post_trade_weight"": 0.0, ""diff_weight"": -0.1135385108573173, ""gross_amount"": 0.12136424273365713, ""gross_amount_pct_nav"": 0.1135385108573173, ""fee"": 3.640927282009714e-05, ""fee_pct_nav"": 3.406155325719519e-05, ""name"": ""信达生物""}, {""ts_code"": ""01833.HK"", ""side"": ""buy"", ""current_weight"": 0.0, ""target_weight"": 0.07302816300240932, ""post_trade_weight"": 0.07305319969164173, ""diff_weight"": 0.07302816300240932, ""gross_amount"": 0.07806168703547237, ""gross_amount_pct_nav"": 0.07302816300240932, ""fee"": 2.3418506110641706e-05, ""fee_pct_nav"": 2.190844890072279e-05, ""name"": ""平安好医生""}, {""ts_code"": ""02128.HK"", ""side"": ""sell"", ""current_weight"": 0.12334889875470839, ""target_weight"": 0.06532070516574345, ""post_trade_weight"": 0.06534309946033391, ""diff_weight"": -0.05802819358896494, ""gross_amount"": 0.06202783283794418, ""gross_amount_pct_nav"": 0.05802819358896494, ""fee"": 1.860834985138325e-05, ""fee_pct_nav"": 1.7408458076689478e-05, ""name"": ""中国联塑""}, {""ts_code"": ""02269.HK"", ""side"": ""sell"", ""current_weight"": 0.10073842739513096, ""target_weight"": 0.0, ""post_trade_weight"": 0.0, ""diff_weight"": -0.10073842739513096, ""gross_amount"": 0.10768190337068904, ""gross_amount_pct_nav"": 0.10073842739513096, ""fee"": 3.230457101120671e-05, ""fee_pct_nav"": 3.0221528218539286e-05, ""name"": ""药明生物""}, {""ts_code"": ""03888.HK"", ""side"": ""buy"", ""current_weight"": 0.0, ""target_weight"": 0.09383829916140725, ""post_trade_weight"": 0.09387047031617289, ""diff_weight"": 0.09383829916140725, ""gross_amount"": 0.1003061783279025, ""gross_amount_pct_nav"": 0.09383829916140725, ""fee"": 3.009185349837075e-05, ""fee_pct_nav"": 2.8151489748422174e-05, ""name"": ""金山软件""}, {""ts_code"": ""03993.HK"", ""side"": ""sell"", ""current_weight"": 0.0904619655223882, ""target_weight"": 0.0, ""post_trade_weight"": 0.0, ""diff_weight"": -0.0904619655223882, ""gross_amount"": 0.09669712821599229, ""gross_amount_pct_nav"": 0.0904619655223882, ""fee"": 2.9009138464797682e-05, ""fee_pct_nav"": 2.7138589656716453e-05, ""name"": ""洛阳钼业""}, {""ts_code"": ""06098.HK"", ""side"": ""sell"", ""current_weight"": 0.1097227380693121, ""target_weight"": 0.0, ""post_trade_weight"": 0.0, ""diff_weight"": -0.1097227380693121, ""gross_amount"": 0.11728546478102116, ""gross_amount_pct_nav"": 0.1097227380693121, ""fee"": 3.518563943430634e-05, ""fee_pct_nav"": 3.291682142079363e-05, ""name"": ""碧桂园服务""}]"
2020-03-16,0.32296252,0.64592504,0.31638781,0.27277875,0.00017675,0.00009492,0.00008183,0.00000000,rebalance,"[{""ts_code"": ""00241.HK"", ""side"": ""buy"", ""current_weight"": 0.09256878220715443, ""target_weight"": 0.10679400309133182, ""post_trade_weight"": 0.10681470137825416, ""diff_weight"": 0.014225220884177369, ""gross_amount"": 0.01297522773195621, ""gross_amount_pct_nav"": 0.014225220884177369, ""fee"": 3.892568319586862e-06, ""fee_pct_nav"": 4.26756626525321e-06, ""name"": ""阿里健康""}, {""ts_code"": ""00268.HK"", ""side"": ""buy"", ""current_weight"": 0.0, ""target_weight"": 0.07555962799365196, ""post_trade_weight"": 0.07557427258805509, ""diff_weight"": 0.07555962799365196, ""gross_amount"": 0.06892008135002141, ""gross_amount_pct_nav"": 0.07555962799365196, ""fee"": 2.067602440500642e-05, ""fee_pct_nav"": 2.2667888398095586e-05, ""name"": ""金蝶国际""}, {""ts_code"": ""00552.HK"", ""side"": ""buy"", ""current_weight"": 0.0, ""target_weight"": 0.0672917051736779, ""post_trade_weight"": 0.06730474732006123, ""diff_weight"": 0.0672917051736779, ""gross_amount"": 0.06137867427220752, ""gross_amount_pct_nav"": 0.0672917051736779, ""fee"": 1.8413602281662255e-05, ""fee_pct_nav"": 2.0187511552103366e-05, ""name"": ""中国通信服务""}, {""ts_code"": ""00763.HK"", ""side"": ""buy"", ""current_weight"": 0.0, ""target_weight"": 0.09301413172470833, ""post_trade_weight"": 0.09303215926493102, ""diff_weight"": 0.09301413172470833, ""gross_amount"": 0.08484082962540629, ""gross_amount_pct_nav"": 0.09301413172470833, ""fee"": 2.5452248887621883e-05, ""fee_pct_nav"": 2.7904239517412498e-05, ""name"": ""中兴通讯""}, {""ts_code"": ""00772.HK"", ""side"": ""sell"", ""current_weight"": 0.07200376942446403, ""target_weight"": 0.0, ""post_trade_weight"": 0.0, ""diff_weight"": -0.07200376942446403, ""gross_amount"": 0.0656766818208682, ""gross_amount_pct_nav"": 0.07200376942446403, ""fee"": 1.9703004546260457e-05, ""fee_pct_nav"": 2.160113082733921e-05, ""name"": ""阅文集团""}, {""ts_code"": ""00968.HK"", ""side"": ""sell"", ""current_weight"": 0.05859517519236871, ""target_weight"": 0.0, ""post_trade_weight"": 0.0, ""diff_weight"": -0.05859517519236871, ""gross_amount"": 0.053446322437110026, ""gross_amount_pct_nav"": 0.05859517519236871, ""fee"": 1.6033896731133007e-05, ""fee_pct_nav"": 1.7578552557710613e-05, ""name"": ""信义光能""}, {""ts_code"": ""00981.HK"", ""side"": ""sell"", ""current_weight"": 0.09453744641332472, ""target_weight"": 0.06545438899146143, ""post_trade_weight"": 0.0654670750382848, ""diff_weight"": -0.029083057421863293, ""gross_amount"": 0.026527482157410298, ""gross_amount_pct_nav"": 0.029083057421863293, ""fee"": 7.95824464722309e-06, ""fee_pct_nav"": 8.724917226558987e-06, ""name"": ""中芯国际""}, {""ts_code"": ""01772.HK"", ""side"": ""buy"", ""current_weight"": 0.08925131655302411, ""target_weight"": 0.10863131927354829, ""post_trade_weight"": 0.10865237366003058, ""diff_weight"": 0.019380002720524172, ""gross_amount"": 0.017677050556341764, ""gross_amount_pct_nav"": 0.019380002720524172, ""fee"": 5.303115166902529e-06, ""fee_pct_nav"": 5.814000816157252e-06, ""name"": ""赣锋锂业""}, {""ts_code"": ""01833.HK"", ""side"": ""sell"", ""current_weight"": 0.07446810679913442, ""target_weight"": 0.0, ""post_trade_weight"": 0.0, ""diff_weight"": -0.07446810679913442, ""gross_amount"": 0.06792447388716119, ""gross_amount_pct_nav"": 0.07446810679913442, ""fee"": 2.0377342166148356e-05, ""fee_pct_nav"": 2.2340432039740324e-05, ""name"": ""平安好医生""}, {""ts_code"": ""02128.HK"", ""side"": ""sell"", ""current_weight"": 0.06490729362896205, ""target_weight"": 0.0, ""post_trade_weight"": 0.0, ""diff_weight"": -0.06490729362896205, ""gross_amount"": 0.059203784824001765, ""gross_amount_pct_nav"": 0.06490729362896205, ""fee"": 1.776113544720053e-05, ""fee_pct_nav"": 1.9472188088688615e-05, ""name"": ""中国联塑""}, {""ts_code"": ""06060.HK"", ""side"": ""buy"", ""current_weight"": 0.0, ""target_weight"": 0.07739694417586843, ""post_trade_weight"": 0.07741194486983151, ""diff_weight"": 0.07739694417586843, ""gross_amount"": 0.0705959495895356, ""gross_amount_pct_nav"": 0.07739694417586843, ""fee"": 2.117878487686068e-05, ""fee_pct_nav"": 2.3219083252760526e-05, ""name"": ""众安在线""}]"
2020-03-30,0.38057025,0.76114050,0.00000000,0.71173143,0.00021352,0.00000000,0.00021352,0.00000000,rebalance,"[{""ts_code"": ""00241.HK"", ""side"": ""sell"", ""current_weight"": 0.11021860087340293, ""target_weight"": 0.0, ""post_trade_weight"": 0.0, ""diff_weight"": -0.11021860087340293, ""gross_amount"": 0.10306381231688999, ""gross_amount_pct_nav"": 0.11021860087340293, ""fee"": 3.0919143695066994e-05, ""fee_pct_nav"": 3.3065580262020876e-05, ""name"": ""阿里健康""}, {""ts_code"": ""00268.HK"", ""side"": ""sell"", ""current_weight"": 0.08591650148968479, ""target_weight"": 0.0, ""post_trade_weight"": 0.0, ""diff_weight"": -0.08591650148968479, ""gross_amount"": 0.08033927226700498, ""gross_amount_pct_nav"": 0.08591650148968479, ""fee"": 2.410178168010149e-05, ""fee_pct_nav"": 2.577495044690543e-05, ""name"": ""金蝶国际""}, {""ts_code"": ""00552.HK"", ""side"": ""sell"", ""current_weight"": 0.06500849023268315, ""target_weight"": 0.0, ""post_trade_weight"": 0.0, ""diff_weight"": -0.06500849023268315, ""gross_amount"": 0.06078849471189784, ""gross_amount_pct_nav"": 0.06500849023268315, ""fee"": 1.823654841356935e-05, ""fee_pct_nav"": 1.9502547069804948e-05, ""name"": ""中国通信服务""}, {""ts_code"": ""00586.HK"", ""side"": ""sell"", ""current_weight"": 0.07125091586600328, ""target_weight"": 0.0, ""post_trade_weight"": 0.0, ""diff_weight"": -0.07125091586600328, ""gross_amount"": 0.0666256962257659, ""gross_amount_pct_nav"": 0.07125091586600328, ""fee"": 1.998770886772977e-05, ""fee_pct_nav"": 2.1375274759800982e-05, ""name"": ""海螺创业""}, {""ts_code"": ""00763.HK"", ""side"": ""sell"", ""current_weight"": 0.08865889421505253, ""target_weight"": 0.0, ""post_trade_weight"": 0.0, ""diff_weight"": -0.08865889421505253, ""gross_amount"": 0.0829036438604273, ""gross_amount_pct_nav"": 0.08865889421505253, ""fee"": 2.4871093158128187e-05, ""fee_pct_nav"": 2.659766826451576e-05, ""name"": ""中兴通讯""}, {""ts_code"": ""00981.HK"", ""side"": ""sell"", ""current_weight"": 0.06267689575215508, ""target_weight"": 0.0, ""post_trade_weight"": 0.0, ""diff_weight"": -0.06267689575215508, ""gross_amount"": 0.0586082545887606, ""gross_amount_pct_nav"": 0.06267689575215508, ""fee"": 1.758247637662818e-05, ""fee_pct_nav"": 1.8803068725646525e-05, ""name"": ""中芯国际""}, {""ts_code"": ""01772.HK"", ""side"": ""sell"", ""current_weight"": 0.10461618777192153, ""target_weight"": 0.0, ""post_trade_weight"": 0.0, ""diff_weight"": -0.10461618777192153, ""gross_amount"": 0.09782507722283836, ""gross_amount_pct_nav"": 0.10461618777192153, ""fee"": 2.9347523166851504e-05, ""fee_pct_nav"": 3.138485633157645e-05, ""name"": ""赣锋锂业""}, {""ts_code"": ""03888.HK"", ""side"": ""sell"", ""current_weight"": 0.10076834569843282, ""target_weight"": 0.0, ""post_trade_weight"": 0.0, ""diff_weight"": -0.10076834569843282, ""gross_amount"": 0.0942270160049993, ""gross_amount_pct_nav"": 0.10076834569843282, ""fee"": 2.826810480149979e-05, ""fee_pct_nav"": 3.0230503709529843e-05, ""name"": ""金山软件""}, {""ts_code"": ""06060.HK"", ""side"": ""sell"", ""current_weight"": 0.07202567133004167, ""target_weight"": 0.0, ""post_trade_weight"": 0.0, ""diff_weight"": -0.07202567133004167, ""gross_amount"": 0.06735015880380982, ""gross_amount_pct_nav"": 0.07202567133004167, ""fee"": 2.0205047641142944e-05, ""fee_pct_nav"": 2.16077013990125e-05, ""name"": ""众安在线""}]"
2020-04-14,0.00000000,0.00000000,0.00000000,0.00000000,0.00000000,0.00000000,0.00000000,0.00000000,rebalance,
2020-04-27,0.00000000,0.00000000,0.00000000,0.00000000,0.00000000,0.00000000,0.00000000,0.00000000,rebalance,
2020-05-11,0.00000000,0.00000000,0.00000000,0.00000000,0.00000000,0.00000000,0.00000000,0.00000000,rebalance,
2020-05-25,0.37491564,0.74983129,0.70099624,0.00000000,0.00021030,0.00021030,0.00000000,0.00000000,rebalance,"[{""ts_code"": ""00268.HK"", ""side"": ""buy"", ""current_weight"": 0.0, ""target_weight"": 0.08984906500612504, ""post_trade_weight"": 0.08986928104575141, ""diff_weight"": 0.08984906500612504, ""gross_amount"": 0.08399737075428643, ""gross_amount_pct_nav"": 0.08984906500612504, ""fee"": 2.5199211226285927e-05, ""fee_pct_nav"": 2.6954719501837507e-05, ""name"": ""金蝶国际""}, {""ts_code"": ""00345.HK"", ""side"": ""buy"", ""current_weight"": 0.0, ""target_weight"": 0.09507664697011775, ""post_trade_weight"": 0.09509803921568603, ""diff_weight"": 0.09507664697011775, ""gross_amount"": 0.08888449050726309, ""gross_amount_pct_nav"": 0.09507664697011775, ""fee"": 2.6665347152178924e-05, ""fee_pct_nav"": 2.8522994091035325e-05, ""name"": ""VITASOY INT'L""}, {""ts_code"": ""00853.HK"", ""side"": ""buy"", ""current_weight"": 0.0, ""target_weight"": 0.11468007933509046, ""post_trade_weight"": 0.11470588235294087, ""diff_weight"": 0.11468007933509046, ""gross_amount"": 0.10721118958092556, ""gross_amount_pct_nav"": 0.11468007933509046, ""fee"": 3.2163356874277664e-05, ""fee_pct_nav"": 3.440402380052714e-05, ""name"": ""微创医疗""}, {""ts_code"": ""00881.HK"", ""side"": ""buy"", ""current_weight"": 0.0, ""target_weight"": 0.07939390107813957, ""post_trade_weight"": 0.07941176470588214, ""diff_weight"": 0.07939390107813957, ""gross_amount"": 0.07422313124833309, ""gross_amount_pct_nav"": 0.07939390107813957, ""fee"": 2.2266939374499926e-05, ""fee_pct_nav"": 2.381817032344187e-05, ""name"": ""中升控股""}, {""ts_code"": ""01066.HK"", ""side"": ""buy"", ""current_weight"": 0.0, ""target_weight"": 0.08462148304213228, ""post_trade_weight"": 0.08464052287581676, ""diff_weight"": 0.08462148304213228, ""gross_amount"": 0.07911025100130974, ""gross_amount_pct_nav"": 0.08462148304213228, ""fee"": 2.373307530039292e-05, ""fee_pct_nav"": 2.538644491263968e-05, ""name"": ""威高股份""}, {""ts_code"": ""01801.HK"", ""side"": ""buy"", ""current_weight"": 0.0, ""target_weight"": 0.04933530478518137, ""post_trade_weight"": 0.049346405228758036, ""diff_weight"": 0.04933530478518137, ""gross_amount"": 0.04612219266871726, ""gross_amount_pct_nav"": 0.04933530478518137, ""fee"": 1.3836657800615177e-05, ""fee_pct_nav"": 1.4800591435554408e-05, ""name"": ""信达生物""}, {""ts_code"": ""02669.HK"", ""side"": ""buy"", ""current_weight"": 0.0, ""target_weight"": 0.09376975147911955, ""post_trade_weight"": 0.09379084967320235, ""diff_weight"": 0.09376975147911955, ""gross_amount"": 0.08766271056901889, ""gross_amount_pct_nav"": 0.09376975147911955, ""fee"": 2.6298813170705665e-05, ""fee_pct_nav"": 2.813092544373586e-05, ""name"": ""中海物业""}, {""ts_code"": ""03808.HK"", ""side"": ""buy"", ""current_weight"": 0.0, ""target_weight"": 0.04280082733019046, ""post_trade_weight"": 0.04281045751633975, ""diff_weight"": 0.04280082733019046, ""gross_amount"": 0.04001329297749643, ""gross_amount_pct_nav"": 0.04280082733019046, ""fee"": 1.2003987893248928e-05, ""fee_pct_nav"": 1.2840248199057136e-05, ""name"": ""中国重汽""}, {""ts_code"": ""06185.HK"", ""side"": ""buy"", ""current_weight"": 0.0, ""target_weight"": 0.10030422893411046, ""post_trade_weight"": 0.10032679738562064, ""diff_weight"": 0.10030422893411046, ""gross_amount"": 0.09377161026023974, ""gross_amount_pct_nav"": 0.10030422893411046, ""fee"": 2.8131483078071918e-05, ""fee_pct_nav"": 3.0091268680233136e-05, ""name"": ""康希诺生物""}]"
2020-06-08,0.42802282,0.85604564,0.51260612,0.27675757,0.00023681,0.00015378,0.00008303,0.00000000,rebalance,"[{""ts_code"": ""00345.HK"", ""side"": ""sell"", ""current_weight"": 0.07818913536903564, ""target_weight"": 0.0, ""post_trade_weight"": 0.0, ""diff_weight"": -0.07818913536903564, ""gross_amount"": 0.07209856852295629, ""gross_amount_pct_nav"": 0.07818913536903564, ""fee"": 2.1629570556886885e-05, ""fee_pct_nav"": 2.3456740610710692e-05, ""name"": ""VITASOY INT'L""}, {""ts_code"": ""00669.HK"", ""side"": ""buy"", ""current_weight"": 0.0, ""target_weight"": 0.1228053332402744, ""post_trade_weight"": 0.12283687943262393, ""diff_weight"": 0.1228053332402744, ""gross_amount"": 0.11323937388256106, ""gross_amount_pct_nav"": 0.1228053332402744, ""fee"": 3.397181216476832e-05, ""fee_pct_nav"": 3.684159997208232e-05, ""name"": ""创科实业""}, {""ts_code"": ""00853.HK"", ""side"": ""buy"", ""current_weight"": 0.10274077003726365, ""target_weight"": 0.11713303147397996, ""post_trade_weight"": 0.11716312056737571, ""diff_weight"": 0.014392261436716323, ""gross_amount"": 0.013271171787459443, ""gross_amount_pct_nav"": 0.014392261436716323, ""fee"": 3.9813515362378325e-06, ""fee_pct_nav"": 4.317678431014896e-06, ""name"": ""微创医疗""}, {""ts_code"": ""00881.HK"", ""side"": ""sell"", ""current_weight"": 0.08568549321208314, ""target_weight"": 0.06835123628384789, ""post_trade_weight"": 0.06836879432624104, ""diff_weight"": -0.017334256928235262, ""gross_amount"": 0.015983999631614218, ""gross_amount_pct_nav"": 0.017334256928235262, ""fee"": 4.795199889484265e-06, ""fee_pct_nav"": 5.2002770784705785e-06, ""name"": ""中升控股""}, {""ts_code"": ""00981.HK"", ""side"": ""buy"", ""current_weight"": 0.0, ""target_weight"": 0.1500323817184877, ""post_trade_weight"": 0.1500709219858154, ""diff_weight"": 0.1500323817184877, ""gross_amount"": 0.13834556301125822, ""gross_amount_pct_nav"": 0.1500323817184877, ""fee"": 4.150366890337746e-05, ""fee_pct_nav"": 4.500971451554631e-05, ""name"": ""中芯国际""}, {""ts_code"": ""01066.HK"", ""side"": ""sell"", ""current_weight"": 0.10238217939905221, ""target_weight"": 0.0899059829957667, ""post_trade_weight"": 0.08992907801418426, ""diff_weight"": -0.012476196403285506, ""gross_amount"": 0.011504359231530342, ""gross_amount_pct_nav"": 0.012476196403285506, ""fee"": 3.4513077694591025e-06, ""fee_pct_nav"": 3.7428589209856514e-06, ""name"": ""威高股份""}, {""ts_code"": ""01801.HK"", ""side"": ""sell"", ""current_weight"": 0.05693647895925573, ""target_weight"": 0.0, ""post_trade_weight"": 0.0, ""diff_weight"": -0.05693647895925573, ""gross_amount"": 0.05250139434749946, ""gross_amount_pct_nav"": 0.05693647895925573, ""fee"": 1.5750418304249837e-05, ""fee_pct_nav"": 1.7080943687776718e-05, ""name"": ""信达生物""}, {""ts_code"": ""02357.HK"", ""side"": ""buy"", ""current_weight"": 0.0, ""target_weight"": 0.10011612617509669, ""post_trade_weight"": 0.10014184397163106, ""diff_weight"": 0.10011612617509669, ""gross_amount"": 0.09231754960864677, ""gross_amount_pct_nav"": 0.10011612617509669, ""fee"": 2.769526488259403e-05, ""fee_pct_nav"": 3.0034837852529002e-05, ""name"": ""中航科工""}, {""ts_code"": ""02359.HK"", ""side"": ""buy"", ""current_weight"": 0.0, ""target_weight"": 0.15570468348478214, ""post_trade_weight"": 0.15574468085106363, ""diff_weight"": 0.15570468348478214, ""gross_amount"": 0.1435760190797368, ""gross_amount_pct_nav"": 0.15570468348478214, ""fee"": 4.307280572392104e-05, ""fee_pct_nav"": 4.671140504543464e-05, ""name"": ""药明康德""}, {""ts_code"": ""02669.HK"", ""side"": ""sell"", ""current_weight"": 0.08744356038048991, ""target_weight"": 0.0, ""post_trade_weight"": 0.0, ""diff_weight"": -0.08744356038048991, ""gross_amount"": 0.08063211724017527, ""gross_amount_pct_nav"": 0.08744356038048991, ""fee"": 2.418963517205258e-05, ""fee_pct_nav"": 2.623306811414697e-05, ""name"": ""中海物业""}, {""ts_code"": ""03808.HK"", ""side"": ""sell"", ""current_weight"": 0.047757194699465814, ""target_weight"": 0.0, ""post_trade_weight"": 0.0, ""diff_weight"": -0.047757194699465814, ""gross_amount"": 0.044037133269888826, ""gross_amount_pct_nav"": 0.047757194699465814, ""fee"": 1.3211139980966647e-05, ""fee_pct_nav"": 1.4327158409839743e-05, ""name"": ""中国重汽""}, {""ts_code"": ""06185.HK"", ""side"": ""buy"", ""current_weight"": 0.09179594103225788, ""target_weight"": 0.10465396758813221, ""post_trade_weight"": 0.10468085106382961, ""diff_weight"": 0.012858026555874326, ""gross_amount"": 0.011856446606465787, ""gross_amount_pct_nav"": 0.012858026555874326, ""fee"": 3.5569339819397357e-06, ""fee_pct_nav"": 3.8574079667622975e-06, ""name"": ""康希诺生物""}]"
2020-06-22,0.63222358,1.26444716,0.50771816,0.76449970,0.00038167,0.00015232,0.00022935,0.00000000,rebalance,"[{""ts_code"": ""00241.HK"", ""side"": ""buy"", ""current_weight"": 0.0, ""target_weight"": 0.07408814597250483, ""post_trade_weight"": 0.07411626080125679, ""diff_weight"": 0.07408814597250483, ""gross_amount"": 0.07454345669673301, ""gross_amount_pct_nav"": 0.07408814597250483, ""fee"": 2.2363037009019902e-05, ""fee_pct_nav"": 2.222644379175145e-05, ""name"": ""阿里健康""}, {""ts_code"": ""00669.HK"", ""side"": ""sell"", ""current_weight"": 0.11436038407182939, ""target_weight"": 0.0, ""post_trade_weight"": 0.0, ""diff_weight"": -0.11436038407182939, ""gross_amount"": 0.1150631889350268, ""gross_amount_pct_nav"": 0.11436038407182939, ""fee"": 3.451895668050804e-05, ""fee_pct_nav"": 3.430811522154881e-05, ""name"": ""创科实业""}, {""ts_code"": ""00772.HK"", ""side"": ""buy"", ""current_weight"": 0.0, ""target_weight"": 0.09293409725326916, ""post_trade_weight"": 0.09296936370777678, ""diff_weight"": 0.09293409725326916, ""gross_amount"": 0.09350522628572708, ""gross_amount_pct_nav"": 0.09293409725326916, ""fee"": 2.805156788571812e-05, ""fee_pct_nav"": 2.7880229175980748e-05, ""name"": ""阅文集团""}, {""ts_code"": ""00853.HK"", ""side"": ""sell"", ""current_weight"": 0.11904382926119324, ""target_weight"": 0.0, ""post_trade_weight"": 0.0, ""diff_weight"": -0.11904382926119324, ""gross_amount"": 0.11977541636469458, ""gross_amount_pct_nav"": 0.11904382926119324, ""fee"": 3.5932624909408367e-05, ""fee_pct_nav"": 3.571314877835796e-05, ""name"": ""微创医疗""}, {""ts_code"": ""00881.HK"", ""side"": ""buy"", ""current_weight"": 0.06582637017031079, ""target_weight"": 0.08916490699711632, ""post_trade_weight"": 0.0891987431264728, ""diff_weight"": 0.023338536826805527, ""gross_amount"": 0.023481964442189265, ""gross_amount_pct_nav"": 0.023338536826805527, ""fee"": 7.044589332656779e-06, ""fee_pct_nav"": 7.001561048041657e-06, ""name"": ""中升控股""}, {""ts_code"": ""00981.HK"", ""side"": ""sell"", ""current_weight"": 0.16754850458284712, ""target_weight"": 0.0, ""post_trade_weight"": 0.0, ""diff_weight"": -0.16754850458284712, ""gross_amount"": 0.16857817849307394, ""gross_amount_pct_nav"": 0.16754850458284712, ""fee"": 5.057345354792218e-05, ""fee_pct_nav"": 5.026455137485414e-05, ""name"": ""中芯国际""}, {""ts_code"": ""01066.HK"", ""side"": ""sell"", ""current_weight"": 0.08090657841838132, ""target_weight"": 0.0, ""post_trade_weight"": 0.0, ""diff_weight"": -0.08090657841838132, ""gross_amount"": 0.08140379200539925, ""gross_amount_pct_nav"": 0.08090657841838132, ""fee"": 2.4421137601619774e-05, ""fee_pct_nav"": 2.4271973525514396e-05, ""name"": ""威高股份""}, {""ts_code"": ""01513.HK"", ""side"": ""buy"", ""current_weight"": 0.0, ""target_weight"": 0.07738618744663858, ""post_trade_weight"": 0.07741555380989777, ""diff_weight"": 0.07738618744663858, ""gross_amount"": 0.07786176637480696, ""gross_amount_pct_nav"": 0.07738618744663858, ""fee"": 2.3358529912442088e-05, ""fee_pct_nav"": 2.3215856233991573e-05, ""name"": ""丽珠医药""}, {""ts_code"": ""01801.HK"", ""side"": ""buy"", ""current_weight"": 0.0, ""target_weight"": 0.08775146065105897, ""post_trade_weight"": 0.08778476040848378, ""diff_weight"": 0.08775146065105897, ""gross_amount"": 0.08829073964875371, ""gross_amount_pct_nav"": 0.08775146065105897, ""fee"": 2.648722189462611e-05, ""fee_pct_nav"": 2.6325438195317687e-05, ""name"": ""信达生物""}, {""ts_code"": ""02013.HK"", ""side"": ""buy"", ""current_weight"": 0.0, ""target_weight"": 0.07220355084442838, ""post_trade_weight"": 0.07223095051060477, ""diff_weight"": 0.07220355084442838, ""gross_amount"": 0.07264727973783358, ""gross_amount_pct_nav"": 0.07220355084442838, ""fee"": 2.1794183921350072e-05, ""fee_pct_nav"": 2.1661065253328512e-05, ""name"": ""微盟集团""}, {""ts_code"": ""02357.HK"", ""side"": ""sell"", ""current_weight"": 0.08552040893655681, ""target_weight"": 0.0, ""post_trade_weight"": 0.0, ""diff_weight"": -0.08552040893655681, ""gross_amount"": 0.08604597694501587, ""gross_amount_pct_nav"": 0.08552040893655681, ""fee"": 2.5813793083504758e-05, ""fee_pct_nav"": 2.565612268096704e-05, ""name"": ""中航科工""}, {""ts_code"": ""02359.HK"", ""side"": ""sell"", ""current_weight"": 0.15996730173752247, ""target_weight"": 0.07738618744663858, ""post_trade_weight"": 0.07741555380989777, ""diff_weight"": -0.08258111429088387, ""gross_amount"": 0.08308861878383347, ""gross_amount_pct_nav"": 0.08258111429088387, ""fee"": 2.492658563515004e-05, ""fee_pct_nav"": 2.477433428726516e-05, ""name"": ""药明康德""}, {""ts_code"": ""03808.HK"", ""side"": ""buy"", ""current_weight"": 0.0, ""target_weight"": 0.07691503866461946, ""post_trade_weight"": 0.07694422623723478, ""diff_weight"": 0.07691503866461946, ""gross_amount"": 0.0773877221350821, ""gross_amount_pct_nav"": 0.07691503866461946, ""fee"": 2.3216316640524628e-05, ""fee_pct_nav"": 2.3074511599385837e-05, ""name"": ""中国重汽""}, {""ts_code"": ""06185.HK"", ""side"": ""sell"", ""current_weight"": 0.1098693276346045, ""target_weight"": 0.0, ""post_trade_weight"": 0.0, ""diff_weight"": -0.1098693276346045, ""gross_amount"": 0.11054453258782791, ""gross_amount_pct_nav"": 0.1098693276346045, ""fee"": 3.316335977634837e-05, ""fee_pct_nav"": 3.2960798290381345e-05, ""name"": ""康希诺生物""}]"
2020-07-06,0.59634426,1.19268851,0.77372789,0.52458080,0.00038949,0.00023212,0.00015737,0.00000000,rebalance,"[{""ts_code"": ""00241.HK"", ""side"": ""sell"", ""current_weight"": 0.07097501222146926, ""target_weight"": 0.0, ""post_trade_weight"": 0.0, ""diff_weight"": -0.07097501222146926, ""gross_amount"": 0.07726030249889185, ""gross_amount_pct_nav"": 0.07097501222146926, ""fee"": 2.3178090749667554e-05, ""fee_pct_nav"": 2.1292503666440778e-05, ""name"": ""阿里健康""}, {""ts_code"": ""00268.HK"", ""side"": ""buy"", ""current_weight"": 0.10066864328402396, ""target_weight"": 0.11337518827417074, ""post_trade_weight"": 0.11341576917962953, ""diff_weight"": 0.012706544990146784, ""gross_amount"": 0.01383179063909426, ""gross_amount_pct_nav"": 0.012706544990146784, ""fee"": 4.149537191728278e-06, ""fee_pct_nav"": 3.811963497044035e-06, ""name"": ""金蝶国际""}, {""ts_code"": ""00853.HK"", ""side"": ""buy"", ""current_weight"": 0.0, ""target_weight"": 0.12188165023143561, ""post_trade_weight"": 0.12192527589416212, ""diff_weight"": 0.12188165023143561, ""gross_amount"": 0.13267504817838427, ""gross_amount_pct_nav"": 0.12188165023143561, ""fee"": 3.980251445351528e-05, ""fee_pct_nav"": 3.656449506943068e-05, ""name"": ""微创医疗""}, {""ts_code"": ""00881.HK"", ""side"": ""sell"", ""current_weight"": 0.09511973763589018, ""target_weight"": 0.0, ""post_trade_weight"": 0.0, ""diff_weight"": -0.09511973763589018, ""gross_amount"": 0.10354319743450649, ""gross_amount_pct_nav"": 0.09511973763589018, ""fee"": 3.106295923035194e-05, ""fee_pct_nav"": 2.853592129076705e-05, ""name"": ""中升控股""}, {""ts_code"": ""00981.HK"", ""side"": ""buy"", ""current_weight"": 0.0, ""target_weight"": 0.11550180376348698, ""post_trade_weight"": 0.1155431458582627, ""diff_weight"": 0.11550180376348698, ""gross_amount"": 0.1257302255910752, ""gross_amount_pct_nav"": 0.11550180376348698, ""fee"": 3.771906767732256e-05, ""fee_pct_nav"": 3.4650541129046095e-05, ""name"": ""中芯国际""}, {""ts_code"": ""01066.HK"", ""side"": ""buy"", ""current_weight"": 0.0, ""target_weight"": 0.12188165023143561, ""post_trade_weight"": 0.12192527589416212, ""diff_weight"": 0.12188165023143561, ""gross_amount"": 0.13267504817838427, ""gross_amount_pct_nav"": 0.12188165023143561, ""fee"": 3.980251445351528e-05, ""fee_pct_nav"": 3.656449506943068e-05, ""name"": ""威高股份""}, {""ts_code"": ""01513.HK"", ""side"": ""sell"", ""current_weight"": 0.0739383157233871, ""target_weight"": 0.0, ""post_trade_weight"": 0.0, ""diff_weight"": -0.0739383157233871, ""gross_amount"": 0.08048602543698448, ""gross_amount_pct_nav"": 0.0739383157233871, ""fee"": 2.4145807631095342e-05, ""fee_pct_nav"": 2.2181494717016132e-05, ""name"": ""丽珠医药""}, {""ts_code"": ""01787.HK"", ""side"": ""buy"", ""current_weight"": 0.0, ""target_weight"": 0.09742557210429915, ""post_trade_weight"": 0.09746044408988097, ""diff_weight"": 0.09742557210429915, ""gross_amount"": 0.10605322826036608, ""gross_amount_pct_nav"": 0.09742557210429915, ""fee"": 3.181596847810982e-05, ""fee_pct_nav"": 2.9227671631289744e-05, ""name"": ""山东黄金""}, {""ts_code"": ""01789.HK"", ""side"": ""buy"", ""current_weight"": 0.0, ""target_weight"": 0.10167880308293158, ""post_trade_weight"": 0.10171519744714724, ""diff_weight"": 0.10167880308293158, ""gross_amount"": 0.1106831099852388, ""gross_amount_pct_nav"": 0.10167880308293158, ""fee"": 3.320493299557164e-05, ""fee_pct_nav"": 3.0503640924879473e-05, ""name"": ""爱康医疗""}, {""ts_code"": ""01801.HK"", ""side"": ""sell"", ""current_weight"": 0.08516350478938224, ""target_weight"": 0.0, ""post_trade_weight"": 0.0, ""diff_weight"": -0.08516350478938224, ""gross_amount"": 0.09270527663119138, ""gross_amount_pct_nav"": 0.08516350478938224, ""fee"": 2.781158298935741e-05, ""fee_pct_nav"": 2.5549051436814672e-05, ""name"": ""信达生物""}, {""ts_code"": ""02013.HK"", ""side"": ""buy"", ""current_weight"": 0.08651127423297922, ""target_weight"": 0.11443849601882887, ""post_trade_weight"": 0.11447945751894611, ""diff_weight"": 0.02792722178584964, ""gross_amount"": 0.030400355499702367, ""gross_amount_pct_nav"": 0.02792722178584964, ""fee"": 9.120106649910709e-06, ""fee_pct_nav"": 8.378166535754891e-06, ""name"": ""微盟集团""}, {""ts_code"": ""02359.HK"", ""side"": ""sell"", ""current_weight"": 0.0730849398255567, ""target_weight"": 0.0, ""post_trade_weight"": 0.0, ""diff_weight"": -0.0730849398255567, ""gross_amount"": 0.0795570776573644, ""gross_amount_pct_nav"": 0.0730849398255567, ""fee"": 2.386712329720932e-05, ""fee_pct_nav"": 2.1925481947667004e-05, ""name"": ""药明康德""}, {""ts_code"": ""03808.HK"", ""side"": ""sell"", ""current_weight"": 0.08362352792133187, ""target_weight"": 0.0, ""post_trade_weight"": 0.0, ""diff_weight"": -0.08362352792133187, ""gross_amount"": 0.09102892498371849, ""gross_amount_pct_nav"": 0.08362352792133187, ""fee"": 2.7308677495115544e-05, ""fee_pct_nav"": 2.5087058376399555e-05, ""name"": ""中国重汽""}, {""ts_code"": ""06185.HK"", ""side"": ""buy"", ""current_weight"": 0.0, ""target_weight"": 0.11178022665718361, ""post_trade_weight"": 0.1118202366706547, ""diff_weight"": 0.11178022665718361, ""gross_amount"": 0.12167907908181155, ""gross_amount_pct_nav"": 0.11178022665718361, ""fee"": 3.650372372454346e-05, ""fee_pct_nav"": 3.353406799715508e-05, ""name"": ""康希诺生物""}]"
2020-07-20,0.46888909,0.93777818,0.50040023,0.50422270,0.00030139,0.00015012,0.00015127,0.00000000,rebalance,"[{""ts_code"": ""00268.HK"", ""side"": ""sell"", ""current_weight"": 0.11874628934193059, ""target_weight"": 0.1048655943930939, ""post_trade_weight"": 0.1048951048951135, ""diff_weight"": -0.013880694948836694, ""gross_amount"": 0.014870109801650211, ""gross_amount_pct_nav"": 0.013880694948836694, ""fee"": 4.461032940495063e-06, ""fee_pct_nav"": 4.164208484651007e-06, ""name"": ""金蝶国际""}, {""ts_code"": ""00667.HK"", ""side"": ""buy"", ""current_weight"": 0.0, ""target_weight"": 0.10797272311585225, ""post_trade_weight"": 0.10800310800311687, ""diff_weight"": 0.10797272311585225, ""gross_amount"": 0.11566901039421354, ""gross_amount_pct_nav"": 0.10797272311585225, ""fee"": 3.470070311826406e-05, ""fee_pct_nav"": 3.239181693475567e-05, ""name"": ""中国东方教育""}, {""ts_code"": ""00669.HK"", ""side"": ""buy"", ""current_weight"": 0.0, ""target_weight"": 0.10900843269010502, ""post_trade_weight"": 0.109039109039118, ""diff_weight"": 0.10900843269010502, ""gross_amount"": 0.11677854526610047, ""gross_amount_pct_nav"": 0.10900843269010502, ""fee"": 3.503356357983014e-05, ""fee_pct_nav"": 3.2702529807031505e-05, ""name"": ""创科实业""}, {""ts_code"": ""00772.HK"", ""side"": ""sell"", ""current_weight"": 0.09393383740253528, ""target_weight"": 0.08104427418528001, ""post_trade_weight"": 0.08106708106708775, ""diff_weight"": -0.01288956321725526, ""gross_amount"": 0.013808330277581729, ""gross_amount_pct_nav"": 0.01288956321725526, ""fee"": 4.142499083274518e-06, ""fee_pct_nav"": 3.866868965176578e-06, ""name"": ""阅文集团""}, {""ts_code"": ""00853.HK"", ""side"": ""sell"", ""current_weight"": 0.14122734407013973, ""target_weight"": 0.12350836672964395, ""post_trade_weight"": 0.12354312354313371, ""diff_weight"": -0.017718977340495785, ""gross_amount"": 0.018981984662677587, ""gross_amount_pct_nav"": 0.017718977340495785, ""fee"": 5.694595398803275e-06, ""fee_pct_nav"": 5.315693202148735e-06, ""name"": ""微创医疗""}, {""ts_code"": ""00981.HK"", ""side"": ""sell"", ""current_weight"": 0.08253562894555508, ""target_weight"": 0.0, ""post_trade_weight"": 0.0, ""diff_weight"": -0.08253562894555508, ""gross_amount"": 0.08841876213636707, ""gross_amount_pct_nav"": 0.08253562894555508, ""fee"": 2.6525628640910118e-05, ""fee_pct_nav"": 2.476068868366652e-05, ""name"": ""中芯国际""}, {""ts_code"": ""01066.HK"", ""side"": ""sell"", ""current_weight"": 0.12406603882443919, ""target_weight"": 0.10072275609608279, ""post_trade_weight"": 0.10075110075110902, ""diff_weight"": -0.023343282728356396, ""gross_amount"": 0.02500719009970863, ""gross_amount_pct_nav"": 0.023343282728356396, ""fee"": 7.502157029912588e-06, ""fee_pct_nav"": 7.002984818506918e-06, ""name"": ""威高股份""}, {""ts_code"": ""01347.HK"", ""side"": ""buy"", ""current_weight"": 0.0, ""target_weight"": 0.11832981885838005, ""post_trade_weight"": 0.1183631183631281, ""diff_weight"": 0.11832981885838005, ""gross_amount"": 0.12676435911308295, ""gross_amount_pct_nav"": 0.11832981885838005, ""fee"": 3.802930773392488e-05, ""fee_pct_nav"": 3.549894565751401e-05, ""name"": ""华虹半导体""}, {""ts_code"": ""01787.HK"", ""side"": ""sell"", ""current_weight"": 0.11196953071136592, ""target_weight"": 0.0, ""post_trade_weight"": 0.0, ""diff_weight"": -0.11196953071136592, ""gross_amount"": 0.1199507101232562, ""gross_amount_pct_nav"": 0.11196953071136592, ""fee"": 3.5985213036976855e-05, ""fee_pct_nav"": 3.359085921340977e-05, ""name"": ""山东黄金""}, {""ts_code"": ""01789.HK"", ""side"": ""sell"", ""current_weight"": 0.1006736149516361, ""target_weight"": 0.0, ""post_trade_weight"": 0.0, ""diff_weight"": -0.1006736149516361, ""gross_amount"": 0.10784962236961668, ""gross_amount_pct_nav"": 0.1006736149516361, ""fee"": 3.2354886710885e-05, ""fee_pct_nav"": 3.020208448549082e-05, ""name"": ""爱康医疗""}, {""ts_code"": ""02333.HK"", ""side"": ""buy"", ""current_weight"": 0.0, ""target_weight"": 0.13179404332366615, ""post_trade_weight"": 0.13183113183114264, ""diff_weight"": 0.13179404332366615, ""gross_amount"": 0.14118831244761315, ""gross_amount_pct_nav"": 0.13179404332366615, ""fee"": 4.235649373428394e-05, ""fee_pct_nav"": 3.953821299709984e-05, ""name"": ""长城汽车""}, {""ts_code"": ""06185.HK"", ""side"": ""sell"", ""current_weight"": 0.10766186445810808, ""target_weight"": 0.0, ""post_trade_weight"": 0.0, ""diff_weight"": -0.10766186445810808, ""gross_amount"": 0.1153359937556023, ""gross_amount_pct_nav"": 0.10766186445810808, ""fee"": 3.4600798126680686e-05, ""fee_pct_nav"": 3.229855933743242e-05, ""name"": ""康希诺生物""}]"
2020-08-03,0.47269013,0.94538027,0.54223903,0.54677264,0.00032670,0.00016267,0.00016403,0.00000000,rebalance,"[{""ts_code"": ""00268.HK"", ""side"": ""sell"", ""current_weight"": 0.11799823933655194, ""target_weight"": 0.10261518775016132, ""post_trade_weight"": 0.10264429911864453, ""diff_weight"": -0.015383051586390625, ""gross_amount"": 0.01772019502893396, ""gross_amount_pct_nav"": 0.015383051586390625, ""fee"": 5.3160585086801874e-06, ""fee_pct_nav"": 4.614915475917187e-06, ""name"": ""金蝶国际""}, {""ts_code"": ""00291.HK"", ""side"": ""buy"", ""current_weight"": 0.0, ""target_weight"": 0.10602621892191183, ""post_trade_weight"": 0.10605629798131415, ""diff_weight"": 0.10602621892191183, ""gross_amount"": 0.1221347576536052, ""gross_amount_pct_nav"": 0.10602621892191183, ""fee"": 3.6640427296081556e-05, ""fee_pct_nav"": 3.1807865676573545e-05, ""name"": ""华润啤酒""}, {""ts_code"": ""00667.HK"", ""side"": ""sell"", ""current_weight"": 0.09837784519745887, ""target_weight"": 0.0, ""post_trade_weight"": 0.0, ""diff_weight"": -0.09837784519745887, ""gross_amount"": 0.11332436829162812, ""gross_amount_pct_nav"": 0.09837784519745887, ""fee"": 3.3997310487488435e-05, ""fee_pct_nav"": 2.951335355923766e-05, ""name"": ""中国东方教育""}, {""ts_code"": ""00669.HK"", ""side"": ""sell"", ""current_weight"": 0.10001061506034609, ""target_weight"": 0.0, ""post_trade_weight"": 0.0, ""diff_weight"": -0.10001061506034609, ""gross_amount"": 0.11520520449927137, ""gross_amount_pct_nav"": 0.10001061506034609, ""fee"": 3.4561561349781406e-05, ""fee_pct_nav"": 3.0003184518103823e-05, ""name"": ""创科实业""}, {""ts_code"": ""00772.HK"", ""side"": ""sell"", ""current_weight"": 0.07170167848871274, ""target_weight"": 0.0, ""post_trade_weight"": 0.0, ""diff_weight"": -0.07170167848871274, ""gross_amount"": 0.08259529779162797, ""gross_amount_pct_nav"": 0.07170167848871274, ""fee"": 2.477858933748839e-05, ""fee_pct_nav"": 2.1510503546613822e-05, ""name"": ""阅文集团""}, {""ts_code"": ""01066.HK"", ""side"": ""sell"", ""current_weight"": 0.10819698774234326, ""target_weight"": 0.09806714618782729, ""post_trade_weight"": 0.09809496730175168, ""diff_weight"": -0.010129841554515986, ""gross_amount"": 0.01166886602116246, ""gross_amount_pct_nav"": 0.010129841554515986, ""fee"": 3.5006598063487378e-06, ""fee_pct_nav"": 3.0389524663547956e-06, ""name"": ""威高股份""}, {""ts_code"": ""01093.HK"", ""side"": ""buy"", ""current_weight"": 0.0, ""target_weight"": 0.13104044751474894, ""post_trade_weight"": 0.13107762297422473, ""diff_weight"": 0.13104044751474894, ""gross_amount"": 0.15094939216705627, ""gross_amount_pct_nav"": 0.13104044751474894, ""fee"": 4.528481765011688e-05, ""fee_pct_nav"": 3.9312134254424674e-05, ""name"": ""石药集团""}, {""ts_code"": ""01347.HK"", ""side"": ""sell"", ""current_weight"": 0.14132587923606837, ""target_weight"": 0.09806714618782729, ""post_trade_weight"": 0.09809496730175168, ""diff_weight"": -0.043258733048241085, ""gross_amount"": 0.049831022278934045, ""gross_amount_pct_nav"": 0.043258733048241085, ""fee"": 1.4949306683680211e-05, ""fee_pct_nav"": 1.2977619914472324e-05, ""name"": ""华虹半导体""}, {""ts_code"": ""01833.HK"", ""side"": ""buy"", ""current_weight"": 0.0, ""target_weight"": 0.09465611501607676, ""post_trade_weight"": 0.09468296843908205, ""diff_weight"": 0.09465611501607676, ""gross_amount"": 0.10903719651112741, ""gross_amount_pct_nav"": 0.09465611501607676, ""fee"": 3.2711158953338216e-05, ""fee_pct_nav"": 2.8396834504823026e-05, ""name"": ""平安好医生""}, {""ts_code"": ""02333.HK"", ""side"": ""sell"", ""current_weight"": 0.13579620072537435, ""target_weight"": 0.0, ""post_trade_weight"": 0.0, ""diff_weight"": -0.13579620072537435, ""gross_amount"": 0.15642768585465708, ""gross_amount_pct_nav"": 0.13579620072537435, ""fee"": 4.692830575639712e-05, ""fee_pct_nav"": 4.07388602176123e-05, ""name"": ""长城汽车""}, {""ts_code"": ""06185.HK"", ""side"": ""buy"", ""current_weight"": 0.0, ""target_weight"": 0.13899952024883344, ""post_trade_weight"": 0.13903895365378716, ""diff_weight"": 0.13899952024883344, ""gross_amount"": 0.16011768496679069, ""gross_amount_pct_nav"": 0.13899952024883344, ""fee"": 4.80353054900372e-05, ""fee_pct_nav"": 4.169985607465003e-05, ""name"": ""康希诺生物""}]"
2020-08-17,0.55748061,1.11496123,0.58998300,0.57816209,0.00035044,0.00017699,0.00017345,0.00000000,rebalance,"[{""ts_code"": ""00268.HK"", ""side"": ""sell"", ""current_weight"": 0.09798667471311115, ""target_weight"": 0.07980868693684791, ""post_trade_weight"": 0.07983539094650202, ""diff_weight"": -0.01817798777626324, ""gross_amount"": 0.019045081270281455, ""gross_amount_pct_nav"": 0.01817798777626324, ""fee"": 5.713524381084436e-06, ""fee_pct_nav"": 5.453396332878972e-06, ""name"": ""金蝶国际""}, {""ts_code"": ""00291.HK"", ""side"": ""sell"", ""current_weight"": 0.11732934024766402, ""target_weight"": 0.0, ""post_trade_weight"": 0.0, ""diff_weight"": -0.11732934024766402, ""gross_amount"": 0.12292597222026577, ""gross_amount_pct_nav"": 0.11732934024766402, ""fee"": 3.687779166607973e-05, ""fee_pct_nav"": 3.51988020742992e-05, ""name"": ""华润啤酒""}, {""ts_code"": ""00853.HK"", ""side"": ""sell"", ""current_weight"": 0.11671125087493685, ""target_weight"": 0.09297300643158574, ""post_trade_weight"": 0.09300411522633742, ""diff_weight"": -0.023738244443351122, ""gross_amount"": 0.02487056324395684, ""gross_amount_pct_nav"": 0.023738244443351122, ""fee"": 7.461168973187051e-06, ""fee_pct_nav"": 7.121473333005336e-06, ""name"": ""微创医疗""}, {""ts_code"": ""00868.HK"", ""side"": ""buy"", ""current_weight"": 0.0, ""target_weight"": 0.14727582434737913, ""post_trade_weight"": 0.14732510288065837, ""diff_weight"": 0.14727582434737913, ""gross_amount"": 0.15430090933970894, ""gross_amount_pct_nav"": 0.14727582434737913, ""fee"": 4.629027280191268e-05, ""fee_pct_nav"": 4.4182747304213735e-05, ""name"": ""信义玻璃""}, {""ts_code"": ""01066.HK"", ""side"": ""sell"", ""current_weight"": 0.09493734651383115, ""target_weight"": 0.07322652718947903, ""post_trade_weight"": 0.07325102880658434, ""diff_weight"": -0.02171081932435212, ""gross_amount"": 0.022746429558975156, ""gross_amount_pct_nav"": 0.02171081932435212, ""fee"": 6.823928867692547e-06, ""fee_pct_nav"": 6.513245797305636e-06, ""name"": ""威高股份""}, {""ts_code"": ""01093.HK"", ""side"": ""sell"", ""current_weight"": 0.13884062176051432, ""target_weight"": 0.0, ""post_trade_weight"": 0.0, ""diff_weight"": -0.13884062176051432, ""gross_amount"": 0.14546334597596283, ""gross_amount_pct_nav"": 0.13884062176051432, ""fee"": 4.3639003792788844e-05, ""fee_pct_nav"": 4.165218652815429e-05, ""name"": ""石药集团""}, {""ts_code"": ""01347.HK"", ""side"": ""sell"", ""current_weight"": 0.08865128364848285, ""target_weight"": 0.07651760706316346, ""post_trade_weight"": 0.07654320987654317, ""diff_weight"": -0.01213367658531938, ""gross_amount"": 0.012712455279372079, ""gross_amount_pct_nav"": 0.01213367658531938, ""fee"": 3.8137365838116234e-06, ""fee_pct_nav"": 3.6401029755958135e-06, ""name"": ""华虹半导体""}, {""ts_code"": ""01579.HK"", ""side"": ""buy"", ""current_weight"": 0.0, ""target_weight"": 0.1505669042210636, ""post_trade_weight"": 0.15061728395061721, ""diff_weight"": 0.1505669042210636, ""gross_amount"": 0.15774897435288682, ""gross_amount_pct_nav"": 0.1505669042210636, ""fee"": 4.732469230586604e-05, ""fee_pct_nav"": 4.5170071266319075e-05, ""name"": ""颐海国际""}, {""ts_code"": ""01833.HK"", ""side"": ""sell"", ""current_weight"": 0.09092684886829691, ""target_weight"": 0.0, ""post_trade_weight"": 0.0, ""diff_weight"": -0.09092684886829691, ""gross_amount"": 0.0952640769518271, ""gross_amount_pct_nav"": 0.09092684886829691, ""fee"": 2.857922308554813e-05, ""fee_pct_nav"": 2.7278054660489072e-05, ""name"": ""平安好医生""}, {""ts_code"": ""01999.HK"", ""side"": ""buy"", ""current_weight"": 0.0, ""target_weight"": 0.15550352403159026, ""post_trade_weight"": 0.15555555555555547, ""diff_weight"": 0.15550352403159026, ""gross_amount"": 0.1629210718726536, ""gross_amount_pct_nav"": 0.15550352403159026, ""fee"": 4.8876321561796075e-05, ""fee_pct_nav"": 4.6651057209477076e-05, ""name"": ""敏华控股""}, {""ts_code"": ""02013.HK"", ""side"": ""buy"", ""current_weight"": 0.11401770767874839, ""target_weight"": 0.12423826523158801, ""post_trade_weight"": 0.12427983539094647, ""diff_weight"": 0.010220557552839635, ""gross_amount"": 0.01070808010310112, ""gross_amount_pct_nav"": 0.010220557552839635, ""fee"": 3.2124240309303357e-06, ""fee_pct_nav"": 3.0661672658518904e-06, ""name"": ""微盟集团""}, {""ts_code"": ""02128.HK"", ""side"": ""buy"", ""current_weight"": 0.0, ""target_weight"": 0.09955516617895464, ""post_trade_weight"": 0.09958847736625513, ""diff_weight"": 0.09955516617895464, ""gross_amount"": 0.1043039666486301, ""gross_amount_pct_nav"": 0.09955516617895464, ""fee"": 3.129118999458903e-05, ""fee_pct_nav"": 2.9866549853686388e-05, ""name"": ""中国联塑""}, {""ts_code"": ""06185.HK"", ""side"": ""sell"", ""current_weight"": 0.1289817124884809, ""target_weight"": 0.0, ""post_trade_weight"": 0.0, ""diff_weight"": -0.1289817124884809, ""gross_amount"": 0.13513416484583857, ""gross_amount_pct_nav"": 0.1289817124884809, ""fee"": 4.054024945375157e-05, ""fee_pct_nav"": 3.869451374654427e-05, ""name"": ""康希诺生物""}]"
2020-08-31,0.50013068,1.00026136,0.55234102,0.55267252,0.00033150,0.00016570,0.00016580,0.00000000,rebalance,"[{""ts_code"": ""00168.HK"", ""side"": ""buy"", ""current_weight"": 0.0, ""target_weight"": 0.1068960177597895, ""post_trade_weight"": 0.10692810457516343, ""diff_weight"": 0.1068960177597895, ""gross_amount"": 0.11809068345921124, ""gross_amount_pct_nav"": 0.1068960177597895, ""fee"": 3.542720503776337e-05, ""fee_pct_nav"": 3.206880532793685e-05, ""name"": ""青岛啤酒股份""}, {""ts_code"": ""00268.HK"", ""side"": ""sell"", ""current_weight"": 0.07863384405131246, ""target_weight"": 0.0, ""post_trade_weight"": 0.0, ""diff_weight"": -0.07863384405131246, ""gross_amount"": 0.08686875883357328, ""gross_amount_pct_nav"": 0.07863384405131246, ""fee"": 2.6060627650071983e-05, ""fee_pct_nav"": 2.3590153215393737e-05, ""name"": ""金蝶国际""}, {""ts_code"": ""00853.HK"", ""side"": ""sell"", ""current_weight"": 0.08804867099533235, ""target_weight"": 0.0, ""post_trade_weight"": 0.0, ""diff_weight"": -0.08804867099533235, ""gross_amount"": 0.09726955178890943, ""gross_amount_pct_nav"": 0.08804867099533235, ""fee"": 2.9180865536672826e-05, ""fee_pct_nav"": 2.6414601298599702e-05, ""name"": ""微创医疗""}, {""ts_code"": ""00868.HK"", ""side"": ""sell"", ""current_weight"": 0.1424927162513109, ""target_weight"": 0.12989564994282488, ""post_trade_weight"": 0.12993464052287584, ""diff_weight"": -0.01259706630848603, ""gross_amount"": 0.013916291748986925, ""gross_amount_pct_nav"": 0.01259706630848603, ""fee"": 4.174887524696077e-06, ""fee_pct_nav"": 3.7791198925458087e-06, ""name"": ""信义玻璃""}, {""ts_code"": ""00968.HK"", ""side"": ""buy"", ""current_weight"": 0.0, ""target_weight"": 0.1089868934127927, ""post_trade_weight"": 0.10901960784313727, ""diff_weight"": 0.1089868934127927, ""gross_amount"": 0.1204005256784623, ""gross_amount_pct_nav"": 0.1089868934127927, ""fee"": 3.6120157703538684e-05, ""fee_pct_nav"": 3.2696068023837804e-05, ""name"": ""信义光能""}, {""ts_code"": ""01066.HK"", ""side"": ""sell"", ""current_weight"": 0.0675131084645409, ""target_weight"": 0.0, ""post_trade_weight"": 0.0, ""diff_weight"": -0.0675131084645409, ""gross_amount"": 0.07458340626822237, ""gross_amount_pct_nav"": 0.0675131084645409, ""fee"": 2.237502188046671e-05, ""fee_pct_nav"": 2.0253932539362266e-05, ""name"": ""威高股份""}, {""ts_code"": ""01347.HK"", ""side"": ""sell"", ""current_weight"": 0.06970531795428174, ""target_weight"": 0.0, ""post_trade_weight"": 0.0, ""diff_weight"": -0.06970531795428174, ""gross_amount"": 0.07700519449153115, ""gross_amount_pct_nav"": 0.06970531795428174, ""fee"": 2.3101558347459343e-05, ""fee_pct_nav"": 2.0911595386284518e-05, ""name"": ""华虹半导体""}, {""ts_code"": ""01579.HK"", ""side"": ""sell"", ""current_weight"": 0.16836665055120195, ""target_weight"": 0.12571389863681842, ""post_trade_weight"": 0.12575163398692812, ""diff_weight"": -0.04265275191438352, ""gross_amount"": 0.04711955347395955, ""gross_amount_pct_nav"": 0.04265275191438352, ""fee"": 1.4135866042187863e-05, ""fee_pct_nav"": 1.2795825574315056e-05, ""name"": ""颐海国际""}, {""ts_code"": ""01810.HK"", ""side"": ""buy"", ""current_weight"": 0.0, ""target_weight"": 0.12048670950431041, ""post_trade_weight"": 0.12052287581699349, ""diff_weight"": 0.12048670950431041, ""gross_amount"": 0.13310465788434322, ""gross_amount_pct_nav"": 0.12048670950431041, ""fee"": 3.993139736530296e-05, ""fee_pct_nav"": 3.614601285129312e-05, ""name"": ""小米集团-W""}, {""ts_code"": ""01999.HK"", ""side"": ""sell"", ""current_weight"": 0.15596567104684553, ""target_weight"": 0.12153214733081198, ""post_trade_weight"": 0.12156862745098039, ""diff_weight"": -0.034433523716033546, ""gross_amount"": 0.03803956812191886, ""gross_amount_pct_nav"": 0.034433523716033546, ""fee"": 1.1411870436575656e-05, ""fee_pct_nav"": 1.0330057114810063e-05, ""name"": ""敏华控股""}, {""ts_code"": ""02013.HK"", ""side"": ""sell"", ""current_weight"": 0.1426189921855979, ""target_weight"": 0.12257758515731362, ""post_trade_weight"": 0.12261437908496735, ""diff_weight"": -0.020041407028284268, ""gross_amount"": 0.022140239674527884, ""gross_amount_pct_nav"": 0.020041407028284268, ""fee"": 6.642071902358365e-06, ""fee_pct_nav"": 6.01242210848528e-06, ""name"": ""微盟集团""}, {""ts_code"": ""02128.HK"", ""side"": ""sell"", ""current_weight"": 0.08665502849957589, ""target_weight"": 0.0, ""post_trade_weight"": 0.0, ""diff_weight"": -0.08665502849957589, ""gross_amount"": 0.09572996034040937, ""gross_amount_pct_nav"": 0.08665502849957589, ""fee"": 2.871898810212281e-05, ""fee_pct_nav"": 2.5996508549872765e-05, ""name"": ""中国联塑""}, {""ts_code"": ""06060.HK"", ""side"": ""buy"", ""current_weight"": 0.0, ""target_weight"": 0.0608967533937187, ""post_trade_weight"": 0.060915032679738565, ""diff_weight"": 0.0608967533937187, ""gross_amount"": 0.06727415463568756, ""gross_amount_pct_nav"": 0.0608967533937187, ""fee"": 2.0182246390706267e-05, ""fee_pct_nav"": 1.8269026018115607e-05, ""name"": ""众安在线""}, {""ts_code"": ""06098.HK"", ""side"": ""buy"", ""current_weight"": 0.0, ""target_weight"": 0.10271426645378304, ""post_trade_weight"": 0.1027450980392157, ""diff_weight"": 0.10271426645378304, ""gross_amount"": 0.11347099902070906, ""gross_amount_pct_nav"": 0.10271426645378304, ""fee"": 3.4041299706212716e-05, ""fee_pct_nav"": 3.081427993613491e-05, ""name"": ""碧桂园服务""}]"
2020-09-14,0.51780449,1.03560899,0.55518151,0.55551472,0.00033321,0.00016655,0.00016665,0.00000000,rebalance,"[{""ts_code"": ""00168.HK"", ""side"": ""sell"", ""current_weight"": 0.10050882768113752, ""target_weight"": 0.0, ""post_trade_weight"": 0.0, ""diff_weight"": -0.10050882768113752, ""gross_amount"": 0.10779626049869882, ""gross_amount_pct_nav"": 0.10050882768113752, ""fee"": 3.2338878149609643e-05, ""fee_pct_nav"": 3.0152648304341253e-05, ""name"": ""青岛啤酒股份""}, {""ts_code"": ""00285.HK"", ""side"": ""buy"", ""current_weight"": 0.0, ""target_weight"": 0.11276178974868874, ""post_trade_weight"": 0.11279683377309108, ""diff_weight"": 0.11276178974868874, ""gross_amount"": 0.1209376284898241, ""gross_amount_pct_nav"": 0.11276178974868874, ""fee"": 3.628128854694723e-05, ""fee_pct_nav"": 3.382853692460662e-05, ""name"": ""比亚迪电子""}, {""ts_code"": ""00868.HK"", ""side"": ""sell"", ""current_weight"": 0.1422204074049098, ""target_weight"": 0.09825442498569954, ""post_trade_weight"": 0.09828496042216707, ""diff_weight"": -0.04396598241921026, ""gross_amount"": 0.0471537535884705, ""gross_amount_pct_nav"": 0.04396598241921026, ""fee"": 1.4146126076541149e-05, ""fee_pct_nav"": 1.3189794725763076e-05, ""name"": ""信义玻璃""}, {""ts_code"": ""00968.HK"", ""side"": ""sell"", ""current_weight"": 0.11100668429149296, ""target_weight"": 0.0, ""post_trade_weight"": 0.0, ""diff_weight"": -0.11100668429149296, ""gross_amount"": 0.11905526840831188, ""gross_amount_pct_nav"": 0.11100668429149296, ""fee"": 3.571658052249356e-05, ""fee_pct_nav"": 3.330200528744789e-05, ""name"": ""信义光能""}, {""ts_code"": ""01579.HK"", ""side"": ""sell"", ""current_weight"": 0.12066500884024632, ""target_weight"": 0.08374706022271036, ""post_trade_weight"": 0.08377308707124309, ""diff_weight"": -0.03691794861753595, ""gross_amount"": 0.03959469927237384, ""gross_amount_pct_nav"": 0.03691794861753595, ""fee"": 1.1878409781712153e-05, ""fee_pct_nav"": 1.1075384585260786e-05, ""name"": ""颐海国际""}, {""ts_code"": ""01810.HK"", ""side"": ""sell"", ""current_weight"": 0.12437033809445522, ""target_weight"": 0.08242820888062043, ""post_trade_weight"": 0.08245382585752271, ""diff_weight"": -0.0419421292138348, ""gross_amount"": 0.04498316009562925, ""gross_amount_pct_nav"": 0.0419421292138348, ""fee"": 1.3494948028688774e-05, ""fee_pct_nav"": 1.2582638764150437e-05, ""name"": ""小米集团-W""}, {""ts_code"": ""01919.HK"", ""side"": ""buy"", ""current_weight"": 0.0, ""target_weight"": 0.07979050619644057, ""post_trade_weight"": 0.07981530343008199, ""diff_weight"": 0.07979050619644057, ""gross_amount"": 0.08557574881443694, ""gross_amount_pct_nav"": 0.07979050619644057, ""fee"": 2.567272464433108e-05, ""fee_pct_nav"": 2.393715185893217e-05, ""name"": ""中远海控""}, {""ts_code"": ""01929.HK"", ""side"": ""buy"", ""current_weight"": 0.0, ""target_weight"": 0.1490302016561617, ""post_trade_weight"": 0.14907651715040104, ""diff_weight"": 0.1490302016561617, ""gross_amount"": 0.15983569613274995, ""gross_amount_pct_nav"": 0.1490302016561617, ""fee"": 4.795070883982498e-05, ""fee_pct_nav"": 4.4709060496848506e-05, ""name"": ""周大福""}, {""ts_code"": ""01999.HK"", ""side"": ""sell"", ""current_weight"": 0.13052712312448556, ""target_weight"": 0.1153994924328686, ""post_trade_weight"": 0.1154353562005318, ""diff_weight"": -0.015127630691616972, ""gross_amount"": 0.016224465615448505, ""gross_amount_pct_nav"": 0.015127630691616972, ""fee"": 4.867339684634551e-06, ""fee_pct_nav"": 4.538289207485091e-06, ""name"": ""敏华控股""}, {""ts_code"": ""02013.HK"", ""side"": ""sell"", ""current_weight"": 0.1130512350071939, ""target_weight"": 0.10221097901196932, ""post_trade_weight"": 0.10224274406332816, ""diff_weight"": -0.010840255995224587, ""gross_amount"": 0.01162623309905654, ""gross_amount_pct_nav"": 0.010840255995224587, ""fee"": 3.487869929716962e-06, ""fee_pct_nav"": 3.2520767985673758e-06, ""name"": ""微盟集团""}, {""ts_code"": ""02333.HK"", ""side"": ""buy"", ""current_weight"": 0.0, ""target_weight"": 0.17606665416900524, ""post_trade_weight"": 0.17612137203166853, ""diff_weight"": 0.17606665416900524, ""gross_amount"": 0.18883243746656747, ""gross_amount_pct_nav"": 0.17606665416900524, ""fee"": 5.664973123997023e-05, ""fee_pct_nav"": 5.281999625070157e-05, ""name"": ""长城汽车""}, {""ts_code"": ""06060.HK"", ""side"": ""sell"", ""current_weight"": 0.056152515322560936, ""target_weight"": 0.0, ""post_trade_weight"": 0.0, ""diff_weight"": -0.056152515322560936, ""gross_amount"": 0.06022387594223157, ""gross_amount_pct_nav"": 0.056152515322560936, ""fee"": 1.806716278266947e-05, ""fee_pct_nav"": 1.6845754596768282e-05, ""name"": ""众安在线""}, {""ts_code"": ""06098.HK"", ""side"": ""sell"", ""current_weight"": 0.1014978602335179, ""target_weight"": 0.0, ""post_trade_weight"": 0.0, ""diff_weight"": -0.1014978602335179, ""gross_amount"": 0.1088570032525226, ""gross_amount_pct_nav"": 0.1014978602335179, ""fee"": 3.265710097575678e-05, ""fee_pct_nav"": 3.044935807005537e-05, ""name"": ""碧桂园服务""}]"
2020-09-28,0.31592659,0.63185318,0.32470942,0.32826641,0.00019589,0.00009741,0.00009848,0.00000000,rebalance,"[{""ts_code"": ""00285.HK"", ""side"": ""buy"", ""current_weight"": 0.10753612889723689, ""target_weight"": 0.14010949079824103, ""post_trade_weight"": 0.14013605442176857, ""diff_weight"": 0.03257336190100413, ""gross_amount"": 0.03366227919918137, ""gross_amount_pct_nav"": 0.03257336190100413, ""fee"": 1.009868375975441e-05, ""fee_pct_nav"": 9.772008570301238e-06, ""name"": ""比亚迪电子""}, {""ts_code"": ""00868.HK"", ""side"": ""buy"", ""current_weight"": 0.10498899404231934, ""target_weight"": 0.11698462338493912, ""post_trade_weight"": 0.11700680272108833, ""diff_weight"": 0.011995629342619772, ""gross_amount"": 0.0123966394788593, ""gross_amount_pct_nav"": 0.011995629342619772, ""fee"": 3.7189918436577897e-06, ""fee_pct_nav"": 3.598688802785931e-06, ""name"": ""信义玻璃""}, {""ts_code"": ""00968.HK"", ""side"": ""buy"", ""current_weight"": 0.0, ""target_weight"": 0.11018319179279149, ""post_trade_weight"": 0.11020408163265297, ""diff_weight"": 0.11018319179279149, ""gross_amount"": 0.11386658142497595, ""gross_amount_pct_nav"": 0.11018319179279149, ""fee"": 3.4159974427492786e-05, ""fee_pct_nav"": 3.3054957537837444e-05, ""name"": ""信义光能""}, {""ts_code"": ""01810.HK"", ""side"": ""sell"", ""current_weight"": 0.07337614232196547, ""target_weight"": 0.0, ""post_trade_weight"": 0.0, ""diff_weight"": -0.07337614232196547, ""gross_amount"": 0.07582908380497033, ""gross_amount_pct_nav"": 0.07337614232196547, ""fee"": 2.2748725141491097e-05, ""fee_pct_nav"": 2.201284269658964e-05, ""name"": ""小米集团-W""}, {""ts_code"": ""01919.HK"", ""side"": ""buy"", ""current_weight"": 0.08448605014553671, ""target_weight"": 0.09930090124535527, ""post_trade_weight"": 0.09931972789115635, ""diff_weight"": 0.014814851099818567, ""gross_amount"": 0.0153101069374426, ""gross_amount_pct_nav"": 0.014814851099818567, ""fee"": 4.59303208123278e-06, ""fee_pct_nav"": 4.4444553299455704e-06, ""name"": ""中远海控""}, {""ts_code"": ""01929.HK"", ""side"": ""sell"", ""current_weight"": 0.15556870278673524, ""target_weight"": 0.07753632015048291, ""post_trade_weight"": 0.07755102040816321, ""diff_weight"": -0.07803238263625233, ""gross_amount"": 0.08064098077631661, ""gross_amount_pct_nav"": 0.07803238263625233, ""fee"": 2.419229423289498e-05, ""fee_pct_nav"": 2.3409714790875695e-05, ""name"": ""周大福""}, {""ts_code"": ""01999.HK"", ""side"": ""buy"", ""current_weight"": 0.1070143783752086, ""target_weight"": 0.12242576865865723, ""post_trade_weight"": 0.12244897959183665, ""diff_weight"": 0.015411390283448642, ""gross_amount"": 0.015926588239361522, ""gross_amount_pct_nav"": 0.015411390283448642, ""fee"": 4.777976471808456e-06, ""fee_pct_nav"": 4.623417085034592e-06, ""name"": ""敏华控股""}, {""ts_code"": ""02013.HK"", ""side"": ""sell"", ""current_weight"": 0.09149488910373837, ""target_weight"": 0.0, ""post_trade_weight"": 0.0, ""diff_weight"": -0.09149488910373837, ""gross_amount"": 0.0945535346234321, ""gross_amount_pct_nav"": 0.09149488910373837, ""fee"": 2.8366060387029628e-05, ""fee_pct_nav"": 2.7448466731121506e-05, ""name"": ""微盟集团""}, {""ts_code"": ""02333.HK"", ""side"": ""sell"", ""current_weight"": 0.1835670477375165, ""target_weight"": 0.10882290547436196, ""post_trade_weight"": 0.10884353741496589, ""diff_weight"": -0.07474414226315454, ""gross_amount"": 0.0772428155562315, ""gross_amount_pct_nav"": 0.07474414226315454, ""fee"": 2.3172844666869446e-05, ""fee_pct_nav"": 2.242324267894636e-05, ""name"": ""长城汽车""}, {""ts_code"": ""06865.HK"", ""side"": ""buy"", ""current_weight"": 0.0, ""target_weight"": 0.12922720025080484, ""post_trade_weight"": 0.129251700680272, ""diff_weight"": 0.12922720025080484, ""gross_amount"": 0.13354722512805822, ""gross_amount_pct_nav"": 0.12922720025080484, ""fee"": 4.006416753841746e-05, ""fee_pct_nav"": 3.8768160075241445e-05, ""name"": ""福莱特玻璃""}]"
2020-10-12,0.57206906,1.14413812,0.69659145,0.69135470,0.00041638,0.00020898,0.00020741,0.00000000,rebalance,"[{""ts_code"": ""00268.HK"", ""side"": ""buy"", ""current_weight"": 0.0, ""target_weight"": 0.11752660030326513, ""post_trade_weight"": 0.117566954153427, ""diff_weight"": 0.11752660030326513, ""gross_amount"": 0.1425707173674207, ""gross_amount_pct_nav"": 0.11752660030326513, ""fee"": 4.27712152102262e-05, ""fee_pct_nav"": 3.525798009097953e-05, ""name"": ""金蝶国际""}, {""ts_code"": ""00669.HK"", ""side"": ""buy"", ""current_weight"": 0.0, ""target_weight"": 0.09846823268651943, ""post_trade_weight"": 0.09850204266908748, ""diff_weight"": 0.09846823268651943, ""gross_amount"": 0.11945114157810922, ""gross_amount_pct_nav"": 0.09846823268651943, ""fee"": 3.583534247343276e-05, ""fee_pct_nav"": 2.9540469805955825e-05, ""name"": ""创科实业""}, {""ts_code"": ""00772.HK"", ""side"": ""buy"", ""current_weight"": 0.0, ""target_weight"": 0.10209839794685194, ""post_trade_weight"": 0.10213345438039023, ""diff_weight"": 0.10209839794685194, ""gross_amount"": 0.12385487029988283, ""gross_amount_pct_nav"": 0.10209839794685194, ""fee"": 3.715646108996485e-05, ""fee_pct_nav"": 3.062951938405558e-05, ""name"": ""阅文集团""}, {""ts_code"": ""00868.HK"", ""side"": ""buy"", ""current_weight"": 0.11005866579088801, ""target_weight"": 0.1293246373993458, ""post_trade_weight"": 0.129369042215161, ""diff_weight"": 0.01926597160845781, ""gross_amount"": 0.023371418775923525, ""gross_amount_pct_nav"": 0.01926597160845781, ""fee"": 7.011425632777057e-06, ""fee_pct_nav"": 5.779791482537343e-06, ""name"": ""信义玻璃""}, {""ts_code"": ""00968.HK"", ""side"": ""sell"", ""current_weight"": 0.1169962793702523, ""target_weight"": 0.08394757164518936, ""post_trade_weight"": 0.0839763958238764, ""diff_weight"": -0.03304870772506294, ""gross_amount"": 0.04009116196903671, ""gross_amount_pct_nav"": 0.03304870772506294, ""fee"": 1.2027348590711013e-05, ""fee_pct_nav"": 9.914612317518882e-06, ""name"": ""信义光能""}, {""ts_code"": ""01579.HK"", ""side"": ""sell"", ""current_weight"": 0.07750562235257333, ""target_weight"": 0.0, ""post_trade_weight"": 0.0, ""diff_weight"": -0.07750562235257333, ""gross_amount"": 0.09402154193434781, ""gross_amount_pct_nav"": 0.07750562235257333, ""fee"": 2.820646258030434e-05, ""fee_pct_nav"": 2.3251686705771997e-05, ""name"": ""颐海国际""}, {""ts_code"": ""01919.HK"", ""side"": ""sell"", ""current_weight"": 0.09635881748194852, ""target_weight"": 0.0, ""post_trade_weight"": 0.0, ""diff_weight"": -0.09635881748194852, ""gross_amount"": 0.11689222437838262, ""gross_amount_pct_nav"": 0.09635881748194852, ""fee"": 3.5067667313514784e-05, ""fee_pct_nav"": 2.8907645244584552e-05, ""name"": ""中远海控""}, {""ts_code"": ""01929.HK"", ""side"": ""sell"", ""current_weight"": 0.06835440546045367, ""target_weight"": 0.0, ""post_trade_weight"": 0.0, ""diff_weight"": -0.06835440546045367, ""gross_amount"": 0.0829202631282926, ""gross_amount_pct_nav"": 0.06835440546045367, ""fee"": 2.487607893848778e-05, ""fee_pct_nav"": 2.0506321638136097e-05, ""name"": ""周大福""}, {""ts_code"": ""01999.HK"", ""side"": ""sell"", ""current_weight"": 0.11420977079528385, ""target_weight"": 0.0, ""post_trade_weight"": 0.0, ""diff_weight"": -0.11420977079528385, ""gross_amount"": 0.1385470941100637, ""gross_amount_pct_nav"": 0.11420977079528385, ""fee"": 4.15641282330191e-05, ""fee_pct_nav"": 3.426293123858516e-05, ""name"": ""敏华控股""}, {""ts_code"": ""02333.HK"", ""side"": ""sell"", ""current_weight"": 0.11175790012441486, ""target_weight"": 0.0, ""post_trade_weight"": 0.0, ""diff_weight"": -0.11175790012441486, ""gross_amount"": 0.13557274651951043, ""gross_amount_pct_nav"": 0.11175790012441486, ""fee"": 4.067182395585312e-05, ""fee_pct_nav"": 3.352737003732445e-05, ""name"": ""长城汽车""}, {""ts_code"": ""03690.HK"", ""side"": ""buy"", ""current_weight"": 0.0, ""target_weight"": 0.1138964350429326, ""post_trade_weight"": 0.11393554244212423, ""diff_weight"": 0.1138964350429326, ""gross_amount"": 0.13816698864564708, ""gross_amount_pct_nav"": 0.1138964350429326, ""fee"": 4.145009659369412e-05, ""fee_pct_nav"": 3.4168930512879784e-05, ""name"": ""美团-W""}, {""ts_code"": ""03900.HK"", ""side"": ""buy"", ""current_weight"": 0.0, ""target_weight"": 0.1229718481937639, ""post_trade_weight"": 0.12301407172038115, ""diff_weight"": 0.1229718481937639, ""gross_amount"": 0.14917631045008112, ""gross_amount_pct_nav"": 0.1229718481937639, ""fee"": 4.4752893135024333e-05, ""fee_pct_nav"": 3.6891554458129166e-05, ""name"": ""绿城中国""}, {""ts_code"": ""06865.HK"", ""side"": ""sell"", ""current_weight"": 0.16169839485058246, ""target_weight"": 0.09302298479602066, ""post_trade_weight"": 0.09305492510213334, ""diff_weight"": -0.0686754100545618, ""gross_amount"": 0.08330967161234762, ""gross_amount_pct_nav"": 0.0686754100545618, ""fee"": 2.4992901483704282e-05, ""fee_pct_nav"": 2.0602623016368537e-05, ""name"": ""福莱特玻璃""}]"
2020-10-27,0.48991512,0.97983023,0.55367410,0.55629912,0.00033299,0.00016610,0.00016689,0.00000000,rebalance,"[{""ts_code"": ""00268.HK"", ""side"": ""sell"", ""current_weight"": 0.11242648929153097, ""target_weight"": 0.0, ""post_trade_weight"": 0.0, ""diff_weight"": -0.11242648929153097, ""gross_amount"": 0.12735919731357453, ""gross_amount_pct_nav"": 0.11242648929153097, ""fee"": 3.8207759194072356e-05, ""fee_pct_nav"": 3.372794678745929e-05, ""name"": ""金蝶国际""}, {""ts_code"": ""00285.HK"", ""side"": ""buy"", ""current_weight"": 0.13250103340679856, ""target_weight"": 0.15674833551180264, ""post_trade_weight"": 0.1567944250871073, ""diff_weight"": 0.024247302105004087, ""gross_amount"": 0.02746787658827743, ""gross_amount_pct_nav"": 0.024247302105004087, ""fee"": 8.240362976483228e-06, ""fee_pct_nav"": 7.274190631501226e-06, ""name"": ""比亚迪电子""}, {""ts_code"": ""00425.HK"", ""side"": ""buy"", ""current_weight"": 0.0, ""target_weight"": 0.08429577154190274, ""post_trade_weight"": 0.08432055749128882, ""diff_weight"": 0.08429577154190274, ""gross_amount"": 0.0954921021563369, ""gross_amount_pct_nav"": 0.08429577154190274, ""fee"": 2.8647630646901066e-05, ""fee_pct_nav"": 2.528873146257082e-05, ""name"": ""敏实集团""}, {""ts_code"": ""00669.HK"", ""side"": ""sell"", ""current_weight"": 0.10230020299991574, ""target_weight"": 0.0, ""post_trade_weight"": 0.0, ""diff_weight"": -0.10230020299991574, ""gross_amount"": 0.11588791770683224, ""gross_amount_pct_nav"": 0.10230020299991574, ""fee"": 3.4766375312049667e-05, ""fee_pct_nav"": 3.069006089997472e-05, ""name"": ""创科实业""}, {""ts_code"": ""00772.HK"", ""side"": ""sell"", ""current_weight"": 0.10468577458246554, ""target_weight"": 0.0, ""post_trade_weight"": 0.0, ""diff_weight"": -0.10468577458246554, ""gross_amount"": 0.11859034561152093, ""gross_amount_pct_nav"": 0.10468577458246554, ""fee"": 3.557710368345628e-05, ""fee_pct_nav"": 3.1405732374739665e-05, ""name"": ""阅文集团""}, {""ts_code"": ""00868.HK"", ""side"": ""sell"", ""current_weight"": 0.14364062027602295, ""target_weight"": 0.0898690456934335, ""post_trade_weight"": 0.08989547038327486, ""diff_weight"": -0.05377157458258946, ""gross_amount"": 0.060913621160644735, ""gross_amount_pct_nav"": 0.05377157458258946, ""fee"": 1.827408634819342e-05, ""fee_pct_nav"": 1.6131472374776836e-05, ""name"": ""信义玻璃""}, {""ts_code"": ""00968.HK"", ""side"": ""buy"", ""current_weight"": 0.08615038636605689, ""target_weight"": 0.14560178720874112, ""post_trade_weight"": 0.14564459930313525, ""diff_weight"": 0.059451400842684236, ""gross_amount"": 0.0673478531456928, ""gross_amount_pct_nav"": 0.059451400842684236, ""fee"": 2.020435594370784e-05, ""fee_pct_nav"": 1.7835420252805267e-05, ""name"": ""信义光能""}, {""ts_code"": ""01919.HK"", ""side"": ""buy"", ""current_weight"": 0.0, ""target_weight"": 0.20969443995134487, ""post_trade_weight"": 0.20975609756097469, ""diff_weight"": 0.20969443995134487, ""gross_amount"": 0.23754646900047446, ""gross_amount_pct_nav"": 0.20969443995134487, ""fee"": 7.126394070014233e-05, ""fee_pct_nav"": 6.290833198540346e-05, ""name"": ""中远海控""}, {""ts_code"": ""03690.HK"", ""side"": ""sell"", ""current_weight"": 0.11788969262118759, ""target_weight"": 0.0, ""post_trade_weight"": 0.0, ""diff_weight"": -0.11788969262118759, ""gross_amount"": 0.1335480340833653, ""gross_amount_pct_nav"": 0.11788969262118759, ""fee"": 4.006441022500958e-05, ""fee_pct_nav"": 3.536690778635627e-05, ""name"": ""美团-W""}, {""ts_code"": ""03900.HK"", ""side"": ""buy"", ""current_weight"": 0.11533535080985001, ""target_weight"": 0.1344552389056796, ""post_trade_weight"": 0.13449477351916317, ""diff_weight"": 0.019119888095829596, ""gross_amount"": 0.02165942933871956, ""gross_amount_pct_nav"": 0.019119888095829596, ""fee"": 6.497828801615867e-06, ""fee_pct_nav"": 5.735966428748878e-06, ""name"": ""绿城中国""}, {""ts_code"": ""06865.HK"", ""side"": ""buy"", ""current_weight"": 0.08709373818074745, ""target_weight"": 0.1790414321179257, ""post_trade_weight"": 0.17909407665505148, ""diff_weight"": 0.09194769393717825, ""gross_amount"": 0.10416036797437721, ""gross_amount_pct_nav"": 0.09194769393717825, ""fee"": 3.124811039231316e-05, ""fee_pct_nav"": 2.758430818115347e-05, ""name"": ""福莱特玻璃""}]"
2020-11-09,0.87689108,1.75378216,1.10926812,1.10993388,0.00066576,0.00033278,0.00033298,0.00000000,rebalance,"[{""ts_code"": ""00285.HK"", ""side"": ""sell"", ""current_weight"": 0.142922829772904, ""target_weight"": 0.0, ""post_trade_weight"": 0.0, ""diff_weight"": -0.142922829772904, ""gross_amount"": 0.1808517826459393, ""gross_amount_pct_nav"": 0.142922829772904, ""fee"": 5.4255534793781784e-05, ""fee_pct_nav"": 4.287684893187119e-05, ""name"": ""比亚迪电子""}, {""ts_code"": ""00425.HK"", ""side"": ""sell"", ""current_weight"": 0.08199290222209772, ""target_weight"": 0.0, ""post_trade_weight"": 0.0, ""diff_weight"": -0.08199290222209772, ""gross_amount"": 0.103752231569598, ""gross_amount_pct_nav"": 0.08199290222209772, ""fee"": 3.112566947087939e-05, ""fee_pct_nav"": 2.459787066662931e-05, ""name"": ""敏实集团""}, {""ts_code"": ""00868.HK"", ""side"": ""sell"", ""current_weight"": 0.08207056608519059, ""target_weight"": 0.0, ""post_trade_weight"": 0.0, ""diff_weight"": -0.08207056608519059, ""gross_amount"": 0.1038505059188383, ""gross_amount_pct_nav"": 0.08207056608519059, ""fee"": 3.115515177565149e-05, ""fee_pct_nav"": 2.4621169825557175e-05, ""name"": ""信义玻璃""}, {""ts_code"": ""00968.HK"", ""side"": ""sell"", ""current_weight"": 0.14735086652024934, ""target_weight"": 0.0, ""post_trade_weight"": 0.0, ""diff_weight"": -0.14735086652024934, ""gross_amount"": 0.18645493464517962, ""gross_amount_pct_nav"": 0.14735086652024934, ""fee"": 5.593648039355388e-05, ""fee_pct_nav"": 4.4205259956074795e-05, ""name"": ""信义光能""}, {""ts_code"": ""01772.HK"", ""side"": ""buy"", ""current_weight"": 0.0, ""target_weight"": 0.1110526517058425, ""post_trade_weight"": 0.11111111111111047, ""diff_weight"": 0.1110526517058425, ""gross_amount"": 0.14052387613982062, ""gross_amount_pct_nav"": 0.1110526517058425, ""fee"": 4.215716284194618e-05, ""fee_pct_nav"": 3.3315795511752746e-05, ""name"": ""赣锋锂业""}, {""ts_code"": ""01810.HK"", ""side"": ""buy"", ""current_weight"": 0.0, ""target_weight"": 0.1086940113156299, ""post_trade_weight"": 0.10875122910521076, ""diff_weight"": 0.1086940113156299, ""gross_amount"": 0.13753929823950584, ""gross_amount_pct_nav"": 0.1086940113156299, ""fee"": 4.1261789471851747e-05, ""fee_pct_nav"": 3.2608203394688966e-05, ""name"": ""小米集团-W""}, {""ts_code"": ""01919.HK"", ""side"": ""sell"", ""current_weight"": 0.25449626337595416, ""target_weight"": 0.12284585365690541, ""post_trade_weight"": 0.12291052114060891, ""diff_weight"": -0.13165040971904876, ""gross_amount"": 0.16658788047780543, ""gross_amount_pct_nav"": 0.13165040971904876, ""fee"": 4.9976364143341623e-05, ""fee_pct_nav"": 3.949512291571463e-05, ""name"": ""中远海控""}, {""ts_code"": ""01999.HK"", ""side"": ""buy"", ""current_weight"": 0.0, ""target_weight"": 0.11498371902286346, ""post_trade_weight"": 0.11504424778760994, ""diff_weight"": 0.11498371902286346, ""gross_amount"": 0.14549817264034523, ""gross_amount_pct_nav"": 0.11498371902286346, ""fee"": 4.364945179210357e-05, ""fee_pct_nav"": 3.449511570685904e-05, ""name"": ""敏华控股""}, {""ts_code"": ""02331.HK"", ""side"": ""buy"", ""current_weight"": 0.0, ""target_weight"": 0.11498371902286346, ""post_trade_weight"": 0.11504424778760994, ""diff_weight"": 0.11498371902286346, ""gross_amount"": 0.14549817264034523, ""gross_amount_pct_nav"": 0.11498371902286346, ""fee"": 4.364945179210357e-05, ""fee_pct_nav"": 3.449511570685904e-05, ""name"": ""李宁""}, {""ts_code"": ""02899.HK"", ""side"": ""buy"", ""current_weight"": 0.0, ""target_weight"": 0.10083187668158795, ""post_trade_weight"": 0.10088495575221179, ""diff_weight"": 0.10083187668158795, ""gross_amount"": 0.1275907052384566, ""gross_amount_pct_nav"": 0.10083187668158795, ""fee"": 3.8277211571536975e-05, ""fee_pct_nav"": 3.0249563004476388e-05, ""name"": ""紫金矿业""}, {""ts_code"": ""03360.HK"", ""side"": ""buy"", ""current_weight"": 0.0, ""target_weight"": 0.08825246126712086, ""post_trade_weight"": 0.08829891838741345, ""diff_weight"": 0.08825246126712086, ""gross_amount"": 0.11167295643677781, ""gross_amount_pct_nav"": 0.08825246126712086, ""fee"": 3.350188693103334e-05, ""fee_pct_nav"": 2.6475738380136256e-05, ""name"": ""远东宏信""}, {""ts_code"": ""03606.HK"", ""side"": ""buy"", ""current_weight"": 0.0, ""target_weight"": 0.11891478633988442, ""post_trade_weight"": 0.11897738446410941, ""diff_weight"": 0.11891478633988442, ""gross_amount"": 0.15047246914086984, ""gross_amount_pct_nav"": 0.11891478633988442, ""fee"": 4.5141740742260946e-05, ""fee_pct_nav"": 3.5674435901965325e-05, ""name"": ""福耀玻璃""}, {""ts_code"": ""03900.HK"", ""side"": ""sell"", ""current_weight"": 0.12763369059982577, ""target_weight"": 0.0, ""post_trade_weight"": 0.0, ""diff_weight"": -0.12763369059982577, ""gross_amount"": 0.1615052018444915, ""gross_amount_pct_nav"": 0.12763369059982577, ""fee"": 4.845156055334744e-05, ""fee_pct_nav"": 3.8290107179947725e-05, ""name"": ""绿城中国""}, {""ts_code"": ""03998.HK"", ""side"": ""buy"", ""current_weight"": 0.0, ""target_weight"": 0.11891478633988445, ""post_trade_weight"": 0.11897738446410944, ""diff_weight"": 0.11891478633988445, ""gross_amount"": 0.15047246914086987, ""gross_amount_pct_nav"": 0.11891478633988445, ""fee"": 4.514174074226096e-05, ""fee_pct_nav"": 3.567443590196533e-05, ""name"": ""波司登""}, {""ts_code"": ""06865.HK"", ""side"": ""sell"", ""current_weight"": 0.16353288142377428, ""target_weight"": 0.0, ""post_trade_weight"": 0.0, ""diff_weight"": -0.16353288142377428, ""gross_amount"": 0.20693134311509134, ""gross_amount_pct_nav"": 0.16353288142377428, ""fee"": 6.207940293452739e-05, ""fee_pct_nav"": 4.905986442713227e-05, ""name"": ""福莱特玻璃""}]"
2020-11-23,0.50616934,1.01233868,0.67585009,0.70139751,0.00041317,0.00020276,0.00021042,0.00000000,rebalance,"[{""ts_code"": ""00425.HK"", ""side"": ""buy"", ""current_weight"": 0.0, ""target_weight"": 0.1180589048681744, ""post_trade_weight"": 0.11809477043947947, ""diff_weight"": 0.1180589048681744, ""gross_amount"": 0.16061457137799265, ""gross_amount_pct_nav"": 0.1180589048681744, ""fee"": 4.818437141339779e-05, ""fee_pct_nav"": 3.541767146045232e-05, ""name"": ""敏实集团""}, {""ts_code"": ""01308.HK"", ""side"": ""buy"", ""current_weight"": 0.0, ""target_weight"": 0.12984025088412526, ""post_trade_weight"": 0.1298796955561011, ""diff_weight"": 0.12984025088412526, ""gross_amount"": 0.17664263671301061, ""gross_amount_pct_nav"": 0.12984025088412526, ""fee"": 5.299279101390318e-05, ""fee_pct_nav"": 3.8952075265237574e-05, ""name"": ""海丰国际""}, {""ts_code"": ""01585.HK"", ""side"": ""buy"", ""current_weight"": 0.0, ""target_weight"": 0.12002246253749956, ""post_trade_weight"": 0.12005892462558308, ""diff_weight"": 0.12002246253749956, ""gross_amount"": 0.16328591560049566, ""gross_amount_pct_nav"": 0.12002246253749956, ""fee"": 4.898577468014869e-05, ""fee_pct_nav"": 3.600673876124986e-05, ""name"": ""雅迪控股""}, {""ts_code"": ""01772.HK"", ""side"": ""sell"", ""current_weight"": 0.11839180430905823, ""target_weight"": 0.0, ""post_trade_weight"": 0.0, ""diff_weight"": -0.11839180430905823, ""gross_amount"": 0.16106746818462686, ""gross_amount_pct_nav"": 0.11839180430905823, ""fee"": 4.8320240455388055e-05, ""fee_pct_nav"": 3.551754129271746e-05, ""name"": ""赣锋锂业""}, {""ts_code"": ""01919.HK"", ""side"": ""sell"", ""current_weight"": 0.14249958273231655, ""target_weight"": 0.12787669321480014, ""post_trade_weight"": 0.12791554136999753, ""diff_weight"": -0.014622889517516422, ""gross_amount"": 0.01989387530560413, ""gross_amount_pct_nav"": 0.014622889517516422, ""fee"": 5.968162591681238e-06, ""fee_pct_nav"": 4.3868668552549265e-06, ""name"": ""中远海控""}, {""ts_code"": ""01999.HK"", ""side"": ""sell"", ""current_weight"": 0.1153743983756796, ""target_weight"": 0.06798818430038318, ""post_trade_weight"": 0.06800883869383745, ""diff_weight"": -0.047386214075296425, ""gross_amount"": 0.06446711047699412, ""gross_amount_pct_nav"": 0.047386214075296425, ""fee"": 1.9340133143098232e-05, ""fee_pct_nav"": 1.4215864222588926e-05, ""name"": ""敏华控股""}, {""ts_code"": ""02331.HK"", ""side"": ""sell"", ""current_weight"": 0.10648086880116314, ""target_weight"": 0.0, ""post_trade_weight"": 0.0, ""diff_weight"": -0.10648086880116314, ""gross_amount"": 0.14486310136072966, ""gross_amount_pct_nav"": 0.10648086880116314, ""fee"": 4.3458930408218896e-05, ""fee_pct_nav"": 3.194426064034894e-05, ""name"": ""李宁""}, {""ts_code"": ""02333.HK"", ""side"": ""buy"", ""current_weight"": 0.0, ""target_weight"": 0.12885847204946269, ""post_trade_weight"": 0.12889761846304928, ""diff_weight"": 0.12885847204946269, ""gross_amount"": 0.1753069646017591, ""gross_amount_pct_nav"": 0.12885847204946269, ""fee"": 5.2592089380527726e-05, ""fee_pct_nav"": 3.86575416148388e-05, ""name"": ""长城汽车""}, {""ts_code"": ""03360.HK"", ""side"": ""sell"", ""current_weight"": 0.08223120518160547, ""target_weight"": 0.0, ""post_trade_weight"": 0.0, ""diff_weight"": -0.08223120518160547, ""gross_amount"": 0.11187237243041491, ""gross_amount_pct_nav"": 0.08223120518160547, ""fee"": 3.356171172912447e-05, ""fee_pct_nav"": 2.4669361554481636e-05, ""name"": ""远东宏信""}, {""ts_code"": ""03606.HK"", ""side"": ""sell"", ""current_weight"": 0.12056344723096343, ""target_weight"": 0.06995174196970834, ""post_trade_weight"": 0.06997299287994106, ""diff_weight"": -0.0506117052612551, ""gross_amount"": 0.06885526641402163, ""gross_amount_pct_nav"": 0.0506117052612551, ""fee"": 2.065657992420649e-05, ""fee_pct_nav"": 1.518351157837653e-05, ""name"": ""福耀玻璃""}, {""ts_code"": ""03998.HK"", ""side"": ""sell"", ""current_weight"": 0.09583390529768611, ""target_weight"": 0.0, ""post_trade_weight"": 0.0, ""diff_weight"": -0.09583390529768611, ""gross_amount"": 0.1303783195351015, ""gross_amount_pct_nav"": 0.09583390529768611, ""fee"": 3.911349586053045e-05, ""fee_pct_nav"": 2.8750171589305828e-05, ""name"": ""波司登""}]"
2020-12-07,0.60763529,1.21527059,0.77888338,0.75420905,0.00045993,0.00023367,0.00022626,0.00000000,rebalance,"[{""ts_code"": ""00425.HK"", ""side"": ""sell"", ""current_weight"": 0.11957209334481039, ""target_weight"": 0.0, ""post_trade_weight"": 0.0, ""diff_weight"": -0.11957209334481039, ""gross_amount"": 0.15084300797818054, ""gross_amount_pct_nav"": 0.11957209334481039, ""fee"": 4.525290239345416e-05, ""fee_pct_nav"": 3.5871628003443115e-05, ""name"": ""敏实集团""}, {""ts_code"": ""01055.HK"", ""side"": ""buy"", ""current_weight"": 0.0, ""target_weight"": 0.10746974347778773, ""post_trade_weight"": 0.10750893921334918, ""diff_weight"": 0.10746974347778773, ""gross_amount"": 0.13557560898499177, ""gross_amount_pct_nav"": 0.10746974347778773, ""fee"": 4.0672682695497525e-05, ""fee_pct_nav"": 3.2240923043336314e-05, ""name"": ""中国南方航空股份""}, {""ts_code"": ""01157.HK"", ""side"": ""buy"", ""current_weight"": 0.0, ""target_weight"": 0.10556340656465624, ""post_trade_weight"": 0.10560190703218113, ""diff_weight"": 0.10556340656465624, ""gross_amount"": 0.13317072013381676, ""gross_amount_pct_nav"": 0.10556340656465624, ""fee"": 3.995121604014502e-05, ""fee_pct_nav"": 3.166902196939687e-05, ""name"": ""中联重科""}, {""ts_code"": ""01308.HK"", ""side"": ""sell"", ""current_weight"": 0.12901019534220945, ""target_weight"": 0.09507855354243305, ""post_trade_weight"": 0.09511323003575683, ""diff_weight"": -0.03393164179977638, ""gross_amount"": 0.042805564170869115, ""gross_amount_pct_nav"": 0.03393164179977638, ""fee"": 1.2841669251260733e-05, ""fee_pct_nav"": 1.0179492539932913e-05, ""name"": ""海丰国际""}, {""ts_code"": ""01347.HK"", ""side"": ""buy"", ""current_weight"": 0.0, ""target_weight"": 0.14178380791415457, ""post_trade_weight"": 0.14183551847437423, ""diff_weight"": 0.14178380791415457, ""gross_amount"": 0.17886360830614217, ""gross_amount_pct_nav"": 0.14178380791415457, ""fee"": 5.365908249184265e-05, ""fee_pct_nav"": 4.253514237424637e-05, ""name"": ""华虹半导体""}, {""ts_code"": ""01378.HK"", ""side"": ""buy"", ""current_weight"": 0.0, ""target_weight"": 0.10270390119495902, ""post_trade_weight"": 0.10274135876042906, ""diff_weight"": 0.10270390119495902, ""gross_amount"": 0.12956338685705424, ""gross_amount_pct_nav"": 0.10270390119495902, ""fee"": 3.8869016057116266e-05, ""fee_pct_nav"": 3.08111703584877e-05, ""name"": ""中国宏桥""}, {""ts_code"": ""01585.HK"", ""side"": ""sell"", ""current_weight"": 0.13558880417063596, ""target_weight"": 0.1046102381080905, ""post_trade_weight"": 0.10464839094159711, ""diff_weight"": -0.03097856606254546, ""gross_amount"": 0.03908018967477539, ""gross_amount_pct_nav"": 0.03097856606254546, ""fee"": 1.1724056902432615e-05, ""fee_pct_nav"": 9.293569818763638e-06, ""name"": ""雅迪控股""}, {""ts_code"": ""01772.HK"", ""side"": ""buy"", ""current_weight"": 0.0, ""target_weight"": 0.1598940085889037, ""post_trade_weight"": 0.15995232419547076, ""diff_weight"": 0.1598940085889037, ""gross_amount"": 0.20171005239230486, ""gross_amount_pct_nav"": 0.1598940085889037, ""fee"": 6.051301571769145e-05, ""fee_pct_nav"": 4.796820257667111e-05, ""name"": ""赣锋锂业""}, {""ts_code"": ""01810.HK"", ""side"": ""sell"", ""current_weight"": 0.10731947449118791, ""target_weight"": 0.0, ""post_trade_weight"": 0.0, ""diff_weight"": -0.10731947449118791, ""gross_amount"": 0.1353860411242102, ""gross_amount_pct_nav"": 0.10731947449118791, ""fee"": 4.061581233726306e-05, ""fee_pct_nav"": 3.219584234735637e-05, ""name"": ""小米集团-W""}, {""ts_code"": ""01919.HK"", ""side"": ""sell"", ""current_weight"": 0.1227697145543803, ""target_weight"": 0.11032924884748498, ""post_trade_weight"": 0.11036948748510128, ""diff_weight"": -0.012440465706895321, ""gross_amount"": 0.015693940077356167, ""gross_amount_pct_nav"": 0.012440465706895321, ""fee"": 4.7081820232068495e-06, ""fee_pct_nav"": 3.732139712068596e-06, ""name"": ""中远海控""}, {""ts_code"": ""01999.HK"", ""side"": ""sell"", ""current_weight"": 0.06786615441400337, ""target_weight"": 0.0, ""post_trade_weight"": 0.0, ""diff_weight"": -0.06786615441400337, ""gross_amount"": 0.08561474994168654, ""gross_amount_pct_nav"": 0.06786615441400337, ""fee"": 2.568442498250596e-05, ""fee_pct_nav"": 2.035984632420101e-05, ""name"": ""敏华控股""}, {""ts_code"": ""02333.HK"", ""side"": ""sell"", ""current_weight"": 0.12039799514866237, ""target_weight"": 0.07220251058485518, ""post_trade_weight"": 0.07222884386174014, ""diff_weight"": -0.0481954845638072, ""gross_amount"": 0.0607997372899232, ""gross_amount_pct_nav"": 0.0481954845638072, ""fee"": 1.823992118697696e-05, ""fee_pct_nav"": 1.4458645369142158e-05, ""name"": ""长城汽车""}, {""ts_code"": ""02899.HK"", ""side"": ""sell"", ""current_weight"": 0.1105925241231655, ""target_weight"": 0.0, ""post_trade_weight"": 0.0, ""diff_weight"": -0.1105925241231655, ""gross_amount"": 0.13951507021401333, ""gross_amount_pct_nav"": 0.1105925241231655, ""fee"": 4.1854521064203994e-05, ""fee_pct_nav"": 3.317775723694965e-05, ""name"": ""紫金矿业""}, {""ts_code"": ""03606.HK"", ""side"": ""sell"", ""current_weight"": 0.06695931666919565, ""target_weight"": 0.0, ""post_trade_weight"": 0.0, ""diff_weight"": -0.06695931666919565, ""gross_amount"": 0.08447075279863674, ""gross_amount_pct_nav"": 0.06695931666919565, ""fee"": 2.534122583959102e-05, ""fee_pct_nav"": 2.008779500075869e-05, ""name"": ""福耀玻璃""}]"
2020-12-21,0.57082973,1.14165946,0.80344082,0.81679644,0.00048607,0.00024103,0.00024504,0.00000000,rebalance,"[{""ts_code"": ""00868.HK"", ""side"": ""buy"", ""current_weight"": 0.0, ""target_weight"": 0.09754131295757953, ""post_trade_weight"": 0.09757473209249835, ""diff_weight"": 0.09754131295757953, ""gross_amount"": 0.1384301312022332, ""gross_amount_pct_nav"": 0.09754131295757953, ""fee"": 4.152903936066995e-05, ""fee_pct_nav"": 2.9262393887273857e-05, ""name"": ""信义玻璃""}, {""ts_code"": ""01055.HK"", ""side"": ""sell"", ""current_weight"": 0.08941602909694404, ""target_weight"": 0.0, ""post_trade_weight"": 0.0, ""diff_weight"": -0.08941602909694404, ""gross_amount"": 0.12689877000995228, ""gross_amount_pct_nav"": 0.08941602909694404, ""fee"": 3.806963100298568e-05, ""fee_pct_nav"": 2.682480872908321e-05, ""name"": ""中国南方航空股份""}, {""ts_code"": ""01157.HK"", ""side"": ""sell"", ""current_weight"": 0.08903331282544297, ""target_weight"": 0.0, ""post_trade_weight"": 0.0, ""diff_weight"": -0.08903331282544297, ""gross_amount"": 0.12635562103983167, ""gross_amount_pct_nav"": 0.08903331282544297, ""fee"": 3.79066863119495e-05, ""fee_pct_nav"": 2.670999384763289e-05, ""name"": ""中联重科""}, {""ts_code"": ""01308.HK"", ""side"": ""sell"", ""current_weight"": 0.09087123984279619, ""target_weight"": 0.0, ""post_trade_weight"": 0.0, ""diff_weight"": -0.09087123984279619, ""gross_amount"": 0.12896399763881167, ""gross_amount_pct_nav"": 0.09087123984279619, ""fee"": 3.86891992916435e-05, ""fee_pct_nav"": 2.726137195283886e-05, ""name"": ""海丰国际""}, {""ts_code"": ""01347.HK"", ""side"": ""sell"", ""current_weight"": 0.1390243887734748, ""target_weight"": 0.0, ""post_trade_weight"": 0.0, ""diff_weight"": -0.1390243887734748, ""gross_amount"": 0.1973026996939447, ""gross_amount_pct_nav"": 0.1390243887734748, ""fee"": 5.919080990818341e-05, ""fee_pct_nav"": 4.1707316632042436e-05, ""name"": ""华虹半导体""}, {""ts_code"": ""01378.HK"", ""side"": ""buy"", ""current_weight"": 0.10139649614533029, ""target_weight"": 0.1253565621246735, ""post_trade_weight"": 0.1253995111863129, ""diff_weight"": 0.0239600659793432, ""gross_amount"": 0.03400400278164298, ""gross_amount_pct_nav"": 0.0239600659793432, ""fee"": 1.0201200834492892e-05, ""fee_pct_nav"": 7.188019793802958e-06, ""name"": ""中国宏桥""}, {""ts_code"": ""01585.HK"", ""side"": ""sell"", ""current_weight"": 0.1056481368742257, ""target_weight"": 0.0, ""post_trade_weight"": 0.0, ""diff_weight"": -0.1056481368742257, ""gross_amount"": 0.14993529413665857, ""gross_amount_pct_nav"": 0.1056481368742257, ""fee"": 4.4980588240997565e-05, ""fee_pct_nav"": 3.169444106226771e-05, ""name"": ""雅迪控股""}, {""ts_code"": ""01772.HK"", ""side"": ""sell"", ""current_weight"": 0.17787737496900694, ""target_weight"": 0.11633540023264302, ""post_trade_weight"": 0.11637525850723791, ""diff_weight"": -0.061541974736363914, ""gross_amount"": 0.08734005498679706, ""gross_amount_pct_nav"": 0.061541974736363914, ""fee"": 2.6202016496039117e-05, ""fee_pct_nav"": 1.8462592420909174e-05, ""name"": ""赣锋锂业""}, {""ts_code"": ""01999.HK"", ""side"": ""buy"", ""current_weight"": 0.0, ""target_weight"": 0.09190308677506048, ""post_trade_weight"": 0.09193457416807647, ""diff_weight"": 0.09190308677506048, ""gross_amount"": 0.13042838951424282, ""gross_amount_pct_nav"": 0.09190308677506048, ""fee"": 3.912851685427284e-05, ""fee_pct_nav"": 2.7570926032518142e-05, ""name"": ""敏华控股""}, {""ts_code"": ""02208.HK"", ""side"": ""buy"", ""current_weight"": 0.0, ""target_weight"": 0.10806600183161508, ""post_trade_weight"": 0.1081030268847525, ""diff_weight"": 0.10806600183161508, ""gross_amount"": 0.15336671568648183, ""gross_amount_pct_nav"": 0.10806600183161508, ""fee"": 4.6010014705944546e-05, ""fee_pct_nav"": 3.241980054948452e-05, ""name"": ""金风科技""}, {""ts_code"": ""02333.HK"", ""side"": ""buy"", ""current_weight"": 0.09119642473027238, ""target_weight"": 0.11445599150513666, ""post_trade_weight"": 0.11449520586576394, ""diff_weight"": 0.02325956677486428, ""gross_amount"": 0.03300985790248548, ""gross_amount_pct_nav"": 0.02325956677486428, ""fee"": 9.902957370745642e-06, ""fee_pct_nav"": 6.977870032459283e-06, ""name"": ""长城汽车""}, {""ts_code"": ""03800.HK"", ""side"": ""buy"", ""current_weight"": 0.0, ""target_weight"": 0.11934245419665318, ""post_trade_weight"": 0.11938334273359624, ""diff_weight"": 0.11934245419665318, ""gross_amount"": 0.16937019906246256, ""gross_amount_pct_nav"": 0.11934245419665318, ""fee"": 5.081105971873876e-05, ""fee_pct_nav"": 3.580273625899595e-05, ""name"": ""协鑫科技""}, {""ts_code"": ""06865.HK"", ""side"": ""buy"", ""current_weight"": 0.0, ""target_weight"": 0.10205189390359476, ""post_trade_weight"": 0.10208685843203584, ""diff_weight"": 0.10205189390359476, ""gross_amount"": 0.14483152455262546, ""gross_amount_pct_nav"": 0.10205189390359476, ""fee"": 4.3449457365787635e-05, ""fee_pct_nav"": 3.061556817107843e-05, ""name"": ""福莱特玻璃""}]"
2021-01-04,0.62814325,1.25628649,1.00435478,1.01288196,0.00060517,0.00030131,0.00030386,0.00000000,rebalance,"[{""ts_code"": ""00175.HK"", ""side"": ""buy"", ""current_weight"": 0.0, ""target_weight"": 0.1148891278652949, ""post_trade_weight"": 0.11493244428847149, ""diff_weight"": 0.1148891278652949, ""gross_amount"": 0.1844790742205785, ""gross_amount_pct_nav"": 0.1148891278652949, ""fee"": 5.534372226617354e-05, ""fee_pct_nav"": 3.446673835958846e-05, ""name"": ""吉利汽车""}, {""ts_code"": ""00868.HK"", ""side"": ""sell"", ""current_weight"": 0.0953965262594733, ""target_weight"": 0.0, ""post_trade_weight"": 0.0, ""diff_weight"": -0.0953965262594733, ""gross_amount"": 0.15317953208628066, ""gross_amount_pct_nav"": 0.0953965262594733, ""fee"": 4.595385962588419e-05, ""fee_pct_nav"": 2.861895787784199e-05, ""name"": ""信义玻璃""}, {""ts_code"": ""01378.HK"", ""side"": ""sell"", ""current_weight"": 0.10637944510180367, ""target_weight"": 0.0, ""post_trade_weight"": 0.0, ""diff_weight"": -0.10637944510180367, ""gross_amount"": 0.1708149579783497, ""gross_amount_pct_nav"": 0.10637944510180367, ""fee"": 5.12444873935049e-05, ""fee_pct_nav"": 3.1913833530541095e-05, ""name"": ""中国宏桥""}, {""ts_code"": ""01585.HK"", ""side"": ""buy"", ""current_weight"": 0.0, ""target_weight"": 0.10015525497875327, ""post_trade_weight"": 0.10019301631865225, ""diff_weight"": 0.10015525497875327, ""gross_amount"": 0.16082068912969516, ""gross_amount_pct_nav"": 0.10015525497875327, ""fee"": 4.824620673890854e-05, ""fee_pct_nav"": 3.004657649362598e-05, ""name"": ""雅迪控股""}, {""ts_code"": ""01772.HK"", ""side"": ""sell"", ""current_weight"": 0.12277563111714054, ""target_weight"": 0.0, ""post_trade_weight"": 0.0, ""diff_weight"": -0.12277563111714054, ""gross_amount"": 0.197142542433549, ""gross_amount_pct_nav"": 0.12277563111714054, ""fee"": 5.91427627300647e-05, ""fee_pct_nav"": 3.683268933514216e-05, ""name"": ""赣锋锂业""}, {""ts_code"": ""01999.HK"", ""side"": ""sell"", ""current_weight"": 0.08583959473868791, ""target_weight"": 0.0, ""post_trade_weight"": 0.0, ""diff_weight"": -0.08583959473868791, ""gross_amount"": 0.13783383391533538, ""gross_amount_pct_nav"": 0.08583959473868791, ""fee"": 4.135015017460061e-05, ""fee_pct_nav"": 2.575187842160637e-05, ""name"": ""敏华控股""}, {""ts_code"": ""02269.HK"", ""side"": ""buy"", ""current_weight"": 0.0, ""target_weight"": 0.10085686797335049, ""post_trade_weight"": 0.1008948938410246, ""diff_weight"": 0.10085686797335049, ""gross_amount"": 0.1619472788959277, ""gross_amount_pct_nav"": 0.10085686797335049, ""fee"": 4.85841836687783e-05, ""fee_pct_nav"": 3.025706039200514e-05, ""name"": ""药明生物""}, {""ts_code"": ""02333.HK"", ""side"": ""sell"", ""current_weight"": 0.13661753397277707, ""target_weight"": 0.12260687080586433, ""post_trade_weight"": 0.1226530970345673, ""diff_weight"": -0.014010663166912747, ""gross_amount"": 0.02249711716219918, ""gross_amount_pct_nav"": 0.014010663166912747, ""fee"": 6.749135148659754e-06, ""fee_pct_nav"": 4.203198950073824e-06, ""name"": ""长城汽车""}, {""ts_code"": ""02899.HK"", ""side"": ""buy"", ""current_weight"": 0.0, ""target_weight"": 0.10366331995173937, ""post_trade_weight"": 0.10370240393051398, ""diff_weight"": 0.10366331995173937, ""gross_amount"": 0.16645363796085785, ""gross_amount_pct_nav"": 0.10366331995173937, ""fee"": 4.993609138825735e-05, ""fee_pct_nav"": 3.1098995985521805e-05, ""name"": ""紫金矿业""}, {""ts_code"": ""03606.HK"", ""side"": ""buy"", ""current_weight"": 0.0, ""target_weight"": 0.10296170695714216, ""post_trade_weight"": 0.10300052640814164, ""diff_weight"": 0.10296170695714216, ""gross_amount"": 0.16532704819462532, ""gross_amount_pct_nav"": 0.10296170695714216, ""fee"": 4.9598114458387594e-05, ""fee_pct_nav"": 3.088851208714264e-05, ""name"": ""福耀玻璃""}, {""ts_code"": ""03800.HK"", ""side"": ""sell"", ""current_weight"": 0.09210901984641039, ""target_weight"": 0.0, ""post_trade_weight"": 0.0, ""diff_weight"": -0.09210901984641039, ""gross_amount"": 0.14790073720947436, ""gross_amount_pct_nav"": 0.09210901984641039, ""fee"": 4.43702211628423e-05, ""fee_pct_nav"": 2.7632705953923112e-05, ""name"": ""协鑫科技""}, {""ts_code"": ""03998.HK"", ""side"": ""buy"", ""current_weight"": 0.0, ""target_weight"": 0.10296170695714216, ""post_trade_weight"": 0.10300052640814164, ""diff_weight"": 0.10296170695714216, ""gross_amount"": 0.16532704819462532, ""gross_amount_pct_nav"": 0.10296170695714216, ""fee"": 4.9598114458387594e-05, ""fee_pct_nav"": 3.088851208714264e-05, ""name"": ""波司登""}, {""ts_code"": ""06865.HK"", ""side"": ""sell"", ""current_weight"": 0.11428762711404725, ""target_weight"": 0.0, ""post_trade_weight"": 0.0, ""diff_weight"": -0.11428762711404725, ""gross_amount"": 0.18351323607910308, ""gross_amount_pct_nav"": 0.11428762711404725, ""fee"": 5.505397082373092e-05, ""fee_pct_nav"": 3.428628813421417e-05, ""name"": ""福莱特玻璃""}]"
2021-01-18,0.78540925,1.57081850,1.34074739,1.32279612,0.00079906,0.00040222,0.00039684,0.00000000,rebalance,"[{""ts_code"": ""00175.HK"", ""side"": ""sell"", ""current_weight"": 0.129401419860992, ""target_weight"": 0.0, ""post_trade_weight"": 0.0, ""diff_weight"": -0.129401419860992, ""gross_amount"": 0.2194182928229608, ""gross_amount_pct_nav"": 0.129401419860992, ""fee"": 6.582548784688824e-05, ""fee_pct_nav"": 3.88204259582976e-05, ""name"": ""吉利汽车""}, {""ts_code"": ""00916.HK"", ""side"": ""buy"", ""current_weight"": 0.0, ""target_weight"": 0.10543840682105628, ""post_trade_weight"": 0.10548811762694431, ""diff_weight"": 0.10543840682105628, ""gross_amount"": 0.1787856365679884, ""gross_amount_pct_nav"": 0.10543840682105628, ""fee"": 5.363569097039652e-05, ""fee_pct_nav"": 3.163152204631688e-05, ""name"": ""龙源电力""}, {""ts_code"": ""00992.HK"", ""side"": ""buy"", ""current_weight"": 0.0, ""target_weight"": 0.14781883614297195, ""post_trade_weight"": 0.1478885279534957, ""diff_weight"": 0.14781883614297195, ""gross_amount"": 0.250647610423517, ""gross_amount_pct_nav"": 0.14781883614297195, ""fee"": 7.51942831270551e-05, ""fee_pct_nav"": 4.434565084289158e-05, ""name"": ""联想集团""}, {""ts_code"": ""01308.HK"", ""side"": ""buy"", ""current_weight"": 0.0, ""target_weight"": 0.09586863245804307, ""post_trade_weight"": 0.09591383142417466, ""diff_weight"": 0.09586863245804307, ""gross_amount"": 0.1625587392457723, ""gross_amount_pct_nav"": 0.09586863245804307, ""fee"": 4.8767621773731686e-05, ""fee_pct_nav"": 2.876058973741292e-05, ""name"": ""海丰国际""}, {""ts_code"": ""01585.HK"", ""side"": ""sell"", ""current_weight"": 0.10798382146987542, ""target_weight"": 0.0, ""post_trade_weight"": 0.0, ""diff_weight"": -0.10798382146987542, ""gross_amount"": 0.1831017448253045, ""gross_amount_pct_nav"": 0.10798382146987542, ""fee"": 5.493052344759135e-05, ""fee_pct_nav"": 3.2395146440962625e-05, ""name"": ""雅迪控股""}, {""ts_code"": ""01919.HK"", ""side"": ""sell"", ""current_weight"": 0.12649748333318653, ""target_weight"": 0.09996996432790588, ""post_trade_weight"": 0.10001709693964737, ""diff_weight"": -0.02652751900528064, ""gross_amount"": 0.04498113652245905, ""gross_amount_pct_nav"": 0.02652751900528064, ""fee"": 1.3494340956737715e-05, ""fee_pct_nav"": 7.958255701584192e-06, ""name"": ""中远海控""}, {""ts_code"": ""02013.HK"", ""side"": ""buy"", ""current_weight"": 0.0, ""target_weight"": 0.13072995335187693, ""post_trade_weight"": 0.1307915883056927, ""diff_weight"": 0.13072995335187693, ""gross_amount"": 0.22167100806241677, ""gross_amount_pct_nav"": 0.13072995335187693, ""fee"": 6.650130241872502e-05, ""fee_pct_nav"": 3.921898600556307e-05, ""name"": ""微盟集团""}, {""ts_code"": ""02269.HK"", ""side"": ""sell"", ""current_weight"": 0.09680367666529811, ""target_weight"": 0.0, ""post_trade_weight"": 0.0, ""diff_weight"": -0.09680367666529811, ""gross_amount"": 0.16414423810575618, ""gross_amount_pct_nav"": 0.09680367666529811, ""fee"": 4.924327143172685e-05, ""fee_pct_nav"": 2.904110299958943e-05, ""name"": ""药明生物""}, {""ts_code"": ""02333.HK"", ""side"": ""sell"", ""current_weight"": 0.1201984253766458, ""target_weight"": 0.0, ""post_trade_weight"": 0.0, ""diff_weight"": -0.1201984253766458, ""gross_amount"": 0.20381332233049182, ""gross_amount_pct_nav"": 0.1201984253766458, ""fee"": 6.114399669914754e-05, ""fee_pct_nav"": 3.6059527612993736e-05, ""name"": ""长城汽车""}, {""ts_code"": ""02601.HK"", ""side"": ""buy"", ""current_weight"": 0.0, ""target_weight"": 0.09860285370461828, ""post_trade_weight"": 0.09864934176782314, ""diff_weight"": 0.09860285370461828, ""gross_amount"": 0.16719499562354834, ""gross_amount_pct_nav"": 0.09860285370461828, ""fee"": 5.01584986870645e-05, ""fee_pct_nav"": 2.9580856111385483e-05, ""name"": ""中国太保""}, {""ts_code"": ""02899.HK"", ""side"": ""sell"", ""current_weight"": 0.09616679190564557, ""target_weight"": 0.0, ""post_trade_weight"": 0.0, ""diff_weight"": -0.09616679190564557, ""gross_amount"": 0.16306431049106665, ""gross_amount_pct_nav"": 0.09616679190564557, ""fee"": 4.8919293147319994e-05, ""fee_pct_nav"": 2.8850037571693674e-05, ""name"": ""紫金矿业""}, {""ts_code"": ""03396.HK"", ""side"": ""buy"", ""current_weight"": 0.0, ""target_weight"": 0.10133707495119348, ""post_trade_weight"": 0.10138485211147161, ""diff_weight"": 0.10133707495119348, ""gross_amount"": 0.17183125200132437, ""gross_amount_pct_nav"": 0.10133707495119348, ""fee"": 5.1549375600397305e-05, ""fee_pct_nav"": 3.040112248535804e-05, ""name"": ""联想控股""}, {""ts_code"": ""03606.HK"", ""side"": ""sell"", ""current_weight"": 0.1110969282456668, ""target_weight"": 0.0, ""post_trade_weight"": 0.0, ""diff_weight"": -0.1110969282456668, ""gross_amount"": 0.18838045486460328, ""gross_amount_pct_nav"": 0.1110969282456668, ""fee"": 5.651413645938098e-05, ""fee_pct_nav"": 3.332907847370004e-05, ""name"": ""福耀玻璃""}, {""ts_code"": ""03800.HK"", ""side"": ""buy"", ""current_weight"": 0.0, ""target_weight"": 0.11090684931420672, ""post_trade_weight"": 0.11095913831424128, ""diff_weight"": 0.11090684931420672, ""gross_amount"": 0.18805814932354054, ""gross_amount_pct_nav"": 0.11090684931420672, ""fee"": 5.641744479706216e-05, ""fee_pct_nav"": 3.327205479426201e-05, ""name"": ""协鑫科技""}, {""ts_code"": ""03998.HK"", ""side"": ""sell"", ""current_weight"": 0.09193730688588987, ""target_weight"": 0.0, ""post_trade_weight"": 0.0, ""diff_weight"": -0.09193730688588987, ""gross_amount"": 0.15589262424873634, ""gross_amount_pct_nav"": 0.09193730688588987, ""fee"": 4.6767787274620896e-05, ""fee_pct_nav"": 2.758119206576696e-05, ""name"": ""波司登""}]"
2021-02-01,0.30090533,0.60181065,0.52198477,0.50468044,0.00030800,0.00015660,0.00015140,0.00000000,rebalance,"[{""ts_code"": ""00992.HK"", ""side"": ""sell"", ""current_weight"": 0.1548218238083136, ""target_weight"": 0.1075361371318558, ""post_trade_weight"": 0.10755555555555553, ""diff_weight"": -0.04728568667645781, ""gross_amount"": 0.08066751476319128, ""gross_amount_pct_nav"": 0.04728568667645781, ""fee"": 2.4200254428957383e-05, ""fee_pct_nav"": 1.4185706002937341e-05, ""name"": ""联想集团""}, {""ts_code"": ""01308.HK"", ""side"": ""buy"", ""current_weight"": 0.09256837429341462, ""target_weight"": 0.12708816206492046, ""post_trade_weight"": 0.12711111111111106, ""diff_weight"": 0.03451978777150584, ""gross_amount"": 0.0588893951933781, ""gross_amount_pct_nav"": 0.03451978777150584, ""fee"": 1.7666818558013428e-05, ""fee_pct_nav"": 1.0355936331451751e-05, ""name"": ""海丰国际""}, {""ts_code"": ""01585.HK"", ""side"": ""buy"", ""current_weight"": 0.0, ""target_weight"": 0.11997833481653333, ""post_trade_weight"": 0.11999999999999997, ""diff_weight"": 0.11997833481653333, ""gross_amount"": 0.20467830278743493, ""gross_amount_pct_nav"": 0.11997833481653333, ""fee"": 6.140349083623047e-05, ""fee_pct_nav"": 3.5993500444959994e-05, ""name"": ""雅迪控股""}, {""ts_code"": ""01772.HK"", ""side"": ""buy"", ""current_weight"": 0.0, ""target_weight"": 0.13953035974959802, ""post_trade_weight"": 0.13955555555555552, ""diff_weight"": 0.13953035974959802, ""gross_amount"": 0.23803328546390579, ""gross_amount_pct_nav"": 0.13953035974959802, ""fee"": 7.140998563917173e-05, ""fee_pct_nav"": 4.1859107924879395e-05, ""name"": ""赣锋锂业""}, {""ts_code"": ""02013.HK"", ""side"": ""sell"", ""current_weight"": 0.14751542540549337, ""target_weight"": 0.07376445770201678, ""post_trade_weight"": 0.07377777777777775, ""diff_weight"": -0.0737509677034766, ""gross_amount"": 0.1258162394199053, ""gross_amount_pct_nav"": 0.0737509677034766, ""fee"": 3.774487182597159e-05, ""fee_pct_nav"": 2.2125290311042976e-05, ""name"": ""微盟集团""}, {""ts_code"": ""02601.HK"", ""side"": ""sell"", ""current_weight"": 0.08599874360175337, ""target_weight"": 0.0, ""post_trade_weight"": 0.0, ""diff_weight"": -0.08599874360175337, ""gross_amount"": 0.14671046159437984, ""gross_amount_pct_nav"": 0.08599874360175337, ""fee"": 4.4013138478313946e-05, ""fee_pct_nav"": 2.579962308052601e-05, ""name"": ""中国太保""}, {""ts_code"": ""03396.HK"", ""side"": ""sell"", ""current_weight"": 0.08879820042875454, ""target_weight"": 0.0, ""post_trade_weight"": 0.0, ""diff_weight"": -0.08879820042875454, ""gross_amount"": 0.15148622442650692, ""gross_amount_pct_nav"": 0.08879820042875454, ""fee"": 4.544586732795207e-05, ""fee_pct_nav"": 2.663946012862636e-05, ""name"": ""联想控股""}, {""ts_code"": ""03800.HK"", ""side"": ""buy"", ""current_weight"": 0.14357889995545842, ""target_weight"": 0.15552747105846912, ""post_trade_weight"": 0.15555555555555553, ""diff_weight"": 0.0119485711030107, ""gross_amount"": 0.020383790605520286, ""gross_amount_pct_nav"": 0.0119485711030107, ""fee"": 6.115137181656085e-06, ""fee_pct_nav"": 3.58457133090321e-06, ""name"": ""协鑫科技""}]"
2021-02-16,0.71232730,1.42465459,1.50662426,1.52310429,0.00090892,0.00045199,0.00045693,0.00000000,rebalance,"[{""ts_code"": ""00916.HK"", ""side"": ""buy"", ""current_weight"": 0.11701893576075593, ""target_weight"": 0.12932382280640034, ""post_trade_weight"": 0.1293791189732909, ""diff_weight"": 0.012304887045644398, ""gross_amount"": 0.02616807455348283, ""gross_amount_pct_nav"": 0.012304887045644398, ""fee"": 7.850422366044848e-06, ""fee_pct_nav"": 3.6914661136933193e-06, ""name"": ""龙源电力""}, {""ts_code"": ""00992.HK"", ""side"": ""sell"", ""current_weight"": 0.09178974012859126, ""target_weight"": 0.0, ""post_trade_weight"": 0.0, ""diff_weight"": -0.09178974012859126, ""gross_amount"": 0.19520380431123263, ""gross_amount_pct_nav"": 0.09178974012859126, ""fee"": 5.856114129336978e-05, ""fee_pct_nav"": 2.7536922038577374e-05, ""name"": ""联想集团""}, {""ts_code"": ""01308.HK"", ""side"": ""sell"", ""current_weight"": 0.12214962855455246, ""target_weight"": 0.09881310857861686, ""post_trade_weight"": 0.09885535900103996, ""diff_weight"": -0.023336519975935593, ""gross_amount"": 0.04962839498516855, ""gross_amount_pct_nav"": 0.023336519975935593, ""fee"": 1.4888518495550563e-05, ""fee_pct_nav"": 7.000955992780677e-06, ""name"": ""海丰国际""}, {""ts_code"": ""01347.HK"", ""side"": ""buy"", ""current_weight"": 0.0, ""target_weight"": 0.09811968325525815, ""post_trade_weight"": 0.0981616371834888, ""diff_weight"": 0.09811968325525815, ""gross_amount"": 0.2086653194834957, ""gross_amount_pct_nav"": 0.09811968325525815, ""fee"": 6.25995958450487e-05, ""fee_pct_nav"": 2.9435904976577443e-05, ""name"": ""华虹半导体""}, {""ts_code"": ""01378.HK"", ""side"": ""buy"", ""current_weight"": 0.0, ""target_weight"": 0.10644078713556276, ""post_trade_weight"": 0.10648629899410272, ""diff_weight"": 0.10644078713556276, ""gross_amount"": 0.22636131830895123, ""gross_amount_pct_nav"": 0.10644078713556276, ""fee"": 6.790839549268537e-05, ""fee_pct_nav"": 3.1932236140668826e-05, ""name"": ""中国宏桥""}, {""ts_code"": ""01585.HK"", ""side"": ""sell"", ""current_weight"": 0.10129656030916531, ""target_weight"": 0.0, ""post_trade_weight"": 0.0, ""diff_weight"": -0.10129656030916531, ""gross_amount"": 0.21542139577135713, ""gross_amount_pct_nav"": 0.10129656030916531, ""fee"": 6.462641873140713e-05, ""fee_pct_nav"": 3.0388968092749592e-05, ""name"": ""雅迪控股""}, {""ts_code"": ""01772.HK"", ""side"": ""sell"", ""current_weight"": 0.14260415900226026, ""target_weight"": 0.0, ""post_trade_weight"": 0.0, ""diff_weight"": -0.14260415900226026, ""gross_amount"": 0.30326781957163756, ""gross_amount_pct_nav"": 0.14260415900226026, ""fee"": 9.098034587149126e-05, ""fee_pct_nav"": 4.278124770067807e-05, ""name"": ""赣锋锂业""}, {""ts_code"": ""01919.HK"", ""side"": ""sell"", ""current_weight"": 0.06323607305112461, ""target_weight"": 0.0, ""post_trade_weight"": 0.0, ""diff_weight"": -0.06323607305112461, ""gross_amount"": 0.1344804115578662, ""gross_amount_pct_nav"": 0.06323607305112461, ""fee"": 4.0344123467359856e-05, ""fee_pct_nav"": 1.897082191533738e-05, ""name"": ""中远海控""}, {""ts_code"": ""01951.HK"", ""side"": ""buy"", ""current_weight"": 0.0, ""target_weight"": 0.10990791375235634, ""post_trade_weight"": 0.10995490808185852, ""diff_weight"": 0.10990791375235634, ""gross_amount"": 0.23373465115289102, ""gross_amount_pct_nav"": 0.10990791375235634, ""fee"": 7.01203953458673e-05, ""fee_pct_nav"": 3.29723741257069e-05, ""name"": ""锦欣生殖""}, {""ts_code"": ""01999.HK"", ""side"": ""buy"", ""current_weight"": 0.0, ""target_weight"": 0.0988131085786169, ""post_trade_weight"": 0.09885535900104, ""diff_weight"": 0.0988131085786169, ""gross_amount"": 0.21013998605228373, ""gross_amount_pct_nav"": 0.0988131085786169, ""fee"": 6.304199581568512e-05, ""fee_pct_nav"": 2.9643932573585067e-05, ""name"": ""敏华控股""}, {""ts_code"": ""02013.HK"", ""side"": ""buy"", ""current_weight"": 0.07528792365110368, ""target_weight"": 0.1300172481297591, ""post_trade_weight"": 0.1300728407908421, ""diff_weight"": 0.054729324478655396, ""gross_amount"": 0.11638961315993177, ""gross_amount_pct_nav"": 0.054729324478655396, ""fee"": 3.4916883947979526e-05, ""fee_pct_nav"": 1.641879734359662e-05, ""name"": ""微盟集团""}, {""ts_code"": ""02208.HK"", ""side"": ""sell"", ""current_weight"": 0.09585723058814916, ""target_weight"": 0.0, ""post_trade_weight"": 0.0, ""diff_weight"": -0.09585723058814916, ""gross_amount"": 0.2038538953845162, ""gross_amount_pct_nav"": 0.09585723058814916, ""fee"": 6.115616861535486e-05, ""fee_pct_nav"": 2.8757169176444747e-05, ""name"": ""金风科技""}, {""ts_code"": ""02400.HK"", ""side"": ""buy"", ""current_weight"": 0.0, ""target_weight"": 0.11406846569250863, ""post_trade_weight"": 0.11411723898716547, ""diff_weight"": 0.11406846569250863, ""gross_amount"": 0.24258265056561876, ""gross_amount_pct_nav"": 0.11406846569250863, ""fee"": 7.277479516968562e-05, ""fee_pct_nav"": 3.4220539707752584e-05, ""name"": ""心动公司""}, {""ts_code"": ""03606.HK"", ""side"": ""buy"", ""current_weight"": 0.0, ""target_weight"": 0.11406846569250863, ""post_trade_weight"": 0.11411723898716547, ""diff_weight"": 0.11406846569250863, ""gross_amount"": 0.24258265056561876, ""gross_amount_pct_nav"": 0.11406846569250863, ""fee"": 7.277479516968562e-05, ""fee_pct_nav"": 3.4220539707752584e-05, ""name"": ""福耀玻璃""}, {""ts_code"": ""03800.HK"", ""side"": ""sell"", ""current_weight"": 0.1980816760011816, ""target_weight"": 0.0, ""post_trade_weight"": 0.0, ""diff_weight"": -0.1980816760011816, ""gross_amount"": 0.4212485694545681, ""gross_amount_pct_nav"": 0.1980816760011816, ""fee"": 0.00012637457083637042, ""fee_pct_nav"": 5.9424502800354465e-05, ""name"": ""协鑫科技""}]"
2021-03-01,0.33885649,0.67771299,0.60707218,0.60247167,0.00036286,0.00018212,0.00018074,0.00000000,rebalance,"[{""ts_code"": ""00992.HK"", ""side"": ""buy"", ""current_weight"": 0.0, ""target_weight"": 0.15730134528033551, ""post_trade_weight"": 0.1573333333333968, ""diff_weight"": 0.15730134528033551, ""gross_amount"": 0.2807425521586451, ""gross_amount_pct_nav"": 0.15730134528033551, ""fee"": 8.422276564759351e-05, ""fee_pct_nav"": 4.719040358410065e-05, ""name"": ""联想集团""}, {""ts_code"": ""01308.HK"", ""side"": ""sell"", ""current_weight"": 0.11749487091462936, ""target_weight"": 0.08975952470798808, ""post_trade_weight"": 0.08977777777781401, ""diff_weight"": -0.027735346206641285, ""gross_amount"": 0.04950047862069665, ""gross_amount_pct_nav"": 0.027735346206641285, ""fee"": 1.4850143586208993e-05, ""fee_pct_nav"": 8.320603861992385e-06, ""name"": ""海丰国际""}, {""ts_code"": ""01378.HK"", ""side"": ""sell"", ""current_weight"": 0.12700598818033088, ""target_weight"": 0.0, ""post_trade_weight"": 0.0, ""diff_weight"": -0.12700598818033088, ""gross_amount"": 0.22667311075841262, ""gross_amount_pct_nav"": 0.12700598818033088, ""fee"": 6.800193322752378e-05, ""fee_pct_nav"": 3.810179645409926e-05, ""name"": ""中国宏桥""}, {""ts_code"": ""01951.HK"", ""side"": ""sell"", ""current_weight"": 0.12067900695732775, ""target_weight"": 0.08264985938458308, ""post_trade_weight"": 0.08266666666670001, ""diff_weight"": -0.03802914757274467, ""gross_amount"": 0.06787227360937742, ""gross_amount_pct_nav"": 0.03802914757274467, ""fee"": 2.0361682082813225e-05, ""fee_pct_nav"": 1.1408744271823401e-05, ""name"": ""锦欣生殖""}, {""ts_code"": ""01999.HK"", ""side"": ""sell"", ""current_weight"": 0.0951616675669097, ""target_weight"": 0.05598861442181433, ""post_trade_weight"": 0.05600000000002259, ""diff_weight"": -0.03917305314509537, ""gross_amount"": 0.0699138516342691, ""gross_amount_pct_nav"": 0.03917305314509537, ""fee"": 2.0974155490280725e-05, ""fee_pct_nav"": 1.175191594352861e-05, ""name"": ""敏华控股""}, {""ts_code"": ""02013.HK"", ""side"": ""buy"", ""current_weight"": 0.12642644845752532, ""target_weight"": 0.13774976564097177, ""post_trade_weight"": 0.13777777777783337, ""diff_weight"": 0.011323317183446447, ""gross_amount"": 0.020209216642853467, ""gross_amount_pct_nav"": 0.011323317183446447, ""fee"": 6.062764992856039e-06, ""fee_pct_nav"": 3.3969951550339336e-06, ""name"": ""微盟集团""}, {""ts_code"": ""02400.HK"", ""side"": ""sell"", ""current_weight"": 0.0880782371994292, ""target_weight"": 0.0, ""post_trade_weight"": 0.0, ""diff_weight"": -0.0880782371994292, ""gross_amount"": 0.1571970605650851, ""gross_amount_pct_nav"": 0.0880782371994292, ""fee"": 4.715911816952552e-05, ""fee_pct_nav"": 2.6423471159828757e-05, ""name"": ""心动公司""}, {""ts_code"": ""03606.HK"", ""side"": ""sell"", ""current_weight"": 0.1073054025989234, ""target_weight"": 0.08975952470798806, ""post_trade_weight"": 0.089777777777814, ""diff_weight"": -0.01754587789093534, ""gross_amount"": 0.03131489136463808, ""gross_amount_pct_nav"": 0.01754587789093534, ""fee"": 9.394467409391423e-06, ""fee_pct_nav"": 5.263763367280601e-06, ""name"": ""福耀玻璃""}, {""ts_code"": ""03800.HK"", ""side"": ""buy"", ""current_weight"": 0.0, ""target_weight"": 0.17152067592714554, ""post_trade_weight"": 0.1715555555556248, ""diff_weight"": 0.17152067592714554, ""gross_amount"": 0.3061204099808955, ""gross_amount_pct_nav"": 0.17152067592714554, ""fee"": 9.183612299426865e-05, ""fee_pct_nav"": 5.145620277814366e-05, ""name"": ""协鑫科技""}]"
2021-03-15,0.60979660,1.21959319,0.91344563,0.91895872,0.00054972,0.00027403,0.00027569,0.00000000,rebalance,"[{""ts_code"": ""00135.HK"", ""side"": ""buy"", ""current_weight"": 0.0, ""target_weight"": 0.13744969178090938, ""post_trade_weight"": 0.13749999999999987, ""diff_weight"": 0.13744969178090938, ""gross_amount"": 0.2065142828756601, ""gross_amount_pct_nav"": 0.13744969178090938, ""fee"": 6.195428486269803e-05, ""fee_pct_nav"": 4.123490753427282e-05, ""name"": ""昆仑能源""}, {""ts_code"": ""00636.HK"", ""side"": ""buy"", ""current_weight"": 0.0, ""target_weight"": 0.10412855437947678, ""post_trade_weight"": 0.10416666666666655, ""diff_weight"": 0.10412855437947678, ""gross_amount"": 0.15645021429974246, ""gross_amount_pct_nav"": 0.10412855437947678, ""fee"": 4.6935064289922734e-05, ""fee_pct_nav"": 3.123856631384304e-05, ""name"": ""KLN""}, {""ts_code"": ""00916.HK"", ""side"": ""sell"", ""current_weight"": 0.10826268259621977, ""target_weight"": 0.0, ""post_trade_weight"": 0.0, ""diff_weight"": -0.10826268259621977, ""gross_amount"": 0.1626616252744398, ""gross_amount_pct_nav"": 0.10826268259621977, ""fee"": 4.879848758233194e-05, ""fee_pct_nav"": 3.247880477886593e-05, ""name"": ""龙源电力""}, {""ts_code"": ""00992.HK"", ""side"": ""sell"", ""current_weight"": 0.16579103371084936, ""target_weight"": 0.10412855437947678, ""post_trade_weight"": 0.10416666666666655, ""diff_weight"": -0.06166247933137256, ""gross_amount"": 0.09264613499280533, ""gross_amount_pct_nav"": 0.06166247933137256, ""fee"": 2.7793840497841596e-05, ""fee_pct_nav"": 1.8498743799411766e-05, ""name"": ""联想集团""}, {""ts_code"": ""01308.HK"", ""side"": ""buy"", ""current_weight"": 0.12302053232918807, ""target_weight"": 0.16244054483198378, ""post_trade_weight"": 0.1624999999999998, ""diff_weight"": 0.03942001250279573, ""gross_amount"": 0.05922745629681436, ""gross_amount_pct_nav"": 0.03942001250279573, ""fee"": 1.7768236889044306e-05, ""fee_pct_nav"": 1.1826003750838717e-05, ""name"": ""海丰国际""}, {""ts_code"": ""01347.HK"", ""side"": ""sell"", ""current_weight"": 0.09436274106677776, ""target_weight"": 0.0, ""post_trade_weight"": 0.0, ""diff_weight"": -0.09436274106677776, ""gross_amount"": 0.14177735540250827, ""gross_amount_pct_nav"": 0.09436274106677776, ""fee"": 4.253320662075248e-05, ""fee_pct_nav"": 2.8308822320033326e-05, ""name"": ""华虹半导体""}, {""ts_code"": ""01378.HK"", ""side"": ""buy"", ""current_weight"": 0.0, ""target_weight"": 0.20200939549618496, ""post_trade_weight"": 0.2020833333333331, ""diff_weight"": 0.20200939549618496, ""gross_amount"": 0.30351341574150037, ""gross_amount_pct_nav"": 0.20200939549618496, ""fee"": 9.10540247224501e-05, ""fee_pct_nav"": 6.0602818648855486e-05, ""name"": ""中国宏桥""}, {""ts_code"": ""01888.HK"", ""side"": ""buy"", ""current_weight"": 0.0, ""target_weight"": 0.12495426525537212, ""post_trade_weight"": 0.12499999999999983, ""diff_weight"": 0.12495426525537212, ""gross_amount"": 0.18774025715969092, ""gross_amount_pct_nav"": 0.12495426525537212, ""fee"": 5.632207714790727e-05, ""fee_pct_nav"": 3.748627957661163e-05, ""name"": ""建滔积层板""}, {""ts_code"": ""01951.HK"", ""side"": ""sell"", ""current_weight"": 0.08055867074773407, ""target_weight"": 0.0, ""post_trade_weight"": 0.0, ""diff_weight"": -0.08055867074773407, ""gross_amount"": 0.12103712931857873, ""gross_amount_pct_nav"": 0.08055867074773407, ""fee"": 3.631113879557361e-05, ""fee_pct_nav"": 2.4167601224320215e-05, ""name"": ""锦欣生殖""}, {""ts_code"": ""01999.HK"", ""side"": ""sell"", ""current_weight"": 0.056839014007309015, ""target_weight"": 0.0, ""post_trade_weight"": 0.0, ""diff_weight"": -0.056839014007309015, ""gross_amount"": 0.08539901446842924, ""gross_amount_pct_nav"": 0.056839014007309015, ""fee"": 2.561970434052877e-05, ""fee_pct_nav"": 1.7051704202192703e-05, ""name"": ""敏华控股""}, {""ts_code"": ""02013.HK"", ""side"": ""sell"", ""current_weight"": 0.13211032228458708, ""target_weight"": 0.06455970371527563, ""post_trade_weight"": 0.06458333333333327, ""diff_weight"": -0.06755061856931145, ""gross_amount"": 0.10149289802617197, ""gross_amount_pct_nav"": 0.06755061856931145, ""fee"": 3.0447869407851587e-05, ""fee_pct_nav"": 2.0265185570793436e-05, ""name"": ""微盟集团""}, {""ts_code"": ""03606.HK"", ""side"": ""sell"", ""current_weight"": 0.08885232199064907, ""target_weight"": 0.0, ""post_trade_weight"": 0.0, ""diff_weight"": -0.08885232199064907, ""gross_amount"": 0.13349810625246303, ""gross_amount_pct_nav"": 0.08885232199064907, ""fee"": 4.00494318757389e-05, ""fee_pct_nav"": 2.6655696597194717e-05, ""name"": ""福耀玻璃""}, {""ts_code"": ""03800.HK"", ""side"": ""sell"", ""current_weight"": 0.1535061545526771, ""target_weight"": 0.0999634122042977, ""post_trade_weight"": 0.09999999999999987, ""diff_weight"": -0.053542742348379406, ""gross_amount"": 0.08044645932634664, ""gross_amount_pct_nav"": 0.053542742348379406, ""fee"": 2.413393779790399e-05, ""fee_pct_nav"": 1.606282270451382e-05, ""name"": ""协鑫科技""}]"
2021-03-29,0.28586354,0.57172708,0.41514578,0.41539495,0.00024916,0.00012454,0.00012462,0.00000000,rebalance,"[{""ts_code"": ""00135.HK"", ""side"": ""sell"", ""current_weight"": 0.1479744876298583, ""target_weight"": 0.0, ""post_trade_weight"": 0.0, ""diff_weight"": -0.1479744876298583, ""gross_amount"": 0.21496067481331493, ""gross_amount_pct_nav"": 0.1479744876298583, ""fee"": 6.448820244399448e-05, ""fee_pct_nav"": 4.439234628895749e-05, ""name"": ""昆仑能源""}, {""ts_code"": ""00636.HK"", ""side"": ""buy"", ""current_weight"": 0.10983205983661508, ""target_weight"": 0.18185033712167273, ""post_trade_weight"": 0.18188153310104527, ""diff_weight"": 0.07201827728505766, ""gross_amount"": 0.1046200445228955, ""gross_amount_pct_nav"": 0.07201827728505766, ""fee"": 3.1386013356868645e-05, ""fee_pct_nav"": 2.1605483185517294e-05, ""name"": ""KLN""}, {""ts_code"": ""00754.HK"", ""side"": ""buy"", ""current_weight"": 0.0, ""target_weight"": 0.17348940208159577, ""post_trade_weight"": 0.17351916376306614, ""diff_weight"": 0.17348940208159577, ""gross_amount"": 0.25202586974116536, ""gross_amount_pct_nav"": 0.17348940208159577, ""fee"": 7.560776092234961e-05, ""fee_pct_nav"": 5.204682062447873e-05, ""name"": ""合生创展集团""}, {""ts_code"": ""00992.HK"", ""side"": ""sell"", ""current_weight"": 0.11853453895185985, ""target_weight"": 0.10660192176098054, ""post_trade_weight"": 0.10662020905923342, ""diff_weight"": -0.011932617190879303, ""gross_amount"": 0.017334362731882186, ""gross_amount_pct_nav"": 0.011932617190879303, ""fee"": 5.200308819564655e-06, ""fee_pct_nav"": 3.57978515726379e-06, ""name"": ""联想集团""}, {""ts_code"": ""01308.HK"", ""side"": ""sell"", ""current_weight"": 0.17680152986682826, ""target_weight"": 0.1484065969613651, ""post_trade_weight"": 0.1484320557491289, ""diff_weight"": -0.028394932905463178, ""gross_amount"": 0.04124896146898732, ""gross_amount_pct_nav"": 0.028394932905463178, ""fee"": 1.2374688440696195e-05, ""fee_pct_nav"": 8.518479871638952e-06, ""name"": ""海丰国际""}, {""ts_code"": ""01378.HK"", ""side"": ""sell"", ""current_weight"": 0.1780987340910018, ""target_weight"": 0.1372586835745959, ""post_trade_weight"": 0.13728222996515677, ""diff_weight"": -0.040840050516405914, ""gross_amount"": 0.05932782710744158, ""gross_amount_pct_nav"": 0.040840050516405914, ""fee"": 1.7798348132232475e-05, ""fee_pct_nav"": 1.2252015154921775e-05, ""name"": ""中国宏桥""}, {""ts_code"": ""01888.HK"", ""side"": ""buy"", ""current_weight"": 0.1268903145085597, ""target_weight"": 0.15119357530805738, ""post_trade_weight"": 0.15121951219512192, ""diff_weight"": 0.024303260799497697, ""gross_amount"": 0.035305040924972664, ""gross_amount_pct_nav"": 0.024303260799497697, ""fee"": 1.0591512277491798e-05, ""fee_pct_nav"": 7.290978239849308e-06, ""name"": ""建滔积层板""}, {""ts_code"": ""02013.HK"", ""side"": ""sell"", ""current_weight"": 0.056807211046814826, ""target_weight"": 0.0, ""post_trade_weight"": 0.0, ""diff_weight"": -0.056807211046814826, ""gross_amount"": 0.08252312014373019, ""gross_amount_pct_nav"": 0.056807211046814826, ""fee"": 2.4756936043119054e-05, ""fee_pct_nav"": 1.7042163314044444e-05, ""name"": ""微盟集团""}, {""ts_code"": ""03800.HK"", ""side"": ""buy"", ""current_weight"": 0.08506112406846104, ""target_weight"": 0.10102796506759591, ""post_trade_weight"": 0.10104529616724732, ""diff_weight"": 0.015966840999134865, ""gross_amount"": 0.023194828857230496, ""gross_amount_pct_nav"": 0.015966840999134865, ""fee"": 6.958448657169148e-06, ""fee_pct_nav"": 4.790052299740459e-06, ""name"": ""协鑫科技""}]"
2021-04-12,0.54083276,1.08166551,0.78961533,0.79337159,0.00047490,0.00023688,0.00023801,0.00000000,rebalance,"[{""ts_code"": ""00087.HK"", ""side"": ""buy"", ""current_weight"": 0.0, ""target_weight"": 0.09344836555227196, ""post_trade_weight"": 0.09347869935780603, ""diff_weight"": 0.09344836555227196, ""gross_amount"": 0.1367590436281144, ""gross_amount_pct_nav"": 0.09344836555227196, ""fee"": 4.1027713088434315e-05, ""fee_pct_nav"": 2.8034509665681582e-05, ""name"": ""太古股份公司B""}, {""ts_code"": ""00636.HK"", ""side"": ""sell"", ""current_weight"": 0.17739131076781248, ""target_weight"": 0.0, ""post_trade_weight"": 0.0, ""diff_weight"": -0.17739131076781248, ""gross_amount"": 0.25960717306471764, ""gross_amount_pct_nav"": 0.17739131076781248, ""fee"": 7.788215191941529e-05, ""fee_pct_nav"": 5.3217393230343736e-05, ""name"": ""KLN""}, {""ts_code"": ""00754.HK"", ""side"": ""sell"", ""current_weight"": 0.1609575665182824, ""target_weight"": 0.0, ""post_trade_weight"": 0.0, ""diff_weight"": -0.1609575665182824, ""gross_amount"": 0.23555685251055453, ""gross_amount_pct_nav"": 0.1609575665182824, ""fee"": 7.066705575316635e-05, ""fee_pct_nav"": 4.828726995548472e-05, ""name"": ""合生创展集团""}, {""ts_code"": ""00992.HK"", ""side"": ""sell"", ""current_weight"": 0.10484890641393102, ""target_weight"": 0.06403510950958961, ""post_trade_weight"": 0.06405589562551298, ""diff_weight"": -0.0408137969043414, ""gross_amount"": 0.05972983902375083, ""gross_amount_pct_nav"": 0.0408137969043414, ""fee"": 1.7918951707125248e-05, ""fee_pct_nav"": 1.224413907130242e-05, ""name"": ""联想集团""}, {""ts_code"": ""01030.HK"", ""side"": ""buy"", ""current_weight"": 0.0, ""target_weight"": 0.09222281321716018, ""post_trade_weight"": 0.0922527492022938, ""diff_weight"": 0.09222281321716018, ""gross_amount"": 0.13496548240020467, ""gross_amount_pct_nav"": 0.09222281321716018, ""fee"": 4.04896447200614e-05, ""fee_pct_nav"": 2.766684396514805e-05, ""name"": ""新城发展""}, {""ts_code"": ""01171.HK"", ""side"": ""buy"", ""current_weight"": 0.0, ""target_weight"": 0.12531272626517778, ""post_trade_weight"": 0.12535340340112347, ""diff_weight"": 0.12531272626517778, ""gross_amount"": 0.18339163555376647, ""gross_amount_pct_nav"": 0.12531272626517778, ""fee"": 5.501749066612994e-05, ""fee_pct_nav"": 3.7593817879553326e-05, ""name"": ""兖矿能源""}, {""ts_code"": ""01378.HK"", ""side"": ""sell"", ""current_weight"": 0.1402959120406411, ""target_weight"": 0.08609505154160137, ""post_trade_weight"": 0.08612299842473276, ""diff_weight"": -0.05420086049903974, ""gross_amount"": 0.07932142849008131, ""gross_amount_pct_nav"": 0.05420086049903974, ""fee"": 2.3796428547024392e-05, ""fee_pct_nav"": 1.626025814971192e-05, ""name"": ""中国宏桥""}, {""ts_code"": ""01882.HK"", ""side"": ""buy"", ""current_weight"": 0.0, ""target_weight"": 0.09835057489271899, ""post_trade_weight"": 0.09838249997985485, ""diff_weight"": 0.09835057489271899, ""gross_amount"": 0.14393328853975315, ""gross_amount_pct_nav"": 0.09835057489271899, ""fee"": 4.3179986561925945e-05, ""fee_pct_nav"": 2.9505172467815697e-05, ""name"": ""海天国际""}, {""ts_code"": ""01888.HK"", ""side"": ""sell"", ""current_weight"": 0.1678854610016906, ""target_weight"": 0.059132900169142556, ""post_trade_weight"": 0.05915209500346412, ""diff_weight"": -0.10875256083254806, ""gross_amount"": 0.1591563011687796, ""gross_amount_pct_nav"": 0.10875256083254806, ""fee"": 4.774689035063388e-05, ""fee_pct_nav"": 3.2625768249764416e-05, ""name"": ""建滔积层板""}, {""ts_code"": ""01898.HK"", ""side"": ""buy"", ""current_weight"": 0.0, ""target_weight"": 0.13021493560562483, ""post_trade_weight"": 0.1302572040231723, ""diff_weight"": 0.13021493560562483, ""gross_amount"": 0.19056588046540526, ""gross_amount_pct_nav"": 0.13021493560562483, ""fee"": 5.7169764139621575e-05, ""fee_pct_nav"": 3.9064480681687444e-05, ""name"": ""中煤能源""}]"
2021-04-26,0.47639189,0.95278379,0.73107762,0.73357880,0.00043940,0.00021932,0.00022007,0.00000000,rebalance,"[{""ts_code"": ""00087.HK"", ""side"": ""sell"", ""current_weight"": 0.09165587437991383, ""target_weight"": 0.0, ""post_trade_weight"": 0.0, ""diff_weight"": -0.09165587437991383, ""gross_amount"": 0.1408969874595248, ""gross_amount_pct_nav"": 0.09165587437991383, ""fee"": 4.226909623785744e-05, ""fee_pct_nav"": 2.7496762313974148e-05, ""name"": ""太古股份公司B""}, {""ts_code"": ""00780.HK"", ""side"": ""buy"", ""current_weight"": 0.0, ""target_weight"": 0.07782665600236024, ""post_trade_weight"": 0.07784890795553148, ""diff_weight"": 0.07782665600236024, ""gross_amount"": 0.11963817321003459, ""gross_amount_pct_nav"": 0.07782665600236024, ""fee"": 3.589145196301037e-05, ""fee_pct_nav"": 2.334799680070807e-05, ""name"": ""同程旅行""}, {""ts_code"": ""00867.HK"", ""side"": ""buy"", ""current_weight"": 0.0, ""target_weight"": 0.11687557051225529, ""post_trade_weight"": 0.11690898720848107, ""diff_weight"": 0.11687557051225529, ""gross_amount"": 0.1796656886882401, ""gross_amount_pct_nav"": 0.11687557051225529, ""fee"": 5.3899706606472024e-05, ""fee_pct_nav"": 3.5062671153676584e-05, ""name"": ""康哲药业""}, {""ts_code"": ""01030.HK"", ""side"": ""sell"", ""current_weight"": 0.07663506259588747, ""target_weight"": 0.0, ""post_trade_weight"": 0.0, ""diff_weight"": -0.07663506259588747, ""gross_amount"": 0.11780640931727267, ""gross_amount_pct_nav"": 0.07663506259588747, ""fee"": 3.53419227951818e-05, ""fee_pct_nav"": 2.2990518778766238e-05, ""name"": ""新城发展""}, {""ts_code"": ""01171.HK"", ""side"": ""sell"", ""current_weight"": 0.1230799755771822, ""target_weight"": 0.0, ""post_trade_weight"": 0.0, ""diff_weight"": -0.1230799755771822, ""gross_amount"": 0.1892033423142732, ""gross_amount_pct_nav"": 0.1230799755771822, ""fee"": 5.676100269428195e-05, ""fee_pct_nav"": 3.692399267315466e-05, ""name"": ""兖矿能源""}, {""ts_code"": ""01308.HK"", ""side"": ""sell"", ""current_weight"": 0.15662866863463343, ""target_weight"": 0.07782665600236024, ""post_trade_weight"": 0.07784890795553148, ""diff_weight"": -0.07880201263227318, ""gross_amount"": 0.12113752949006723, ""gross_amount_pct_nav"": 0.07880201263227318, ""fee"": 3.634125884702016e-05, ""fee_pct_nav"": 2.364060378968195e-05, ""name"": ""海丰国际""}, {""ts_code"": ""01378.HK"", ""side"": ""buy"", ""current_weight"": 0.09224763795113225, ""target_weight"": 0.1309765674186063, ""post_trade_weight"": 0.13101401582760178, ""diff_weight"": 0.03872892946747404, ""gross_amount"": 0.05953562198186124, ""gross_amount_pct_nav"": 0.03872892946747404, ""fee"": 1.786068659455837e-05, ""fee_pct_nav"": 1.161867884024221e-05, ""name"": ""中国宏桥""}, {""ts_code"": ""01877.HK"", ""side"": ""buy"", ""current_weight"": 0.0, ""target_weight"": 0.09192765290871122, ""post_trade_weight"": 0.09195393657465215, ""diff_weight"": 0.09192765290871122, ""gross_amount"": 0.14131477602160877, ""gross_amount_pct_nav"": 0.09192765290871122, ""fee"": 4.239443280648263e-05, ""fee_pct_nav"": 2.7578295872613366e-05, ""name"": ""君实生物""}, {""ts_code"": ""01882.HK"", ""side"": ""sell"", ""current_weight"": 0.09150607984396376, ""target_weight"": 0.0, ""post_trade_weight"": 0.0, ""diff_weight"": -0.09150607984396376, ""gross_amount"": 0.14066671745232615, ""gross_amount_pct_nav"": 0.09150607984396376, ""fee"": 4.220001523569784e-05, ""fee_pct_nav"": 2.7451823953189127e-05, ""name"": ""海天国际""}, {""ts_code"": ""01888.HK"", ""side"": ""buy"", ""current_weight"": 0.05966836333101824, ""target_weight"": 0.10385926567562362, ""post_trade_weight"": 0.10388896079083122, ""diff_weight"": 0.04419090234460538, ""gross_amount"": 0.06793197987141174, ""gross_amount_pct_nav"": 0.04419090234460538, ""fee"": 2.0379593961423518e-05, ""fee_pct_nav"": 1.3257270703381611e-05, ""name"": ""建滔积层板""}, {""ts_code"": ""01898.HK"", ""side"": ""sell"", ""current_weight"": 0.14107952672840965, ""target_weight"": 0.12555310707000972, ""post_trade_weight"": 0.12558900482024762, ""diff_weight"": -0.015526419658399949, ""gross_amount"": 0.023867818300801785, ""gross_amount_pct_nav"": 0.015526419658399949, ""fee"": 7.160345490240535e-06, ""fee_pct_nav"": 4.657925897519984e-06, ""name"": ""中煤能源""}, {""ts_code"": ""02600.HK"", ""side"": ""buy"", ""current_weight"": 0.0, ""target_weight"": 0.10602864981506224, ""post_trade_weight"": 0.10605896519377288, ""diff_weight"": 0.10602864981506224, ""gross_amount"": 0.16299137883318304, ""gross_amount_pct_nav"": 0.10602864981506224, ""fee"": 4.889741364995491e-05, ""fee_pct_nav"": 3.180859494451867e-05, ""name"": ""中国铝业""}]"
2021-05-10,0.36874232,0.73748464,0.60956049,0.59198683,0.00036046,0.00018287,0.00017760,0.00000000,rebalance,"[{""ts_code"": ""00087.HK"", ""side"": ""buy"", ""current_weight"": 0.0, ""target_weight"": 0.10639178124559752, ""post_trade_weight"": 0.1064153251458877, ""diff_weight"": 0.10639178124559752, ""gross_amount"": 0.1733388772581485, ""gross_amount_pct_nav"": 0.10639178124559752, ""fee"": 5.2001663177444545e-05, ""fee_pct_nav"": 3.191753437367925e-05, ""name"": ""太古股份公司B""}, {""ts_code"": ""00780.HK"", ""side"": ""sell"", ""current_weight"": 0.06933308860160041, ""target_weight"": 0.0, ""post_trade_weight"": 0.0, ""diff_weight"": -0.06933308860160041, ""gross_amount"": 0.11296097869908027, ""gross_amount_pct_nav"": 0.06933308860160041, ""fee"": 3.3888293609724076e-05, ""fee_pct_nav"": 2.079992658048012e-05, ""name"": ""同程旅行""}, {""ts_code"": ""00867.HK"", ""side"": ""sell"", ""current_weight"": 0.11130634755799043, ""target_weight"": 0.05705066530561027, ""post_trade_weight"": 0.05706329029562094, ""diff_weight"": -0.05425568225238017, ""gross_amount"": 0.08839610481558316, ""gross_amount_pct_nav"": 0.05425568225238017, ""fee"": 2.6518831444674946e-05, ""fee_pct_nav"": 1.627670467571405e-05, ""name"": ""康哲药业""}, {""ts_code"": ""00992.HK"", ""side"": ""sell"", ""current_weight"": 0.058978981176317745, ""target_weight"": 0.0, ""post_trade_weight"": 0.0, ""diff_weight"": -0.058978981176317745, ""gross_amount"": 0.09609154259136378, ""gross_amount_pct_nav"": 0.058978981176317745, ""fee"": 2.882746277740913e-05, ""fee_pct_nav"": 1.7693694352895322e-05, ""name"": ""联想集团""}, {""ts_code"": ""01308.HK"", ""side"": ""buy"", ""current_weight"": 0.08249656064499047, ""target_weight"": 0.12982881131709145, ""post_trade_weight"": 0.1298575416997644, ""diff_weight"": 0.04733225067210098, ""gross_amount"": 0.07711609951020282, ""gross_amount_pct_nav"": 0.04733225067210098, ""fee"": 2.3134829853060844e-05, ""fee_pct_nav"": 1.4199675201630292e-05, ""name"": ""海丰国际""}, {""ts_code"": ""01378.HK"", ""side"": ""sell"", ""current_weight"": 0.1419031020948153, ""target_weight"": 0.07802063958010486, ""post_trade_weight"": 0.07803790510698431, ""diff_weight"": -0.06388246251471043, ""gross_amount"": 0.10408054268048902, ""gross_amount_pct_nav"": 0.06388246251471043, ""fee"": 3.122416280414671e-05, ""fee_pct_nav"": 1.916473875441313e-05, ""name"": ""中国宏桥""}, {""ts_code"": ""01877.HK"", ""side"": ""sell"", ""current_weight"": 0.07845525840769872, ""target_weight"": 0.0, ""post_trade_weight"": 0.0, ""diff_weight"": -0.07845525840769872, ""gross_amount"": 0.1278232796572447, ""gross_amount_pct_nav"": 0.07845525840769872, ""fee"": 3.8346983897173406e-05, ""fee_pct_nav"": 2.3536577522309617e-05, ""name"": ""君实生物""}, {""ts_code"": ""01882.HK"", ""side"": ""buy"", ""current_weight"": 0.0, ""target_weight"": 0.08542180697110294, ""post_trade_weight"": 0.08544071033452433, ""diff_weight"": 0.08542180697110294, ""gross_amount"": 0.13917353333480328, ""gross_amount_pct_nav"": 0.08542180697110294, ""fee"": 4.175206000044098e-05, ""fee_pct_nav"": 2.5626542091330878e-05, ""name"": ""海天国际""}, {""ts_code"": ""01888.HK"", ""side"": ""sell"", ""current_weight"": 0.09302728519674362, ""target_weight"": 0.05458360950861091, ""post_trade_weight"": 0.05459568855310761, ""diff_weight"": -0.03844367568813272, ""gross_amount"": 0.06263438306455699, ""gross_amount_pct_nav"": 0.03844367568813272, ""fee"": 1.8790314919367095e-05, ""fee_pct_nav"": 1.1533102706439815e-05, ""name"": ""建滔积层板""}, {""ts_code"": ""02600.HK"", ""side"": ""buy"", ""current_weight"": 0.12836855500361494, ""target_weight"": 0.143397618200588, ""post_trade_weight"": 0.14342935128358783, ""diff_weight"": 0.015029063196973074, ""gross_amount"": 0.024486110771952813, ""gross_amount_pct_nav"": 0.015029063196973074, ""fee"": 7.3458332315858436e-06, ""fee_pct_nav"": 4.508718959091922e-06, ""name"": ""中国铝业""}, {""ts_code"": ""02899.HK"", ""side"": ""buy"", ""current_weight"": 0.0, ""target_weight"": 0.11996058812909403, ""post_trade_weight"": 0.11998713472971108, ""diff_weight"": 0.11996058812909403, ""gross_amount"": 0.19544586450266602, ""gross_amount_pct_nav"": 0.11996058812909403, ""fee"": 5.86337593507998e-05, ""fee_pct_nav"": 3.5988176438728206e-05, ""name"": ""紫金矿业""}]"
2021-05-24,0.41478709,0.82957418,0.61207436,0.61627010,0.00036850,0.00018362,0.00018488,0.00000000,rebalance,"[{""ts_code"": ""00087.HK"", ""side"": ""sell"", ""current_weight"": 0.10963330115533228, ""target_weight"": 0.0, ""post_trade_weight"": 0.0, ""diff_weight"": -0.10963330115533228, ""gross_amount"": 0.16233323425763116, ""gross_amount_pct_nav"": 0.10963330115533228, ""fee"": 4.869997027728934e-05, ""fee_pct_nav"": 3.288999034659968e-05, ""name"": ""太古股份公司B""}, {""ts_code"": ""00754.HK"", ""side"": ""buy"", ""current_weight"": 0.0, ""target_weight"": 0.09220710948278311, ""post_trade_weight"": 0.09223006298633703, ""diff_weight"": 0.09220710948278311, ""gross_amount"": 0.1365303985755213, ""gross_amount_pct_nav"": 0.09220710948278311, ""fee"": 4.095911957265639e-05, ""fee_pct_nav"": 2.7662132844834936e-05, ""name"": ""合生创展集团""}, {""ts_code"": ""00780.HK"", ""side"": ""buy"", ""current_weight"": 0.0, ""target_weight"": 0.11876275701382463, ""post_trade_weight"": 0.11879232112640209, ""diff_weight"": 0.11876275701382463, ""gross_amount"": 0.1758511533652714, ""gross_amount_pct_nav"": 0.11876275701382463, ""fee"": 5.275534600958142e-05, ""fee_pct_nav"": 3.562882710414739e-05, ""name"": ""同程旅行""}, {""ts_code"": ""00867.HK"", ""side"": ""buy"", ""current_weight"": 0.07088120604521408, ""target_weight"": 0.12466401202072273, ""post_trade_weight"": 0.12469504515752763, ""diff_weight"": 0.05378280597550865, ""gross_amount"": 0.07963581092103537, ""gross_amount_pct_nav"": 0.05378280597550865, ""fee"": 2.389074327631061e-05, ""fee_pct_nav"": 1.6134841792652594e-05, ""name"": ""康哲药业""}, {""ts_code"": ""01308.HK"", ""side"": ""sell"", ""current_weight"": 0.12056707879663711, ""target_weight"": 0.07597865821381328, ""post_trade_weight"": 0.0759975719007417, ""diff_weight"": -0.044588420582823834, ""gross_amount"": 0.06602175112280907, ""gross_amount_pct_nav"": 0.044588420582823834, ""fee"": 1.980652533684272e-05, ""fee_pct_nav"": 1.3376526174847147e-05, ""name"": ""海丰国际""}, {""ts_code"": ""01378.HK"", ""side"": ""buy"", ""current_weight"": 0.0726794639404999, ""target_weight"": 0.09073179573105859, ""post_trade_weight"": 0.09075438197855565, ""diff_weight"": 0.018052331790558693, ""gross_amount"": 0.026729956815778277, ""gross_amount_pct_nav"": 0.018052331790558693, ""fee"": 8.018987044733482e-06, ""fee_pct_nav"": 5.4156995371676075e-06, ""name"": ""中国宏桥""}, {""ts_code"": ""01548.HK"", ""side"": ""buy"", ""current_weight"": 0.0, ""target_weight"": 0.13056526702762086, ""post_trade_weight"": 0.13059776918865323, ""diff_weight"": 0.13056526702762086, ""gross_amount"": 0.19332704438293813, ""gross_amount_pct_nav"": 0.13056526702762086, ""fee"": 5.7998113314881434e-05, ""fee_pct_nav"": 3.916958010828626e-05, ""name"": ""金斯瑞生物科技""}, {""ts_code"": ""01882.HK"", ""side"": ""sell"", ""current_weight"": 0.08777835763888289, ""target_weight"": 0.0, ""post_trade_weight"": 0.0, ""diff_weight"": -0.08777835763888289, ""gross_amount"": 0.1299727778255435, ""gross_amount_pct_nav"": 0.08777835763888289, ""fee"": 3.8991833347663045e-05, ""fee_pct_nav"": 2.6333507291664862e-05, ""name"": ""海天国际""}, {""ts_code"": ""01898.HK"", ""side"": ""sell"", ""current_weight"": 0.14579551342494176, ""target_weight"": 0.10843556075175292, ""post_trade_weight"": 0.10846255407193234, ""diff_weight"": -0.03735995267318883, ""gross_amount"": 0.055318611090238085, ""gross_amount_pct_nav"": 0.03735995267318883, ""fee"": 1.6595583327071423e-05, ""fee_pct_nav"": 1.1207985801956648e-05, ""name"": ""中煤能源""}, {""ts_code"": ""02600.HK"", ""side"": ""sell"", ""current_weight"": 0.12923915740402386, ""target_weight"": 0.10253430574485482, ""post_trade_weight"": 0.10255983004080678, ""diff_weight"": -0.026704851659169023, ""gross_amount"": 0.03954168026064522, ""gross_amount_pct_nav"": 0.026704851659169023, ""fee"": 1.1862504078193567e-05, ""fee_pct_nav"": 8.011455497750707e-06, ""name"": ""中国铝业""}, {""ts_code"": ""02899.HK"", ""side"": ""sell"", ""current_weight"": 0.11013902109488649, ""target_weight"": 0.0, ""post_trade_weight"": 0.0, ""diff_weight"": -0.11013902109488649, ""gross_amount"": 0.163082050106021, ""gross_amount_pct_nav"": 0.11013902109488649, ""fee"": 4.8924615031806294e-05, ""fee_pct_nav"": 3.304170632846594e-05, ""name"": ""紫金矿业""}]"
2021-06-07,0.50954998,1.01909996,0.78748540,0.79996853,0.00047624,0.00023625,0.00023999,0.00000000,rebalance,"[{""ts_code"": ""00004.HK"", ""side"": ""buy"", ""current_weight"": 0.0, ""target_weight"": 0.14039243935814708, ""post_trade_weight"": 0.14043537466365616, ""diff_weight"": 0.14039243935814708, ""gross_amount"": 0.21868956639957127, ""gross_amount_pct_nav"": 0.14039243935814708, ""fee"": 6.560686991987138e-05, ""fee_pct_nav"": 4.211773180744412e-05, ""name"": ""九龙仓集团""}, {""ts_code"": ""00135.HK"", ""side"": ""buy"", ""current_weight"": 0.0, ""target_weight"": 0.12215119433713487, ""post_trade_weight"": 0.12218855104146413, ""diff_weight"": 0.12215119433713487, ""gross_amount"": 0.19027514477920926, ""gross_amount_pct_nav"": 0.12215119433713487, ""fee"": 5.708254343376277e-05, ""fee_pct_nav"": 3.664535830114046e-05, ""name"": ""昆仑能源""}, {""ts_code"": ""00267.HK"", ""side"": ""buy"", ""current_weight"": 0.0, ""target_weight"": 0.10781878753491107, ""post_trade_weight"": 0.10785176105259903, ""diff_weight"": 0.10781878753491107, ""gross_amount"": 0.16794952779178207, ""gross_amount_pct_nav"": 0.10781878753491107, ""fee"": 5.038485833753462e-05, ""fee_pct_nav"": 3.234563626047332e-05, ""name"": ""中信股份""}, {""ts_code"": ""00316.HK"", ""side"": ""buy"", ""current_weight"": 0.0, ""target_weight"": 0.1351806550664293, ""post_trade_weight"": 0.135221996485887, ""diff_weight"": 0.1351806550664293, ""gross_amount"": 0.21057116022232497, ""gross_amount_pct_nav"": 0.1351806550664293, ""fee"": 6.317134806669749e-05, ""fee_pct_nav"": 4.055419651992879e-05, ""name"": ""东方海外国际""}, {""ts_code"": ""00754.HK"", ""side"": ""sell"", ""current_weight"": 0.08764860627843424, ""target_weight"": 0.06221567498238071, ""post_trade_weight"": 0.06223470199711908, ""diff_weight"": -0.025432931296053524, ""gross_amount"": 0.03961692483464402, ""gross_amount_pct_nav"": 0.025432931296053524, ""fee"": 1.1885077450393205e-05, ""fee_pct_nav"": 7.629879388816057e-06, ""name"": ""合生创展集团""}, {""ts_code"": ""00780.HK"", ""side"": ""sell"", ""current_weight"": 0.11311981440586784, ""target_weight"": 0.0, ""post_trade_weight"": 0.0, ""diff_weight"": -0.11311981440586784, ""gross_amount"": 0.1762069473022775, ""gross_amount_pct_nav"": 0.11311981440586784, ""fee"": 5.286208419068325e-05, ""fee_pct_nav"": 3.393594432176035e-05, ""name"": ""同程旅行""}, {""ts_code"": ""00867.HK"", ""side"": ""sell"", ""current_weight"": 0.12698016009547533, ""target_weight"": 0.07785102785753399, ""post_trade_weight"": 0.0778748365304265, ""diff_weight"": -0.04912913223794134, ""gross_amount"": 0.0765285415355888, ""gross_amount_pct_nav"": 0.04912913223794134, ""fee"": 2.295856246067664e-05, ""fee_pct_nav"": 1.4738739671382402e-05, ""name"": ""康哲药业""}, {""ts_code"": ""01308.HK"", ""side"": ""sell"", ""current_weight"": 0.07700779218436418, ""target_weight"": 0.0, ""post_trade_weight"": 0.0, ""diff_weight"": -0.07700779218436418, ""gross_amount"": 0.11995518248119687, ""gross_amount_pct_nav"": 0.07700779218436418, ""fee"": 3.5986554744359055e-05, ""fee_pct_nav"": 2.3102337655309254e-05, ""name"": ""海丰国际""}, {""ts_code"": ""01378.HK"", ""side"": ""sell"", ""current_weight"": 0.08823197641355524, ""target_weight"": 0.0, ""post_trade_weight"": 0.0, ""diff_weight"": -0.08823197641355524, ""gross_amount"": 0.13743911533037884, ""gross_amount_pct_nav"": 0.08823197641355524, ""fee"": 4.123173459911365e-05, ""fee_pct_nav"": 2.6469592924066565e-05, ""name"": ""中国宏桥""}, {""ts_code"": ""01548.HK"", ""side"": ""sell"", ""current_weight"": 0.14421770229036132, ""target_weight"": 0.10260700324319331, ""post_trade_weight"": 0.10263838287482989, ""diff_weight"": -0.04161069904716802, ""gross_amount"": 0.06481706403714652, ""gross_amount_pct_nav"": 0.04161069904716802, ""fee"": 1.944511921114395e-05, ""fee_pct_nav"": 1.2483209714150404e-05, ""name"": ""金斯瑞生物科技""}, {""ts_code"": ""01898.HK"", ""side"": ""sell"", ""current_weight"": 0.11208676194373929, ""target_weight"": 0.09218343465975781, ""post_trade_weight"": 0.09221162651929163, ""diff_weight"": -0.019903327283981486, ""gross_amount"": 0.03100345028223972, ""gross_amount_pct_nav"": 0.019903327283981486, ""fee"": 9.301035084671916e-06, ""fee_pct_nav"": 5.9709981851944455e-06, ""name"": ""中煤能源""}, {""ts_code"": ""02600.HK"", ""side"": ""sell"", ""current_weight"": 0.09912121317014153, ""target_weight"": 0.0, ""post_trade_weight"": 0.0, ""diff_weight"": -0.09912121317014153, ""gross_amount"": 0.15440129987256188, ""gross_amount_pct_nav"": 0.09912121317014153, ""fee"": 4.632038996176856e-05, ""fee_pct_nav"": 2.9736363951042458e-05, ""name"": ""中国铝业""}]"
2021-06-21,0.75067048,1.50134097,1.19624590,1.19371972,0.00071699,0.00035887,0.00035812,0.00000000,rebalance,"[{""ts_code"": ""00004.HK"", ""side"": ""sell"", ""current_weight"": 0.14166397651410215, ""target_weight"": 0.0, ""post_trade_weight"": 0.0, ""diff_weight"": -0.14166397651410215, ""gross_amount"": 0.22551308522790922, ""gross_amount_pct_nav"": 0.14166397651410215, ""fee"": 6.765392556837276e-05, ""fee_pct_nav"": 4.249919295423063e-05, ""name"": ""九龙仓集团""}, {""ts_code"": ""00135.HK"", ""side"": ""sell"", ""current_weight"": 0.12291465215735536, ""target_weight"": 0.0, ""post_trade_weight"": 0.0, ""diff_weight"": -0.12291465215735536, ""gross_amount"": 0.19566627388128685, ""gross_amount_pct_nav"": 0.12291465215735536, ""fee"": 5.869988216438605e-05, ""fee_pct_nav"": 3.6874395647206606e-05, ""name"": ""昆仑能源""}, {""ts_code"": ""00267.HK"", ""side"": ""sell"", ""current_weight"": 0.1016894428465032, ""target_weight"": 0.0, ""post_trade_weight"": 0.0, ""diff_weight"": -0.1016894428465032, ""gross_amount"": 0.1618781327173832, ""gross_amount_pct_nav"": 0.1016894428465032, ""fee"": 4.856343981521495e-05, ""fee_pct_nav"": 3.050683285395096e-05, ""name"": ""中信股份""}, {""ts_code"": ""00316.HK"", ""side"": ""sell"", ""current_weight"": 0.14709420911066085, ""target_weight"": 0.07285999215072451, ""post_trade_weight"": 0.07289282324520488, ""diff_weight"": -0.07423421695993633, ""gross_amount"": 0.11817250728131821, ""gross_amount_pct_nav"": 0.07423421695993633, ""fee"": 3.545175218439546e-05, ""fee_pct_nav"": 2.22702650879809e-05, ""name"": ""东方海外国际""}, {""ts_code"": ""00754.HK"", ""side"": ""sell"", ""current_weight"": 0.06599331745236785, ""target_weight"": 0.0, ""post_trade_weight"": 0.0, ""diff_weight"": -0.06599331745236785, ""gross_amount"": 0.10505392400605679, ""gross_amount_pct_nav"": 0.06599331745236785, ""fee"": 3.151617720181704e-05, ""fee_pct_nav"": 1.9797995235710355e-05, ""name"": ""合生创展集团""}, {""ts_code"": ""00867.HK"", ""side"": ""sell"", ""current_weight"": 0.07346893303093781, ""target_weight"": 0.0, ""post_trade_weight"": 0.0, ""diff_weight"": -0.07346893303093781, ""gross_amount"": 0.11695426151305394, ""gross_amount_pct_nav"": 0.07346893303093781, ""fee"": 3.508627845391618e-05, ""fee_pct_nav"": 2.204067990928134e-05, ""name"": ""康哲药业""}, {""ts_code"": ""00868.HK"", ""side"": ""buy"", ""current_weight"": 0.0, ""target_weight"": 0.08993178947474365, ""post_trade_weight"": 0.08997231321060853, ""diff_weight"": 0.08993178947474365, ""gross_amount"": 0.14316127362482567, ""gross_amount_pct_nav"": 0.08993178947474365, ""fee"": 4.2948382087447696e-05, ""fee_pct_nav"": 2.697953684242309e-05, ""name"": ""信义玻璃""}, {""ts_code"": ""01308.HK"", ""side"": ""buy"", ""current_weight"": 0.0, ""target_weight"": 0.10761329384604915, ""post_trade_weight"": 0.10766178496049086, ""diff_weight"": 0.10761329384604915, ""gross_amount"": 0.17130823589682526, ""gross_amount_pct_nav"": 0.10761329384604915, ""fee"": 5.139247076904757e-05, ""fee_pct_nav"": 3.2283988153814744e-05, ""name"": ""海丰国际""}, {""ts_code"": ""01548.HK"", ""side"": ""sell"", ""current_weight"": 0.10442611857951604, ""target_weight"": 0.0789570626235885, ""post_trade_weight"": 0.0789926410899919, ""diff_weight"": -0.02546905595592756, ""gross_amount"": 0.04054386674576882, ""gross_amount_pct_nav"": 0.02546905595592756, ""fee"": 1.2163160023730644e-05, ""fee_pct_nav"": 7.640716786778266e-06, ""name"": ""金斯瑞生物科技""}, {""ts_code"": ""01888.HK"", ""side"": ""sell"", ""current_weight"": 0.05469290388939441, ""target_weight"": 0.0, ""post_trade_weight"": 0.0, ""diff_weight"": -0.05469290388939441, ""gross_amount"": 0.08706493915863676, ""gross_amount_pct_nav"": 0.05469290388939441, ""fee"": 2.6119481747591026e-05, ""fee_pct_nav"": 1.640787116681832e-05, ""name"": ""建滔积层板""}, {""ts_code"": ""01898.HK"", ""side"": ""sell"", ""current_weight"": 0.08975053053253632, ""target_weight"": 0.0, ""post_trade_weight"": 0.0, ""diff_weight"": -0.08975053053253632, ""gross_amount"": 0.14287272981652552, ""gross_amount_pct_nav"": 0.08975053053253632, ""fee"": 4.286181894495765e-05, ""fee_pct_nav"": 2.6925159159760892e-05, ""name"": ""中煤能源""}, {""ts_code"": ""01919.HK"", ""side"": ""buy"", ""current_weight"": 0.0, ""target_weight"": 0.12529479821735467, ""post_trade_weight"": 0.12535125671037323, ""diff_weight"": 0.12529479821735467, ""gross_amount"": 0.19945519816882487, ""gross_amount_pct_nav"": 0.12529479821735467, ""fee"": 5.983655945064746e-05, ""fee_pct_nav"": 3.75884394652064e-05, ""name"": ""中远海控""}, {""ts_code"": ""01929.HK"", ""side"": ""buy"", ""current_weight"": 0.0, ""target_weight"": 0.10639387975147635, ""post_trade_weight"": 0.10644182139153346, ""diff_weight"": 0.10639387975147635, ""gross_amount"": 0.1693670660849632, ""gross_amount_pct_nav"": 0.10639387975147635, ""fee"": 5.081011982548896e-05, ""fee_pct_nav"": 3.19181639254429e-05, ""name"": ""周大福""}, {""ts_code"": ""02020.HK"", ""side"": ""buy"", ""current_weight"": 0.0, ""target_weight"": 0.09054149652203003, ""post_trade_weight"": 0.09058229499508721, ""diff_weight"": 0.09054149652203003, ""gross_amount"": 0.14413185853075666, ""gross_amount_pct_nav"": 0.09054149652203003, ""fee"": 4.3239557559226996e-05, ""fee_pct_nav"": 2.7162448956609006e-05, ""name"": ""安踏体育""}, {""ts_code"": ""02331.HK"", ""side"": ""buy"", ""current_weight"": 0.0, ""target_weight"": 0.12285597002820912, ""post_trade_weight"": 0.12291132957245844, ""diff_weight"": 0.12285597002820912, ""gross_amount"": 0.19557285854510084, ""gross_amount_pct_nav"": 0.12285597002820912, ""fee"": 5.8671857563530246e-05, ""fee_pct_nav"": 3.685679100846273e-05, ""name"": ""李宁""}, {""ts_code"": ""03759.HK"", ""side"": ""buy"", ""current_weight"": 0.0, ""target_weight"": 0.10883270794062194, ""post_trade_weight"": 0.10888174852944828, ""diff_weight"": 0.10883270794062194, ""gross_amount"": 0.1732494057086873, ""gross_amount_pct_nav"": 0.10883270794062194, ""fee"": 5.197482171260618e-05, ""fee_pct_nav"": 3.264981238218658e-05, ""name"": ""康龙化成""}]"
2021-07-05,0.54297802,1.08595604,0.90445739,0.91643305,0.00054627,0.00027134,0.00027493,0.00000000,rebalance,"[{""ts_code"": ""00004.HK"", ""side"": ""buy"", ""current_weight"": 0.0, ""target_weight"": 0.13848564016705942, ""post_trade_weight"": 0.13853077166548664, ""diff_weight"": 0.13848564016705942, ""gross_amount"": 0.23220753841850164, ""gross_amount_pct_nav"": 0.13848564016705942, ""fee"": 6.966226152555048e-05, ""fee_pct_nav"": 4.154569205011782e-05, ""name"": ""九龙仓集团""}, {""ts_code"": ""00135.HK"", ""side"": ""buy"", ""current_weight"": 0.0, ""target_weight"": 0.07461154768443959, ""post_trade_weight"": 0.07463586306430793, ""diff_weight"": 0.07461154768443959, ""gross_amount"": 0.12510585071851682, ""gross_amount_pct_nav"": 0.07461154768443959, ""fee"": 3.753175521555504e-05, ""fee_pct_nav"": 2.2383464305331872e-05, ""name"": ""昆仑能源""}, {""ts_code"": ""00354.HK"", ""side"": ""buy"", ""current_weight"": 0.0, ""target_weight"": 0.0867255997070054, ""post_trade_weight"": 0.08675386297142801, ""diff_weight"": 0.0867255997070054, ""gross_amount"": 0.14541823976506563, ""gross_amount_pct_nav"": 0.0867255997070054, ""fee"": 4.3625471929519684e-05, ""fee_pct_nav"": 2.6017679912101614e-05, ""name"": ""中国软件国际""}, {""ts_code"": ""00868.HK"", ""side"": ""sell"", ""current_weight"": 0.08509058673691089, ""target_weight"": 0.0, ""post_trade_weight"": 0.0, ""diff_weight"": -0.08509058673691089, ""gross_amount"": 0.14267671120939754, ""gross_amount_pct_nav"": 0.08509058673691089, ""fee"": 4.280301336281926e-05, ""fee_pct_nav"": 2.5527176021073264e-05, ""name"": ""信义玻璃""}, {""ts_code"": ""01171.HK"", ""side"": ""buy"", ""current_weight"": 0.0, ""target_weight"": 0.07020643785805199, ""post_trade_weight"": 0.07022931764353696, ""diff_weight"": 0.07020643785805199, ""gross_amount"": 0.11771952742886264, ""gross_amount_pct_nav"": 0.07020643785805199, ""fee"": 3.531585822865879e-05, ""fee_pct_nav"": 2.106193135741559e-05, ""name"": ""兖矿能源""}, {""ts_code"": ""01308.HK"", ""side"": ""buy"", ""current_weight"": 0.11318347510178234, ""target_weight"": 0.14289074999344697, ""post_trade_weight"": 0.14293731708625756, ""diff_weight"": 0.029707274891664644, ""gross_amount"": 0.04981204670313569, ""gross_amount_pct_nav"": 0.029707274891664644, ""fee"": 1.4943614010940705e-05, ""fee_pct_nav"": 8.912182467499393e-06, ""name"": ""海丰国际""}, {""ts_code"": ""01368.HK"", ""side"": ""buy"", ""current_weight"": 0.0, ""target_weight"": 0.11425753612192774, ""post_trade_weight"": 0.11429477185124642, ""diff_weight"": 0.11425753612192774, ""gross_amount"": 0.19158276032540392, ""gross_amount_pct_nav"": 0.11425753612192774, ""fee"": 5.747482809762117e-05, ""fee_pct_nav"": 3.427726083657832e-05, ""name"": ""特步国际""}, {""ts_code"": ""01548.HK"", ""side"": ""buy"", ""current_weight"": 0.0822369560206394, ""target_weight"": 0.10764987138234637, ""post_trade_weight"": 0.10768495372009, ""diff_weight"": 0.02541291536170697, ""gross_amount"": 0.042611425365554595, ""gross_amount_pct_nav"": 0.02541291536170697, ""fee"": 1.2783427609666378e-05, ""fee_pct_nav"": 7.623874608512091e-06, ""name"": ""金斯瑞生物科技""}, {""ts_code"": ""01919.HK"", ""side"": ""sell"", ""current_weight"": 0.11880479136890507, ""target_weight"": 0.07791538005423024, ""post_trade_weight"": 0.07794077212988611, ""diff_weight"": -0.040889411314674835, ""gross_amount"": 0.0685618345505597, ""gross_amount_pct_nav"": 0.040889411314674835, ""fee"": 2.0568550365167906e-05, ""fee_pct_nav"": 1.2266823394402449e-05, ""name"": ""中远海控""}, {""ts_code"": ""01929.HK"", ""side"": ""sell"", ""current_weight"": 0.1083465923638327, ""target_weight"": 0.0, ""post_trade_weight"": 0.0, ""diff_weight"": -0.1083465923638327, ""gross_amount"": 0.18167151105694773, ""gross_amount_pct_nav"": 0.1083465923638327, ""fee"": 5.4501453317084315e-05, ""fee_pct_nav"": 3.250397770914981e-05, ""name"": ""周大福""}, {""ts_code"": ""02020.HK"", ""side"": ""sell"", ""current_weight"": 0.08813946826957247, ""target_weight"": 0.0, ""post_trade_weight"": 0.0, ""diff_weight"": -0.08813946826957247, ""gross_amount"": 0.14778896165482225, ""gross_amount_pct_nav"": 0.08813946826957247, ""fee"": 4.4336688496446674e-05, ""fee_pct_nav"": 2.6441840480871742e-05, ""name"": ""安踏体育""}, {""ts_code"": ""02331.HK"", ""side"": ""sell"", ""current_weight"": 0.12648035899062296, ""target_weight"": 0.0, ""post_trade_weight"": 0.0, ""diff_weight"": -0.12648035899062296, ""gross_amount"": 0.21207753225584552, ""gross_amount_pct_nav"": 0.12648035899062296, ""fee"": 6.362325967675365e-05, ""fee_pct_nav"": 3.7944107697186884e-05, ""name"": ""李宁""}, {""ts_code"": ""03759.HK"", ""side"": ""sell"", ""current_weight"": 0.09760266962839861, ""target_weight"": 0.0, ""post_trade_weight"": 0.0, ""diff_weight"": -0.09760266962839861, ""gross_amount"": 0.16365650352010747, ""gross_amount_pct_nav"": 0.09760266962839861, ""fee"": 4.909695105603223e-05, ""fee_pct_nav"": 2.928080088851958e-05, ""name"": ""康龙化成""}]"
2021-07-19,0.61569613,1.23139227,1.04665745,1.04100144,0.00062630,0.00031400,0.00031230,0.00000000,rebalance,"[{""ts_code"": ""00004.HK"", ""side"": ""sell"", ""current_weight"": 0.12744263247182777, ""target_weight"": 0.0, ""post_trade_weight"": 0.0, ""diff_weight"": -0.12744263247182777, ""gross_amount"": 0.21606173123985672, ""gross_amount_pct_nav"": 0.12744263247182777, ""fee"": 6.481851937195701e-05, ""fee_pct_nav"": 3.823278974154833e-05, ""name"": ""九龙仓集团""}, {""ts_code"": ""00135.HK"", ""side"": ""sell"", ""current_weight"": 0.07086923869979757, ""target_weight"": 0.0, ""post_trade_weight"": 0.0, ""diff_weight"": -0.07086923869979757, ""gross_amount"": 0.12014920053157083, ""gross_amount_pct_nav"": 0.07086923869979757, ""fee"": 3.604476015947125e-05, ""fee_pct_nav"": 2.126077160993927e-05, ""name"": ""昆仑能源""}, {""ts_code"": ""00316.HK"", ""side"": ""sell"", ""current_weight"": 0.07121209332522514, ""target_weight"": 0.0, ""post_trade_weight"": 0.0, ""diff_weight"": -0.07121209332522514, ""gross_amount"": 0.12073046413619583, ""gross_amount_pct_nav"": 0.07121209332522514, ""fee"": 3.6219139240858745e-05, ""fee_pct_nav"": 2.1363627997567538e-05, ""name"": ""东方海外国际""}, {""ts_code"": ""00347.HK"", ""side"": ""buy"", ""current_weight"": 0.0, ""target_weight"": 0.09768670278044118, ""post_trade_weight"": 0.09772280331168934, ""diff_weight"": 0.09768670278044118, ""gross_amount"": 0.16561458055663736, ""gross_amount_pct_nav"": 0.09768670278044118, ""fee"": 4.96843741669912e-05, ""fee_pct_nav"": 2.9306010834132352e-05, ""name"": ""鞍钢股份""}, {""ts_code"": ""00354.HK"", ""side"": ""sell"", ""current_weight"": 0.08289287739819322, ""target_weight"": 0.0, ""post_trade_weight"": 0.0, ""diff_weight"": -0.08289287739819322, ""gross_amount"": 0.1405336522852034, ""gross_amount_pct_nav"": 0.08289287739819322, ""fee"": 4.216009568556101e-05, ""fee_pct_nav"": 2.486786321945796e-05, ""name"": ""中国软件国际""}, {""ts_code"": ""00754.HK"", ""side"": ""buy"", ""current_weight"": 0.0, ""target_weight"": 0.08866946867763127, ""post_trade_weight"": 0.08870223685214881, ""diff_weight"": 0.08866946867763127, ""gross_amount"": 0.15032708081294782, ""gross_amount_pct_nav"": 0.08866946867763127, ""fee"": 4.509812424388434e-05, ""fee_pct_nav"": 2.6600840603289378e-05, ""name"": ""合生创展集团""}, {""ts_code"": ""01171.HK"", ""side"": ""buy"", ""current_weight"": 0.07996855541983114, ""target_weight"": 0.11421829863559284, ""post_trade_weight"": 0.11426050848751375, ""diff_weight"": 0.034249743215761706, ""gross_amount"": 0.05806580317896254, ""gross_amount_pct_nav"": 0.034249743215761706, ""fee"": 1.741974095368876e-05, ""fee_pct_nav"": 1.027492296472851e-05, ""name"": ""兖矿能源""}, {""ts_code"": ""01308.HK"", ""side"": ""sell"", ""current_weight"": 0.14113184639107507, ""target_weight"": 0.0, ""post_trade_weight"": 0.0, ""diff_weight"": -0.14113184639107507, ""gross_amount"": 0.2392699403088207, ""gross_amount_pct_nav"": 0.14113184639107507, ""fee"": 7.17809820926462e-05, ""fee_pct_nav"": 4.2339553917322514e-05, ""name"": ""海丰国际""}, {""ts_code"": ""01368.HK"", ""side"": ""sell"", ""current_weight"": 0.11018730613320554, ""target_weight"": 0.0834094154509921, ""post_trade_weight"": 0.08344023975075013, ""diff_weight"": -0.026777890682213437, ""gross_amount"": 0.04539828868514337, ""gross_amount_pct_nav"": 0.026777890682213437, ""fee"": 1.361948660554301e-05, ""fee_pct_nav"": 8.03336720466403e-06, ""name"": ""特步国际""}, {""ts_code"": ""01772.HK"", ""side"": ""buy"", ""current_weight"": 0.0, ""target_weight"": 0.08566372397669463, ""post_trade_weight"": 0.0856953813656353, ""diff_weight"": 0.08566372397669463, ""gross_amount"": 0.1452312475650513, ""gross_amount_pct_nav"": 0.08566372397669463, ""fee"": 4.3569374269515386e-05, ""fee_pct_nav"": 2.5699117193008386e-05, ""name"": ""赣锋锂业""}, {""ts_code"": ""01919.HK"", ""side"": ""sell"", ""current_weight"": 0.09370147132891646, ""target_weight"": 0.0, ""post_trade_weight"": 0.0, ""diff_weight"": -0.09370147132891646, ""gross_amount"": 0.15885816011783088, ""gross_amount_pct_nav"": 0.09370147132891646, ""fee"": 4.765744803534926e-05, ""fee_pct_nav"": 2.8110441398674935e-05, ""name"": ""中远海控""}, {""ts_code"": ""02196.HK"", ""side"": ""buy"", ""current_weight"": 0.0, ""target_weight"": 0.09918957513090954, ""post_trade_weight"": 0.09922623105494612, ""diff_weight"": 0.09918957513090954, ""gross_amount"": 0.16816249718058565, ""gross_amount_pct_nav"": 0.09918957513090954, ""fee"": 5.044874915417569e-05, ""fee_pct_nav"": 2.9756872539272853e-05, ""name"": ""复星医药""}, {""ts_code"": ""03898.HK"", ""side"": ""buy"", ""current_weight"": 0.0, ""target_weight"": 0.10294675600708036, ""post_trade_weight"": 0.10298480041308802, ""diff_weight"": 0.10294675600708036, ""gross_amount"": 0.17453228874045634, ""gross_amount_pct_nav"": 0.10294675600708036, ""fee"": 5.23596866221369e-05, ""fee_pct_nav"": 3.08840268021241e-05, ""name"": ""时代电气""}, {""ts_code"": ""09969.HK"", ""side"": ""buy"", ""current_weight"": 0.0, ""target_weight"": 0.10895824540895366, ""post_trade_weight"": 0.10899851138611505, ""diff_weight"": 0.10895824540895366, ""gross_amount"": 0.1847239552362494, ""gross_amount_pct_nav"": 0.10895824540895366, ""fee"": 5.541718657087482e-05, ""fee_pct_nav"": 3.2687473622686094e-05, ""name"": ""诺诚健华""}]"
2021-08-02,0.41372473,0.82744945,0.64355537,0.65167474,0.00038857,0.00019307,0.00019550,0.00000000,rebalance,"[{""ts_code"": ""00189.HK"", ""side"": ""buy"", ""current_weight"": 0.0, ""target_weight"": 0.07408051674412318, ""post_trade_weight"": 0.07409891067502217, ""diff_weight"": 0.07408051674412318, ""gross_amount"": 0.11596033545931764, ""gross_amount_pct_nav"": 0.07408051674412318, ""fee"": 3.478810063779529e-05, ""fee_pct_nav"": 2.2224155023236953e-05, ""name"": ""东岳集团""}, {""ts_code"": ""00347.HK"", ""side"": ""sell"", ""current_weight"": 0.10180090394168778, ""target_weight"": 0.0, ""post_trade_weight"": 0.0, ""diff_weight"": -0.10180090394168778, ""gross_amount"": 0.15935184431710067, ""gross_amount_pct_nav"": 0.10180090394168778, ""fee"": 4.78055532951302e-05, ""fee_pct_nav"": 3.054027118250633e-05, ""name"": ""鞍钢股份""}, {""ts_code"": ""00754.HK"", ""side"": ""sell"", ""current_weight"": 0.07352022985128072, ""target_weight"": 0.0, ""post_trade_weight"": 0.0, ""diff_weight"": -0.07352022985128072, ""gross_amount"": 0.11508330248353693, ""gross_amount_pct_nav"": 0.07352022985128072, ""fee"": 3.4524990745061075e-05, ""fee_pct_nav"": 2.2056068955384212e-05, ""name"": ""合生创展集团""}, {""ts_code"": ""00836.HK"", ""side"": ""buy"", ""current_weight"": 0.0, ""target_weight"": 0.12377427952900084, ""post_trade_weight"": 0.1238050122458445, ""diff_weight"": 0.12377427952900084, ""gross_amount"": 0.19374739278606487, ""gross_amount_pct_nav"": 0.12377427952900084, ""fee"": 5.812421783581946e-05, ""fee_pct_nav"": 3.713228385870025e-05, ""name"": ""华润电力""}, {""ts_code"": ""01171.HK"", ""side"": ""sell"", ""current_weight"": 0.11525847017212436, ""target_weight"": 0.07776153620966966, ""post_trade_weight"": 0.07778084412471271, ""diff_weight"": -0.037496933962454695, ""gross_amount"": 0.0586950149929545, ""gross_amount_pct_nav"": 0.037496933962454695, ""fee"": 1.760850449788635e-05, ""fee_pct_nav"": 1.1249080188736407e-05, ""name"": ""兖矿能源""}, {""ts_code"": ""01548.HK"", ""side"": ""buy"", ""current_weight"": 0.11288400555985982, ""target_weight"": 0.14033886712396004, ""post_trade_weight"": 0.14037371276945193, ""diff_weight"": 0.027454861564100225, ""gross_amount"": 0.04297587404740599, ""gross_amount_pct_nav"": 0.027454861564100225, ""fee"": 1.2892762214221797e-05, ""fee_pct_nav"": 8.236458469230068e-06, ""name"": ""金斯瑞生物科技""}, {""ts_code"": ""01772.HK"", ""side"": ""sell"", ""current_weight"": 0.10531916054779297, ""target_weight"": 0.0, ""post_trade_weight"": 0.0, ""diff_weight"": -0.10531916054779297, ""gross_amount"": 0.16485907124000523, ""gross_amount_pct_nav"": 0.10531916054779297, ""fee"": 4.9457721372001566e-05, ""fee_pct_nav"": 3.159574816433789e-05, ""name"": ""赣锋锂业""}, {""ts_code"": ""01919.HK"", ""side"": ""buy"", ""current_weight"": 0.0, ""target_weight"": 0.07960204594244291, ""post_trade_weight"": 0.07962181084955798, ""diff_weight"": 0.07960204594244291, ""gross_amount"": 0.1246033418289562, ""gross_amount_pct_nav"": 0.07960204594244291, ""fee"": 3.7381002548686854e-05, ""fee_pct_nav"": 2.388061378273287e-05, ""name"": ""中远海控""}, {""ts_code"": ""02196.HK"", ""side"": ""buy"", ""current_weight"": 0.11345189442001127, ""target_weight"": 0.17898957151219824, ""post_trade_weight"": 0.17903401399120264, ""diff_weight"": 0.06553767709218696, ""gross_amount"": 0.1025879860839028, ""gross_amount_pct_nav"": 0.06553767709218696, ""fee"": 3.0776395825170836e-05, ""fee_pct_nav"": 1.9661303127656087e-05, ""name"": ""复星医药""}, {""ts_code"": ""03898.HK"", ""side"": ""buy"", ""current_weight"": 0.10701906582311506, ""target_weight"": 0.147700906055053, ""post_trade_weight"": 0.147737579668833, ""diff_weight"": 0.04068184023193795, ""gross_amount"": 0.0636804391725862, ""gross_amount_pct_nav"": 0.04068184023193795, ""fee"": 1.910413175177586e-05, ""fee_pct_nav"": 1.2204552069581385e-05, ""name"": ""时代电气""}, {""ts_code"": ""09969.HK"", ""side"": ""sell"", ""current_weight"": 0.09818100211814776, ""target_weight"": 0.0, ""post_trade_weight"": 0.0, ""diff_weight"": -0.09818100211814776, ""gross_amount"": 0.15368550925038696, ""gross_amount_pct_nav"": 0.09818100211814776, ""fee"": 4.6105652775116086e-05, ""fee_pct_nav"": 2.9454300635444324e-05, ""name"": ""诺诚健华""}]"
2021-08-16,0.55830197,1.11660395,0.86430633,0.85194332,0.00051487,0.00025929,0.00025558,0.00000000,rebalance,"[{""ts_code"": ""00135.HK"", ""side"": ""buy"", ""current_weight"": 0.0, ""target_weight"": 0.09556740667754442, ""post_trade_weight"": 0.0955994306880805, ""diff_weight"": 0.09556740667754442, ""gross_amount"": 0.14688961872185802, ""gross_amount_pct_nav"": 0.09556740667754442, ""fee"": 4.40668856165574e-05, ""fee_pct_nav"": 2.8670222003263322e-05, ""name"": ""昆仑能源""}, {""ts_code"": ""00189.HK"", ""side"": ""buy"", ""current_weight"": 0.08486230934342776, ""target_weight"": 0.11508755782870243, ""post_trade_weight"": 0.11512612291373098, ""diff_weight"": 0.030225248485274688, ""gross_amount"": 0.046457002236711675, ""gross_amount_pct_nav"": 0.030225248485274688, ""fee"": 1.3937100671013501e-05, ""fee_pct_nav"": 9.067574545582405e-06, ""name"": ""东岳集团""}, {""ts_code"": ""00316.HK"", ""side"": ""buy"", ""current_weight"": 0.0, ""target_weight"": 0.11346087856610595, ""post_trade_weight"": 0.11349889856159347, ""diff_weight"": 0.11346087856610595, ""gross_amount"": 0.1743923558442485, ""gross_amount_pct_nav"": 0.11346087856610595, ""fee"": 5.2317706753274544e-05, ""fee_pct_nav"": 3.403826356983178e-05, ""name"": ""东方海外国际""}, {""ts_code"": ""00836.HK"", ""side"": ""sell"", ""current_weight"": 0.13666950820191973, ""target_weight"": 0.08336731220807067, ""post_trade_weight"": 0.08339524804704895, ""diff_weight"": -0.05330219599384907, ""gross_amount"": 0.08192687777949251, ""gross_amount_pct_nav"": 0.05330219599384907, ""fee"": 2.457806333384775e-05, ""fee_pct_nav"": 1.599065879815472e-05, ""name"": ""华润电力""}, {""ts_code"": ""01171.HK"", ""side"": ""sell"", ""current_weight"": 0.07359596079064158, ""target_weight"": 0.0, ""post_trade_weight"": 0.0, ""diff_weight"": -0.07359596079064158, ""gross_amount"": 0.11311892826057303, ""gross_amount_pct_nav"": 0.07359596079064158, ""fee"": 3.3935678478171906e-05, ""fee_pct_nav"": 2.2078788237192475e-05, ""name"": ""兖矿能源""}, {""ts_code"": ""01368.HK"", ""side"": ""sell"", ""current_weight"": 0.0796732355575898, ""target_weight"": 0.0, ""post_trade_weight"": 0.0, ""diff_weight"": -0.0796732355575898, ""gross_amount"": 0.12245985948827734, ""gross_amount_pct_nav"": 0.0796732355575898, ""fee"": 3.67379578464832e-05, ""fee_pct_nav"": 2.3901970667276937e-05, ""name"": ""特步国际""}, {""ts_code"": ""01548.HK"", ""side"": ""sell"", ""current_weight"": 0.14497354530726383, ""target_weight"": 0.08174063294547418, ""post_trade_weight"": 0.08176802369491142, ""diff_weight"": -0.06323291236178967, ""gross_amount"": 0.09719065014326081, ""gross_amount_pct_nav"": 0.06323291236178967, ""fee"": 2.915719504297824e-05, ""fee_pct_nav"": 1.8969873708536896e-05, ""name"": ""金斯瑞生物科技""}, {""ts_code"": ""01919.HK"", ""side"": ""buy"", ""current_weight"": 0.08766634192914556, ""target_weight"": 0.11671423709129895, ""post_trade_weight"": 0.11675334726586854, ""diff_weight"": 0.029047895162153396, ""gross_amount"": 0.0446473791994588, ""gross_amount_pct_nav"": 0.029047895162153396, ""fee"": 1.3394213759837638e-05, ""fee_pct_nav"": 8.714368548646018e-06, ""name"": ""中远海控""}, {""ts_code"": ""02196.HK"", ""side"": ""sell"", ""current_weight"": 0.1498874922658812, ""target_weight"": 0.0, ""post_trade_weight"": 0.0, ""diff_weight"": -0.1498874922658812, ""gross_amount"": 0.23038101959173565, ""gross_amount_pct_nav"": 0.1498874922658812, ""fee"": 6.911430587752069e-05, ""fee_pct_nav"": 4.496624767976435e-05, ""name"": ""复星医药""}, {""ts_code"": ""02600.HK"", ""side"": ""buy"", ""current_weight"": 0.0, ""target_weight"": 0.08662067073326368, ""post_trade_weight"": 0.08664969675132404, ""diff_weight"": 0.08662067073326368, ""gross_amount"": 0.13313825016066283, ""gross_amount_pct_nav"": 0.08662067073326368, ""fee"": 3.9941475048198847e-05, ""fee_pct_nav"": 2.5986201219979103e-05, ""name"": ""中国铝业""}, {""ts_code"": ""02688.HK"", ""side"": ""buy"", ""current_weight"": 0.0, ""target_weight"": 0.09068736888975494, ""post_trade_weight"": 0.0907177576316679, ""diff_weight"": 0.09068736888975494, ""gross_amount"": 0.1393888722339334, ""gross_amount_pct_nav"": 0.09068736888975494, ""fee"": 4.181666167018002e-05, ""fee_pct_nav"": 2.7206210666926483e-05, ""name"": ""新奥能源""}, {""ts_code"": ""03898.HK"", ""side"": ""sell"", ""current_weight"": 0.1345884459899244, ""target_weight"": 0.0, ""post_trade_weight"": 0.0, ""diff_weight"": -0.1345884459899244, ""gross_amount"": 0.20686598290285793, ""gross_amount_pct_nav"": 0.1345884459899244, ""fee"": 6.205979487085738e-05, ""fee_pct_nav"": 4.037653379697732e-05, ""name"": ""时代电气""}, {""ts_code"": ""03998.HK"", ""side"": ""buy"", ""current_weight"": 0.0, ""target_weight"": 0.11671423709129895, ""post_trade_weight"": 0.11675334726586854, ""diff_weight"": 0.11671423709129895, ""gross_amount"": 0.17939285350286494, ""gross_amount_pct_nav"": 0.11671423709129895, ""fee"": 5.3817856050859475e-05, ""fee_pct_nav"": 3.5014271127389685e-05, ""name"": ""波司登""}]"
2021-08-30,0.52779680,1.05559359,0.90273485,0.88711836,0.00053696,0.00027082,0.00026614,0.00000000,rebalance,"[{""ts_code"": ""00135.HK"", ""side"": ""buy"", ""current_weight"": 0.09433390804428429, ""target_weight"": 0.10962136051333617, ""post_trade_weight"": 0.10965608619195416, ""diff_weight"": 0.015287452469051872, ""gross_amount"": 0.025921240991126526, ""gross_amount_pct_nav"": 0.015287452469051872, ""fee"": 7.776372297337957e-06, ""fee_pct_nav"": 4.5862357407155614e-06, ""name"": ""昆仑能源""}, {""ts_code"": ""00189.HK"", ""side"": ""sell"", ""current_weight"": 0.1315294004578887, ""target_weight"": 0.085133517327111, ""post_trade_weight"": 0.0851604857860726, ""diff_weight"": -0.0463958831307777, ""gross_amount"": 0.07866836348722386, ""gross_amount_pct_nav"": 0.0463958831307777, ""fee"": 2.3600509046167158e-05, ""fee_pct_nav"": 1.391876493923331e-05, ""name"": ""东岳集团""}, {""ts_code"": ""00316.HK"", ""side"": ""sell"", ""current_weight"": 0.11904980753089733, ""target_weight"": 0.0, ""post_trade_weight"": 0.0, ""diff_weight"": -0.11904980753089733, ""gross_amount"": 0.20185958106511176, ""gross_amount_pct_nav"": 0.11904980753089733, ""fee"": 6.0557874319533524e-05, ""fee_pct_nav"": 3.5714942259269197e-05, ""name"": ""东方海外国际""}, {""ts_code"": ""00336.HK"", ""side"": ""buy"", ""current_weight"": 0.0, ""target_weight"": 0.10541251246570374, ""post_trade_weight"": 0.10544590487219328, ""diff_weight"": 0.10541251246570374, ""gross_amount"": 0.1787363293285909, ""gross_amount_pct_nav"": 0.10541251246570374, ""fee"": 5.3620898798577263e-05, ""fee_pct_nav"": 3.162375373971112e-05, ""name"": ""华宝国际""}, {""ts_code"": ""00836.HK"", ""side"": ""sell"", ""current_weight"": 0.09454951257629489, ""target_weight"": 0.0, ""post_trade_weight"": 0.0, ""diff_weight"": -0.09454951257629489, ""gross_amount"": 0.1603171428362707, ""gross_amount_pct_nav"": 0.09454951257629489, ""fee"": 4.80951428508812e-05, ""fee_pct_nav"": 2.8364853772888465e-05, ""name"": ""华润电力""}, {""ts_code"": ""01171.HK"", ""side"": ""buy"", ""current_weight"": 0.0, ""target_weight"": 0.10656038011505803, ""post_trade_weight"": 0.10659413614121896, ""diff_weight"": 0.10656038011505803, ""gross_amount"": 0.18068264144469168, ""gross_amount_pct_nav"": 0.10656038011505803, ""fee"": 5.42047924334075e-05, ""fee_pct_nav"": 3.196811403451741e-05, ""name"": ""兖矿能源""}, {""ts_code"": ""01308.HK"", ""side"": ""buy"", ""current_weight"": 0.0, ""target_weight"": 0.09431645852194544, ""post_trade_weight"": 0.0943463359382782, ""diff_weight"": 0.09431645852194544, ""gross_amount"": 0.15992197887294973, ""gross_amount_pct_nav"": 0.09431645852194544, ""fee"": 4.797659366188491e-05, ""fee_pct_nav"": 2.8294937556583625e-05, ""name"": ""海丰国际""}, {""ts_code"": ""01548.HK"", ""side"": ""sell"", ""current_weight"": 0.07828883252383305, ""target_weight"": 0.0, ""post_trade_weight"": 0.0, ""diff_weight"": -0.07828883252383305, ""gross_amount"": 0.1327457075580416, ""gross_amount_pct_nav"": 0.07828883252383305, ""fee"": 3.982371226741248e-05, ""fee_pct_nav"": 2.3486649757149914e-05, ""name"": ""金斯瑞生物科技""}, {""ts_code"": ""01618.HK"", ""side"": ""buy"", ""current_weight"": 0.0, ""target_weight"": 0.11574332130989248, ""post_trade_weight"": 0.11577998629342456, ""diff_weight"": 0.11574332130989248, ""gross_amount"": 0.19625313837349817, ""gross_amount_pct_nav"": 0.11574332130989248, ""fee"": 5.8875941512049444e-05, ""fee_pct_nav"": 3.472299639296774e-05, ""name"": ""中国中冶""}, {""ts_code"": ""01919.HK"", ""side"": ""sell"", ""current_weight"": 0.11575398132162783, ""target_weight"": 0.0, ""post_trade_weight"": 0.0, ""diff_weight"": -0.11575398132162783, ""gross_amount"": 0.1962712133754463, ""gross_amount_pct_nav"": 0.11575398132162783, ""fee"": 5.8881364012633886e-05, ""fee_pct_nav"": 3.472619439648835e-05, ""name"": ""中远海控""}, {""ts_code"": ""02331.HK"", ""side"": ""buy"", ""current_weight"": 0.0, ""target_weight"": 0.09508170362151498, ""post_trade_weight"": 0.09511182345096199, ""diff_weight"": 0.09508170362151498, ""gross_amount"": 0.1612195202836836, ""gross_amount_pct_nav"": 0.09508170362151498, ""fee"": 4.8365856085105077e-05, ""fee_pct_nav"": 2.852451108645449e-05, ""name"": ""李宁""}, {""ts_code"": ""02688.HK"", ""side"": ""sell"", ""current_weight"": 0.06915374779915097, ""target_weight"": 0.0, ""post_trade_weight"": 0.0, ""diff_weight"": -0.06915374779915097, ""gross_amount"": 0.1172563555484632, ""gross_amount_pct_nav"": 0.06915374779915097, ""fee"": 3.5176906664538955e-05, ""fee_pct_nav"": 2.0746124339745288e-05, ""name"": ""新奥能源""}]"
2021-09-13,0.52989670,1.05979340,0.96813688,0.98117333,0.00058479,0.00029044,0.00029435,0.00000000,rebalance,"[{""ts_code"": ""00189.HK"", ""side"": ""buy"", ""current_weight"": 0.07983942148838079, ""target_weight"": 0.09723255472045907, ""post_trade_weight"": 0.09726347847813092, ""diff_weight"": 0.01739313323207827, ""gross_amount"": 0.03199171862725819, ""gross_amount_pct_nav"": 0.01739313323207827, ""fee"": 9.597515588177456e-06, ""fee_pct_nav"": 5.217939969623481e-06, ""name"": ""东岳集团""}, {""ts_code"": ""00336.HK"", ""side"": ""sell"", ""current_weight"": 0.08564292848451038, ""target_weight"": 0.0, ""post_trade_weight"": 0.0, ""diff_weight"": -0.08564292848451038, ""gross_amount"": 0.15752564152373086, ""gross_amount_pct_nav"": 0.08564292848451038, ""fee"": 4.725769245711925e-05, ""fee_pct_nav"": 2.5692878545353112e-05, ""name"": ""华宝国际""}, {""ts_code"": ""00836.HK"", ""side"": ""buy"", ""current_weight"": 0.0, ""target_weight"": 0.07799589821101575, ""post_trade_weight"": 0.07802070395907627, ""diff_weight"": 0.07799589821101575, ""gross_amount"": 0.14346022630615687, ""gross_amount_pct_nav"": 0.07799589821101575, ""fee"": 4.3038067891847055e-05, ""fee_pct_nav"": 2.3398769463304724e-05, ""name"": ""华润电力""}, {""ts_code"": ""01171.HK"", ""side"": ""sell"", ""current_weight"": 0.13294492013312614, ""target_weight"": 0.0, ""post_trade_weight"": 0.0, ""diff_weight"": -0.13294492013312614, ""gross_amount"": 0.24452963253211885, ""gross_amount_pct_nav"": 0.13294492013312614, ""fee"": 7.335888975963565e-05, ""fee_pct_nav"": 3.988347603993784e-05, ""name"": ""兖矿能源""}, {""ts_code"": ""01308.HK"", ""side"": ""buy"", ""current_weight"": 0.08632731721666116, ""target_weight"": 0.09723255472045908, ""post_trade_weight"": 0.09726347847813094, ""diff_weight"": 0.01090523750379792, ""gross_amount"": 0.020058334811205253, ""gross_amount_pct_nav"": 0.01090523750379792, ""fee"": 6.017500443361575e-06, ""fee_pct_nav"": 3.271571251139375e-06, ""name"": ""海丰国际""}, {""ts_code"": ""01368.HK"", ""side"": ""buy"", ""current_weight"": 0.0, ""target_weight"": 0.1140209094923369, ""post_trade_weight"": 0.11405717260385137, ""diff_weight"": 0.1140209094923369, ""gross_amount"": 0.2097221245551889, ""gross_amount_pct_nav"": 0.1140209094923369, ""fee"": 6.291663736655666e-05, ""fee_pct_nav"": 3.420627284770106e-05, ""name"": ""特步国际""}, {""ts_code"": ""01618.HK"", ""side"": ""sell"", ""current_weight"": 0.11987600179175786, ""target_weight"": 0.0, ""post_trade_weight"": 0.0, ""diff_weight"": -0.11987600179175786, ""gross_amount"": 0.22049157379014542, ""gross_amount_pct_nav"": 0.11987600179175786, ""fee"": 6.614747213704362e-05, ""fee_pct_nav"": 3.596280053752735e-05, ""name"": ""中国中冶""}, {""ts_code"": ""01776.HK"", ""side"": ""buy"", ""current_weight"": 0.0, ""target_weight"": 0.11332139471017533, ""post_trade_weight"": 0.11335743534861303, ""diff_weight"": 0.11332139471017533, ""gross_amount"": 0.20843548575423684, ""gross_amount_pct_nav"": 0.11332139471017533, ""fee"": 6.253064572627105e-05, ""fee_pct_nav"": 3.3996418413052596e-05, ""name"": ""广发证券""}, {""ts_code"": ""01919.HK"", ""side"": ""buy"", ""current_weight"": 0.0, ""target_weight"": 0.09548376776505514, ""post_trade_weight"": 0.09551413534003506, ""diff_weight"": 0.09548376776505514, ""gross_amount"": 0.17562619632995882, ""gross_amount_pct_nav"": 0.09548376776505514, ""fee"": 5.2687858898987644e-05, ""fee_pct_nav"": 2.8645130329516538e-05, ""name"": ""中远海控""}, {""ts_code"": ""02039.HK"", ""side"": ""buy"", ""current_weight"": 0.0, ""target_weight"": 0.09723255472045908, ""post_trade_weight"": 0.09726347847813094, ""diff_weight"": 0.09723255472045908, ""gross_amount"": 0.17884279333233902, ""gross_amount_pct_nav"": 0.09723255472045908, ""fee"": 5.36528379997017e-05, ""fee_pct_nav"": 2.9169766416137722e-05, ""name"": ""中集集团""}, {""ts_code"": ""02331.HK"", ""side"": ""sell"", ""current_weight"": 0.08686852178732508, ""target_weight"": 0.0, ""post_trade_weight"": 0.0, ""diff_weight"": -0.08686852178732508, ""gross_amount"": 0.1597799125381555, ""gross_amount_pct_nav"": 0.08686852178732508, ""fee"": 4.793397376144664e-05, ""fee_pct_nav"": 2.6060556536197523e-05, ""name"": ""李宁""}, {""ts_code"": ""02600.HK"", ""side"": ""sell"", ""current_weight"": 0.10810812895408896, ""target_weight"": 0.0, ""post_trade_weight"": 0.0, ""diff_weight"": -0.10810812895408896, ""gross_amount"": 0.1988465675890934, ""gross_amount_pct_nav"": 0.10810812895408896, ""fee"": 5.965397027672801e-05, ""fee_pct_nav"": 3.2432438686226685e-05, ""name"": ""中国铝业""}]"
2021-09-27,0.62400157,1.24800314,1.00506759,1.01186053,0.00060508,0.00030152,0.00030356,0.00000000,rebalance,"[{""ts_code"": ""00135.HK"", ""side"": ""sell"", ""current_weight"": 0.11402282226575329, ""target_weight"": 0.0, ""post_trade_weight"": 0.0, ""diff_weight"": -0.11402282226575329, ""gross_amount"": 0.18427504656824928, ""gross_amount_pct_nav"": 0.11402282226575329, ""fee"": 5.528251397047478e-05, ""fee_pct_nav"": 3.420684667972598e-05, ""name"": ""昆仑能源""}, {""ts_code"": ""00144.HK"", ""side"": ""buy"", ""current_weight"": 0.0, ""target_weight"": 0.08184289740615491, ""post_trade_weight"": 0.08187355094073008, ""diff_weight"": 0.08184289740615491, ""gross_amount"": 0.13226829007660337, ""gross_amount_pct_nav"": 0.08184289740615491, ""fee"": 3.9680487022981005e-05, ""fee_pct_nav"": 2.455286922184647e-05, ""name"": ""招商局港口""}, {""ts_code"": ""00392.HK"", ""side"": ""buy"", ""current_weight"": 0.0, ""target_weight"": 0.07019726773571389, ""post_trade_weight"": 0.07022355950252342, ""diff_weight"": 0.07019726773571389, ""gross_amount"": 0.11344750571787718, ""gross_amount_pct_nav"": 0.07019726773571389, ""fee"": 3.403425171536315e-05, ""fee_pct_nav"": 2.1059180320714164e-05, ""name"": ""北京控股""}, {""ts_code"": ""00836.HK"", ""side"": ""buy"", ""current_weight"": 0.09840602651667613, ""target_weight"": 0.12583749838337652, ""post_trade_weight"": 0.1258846297072885, ""diff_weight"": 0.02743147186670038, ""gross_amount"": 0.0443326665243409, ""gross_amount_pct_nav"": 0.02743147186670038, ""fee"": 1.3299799957302268e-05, ""fee_pct_nav"": 8.229441560010114e-06, ""name"": ""华润电力""}, {""ts_code"": ""00902.HK"", ""side"": ""buy"", ""current_weight"": 0.0, ""target_weight"": 0.10772207445157936, ""post_trade_weight"": 0.10776242080341149, ""diff_weight"": 0.10772207445157936, ""gross_amount"": 0.17409225531821704, ""gross_amount_pct_nav"": 0.10772207445157936, ""fee"": 5.2227676595465106e-05, ""fee_pct_nav"": 3.2316622335473804e-05, ""name"": ""华能国际电力股份""}, {""ts_code"": ""00916.HK"", ""side"": ""buy"", ""current_weight"": 0.0, ""target_weight"": 0.1038401978947657, ""post_trade_weight"": 0.10387909032400928, ""diff_weight"": 0.1038401978947657, ""gross_amount"": 0.167818660531975, ""gross_amount_pct_nav"": 0.1038401978947657, ""fee"": 5.0345598159592496e-05, ""fee_pct_nav"": 3.115205936842971e-05, ""name"": ""龙源电力""}, {""ts_code"": ""00956.HK"", ""side"": ""buy"", ""current_weight"": 0.0, ""target_weight"": 0.11289790986066428, ""post_trade_weight"": 0.1129401947759478, ""diff_weight"": 0.11289790986066428, ""gross_amount"": 0.1824570483665398, ""gross_amount_pct_nav"": 0.11289790986066428, ""fee"": 5.473711450996194e-05, ""fee_pct_nav"": 3.386937295819928e-05, ""name"": ""新天绿色能源""}, {""ts_code"": ""01308.HK"", ""side"": ""buy"", ""current_weight"": 0.09876996929290513, ""target_weight"": 0.11095697158225742, ""post_trade_weight"": 0.11099852953624667, ""diff_weight"": 0.012187002289352296, ""gross_amount"": 0.01969570976908075, ""gross_amount_pct_nav"": 0.012187002289352296, ""fee"": 5.908712930724224e-06, ""fee_pct_nav"": 3.6561006868056886e-06, ""name"": ""海丰国际""}, {""ts_code"": ""01368.HK"", ""side"": ""sell"", ""current_weight"": 0.10158029135504658, ""target_weight"": 0.0, ""post_trade_weight"": 0.0, ""diff_weight"": -0.10158029135504658, ""gross_amount"": 0.16416637080109966, ""gross_amount_pct_nav"": 0.10158029135504658, ""fee"": 4.924991124032989e-05, ""fee_pct_nav"": 3.0474087406513966e-05, ""name"": ""特步国际""}, {""ts_code"": ""01776.HK"", ""side"": ""sell"", ""current_weight"": 0.11434472792732861, ""target_weight"": 0.0, ""post_trade_weight"": 0.0, ""diff_weight"": -0.11434472792732861, ""gross_amount"": 0.18479528610976073, ""gross_amount_pct_nav"": 0.11434472792732861, ""fee"": 5.5438585832928216e-05, ""fee_pct_nav"": 3.430341837819858e-05, ""name"": ""广发证券""}, {""ts_code"": ""01919.HK"", ""side"": ""sell"", ""current_weight"": 0.08393200490887943, ""target_weight"": 0.0, ""post_trade_weight"": 0.0, ""diff_weight"": -0.08393200490887943, ""gross_amount"": 0.13564454734423517, ""gross_amount_pct_nav"": 0.08393200490887943, ""fee"": 4.069336420327055e-05, ""fee_pct_nav"": 2.5179601472663827e-05, ""name"": ""中远海控""}, {""ts_code"": ""02039.HK"", ""side"": ""sell"", ""current_weight"": 0.10210371224135235, ""target_weight"": 0.0, ""post_trade_weight"": 0.0, ""diff_weight"": -0.10210371224135235, ""gross_amount"": 0.16501228398130482, ""gross_amount_pct_nav"": 0.10210371224135235, ""fee"": 4.950368519439144e-05, ""fee_pct_nav"": 3.06311136724057e-05, ""name"": ""中集集团""}, {""ts_code"": ""02380.HK"", ""side"": ""buy"", ""current_weight"": 0.0, ""target_weight"": 0.10578113617317256, ""post_trade_weight"": 0.10582075556371041, ""diff_weight"": 0.10578113617317256, ""gross_amount"": 0.17095545792509606, ""gross_amount_pct_nav"": 0.10578113617317256, ""fee"": 5.128663737752881e-05, ""fee_pct_nav"": 3.1734340851951764e-05, ""name"": ""中国电力""}, {""ts_code"": ""03998.HK"", ""side"": ""sell"", ""current_weight"": 0.11011962273078105, ""target_weight"": 0.0, ""post_trade_weight"": 0.0, ""diff_weight"": -0.11011962273078105, ""gross_amount"": 0.1779669912002126, ""gross_amount_pct_nav"": 0.11011962273078105, ""fee"": 5.339009736006377e-05, ""fee_pct_nav"": 3.303588681923431e-05, ""name"": ""波司登""}]"
2021-10-11,0.26526380,0.53052760,0.37785711,0.38593450,0.00022914,0.00011336,0.00011578,0.00000000,rebalance,"[{""ts_code"": ""00144.HK"", ""side"": ""buy"", ""current_weight"": 0.09447338318566646, ""target_weight"": 0.12791558212573112, ""post_trade_weight"": 0.12793594419053375, ""diff_weight"": 0.03344219894006466, ""gross_amount"": 0.048146168313891985, ""gross_amount_pct_nav"": 0.03344219894006466, ""fee"": 1.4443850494167594e-05, ""fee_pct_nav"": 1.0032659682019395e-05, ""name"": ""招商局港口""}, {""ts_code"": ""00257.HK"", ""side"": ""buy"", ""current_weight"": 0.0, ""target_weight"": 0.08762720980266621, ""post_trade_weight"": 0.0876411586187121, ""diff_weight"": 0.08762720980266621, ""gross_amount"": 0.12615541219634094, ""gross_amount_pct_nav"": 0.08762720980266621, ""fee"": 3.7846623658902275e-05, ""fee_pct_nav"": 2.6288162940799857e-05, ""name"": ""光大环境""}, {""ts_code"": ""00392.HK"", ""side"": ""sell"", ""current_weight"": 0.08232544599208949, ""target_weight"": 0.0, ""post_trade_weight"": 0.0, ""diff_weight"": -0.08232544599208949, ""gross_amount"": 0.11852255248989622, ""gross_amount_pct_nav"": 0.08232544599208949, ""fee"": 3.555676574696886e-05, ""fee_pct_nav"": 2.4697633797626843e-05, ""name"": ""北京控股""}, {""ts_code"": ""00836.HK"", ""side"": ""sell"", ""current_weight"": 0.11969106689575838, ""target_weight"": 0.10239961298779003, ""post_trade_weight"": 0.10241591332838007, ""diff_weight"": -0.017291453907968348, ""gross_amount"": 0.02489421379667625, ""gross_amount_pct_nav"": 0.017291453907968348, ""fee"": 7.468264139002875e-06, ""fee_pct_nav"": 5.187436172390504e-06, ""name"": ""华润电力""}, {""ts_code"": ""00902.HK"", ""side"": ""sell"", ""current_weight"": 0.11472278064165621, ""target_weight"": 0.07016891512933807, ""post_trade_weight"": 0.07018008487092271, ""diff_weight"": -0.04455386551231815, ""gross_amount"": 0.06414344678216395, ""gross_amount_pct_nav"": 0.04455386551231815, ""fee"": 1.9243034034649185e-05, ""fee_pct_nav"": 1.3366159653695445e-05, ""name"": ""华能国际电力股份""}, {""ts_code"": ""00916.HK"", ""side"": ""sell"", ""current_weight"": 0.09539701666355424, ""target_weight"": 0.06882596938523593, ""post_trade_weight"": 0.06883692535186202, ""diff_weight"": -0.026571047278318317, ""gross_amount"": 0.0382538874561166, ""gross_amount_pct_nav"": 0.026571047278318317, ""fee"": 1.147616623683498e-05, ""fee_pct_nav"": 7.971314183495494e-06, ""name"": ""龙源电力""}, {""ts_code"": ""01308.HK"", ""side"": ""sell"", ""current_weight"": 0.09732725542497117, ""target_weight"": 0.0, ""post_trade_weight"": 0.0, ""diff_weight"": -0.09732725542497117, ""gross_amount"": 0.14012040385316718, ""gross_amount_pct_nav"": 0.09732725542497117, ""fee"": 4.203612115595015e-05, ""fee_pct_nav"": 2.919817662749135e-05, ""name"": ""海丰国际""}, {""ts_code"": ""02380.HK"", ""side"": ""buy"", ""current_weight"": 0.10101258431747434, ""target_weight"": 0.11180023319650514, ""post_trade_weight"": 0.1118180299618051, ""diff_weight"": 0.010787648879030805, ""gross_amount"": 0.015530795674406128, ""gross_amount_pct_nav"": 0.010787648879030805, ""fee"": 4.659238702321838e-06, ""fee_pct_nav"": 3.2362946637092415e-06, ""name"": ""中国电力""}, {""ts_code"": ""03311.HK"", ""side"": ""buy"", ""current_weight"": 0.0, ""target_weight"": 0.13060147361393545, ""post_trade_weight"": 0.1306222632286552, ""diff_weight"": 0.13060147361393545, ""gross_amount"": 0.18802473312021695, ""gross_amount_pct_nav"": 0.13060147361393545, ""fee"": 5.640741993606508e-05, ""fee_pct_nav"": 3.918044208418063e-05, ""name"": ""中国建筑国际""}]"
2021-10-25,0.26065430,0.52130859,0.40516783,0.38490723,0.00023702,0.00012155,0.00011547,0.00000000,rebalance,"[{""ts_code"": ""00144.HK"", ""side"": ""sell"", ""current_weight"": 0.12039657847855818, ""target_weight"": 0.0, ""post_trade_weight"": 0.0, ""diff_weight"": -0.12039657847855818, ""gross_amount"": 0.18246837853896578, ""gross_amount_pct_nav"": 0.12039657847855818, ""fee"": 5.474051356168973e-05, ""fee_pct_nav"": 3.611897354356745e-05, ""name"": ""招商局港口""}, {""ts_code"": ""00257.HK"", ""side"": ""buy"", ""current_weight"": 0.08273353477098185, ""target_weight"": 0.10044399433148335, ""post_trade_weight"": 0.10045970548370876, ""diff_weight"": 0.017710459560501504, ""gross_amount"": 0.02684128469448291, ""gross_amount_pct_nav"": 0.017710459560501504, ""fee"": 8.052385408344872e-06, ""fee_pct_nav"": 5.3131378681504506e-06, ""name"": ""光大环境""}, {""ts_code"": ""00836.HK"", ""side"": ""sell"", ""current_weight"": 0.09727287478175531, ""target_weight"": 0.08331911660939441, ""post_trade_weight"": 0.08333214913894532, ""diff_weight"": -0.013953758172360905, ""gross_amount"": 0.021147773968418743, ""gross_amount_pct_nav"": 0.013953758172360905, ""fee"": 6.3443321905256225e-06, ""fee_pct_nav"": 4.186127451708271e-06, ""name"": ""华润电力""}, {""ts_code"": ""00881.HK"", ""side"": ""buy"", ""current_weight"": 0.0, ""target_weight"": 0.11361697719462874, ""post_trade_weight"": 0.11363474882583453, ""diff_weight"": 0.11361697719462874, ""gross_amount"": 0.17219347813023358, ""gross_amount_pct_nav"": 0.11361697719462874, ""fee"": 5.165804343907007e-05, ""fee_pct_nav"": 3.408509315838862e-05, ""name"": ""中升控股""}, {""ts_code"": ""01211.HK"", ""side"": ""buy"", ""current_weight"": 0.0, ""target_weight"": 0.13601104806197584, ""post_trade_weight"": 0.13603232250744826, ""diff_weight"": 0.13601104806197584, ""gross_amount"": 0.20613306222546798, ""gross_amount_pct_nav"": 0.13601104806197584, ""fee"": 6.183991866764039e-05, ""fee_pct_nav"": 4.080331441859275e-05, ""name"": ""比亚迪股份""}, {""ts_code"": ""02380.HK"", ""side"": ""sell"", ""current_weight"": 0.1085333135367469, ""target_weight"": 0.0, ""post_trade_weight"": 0.0, ""diff_weight"": -0.1085333135367469, ""gross_amount"": 0.16448887492295583, ""gross_amount_pct_nav"": 0.1085333135367469, ""fee"": 4.934666247688674e-05, ""fee_pct_nav"": 3.2559994061024065e-05, ""name"": ""中国电力""}, {""ts_code"": ""03311.HK"", ""side"": ""sell"", ""current_weight"": 0.12602073048142057, ""target_weight"": 0.11493427548094325, ""post_trade_weight"": 0.11495225316004708, ""diff_weight"": -0.011086455000477325, ""gross_amount"": 0.01680220063764168, ""gross_amount_pct_nav"": 0.011086455000477325, ""fee"": 5.040660191292503e-06, ""fee_pct_nav"": 3.3259365001431977e-06, ""name"": ""中国建筑国际""}]"
2021-11-08,0.58411504,1.16823008,0.66516126,1.04077747,0.00051178,0.00019955,0.00031223,0.00000000,rebalance,"[{""ts_code"": ""00151.HK"", ""side"": ""buy"", ""current_weight"": 0.0, ""target_weight"": 0.10784573177179439, ""post_trade_weight"": 0.10788354161127359, ""diff_weight"": 0.10784573177179439, ""gross_amount"": 0.15748456899344357, ""gross_amount_pct_nav"": 0.10784573177179439, ""fee"": 4.724537069803307e-05, ""fee_pct_nav"": 3.2353719531538315e-05, ""name"": ""中国旺旺""}, {""ts_code"": ""00189.HK"", ""side"": ""sell"", ""current_weight"": 0.0771891356145136, ""target_weight"": 0.0, ""post_trade_weight"": 0.0, ""diff_weight"": -0.0771891356145136, ""gross_amount"": 0.11271746738156403, ""gross_amount_pct_nav"": 0.0771891356145136, ""fee"": 3.381524021446921e-05, ""fee_pct_nav"": 2.3156740684354077e-05, ""name"": ""东岳集团""}, {""ts_code"": ""00257.HK"", ""side"": ""sell"", ""current_weight"": 0.09148181526534459, ""target_weight"": 0.0, ""post_trade_weight"": 0.0, ""diff_weight"": -0.09148181526534459, ""gross_amount"": 0.13358872911434563, ""gross_amount_pct_nav"": 0.09148181526534459, ""fee"": 4.007661873430369e-05, ""fee_pct_nav"": 2.7444544579603377e-05, ""name"": ""光大环境""}, {""ts_code"": ""00322.HK"", ""side"": ""buy"", ""current_weight"": 0.0, ""target_weight"": 0.11821168011215169, ""post_trade_weight"": 0.11825312416910393, ""diff_weight"": 0.11821168011215169, ""gross_amount"": 0.17262171795399633, ""gross_amount_pct_nav"": 0.11821168011215169, ""fee"": 5.1786515386198896e-05, ""fee_pct_nav"": 3.5463504033645505e-05, ""name"": ""康师傅控股""}, {""ts_code"": ""00836.HK"", ""side"": ""sell"", ""current_weight"": 0.0877037184505902, ""target_weight"": 0.060800273919403486, ""post_trade_weight"": 0.06082159000265886, ""diff_weight"": -0.026903444531186718, ""gross_amount"": 0.03928646314346819, ""gross_amount_pct_nav"": 0.026903444531186718, ""fee"": 1.1785938943040456e-05, ""fee_pct_nav"": 8.071033359356015e-06, ""name"": ""华润电力""}, {""ts_code"": ""00881.HK"", ""side"": ""sell"", ""current_weight"": 0.11193224654785343, ""target_weight"": 0.0, ""post_trade_weight"": 0.0, ""diff_weight"": -0.11193224654785343, ""gross_amount"": 0.1634520097777928, ""gross_amount_pct_nav"": 0.11193224654785343, ""fee"": 4.903560293333784e-05, ""fee_pct_nav"": 3.357967396435602e-05, ""name"": ""中升控股""}, {""ts_code"": ""00902.HK"", ""side"": ""sell"", ""current_weight"": 0.06693571760268038, ""target_weight"": 0.0, ""post_trade_weight"": 0.0, ""diff_weight"": -0.06693571760268038, ""gross_amount"": 0.0977446437957401, ""gross_amount_pct_nav"": 0.06693571760268038, ""fee"": 2.932339313872203e-05, ""fee_pct_nav"": 2.0080715280804114e-05, ""name"": ""华能国际电力股份""}, {""ts_code"": ""00916.HK"", ""side"": ""sell"", ""current_weight"": 0.0760076005645516, ""target_weight"": 0.0, ""post_trade_weight"": 0.0, ""diff_weight"": -0.0760076005645516, ""gross_amount"": 0.11099209971947008, ""gross_amount_pct_nav"": 0.0760076005645516, ""fee"": 3.329762991584102e-05, ""fee_pct_nav"": 2.2802280169365477e-05, ""name"": ""龙源电力""}, {""ts_code"": ""00956.HK"", ""side"": ""sell"", ""current_weight"": 0.10155785198428174, ""target_weight"": 0.05761075135313971, ""post_trade_weight"": 0.057630949215634136, ""diff_weight"": -0.04394710063114203, ""gross_amount"": 0.06417491065897693, ""gross_amount_pct_nav"": 0.04394710063114203, ""fee"": 1.9252473197693077e-05, ""fee_pct_nav"": 1.318413018934261e-05, ""name"": ""新天绿色能源""}, {""ts_code"": ""01211.HK"", ""side"": ""sell"", ""current_weight"": 0.1417167918269679, ""target_weight"": 0.0, ""post_trade_weight"": 0.0, ""diff_weight"": -0.1417167918269679, ""gross_amount"": 0.20694567613700066, ""gross_amount_pct_nav"": 0.1417167918269679, ""fee"": 6.208370284110019e-05, ""fee_pct_nav"": 4.251503754809036e-05, ""name"": ""比亚迪股份""}, {""ts_code"": ""02208.HK"", ""side"": ""buy"", ""current_weight"": 0.0, ""target_weight"": 0.07116622225976081, ""post_trade_weight"": 0.07119117256048924, ""diff_weight"": 0.07116622225976081, ""gross_amount"": 0.10392234959456444, ""gross_amount_pct_nav"": 0.07116622225976081, ""fee"": 3.117670487836933e-05, ""fee_pct_nav"": 2.1349866677928244e-05, ""name"": ""金风科技""}, {""ts_code"": ""02588.HK"", ""side"": ""buy"", ""current_weight"": 0.0, ""target_weight"": 0.08791121573264571, ""post_trade_weight"": 0.08794203669236904, ""diff_weight"": 0.08791121573264571, ""gross_amount"": 0.12837466714622664, ""gross_amount_pct_nav"": 0.08791121573264571, ""fee"": 3.851240014386799e-05, ""fee_pct_nav"": 2.637336471979371e-05, ""name"": ""中银航空租赁""}, {""ts_code"": ""03311.HK"", ""side"": ""sell"", ""current_weight"": 0.109176642392969, ""target_weight"": 0.09189811894047545, ""post_trade_weight"": 0.09193033767614996, ""diff_weight"": -0.017278523452493547, ""gross_amount"": 0.0252314187502293, ""gross_amount_pct_nav"": 0.017278523452493547, ""fee"": 7.569425625068789e-06, ""fee_pct_nav"": 5.183557035748064e-06, ""name"": ""中国建筑国际""}, {""ts_code"": ""03800.HK"", ""side"": ""sell"", ""current_weight"": 0.14325832329537458, ""target_weight"": 0.08392431252481597, ""post_trade_weight"": 0.08395373570858813, ""diff_weight"": -0.05933401077055862, ""gross_amount"": 0.08664405126970089, ""gross_amount_pct_nav"": 0.05933401077055862, ""fee"": 2.5993215380910264e-05, ""fee_pct_nav"": 1.7800203231167584e-05, ""name"": ""协鑫科技""}, {""ts_code"": ""03998.HK"", ""side"": ""buy"", ""current_weight"": 0.0, ""target_weight"": 0.07036884161819486, ""post_trade_weight"": 0.07039351236373304, ""diff_weight"": 0.07036884161819486, ""gross_amount"": 0.10275795352067574, ""gross_amount_pct_nav"": 0.07036884161819486, ""fee"": 3.082738605620272e-05, ""fee_pct_nav"": 2.1110652485458455e-05, ""name"": ""波司登""}]"
2021-11-22,0.52818139,1.05636278,0.96272933,0.60916002,0.00047157,0.00028882,0.00018275,0.00000000,rebalance,"[{""ts_code"": ""00151.HK"", ""side"": ""sell"", ""current_weight"": 0.1028002597585696, ""target_weight"": 0.0, ""post_trade_weight"": 0.0, ""diff_weight"": -0.1028002597585696, ""gross_amount"": 0.15296888242732332, ""gross_amount_pct_nav"": 0.1028002597585696, ""fee"": 4.589066472819699e-05, ""fee_pct_nav"": 3.084007792757087e-05, ""name"": ""中国旺旺""}, {""ts_code"": ""00322.HK"", ""side"": ""sell"", ""current_weight"": 0.11847587698947017, ""target_weight"": 0.07453440418380262, ""post_trade_weight"": 0.07455803228285915, ""diff_weight"": -0.04394147280566754, ""gross_amount"": 0.06538580741993945, ""gross_amount_pct_nav"": 0.04394147280566754, ""fee"": 1.9615742225981832e-05, ""fee_pct_nav"": 1.318244184170026e-05, ""name"": ""康师傅控股""}, {""ts_code"": ""00336.HK"", ""side"": ""buy"", ""current_weight"": 0.0, ""target_weight"": 0.1349815498448934, ""post_trade_weight"": 0.13502434025108856, ""diff_weight"": 0.1349815498448934, ""gross_amount"": 0.20085529819257225, ""gross_amount_pct_nav"": 0.1349815498448934, ""fee"": 6.025658945777167e-05, ""fee_pct_nav"": 4.049446495346802e-05, ""name"": ""华宝国际""}, {""ts_code"": ""00338.HK"", ""side"": ""buy"", ""current_weight"": 0.0, ""target_weight"": 0.11449099199367621, ""post_trade_weight"": 0.11452728670253623, ""diff_weight"": 0.11449099199367621, ""gross_amount"": 0.17036493034550249, ""gross_amount_pct_nav"": 0.11449099199367621, ""fee"": 5.110947910365074e-05, ""fee_pct_nav"": 3.434729759810286e-05, ""name"": ""上海石油化工股份""}, {""ts_code"": ""00586.HK"", ""side"": ""buy"", ""current_weight"": 0.0, ""target_weight"": 0.14112871720025857, ""post_trade_weight"": 0.14117345631565426, ""diff_weight"": 0.14112871720025857, ""gross_amount"": 0.2100024085466932, ""gross_amount_pct_nav"": 0.14112871720025857, ""fee"": 6.300072256400795e-05, ""fee_pct_nav"": 4.233861516007757e-05, ""name"": ""海螺创业""}, {""ts_code"": ""00836.HK"", ""side"": ""sell"", ""current_weight"": 0.05624916197705249, ""target_weight"": 0.0, ""post_trade_weight"": 0.0, ""diff_weight"": -0.05624916197705249, ""gross_amount"": 0.08369989983790808, ""gross_amount_pct_nav"": 0.05624916197705249, ""fee"": 2.5109969951372424e-05, ""fee_pct_nav"": 1.6874748593115747e-05, ""name"": ""华润电力""}, {""ts_code"": ""00956.HK"", ""side"": ""sell"", ""current_weight"": 0.05516601763435871, ""target_weight"": 0.0, ""post_trade_weight"": 0.0, ""diff_weight"": -0.05516601763435871, ""gross_amount"": 0.08208815897267613, ""gross_amount_pct_nav"": 0.05516601763435871, ""fee"": 2.4626447691802837e-05, ""fee_pct_nav"": 1.654980529030761e-05, ""name"": ""新天绿色能源""}, {""ts_code"": ""01548.HK"", ""side"": ""buy"", ""current_weight"": 0.0, ""target_weight"": 0.10424571306806757, ""post_trade_weight"": 0.10427875992826002, ""diff_weight"": 0.10424571306806757, ""gross_amount"": 0.15511974642196755, ""gross_amount_pct_nav"": 0.10424571306806757, ""fee"": 4.653592392659026e-05, ""fee_pct_nav"": 3.127371392042027e-05, ""name"": ""金斯瑞生物科技""}, {""ts_code"": ""02238.HK"", ""side"": ""buy"", ""current_weight"": 0.0, ""target_weight"": 0.13703060563001515, ""post_trade_weight"": 0.1370740456059438, ""diff_weight"": 0.13703060563001515, ""gross_amount"": 0.20390433497727925, ""gross_amount_pct_nav"": 0.13703060563001515, ""fee"": 6.117130049318378e-05, ""fee_pct_nav"": 4.110918168900454e-05, ""name"": ""广汽集团""}, {""ts_code"": ""02588.HK"", ""side"": ""sell"", ""current_weight"": 0.0788674397815608, ""target_weight"": 0.0, ""post_trade_weight"": 0.0, ""diff_weight"": -0.0788674397815608, ""gross_amount"": 0.11735635835573731, ""gross_amount_pct_nav"": 0.0788674397815608, ""fee"": 3.520690750672119e-05, ""fee_pct_nav"": 2.3660231934468234e-05, ""name"": ""中银航空租赁""}, {""ts_code"": ""03311.HK"", ""side"": ""buy"", ""current_weight"": 0.09630833468319461, ""target_weight"": 0.11141740831599362, ""post_trade_weight"": 0.11145272867025337, ""diff_weight"": 0.015109073632799008, ""gross_amount"": 0.02248260961158452, ""gross_amount_pct_nav"": 0.015109073632799008, ""fee"": 6.744782883475355e-06, ""fee_pct_nav"": 4.532722089839702e-06, ""name"": ""中国建筑国际""}, {""ts_code"": ""03998.HK"", ""side"": ""sell"", ""current_weight"": 0.07235177579790522, ""target_weight"": 0.0, ""post_trade_weight"": 0.0, ""diff_weight"": -0.07235177579790522, ""gross_amount"": 0.10766091750575767, ""gross_amount_pct_nav"": 0.07235177579790522, ""fee"": 3.2298275251727296e-05, ""fee_pct_nav"": 2.1705532739371565e-05, ""name"": ""波司登""}]"
2021-12-06,0.78112127,1.56224253,0.95464926,1.30602516,0.00067820,0.00028639,0.00039181,0.00000000,rebalance,"[{""ts_code"": ""00144.HK"", ""side"": ""buy"", ""current_weight"": 0.0, ""target_weight"": 0.07829779627636521, ""post_trade_weight"": 0.07833450952716987, ""diff_weight"": 0.07829779627636521, ""gross_amount"": 0.1133023979705302, ""gross_amount_pct_nav"": 0.07829779627636521, ""fee"": 3.3990719391159054e-05, ""fee_pct_nav"": 2.3489338882909563e-05, ""name"": ""招商局港口""}, {""ts_code"": ""00151.HK"", ""side"": ""buy"", ""current_weight"": 0.0, ""target_weight"": 0.07988491376845372, ""post_trade_weight"": 0.07992237120677469, ""diff_weight"": 0.07988491376845372, ""gross_amount"": 0.11559906819966259, ""gross_amount_pct_nav"": 0.07988491376845372, ""fee"": 3.4679720459898776e-05, ""fee_pct_nav"": 2.3965474130536114e-05, ""name"": ""中国旺旺""}, {""ts_code"": ""00316.HK"", ""side"": ""buy"", ""current_weight"": 0.0, ""target_weight"": 0.07459452212815876, ""post_trade_weight"": 0.07462949894142536, ""diff_weight"": 0.07459452212815876, ""gross_amount"": 0.10794350076922134, ""gross_amount_pct_nav"": 0.07459452212815876, ""fee"": 3.2383050230766396e-05, ""fee_pct_nav"": 2.2378356638447623e-05, ""name"": ""东方海外国际""}, {""ts_code"": ""00322.HK"", ""side"": ""sell"", ""current_weight"": 0.07504689419856451, ""target_weight"": 0.0, ""post_trade_weight"": 0.0, ""diff_weight"": -0.07504689419856451, ""gross_amount"": 0.10859811485530561, ""gross_amount_pct_nav"": 0.07504689419856451, ""fee"": 3.257943445659168e-05, ""fee_pct_nav"": 2.251406825956935e-05, ""name"": ""康师傅控股""}, {""ts_code"": ""00336.HK"", ""side"": ""sell"", ""current_weight"": 0.1467750578493329, ""target_weight"": 0.0, ""post_trade_weight"": 0.0, ""diff_weight"": -0.1467750578493329, ""gross_amount"": 0.2123937940461881, ""gross_amount_pct_nav"": 0.1467750578493329, ""fee"": 6.371813821385643e-05, ""fee_pct_nav"": 4.403251735479987e-05, ""name"": ""华宝国际""}, {""ts_code"": ""00338.HK"", ""side"": ""sell"", ""current_weight"": 0.1170424619156795, ""target_weight"": 0.0, ""post_trade_weight"": 0.0, ""diff_weight"": -0.1170424619156795, ""gross_amount"": 0.1693686442031311, ""gross_amount_pct_nav"": 0.1170424619156795, ""fee"": 5.0810593260939326e-05, ""fee_pct_nav"": 3.511273857470385e-05, ""name"": ""上海石油化工股份""}, {""ts_code"": ""00586.HK"", ""side"": ""sell"", ""current_weight"": 0.14210393948981143, ""target_weight"": 0.0, ""post_trade_weight"": 0.0, ""diff_weight"": -0.14210393948981143, ""gross_amount"": 0.205634358448922, ""gross_amount_pct_nav"": 0.14210393948981143, ""fee"": 6.16903075346766e-05, ""fee_pct_nav"": 4.263118184694343e-05, ""name"": ""海螺创业""}, {""ts_code"": ""00836.HK"", ""side"": ""buy"", ""current_weight"": 0.0, ""target_weight"": 0.10157551949366297, ""post_trade_weight"": 0.10162314749470686, ""diff_weight"": 0.10157551949366297, ""gross_amount"": 0.1469868946644716, ""gross_amount_pct_nav"": 0.10157551949366297, ""fee"": 4.4096068399341474e-05, ""fee_pct_nav"": 3.0472655848098888e-05, ""name"": ""华润电力""}, {""ts_code"": ""01072.HK"", ""side"": ""buy"", ""current_weight"": 0.0, ""target_weight"": 0.08305914875263071, ""post_trade_weight"": 0.08309809456598428, ""diff_weight"": 0.08305914875263071, ""gross_amount"": 0.12019240865792735, ""gross_amount_pct_nav"": 0.08305914875263071, ""fee"": 3.6057722597378205e-05, ""fee_pct_nav"": 2.491774462578921e-05, ""name"": ""东方电气""}, {""ts_code"": ""01171.HK"", ""side"": ""buy"", ""current_weight"": 0.0, ""target_weight"": 0.0804139529324832, ""post_trade_weight"": 0.0804516584333096, ""diff_weight"": 0.0804139529324832, ""gross_amount"": 0.11636462494270669, ""gross_amount_pct_nav"": 0.0804139529324832, ""fee"": 3.4909387482812005e-05, ""fee_pct_nav"": 2.4124185879744957e-05, ""name"": ""兖矿能源""}, {""ts_code"": ""01548.HK"", ""side"": ""sell"", ""current_weight"": 0.10373315812395886, ""target_weight"": 0.0, ""post_trade_weight"": 0.0, ""diff_weight"": -0.10373315812395886, ""gross_amount"": 0.15010914896015434, ""gross_amount_pct_nav"": 0.10373315812395886, ""fee"": 4.50327446880463e-05, ""fee_pct_nav"": 3.1119947437187655e-05, ""name"": ""金斯瑞生物科技""}, {""ts_code"": ""01816.HK"", ""side"": ""buy"", ""current_weight"": 0.0, ""target_weight"": 0.07512356129218827, ""post_trade_weight"": 0.07515878616796029, ""diff_weight"": 0.07512356129218827, ""gross_amount"": 0.10870905751226548, ""gross_amount_pct_nav"": 0.07512356129218827, ""fee"": 3.261271725367964e-05, ""fee_pct_nav"": 2.2537068387656474e-05, ""name"": ""中广核电力""}, {""ts_code"": ""02208.HK"", ""side"": ""sell"", ""current_weight"": 0.06672911327398008, ""target_weight"": 0.0, ""post_trade_weight"": 0.0, ""diff_weight"": -0.06672911327398008, ""gross_amount"": 0.09656170298462531, ""gross_amount_pct_nav"": 0.06672911327398008, ""fee"": 2.896851089538759e-05, ""fee_pct_nav"": 2.001873398219402e-05, ""name"": ""金风科技""}, {""ts_code"": ""02238.HK"", ""side"": ""sell"", ""current_weight"": 0.1334921723151986, ""target_weight"": 0.0, ""post_trade_weight"": 0.0, ""diff_weight"": -0.1334921723151986, ""gross_amount"": 0.1931725278732119, ""gross_amount_pct_nav"": 0.1334921723151986, ""fee"": 5.795175836196357e-05, ""fee_pct_nav"": 4.004765169455958e-05, ""name"": ""广汽集团""}, {""ts_code"": ""03311.HK"", ""side"": ""sell"", ""current_weight"": 0.12351084819268078, ""target_weight"": 0.0899366578850141, ""post_trade_weight"": 0.08997882851093837, ""diff_weight"": -0.03357419030766667, ""gross_amount"": 0.048584206103969796, ""gross_amount_pct_nav"": 0.03357419030766667, ""fee"": 1.4575261831190938e-05, ""fee_pct_nav"": 1.00722570923e-05, ""name"": ""中国建筑国际""}, {""ts_code"": ""03800.HK"", ""side"": ""sell"", ""current_weight"": 0.08403370922139315, ""target_weight"": 0.0, ""post_trade_weight"": 0.0, ""diff_weight"": -0.08403370922139315, ""gross_amount"": 0.12160266594905626, ""gross_amount_pct_nav"": 0.08403370922139315, ""fee"": 3.648079978471688e-05, ""fee_pct_nav"": 2.5210112766417946e-05, ""name"": ""协鑫科技""}, {""ts_code"": ""03996.HK"", ""side"": ""buy"", ""current_weight"": 0.0, ""target_weight"": 0.08676242290083715, ""post_trade_weight"": 0.08680310515172879, ""diff_weight"": 0.08676242290083715, ""gross_amount"": 0.12555130585923618, ""gross_amount_pct_nav"": 0.08676242290083715, ""fee"": 3.766539175777085e-05, ""fee_pct_nav"": 2.6028726870251138e-05, ""name"": ""中国能源建设""}]"
2021-12-20,0.49801891,0.99603783,0.76044950,0.76727999,0.00045832,0.00022813,0.00023018,0.00000000,rebalance,"[{""ts_code"": ""00144.HK"", ""side"": ""sell"", ""current_weight"": 0.0709549558701575, ""target_weight"": 0.0, ""post_trade_weight"": 0.0, ""diff_weight"": -0.0709549558701575, ""gross_amount"": 0.10883118663164276, ""gross_amount_pct_nav"": 0.0709549558701575, ""fee"": 3.2649355989492826e-05, ""fee_pct_nav"": 2.128648676104725e-05, ""name"": ""招商局港口""}, {""ts_code"": ""00151.HK"", ""side"": ""sell"", ""current_weight"": 0.0801728745690876, ""target_weight"": 0.0, ""post_trade_weight"": 0.0, ""diff_weight"": -0.0801728745690876, ""gross_amount"": 0.12296969208169686, ""gross_amount_pct_nav"": 0.0801728745690876, ""fee"": 3.689090762450905e-05, ""fee_pct_nav"": 2.4051862370726275e-05, ""name"": ""中国旺旺""}, {""ts_code"": ""00316.HK"", ""side"": ""sell"", ""current_weight"": 0.07709982460598104, ""target_weight"": 0.0, ""post_trade_weight"": 0.0, ""diff_weight"": -0.07709982460598104, ""gross_amount"": 0.11825622746232313, ""gross_amount_pct_nav"": 0.07709982460598104, ""fee"": 3.547686823869694e-05, ""fee_pct_nav"": 2.3129947381794313e-05, ""name"": ""东方海外国际""}, {""ts_code"": ""00836.HK"", ""side"": ""sell"", ""current_weight"": 0.10939705603784061, ""target_weight"": 0.08488667061959772, ""post_trade_weight"": 0.0849120433017591, ""diff_weight"": -0.0245103854182429, ""gross_amount"": 0.03759419334637615, ""gross_amount_pct_nav"": 0.0245103854182429, ""fee"": 1.1278258003912843e-05, ""fee_pct_nav"": 7.35311562547287e-06, ""name"": ""华润电力""}, {""ts_code"": ""00902.HK"", ""side"": ""buy"", ""current_weight"": 0.0, ""target_weight"": 0.06932975090445231, ""post_trade_weight"": 0.06935047361299049, ""diff_weight"": 0.06932975090445231, ""gross_amount"": 0.10633843636820803, ""gross_amount_pct_nav"": 0.06932975090445231, ""fee"": 3.190153091046241e-05, ""fee_pct_nav"": 2.0798925271335692e-05, ""name"": ""华能国际电力股份""}, {""ts_code"": ""01071.HK"", ""side"": ""buy"", ""current_weight"": 0.0, ""target_weight"": 0.07677001685517403, ""post_trade_weight"": 0.0767929634641407, ""diff_weight"": 0.07677001685517403, ""gross_amount"": 0.11775036612479622, ""gross_amount_pct_nav"": 0.07677001685517403, ""fee"": 3.5325109837438866e-05, ""fee_pct_nav"": 2.303100505655221e-05, ""name"": ""华电国际电力股份""}, {""ts_code"": ""01072.HK"", ""side"": ""sell"", ""current_weight"": 0.07617253320056244, ""target_weight"": 0.0, ""post_trade_weight"": 0.0, ""diff_weight"": -0.07617253320056244, ""gross_amount"": 0.11683394169288788, ""gross_amount_pct_nav"": 0.07617253320056244, ""fee"": 3.505018250786636e-05, ""fee_pct_nav"": 2.285175996016873e-05, ""name"": ""东方电气""}, {""ts_code"": ""01811.HK"", ""side"": ""buy"", ""current_weight"": 0.0, ""target_weight"": 0.09706165126623324, ""post_trade_weight"": 0.0970906630581867, ""diff_weight"": 0.09706165126623324, ""gross_amount"": 0.14887381091549126, ""gross_amount_pct_nav"": 0.09706165126623324, ""fee"": 4.4662143274647375e-05, ""fee_pct_nav"": 2.9118495379869973e-05, ""name"": ""中广核新能源""}, {""ts_code"": ""01816.HK"", ""side"": ""sell"", ""current_weight"": 0.07087533102599214, ""target_weight"": 0.0, ""post_trade_weight"": 0.0, ""diff_weight"": -0.07087533102599214, ""gross_amount"": 0.10870905751226548, ""gross_amount_pct_nav"": 0.07087533102599214, ""fee"": 3.261271725367964e-05, ""fee_pct_nav"": 2.126259930779764e-05, ""name"": ""中广核电力""}, {""ts_code"": ""02380.HK"", ""side"": ""buy"", ""current_weight"": 0.0, ""target_weight"": 0.09638526345253128, ""post_trade_weight"": 0.0964140730717185, ""diff_weight"": 0.09638526345253128, ""gross_amount"": 0.14783636275580142, ""gross_amount_pct_nav"": 0.09638526345253128, ""fee"": 4.435090882674042e-05, ""fee_pct_nav"": 2.8915579035759377e-05, ""name"": ""中国电力""}, {""ts_code"": ""02727.HK"", ""side"": ""buy"", ""current_weight"": 0.0, ""target_weight"": 0.08623944624700167, ""post_trade_weight"": 0.0862652232746955, ""diff_weight"": 0.08623944624700167, ""gross_amount"": 0.13227464036045392, ""gross_amount_pct_nav"": 0.08623944624700167, ""fee"": 3.968239210813617e-05, ""fee_pct_nav"": 2.58718338741005e-05, ""name"": ""上海电气""}, {""ts_code"": ""03800.HK"", ""side"": ""buy"", ""current_weight"": 0.0, ""target_weight"": 0.07000613871815428, ""post_trade_weight"": 0.07002706359945869, ""diff_weight"": 0.07000613871815428, ""gross_amount"": 0.10737588452789787, ""gross_amount_pct_nav"": 0.07000613871815428, ""fee"": 3.2212765358369356e-05, ""fee_pct_nav"": 2.1001841615446284e-05, ""name"": ""协鑫科技""}, {""ts_code"": ""03996.HK"", ""side"": ""sell"", ""current_weight"": 0.10045965614055481, ""target_weight"": 0.0, ""post_trade_weight"": 0.0, ""diff_weight"": -0.10045965614055481, ""gross_amount"": 0.15408569355451715, ""gross_amount_pct_nav"": 0.10045965614055481, ""fee"": 4.622570806635514e-05, ""fee_pct_nav"": 3.0137896842166442e-05, ""name"": ""中国能源建设""}]"
2022-01-03,0.51890479,1.03780959,0.83704866,0.88406927,0.00051634,0.00025111,0.00026522,0.00000000,rebalance,"[{""ts_code"": ""00151.HK"", ""side"": ""buy"", ""current_weight"": 0.0, ""target_weight"": 0.13120913624744932, ""post_trade_weight"": 0.13124999999999987, ""diff_weight"": 0.13120913624744932, ""gross_amount"": 0.21759906617343802, ""gross_amount_pct_nav"": 0.13120913624744932, ""fee"": 6.52797198520314e-05, ""fee_pct_nav"": 3.9362740874234785e-05, ""name"": ""中国旺旺""}, {""ts_code"": ""00316.HK"", ""side"": ""buy"", ""current_weight"": 0.0, ""target_weight"": 0.09522034459100609, ""post_trade_weight"": 0.09524999999999993, ""diff_weight"": 0.09522034459100609, ""gross_amount"": 0.1579147508801522, ""gross_amount_pct_nav"": 0.09522034459100609, ""fee"": 4.7374425264045655e-05, ""fee_pct_nav"": 2.8566103377301823e-05, ""name"": ""东方海外国际""}, {""ts_code"": ""00322.HK"", ""side"": ""buy"", ""current_weight"": 0.0, ""target_weight"": 0.11471427340491282, ""post_trade_weight"": 0.11474999999999988, ""diff_weight"": 0.11471427340491282, ""gross_amount"": 0.19024375499734866, ""gross_amount_pct_nav"": 0.11471427340491282, ""fee"": 5.707312649920459e-05, ""fee_pct_nav"": 3.441428202147384e-05, ""name"": ""康师傅控股""}, {""ts_code"": ""00836.HK"", ""side"": ""sell"", ""current_weight"": 0.08483656357373119, ""target_weight"": 0.0, ""post_trade_weight"": 0.0, ""diff_weight"": -0.08483656357373119, ""gross_amount"": 0.14069414325076227, ""gross_amount_pct_nav"": 0.08483656357373119, ""fee"": 4.2208242975228675e-05, ""fee_pct_nav"": 2.5450969072119356e-05, ""name"": ""华润电力""}, {""ts_code"": ""00902.HK"", ""side"": ""sell"", ""current_weight"": 0.07300720690711278, ""target_weight"": 0.0, ""post_trade_weight"": 0.0, ""diff_weight"": -0.07300720690711278, ""gross_amount"": 0.12107617275186158, ""gross_amount_pct_nav"": 0.07300720690711278, ""fee"": 3.632285182555847e-05, ""fee_pct_nav"": 2.1902162072133832e-05, ""name"": ""华能国际电力股份""}, {""ts_code"": ""01071.HK"", ""side"": ""sell"", ""current_weight"": 0.07642374799603965, ""target_weight"": 0.0, ""post_trade_weight"": 0.0, ""diff_weight"": -0.07642374799603965, ""gross_amount"": 0.1267422122652352, ""gross_amount_pct_nav"": 0.07642374799603965, ""fee"": 3.802266367957055e-05, ""fee_pct_nav"": 2.2927124398811892e-05, ""name"": ""华电国际电力股份""}, {""ts_code"": ""01171.HK"", ""side"": ""sell"", ""current_weight"": 0.08314850520840582, ""target_weight"": 0.0, ""post_trade_weight"": 0.0, ""diff_weight"": -0.08314850520840582, ""gross_amount"": 0.1378946436545731, ""gross_amount_pct_nav"": 0.08314850520840582, ""fee"": 4.136839309637193e-05, ""fee_pct_nav"": 2.4944551562521744e-05, ""name"": ""兖矿能源""}, {""ts_code"": ""01811.HK"", ""side"": ""sell"", ""current_weight"": 0.10482065265475614, ""target_weight"": 0.033739492177915546, ""post_trade_weight"": 0.03374999999999998, ""diff_weight"": -0.07108116047684059, ""gross_amount"": 0.1178819904211166, ""gross_amount_pct_nav"": 0.07108116047684059, ""fee"": 3.536459712633498e-05, ""fee_pct_nav"": 2.1324348143052175e-05, ""name"": ""中广核新能源""}, {""ts_code"": ""02380.HK"", ""side"": ""sell"", ""current_weight"": 0.10031150514920785, ""target_weight"": 0.06373015189161825, ""post_trade_weight"": 0.06374999999999995, ""diff_weight"": -0.0365813532575896, ""gross_amount"": 0.060667027738069534, ""gross_amount_pct_nav"": 0.0365813532575896, ""fee"": 1.820010832142086e-05, ""fee_pct_nav"": 1.0974405977276878e-05, ""name"": ""中国电力""}, {""ts_code"": ""02727.HK"", ""side"": ""sell"", ""current_weight"": 0.08378122195766918, ""target_weight"": 0.0, ""post_trade_weight"": 0.0, ""diff_weight"": -0.08378122195766918, ""gross_amount"": 0.13894394995846, ""gross_amount_pct_nav"": 0.08378122195766918, ""fee"": 4.168318498753799e-05, ""fee_pct_nav"": 2.513436658730075e-05, ""name"": ""上海电气""}, {""ts_code"": ""03311.HK"", ""side"": ""buy"", ""current_weight"": 0.08983641237114785, ""target_weight"": 0.12371147131902363, ""post_trade_weight"": 0.12374999999999989, ""diff_weight"": 0.03387505894787578, ""gross_amount"": 0.05617887141430847, ""gross_amount_pct_nav"": 0.03387505894787578, ""fee"": 1.685366142429254e-05, ""fee_pct_nav"": 1.0162517684362732e-05, ""name"": ""中国建筑国际""}, {""ts_code"": ""03800.HK"", ""side"": ""sell"", ""current_weight"": 0.08195343270458187, ""target_weight"": 0.057732019948877694, ""post_trade_weight"": 0.05774999999999994, ""diff_weight"": -0.02422141275570418, ""gross_amount"": 0.04016912958791838, ""gross_amount_pct_nav"": 0.02422141275570418, ""fee"": 1.2050738876375512e-05, ""fee_pct_nav"": 7.266423826711253e-06, ""name"": ""协鑫科技""}, {""ts_code"": ""09633.HK"", ""side"": ""buy"", ""current_weight"": 0.0, ""target_weight"": 0.12970960326176417, ""post_trade_weight"": 0.12974999999999987, ""diff_weight"": 0.12970960326176417, ""gross_amount"": 0.21511221970288444, ""gross_amount_pct_nav"": 0.12970960326176417, ""fee"": 6.453366591086532e-05, ""fee_pct_nav"": 3.8912880978529246e-05, ""name"": ""农夫山泉""}]"
2022-01-17,0.39586215,0.79172431,0.63347781,0.62422739,0.00037731,0.00019004,0.00018727,0.00000000,rebalance,"[{""ts_code"": ""00005.HK"", ""side"": ""buy"", ""current_weight"": 0.0, ""target_weight"": 0.12514707173916134, ""post_trade_weight"": 0.12517680339462517, ""diff_weight"": 0.12514707173916134, ""gross_amount"": 0.19880420556509168, ""gross_amount_pct_nav"": 0.12514707173916134, ""fee"": 5.96412616695275e-05, ""fee_pct_nav"": 3.75441215217484e-05, ""name"": ""汇丰控股""}, {""ts_code"": ""00144.HK"", ""side"": ""buy"", ""current_weight"": 0.0, ""target_weight"": 0.10711740886148557, ""post_trade_weight"": 0.10714285714285716, ""diff_weight"": 0.10711740886148557, ""gross_amount"": 0.17016292171249375, ""gross_amount_pct_nav"": 0.10711740886148557, ""fee"": 5.104887651374812e-05, ""fee_pct_nav"": 3.2135222658445666e-05, ""name"": ""招商局港口""}, {""ts_code"": ""00151.HK"", ""side"": ""sell"", ""current_weight"": 0.146067035422301, ""target_weight"": 0.061512967465011496, ""post_trade_weight"": 0.061527581329561515, ""diff_weight"": -0.08455406795728952, ""gross_amount"": 0.13431959752587308, ""gross_amount_pct_nav"": 0.08455406795728952, ""fee"": 4.029587925776192e-05, ""fee_pct_nav"": 2.5366220387186854e-05, ""name"": ""中国旺旺""}, {""ts_code"": ""00322.HK"", ""side"": ""sell"", ""current_weight"": 0.12154290879845342, ""target_weight"": 0.0, ""post_trade_weight"": 0.0, ""diff_weight"": -0.12154290879845342, ""gross_amount"": 0.1930787599737797, ""gross_amount_pct_nav"": 0.12154290879845342, ""fee"": 5.792362799213391e-05, ""fee_pct_nav"": 3.646287263953602e-05, ""name"": ""康师傅控股""}, {""ts_code"": ""01811.HK"", ""side"": ""sell"", ""current_weight"": 0.026474225007511083, ""target_weight"": 0.0, ""post_trade_weight"": 0.0, ""diff_weight"": -0.026474225007511083, ""gross_amount"": 0.042056016153055174, ""gross_amount_pct_nav"": 0.026474225007511083, ""fee"": 1.2616804845916551e-05, ""fee_pct_nav"": 7.942267502253324e-06, ""name"": ""中广核新能源""}, {""ts_code"": ""02388.HK"", ""side"": ""buy"", ""current_weight"": 0.0, ""target_weight"": 0.09969343002950141, ""post_trade_weight"": 0.09971711456859972, ""diff_weight"": 0.09969343002950141, ""gross_amount"": 0.15836945189083576, ""gross_amount_pct_nav"": 0.09969343002950141, ""fee"": 4.751083556725072e-05, ""fee_pct_nav"": 2.9908029008850422e-05, ""name"": ""中银香港""}, {""ts_code"": ""02588.HK"", ""side"": ""buy"", ""current_weight"": 0.0, ""target_weight"": 0.06681580948785733, ""post_trade_weight"": 0.06683168316831684, ""diff_weight"": 0.06681580948785733, ""gross_amount"": 0.10614122839492184, ""gross_amount_pct_nav"": 0.06681580948785733, ""fee"": 3.184236851847655e-05, ""fee_pct_nav"": 2.0044742846357198e-05, ""name"": ""中银航空租赁""}, {""ts_code"": ""03311.HK"", ""side"": ""sell"", ""current_weight"": 0.12642892766092306, ""target_weight"": 0.07742149353354898, ""post_trade_weight"": 0.07743988684582745, ""diff_weight"": -0.049007434127374086, ""gross_amount"": 0.07785147405432578, ""gross_amount_pct_nav"": 0.049007434127374086, ""fee"": 2.3355442216297732e-05, ""fee_pct_nav"": 1.4702230238212223e-05, ""name"": ""中国建筑国际""}, {""ts_code"": ""09633.HK"", ""side"": ""sell"", ""current_weight"": 0.1113719533294476, ""target_weight"": 0.0, ""post_trade_weight"": 0.0, ""diff_weight"": -0.1113719533294476, ""gross_amount"": 0.17692154036205718, ""gross_amount_pct_nav"": 0.1113719533294476, ""fee"": 5.307646210861715e-05, ""fee_pct_nav"": 3.341158599883428e-05, ""name"": ""农夫山泉""}]"
2022-01-31,0.26764800,0.53529599,0.41460614,0.41834344,0.00024988,0.00012438,0.00012550,0.00000000,rebalance,"[{""ts_code"": ""00144.HK"", ""side"": ""sell"", ""current_weight"": 0.10656984163118362, ""target_weight"": 0.074163912369437, ""post_trade_weight"": 0.07417582417584109, ""diff_weight"": -0.03240592926174662, ""gross_amount"": 0.050425382810002306, ""gross_amount_pct_nav"": 0.03240592926174662, ""fee"": 1.512761484300069e-05, ""fee_pct_nav"": 9.721778778523984e-06, ""name"": ""招商局港口""}, {""ts_code"": ""00151.HK"", ""side"": ""buy"", ""current_weight"": 0.06317028420802474, ""target_weight"": 0.10324779957313779, ""post_trade_weight"": 0.10326438267617094, ""diff_weight"": 0.04007751536511303, ""gross_amount"": 0.062362786699814265, ""gross_amount_pct_nav"": 0.04007751536511303, ""fee"": 1.8708836009944277e-05, ""fee_pct_nav"": 1.2023254609533907e-05, ""name"": ""中国旺旺""}, {""ts_code"": ""00316.HK"", ""side"": ""sell"", ""current_weight"": 0.09693838904033815, ""target_weight"": 0.05865250586079657, ""post_trade_weight"": 0.0586619263089985, ""diff_weight"": -0.03828588317954158, ""gross_amount"": 0.059574909886208824, ""gross_amount_pct_nav"": 0.03828588317954158, ""fee"": 1.7872472965862646e-05, ""fee_pct_nav"": 1.1485764953862473e-05, ""name"": ""东方海外国际""}, {""ts_code"": ""00683.HK"", ""side"": ""buy"", ""current_weight"": 0.0, ""target_weight"": 0.07222498655585692, ""post_trade_weight"": 0.07223658694248575, ""diff_weight"": 0.07222498655585692, ""gross_amount"": 0.11238599473910164, ""gross_amount_pct_nav"": 0.07222498655585692, ""fee"": 3.371579842173049e-05, ""fee_pct_nav"": 2.1667495966757075e-05, ""name"": ""嘉里建设""}, {""ts_code"": ""00688.HK"", ""side"": ""buy"", ""current_weight"": 0.0, ""target_weight"": 0.07513337527622702, ""post_trade_weight"": 0.07514544279251875, ""diff_weight"": 0.07513337527622702, ""gross_amount"": 0.11691160526550845, ""gross_amount_pct_nav"": 0.07513337527622702, ""fee"": 3.5073481579652534e-05, ""fee_pct_nav"": 2.2540012582868105e-05, ""name"": ""中国海外发展""}, {""ts_code"": ""02380.HK"", ""side"": ""sell"", ""current_weight"": 0.047985680503184705, ""target_weight"": 0.0, ""post_trade_weight"": 0.0, ""diff_weight"": -0.047985680503184705, ""gross_amount"": 0.07466832039369624, ""gross_amount_pct_nav"": 0.047985680503184705, ""fee"": 2.240049611810887e-05, ""fee_pct_nav"": 1.4395704150955411e-05, ""name"": ""中国电力""}, {""ts_code"": ""02388.HK"", ""side"": ""sell"", ""current_weight"": 0.10490726039258057, ""target_weight"": 0.07125552364906693, ""post_trade_weight"": 0.07126696832580812, ""diff_weight"": -0.03365173674351365, ""gross_amount"": 0.0523639267927488, ""gross_amount_pct_nav"": 0.03365173674351365, ""fee"": 1.570917803782464e-05, ""fee_pct_nav"": 1.0095521023054095e-05, ""name"": ""中银香港""}, {""ts_code"": ""02588.HK"", ""side"": ""sell"", ""current_weight"": 0.06769001767972244, ""target_weight"": 0.0, ""post_trade_weight"": 0.0, ""diff_weight"": -0.06769001767972244, ""gross_amount"": 0.1053293373057205, ""gross_amount_pct_nav"": 0.06769001767972244, ""fee"": 3.1598801191716146e-05, ""fee_pct_nav"": 2.0307005303916727e-05, ""name"": ""中银航空租赁""}, {""ts_code"": ""03800.HK"", ""side"": ""sell"", ""current_weight"": 0.04882964002422918, ""target_weight"": 0.0, ""post_trade_weight"": 0.0, ""diff_weight"": -0.04882964002422918, ""gross_amount"": 0.07598156716347951, ""gross_amount_pct_nav"": 0.04882964002422918, ""fee"": 2.279447014904385e-05, ""fee_pct_nav"": 1.4648892007268753e-05, ""name"": ""协鑫科技""}, {""ts_code"": ""06049.HK"", ""side"": ""buy"", ""current_weight"": 0.0, ""target_weight"": 0.07901122690338712, ""post_trade_weight"": 0.0790239172592294, ""diff_weight"": 0.07901122690338712, ""gross_amount"": 0.12294575263405082, ""gross_amount_pct_nav"": 0.07901122690338712, ""fee"": 3.688372579021524e-05, ""fee_pct_nav"": 2.3703368071016133e-05, ""name"": ""保利物业""}]"
2022-02-14,0.44165064,0.88330128,0.71686255,0.70967822,0.00042796,0.00021506,0.00021290,0.00000000,rebalance,"[{""ts_code"": ""00005.HK"", ""side"": ""sell"", ""current_weight"": 0.13204101839366736, ""target_weight"": 0.0, ""post_trade_weight"": 0.0, ""diff_weight"": -0.13204101839366736, ""gross_amount"": 0.2132476190949524, ""gross_amount_pct_nav"": 0.13204101839366736, ""fee"": 6.397428572848572e-05, ""fee_pct_nav"": 3.961230551810021e-05, ""name"": ""汇丰控股""}, {""ts_code"": ""00144.HK"", ""side"": ""buy"", ""current_weight"": 0.07742130175591543, ""target_weight"": 0.0899307599455061, ""post_trade_weight"": 0.08995459704880795, ""diff_weight"": 0.012509458189590674, ""gross_amount"": 0.02020290518469678, ""gross_amount_pct_nav"": 0.012509458189590674, ""fee"": 6.060871555409033e-06, ""fee_pct_nav"": 3.752837456877202e-06, ""name"": ""招商局港口""}, {""ts_code"": ""00151.HK"", ""side"": ""sell"", ""current_weight"": 0.10050427721309604, ""target_weight"": 0.0, ""post_trade_weight"": 0.0, ""diff_weight"": -0.10050427721309604, ""gross_amount"": 0.16231545382854828, ""gross_amount_pct_nav"": 0.10050427721309604, ""fee"": 4.869463614856448e-05, ""fee_pct_nav"": 3.015128316392881e-05, ""name"": ""中国旺旺""}, {""ts_code"": ""00316.HK"", ""side"": ""sell"", ""current_weight"": 0.05804312968521897, ""target_weight"": 0.0, ""post_trade_weight"": 0.0, ""diff_weight"": -0.05804312968521897, ""gross_amount"": 0.09374025860123268, ""gross_amount_pct_nav"": 0.05804312968521897, ""fee"": 2.81220775803698e-05, ""fee_pct_nav"": 1.741293890556569e-05, ""name"": ""东方海外国际""}, {""ts_code"": ""00322.HK"", ""side"": ""buy"", ""current_weight"": 0.0, ""target_weight"": 0.08255473547048037, ""post_trade_weight"": 0.08257661748013602, ""diff_weight"": 0.08255473547048037, ""gross_amount"": 0.1333267570809486, ""gross_amount_pct_nav"": 0.08255473547048037, ""fee"": 3.9998027124284575e-05, ""fee_pct_nav"": 2.476642064114411e-05, ""name"": ""康师傅控股""}, {""ts_code"": ""00683.HK"", ""side"": ""sell"", ""current_weight"": 0.07369564403656587, ""target_weight"": 0.0, ""post_trade_weight"": 0.0, ""diff_weight"": -0.07369564403656587, ""gross_amount"": 0.11901923220262367, ""gross_amount_pct_nav"": 0.07369564403656587, ""fee"": 3.57057696607871e-05, ""fee_pct_nav"": 2.210869321096976e-05, ""name"": ""嘉里建设""}, {""ts_code"": ""00688.HK"", ""side"": ""buy"", ""current_weight"": 0.07600836034233874, ""target_weight"": 0.09900894391476855, ""post_trade_weight"": 0.09903518728717343, ""diff_weight"": 0.02300058357242981, ""gross_amount"": 0.03714618187805771, ""gross_amount_pct_nav"": 0.02300058357242981, ""fee"": 1.1143854563417312e-05, ""fee_pct_nav"": 6.900175071728942e-06, ""name"": ""中国海外发展""}, {""ts_code"": ""01088.HK"", ""side"": ""buy"", ""current_weight"": 0.0, ""target_weight"": 0.0700722325127445, ""post_trade_weight"": 0.0700908059023835, ""diff_weight"": 0.0700722325127445, ""gross_amount"": 0.11316738487626908, ""gross_amount_pct_nav"": 0.0700722325127445, ""fee"": 3.3950215462880724e-05, ""fee_pct_nav"": 2.1021669753823352e-05, ""name"": ""中国神华""}, {""ts_code"": ""01109.HK"", ""side"": ""buy"", ""current_weight"": 0.0, ""target_weight"": 0.07574609749353355, ""post_trade_weight"": 0.07576617480136193, ""diff_weight"": 0.07574609749353355, ""gross_amount"": 0.12233073587839616, ""gross_amount_pct_nav"": 0.07574609749353355, ""fee"": 3.669922076351884e-05, ""fee_pct_nav"": 2.2723829248060063e-05, ""name"": ""华润置地""}, {""ts_code"": ""01171.HK"", ""side"": ""buy"", ""current_weight"": 0.0, ""target_weight"": 0.09276769243590062, ""post_trade_weight"": 0.09279228149829717, ""diff_weight"": 0.09276769243590062, ""gross_amount"": 0.1498207888847773, ""gross_amount_pct_nav"": 0.09276769243590062, ""fee"": 4.494623666543318e-05, ""fee_pct_nav"": 2.7830307730770183e-05, ""name"": ""兖矿能源""}, {""ts_code"": ""02388.HK"", ""side"": ""buy"", ""current_weight"": 0.0727789120625841, ""target_weight"": 0.09049814644358502, ""post_trade_weight"": 0.09052213393870581, ""diff_weight"": 0.0177192343810009, ""gross_amount"": 0.02861674796136747, ""gross_amount_pct_nav"": 0.0177192343810009, ""fee"": 8.58502438841024e-06, ""fee_pct_nav"": 5.31577031430027e-06, ""name"": ""中银香港""}, {""ts_code"": ""02883.HK"", ""side"": ""buy"", ""current_weight"": 0.0, ""target_weight"": 0.0695048460146656, ""post_trade_weight"": 0.06952326901248565, ""diff_weight"": 0.0695048460146656, ""gross_amount"": 0.11225104977605638, ""gross_amount_pct_nav"": 0.0695048460146656, ""fee"": 3.367531493281691e-05, ""fee_pct_nav"": 2.085145380439968e-05, ""name"": ""中海油田服务""}, {""ts_code"": ""06049.HK"", ""side"": ""sell"", ""current_weight"": 0.07514233383703002, ""target_weight"": 0.0, ""post_trade_weight"": 0.0, ""diff_weight"": -0.07514233383703002, ""gross_amount"": 0.12135565128868495, ""gross_amount_pct_nav"": 0.07514233383703002, ""fee"": 3.640669538660548e-05, ""fee_pct_nav"": 2.2542700151109004e-05, ""name"": ""保利物业""}]"
2022-02-28,0.21444018,0.42888037,0.35657019,0.32572932,0.00020469,0.00010697,0.00009772,0.00000000,rebalance,"[{""ts_code"": ""00008.HK"", ""side"": ""buy"", ""current_weight"": 0.0, ""target_weight"": 0.10822036954672923, ""post_trade_weight"": 0.10823429541599223, ""diff_weight"": 0.10822036954672923, ""gross_amount"": 0.17216620411018174, ""gross_amount_pct_nav"": 0.10822036954672923, ""fee"": 5.164986123305452e-05, ""fee_pct_nav"": 3.246611086401877e-05, ""name"": ""电讯盈科""}, {""ts_code"": ""00144.HK"", ""side"": ""sell"", ""current_weight"": 0.08625022892396036, ""target_weight"": 0.0, ""post_trade_weight"": 0.0, ""diff_weight"": -0.08625022892396036, ""gross_amount"": 0.13721422851971085, ""gross_amount_pct_nav"": 0.08625022892396036, ""fee"": 4.1164268555913253e-05, ""fee_pct_nav"": 2.5875068677188108e-05, ""name"": ""招商局港口""}, {""ts_code"": ""00151.HK"", ""side"": ""buy"", ""current_weight"": 0.0, ""target_weight"": 0.10210910161938452, ""post_trade_weight"": 0.10212224108661856, ""diff_weight"": 0.10210910161938452, ""gross_amount"": 0.16244387728984208, ""gross_amount_pct_nav"": 0.10210910161938452, ""fee"": 4.873316318695262e-05, ""fee_pct_nav"": 3.063273048581536e-05, ""name"": ""中国旺旺""}, {""ts_code"": ""01109.HK"", ""side"": ""sell"", ""current_weight"": 0.0764974227768429, ""target_weight"": 0.0, ""post_trade_weight"": 0.0, ""diff_weight"": -0.0764974227768429, ""gross_amount"": 0.12169863177203362, ""gross_amount_pct_nav"": 0.0764974227768429, ""fee"": 3.6509589531610085e-05, ""fee_pct_nav"": 2.294922683305287e-05, ""name"": ""华润置地""}, {""ts_code"": ""01171.HK"", ""side"": ""sell"", ""current_weight"": 0.09373094882752903, ""target_weight"": 0.07664548525544825, ""post_trade_weight"": 0.07665534804756156, ""diff_weight"": -0.017085463572080777, ""gross_amount"": 0.02718101426735367, ""gross_amount_pct_nav"": 0.017085463572080777, ""fee"": 8.1543042802061e-06, ""fee_pct_nav"": 5.1256390716242324e-06, ""name"": ""兖矿能源""}, {""ts_code"": ""02388.HK"", ""side"": ""sell"", ""current_weight"": 0.08118867204199282, ""target_weight"": 0.05627459216429921, ""post_trade_weight"": 0.056281833616315974, ""diff_weight"": -0.024914079877693607, ""gross_amount"": 0.039635445521078505, ""gross_amount_pct_nav"": 0.024914079877693607, ""fee"": 1.189063365632355e-05, ""fee_pct_nav"": 7.474223963308081e-06, ""name"": ""中银香港""}, {""ts_code"": ""02883.HK"", ""side"": ""buy"", ""current_weight"": 0.07099014300943822, ""target_weight"": 0.08479384249190786, ""post_trade_weight"": 0.08480475382005981, ""diff_weight"": 0.013803699482469643, ""gross_amount"": 0.021960103745056053, ""gross_amount_pct_nav"": 0.013803699482469643, ""fee"": 6.588031123516815e-06, ""fee_pct_nav"": 4.141109844740893e-06, ""name"": ""中海油田服务""}]"
2022-03-14,0.43729164,0.87458329,0.65882626,0.65009970,0.00039268,0.00019765,0.00019503,0.00000000,rebalance,"[{""ts_code"": ""00006.HK"", ""side"": ""buy"", ""current_weight"": 0.0, ""target_weight"": 0.10859219030324171, ""post_trade_weight"": 0.10862068965517237, ""diff_weight"": 0.10859219030324171, ""gross_amount"": 0.1625221288447986, ""gross_amount_pct_nav"": 0.10859219030324171, ""fee"": 4.875663865343958e-05, ""fee_pct_nav"": 3.257765709097251e-05, ""name"": ""电能实业""}, {""ts_code"": ""00008.HK"", ""side"": ""sell"", ""current_weight"": 0.11162252607959208, ""target_weight"": 0.0, ""post_trade_weight"": 0.0, ""diff_weight"": -0.11162252607959208, ""gross_amount"": 0.16705741467071047, ""gross_amount_pct_nav"": 0.11162252607959208, ""fee"": 5.0117224401213135e-05, ""fee_pct_nav"": 3.3486757823877616e-05, ""name"": ""电讯盈科""}, {""ts_code"": ""00151.HK"", ""side"": ""sell"", ""current_weight"": 0.10149947879326872, ""target_weight"": 0.07656500053638703, ""post_trade_weight"": 0.07658509454949942, ""diff_weight"": -0.0249344782568817, ""gross_amount"": 0.03731764205719114, ""gross_amount_pct_nav"": 0.0249344782568817, ""fee"": 1.119529261715734e-05, ""fee_pct_nav"": 7.4803434770645094e-06, ""name"": ""中国旺旺""}, {""ts_code"": ""00316.HK"", ""side"": ""buy"", ""current_weight"": 0.0, ""target_weight"": 0.11126112278381295, ""post_trade_weight"": 0.11129032258064513, ""diff_weight"": 0.11126112278381295, ""gross_amount"": 0.1665165283248551, ""gross_amount_pct_nav"": 0.11126112278381295, ""fee"": 4.995495849745653e-05, ""fee_pct_nav"": 3.337833683514388e-05, ""name"": ""东方海外国际""}, {""ts_code"": ""00322.HK"", ""side"": ""sell"", ""current_weight"": 0.0723231662004823, ""target_weight"": 0.0, ""post_trade_weight"": 0.0, ""diff_weight"": -0.0723231662004823, ""gross_amount"": 0.1082408864106656, ""gross_amount_pct_nav"": 0.0723231662004823, ""fee"": 3.2472265923199676e-05, ""fee_pct_nav"": 2.1696949860144688e-05, ""name"": ""康师傅控股""}, {""ts_code"": ""00688.HK"", ""side"": ""sell"", ""current_weight"": 0.09551196843285589, ""target_weight"": 0.0, ""post_trade_weight"": 0.0, ""diff_weight"": -0.09551196843285589, ""gross_amount"": 0.14294590058933135, ""gross_amount_pct_nav"": 0.09551196843285589, ""fee"": 4.28837701767994e-05, ""fee_pct_nav"": 2.8653590529856763e-05, ""name"": ""中国海外发展""}, {""ts_code"": ""00902.HK"", ""side"": ""buy"", ""current_weight"": 0.0, ""target_weight"": 0.06455480437381651, ""post_trade_weight"": 0.06457174638487206, ""diff_weight"": 0.06455480437381651, ""gross_amount"": 0.09661453742386647, ""gross_amount_pct_nav"": 0.06455480437381651, ""fee"": 2.898436122715994e-05, ""fee_pct_nav"": 1.9366441312144953e-05, ""name"": ""华能国际电力股份""}, {""ts_code"": ""01088.HK"", ""side"": ""sell"", ""current_weight"": 0.0697446101658654, ""target_weight"": 0.0, ""post_trade_weight"": 0.0, ""diff_weight"": -0.0697446101658654, ""gross_amount"": 0.10438174686369367, ""gross_amount_pct_nav"": 0.0697446101658654, ""fee"": 3.13145240591081e-05, ""fee_pct_nav"": 2.092338304975962e-05, ""name"": ""中国神华""}, {""ts_code"": ""01787.HK"", ""side"": ""buy"", ""current_weight"": 0.0, ""target_weight"": 0.055880773811960036, ""post_trade_weight"": 0.055895439377085646, ""diff_weight"": 0.055880773811960036, ""gross_amount"": 0.08363273911368287, ""gross_amount_pct_nav"": 0.055880773811960036, ""fee"": 2.5089821734104857e-05, ""fee_pct_nav"": 1.676423214358801e-05, ""name"": ""山东黄金""}, {""ts_code"": ""01877.HK"", ""side"": ""buy"", ""current_weight"": 0.0, ""target_weight"": 0.09991815974138525, ""post_trade_weight"": 0.09994438264738596, ""diff_weight"": 0.09991815974138525, ""gross_amount"": 0.14954033053461502, ""gross_amount_pct_nav"": 0.09991815974138525, ""fee"": 4.48620991603845e-05, ""fee_pct_nav"": 2.997544792241557e-05, ""name"": ""君实生物""}, {""ts_code"": ""02388.HK"", ""side"": ""sell"", ""current_weight"": 0.06023948661106777, ""target_weight"": 0.0, ""post_trade_weight"": 0.0, ""diff_weight"": -0.06023948661106777, ""gross_amount"": 0.0901561113852606, ""gross_amount_pct_nav"": 0.06023948661106777, ""fee"": 2.7046833415578176e-05, ""fee_pct_nav"": 1.8071845983320327e-05, ""name"": ""中银香港""}]"
2022-03-28,0.64071148,1.28142297,0.97236054,0.99632922,0.00059061,0.00029171,0.00029890,0.00000000,rebalance,"[{""ts_code"": ""00001.HK"", ""side"": ""buy"", ""current_weight"": 0.0, ""target_weight"": 0.08227841152421402, ""post_trade_weight"": 0.08231005372217948, ""diff_weight"": 0.08227841152421402, ""gross_amount"": 0.12640686975775897, ""gross_amount_pct_nav"": 0.08227841152421402, ""fee"": 3.792206092732769e-05, ""fee_pct_nav"": 2.4683523457264202e-05, ""name"": ""长和""}, {""ts_code"": ""00006.HK"", ""side"": ""sell"", ""current_weight"": 0.1043699669373744, ""target_weight"": 0.0, ""post_trade_weight"": 0.0, ""diff_weight"": -0.1043699669373744, ""gross_amount"": 0.16034680996960735, ""gross_amount_pct_nav"": 0.1043699669373744, ""fee"": 4.81040429908822e-05, ""fee_pct_nav"": 3.131099008121232e-05, ""name"": ""电能实业""}, {""ts_code"": ""00008.HK"", ""side"": ""buy"", ""current_weight"": 0.0, ""target_weight"": 0.09033364062448672, ""post_trade_weight"": 0.09036838066001524, ""diff_weight"": 0.09033364062448672, ""gross_amount"": 0.13878236749628084, ""gross_amount_pct_nav"": 0.09033364062448672, ""fee"": 4.163471024888425e-05, ""fee_pct_nav"": 2.7100092187346015e-05, ""name"": ""电讯盈科""}, {""ts_code"": ""00083.HK"", ""side"": ""buy"", ""current_weight"": 0.0, ""target_weight"": 0.08457990555286335, ""post_trade_weight"": 0.0846124328472754, ""diff_weight"": 0.08457990555286335, ""gross_amount"": 0.1299427262544795, ""gross_amount_pct_nav"": 0.08457990555286335, ""fee"": 3.898281787634385e-05, ""fee_pct_nav"": 2.5373971665859002e-05, ""name"": ""信和置业""}, {""ts_code"": ""00151.HK"", ""side"": ""sell"", ""current_weight"": 0.06919717341659927, ""target_weight"": 0.0, ""post_trade_weight"": 0.0, ""diff_weight"": -0.06919717341659927, ""gross_amount"": 0.10630975884971891, ""gross_amount_pct_nav"": 0.06919717341659927, ""fee"": 3.189292765491567e-05, ""fee_pct_nav"": 2.075915202497978e-05, ""name"": ""中国旺旺""}, {""ts_code"": ""00316.HK"", ""side"": ""sell"", ""current_weight"": 0.09522332947754578, ""target_weight"": 0.0, ""post_trade_weight"": 0.0, ""diff_weight"": -0.09522332947754578, ""gross_amount"": 0.1462945477943011, ""gross_amount_pct_nav"": 0.09522332947754578, ""fee"": 4.388836433829032e-05, ""fee_pct_nav"": 2.856699884326373e-05, ""name"": ""东方海外国际""}, {""ts_code"": ""00728.HK"", ""side"": ""buy"", ""current_weight"": 0.0, ""target_weight"": 0.10069036375340877, ""post_trade_weight"": 0.10072908672294692, ""diff_weight"": 0.10069036375340877, ""gross_amount"": 0.15469372173152324, ""gross_amount_pct_nav"": 0.10069036375340877, ""fee"": 4.6408116519456966e-05, ""fee_pct_nav"": 3.0207109126022625e-05, ""name"": ""中国电信""}, {""ts_code"": ""00902.HK"", ""side"": ""sell"", ""current_weight"": 0.055004303365505366, ""target_weight"": 0.0, ""post_trade_weight"": 0.0, ""diff_weight"": -0.055004303365505366, ""gross_amount"": 0.08450481338708757, ""gross_amount_pct_nav"": 0.055004303365505366, ""fee"": 2.5351444016126267e-05, ""fee_pct_nav"": 1.6501291009651608e-05, ""name"": ""华能国际电力股份""}, {""ts_code"": ""01038.HK"", ""side"": ""buy"", ""current_weight"": 0.0, ""target_weight"": 0.09953961673908408, ""post_trade_weight"": 0.09957789716039896, ""diff_weight"": 0.09953961673908408, ""gross_amount"": 0.15292579348316296, ""gross_amount_pct_nav"": 0.09953961673908408, ""fee"": 4.587773804494888e-05, ""fee_pct_nav"": 2.986188502172522e-05, ""name"": ""长江基建集团""}, {""ts_code"": ""01171.HK"", ""side"": ""sell"", ""current_weight"": 0.10064854068311939, ""target_weight"": 0.0, ""post_trade_weight"": 0.0, ""diff_weight"": -0.10064854068311939, ""gross_amount"": 0.1546294676544087, ""gross_amount_pct_nav"": 0.10064854068311939, ""fee"": 4.63888402963226e-05, ""fee_pct_nav"": 3.019456220493581e-05, ""name"": ""兖矿能源""}, {""ts_code"": ""01787.HK"", ""side"": ""sell"", ""current_weight"": 0.059076157812593205, ""target_weight"": 0.0, ""post_trade_weight"": 0.0, ""diff_weight"": -0.059076157812593205, ""gross_amount"": 0.09076052937905356, ""gross_amount_pct_nav"": 0.059076157812593205, ""fee"": 2.7228158813716065e-05, ""fee_pct_nav"": 1.772284734377796e-05, ""name"": ""山东黄金""}, {""ts_code"": ""01877.HK"", ""side"": ""sell"", ""current_weight"": 0.11185791941230715, ""target_weight"": 0.058688097730558254, ""post_trade_weight"": 0.05871066768994621, ""diff_weight"": -0.0531698216817489, ""gross_amount"": 0.08168644240768, ""gross_amount_pct_nav"": 0.0531698216817489, ""fee"": 2.4505932722303998e-05, ""fee_pct_nav"": 1.5950946504524668e-05, ""name"": ""君实生物""}, {""ts_code"": ""02883.HK"", ""side"": ""sell"", ""current_weight"": 0.08471086113839585, ""target_weight"": 0.0, ""post_trade_weight"": 0.0, ""diff_weight"": -0.08471086113839585, ""gross_amount"": 0.13014391737299771, ""gross_amount_pct_nav"": 0.08471086113839585, ""fee"": 3.904317521189931e-05, ""fee_pct_nav"": 2.5413258341518752e-05, ""name"": ""中海油田服务""}, {""ts_code"": ""03311.HK"", ""side"": ""sell"", ""current_weight"": 0.08522467838976745, ""target_weight"": 0.05811272422339592, ""post_trade_weight"": 0.058135072908672224, ""diff_weight"": -0.02711195416637154, ""gross_amount"": 0.04165293417433409, ""gross_amount_pct_nav"": 0.02711195416637154, ""fee"": 1.2495880252300226e-05, ""fee_pct_nav"": 8.13358624991146e-06, ""name"": ""中国建筑国际""}, {""ts_code"": ""03328.HK"", ""side"": ""buy"", ""current_weight"": 0.0, ""target_weight"": 0.09090901413164905, ""post_trade_weight"": 0.09094397544128921, ""diff_weight"": 0.09090901413164905, ""gross_amount"": 0.13966633162046097, ""gross_amount_pct_nav"": 0.09090901413164905, ""fee"": 4.189989948613828e-05, ""fee_pct_nav"": 2.727270423949471e-05, ""name"": ""交通银行""}, {""ts_code"": ""03900.HK"", ""side"": ""buy"", ""current_weight"": 0.0, ""target_weight"": 0.08457990555286336, ""post_trade_weight"": 0.08461243284727542, ""diff_weight"": 0.08457990555286336, ""gross_amount"": 0.12994272625447953, ""gross_amount_pct_nav"": 0.08457990555286336, ""fee"": 3.8982817876343854e-05, ""fee_pct_nav"": 2.537397166585901e-05, ""name"": ""绿城中国""}]"
2022-04-11,0.37509158,0.75018316,0.00000000,1.15293120,0.00034588,0.00000000,0.00034588,0.00000000,rebalance,"[{""ts_code"": ""00001.HK"", ""side"": ""sell"", ""current_weight"": 0.08027694075381159, ""target_weight"": 0.0, ""post_trade_weight"": 0.0, ""diff_weight"": -0.08027694075381159, ""gross_amount"": 0.12337492405099684, ""gross_amount_pct_nav"": 0.08027694075381159, ""fee"": 3.701247721529905e-05, ""fee_pct_nav"": 2.4083082226143473e-05, ""name"": ""长和""}, {""ts_code"": ""00008.HK"", ""side"": ""sell"", ""current_weight"": 0.09056468059844969, ""target_weight"": 0.0, ""post_trade_weight"": 0.0, ""diff_weight"": -0.09056468059844969, ""gross_amount"": 0.13918580461109561, ""gross_amount_pct_nav"": 0.09056468059844969, ""fee"": 4.175574138332868e-05, ""fee_pct_nav"": 2.7169404179534903e-05, ""name"": ""电讯盈科""}, {""ts_code"": ""00083.HK"", ""side"": ""sell"", ""current_weight"": 0.08473188215196147, ""target_weight"": 0.0, ""post_trade_weight"": 0.0, ""diff_weight"": -0.08473188215196147, ""gross_amount"": 0.13022157330652775, ""gross_amount_pct_nav"": 0.08473188215196147, ""fee"": 3.906647199195832e-05, ""fee_pct_nav"": 2.5419564645588436e-05, ""name"": ""信和置业""}, {""ts_code"": ""00728.HK"", ""side"": ""sell"", ""current_weight"": 0.09868165666684173, ""target_weight"": 0.0, ""post_trade_weight"": 0.0, ""diff_weight"": -0.09868165666684173, ""gross_amount"": 0.15166051150149337, ""gross_amount_pct_nav"": 0.09868165666684173, ""fee"": 4.549815345044801e-05, ""fee_pct_nav"": 2.9604497000052515e-05, ""name"": ""中国电信""}, {""ts_code"": ""01038.HK"", ""side"": ""sell"", ""current_weight"": 0.10035709400468545, ""target_weight"": 0.0, ""post_trade_weight"": 0.0, ""diff_weight"": -0.10035709400468545, ""gross_amount"": 0.1542354346658251, ""gross_amount_pct_nav"": 0.10035709400468545, ""fee"": 4.627063039974752e-05, ""fee_pct_nav"": 3.0107128201405632e-05, ""name"": ""长江基建集团""}, {""ts_code"": ""01877.HK"", ""side"": ""sell"", ""current_weight"": 0.05012482070710847, ""target_weight"": 0.0, ""post_trade_weight"": 0.0, ""diff_weight"": -0.05012482070710847, ""gross_amount"": 0.07703514720091915, ""gross_amount_pct_nav"": 0.05012482070710847, ""fee"": 2.3110544160275746e-05, ""fee_pct_nav"": 1.5037446212132541e-05, ""name"": ""君实生物""}, {""ts_code"": ""03311.HK"", ""side"": ""sell"", ""current_weight"": 0.05704812232308802, ""target_weight"": 0.0, ""post_trade_weight"": 0.0, ""diff_weight"": -0.05704812232308802, ""gross_amount"": 0.08767533606503036, ""gross_amount_pct_nav"": 0.05704812232308802, ""fee"": 2.6302600819509108e-05, ""fee_pct_nav"": 1.7114436696926405e-05, ""name"": ""中国建筑国际""}, {""ts_code"": ""03328.HK"", ""side"": ""sell"", ""current_weight"": 0.09443705912549209, ""target_weight"": 0.0, ""post_trade_weight"": 0.0, ""diff_weight"": -0.09443705912549209, ""gross_amount"": 0.14513713262863573, ""gross_amount_pct_nav"": 0.09443705912549209, ""fee"": 4.354113978859071e-05, ""fee_pct_nav"": 2.833111773764762e-05, ""name"": ""交通银行""}, {""ts_code"": ""03900.HK"", ""side"": ""sell"", ""current_weight"": 0.0939609006025932, ""target_weight"": 0.0, ""post_trade_weight"": 0.0, ""diff_weight"": -0.0939609006025932, ""gross_amount"": 0.14440534064643945, ""gross_amount_pct_nav"": 0.0939609006025932, ""fee"": 4.332160219393183e-05, ""fee_pct_nav"": 2.818827018077796e-05, ""name"": ""绿城中国""}]"
2022-04-25,0.00000000,0.00000000,0.00000000,0.00000000,0.00000000,0.00000000,0.00000000,0.00000000,rebalance,
2022-05-10,0.00000000,0.00000000,0.00000000,0.00000000,0.00000000,0.00000000,0.00000000,0.00000000,rebalance,
2022-05-23,0.00000000,0.00000000,0.00000000,0.00000000,0.00000000,0.00000000,0.00000000,0.00000000,rebalance,
2022-06-06,0.00000000,0.00000000,0.00000000,0.00000000,0.00000000,0.00000000,0.00000000,0.00000000,rebalance,
2022-06-20,0.00000000,0.00000000,0.00000000,0.00000000,0.00000000,0.00000000,0.00000000,0.00000000,rebalance,
2022-07-04,0.37491564,0.74983129,1.15213108,0.00000000,0.00034564,0.00034564,0.00000000,0.00000000,rebalance,"[{""ts_code"": ""00004.HK"", ""side"": ""buy"", ""current_weight"": 0.0, ""target_weight"": 0.09659181265888458, ""post_trade_weight"": 0.09661354581673283, ""diff_weight"": 0.09659181265888458, ""gross_amount"": 0.14841529158133268, ""gross_amount_pct_nav"": 0.09659181265888458, ""fee"": 4.45245874743998e-05, ""fee_pct_nav"": 2.897754379766537e-05, ""name"": ""九龙仓集团""}, {""ts_code"": ""00123.HK"", ""side"": ""buy"", ""current_weight"": 0.0, ""target_weight"": 0.09579517915241956, ""post_trade_weight"": 0.09581673306772885, ""diff_weight"": 0.09579517915241956, ""gross_amount"": 0.14719124793942479, ""gross_amount_pct_nav"": 0.09579517915241956, ""fee"": 4.415737438182743e-05, ""fee_pct_nav"": 2.8738553745725863e-05, ""name"": ""越秀地产""}, {""ts_code"": ""00288.HK"", ""side"": ""buy"", ""current_weight"": 0.0, ""target_weight"": 0.1117278492817201, ""post_trade_weight"": 0.11175298804780848, ""diff_weight"": 0.1117278492817201, ""gross_amount"": 0.17167212077758273, ""gross_amount_pct_nav"": 0.1117278492817201, ""fee"": 5.150163623327481e-05, ""fee_pct_nav"": 3.351835478451602e-05, ""name"": ""万洲国际""}, {""ts_code"": ""00293.HK"", ""side"": ""buy"", ""current_weight"": 0.0, ""target_weight"": 0.09340527863302446, ""post_trade_weight"": 0.09342629482071689, ""diff_weight"": 0.09340527863302446, ""gross_amount"": 0.14351911701370107, ""gross_amount_pct_nav"": 0.09340527863302446, ""fee"": 4.3055735104110315e-05, ""fee_pct_nav"": 2.8021583589907334e-05, ""name"": ""国泰航空""}, {""ts_code"": ""00788.HK"", ""side"": ""buy"", ""current_weight"": 0.0, ""target_weight"": 0.08623557707483921, ""post_trade_weight"": 0.08625498007968105, ""diff_weight"": 0.08623557707483921, ""gross_amount"": 0.13250272423652998, ""gross_amount_pct_nav"": 0.08623557707483921, ""fee"": 3.975081727095899e-05, ""fee_pct_nav"": 2.5870673122451757e-05, ""name"": ""中国铁塔""}, {""ts_code"": ""01099.HK"", ""side"": ""buy"", ""current_weight"": 0.0, ""target_weight"": 0.09260864512655942, ""post_trade_weight"": 0.0926294820717129, ""diff_weight"": 0.09260864512655942, ""gross_amount"": 0.14229507337179315, ""gross_amount_pct_nav"": 0.09260864512655942, ""fee"": 4.268852201153794e-05, ""fee_pct_nav"": 2.778259353796782e-05, ""name"": ""国药控股""}, {""ts_code"": ""01138.HK"", ""side"": ""buy"", ""current_weight"": 0.0, ""target_weight"": 0.06074330486795834, ""post_trade_weight"": 0.06075697211155364, ""diff_weight"": 0.06074330486795834, ""gross_amount"": 0.09333332769547725, ""gross_amount_pct_nav"": 0.06074330486795834, ""fee"": 2.7999998308643174e-05, ""fee_pct_nav"": 1.8222991460387503e-05, ""name"": ""中远海能""}, {""ts_code"": ""03320.HK"", ""side"": ""buy"", ""current_weight"": 0.0, ""target_weight"": 0.05198033629684305, ""post_trade_weight"": 0.05199203187250984, ""diff_weight"": 0.05198033629684305, ""gross_amount"": 0.07986884763449038, ""gross_amount_pct_nav"": 0.05198033629684305, ""fee"": 2.3960654290347112e-05, ""fee_pct_nav"": 1.5594100889052914e-05, ""name"": ""华润医药""}, {""ts_code"": ""03900.HK"", ""side"": ""buy"", ""current_weight"": 0.0, ""target_weight"": 0.06074330486795834, ""post_trade_weight"": 0.06075697211155364, ""diff_weight"": 0.06074330486795834, ""gross_amount"": 0.09333332769547725, ""gross_amount_pct_nav"": 0.06074330486795834, ""fee"": 2.7999998308643174e-05, ""fee_pct_nav"": 1.8222991460387503e-05, ""name"": ""绿城中国""}]"
2022-07-18,0.37321881,0.74643763,0.00000000,1.13054890,0.00033916,0.00000000,0.00033916,0.00000000,rebalance,"[{""ts_code"": ""00004.HK"", ""side"": ""sell"", ""current_weight"": 0.10148080120954193, ""target_weight"": 0.0, ""post_trade_weight"": 0.0, ""diff_weight"": -0.10148080120954193, ""gross_amount"": 0.15370207005695713, ""gross_amount_pct_nav"": 0.10148080120954193, ""fee"": 4.611062101708714e-05, ""fee_pct_nav"": 3.0444240362862577e-05, ""name"": ""九龙仓集团""}, {""ts_code"": ""00123.HK"", ""side"": ""sell"", ""current_weight"": 0.09356110620870135, ""target_weight"": 0.0, ""post_trade_weight"": 0.0, ""diff_weight"": -0.09356110620870135, ""gross_amount"": 0.14170695865322025, ""gross_amount_pct_nav"": 0.09356110620870135, ""fee"": 4.251208759596607e-05, ""fee_pct_nav"": 2.8068331862610403e-05, ""name"": ""越秀地产""}, {""ts_code"": ""00288.HK"", ""side"": ""sell"", ""current_weight"": 0.10975050095254779, ""target_weight"": 0.0, ""post_trade_weight"": 0.0, ""diff_weight"": -0.10975050095254779, ""gross_amount"": 0.16622729605142803, ""gross_amount_pct_nav"": 0.10975050095254779, ""fee"": 4.9868188815428405e-05, ""fee_pct_nav"": 3.2925150285764337e-05, ""name"": ""万洲国际""}, {""ts_code"": ""00293.HK"", ""side"": ""sell"", ""current_weight"": 0.09359774868384096, ""target_weight"": 0.0, ""post_trade_weight"": 0.0, ""diff_weight"": -0.09359774868384096, ""gross_amount"": 0.1417624570747329, ""gross_amount_pct_nav"": 0.09359774868384096, ""fee"": 4.252873712241986e-05, ""fee_pct_nav"": 2.8079324605152284e-05, ""name"": ""国泰航空""}, {""ts_code"": ""00788.HK"", ""side"": ""sell"", ""current_weight"": 0.08748406975252322, ""target_weight"": 0.0, ""post_trade_weight"": 0.0, ""diff_weight"": -0.08748406975252322, ""gross_amount"": 0.13250272423652995, ""gross_amount_pct_nav"": 0.08748406975252322, ""fee"": 3.975081727095898e-05, ""fee_pct_nav"": 2.6245220925756967e-05, ""name"": ""中国铁塔""}, {""ts_code"": ""01099.HK"", ""side"": ""sell"", ""current_weight"": 0.09084581338963368, ""target_weight"": 0.0, ""post_trade_weight"": 0.0, ""diff_weight"": -0.09084581338963368, ""gross_amount"": 0.13759439625592762, ""gross_amount_pct_nav"": 0.09084581338963368, ""fee"": 4.127831887677828e-05, ""fee_pct_nav"": 2.7253744016890105e-05, ""name"": ""国药控股""}, {""ts_code"": ""01138.HK"", ""side"": ""sell"", ""current_weight"": 0.06402361362771265, ""target_weight"": 0.0, ""post_trade_weight"": 0.0, ""diff_weight"": -0.06402361362771265, ""gross_amount"": 0.09696969111218415, ""gross_amount_pct_nav"": 0.06402361362771265, ""fee"": 2.909090733365524e-05, ""fee_pct_nav"": 1.9207084088313794e-05, ""name"": ""中远海能""}, {""ts_code"": ""03320.HK"", ""side"": ""sell"", ""current_weight"": 0.04685152969148303, ""target_weight"": 0.0, ""post_trade_weight"": 0.0, ""diff_weight"": -0.04685152969148303, ""gross_amount"": 0.07096097993990638, ""gross_amount_pct_nav"": 0.04685152969148303, ""fee"": 2.1288293981971914e-05, ""fee_pct_nav"": 1.405545890744491e-05, ""name"": ""华润医药""}, {""ts_code"": ""03900.HK"", ""side"": ""sell"", ""current_weight"": 0.058842443413766266, ""target_weight"": 0.0, ""post_trade_weight"": 0.0, ""diff_weight"": -0.058842443413766266, ""gross_amount"": 0.08912232907217961, ""gross_amount_pct_nav"": 0.058842443413766266, ""fee"": 2.673669872165388e-05, ""fee_pct_nav"": 1.7652733024129876e-05, ""name"": ""绿城中国""}]"
2022-08-01,0.37491564,0.74983129,1.13543460,0.00000000,0.00034063,0.00034063,0.00000000,0.00000000,rebalance,"[{""ts_code"": ""00316.HK"", ""side"": ""buy"", ""current_weight"": 0.0, ""target_weight"": 0.1649628833512456, ""post_trade_weight"": 0.16499999999999962, ""diff_weight"": 0.1649628833512456, ""gross_amount"": 0.24979561200840217, ""gross_amount_pct_nav"": 0.1649628833512456, ""fee"": 7.493868360252064e-05, ""fee_pct_nav"": 4.948886500537367e-05, ""name"": ""东方海外国际""}, {""ts_code"": ""01138.HK"", ""side"": ""buy"", ""current_weight"": 0.0, ""target_weight"": 0.10530239391788994, ""post_trade_weight"": 0.10532608695652147, ""diff_weight"": 0.10530239391788994, ""gross_amount"": 0.1594545112227547, ""gross_amount_pct_nav"": 0.10530239391788994, ""fee"": 4.783635336682641e-05, ""fee_pct_nav"": 3.159071817536698e-05, ""name"": ""中远海能""}, {""ts_code"": ""01585.HK"", ""side"": ""buy"", ""current_weight"": 0.0, ""target_weight"": 0.14964024398858045, ""post_trade_weight"": 0.14967391304347788, ""diff_weight"": 0.14964024398858045, ""gross_amount"": 0.22659325279023038, ""gross_amount_pct_nav"": 0.14964024398858045, ""fee"": 6.797797583706911e-05, ""fee_pct_nav"": 4.489207319657414e-05, ""name"": ""雅迪控股""}, {""ts_code"": ""01797.HK"", ""side"": ""buy"", ""current_weight"": 0.0, ""target_weight"": 0.1649628833512456, ""post_trade_weight"": 0.16499999999999962, ""diff_weight"": 0.1649628833512456, ""gross_amount"": 0.24979561200840217, ""gross_amount_pct_nav"": 0.1649628833512456, ""fee"": 7.493868360252064e-05, ""fee_pct_nav"": 4.948886500537367e-05, ""name"": ""东方甄选""}, {""ts_code"": ""02255.HK"", ""side"": ""buy"", ""current_weight"": 0.0, ""target_weight"": 0.1649628833512456, ""post_trade_weight"": 0.16499999999999962, ""diff_weight"": 0.1649628833512456, ""gross_amount"": 0.24979561200840217, ""gross_amount_pct_nav"": 0.1649628833512456, ""fee"": 7.493868360252064e-05, ""fee_pct_nav"": 4.948886500537367e-05, ""name"": ""海昌海洋公园""}]"
2022-08-15,0.36856314,0.73712628,0.00000000,1.06129374,0.00031839,0.00000000,0.00031839,0.00000000,rebalance,"[{""ts_code"": ""00316.HK"", ""side"": ""sell"", ""current_weight"": 0.14673805951573213, ""target_weight"": 0.0, ""post_trade_weight"": 0.0, ""diff_weight"": -0.14673805951573213, ""gross_amount"": 0.21126934002819545, ""gross_amount_pct_nav"": 0.14673805951573213, ""fee"": 6.338080200845863e-05, ""fee_pct_nav"": 4.402141785471964e-05, ""name"": ""东方海外国际""}, {""ts_code"": ""01138.HK"", ""side"": ""sell"", ""current_weight"": 0.11198496810136999, ""target_weight"": 0.0, ""post_trade_weight"": 0.0, ""diff_weight"": -0.11198496810136999, ""gross_amount"": 0.16123281432189324, ""gross_amount_pct_nav"": 0.11198496810136999, ""fee"": 4.8369844296567966e-05, ""fee_pct_nav"": 3.3595490430410996e-05, ""name"": ""中远海能""}, {""ts_code"": ""01585.HK"", ""side"": ""sell"", ""current_weight"": 0.15072177945967155, ""target_weight"": 0.0, ""post_trade_weight"": 0.0, ""diff_weight"": -0.15072177945967155, ""gross_amount"": 0.21700498820420944, ""gross_amount_pct_nav"": 0.15072177945967155, ""fee"": 6.510149646126282e-05, ""fee_pct_nav"": 4.521653383790146e-05, ""name"": ""雅迪控股""}, {""ts_code"": ""01797.HK"", ""side"": ""sell"", ""current_weight"": 0.15895598115227713, ""target_weight"": 0.0, ""post_trade_weight"": 0.0, ""diff_weight"": -0.15895598115227713, ""gross_amount"": 0.2288603607162694, ""gross_amount_pct_nav"": 0.15895598115227713, ""fee"": 6.865810821488081e-05, ""fee_pct_nav"": 4.7686794345683134e-05, ""name"": ""东方甄选""}, {""ts_code"": ""02255.HK"", ""side"": ""sell"", ""current_weight"": 0.16872549506665174, ""target_weight"": 0.0, ""post_trade_weight"": 0.0, ""diff_weight"": -0.16872549506665174, ""gross_amount"": 0.2429262326781711, ""gross_amount_pct_nav"": 0.16872549506665174, ""fee"": 7.287786980345132e-05, ""fee_pct_nav"": 5.0617648519995525e-05, ""name"": ""海昌海洋公园""}]"
2022-08-29,0.37491564,0.74983129,1.07934731,0.00000000,0.00032380,0.00032380,0.00000000,0.00000000,rebalance,"[{""ts_code"": ""00019.HK"", ""side"": ""buy"", ""current_weight"": 0.0, ""target_weight"": 0.11118710411369534, ""post_trade_weight"": 0.11121212121212092, ""diff_weight"": 0.11118710411369534, ""gross_amount"": 0.1600486714905907, ""gross_amount_pct_nav"": 0.11118710411369534, ""fee"": 4.801460144717721e-05, ""fee_pct_nav"": 3.33561312341086e-05, ""name"": ""太古股份公司A""}, {""ts_code"": ""00087.HK"", ""side"": ""buy"", ""current_weight"": 0.0, ""target_weight"": 0.10512786138270375, ""post_trade_weight"": 0.10515151515151486, ""diff_weight"": 0.10512786138270375, ""gross_amount"": 0.15132667304423697, ""gross_amount_pct_nav"": 0.10512786138270375, ""fee"": 4.5398001913271084e-05, ""fee_pct_nav"": 3.153835841481112e-05, ""name"": ""太古股份公司B""}, {""ts_code"": ""01071.HK"", ""side"": ""buy"", ""current_weight"": 0.0, ""target_weight"": 0.044535434072788045, ""post_trade_weight"": 0.04454545454545442, ""diff_weight"": 0.044535434072788045, ""gross_amount"": 0.06410668858069982, ""gross_amount_pct_nav"": 0.044535434072788045, ""fee"": 1.9232006574209945e-05, ""fee_pct_nav"": 1.3360630221836414e-05, ""name"": ""华电国际电力股份""}, {""ts_code"": ""01072.HK"", ""side"": ""buy"", ""current_weight"": 0.0, ""target_weight"": 0.08452643609733243, ""post_trade_weight"": 0.08454545454545433, ""diff_weight"": 0.08452643609733243, ""gross_amount"": 0.12167187832663437, ""gross_amount_pct_nav"": 0.08452643609733243, ""fee"": 3.650156349799031e-05, ""fee_pct_nav"": 2.5357930829199728e-05, ""name"": ""东方电气""}, {""ts_code"": ""01138.HK"", ""side"": ""buy"", ""current_weight"": 0.0, ""target_weight"": 0.07240795063534927, ""post_trade_weight"": 0.07242424242424222, ""diff_weight"": 0.07240795063534927, ""gross_amount"": 0.10422788143392692, ""gross_amount_pct_nav"": 0.07240795063534927, ""fee"": 3.126836443017807e-05, ""fee_pct_nav"": 2.172238519060478e-05, ""name"": ""中远海能""}, {""ts_code"": ""01385.HK"", ""side"": ""buy"", ""current_weight"": 0.0, ""target_weight"": 0.06756055645055603, ""post_trade_weight"": 0.0675757575757574, ""diff_weight"": 0.06756055645055603, ""gross_amount"": 0.09725028267684396, ""gross_amount_pct_nav"": 0.06756055645055603, ""fee"": 2.9175084803053185e-05, ""fee_pct_nav"": 2.0268166935166807e-05, ""name"": ""上海复旦""}, {""ts_code"": ""01797.HK"", ""side"": ""buy"", ""current_weight"": 0.0, ""target_weight"": 0.09179752737452229, ""post_trade_weight"": 0.09181818181818155, ""diff_weight"": 0.09179752737452229, ""gross_amount"": 0.13213827646225879, ""gross_amount_pct_nav"": 0.09179752737452229, ""fee"": 3.964148293867763e-05, ""fee_pct_nav"": 2.7539258212356683e-05, ""name"": ""东方甄选""}, {""ts_code"": ""03692.HK"", ""side"": ""buy"", ""current_weight"": 0.0, ""target_weight"": 0.0651368593581594, ""post_trade_weight"": 0.06515151515151499, ""diff_weight"": 0.0651368593581594, ""gross_amount"": 0.09376148329830247, ""gross_amount_pct_nav"": 0.0651368593581594, ""fee"": 2.812844498949074e-05, ""fee_pct_nav"": 1.954105780744782e-05, ""name"": ""翰森制药""}, {""ts_code"": ""09987.HK"", ""side"": ""buy"", ""current_weight"": 0.0, ""target_weight"": 0.10755155847510038, ""post_trade_weight"": 0.10757575757575727, ""diff_weight"": 0.10755155847510038, ""gross_amount"": 0.15481547242277846, ""gross_amount_pct_nav"": 0.10755155847510038, ""fee"": 4.6444641726833535e-05, ""fee_pct_nav"": 3.226546754253011e-05, ""name"": ""百胜中国""}]"
2022-09-13,0.38332713,0.76665426,0.00000000,1.18206030,0.00035462,0.00000000,0.00035462,0.00000000,rebalance,"[{""ts_code"": ""00019.HK"", ""side"": ""sell"", ""current_weight"": 0.11051903652138612, ""target_weight"": 0.0, ""post_trade_weight"": 0.0, ""diff_weight"": -0.11051903652138612, ""gross_amount"": 0.17040297356203996, ""gross_amount_pct_nav"": 0.11051903652138612, ""fee"": 5.1120892068611985e-05, ""fee_pct_nav"": 3.3155710956415833e-05, ""name"": ""太古股份公司A""}, {""ts_code"": ""00087.HK"", ""side"": ""sell"", ""current_weight"": 0.1033359231923772, ""target_weight"": 0.0, ""post_trade_weight"": 0.0, ""diff_weight"": -0.1033359231923772, ""gross_amount"": 0.15932774245957385, ""gross_amount_pct_nav"": 0.1033359231923772, ""fee"": 4.779832273787215e-05, ""fee_pct_nav"": 3.100077695771316e-05, ""name"": ""太古股份公司B""}, {""ts_code"": ""01071.HK"", ""side"": ""sell"", ""current_weight"": 0.043903052199407676, ""target_weight"": 0.0, ""post_trade_weight"": 0.0, ""diff_weight"": -0.043903052199407676, ""gross_amount"": 0.06769160208685737, ""gross_amount_pct_nav"": 0.043903052199407676, ""fee"": 2.030748062605721e-05, ""fee_pct_nav"": 1.3170915659822302e-05, ""name"": ""华电国际电力股份""}, {""ts_code"": ""01072.HK"", ""side"": ""sell"", ""current_weight"": 0.0954119229837716, ""target_weight"": 0.0, ""post_trade_weight"": 0.0, ""diff_weight"": -0.0954119229837716, ""gross_amount"": 0.147110180304195, ""gross_amount_pct_nav"": 0.0954119229837716, ""fee"": 4.4133054091258496e-05, ""fee_pct_nav"": 2.8623576895131475e-05, ""name"": ""东方电气""}, {""ts_code"": ""01138.HK"", ""side"": ""sell"", ""current_weight"": 0.07361092387341023, ""target_weight"": 0.0, ""post_trade_weight"": 0.0, ""diff_weight"": -0.07361092387341023, ""gross_amount"": 0.11349646820573586, ""gross_amount_pct_nav"": 0.07361092387341023, ""fee"": 3.404894046172076e-05, ""fee_pct_nav"": 2.208327716202307e-05, ""name"": ""中远海能""}, {""ts_code"": ""01385.HK"", ""side"": ""sell"", ""current_weight"": 0.06664397160319027, ""target_weight"": 0.0, ""post_trade_weight"": 0.0, ""diff_weight"": -0.06664397160319027, ""gross_amount"": 0.1027545234613971, ""gross_amount_pct_nav"": 0.06664397160319027, ""fee"": 3.082635703841913e-05, ""fee_pct_nav"": 1.9993191480957077e-05, ""name"": ""上海复旦""}, {""ts_code"": ""01797.HK"", ""side"": ""sell"", ""current_weight"": 0.11720668323373658, ""target_weight"": 0.0, ""post_trade_weight"": 0.0, ""diff_weight"": -0.11720668323373658, ""gross_amount"": 0.18071427306107604, ""gross_amount_pct_nav"": 0.11720668323373658, ""fee"": 5.4214281918322806e-05, ""fee_pct_nav"": 3.516200497012097e-05, ""name"": ""东方甄选""}, {""ts_code"": ""03692.HK"", ""side"": ""sell"", ""current_weight"": 0.05383198006499742, ""target_weight"": 0.0, ""post_trade_weight"": 0.0, ""diff_weight"": -0.05383198006499742, ""gross_amount"": 0.08300044738476307, ""gross_amount_pct_nav"": 0.05383198006499742, ""fee"": 2.490013421542892e-05, ""fee_pct_nav"": 1.6149594019499223e-05, ""name"": ""翰森制药""}, {""ts_code"": ""09987.HK"", ""side"": ""sell"", ""current_weight"": 0.10219076509366344, ""target_weight"": 0.0, ""post_trade_weight"": 0.0, ""diff_weight"": -0.10219076509366344, ""gross_amount"": 0.15756208876441413, ""gross_amount_pct_nav"": 0.10219076509366344, ""fee"": 4.726862662932424e-05, ""fee_pct_nav"": 3.065722952809903e-05, ""name"": ""百胜中国""}]"
2022-09-26,0.00000000,0.00000000,0.00000000,0.00000000,0.00000000,0.00000000,0.00000000,0.00000000,rebalance,
2022-10-10,0.00000000,0.00000000,0.00000000,0.00000000,0.00000000,0.00000000,0.00000000,0.00000000,rebalance,
2022-10-24,0.00000000,0.00000000,0.00000000,0.00000000,0.00000000,0.00000000,0.00000000,0.00000000,rebalance,
2022-11-07,0.00000000,0.00000000,0.00000000,0.00000000,0.00000000,0.00000000,0.00000000,0.00000000,rebalance,
2022-11-21,0.37491564,0.74983129,1.15585602,0.00000000,0.00034676,0.00034676,0.00000000,0.00000000,rebalance,"[{""ts_code"": ""00019.HK"", ""side"": ""buy"", ""current_weight"": 0.0, ""target_weight"": 0.09331233805727021, ""post_trade_weight"": 0.0933333333333331, ""diff_weight"": 0.09331233805727021, ""gross_amount"": 0.14383986029525347, ""gross_amount_pct_nav"": 0.09331233805727021, ""fee"": 4.315195808857604e-05, ""fee_pct_nav"": 2.7993701417181062e-05, ""name"": ""太古股份公司A""}, {""ts_code"": ""00241.HK"", ""side"": ""buy"", ""current_weight"": 0.0, ""target_weight"": 0.07331683704499802, ""post_trade_weight"": 0.07333333333333314, ""diff_weight"": 0.07331683704499802, ""gross_amount"": 0.11301703308912772, ""gross_amount_pct_nav"": 0.07331683704499802, ""fee"": 3.3905109926738314e-05, ""fee_pct_nav"": 2.1995051113499404e-05, ""name"": ""阿里健康""}, {""ts_code"": ""00696.HK"", ""side"": ""buy"", ""current_weight"": 0.0, ""target_weight"": 0.061652794787839256, ""post_trade_weight"": 0.06166666666666652, ""diff_weight"": 0.061652794787839256, ""gross_amount"": 0.09503705055222106, ""gross_amount_pct_nav"": 0.061652794787839256, ""fee"": 2.8511115165666315e-05, ""fee_pct_nav"": 1.8495838436351775e-05, ""name"": ""中国民航信息网络""}, {""ts_code"": ""01530.HK"", ""side"": ""buy"", ""current_weight"": 0.0, ""target_weight"": 0.07248369116948668, ""post_trade_weight"": 0.0724999999999998, ""diff_weight"": 0.07248369116948668, ""gross_amount"": 0.11173274862220581, ""gross_amount_pct_nav"": 0.07248369116948668, ""fee"": 3.351982458666174e-05, ""fee_pct_nav"": 2.1745107350846e-05, ""name"": ""三生制药""}, {""ts_code"": ""02096.HK"", ""side"": ""buy"", ""current_weight"": 0.0, ""target_weight"": 0.06415223241437328, ""post_trade_weight"": 0.06416666666666651, ""diff_weight"": 0.06415223241437328, ""gross_amount"": 0.09888990395298677, ""gross_amount_pct_nav"": 0.06415223241437328, ""fee"": 2.966697118589603e-05, ""fee_pct_nav"": 1.924566972431198e-05, ""name"": ""先声药业""}, {""ts_code"": ""03320.HK"", ""side"": ""buy"", ""current_weight"": 0.0, ""target_weight"": 0.10914210969198569, ""post_trade_weight"": 0.10916666666666638, ""diff_weight"": 0.10914210969198569, ""gross_amount"": 0.16824126516676968, ""gross_amount_pct_nav"": 0.10914210969198569, ""fee"": 5.04723795500309e-05, ""fee_pct_nav"": 3.27426329075957e-05, ""name"": ""华润医药""}, {""ts_code"": ""06185.HK"", ""side"": ""buy"", ""current_weight"": 0.0, ""target_weight"": 0.07248369116948668, ""post_trade_weight"": 0.0724999999999998, ""diff_weight"": 0.07248369116948668, ""gross_amount"": 0.11173274862220581, ""gross_amount_pct_nav"": 0.07248369116948668, ""fee"": 3.351982458666174e-05, ""fee_pct_nav"": 2.1745107350846e-05, ""name"": ""康希诺生物""}, {""ts_code"": ""09926.HK"", ""side"": ""buy"", ""current_weight"": 0.0, ""target_weight"": 0.10497638031442896, ""post_trade_weight"": 0.1049999999999997, ""diff_weight"": 0.10497638031442896, ""gross_amount"": 0.1618198428321601, ""gross_amount_pct_nav"": 0.10497638031442896, ""fee"": 4.854595284964803e-05, ""fee_pct_nav"": 3.149291409432869e-05, ""name"": ""康方生物""}, {""ts_code"": ""09987.HK"", ""side"": ""buy"", ""current_weight"": 0.0, ""target_weight"": 0.09831121331033826, ""post_trade_weight"": 0.09833333333333308, ""diff_weight"": 0.09831121331033826, ""gross_amount"": 0.1515455670967849, ""gross_amount_pct_nav"": 0.09831121331033826, ""fee"": 4.546367012903547e-05, ""fee_pct_nav"": 2.9493363993101475e-05, ""name"": ""百胜中国""}]"
2022-12-05,0.49862799,0.99725598,0.78526096,0.77906511,0.00046930,0.00023558,0.00023372,0.00000000,rebalance,"[{""ts_code"": ""00019.HK"", ""side"": ""sell"", ""current_weight"": 0.09109384159570569, ""target_weight"": 0.0, ""post_trade_weight"": 0.0, ""diff_weight"": -0.09109384159570569, ""gross_amount"": 0.14289257164955516, ""gross_amount_pct_nav"": 0.09109384159570569, ""fee"": 4.286777149486654e-05, ""fee_pct_nav"": 2.7328152478711704e-05, ""name"": ""太古股份公司A""}, {""ts_code"": ""00241.HK"", ""side"": ""sell"", ""current_weight"": 0.11120764623391499, ""target_weight"": 0.09227573462230972, ""post_trade_weight"": 0.09230334964245385, ""diff_weight"": -0.01893191161160527, ""gross_amount"": 0.029697172597361182, ""gross_amount_pct_nav"": 0.01893191161160527, ""fee"": 8.909151779208355e-06, ""fee_pct_nav"": 5.679573483481581e-06, ""name"": ""阿里健康""}, {""ts_code"": ""00696.HK"", ""side"": ""sell"", ""current_weight"": 0.06882357560328915, ""target_weight"": 0.0, ""post_trade_weight"": 0.0, ""diff_weight"": -0.06882357560328915, ""gross_amount"": 0.10795875479397041, ""gross_amount_pct_nav"": 0.06882357560328915, ""fee"": 3.238762643819112e-05, ""fee_pct_nav"": 2.064707268098675e-05, ""name"": ""中国民航信息网络""}, {""ts_code"": ""00762.HK"", ""side"": ""buy"", ""current_weight"": 0.0, ""target_weight"": 0.08888946913158277, ""post_trade_weight"": 0.08891607075649226, ""diff_weight"": 0.08888946913158277, ""gross_amount"": 0.13943472592964384, ""gross_amount_pct_nav"": 0.08888946913158277, ""fee"": 4.183041777889315e-05, ""fee_pct_nav"": 2.666684073947483e-05, ""name"": ""中国联通""}, {""ts_code"": ""00880.HK"", ""side"": ""buy"", ""current_weight"": 0.0, ""target_weight"": 0.0832456933137045, ""post_trade_weight"": 0.08327060594655625, ""diff_weight"": 0.0832456933137045, ""gross_amount"": 0.13058172745792043, ""gross_amount_pct_nav"": 0.0832456933137045, ""fee"": 3.917451823737612e-05, ""fee_pct_nav"": 2.497370799411135e-05, ""name"": ""澳博控股""}, {""ts_code"": ""01128.HK"", ""side"": ""buy"", ""current_weight"": 0.0, ""target_weight"": 0.08888946913158277, ""post_trade_weight"": 0.08891607075649226, ""diff_weight"": 0.08888946913158277, ""gross_amount"": 0.13943472592964384, ""gross_amount_pct_nav"": 0.08888946913158277, ""fee"": 4.183041777889315e-05, ""fee_pct_nav"": 2.666684073947483e-05, ""name"": ""永利澳门""}, {""ts_code"": ""01928.HK"", ""side"": ""buy"", ""current_weight"": 0.0, ""target_weight"": 0.08776071396800712, ""post_trade_weight"": 0.08778697779450506, ""diff_weight"": 0.08776071396800712, ""gross_amount"": 0.13766412623529917, ""gross_amount_pct_nav"": 0.08776071396800712, ""fee"": 4.129923787058975e-05, ""fee_pct_nav"": 2.6328214190402135e-05, ""name"": ""金沙中国有限公司""}, {""ts_code"": ""02096.HK"", ""side"": ""sell"", ""current_weight"": 0.05263663445758675, ""target_weight"": 0.0, ""post_trade_weight"": 0.0, ""diff_weight"": -0.05263663445758675, ""gross_amount"": 0.08256742639094856, ""gross_amount_pct_nav"": 0.05263663445758675, ""fee"": 2.477022791728457e-05, ""fee_pct_nav"": 1.5790990337276022e-05, ""name"": ""先声药业""}, {""ts_code"": ""03320.HK"", ""side"": ""sell"", ""current_weight"": 0.10639419918265433, ""target_weight"": 0.0, ""post_trade_weight"": 0.0, ""diff_weight"": -0.10639419918265433, ""gross_amount"": 0.1668931781061385, ""gross_amount_pct_nav"": 0.10639419918265433, ""fee"": 5.006795343184154e-05, ""fee_pct_nav"": 3.1918259754796294e-05, ""name"": ""华润医药""}, {""ts_code"": ""06185.HK"", ""side"": ""sell"", ""current_weight"": 0.052939207267186664, ""target_weight"": 0.0, ""post_trade_weight"": 0.0, ""diff_weight"": -0.052939207267186664, ""gross_amount"": 0.0830420513065038, ""gross_amount_pct_nav"": 0.052939207267186664, ""fee"": 2.4912615391951137e-05, ""fee_pct_nav"": 1.5881762180155997e-05, ""name"": ""康希诺生物""}, {""ts_code"": ""06618.HK"", ""side"": ""buy"", ""current_weight"": 0.0, ""target_weight"": 0.08155256056834101, ""post_trade_weight"": 0.08157696650357543, ""diff_weight"": 0.08155256056834101, ""gross_amount"": 0.1279258279164034, ""gross_amount_pct_nav"": 0.08155256056834101, ""fee"": 3.8377748374921016e-05, ""fee_pct_nav"": 2.4465768170502302e-05, ""name"": ""京东健康""}, {""ts_code"": ""06862.HK"", ""side"": ""buy"", ""current_weight"": 0.0, ""target_weight"": 0.07026500893258449, ""post_trade_weight"": 0.07028603688370341, ""diff_weight"": 0.07026500893258449, ""gross_amount"": 0.11021983097295657, ""gross_amount_pct_nav"": 0.07026500893258449, ""fee"": 3.306594929188697e-05, ""fee_pct_nav"": 2.1079502679775344e-05, ""name"": ""海底捞""}, {""ts_code"": ""09926.HK"", ""side"": ""sell"", ""current_weight"": 0.09079841892789567, ""target_weight"": 0.0, ""post_trade_weight"": 0.0, ""diff_weight"": -0.09079841892789567, ""gross_amount"": 0.14242916266396974, ""gross_amount_pct_nav"": 0.09079841892789567, ""fee"": 4.2728748799190915e-05, ""fee_pct_nav"": 2.7239525678368698e-05, ""name"": ""康方生物""}, {""ts_code"": ""09987.HK"", ""side"": ""sell"", ""current_weight"": 0.10448912022820986, ""target_weight"": 0.0894538467133706, ""post_trade_weight"": 0.08948061723748586, ""diff_weight"": -0.015035273514839258, ""gross_amount"": 0.023584787515329775, ""gross_amount_pct_nav"": 0.015035273514839258, ""fee"": 7.0754362545989316e-06, ""fee_pct_nav"": 4.510582054451777e-06, ""name"": ""百胜中国""}]"
2022-12-19,0.29365694,0.58731388,0.44429112,0.45140510,0.00026871,0.00013329,0.00013542,0.00000000,rebalance,"[{""ts_code"": ""00123.HK"", ""side"": ""buy"", ""current_weight"": 0.0, ""target_weight"": 0.06571577242547288, ""post_trade_weight"": 0.06572735320153436, ""diff_weight"": 0.06571577242547288, ""gross_amount"": 0.10022131368517893, ""gross_amount_pct_nav"": 0.06571577242547288, ""fee"": 3.006639410555368e-05, ""fee_pct_nav"": 1.9714731727641865e-05, ""name"": ""越秀地产""}, {""ts_code"": ""00241.HK"", ""side"": ""sell"", ""current_weight"": 0.08071278521041182, ""target_weight"": 0.06748589424164726, ""post_trade_weight"": 0.06749778695780467, ""diff_weight"": -0.013226890968764553, ""gross_amount"": 0.020171966940867522, ""gross_amount_pct_nav"": 0.013226890968764553, ""fee"": 6.051590082260256e-06, ""fee_pct_nav"": 3.968067290629366e-06, ""name"": ""阿里健康""}, {""ts_code"": ""00762.HK"", ""side"": ""sell"", ""current_weight"": 0.08581789317367604, ""target_weight"": 0.0, ""post_trade_weight"": 0.0, ""diff_weight"": -0.08581789317367604, ""gross_amount"": 0.13087850411123386, ""gross_amount_pct_nav"": 0.08581789317367604, ""fee"": 3.9263551233370154e-05, ""fee_pct_nav"": 2.5745367952102806e-05, ""name"": ""中国联通""}, {""ts_code"": ""01066.HK"", ""side"": ""buy"", ""current_weight"": 0.0, ""target_weight"": 0.08784229512765233, ""post_trade_weight"": 0.08785777515491296, ""diff_weight"": 0.08784229512765233, ""gross_amount"": 0.13396586374752878, ""gross_amount_pct_nav"": 0.08784229512765233, ""fee"": 4.018975912425863e-05, ""fee_pct_nav"": 2.6352688538295696e-05, ""name"": ""威高股份""}, {""ts_code"": ""01908.HK"", ""side"": ""buy"", ""current_weight"": 0.0, ""target_weight"": 0.11085387873791892, ""post_trade_weight"": 0.11087341398642667, ""diff_weight"": 0.11085387873791892, ""gross_amount"": 0.16906019581237258, ""gross_amount_pct_nav"": 0.11085387873791892, ""fee"": 5.071805874371177e-05, ""fee_pct_nav"": 3.325616362137567e-05, ""name"": ""建发国际集团""}, {""ts_code"": ""01928.HK"", ""side"": ""sell"", ""current_weight"": 0.09249609156998033, ""target_weight"": 0.060405406976949835, ""post_trade_weight"": 0.060416051932723515, ""diff_weight"": -0.0320906845930305, ""gross_amount"": 0.048940618793116245, ""gross_amount_pct_nav"": 0.0320906845930305, ""fee"": 1.4682185637934872e-05, ""fee_pct_nav"": 9.627205377909149e-06, ""name"": ""金沙中国有限公司""}, {""ts_code"": ""06618.HK"", ""side"": ""sell"", ""current_weight"": 0.07495820786127898, ""target_weight"": 0.0, ""post_trade_weight"": 0.0, ""diff_weight"": -0.07495820786127898, ""gross_amount"": 0.11431669728699878, ""gross_amount_pct_nav"": 0.07495820786127898, ""fee"": 3.429500918609963e-05, ""fee_pct_nav"": 2.248746235838369e-05, ""name"": ""京东健康""}, {""ts_code"": ""06862.HK"", ""side"": ""buy"", ""current_weight"": 0.07243543383761009, ""target_weight"": 0.09934808693278563, ""post_trade_weight"": 0.09936559457066982, ""diff_weight"": 0.02691265309517555, ""gross_amount"": 0.04104374563976802, ""gross_amount_pct_nav"": 0.02691265309517555, ""fee"": 1.2313123691930405e-05, ""fee_pct_nav"": 8.073795928552664e-06, ""name"": ""海底捞""}, {""ts_code"": ""09987.HK"", ""side"": ""sell"", ""current_weight"": 0.08989560463547557, ""target_weight"": 0.0, ""post_trade_weight"": 0.0, ""diff_weight"": -0.08989560463547557, ""gross_amount"": 0.1370973094976292, ""gross_amount_pct_nav"": 0.08989560463547557, ""fee"": 4.1129192849288756e-05, ""fee_pct_nav"": 2.696868139064267e-05, ""name"": ""百胜中国""}]"
2023-01-03,0.45101296,0.90202592,0.70949209,0.74108530,0.00043517,0.00021285,0.00022233,0.00000000,rebalance,"[{""ts_code"": ""00123.HK"", ""side"": ""sell"", ""current_weight"": 0.06122818377315735, ""target_weight"": 0.0, ""post_trade_weight"": 0.0, ""diff_weight"": -0.06122818377315735, ""gross_amount"": 0.09846304502403545, ""gross_amount_pct_nav"": 0.06122818377315735, ""fee"": 2.9538913507210632e-05, ""fee_pct_nav"": 1.8368455131947203e-05, ""name"": ""越秀地产""}, {""ts_code"": ""00241.HK"", ""side"": ""buy"", ""current_weight"": 0.05759155470762678, ""target_weight"": 0.07229895658825906, ""post_trade_weight"": 0.07231852654387863, ""diff_weight"": 0.014707401880632284, ""gross_amount"": 0.02365145402523189, ""gross_amount_pct_nav"": 0.014707401880632284, ""fee"": 7.095436207569566e-06, ""fee_pct_nav"": 4.412220564189685e-06, ""name"": ""阿里健康""}, {""ts_code"": ""00880.HK"", ""side"": ""sell"", ""current_weight"": 0.09178388834141711, ""target_weight"": 0.07229895658825906, ""post_trade_weight"": 0.07231852654387863, ""diff_weight"": -0.019484931753158047, ""gross_amount"": 0.0313343560803539, ""gross_amount_pct_nav"": 0.019484931753158047, ""fee"": 9.400306824106168e-06, ""fee_pct_nav"": 5.8454795259474135e-06, ""name"": ""澳博控股""}, {""ts_code"": ""01128.HK"", ""side"": ""sell"", ""current_weight"": 0.10197425920393967, ""target_weight"": 0.0, ""post_trade_weight"": 0.0, ""diff_weight"": -0.10197425920393967, ""gross_amount"": 0.16398814167818007, ""gross_amount_pct_nav"": 0.10197425920393967, ""fee"": 4.919644250345402e-05, ""fee_pct_nav"": 3.05922777611819e-05, ""name"": ""永利澳门""}, {""ts_code"": ""01797.HK"", ""side"": ""buy"", ""current_weight"": 0.0, ""target_weight"": 0.05605200005157163, ""post_trade_weight"": 0.05606717226435533, ""diff_weight"": 0.05605200005157163, ""gross_amount"": 0.0901390546747641, ""gross_amount_pct_nav"": 0.05605200005157163, ""fee"": 2.704171640242923e-05, ""fee_pct_nav"": 1.6815600015471486e-05, ""name"": ""东方甄选""}, {""ts_code"": ""01818.HK"", ""side"": ""buy"", ""current_weight"": 0.0, ""target_weight"": 0.08773356529811209, ""post_trade_weight"": 0.08775731310942571, ""diff_weight"": 0.08773356529811209, ""gross_amount"": 0.1410872160126742, ""gross_amount_pct_nav"": 0.08773356529811209, ""fee"": 4.232616480380226e-05, ""fee_pct_nav"": 2.6320069589433624e-05, ""name"": ""招金矿业""}, {""ts_code"": ""01908.HK"", ""side"": ""sell"", ""current_weight"": 0.109929394623274, ""target_weight"": 0.0, ""post_trade_weight"": 0.0, ""diff_weight"": -0.109929394623274, ""gross_amount"": 0.17678105514868564, ""gross_amount_pct_nav"": 0.109929394623274, ""fee"": 5.303431654460569e-05, ""fee_pct_nav"": 3.29788183869822e-05, ""name"": ""建发国际集团""}, {""ts_code"": ""01928.HK"", ""side"": ""sell"", ""current_weight"": 0.06188670157052292, ""target_weight"": 0.0, ""post_trade_weight"": 0.0, ""diff_weight"": -0.06188670157052292, ""gross_amount"": 0.09952202903328448, ""gross_amount_pct_nav"": 0.06188670157052292, ""fee"": 2.9856608709985344e-05, ""fee_pct_nav"": 1.8566010471156875e-05, ""name"": ""金沙中国有限公司""}, {""ts_code"": ""02096.HK"", ""side"": ""buy"", ""current_weight"": 0.0, ""target_weight"": 0.09017060877861521, ""post_trade_weight"": 0.0901950162513542, ""diff_weight"": 0.09017060877861521, ""gross_amount"": 0.1450063053463596, ""gross_amount_pct_nav"": 0.09017060877861521, ""fee"": 4.350189160390788e-05, ""fee_pct_nav"": 2.705118263358456e-05, ""name"": ""先声药业""}, {""ts_code"": ""06160.HK"", ""side"": ""buy"", ""current_weight"": 0.0, ""target_weight"": 0.0739236522419278, ""post_trade_weight"": 0.07394366197183094, ""diff_weight"": 0.0739236522419278, ""gross_amount"": 0.11887904312179035, ""gross_amount_pct_nav"": 0.0739236522419278, ""fee"": 3.56637129365371e-05, ""fee_pct_nav"": 2.2177095672578337e-05, ""name"": ""百济神州""}, {""ts_code"": ""06862.HK"", ""side"": ""sell"", ""current_weight"": 0.10633243755085493, ""target_weight"": 0.0, ""post_trade_weight"": 0.0, ""diff_weight"": -0.10633243755085493, ""gross_amount"": 0.17099667082849632, ""gross_amount_pct_nav"": 0.10633243755085493, ""fee"": 5.129900124854889e-05, ""fee_pct_nav"": 3.189973126525648e-05, ""name"": ""海底捞""}, {""ts_code"": ""09926.HK"", ""side"": ""buy"", ""current_weight"": 0.0, ""target_weight"": 0.11860278271781821, ""post_trade_weight"": 0.11863488624051996, ""diff_weight"": 0.11860278271781821, ""gross_amount"": 0.1907290142393559, ""gross_amount_pct_nav"": 0.11860278271781821, ""fee"": 5.7218704271806766e-05, ""fee_pct_nav"": 3.558083481534546e-05, ""name"": ""康方生物""}]"
2023-01-16,0.50986780,1.01973559,1.08479969,0.66870225,0.00052605,0.00032544,0.00020061,0.00000000,rebalance,"[{""ts_code"": ""00241.HK"", ""side"": ""sell"", ""current_weight"": 0.07473102445347253, ""target_weight"": 0.0, ""post_trade_weight"": 0.0, ""diff_weight"": -0.07473102445347253, ""gross_amount"": 0.12850487657294743, ""gross_amount_pct_nav"": 0.07473102445347253, ""fee"": 3.855146297188422e-05, ""fee_pct_nav"": 2.2419307336041758e-05, ""name"": ""阿里健康""}, {""ts_code"": ""00839.HK"", ""side"": ""buy"", ""current_weight"": 0.0, ""target_weight"": 0.11731193458453841, ""post_trade_weight"": 0.11734783371338263, ""diff_weight"": 0.11731193458453841, ""gross_amount"": 0.20172553212763153, ""gross_amount_pct_nav"": 0.11731193458453841, ""fee"": 6.0517659638289456e-05, ""fee_pct_nav"": 3.519358037536152e-05, ""name"": ""中教控股""}, {""ts_code"": ""00853.HK"", ""side"": ""buy"", ""current_weight"": 0.0, ""target_weight"": 0.09416518515978645, ""post_trade_weight"": 0.09419400105244614, ""diff_weight"": 0.09416518515978645, ""gross_amount"": 0.1619231849813724, ""gross_amount_pct_nav"": 0.09416518515978645, ""fee"": 4.857695549441172e-05, ""fee_pct_nav"": 2.8249555547935932e-05, ""name"": ""微创医疗""}, {""ts_code"": ""00880.HK"", ""side"": ""sell"", ""current_weight"": 0.06789727997914083, ""target_weight"": 0.0, ""post_trade_weight"": 0.0, ""diff_weight"": -0.06789727997914083, ""gross_amount"": 0.11675380669765346, ""gross_amount_pct_nav"": 0.06789727997914083, ""fee"": 3.502614200929604e-05, ""fee_pct_nav"": 2.0369183993742247e-05, ""name"": ""澳博控股""}, {""ts_code"": ""00966.HK"", ""side"": ""buy"", ""current_weight"": 0.0, ""target_weight"": 0.09206093521208174, ""post_trade_weight"": 0.09208910717417922, ""diff_weight"": 0.09206093521208174, ""gross_amount"": 0.15830478978625798, ""gross_amount_pct_nav"": 0.09206093521208174, ""fee"": 4.749143693587739e-05, ""fee_pct_nav"": 2.761828056362452e-05, ""name"": ""中国太平""}, {""ts_code"": ""01066.HK"", ""side"": ""sell"", ""current_weight"": 0.08749956785981516, ""target_weight"": 0.0, ""post_trade_weight"": 0.0, ""diff_weight"": -0.08749956785981516, ""gross_amount"": 0.1504612207612966, ""gross_amount_pct_nav"": 0.08749956785981516, ""fee"": 4.513836622838897e-05, ""fee_pct_nav"": 2.6249870357944545e-05, ""name"": ""威高股份""}, {""ts_code"": ""01530.HK"", ""side"": ""sell"", ""current_weight"": 0.07552919503759913, ""target_weight"": 0.0, ""post_trade_weight"": 0.0, ""diff_weight"": -0.07552919503759913, ""gross_amount"": 0.12987738301384608, ""gross_amount_pct_nav"": 0.07552919503759913, ""fee"": 3.896321490415382e-05, ""fee_pct_nav"": 2.265875851127974e-05, ""name"": ""三生制药""}, {""ts_code"": ""01797.HK"", ""side"": ""buy"", ""current_weight"": 0.06856917117172838, ""target_weight"": 0.1074921014952497, ""post_trade_weight"": 0.10752499561480351, ""diff_weight"": 0.03892293032352131, ""gross_amount"": 0.06693052040515844, ""gross_amount_pct_nav"": 0.03892293032352131, ""fee"": 2.007915612154753e-05, ""fee_pct_nav"": 1.167687909705639e-05, ""name"": ""东方甄选""}, {""ts_code"": ""01818.HK"", ""side"": ""sell"", ""current_weight"": 0.08322159378134746, ""target_weight"": 0.0, ""post_trade_weight"": 0.0, ""diff_weight"": -0.08322159378134746, ""gross_amount"": 0.1431049649765518, ""gross_amount_pct_nav"": 0.08322159378134746, ""fee"": 4.293148949296554e-05, ""fee_pct_nav"": 2.4966478134404236e-05, ""name"": ""招金矿业""}, {""ts_code"": ""02096.HK"", ""side"": ""buy"", ""current_weight"": 0.10235146018815383, ""target_weight"": 0.12222185112918277, ""post_trade_weight"": 0.12225925276267219, ""diff_weight"": 0.019870390941028947, ""gross_amount"": 0.034168434783373114, ""gross_amount_pct_nav"": 0.019870390941028947, ""fee"": 1.0250530435011934e-05, ""fee_pct_nav"": 5.961117282308684e-06, ""name"": ""先声药业""}, {""ts_code"": ""03808.HK"", ""side"": ""buy"", ""current_weight"": 0.0, ""target_weight"": 0.10819351814448461, ""post_trade_weight"": 0.10822662690755917, ""diff_weight"": 0.10819351814448461, ""gross_amount"": 0.18604581961546884, ""gross_amount_pct_nav"": 0.10819351814448461, ""fee"": 5.581374588464065e-05, ""fee_pct_nav"": 3.2458055443345376e-05, ""name"": ""中国重汽""}, {""ts_code"": ""06160.HK"", ""side"": ""buy"", ""current_weight"": 0.08395106330988827, ""target_weight"": 0.10468643489831006, ""post_trade_weight"": 0.10471847044378091, ""diff_weight"": 0.02073537158842179, ""gross_amount"": 0.03565582549083504, ""gross_amount_pct_nav"": 0.02073537158842179, ""fee"": 1.0696747647250512e-05, ""fee_pct_nav"": 6.220611476526537e-06, ""name"": ""百济神州""}, {""ts_code"": ""09926.HK"", ""side"": ""buy"", ""current_weight"": 0.11396545263523061, ""target_weight"": 0.13554876746464603, ""post_trade_weight"": 0.13559024732502956, ""diff_weight"": 0.02158331482941542, ""gross_amount"": 0.037113919265430534, ""gross_amount_pct_nav"": 0.02158331482941542, ""fee"": 1.113417577962916e-05, ""fee_pct_nav"": 6.474994448824626e-06, ""name"": ""康方生物""}, {""ts_code"": ""09995.HK"", ""side"": ""buy"", ""current_weight"": 0.0, ""target_weight"": 0.11801335123377336, ""post_trade_weight"": 0.11804946500613832, ""diff_weight"": 0.11801335123377336, ""gross_amount"": 0.20293166385933642, ""gross_amount_pct_nav"": 0.11801335123377336, ""fee"": 6.087949915780092e-05, ""fee_pct_nav"": 3.540400537013201e-05, ""name"": ""荣昌生物""}]"
2023-01-30,0.73683609,1.47367218,1.21343161,1.20022408,0.00072410,0.00036403,0.00036007,0.00000000,rebalance,"[{""ts_code"": ""00241.HK"", ""side"": ""buy"", ""current_weight"": 0.0, ""target_weight"": 0.130982197981392, ""post_trade_weight"": 0.13104013104013038, ""diff_weight"": 0.130982197981392, ""gross_amount"": 0.21452934475221694, ""gross_amount_pct_nav"": 0.130982197981392, ""fee"": 6.435880342566508e-05, ""fee_pct_nav"": 3.9294659394417595e-05, ""name"": ""阿里健康""}, {""ts_code"": ""00762.HK"", ""side"": ""buy"", ""current_weight"": 0.0, ""target_weight"": 0.10724167459726472, ""post_trade_weight"": 0.10728910728910677, ""diff_weight"": 0.10724167459726472, ""gross_amount"": 0.17564590101587765, ""gross_amount_pct_nav"": 0.10724167459726472, ""fee"": 5.269377030476329e-05, ""fee_pct_nav"": 3.217250237917941e-05, ""name"": ""中国联通""}, {""ts_code"": ""00853.HK"", ""side"": ""sell"", ""current_weight"": 0.09111980417872152, ""target_weight"": 0.0, ""post_trade_weight"": 0.0, ""diff_weight"": -0.09111980417872152, ""gross_amount"": 0.1492406768680773, ""gross_amount_pct_nav"": 0.09111980417872152, ""fee"": 4.477220306042318e-05, ""fee_pct_nav"": 2.7335941253616456e-05, ""name"": ""微创医疗""}, {""ts_code"": ""00966.HK"", ""side"": ""sell"", ""current_weight"": 0.09459549565598152, ""target_weight"": 0.0, ""post_trade_weight"": 0.0, ""diff_weight"": -0.09459549565598152, ""gross_amount"": 0.154933342181904, ""gross_amount_pct_nav"": 0.09459549565598152, ""fee"": 4.648000265457119e-05, ""fee_pct_nav"": 2.8378648696794453e-05, ""name"": ""中国太平""}, {""ts_code"": ""01530.HK"", ""side"": ""buy"", ""current_weight"": 0.0, ""target_weight"": 0.10192052280427062, ""post_trade_weight"": 0.10196560196560144, ""diff_weight"": 0.10192052280427062, ""gross_amount"": 0.16693064638531876, ""gross_amount_pct_nav"": 0.10192052280427062, ""fee"": 5.007919391559562e-05, ""fee_pct_nav"": 3.057615684128118e-05, ""name"": ""三生制药""}, {""ts_code"": ""01797.HK"", ""side"": ""sell"", ""current_weight"": 0.11494651834508043, ""target_weight"": 0.0, ""post_trade_weight"": 0.0, ""diff_weight"": -0.11494651834508043, ""gross_amount"": 0.18826528827697664, ""gross_amount_pct_nav"": 0.11494651834508043, ""fee"": 5.6479586483092985e-05, ""fee_pct_nav"": 3.448395550352413e-05, ""name"": ""东方甄选""}, {""ts_code"": ""01801.HK"", ""side"": ""buy"", ""current_weight"": 0.0, ""target_weight"": 0.11420010386502615, ""post_trade_weight"": 0.11425061425061367, ""diff_weight"": 0.11420010386502615, ""gross_amount"": 0.18704277245583914, ""gross_amount_pct_nav"": 0.11420010386502615, ""fee"": 5.611283173675174e-05, ""fee_pct_nav"": 3.4260031159507836e-05, ""name"": ""信达生物""}, {""ts_code"": ""01928.HK"", ""side"": ""buy"", ""current_weight"": 0.0, ""target_weight"": 0.09332481606174177, ""post_trade_weight"": 0.09336609336609288, ""diff_weight"": 0.09332481606174177, ""gross_amount"": 0.15285215813595454, ""gross_amount_pct_nav"": 0.09332481606174177, ""fee"": 4.585564744078636e-05, ""fee_pct_nav"": 2.799744481852253e-05, ""name"": ""金沙中国有限公司""}, {""ts_code"": ""02096.HK"", ""side"": ""sell"", ""current_weight"": 0.10239341522945025, ""target_weight"": 0.0, ""post_trade_weight"": 0.0, ""diff_weight"": -0.10239341522945025, ""gross_amount"": 0.16770517379190944, ""gross_amount_pct_nav"": 0.10239341522945025, ""fee"": 5.0311552137572825e-05, ""fee_pct_nav"": 3.071802456883507e-05, ""name"": ""先声药业""}, {""ts_code"": ""02282.HK"", ""side"": ""buy"", ""current_weight"": 0.0, ""target_weight"": 0.0949620935365092, ""post_trade_weight"": 0.09500409500409453, ""diff_weight"": 0.0949620935365092, ""gross_amount"": 0.15553377494535728, ""gross_amount_pct_nav"": 0.0949620935365092, ""fee"": 4.666013248360718e-05, ""fee_pct_nav"": 2.8488628060952755e-05, ""name"": ""美高梅中国""}, {""ts_code"": ""03808.HK"", ""side"": ""sell"", ""current_weight"": 0.11202272103920127, ""target_weight"": 0.0, ""post_trade_weight"": 0.0, ""diff_weight"": -0.11202272103920127, ""gross_amount"": 0.1834765434713072, ""gross_amount_pct_nav"": 0.11202272103920127, ""fee"": 5.5042963041392156e-05, ""fee_pct_nav"": 3.360681631176038e-05, ""name"": ""中国重汽""}, {""ts_code"": ""06110.HK"", ""side"": ""buy"", ""current_weight"": 0.0, ""target_weight"": 0.09823664848604399, ""post_trade_weight"": 0.09828009828009779, ""diff_weight"": 0.09823664848604399, ""gross_amount"": 0.1608970085641627, ""gross_amount_pct_nav"": 0.09823664848604399, ""fee"": 4.8269102569248804e-05, ""fee_pct_nav"": 2.9470994545813194e-05, ""name"": ""滔搏""}, {""ts_code"": ""06160.HK"", ""side"": ""sell"", ""current_weight"": 0.10355314932514309, ""target_weight"": 0.0, ""post_trade_weight"": 0.0, ""diff_weight"": -0.10355314932514309, ""gross_amount"": 0.16960464562449493, ""gross_amount_pct_nav"": 0.10355314932514309, ""fee"": 5.088139368734847e-05, ""fee_pct_nav"": 3.1065944797542923e-05, ""name"": ""百济神州""}, {""ts_code"": ""09995.HK"", ""side"": ""sell"", ""current_weight"": 0.11417302055203647, ""target_weight"": 0.0, ""post_trade_weight"": 0.0, ""diff_weight"": -0.11417302055203647, ""gross_amount"": 0.1869984140202736, ""gross_amount_pct_nav"": 0.11417302055203647, ""fee"": 5.609952420608207e-05, ""fee_pct_nav"": 3.425190616561094e-05, ""name"": ""荣昌生物""}]"
2023-02-13,0.38022957,0.76045914,0.58105434,0.59392818,0.00035249,0.00017432,0.00017818,0.00000000,rebalance,"[{""ts_code"": ""00123.HK"", ""side"": ""buy"", ""current_weight"": 0.0, ""target_weight"": 0.1496513856713812, ""post_trade_weight"": 0.14968553459119494, ""diff_weight"": 0.1496513856713812, ""gross_amount"": 0.23122578596167367, ""gross_amount_pct_nav"": 0.1496513856713812, ""fee"": 6.93677357885021e-05, ""fee_pct_nav"": 4.4895415701414355e-05, ""name"": ""越秀地产""}, {""ts_code"": ""00241.HK"", ""side"": ""sell"", ""current_weight"": 0.1205295373582541, ""target_weight"": 0.0, ""post_trade_weight"": 0.0, ""diff_weight"": -0.1205295373582541, ""gross_amount"": 0.18622972906149898, ""gross_amount_pct_nav"": 0.1205295373582541, ""fee"": 5.586891871844969e-05, ""fee_pct_nav"": 3.6158861207476225e-05, ""name"": ""阿里健康""}, {""ts_code"": ""00683.HK"", ""side"": ""buy"", ""current_weight"": 0.0, ""target_weight"": 0.12282312605522323, ""post_trade_weight"": 0.12285115303983228, ""diff_weight"": 0.12282312605522323, ""gross_amount"": 0.18977354422064535, ""gross_amount_pct_nav"": 0.12282312605522323, ""fee"": 5.69320632661936e-05, ""fee_pct_nav"": 3.6846937816566964e-05, ""name"": ""嘉里建设""}, {""ts_code"": ""00762.HK"", ""side"": ""buy"", ""current_weight"": 0.11456944949472717, ""target_weight"": 0.17647964528753918, ""post_trade_weight"": 0.17651991614255763, ""diff_weight"": 0.061910195792812005, ""gross_amount"": 0.09565720769648478, ""gross_amount_pct_nav"": 0.061910195792812005, ""fee"": 2.869716230894543e-05, ""fee_pct_nav"": 1.85730587378436e-05, ""name"": ""中国联通""}, {""ts_code"": ""00839.HK"", ""side"": ""sell"", ""current_weight"": 0.10840172321923018, ""target_weight"": 0.09096456776103563, ""post_trade_weight"": 0.09098532494758908, ""diff_weight"": -0.01743715545819454, ""gross_amount"": 0.026942082478344676, ""gross_amount_pct_nav"": 0.01743715545819454, ""fee"": 8.082624743503402e-06, ""fee_pct_nav"": 5.231146637458362e-06, ""name"": ""中教控股""}, {""ts_code"": ""01530.HK"", ""side"": ""sell"", ""current_weight"": 0.10426414276025255, ""target_weight"": 0.07084337304891716, ""post_trade_weight"": 0.07085953878406707, ""diff_weight"": -0.03342076971133538, ""gross_amount"": 0.051638303977464925, ""gross_amount_pct_nav"": 0.03342076971133538, ""fee"": 1.5491491193239475e-05, ""fee_pct_nav"": 1.0026230913400614e-05, ""name"": ""三生制药""}, {""ts_code"": ""01801.HK"", ""side"": ""sell"", ""current_weight"": 0.11660219039288701, ""target_weight"": 0.0, ""post_trade_weight"": 0.0, ""diff_weight"": -0.11660219039288701, ""gross_amount"": 0.1801616002250223, ""gross_amount_pct_nav"": 0.11660219039288701, ""fee"": 5.404848006750669e-05, ""fee_pct_nav"": 3.49806571178661e-05, ""name"": ""信达生物""}, {""ts_code"": ""02282.HK"", ""side"": ""buy"", ""current_weight"": 0.10629578942412565, ""target_weight"": 0.14797461944537135, ""post_trade_weight"": 0.14800838574423478, ""diff_weight"": 0.04167883002124569, ""gross_amount"": 0.0643978015064148, ""gross_amount_pct_nav"": 0.04167883002124569, ""fee"": 1.931934045192444e-05, ""fee_pct_nav"": 1.2503649006373707e-05, ""name"": ""美高梅中国""}, {""ts_code"": ""06110.HK"", ""side"": ""sell"", ""current_weight"": 0.10117562372036766, ""target_weight"": 0.0741969055009369, ""post_trade_weight"": 0.0742138364779874, ""diff_weight"": -0.026978718219430764, ""gross_amount"": 0.04168471475583116, ""gross_amount_pct_nav"": 0.026978718219430764, ""fee"": 1.2505414426749347e-05, ""fee_pct_nav"": 8.093615465829228e-06, ""name"": ""滔搏""}, {""ts_code"": ""09926.HK"", ""side"": ""sell"", ""current_weight"": 0.1385938368517305, ""target_weight"": 0.06916660682290729, ""post_trade_weight"": 0.06918238993710692, ""diff_weight"": -0.0694272300288232, ""gross_amount"": 0.10727174866130589, ""gross_amount_pct_nav"": 0.0694272300288232, ""fee"": 3.218152459839176e-05, ""fee_pct_nav"": 2.082816900864696e-05, ""name"": ""康方生物""}]"
2023-02-27,0.35603408,0.71206815,0.51572688,0.52660647,0.00031270,0.00015472,0.00015798,0.00000000,rebalance,"[{""ts_code"": ""00123.HK"", ""side"": ""sell"", ""current_weight"": 0.15719911727043237, ""target_weight"": 0.09831232732289504, ""post_trade_weight"": 0.0983333333333333, ""diff_weight"": -0.05888678994753732, ""gross_amount"": 0.08619914374570878, ""gross_amount_pct_nav"": 0.05888678994753732, ""fee"": 2.585974312371263e-05, ""fee_pct_nav"": 1.7666036984261194e-05, ""name"": ""越秀地产""}, {""ts_code"": ""00683.HK"", ""side"": ""sell"", ""current_weight"": 0.12527011972480717, ""target_weight"": 0.0, ""post_trade_weight"": 0.0, ""diff_weight"": -0.12527011972480717, ""gross_amount"": 0.18337180659399124, ""gross_amount_pct_nav"": 0.12527011972480717, ""fee"": 5.501154197819737e-05, ""fee_pct_nav"": 3.758103591744215e-05, ""name"": ""嘉里建设""}, {""ts_code"": ""00762.HK"", ""side"": ""sell"", ""current_weight"": 0.18085388736132302, ""target_weight"": 0.14052553001521156, ""post_trade_weight"": 0.14055555555555552, ""diff_weight"": -0.04032835734611147, ""gross_amount"": 0.05903310190626468, ""gross_amount_pct_nav"": 0.04032835734611147, ""fee"": 1.7709930571879404e-05, ""fee_pct_nav"": 1.2098507203833441e-05, ""name"": ""中国联通""}, {""ts_code"": ""00839.HK"", ""side"": ""buy"", ""current_weight"": 0.08899212148883233, ""target_weight"": 0.14052553001521156, ""post_trade_weight"": 0.14055555555555552, ""diff_weight"": 0.05153340852637922, ""gross_amount"": 0.07543518152762663, ""gross_amount_pct_nav"": 0.05153340852637922, ""fee"": 2.2630554458287987e-05, ""fee_pct_nav"": 1.5460022557913766e-05, ""name"": ""中教控股""}, {""ts_code"": ""01908.HK"", ""side"": ""buy"", ""current_weight"": 0.0, ""target_weight"": 0.14274727752533348, ""post_trade_weight"": 0.14277777777777775, ""diff_weight"": 0.14274727752533348, ""gross_amount"": 0.20895506624961468, ""gross_amount_pct_nav"": 0.14274727752533348, ""fee"": 6.26865198748844e-05, ""fee_pct_nav"": 4.282418325760004e-05, ""name"": ""建发国际集团""}, {""ts_code"": ""02282.HK"", ""side"": ""buy"", ""current_weight"": 0.14300958360513966, ""target_weight"": 0.16274300511643075, ""post_trade_weight"": 0.1627777777777777, ""diff_weight"": 0.019733421511291104, ""gross_amount"": 0.028886003787298997, ""gross_amount_pct_nav"": 0.019733421511291104, ""fee"": 8.665801136189698e-06, ""fee_pct_nav"": 5.920026453387331e-06, ""name"": ""美高梅中国""}, {""ts_code"": ""03808.HK"", ""side"": ""buy"", ""current_weight"": 0.0, ""target_weight"": 0.13830378250508962, ""post_trade_weight"": 0.13833333333333328, ""diff_weight"": 0.13830378250508962, ""gross_amount"": 0.20245062838970448, ""gross_amount_pct_nav"": 0.13830378250508962, ""fee"": 6.073518851691134e-05, ""fee_pct_nav"": 4.1491134751526885e-05, ""name"": ""中国重汽""}, {""ts_code"": ""06110.HK"", ""side"": ""sell"", ""current_weight"": 0.07076012912236548, ""target_weight"": 0.0, ""post_trade_weight"": 0.0, ""diff_weight"": -0.07076012912236548, ""gross_amount"": 0.10357947083068635, ""gross_amount_pct_nav"": 0.07076012912236548, ""fee"": 3.10738412492059e-05, ""fee_pct_nav"": 2.122803873670964e-05, ""name"": ""滔搏""}, {""ts_code"": ""09926.HK"", ""side"": ""sell"", ""current_weight"": 0.06450486424079037, ""target_weight"": 0.0, ""post_trade_weight"": 0.0, ""diff_weight"": -0.06450486424079037, ""gross_amount"": 0.09442294392244847, ""gross_amount_pct_nav"": 0.06450486424079037, ""fee"": 2.832688317673454e-05, ""fee_pct_nav"": 1.935145927223711e-05, ""name"": ""康方生物""}]"
2023-03-13,0.49703125,0.99406250,0.73153891,0.71174823,0.00043299,0.00021946,0.00021352,0.00000000,rebalance,"[{""ts_code"": ""00522.HK"", ""side"": ""buy"", ""current_weight"": 0.0, ""target_weight"": 0.09856214744725728, ""post_trade_weight"": 0.09859154929579748, ""diff_weight"": 0.09856214744725728, ""gross_amount"": 0.14310315501224385, ""gross_amount_pct_nav"": 0.09856214744725728, ""fee"": 4.293094650367315e-05, ""fee_pct_nav"": 2.956864423417718e-05, ""name"": ""ASMPT""}, {""ts_code"": ""00762.HK"", ""side"": ""sell"", ""current_weight"": 0.15641209210363888, ""target_weight"": 0.11987288203044802, ""post_trade_weight"": 0.11990864103542935, ""diff_weight"": -0.036539210073190866, ""gross_amount"": 0.05305156572331035, ""gross_amount_pct_nav"": 0.036539210073190866, ""fee"": 1.5915469716993104e-05, ""fee_pct_nav"": 1.0961763021957258e-05, ""name"": ""中国联通""}, {""ts_code"": ""00763.HK"", ""side"": ""buy"", ""current_weight"": 0.0, ""target_weight"": 0.1472723979231219, ""post_trade_weight"": 0.1473163304149561, ""diff_weight"": 0.1472723979231219, ""gross_amount"": 0.21382594976732966, ""gross_amount_pct_nav"": 0.1472723979231219, ""fee"": 6.414778493019889e-05, ""fee_pct_nav"": 4.418171937693656e-05, ""name"": ""中兴通讯""}, {""ts_code"": ""00839.HK"", ""side"": ""sell"", ""current_weight"": 0.13558583011601175, ""target_weight"": 0.0, ""post_trade_weight"": 0.0, ""diff_weight"": -0.13558583011601175, ""gross_amount"": 0.19685813029731547, ""gross_amount_pct_nav"": 0.13558583011601175, ""fee"": 5.905743908919464e-05, ""fee_pct_nav"": 4.067574903480352e-05, ""name"": ""中教控股""}, {""ts_code"": ""01347.HK"", ""side"": ""buy"", ""current_weight"": 0.0, ""target_weight"": 0.13205044464941415, ""post_trade_weight"": 0.13208983631521898, ""diff_weight"": 0.13205044464941415, ""gross_amount"": 0.19172507640636527, ""gross_amount_pct_nav"": 0.13205044464941415, ""fee"": 5.7517522921909575e-05, ""fee_pct_nav"": 3.961513339482424e-05, ""name"": ""华虹半导体""}, {""ts_code"": ""01530.HK"", ""side"": ""sell"", ""current_weight"": 0.07049608560857974, ""target_weight"": 0.0, ""post_trade_weight"": 0.0, ""diff_weight"": -0.07049608560857974, ""gross_amount"": 0.10235381967503722, ""gross_amount_pct_nav"": 0.07049608560857974, ""fee"": 3.070614590251116e-05, ""fee_pct_nav"": 2.1148825682573923e-05, ""name"": ""三生制药""}, {""ts_code"": ""01888.HK"", ""side"": ""buy"", ""current_weight"": 0.0, ""target_weight"": 0.1259616633399311, ""post_trade_weight"": 0.1259992386753242, ""diff_weight"": 0.1259616633399311, ""gross_amount"": 0.1828847270619796, ""gross_amount_pct_nav"": 0.1259616633399311, ""fee"": 5.4865418118593877e-05, ""fee_pct_nav"": 3.778849900197933e-05, ""name"": ""建滔积层板""}, {""ts_code"": ""01908.HK"", ""side"": ""sell"", ""current_weight"": 0.1404956733534055, ""target_weight"": 0.0589850689356173, ""post_trade_weight"": 0.05900266463648113, ""diff_weight"": -0.0815106044177882, ""gross_amount"": 0.11834588593336319, ""gross_amount_pct_nav"": 0.0815106044177882, ""fee"": 3.550376578000895e-05, ""fee_pct_nav"": 2.4453181325336457e-05, ""name"": ""建发国际集团""}, {""ts_code"": ""01928.HK"", ""side"": ""sell"", ""current_weight"": 0.09925573504612382, ""target_weight"": 0.0, ""post_trade_weight"": 0.0, ""diff_weight"": -0.09925573504612382, ""gross_amount"": 0.14411018028762437, ""gross_amount_pct_nav"": 0.09925573504612382, ""fee"": 4.3233054086287306e-05, ""fee_pct_nav"": 2.9776720513837142e-05, ""name"": ""金沙中国有限公司""}, {""ts_code"": ""02282.HK"", ""side"": ""sell"", ""current_weight"": 0.16073590610400582, ""target_weight"": 0.1503167885778634, ""post_trade_weight"": 0.15036162923490348, ""diff_weight"": -0.010419117526142415, ""gross_amount"": 0.01512759846504172, ""gross_amount_pct_nav"": 0.010419117526142415, ""fee"": 4.538279539512516e-06, ""fee_pct_nav"": 3.1257352578427244e-06, ""name"": ""美高梅中国""}, {""ts_code"": ""03808.HK"", ""side"": ""sell"", ""current_weight"": 0.13822726096227358, ""target_weight"": 0.08181799884617881, ""post_trade_weight"": 0.0818424057860867, ""diff_weight"": -0.05640926211609479, ""gross_amount"": 0.0819010501475274, ""gross_amount_pct_nav"": 0.05640926211609479, ""fee"": 2.4570315044258215e-05, ""fee_pct_nav"": 1.6922778634828436e-05, ""name"": ""中国重汽""}]"
2023-03-27,0.89189449,1.78378898,1.26087503,1.28618396,0.00076412,0.00037826,0.00038586,0.00000000,rebalance,"[{""ts_code"": ""00020.HK"", ""side"": ""buy"", ""current_weight"": 0.0, ""target_weight"": 0.09867521061115359, ""post_trade_weight"": 0.09872804360993241, ""diff_weight"": 0.09867521061115359, ""gross_amount"": 0.1408975982529021, ""gross_amount_pct_nav"": 0.09867521061115359, ""fee"": 4.2269279475870626e-05, ""fee_pct_nav"": 2.9602563183346074e-05, ""name"": ""商汤-W""}, {""ts_code"": ""00123.HK"", ""side"": ""sell"", ""current_weight"": 0.09560436246179956, ""target_weight"": 0.0, ""post_trade_weight"": 0.0, ""diff_weight"": -0.09560436246179956, ""gross_amount"": 0.13651275705354168, ""gross_amount_pct_nav"": 0.09560436246179956, ""fee"": 4.09538271160625e-05, ""fee_pct_nav"": 2.8681308738539863e-05, ""name"": ""越秀地产""}, {""ts_code"": ""00683.HK"", ""side"": ""buy"", ""current_weight"": 0.0, ""target_weight"": 0.08333918605809085, ""post_trade_weight"": 0.08338380779325578, ""diff_weight"": 0.08333918605809085, ""gross_amount"": 0.11899940302341219, ""gross_amount_pct_nav"": 0.08333918605809085, ""fee"": 3.569982090702366e-05, ""fee_pct_nav"": 2.5001755817427254e-05, ""name"": ""嘉里建设""}, {""ts_code"": ""00762.HK"", ""side"": ""sell"", ""current_weight"": 0.11416051932062064, ""target_weight"": 0.0, ""post_trade_weight"": 0.0, ""diff_weight"": -0.11416051932062064, ""gross_amount"": 0.16300895521738407, ""gross_amount_pct_nav"": 0.11416051932062064, ""fee"": 4.8902686565215216e-05, ""fee_pct_nav"": 3.424815579618619e-05, ""name"": ""中国联通""}, {""ts_code"": ""00763.HK"", ""side"": ""sell"", ""current_weight"": 0.1457863304077241, ""target_weight"": 0.0, ""post_trade_weight"": 0.0, ""diff_weight"": -0.1457863304077241, ""gross_amount"": 0.20816721530494048, ""gross_amount_pct_nav"": 0.1457863304077241, ""fee"": 6.245016459148214e-05, ""fee_pct_nav"": 4.373589912231723e-05, ""name"": ""中兴通讯""}, {""ts_code"": ""00772.HK"", ""side"": ""buy"", ""current_weight"": 0.0, ""target_weight"": 0.12046850866024271, ""post_trade_weight"": 0.12053301029678863, ""diff_weight"": 0.12046850866024271, ""gross_amount"": 0.17201608621059825, ""gross_amount_pct_nav"": 0.12046850866024271, ""fee"": 5.160482586317947e-05, ""fee_pct_nav"": 3.6140552598072806e-05, ""name"": ""阅文集团""}, {""ts_code"": ""00992.HK"", ""side"": ""buy"", ""current_weight"": 0.0, ""target_weight"": 0.12894368012377735, ""post_trade_weight"": 0.1290127195638994, ""diff_weight"": 0.12894368012377735, ""gross_amount"": 0.18411772041636898, ""gross_amount_pct_nav"": 0.12894368012377735, ""fee"": 5.523531612491069e-05, ""fee_pct_nav"": 3.8683104037133206e-05, ""name"": ""联想集团""}, {""ts_code"": ""01347.HK"", ""side"": ""sell"", ""current_weight"": 0.1428212627060646, ""target_weight"": 0.0, ""post_trade_weight"": 0.0, ""diff_weight"": -0.1428212627060646, ""gross_amount"": 0.20393341721894123, ""gross_amount_pct_nav"": 0.1428212627060646, ""fee"": 6.118002516568237e-05, ""fee_pct_nav"": 4.2846378811819386e-05, ""name"": ""华虹半导体""}, {""ts_code"": ""01818.HK"", ""side"": ""buy"", ""current_weight"": 0.0, ""target_weight"": 0.10957185963569814, ""post_trade_weight"": 0.10963052695336051, ""diff_weight"": 0.10957185963569814, ""gross_amount"": 0.15645684223175016, ""gross_amount_pct_nav"": 0.10957185963569814, ""fee"": 4.693705266952505e-05, ""fee_pct_nav"": 3.287155789070944e-05, ""name"": ""招金矿业""}, {""ts_code"": ""01888.HK"", ""side"": ""sell"", ""current_weight"": 0.111545494509834, ""target_weight"": 0.0, ""post_trade_weight"": 0.0, ""diff_weight"": -0.111545494509834, ""gross_amount"": 0.15927498076798025, ""gross_amount_pct_nav"": 0.111545494509834, ""fee"": 4.778249423039407e-05, ""fee_pct_nav"": 3.346364835295019e-05, ""name"": ""建滔积层板""}, {""ts_code"": ""01908.HK"", ""side"": ""sell"", ""current_weight"": 0.06337629268090347, ""target_weight"": 0.0, ""post_trade_weight"": 0.0, ""diff_weight"": -0.06337629268090347, ""gross_amount"": 0.09049453626302105, ""gross_amount_pct_nav"": 0.06337629268090347, ""fee"": 2.7148360878906312e-05, ""fee_pct_nav"": 1.901288780427104e-05, ""name"": ""建发国际集团""}, {""ts_code"": ""01910.HK"", ""side"": ""buy"", ""current_weight"": 0.0, ""target_weight"": 0.11078259841620308, ""post_trade_weight"": 0.11084191399151919, ""diff_weight"": 0.11078259841620308, ""gross_amount"": 0.15818564711828884, ""gross_amount_pct_nav"": 0.11078259841620308, ""fee"": 4.7455694135486644e-05, ""fee_pct_nav"": 3.323477952486092e-05, ""name"": ""新秀丽""}, {""ts_code"": ""02282.HK"", ""side"": ""sell"", ""current_weight"": 0.1501692988905905, ""target_weight"": 0.0, ""post_trade_weight"": 0.0, ""diff_weight"": -0.1501692988905905, ""gross_amount"": 0.214425623355242, ""gross_amount_pct_nav"": 0.1501692988905905, ""fee"": 6.43276870065726e-05, ""fee_pct_nav"": 4.505078966717715e-05, ""name"": ""美高梅中国""}, {""ts_code"": ""03808.HK"", ""side"": ""sell"", ""current_weight"": 0.07729326561535436, ""target_weight"": 0.0, ""post_trade_weight"": 0.0, ""diff_weight"": -0.07729326561535436, ""gross_amount"": 0.11036647825605014, ""gross_amount_pct_nav"": 0.07729326561535436, ""fee"": 3.310994347681504e-05, ""fee_pct_nav"": 2.3187979684606307e-05, ""name"": ""中国重汽""}, {""ts_code"": ""03888.HK"", ""side"": ""buy"", ""current_weight"": 0.0, ""target_weight"": 0.13661169240030874, ""post_trade_weight"": 0.1366848374722377, ""diff_weight"": 0.13661169240030874, ""gross_amount"": 0.19506681803111392, ""gross_amount_pct_nav"": 0.13661169240030874, ""fee"": 5.852004540933417e-05, ""fee_pct_nav"": 4.0983507720092616e-05, ""name"": ""金山软件""}, {""ts_code"": ""09987.HK"", ""side"": ""buy"", ""current_weight"": 0.0, ""target_weight"": 0.09463941467613707, ""post_trade_weight"": 0.09469008681607013, ""diff_weight"": 0.09463941467613707, ""gross_amount"": 0.13513491529777316, ""gross_amount_pct_nav"": 0.09463941467613707, ""fee"": 4.0540474589331946e-05, ""fee_pct_nav"": 2.8391824402841118e-05, ""name"": ""百胜中国""}]"
2023-04-11,0.68770254,1.37540509,1.01408534,1.00121216,0.00060459,0.00030423,0.00030036,0.00000000,rebalance,"[{""ts_code"": ""00020.HK"", ""side"": ""buy"", ""current_weight"": 0.1129282685335155, ""target_weight"": 0.13689102134994763, ""post_trade_weight"": 0.13694752884824696, ""diff_weight"": 0.023962752816432134, ""gross_amount"": 0.035111165719120846, ""gross_amount_pct_nav"": 0.023962752816432134, ""fee"": 1.0533349715736253e-05, ""fee_pct_nav"": 7.188825844929639e-06, ""name"": ""商汤-W""}, {""ts_code"": ""00522.HK"", ""side"": ""sell"", ""current_weight"": 0.10210856798183611, ""target_weight"": 0.0, ""post_trade_weight"": 0.0, ""diff_weight"": -0.10210856798183611, ""gross_amount"": 0.14961348052189963, ""gross_amount_pct_nav"": 0.10210856798183611, ""fee"": 4.4884044156569886e-05, ""fee_pct_nav"": 3.0632570394550834e-05, ""name"": ""ASMPT""}, {""ts_code"": ""00683.HK"", ""side"": ""sell"", ""current_weight"": 0.08121499874896246, ""target_weight"": 0.0, ""post_trade_weight"": 0.0, ""diff_weight"": -0.08121499874896246, ""gross_amount"": 0.11899940302341219, ""gross_amount_pct_nav"": 0.08121499874896246, ""fee"": 3.569982090702366e-05, ""fee_pct_nav"": 2.4364499624688737e-05, ""name"": ""嘉里建设""}, {""ts_code"": ""00772.HK"", ""side"": ""sell"", ""current_weight"": 0.11725667907943227, ""target_weight"": 0.0, ""post_trade_weight"": 0.0, ""diff_weight"": -0.11725667907943227, ""gross_amount"": 0.1718090873102245, ""gross_amount_pct_nav"": 0.11725667907943227, ""fee"": 5.154272619306735e-05, ""fee_pct_nav"": 3.517700372382968e-05, ""name"": ""阅文集团""}, {""ts_code"": ""00981.HK"", ""side"": ""buy"", ""current_weight"": 0.0, ""target_weight"": 0.07943596628415085, ""post_trade_weight"": 0.07946875680383171, ""diff_weight"": 0.07943596628415085, ""gross_amount"": 0.11639269484717701, ""gross_amount_pct_nav"": 0.07943596628415085, ""fee"": 3.49178084541531e-05, ""fee_pct_nav"": 2.3830789885245255e-05, ""name"": ""中芯国际""}, {""ts_code"": ""00992.HK"", ""side"": ""sell"", ""current_weight"": 0.12022654545944629, ""target_weight"": 0.0, ""post_trade_weight"": 0.0, ""diff_weight"": -0.12022654545944629, ""gross_amount"": 0.17616065206704212, ""gross_amount_pct_nav"": 0.12022654545944629, ""fee"": 5.284819562011263e-05, ""fee_pct_nav"": 3.606796363783388e-05, ""name"": ""联想集团""}, {""ts_code"": ""01099.HK"", ""side"": ""buy"", ""current_weight"": 0.0, ""target_weight"": 0.11512774291593372, ""post_trade_weight"": 0.11517526671021092, ""diff_weight"": 0.11512774291593372, ""gross_amount"": 0.16868968650453878, ""gross_amount_pct_nav"": 0.11512774291593372, ""fee"": 5.060690595136163e-05, ""fee_pct_nav"": 3.4538322874780115e-05, ""name"": ""国药控股""}, {""ts_code"": ""01347.HK"", ""side"": ""buy"", ""current_weight"": 0.0, ""target_weight"": 0.1133866806412126, ""post_trade_weight"": 0.11343348573916802, ""diff_weight"": 0.1133866806412126, ""gross_amount"": 0.16613861374076502, ""gross_amount_pct_nav"": 0.1133866806412126, ""fee"": 4.98415841222295e-05, ""fee_pct_nav"": 3.4016004192363776e-05, ""name"": ""华虹半导体""}, {""ts_code"": ""01766.HK"", ""side"": ""buy"", ""current_weight"": 0.0, ""target_weight"": 0.14124367703675045, ""post_trade_weight"": 0.14130198127585422, ""diff_weight"": 0.14124367703675045, ""gross_amount"": 0.20695577796114492, ""gross_amount_pct_nav"": 0.14124367703675045, ""fee"": 6.208673338834346e-05, ""fee_pct_nav"": 4.2373103111025126e-05, ""name"": ""中国中车""}, {""ts_code"": ""01818.HK"", ""side"": ""sell"", ""current_weight"": 0.11970786321874374, ""target_weight"": 0.10903402495440982, ""post_trade_weight"": 0.1090790333115608, ""diff_weight"": -0.010673838264333924, ""gross_amount"": 0.015639726663671444, ""gross_amount_pct_nav"": 0.010673838264333924, ""fee"": 4.691917999101433e-06, ""fee_pct_nav"": 3.202151479300177e-06, ""name"": ""招金矿业""}, {""ts_code"": ""01910.HK"", ""side"": ""sell"", ""current_weight"": 0.11363356439272312, ""target_weight"": 0.08552968424567477, ""post_trade_weight"": 0.08556499020248182, ""diff_weight"": -0.028103880147048357, ""gross_amount"": 0.04117890798075036, ""gross_amount_pct_nav"": 0.028103880147048357, ""fee"": 1.2353672394225105e-05, ""fee_pct_nav"": 8.431164044114507e-06, ""name"": ""新秀丽""}, {""ts_code"": ""02899.HK"", ""side"": ""buy"", ""current_weight"": 0.0, ""target_weight"": 0.1072929626796887, ""post_trade_weight"": 0.10733725234051791, ""diff_weight"": 0.1072929626796887, ""gross_amount"": 0.1572098590675569, ""gross_amount_pct_nav"": 0.1072929626796887, ""fee"": 4.716295772026707e-05, ""fee_pct_nav"": 3.218788880390661e-05, ""name"": ""紫金矿业""}, {""ts_code"": ""03888.HK"", ""side"": ""sell"", ""current_weight"": 0.12696823899795867, ""target_weight"": 0.0, ""post_trade_weight"": 0.0, ""diff_weight"": -0.12696823899795867, ""gross_amount"": 0.18603884598205486, ""gross_amount_pct_nav"": 0.12696823899795867, ""fee"": 5.581165379461645e-05, ""fee_pct_nav"": 3.8090471699387594e-05, ""name"": ""金山软件""}, {""ts_code"": ""03993.HK"", ""side"": ""buy"", ""current_weight"": 0.0, ""target_weight"": 0.1116456183664915, ""post_trade_weight"": 0.11169170476812515, ""diff_weight"": 0.1116456183664915, ""gross_amount"": 0.1635875409769913, ""gross_amount_pct_nav"": 0.1116456183664915, ""fee"": 4.907626229309739e-05, ""fee_pct_nav"": 3.349368550994745e-05, ""name"": ""洛阳钼业""}, {""ts_code"": ""09987.HK"", ""side"": ""sell"", ""current_weight"": 0.09675693637169813, ""target_weight"": 0.0, ""post_trade_weight"": 0.0, ""diff_weight"": -0.09675693637169813, ""gross_amount"": 0.14177205989002678, ""gross_amount_pct_nav"": 0.09675693637169813, ""fee"": 4.253161796700803e-05, ""fee_pct_nav"": 2.9027080911509438e-05, ""name"": ""百胜中国""}]"
2023-04-24,0.66677568,1.33355136,0.96359993,0.96417826,0.00057833,0.00028908,0.00028925,0.00000000,rebalance,"[{""ts_code"": ""00020.HK"", ""side"": ""sell"", ""current_weight"": 0.1042734949098982, ""target_weight"": 0.0, ""post_trade_weight"": 0.0, ""diff_weight"": -0.1042734949098982, ""gross_amount"": 0.15073747824492184, ""gross_amount_pct_nav"": 0.1042734949098982, ""fee"": 4.522124347347655e-05, ""fee_pct_nav"": 3.1282048472969456e-05, ""name"": ""商汤-W""}, {""ts_code"": ""00392.HK"", ""side"": ""buy"", ""current_weight"": 0.0, ""target_weight"": 0.1247225803121008, ""post_trade_weight"": 0.12477249747219382, ""diff_weight"": 0.1247225803121008, ""gross_amount"": 0.1802986200154799, ""gross_amount_pct_nav"": 0.1247225803121008, ""fee"": 5.408958600464396e-05, ""fee_pct_nav"": 3.741677409363024e-05, ""name"": ""北京控股""}, {""ts_code"": ""00763.HK"", ""side"": ""buy"", ""current_weight"": 0.0, ""target_weight"": 0.09561390678707245, ""post_trade_weight"": 0.09565217391304326, ""diff_weight"": 0.09561390678707245, ""gross_amount"": 0.1382192014057083, ""gross_amount_pct_nav"": 0.09561390678707245, ""fee"": 4.146576042171248e-05, ""fee_pct_nav"": 2.868417203612173e-05, ""name"": ""中兴通讯""}, {""ts_code"": ""00981.HK"", ""side"": ""sell"", ""current_weight"": 0.08494733340348802, ""target_weight"": 0.0, ""post_trade_weight"": 0.0, ""diff_weight"": -0.08494733340348802, ""gross_amount"": 0.12279963217821428, ""gross_amount_pct_nav"": 0.08494733340348802, ""fee"": 3.683988965346428e-05, ""fee_pct_nav"": 2.5484200021046403e-05, ""name"": ""中芯国际""}, {""ts_code"": ""01099.HK"", ""side"": ""buy"", ""current_weight"": 0.1312850084878135, ""target_weight"": 0.1530226795725451, ""post_trade_weight"": 0.15308392315470135, ""diff_weight"": 0.021737671084731604, ""gross_amount"": 0.03142391769894495, ""gross_amount_pct_nav"": 0.021737671084731604, ""fee"": 9.427175309683486e-06, ""fee_pct_nav"": 6.5213013254194805e-06, ""name"": ""国药控股""}, {""ts_code"": ""01347.HK"", ""side"": ""sell"", ""current_weight"": 0.11587147874787046, ""target_weight"": 0.0, ""post_trade_weight"": 0.0, ""diff_weight"": -0.11587147874787046, ""gross_amount"": 0.16750349187064664, ""gross_amount_pct_nav"": 0.11587147874787046, ""fee"": 5.025104756119399e-05, ""fee_pct_nav"": 3.476144362436114e-05, ""name"": ""华虹半导体""}, {""ts_code"": ""01766.HK"", ""side"": ""sell"", ""current_weight"": 0.1470408182391027, ""target_weight"": 0.11987113472459608, ""post_trade_weight"": 0.1199191102123354, ""diff_weight"": -0.027169683514506632, ""gross_amount"": 0.039276419968739235, ""gross_amount_pct_nav"": 0.027169683514506632, ""fee"": 1.178292599062177e-05, ""fee_pct_nav"": 8.150905054351989e-06, ""name"": ""中国中车""}, {""ts_code"": ""01818.HK"", ""side"": ""sell"", ""current_weight"": 0.10690895240284262, ""target_weight"": 0.08186814428914238, ""post_trade_weight"": 0.08190091001011106, ""diff_weight"": -0.025040808113700234, ""gross_amount"": 0.036198923528320784, ""gross_amount_pct_nav"": 0.025040808113700234, ""fee"": 1.0859677058496233e-05, ""fee_pct_nav"": 7.51224243411007e-06, ""name"": ""招金矿业""}, {""ts_code"": ""01910.HK"", ""side"": ""sell"", ""current_weight"": 0.08719271661752274, ""target_weight"": 0.0, ""post_trade_weight"": 0.0, ""diff_weight"": -0.08719271661752274, ""gross_amount"": 0.126045551993883, ""gross_amount_pct_nav"": 0.08719271661752274, ""fee"": 3.78136655981649e-05, ""fee_pct_nav"": 2.6157814985256822e-05, ""name"": ""新秀丽""}, {""ts_code"": ""02607.HK"", ""side"": ""buy"", ""current_weight"": 0.0, ""target_weight"": 0.0980396295808248, ""post_trade_weight"": 0.09807886754297246, ""diff_weight"": 0.0980396295808248, ""gross_amount"": 0.14172581962318923, ""gross_amount_pct_nav"": 0.0980396295808248, ""fee"": 4.2517745886956765e-05, ""fee_pct_nav"": 2.9411888874247437e-05, ""name"": ""上海医药""}, {""ts_code"": ""02899.HK"", ""side"": ""sell"", ""current_weight"": 0.10177342622339831, ""target_weight"": 0.0, ""post_trade_weight"": 0.0, ""diff_weight"": -0.10177342622339831, ""gross_amount"": 0.14712338580879775, ""gross_amount_pct_nav"": 0.10177342622339831, ""fee"": 4.413701574263932e-05, ""fee_pct_nav"": 3.053202786701949e-05, ""name"": ""紫金矿业""}, {""ts_code"": ""03888.HK"", ""side"": ""buy"", ""current_weight"": 0.0, ""target_weight"": 0.10855109502041839, ""post_trade_weight"": 0.10859453993933241, ""diff_weight"": 0.10855109502041839, ""gross_amount"": 0.15692116523227345, ""gross_amount_pct_nav"": 0.10855109502041839, ""fee"": 4.7076349569682033e-05, ""fee_pct_nav"": 3.256532850612552e-05, ""name"": ""金山软件""}, {""ts_code"": ""03969.HK"", ""side"": ""buy"", ""current_weight"": 0.0, ""target_weight"": 0.12795687737043732, ""post_trade_weight"": 0.12800808897876612, ""diff_weight"": 0.12795687737043732, ""gross_amount"": 0.18497411097212121, ""gross_amount_pct_nav"": 0.12795687737043732, ""fee"": 5.549223329163636e-05, ""fee_pct_nav"": 3.838706321113119e-05, ""name"": ""中国通号""}, {""ts_code"": ""03993.HK"", ""side"": ""sell"", ""current_weight"": 0.12070677096806107, ""target_weight"": 0.0, ""post_trade_weight"": 0.0, ""diff_weight"": -0.12070677096806107, ""gross_amount"": 0.17449337704212403, ""gross_amount_pct_nav"": 0.12070677096806107, ""fee"": 5.2348013112637204e-05, ""fee_pct_nav"": 3.6212031290418314e-05, ""name"": ""洛阳钼业""}, {""ts_code"": ""06160.HK"", ""side"": ""buy"", ""current_weight"": 0.0, ""target_weight"": 0.08995388693498359, ""post_trade_weight"": 0.08998988877654177, ""diff_weight"": 0.08995388693498359, ""gross_amount"": 0.13003709223158602, ""gross_amount_pct_nav"": 0.08995388693498359, ""fee"": 3.9011127669475804e-05, ""fee_pct_nav"": 2.6986166080495075e-05, ""name"": ""百济神州""}]"
2023-05-08,0.75572456,1.51144912,1.11795457,1.11862554,0.00067097,0.00033539,0.00033559,0.00000000,rebalance,"[{""ts_code"": ""00135.HK"", ""side"": ""buy"", ""current_weight"": 0.0, ""target_weight"": 0.11221161786226157, ""post_trade_weight"": 0.11226252158894588, ""diff_weight"": 0.11221161786226157, ""gross_amount"": 0.16604612728918702, ""gross_amount_pct_nav"": 0.11221161786226157, ""fee"": 4.9813838186756106e-05, ""fee_pct_nav"": 3.366348535867847e-05, ""name"": ""昆仑能源""}, {""ts_code"": ""00392.HK"", ""side"": ""sell"", ""current_weight"": 0.1383577570220196, ""target_weight"": 0.12256961335723954, ""post_trade_weight"": 0.12262521588946394, ""diff_weight"": -0.01578814366478007, ""gross_amount"": 0.023362644283767275, ""gross_amount_pct_nav"": 0.01578814366478007, ""fee"": 7.008793285130182e-06, ""fee_pct_nav"": 4.73644309943402e-06, ""name"": ""北京控股""}, {""ts_code"": ""00631.HK"", ""side"": ""buy"", ""current_weight"": 0.0, ""target_weight"": 0.1135926839282586, ""post_trade_weight"": 0.11364421416234825, ""diff_weight"": 0.1135926839282586, ""gross_amount"": 0.16808977193274618, ""gross_amount_pct_nav"": 0.1135926839282586, ""fee"": 5.042693157982385e-05, ""fee_pct_nav"": 3.4077805178477575e-05, ""name"": ""三一国际""}, {""ts_code"": ""00763.HK"", ""side"": ""sell"", ""current_weight"": 0.08676949694139635, ""target_weight"": 0.0, ""post_trade_weight"": 0.0, ""diff_weight"": -0.08676949694139635, ""gross_amount"": 0.12839792535239222, ""gross_amount_pct_nav"": 0.08676949694139635, ""fee"": 3.8519377605717665e-05, ""fee_pct_nav"": 2.6030849082418903e-05, ""name"": ""中兴通讯""}, {""ts_code"": ""00902.HK"", ""side"": ""buy"", ""current_weight"": 0.0, ""target_weight"": 0.12326014639023805, ""post_trade_weight"": 0.12331606217616513, ""diff_weight"": 0.12326014639023805, ""gross_amount"": 0.18239528443766076, ""gross_amount_pct_nav"": 0.12326014639023805, ""fee"": 5.471858533129822e-05, ""fee_pct_nav"": 3.697804391707141e-05, ""name"": ""华能国际电力股份""}, {""ts_code"": ""01071.HK"", ""side"": ""buy"", ""current_weight"": 0.0, ""target_weight"": 0.1135926839282586, ""post_trade_weight"": 0.11364421416234825, ""diff_weight"": 0.1135926839282586, ""gross_amount"": 0.16808977193274618, ""gross_amount_pct_nav"": 0.1135926839282586, ""fee"": 5.042693157982385e-05, ""fee_pct_nav"": 3.4077805178477575e-05, ""name"": ""华电国际电力股份""}, {""ts_code"": ""01099.HK"", ""side"": ""sell"", ""current_weight"": 0.14949001699274275, ""target_weight"": 0.0, ""post_trade_weight"": 0.0, ""diff_weight"": -0.14949001699274275, ""gross_amount"": 0.2212091658860912, ""gross_amount_pct_nav"": 0.14949001699274275, ""fee"": 6.636274976582736e-05, ""fee_pct_nav"": 4.4847005097822825e-05, ""name"": ""国药控股""}, {""ts_code"": ""01336.HK"", ""side"": ""buy"", ""current_weight"": 0.0, ""target_weight"": 0.10047255630128647, ""post_trade_weight"": 0.10051813471502534, ""diff_weight"": 0.10047255630128647, ""gross_amount"": 0.14867514781893354, ""gross_amount_pct_nav"": 0.10047255630128647, ""fee"": 4.460254434568006e-05, ""fee_pct_nav"": 3.014176689038594e-05, ""name"": ""新华保险""}, {""ts_code"": ""01766.HK"", ""side"": ""buy"", ""current_weight"": 0.1214791115775131, ""target_weight"": 0.14190453828119845, ""post_trade_weight"": 0.14196891191709768, ""diff_weight"": 0.02042542670368534, ""gross_amount"": 0.03022470459822796, ""gross_amount_pct_nav"": 0.02042542670368534, ""fee"": 9.067411379468386e-06, ""fee_pct_nav"": 6.127628011105601e-06, ""name"": ""中国中车""}, {""ts_code"": ""01818.HK"", ""side"": ""sell"", ""current_weight"": 0.08749416506009972, ""target_weight"": 0.0, ""post_trade_weight"": 0.0, ""diff_weight"": -0.08749416506009972, ""gross_amount"": 0.12947025936711373, ""gross_amount_pct_nav"": 0.08749416506009972, ""fee"": 3.884107781013412e-05, ""fee_pct_nav"": 2.6248249518029915e-05, ""name"": ""招金矿业""}, {""ts_code"": ""02607.HK"", ""side"": ""sell"", ""current_weight"": 0.09897773503968227, ""target_weight"": 0.0, ""post_trade_weight"": 0.0, ""diff_weight"": -0.09897773503968227, ""gross_amount"": 0.14646317292535713, ""gross_amount_pct_nav"": 0.09897773503968227, ""fee"": 4.393895187760714e-05, ""fee_pct_nav"": 2.969332051190468e-05, ""name"": ""上海医药""}, {""ts_code"": ""03808.HK"", ""side"": ""buy"", ""current_weight"": 0.0, ""target_weight"": 0.08666189564131582, ""post_trade_weight"": 0.08670120898100125, ""diff_weight"": 0.08666189564131582, ""gross_amount"": 0.1282387013833413, ""gross_amount_pct_nav"": 0.08666189564131582, ""fee"": 3.847161041500239e-05, ""fee_pct_nav"": 2.5998568692394744e-05, ""name"": ""中国重汽""}, {""ts_code"": ""03888.HK"", ""side"": ""sell"", ""current_weight"": 0.10202280517282648, ""target_weight"": 0.0, ""post_trade_weight"": 0.0, ""diff_weight"": -0.10202280517282648, ""gross_amount"": 0.1509691422052334, ""gross_amount_pct_nav"": 0.10202280517282648, ""fee"": 4.529074266157001e-05, ""fee_pct_nav"": 3.060684155184794e-05, ""name"": ""金山软件""}, {""ts_code"": ""03969.HK"", ""side"": ""sell"", ""current_weight"": 0.12781645045189022, ""target_weight"": 0.0, ""post_trade_weight"": 0.0, ""diff_weight"": -0.12781645045189022, ""gross_amount"": 0.18913751539914642, ""gross_amount_pct_nav"": 0.12781645045189022, ""fee"": 5.674125461974392e-05, ""fee_pct_nav"": 3.834493513556706e-05, ""name"": ""中国通号""}, {""ts_code"": ""06160.HK"", ""side"": ""sell"", ""current_weight"": 0.08759246174182728, ""target_weight"": 0.0, ""post_trade_weight"": 0.0, ""diff_weight"": -0.08759246174182728, ""gross_amount"": 0.12961571474541755, ""gross_amount_pct_nav"": 0.08759246174182728, ""fee"": 3.888471442362526e-05, ""fee_pct_nav"": 2.6277738522548183e-05, ""name"": ""百济神州""}, {""ts_code"": ""06881.HK"", ""side"": ""buy"", ""current_weight"": 0.0, ""target_weight"": 0.08528082957531877, ""post_trade_weight"": 0.08531951640759884, ""diff_weight"": 0.08528082957531877, ""gross_amount"": 0.1261950567397821, ""gross_amount_pct_nav"": 0.08528082957531877, ""fee"": 3.7858517021934626e-05, ""fee_pct_nav"": 2.558424887259563e-05, ""name"": ""中国银河""}]"
2023-05-22,0.47333150,0.94666300,0.66625343,0.67500394,0.00040238,0.00019988,0.00020250,0.00000000,rebalance,"[{""ts_code"": ""00005.HK"", ""side"": ""buy"", ""current_weight"": 0.0, ""target_weight"": 0.13580821798318282, ""post_trade_weight"": 0.13584679832435667, ""diff_weight"": 0.13580821798318282, ""gross_amount"": 0.1924167037904538, ""gross_amount_pct_nav"": 0.13580821798318282, ""fee"": 5.7725011137136136e-05, ""fee_pct_nav"": 4.0742465394954844e-05, ""name"": ""汇丰控股""}, {""ts_code"": ""00135.HK"", ""side"": ""sell"", ""current_weight"": 0.10788110068456984, ""target_weight"": 0.0, ""post_trade_weight"": 0.0, ""diff_weight"": -0.10788110068456984, ""gross_amount"": 0.1528488194844106, ""gross_amount_pct_nav"": 0.10788110068456984, ""fee"": 4.585464584532318e-05, ""fee_pct_nav"": 3.236433020537095e-05, ""name"": ""昆仑能源""}, {""ts_code"": ""00576.HK"", ""side"": ""buy"", ""current_weight"": 0.0, ""target_weight"": 0.07717735735608187, ""post_trade_weight"": 0.07719928186714542, ""diff_weight"": 0.07717735735608187, ""gross_amount"": 0.10934693739633719, ""gross_amount_pct_nav"": 0.07717735735608187, ""fee"": 3.280408121890115e-05, ""fee_pct_nav"": 2.315320720682456e-05, ""name"": ""浙江沪杭甬""}, {""ts_code"": ""00902.HK"", ""side"": ""sell"", ""current_weight"": 0.1345740295506837, ""target_weight"": 0.08555319458852485, ""post_trade_weight"": 0.08557749850388988, ""diff_weight"": -0.04902083496215884, ""gross_amount"": 0.0694540258354797, ""gross_amount_pct_nav"": 0.04902083496215884, ""fee"": 2.083620775064391e-05, ""fee_pct_nav"": 1.470625048864765e-05, ""name"": ""华能国际电力股份""}, {""ts_code"": ""01071.HK"", ""side"": ""sell"", ""current_weight"": 0.12238826340598287, ""target_weight"": 0.07598080918001858, ""post_trade_weight"": 0.07600239377618191, ""diff_weight"": -0.04640745422596429, ""gross_amount"": 0.065751318337541, ""gross_amount_pct_nav"": 0.04640745422596429, ""fee"": 1.9725395501262296e-05, ""fee_pct_nav"": 1.3922236267789285e-05, ""name"": ""华电国际电力股份""}, {""ts_code"": ""01099.HK"", ""side"": ""buy"", ""current_weight"": 0.0, ""target_weight"": 0.13461166980711953, ""post_trade_weight"": 0.13464991023339315, ""diff_weight"": 0.13461166980711953, ""gross_amount"": 0.1907214024354718, ""gross_amount_pct_nav"": 0.13461166980711953, ""fee"": 5.721642073064154e-05, ""fee_pct_nav"": 4.038350094213586e-05, ""name"": ""国药控股""}, {""ts_code"": ""01336.HK"", ""side"": ""sell"", ""current_weight"": 0.09471994587934728, ""target_weight"": 0.0, ""post_trade_weight"": 0.0, ""diff_weight"": -0.09471994587934728, ""gross_amount"": 0.13420174448921104, ""gross_amount_pct_nav"": 0.09471994587934728, ""fee"": 4.026052334676331e-05, ""fee_pct_nav"": 2.8415983763804178e-05, ""name"": ""新华保险""}, {""ts_code"": ""01766.HK"", ""side"": ""sell"", ""current_weight"": 0.1412996242527303, ""target_weight"": 0.12264618804648669, ""post_trade_weight"": 0.12268102932375821, ""diff_weight"": -0.018653436206243598, ""gross_amount"": 0.026428685704537824, ""gross_amount_pct_nav"": 0.018653436206243598, ""fee"": 7.928605711361347e-06, ""fee_pct_nav"": 5.596030861873079e-06, ""name"": ""中国中车""}, {""ts_code"": ""02015.HK"", ""side"": ""buy"", ""current_weight"": 0.0, ""target_weight"": 0.12264618804648669, ""post_trade_weight"": 0.12268102932375821, ""diff_weight"": 0.12264618804648669, ""gross_amount"": 0.1737683888856521, ""gross_amount_pct_nav"": 0.12264618804648669, ""fee"": 5.213051666569562e-05, ""fee_pct_nav"": 3.6793856413946004e-05, ""name"": ""理想汽车-W""}, {""ts_code"": ""03808.HK"", ""side"": ""sell"", ""current_weight"": 0.07618371614453048, ""target_weight"": 0.0, ""post_trade_weight"": 0.0, ""diff_weight"": -0.07618371614453048, ""gross_amount"": 0.10793912003803309, ""gross_amount_pct_nav"": 0.07618371614453048, ""fee"": 3.238173601140993e-05, ""fee_pct_nav"": 2.2855114843359148e-05, ""name"": ""中国重汽""}, {""ts_code"": ""06881.HK"", ""side"": ""sell"", ""current_weight"": 0.08355307578910547, ""target_weight"": 0.0, ""post_trade_weight"": 0.0, ""diff_weight"": -0.08355307578910547, ""gross_amount"": 0.11838022524442861, ""gross_amount_pct_nav"": 0.08355307578910547, ""fee"": 3.551406757332858e-05, ""fee_pct_nav"": 2.5065922736731636e-05, ""name"": ""中国银河""}]"
2023-06-05,0.43016844,0.86033688,0.60636378,0.58988268,0.00035887,0.00018191,0.00017696,0.00000000,rebalance,"[{""ts_code"": ""00005.HK"", ""side"": ""sell"", ""current_weight"": 0.1369752525553892, ""target_weight"": 0.0, ""post_trade_weight"": 0.0, ""diff_weight"": -0.1369752525553892, ""gross_amount"": 0.19045581464676753, ""gross_amount_pct_nav"": 0.1369752525553892, ""fee"": 5.713674439403025e-05, ""fee_pct_nav"": 4.1092575766616756e-05, ""name"": ""汇丰控股""}, {""ts_code"": ""00008.HK"", ""side"": ""buy"", ""current_weight"": 0.0, ""target_weight"": 0.12007013956875592, ""post_trade_weight"": 0.12010113780025282, ""diff_weight"": 0.12007013956875592, ""gross_amount"": 0.16695027619730976, ""gross_amount_pct_nav"": 0.12007013956875592, ""fee"": 5.008508285919292e-05, ""fee_pct_nav"": 3.602104187062678e-05, ""name"": ""电讯盈科""}, {""ts_code"": ""00392.HK"", ""side"": ""sell"", ""current_weight"": 0.11430130801630678, ""target_weight"": 0.09479221544901786, ""post_trade_weight"": 0.09481668773704172, ""diff_weight"": -0.019509092567288926, ""gross_amount"": 0.027126214762186407, ""gross_amount_pct_nav"": 0.019509092567288926, ""fee"": 8.137864428655921e-06, ""fee_pct_nav"": 5.852727770186677e-06, ""name"": ""北京控股""}, {""ts_code"": ""00522.HK"", ""side"": ""buy"", ""current_weight"": 0.0, ""target_weight"": 0.1339729978346119, ""post_trade_weight"": 0.13400758533501894, ""diff_weight"": 0.1339729978346119, ""gross_amount"": 0.18628136080962984, ""gross_amount_pct_nav"": 0.1339729978346119, ""fee"": 5.5884408242888946e-05, ""fee_pct_nav"": 4.019189935038356e-05, ""name"": ""ASMPT""}, {""ts_code"": ""00576.HK"", ""side"": ""sell"", ""current_weight"": 0.0718527539095959, ""target_weight"": 0.0, ""post_trade_weight"": 0.0, ""diff_weight"": -0.0718527539095959, ""gross_amount"": 0.09990691402399154, ""gross_amount_pct_nav"": 0.0718527539095959, ""fee"": 2.9972074207197462e-05, ""fee_pct_nav"": 2.155582617287877e-05, ""name"": ""浙江沪杭甬""}, {""ts_code"": ""00631.HK"", ""side"": ""sell"", ""current_weight"": 0.11433089643519982, ""target_weight"": 0.07709766856520116, ""post_trade_weight"": 0.0771175726927939, ""diff_weight"": -0.037233227869998664, ""gross_amount"": 0.05177055426885813, ""gross_amount_pct_nav"": 0.037233227869998664, ""fee"": 1.5531166280657437e-05, ""fee_pct_nav"": 1.1169968360999598e-05, ""name"": ""三一国际""}, {""ts_code"": ""01071.HK"", ""side"": ""buy"", ""current_weight"": 0.08835937915141905, ""target_weight"": 0.10490338509691308, ""post_trade_weight"": 0.10493046776232613, ""diff_weight"": 0.016544005945494027, ""gross_amount"": 0.02300344092153353, ""gross_amount_pct_nav"": 0.016544005945494027, ""fee"": 6.901032276460059e-06, ""fee_pct_nav"": 4.963201783648208e-06, ""name"": ""华电国际电力股份""}, {""ts_code"": ""01099.HK"", ""side"": ""sell"", ""current_weight"": 0.13462819006346846, ""target_weight"": 0.09732000786099163, ""post_trade_weight"": 0.09734513274336279, ""diff_weight"": -0.03730818220247683, ""gross_amount"": 0.05187477374052993, ""gross_amount_pct_nav"": 0.03730818220247683, ""fee"": 1.5562432122158976e-05, ""fee_pct_nav"": 1.1192454660743047e-05, ""name"": ""国药控股""}, {""ts_code"": ""01766.HK"", ""side"": ""sell"", ""current_weight"": 0.12136335433067738, ""target_weight"": 0.0, ""post_trade_weight"": 0.0, ""diff_weight"": -0.12136335433067738, ""gross_amount"": 0.16874841320673326, ""gross_amount_pct_nav"": 0.12136335433067738, ""fee"": 5.062452396201997e-05, ""fee_pct_nav"": 3.6409006299203214e-05, ""name"": ""中国中车""}, {""ts_code"": ""02015.HK"", ""side"": ""buy"", ""current_weight"": 0.12518825296698174, ""target_weight"": 0.15040364851244162, ""post_trade_weight"": 0.15044247787610612, ""diff_weight"": 0.025215395545459873, ""gross_amount"": 0.03506048436237824, ""gross_amount_pct_nav"": 0.025215395545459873, ""fee"": 1.0518145308713472e-05, ""fee_pct_nav"": 7.5646186636379615e-06, ""name"": ""理想汽车-W""}, {""ts_code"": ""03618.HK"", ""side"": ""buy"", ""current_weight"": 0.0, ""target_weight"": 0.1402924788645464, ""post_trade_weight"": 0.1403286978508217, ""diff_weight"": 0.1402924788645464, ""gross_amount"": 0.1950682174515935, ""gross_amount_pct_nav"": 0.1402924788645464, ""fee"": 5.852046523547805e-05, ""fee_pct_nav"": 4.208774365936392e-05, ""name"": ""重庆农村商业银行""}]"
2023-06-19,0.87392094,1.74784187,1.25072554,1.25997059,0.00075321,0.00037522,0.00037799,0.00000000,rebalance,"[{""ts_code"": ""00008.HK"", ""side"": ""sell"", ""current_weight"": 0.11522475691074247, ""target_weight"": 0.0, ""post_trade_weight"": 0.0, ""diff_weight"": -0.11522475691074247, ""gross_amount"": 0.1655151735365879, ""gross_amount_pct_nav"": 0.11522475691074247, ""fee"": 4.965455206097636e-05, ""fee_pct_nav"": 3.4567427073222736e-05, ""name"": ""电讯盈科""}, {""ts_code"": ""00392.HK"", ""side"": ""sell"", ""current_weight"": 0.09264137938089875, ""target_weight"": 0.0, ""post_trade_weight"": 0.0, ""diff_weight"": -0.09264137938089875, ""gross_amount"": 0.133075168878649, ""gross_amount_pct_nav"": 0.09264137938089875, ""fee"": 3.99225506635947e-05, ""fee_pct_nav"": 2.7792413814269625e-05, ""name"": ""北京控股""}, {""ts_code"": ""00522.HK"", ""side"": ""sell"", ""current_weight"": 0.14464729212791877, ""target_weight"": 0.0, ""post_trade_weight"": 0.0, ""diff_weight"": -0.14464729212791877, ""gross_amount"": 0.20777932017418677, ""gross_amount_pct_nav"": 0.14464729212791877, ""fee"": 6.233379605225603e-05, ""fee_pct_nav"": 4.339418763837563e-05, ""name"": ""ASMPT""}, {""ts_code"": ""00631.HK"", ""side"": ""sell"", ""current_weight"": 0.07870852513734007, ""target_weight"": 0.0, ""post_trade_weight"": 0.0, ""diff_weight"": -0.07870852513734007, ""gross_amount"": 0.11306125129868837, ""gross_amount_pct_nav"": 0.07870852513734007, ""fee"": 3.391837538960651e-05, ""fee_pct_nav"": 2.361255754120202e-05, ""name"": ""三一国际""}, {""ts_code"": ""00763.HK"", ""side"": ""buy"", ""current_weight"": 0.0, ""target_weight"": 0.12941577870153376, ""post_trade_weight"": 0.12948367379765088, ""diff_weight"": 0.12941577870153376, ""gross_amount"": 0.18589993717018632, ""gross_amount_pct_nav"": 0.12941577870153376, ""fee"": 5.576998115105589e-05, ""fee_pct_nav"": 3.8824733610460126e-05, ""name"": ""中兴通讯""}, {""ts_code"": ""00857.HK"", ""side"": ""buy"", ""current_weight"": 0.0, ""target_weight"": 0.12427130054196968, ""post_trade_weight"": 0.12433649670258898, ""diff_weight"": 0.12427130054196968, ""gross_amount"": 0.1785101260031727, ""gross_amount_pct_nav"": 0.12427130054196968, ""fee"": 5.355303780095181e-05, ""fee_pct_nav"": 3.7281390162590906e-05, ""name"": ""中国石油股份""}, {""ts_code"": ""00902.HK"", ""side"": ""sell"", ""current_weight"": 0.0774102635873564, ""target_weight"": 0.0, ""post_trade_weight"": 0.0, ""diff_weight"": -0.0774102635873564, ""gross_amount"": 0.1111963570563175, ""gross_amount_pct_nav"": 0.0774102635873564, ""fee"": 3.3358907116895245e-05, ""fee_pct_nav"": 2.3223079076206918e-05, ""name"": ""华能国际电力股份""}, {""ts_code"": ""00992.HK"", ""side"": ""buy"", ""current_weight"": 0.0, ""target_weight"": 0.10272879824879512, ""post_trade_weight"": 0.10278269261701727, ""diff_weight"": 0.10272879824879512, ""gross_amount"": 0.14756529174130317, ""gross_amount_pct_nav"": 0.10272879824879512, ""fee"": 4.4269587522390946e-05, ""fee_pct_nav"": 3.0818639474638534e-05, ""name"": ""联想集团""}, {""ts_code"": ""01071.HK"", ""side"": ""sell"", ""current_weight"": 0.09526190759049127, ""target_weight"": 0.0, ""post_trade_weight"": 0.0, ""diff_weight"": -0.09526190759049127, ""gross_amount"": 0.1368394396221683, ""gross_amount_pct_nav"": 0.09526190759049127, ""fee"": 4.1051831886650484e-05, ""fee_pct_nav"": 2.857857227714738e-05, ""name"": ""华电国际电力股份""}, {""ts_code"": ""01099.HK"", ""side"": ""sell"", ""current_weight"": 0.09423539799334323, ""target_weight"": 0.0, ""post_trade_weight"": 0.0, ""diff_weight"": -0.09423539799334323, ""gross_amount"": 0.13536490482023728, ""gross_amount_pct_nav"": 0.09423539799334323, ""fee"": 4.060947144607118e-05, ""fee_pct_nav"": 2.8270619398002966e-05, ""name"": ""国药控股""}, {""ts_code"": ""01211.HK"", ""side"": ""buy"", ""current_weight"": 0.0, ""target_weight"": 0.09469055112447625, ""post_trade_weight"": 0.09474022840598305, ""diff_weight"": 0.09469055112447625, ""gross_amount"": 0.1360187117928444, ""gross_amount_pct_nav"": 0.09469055112447625, ""fee"": 4.0805613537853314e-05, ""fee_pct_nav"": 2.840716533734287e-05, ""name"": ""比亚迪股份""}, {""ts_code"": ""02015.HK"", ""side"": ""sell"", ""current_weight"": 0.1709102840429596, ""target_weight"": 0.12877271893158826, ""post_trade_weight"": 0.12884027666076814, ""diff_weight"": -0.04213756511137135, ""gross_amount"": 0.060528714390958055, ""gross_amount_pct_nav"": 0.04213756511137135, ""fee"": 1.8158614317287416e-05, ""fee_pct_nav"": 1.2641269533411405e-05, ""name"": ""理想汽车-W""}, {""ts_code"": ""03360.HK"", ""side"": ""buy"", ""current_weight"": 0.0, ""target_weight"": 0.09115372238977594, ""post_trade_weight"": 0.09120154415312799, ""diff_weight"": 0.09115372238977594, ""gross_amount"": 0.13093821661552252, ""gross_amount_pct_nav"": 0.09115372238977594, ""fee"": 3.9281464984656755e-05, ""fee_pct_nav"": 2.7346116716932782e-05, ""name"": ""远东宏信""}, {""ts_code"": ""03618.HK"", ""side"": ""sell"", ""current_weight"": 0.1368718576090431, ""target_weight"": 0.0, ""post_trade_weight"": 0.0, ""diff_weight"": -0.1368718576090431, ""gross_amount"": 0.19661025869627016, ""gross_amount_pct_nav"": 0.1368718576090431, ""fee"": 5.898307760888105e-05, ""fee_pct_nav"": 4.106155728271293e-05, ""name"": ""重庆农村商业银行""}, {""ts_code"": ""03808.HK"", ""side"": ""buy"", ""current_weight"": 0.0, ""target_weight"": 0.09983502928404032, ""post_trade_weight"": 0.09988740550104495, ""diff_weight"": 0.09983502928404032, ""gross_amount"": 0.143408522959858, ""gross_amount_pct_nav"": 0.09983502928404032, ""fee"": 4.30225568879574e-05, ""fee_pct_nav"": 2.9950508785212094e-05, ""name"": ""中国重汽""}, {""ts_code"": ""03888.HK"", ""side"": ""buy"", ""current_weight"": 0.0, ""target_weight"": 0.1281296591616427, ""post_trade_weight"": 0.12819687952388537, ""diff_weight"": 0.1281296591616427, ""gross_amount"": 0.18405248437843288, ""gross_amount_pct_nav"": 0.1281296591616427, ""fee"": 5.521574531352986e-05, ""fee_pct_nav"": 3.8438897748492814e-05, ""name"": ""金山软件""}, {""ts_code"": ""06110.HK"", ""side"": ""buy"", ""current_weight"": 0.0, ""target_weight"": 0.10047808905398584, ""post_trade_weight"": 0.10053080263792769, ""diff_weight"": 0.10047808905398584, ""gross_amount"": 0.14433224935573472, ""gross_amount_pct_nav"": 0.10047808905398584, ""fee"": 4.329967480672041e-05, ""fee_pct_nav"": 3.0143426716195747e-05, ""name"": ""滔搏""}]"
2023-07-03,0.62036059,1.24072118,0.73080574,1.10014680,0.00054929,0.00021924,0.00033004,0.00000000,rebalance,"[{""ts_code"": ""00008.HK"", ""side"": ""buy"", ""current_weight"": 0.0, ""target_weight"": 0.0988820996796637, ""post_trade_weight"": 0.09891891891891892, ""diff_weight"": 0.0988820996796637, ""gross_amount"": 0.14592193232294315, ""gross_amount_pct_nav"": 0.0988820996796637, ""fee"": 4.377657969688294e-05, ""fee_pct_nav"": 2.9664629903899107e-05, ""name"": ""电讯盈科""}, {""ts_code"": ""00316.HK"", ""side"": ""buy"", ""current_weight"": 0.0, ""target_weight"": 0.09807159066589594, ""post_trade_weight"": 0.09810810810810809, ""diff_weight"": 0.09807159066589594, ""gross_amount"": 0.14472585091045997, ""gross_amount_pct_nav"": 0.09807159066589594, ""fee"": 4.341775527313799e-05, ""fee_pct_nav"": 2.942147719976878e-05, ""name"": ""东方海外国际""}, {""ts_code"": ""00631.HK"", ""side"": ""buy"", ""current_weight"": 0.0, ""target_weight"": 0.06159868504634787, ""post_trade_weight"": 0.061621621621621624, ""diff_weight"": 0.06159868504634787, ""gross_amount"": 0.09090218734871867, ""gross_amount_pct_nav"": 0.06159868504634787, ""fee"": 2.72706562046156e-05, ""fee_pct_nav"": 1.847960551390436e-05, ""name"": ""三一国际""}, {""ts_code"": ""00763.HK"", ""side"": ""sell"", ""current_weight"": 0.14008751855740922, ""target_weight"": 0.11428177094125062, ""post_trade_weight"": 0.1143243243243243, ""diff_weight"": -0.025805747616158593, ""gross_amount"": 0.03808196396908117, ""gross_amount_pct_nav"": 0.025805747616158593, ""fee"": 1.1424589190724351e-05, ""fee_pct_nav"": 7.741724284847578e-06, ""name"": ""中兴通讯""}, {""ts_code"": ""00857.HK"", ""side"": ""sell"", ""current_weight"": 0.13020722713053404, ""target_weight"": 0.05511461293620599, ""post_trade_weight"": 0.055135135135135134, ""diff_weight"": -0.07509261419432807, ""gross_amount"": 0.11081539936870086, ""gross_amount_pct_nav"": 0.07509261419432807, ""fee"": 3.3244619810610255e-05, ""fee_pct_nav"": 2.252778425829842e-05, ""name"": ""中国石油股份""}, {""ts_code"": ""00992.HK"", ""side"": ""sell"", ""current_weight"": 0.09912725180258698, ""target_weight"": 0.0, ""post_trade_weight"": 0.0, ""diff_weight"": -0.09912725180258698, ""gross_amount"": 0.14628370732171367, ""gross_amount_pct_nav"": 0.09912725180258698, ""fee"": 4.3885112196514094e-05, ""fee_pct_nav"": 2.973817554077609e-05, ""name"": ""联想集团""}, {""ts_code"": ""00998.HK"", ""side"": ""buy"", ""current_weight"": 0.0, ""target_weight"": 0.08267191940430899, ""post_trade_weight"": 0.08270270270270269, ""diff_weight"": 0.08267191940430899, ""gross_amount"": 0.12200030407328032, ""gross_amount_pct_nav"": 0.08267191940430899, ""fee"": 3.660009122198409e-05, ""fee_pct_nav"": 2.480157582129269e-05, ""name"": ""中信银行""}, {""ts_code"": ""01071.HK"", ""side"": ""buy"", ""current_weight"": 0.0, ""target_weight"": 0.05754613997750919, ""post_trade_weight"": 0.057567567567567555, ""diff_weight"": 0.05754613997750919, ""gross_amount"": 0.08492178028630296, ""gross_amount_pct_nav"": 0.05754613997750919, ""fee"": 2.5476534085890884e-05, ""fee_pct_nav"": 1.7263841993252753e-05, ""name"": ""华电国际电力股份""}, {""ts_code"": ""01211.HK"", ""side"": ""sell"", ""current_weight"": 0.09023595546856154, ""target_weight"": 0.0, ""post_trade_weight"": 0.0, ""diff_weight"": -0.09023595546856154, ""gross_amount"": 0.13316267584968755, ""gross_amount_pct_nav"": 0.09023595546856154, ""fee"": 3.994880275490626e-05, ""fee_pct_nav"": 2.7070786640568463e-05, ""name"": ""比亚迪股份""}, {""ts_code"": ""01339.HK"", ""side"": ""buy"", ""current_weight"": 0.0, ""target_weight"": 0.09645057263836046, ""post_trade_weight"": 0.09648648648648646, ""diff_weight"": 0.09645057263836046, ""gross_amount"": 0.14233368808549368, ""gross_amount_pct_nav"": 0.09645057263836046, ""fee"": 4.27001064256481e-05, ""fee_pct_nav"": 2.8935171791508136e-05, ""name"": ""中国人民保险集团""}, {""ts_code"": ""02015.HK"", ""side"": ""sell"", ""current_weight"": 0.13449611943975356, ""target_weight"": 0.08510344644561217, ""post_trade_weight"": 0.08513513513513511, ""diff_weight"": -0.0493926729941414, ""gross_amount"": 0.07288957565878496, ""gross_amount_pct_nav"": 0.0493926729941414, ""fee"": 2.1866872697635484e-05, ""fee_pct_nav"": 1.4817801898242418e-05, ""name"": ""理想汽车-W""}, {""ts_code"": ""03360.HK"", ""side"": ""sell"", ""current_weight"": 0.08531594192143893, ""target_weight"": 0.0, ""post_trade_weight"": 0.0, ""diff_weight"": -0.08531594192143893, ""gross_amount"": 0.12590213136107933, ""gross_amount_pct_nav"": 0.08531594192143893, ""fee"": 3.77706394083238e-05, ""fee_pct_nav"": 2.559478257643168e-05, ""name"": ""远东宏信""}, {""ts_code"": ""03808.HK"", ""side"": ""sell"", ""current_weight"": 0.10892417880375943, ""target_weight"": 0.0, ""post_trade_weight"": 0.0, ""diff_weight"": -0.10892417880375943, ""gross_amount"": 0.16074119278641516, ""gross_amount_pct_nav"": 0.10892417880375943, ""fee"": 4.822235783592454e-05, ""fee_pct_nav"": 3.267725364112783e-05, ""name"": ""中国重汽""}, {""ts_code"": ""03888.HK"", ""side"": ""sell"", ""current_weight"": 0.11335904570417392, ""target_weight"": 0.0, ""post_trade_weight"": 0.0, ""diff_weight"": -0.11335904570417392, ""gross_amount"": 0.1672857984309152, ""gross_amount_pct_nav"": 0.11335904570417392, ""fee"": 5.018573952927456e-05, ""fee_pct_nav"": 3.4007713711252175e-05, ""name"": ""金山软件""}, {""ts_code"": ""06110.HK"", ""side"": ""sell"", ""current_weight"": 0.09824676117177666, ""target_weight"": 0.0, ""post_trade_weight"": 0.0, ""diff_weight"": -0.09824676117177666, ""gross_amount"": 0.1449843528919805, ""gross_amount_pct_nav"": 0.09824676117177666, ""fee"": 4.349530586759415e-05, ""fee_pct_nav"": 2.9474028351532997e-05, ""name"": ""滔搏""}]"
2023-07-17,0.00000000,0.00000000,0.00000000,0.00000000,0.00000000,0.00000000,0.00000000,0.00000000,rebalance,
2023-07-31,0.60170383,1.20340765,1.09284687,0.71522394,0.00054242,0.00032785,0.00021457,0.00000000,rebalance,"[{""ts_code"": ""00008.HK"", ""side"": ""sell"", ""current_weight"": 0.09450421901344762, ""target_weight"": 0.0, ""post_trade_weight"": 0.0, ""diff_weight"": -0.09450421901344762, ""gross_amount"": 0.14198872659995276, ""gross_amount_pct_nav"": 0.09450421901344762, ""fee"": 4.2596617979985825e-05, ""fee_pct_nav"": 2.8351265704034282e-05, ""name"": ""电讯盈科""}, {""ts_code"": ""00136.HK"", ""side"": ""buy"", ""current_weight"": 0.0, ""target_weight"": 0.10008979688602773, ""post_trade_weight"": 0.10012594458438218, ""diff_weight"": 0.10008979688602773, ""gross_amount"": 0.15038082906618944, ""gross_amount_pct_nav"": 0.10008979688602773, ""fee"": 4.5114248719856826e-05, ""fee_pct_nav"": 3.0026939065808316e-05, ""name"": ""中国儒意""}, {""ts_code"": ""00631.HK"", ""side"": ""buy"", ""current_weight"": 0.07154633472813687, ""target_weight"": 0.12275163769041138, ""post_trade_weight"": 0.12279596977329889, ""diff_weight"": 0.0512053029622745, ""gross_amount"": 0.07693387489656486, ""gross_amount_pct_nav"": 0.0512053029622745, ""fee"": 2.3080162468969457e-05, ""fee_pct_nav"": 1.5361590888682348e-05, ""name"": ""三一国际""}, {""ts_code"": ""00659.HK"", ""side"": ""buy"", ""current_weight"": 0.0, ""target_weight"": 0.11582718633351637, ""post_trade_weight"": 0.115869017632241, ""diff_weight"": 0.11582718633351637, ""gross_amount"": 0.17402561351055884, ""gross_amount_pct_nav"": 0.11582718633351637, ""fee"": 5.220768405316765e-05, ""fee_pct_nav"": 3.474815590005491e-05, ""name"": ""周大福创建""}, {""ts_code"": ""00763.HK"", ""side"": ""sell"", ""current_weight"": 0.10056826018911107, ""target_weight"": 0.0, ""post_trade_weight"": 0.0, ""diff_weight"": -0.10056826018911107, ""gross_amount"": 0.1510997006238703, ""gross_amount_pct_nav"": 0.10056826018911107, ""fee"": 4.5329910187161086e-05, ""fee_pct_nav"": 3.017047805673332e-05, ""name"": ""中兴通讯""}, {""ts_code"": ""00857.HK"", ""side"": ""sell"", ""current_weight"": 0.05433905031812804, ""target_weight"": 0.0, ""post_trade_weight"": 0.0, ""diff_weight"": -0.05433905031812804, ""gross_amount"": 0.08164220221981693, ""gross_amount_pct_nav"": 0.05433905031812804, ""fee"": 2.4492660665945076e-05, ""fee_pct_nav"": 1.630171509543841e-05, ""name"": ""中国石油股份""}, {""ts_code"": ""00998.HK"", ""side"": ""sell"", ""current_weight"": 0.08261670081092053, ""target_weight"": 0.0, ""post_trade_weight"": 0.0, ""diff_weight"": -0.08261670081092053, ""gross_amount"": 0.12412821635362821, ""gross_amount_pct_nav"": 0.08261670081092053, ""fee"": 3.723846490608846e-05, ""fee_pct_nav"": 2.4785010243276155e-05, ""name"": ""中信银行""}, {""ts_code"": ""01071.HK"", ""side"": ""sell"", ""current_weight"": 0.04684441759648424, ""target_weight"": 0.0, ""post_trade_weight"": 0.0, ""diff_weight"": -0.04684441759648424, ""gross_amount"": 0.07038182286755632, ""gross_amount_pct_nav"": 0.04684441759648424, ""fee"": 2.1114546860266893e-05, ""fee_pct_nav"": 1.4053325278945273e-05, ""name"": ""华电国际电力股份""}, {""ts_code"": ""01339.HK"", ""side"": ""sell"", ""current_weight"": 0.09716288915882619, ""target_weight"": 0.0, ""post_trade_weight"": 0.0, ""diff_weight"": -0.09716288915882619, ""gross_amount"": 0.14598326983127557, ""gross_amount_pct_nav"": 0.09716288915882619, ""fee"": 4.379498094938267e-05, ""fee_pct_nav"": 2.9148866747647856e-05, ""name"": ""中国人民保险集团""}, {""ts_code"": ""02015.HK"", ""side"": ""buy"", ""current_weight"": 0.09433577568225111, ""target_weight"": 0.12589911557990913, ""post_trade_weight"": 0.12594458438287068, ""diff_weight"": 0.031563339897658006, ""gross_amount"": 0.04742262817570317, ""gross_amount_pct_nav"": 0.031563339897658006, ""fee"": 1.422678845271095e-05, ""fee_pct_nav"": 9.469001969297401e-06, ""name"": ""理想汽车-W""}, {""ts_code"": ""06066.HK"", ""side"": ""buy"", ""current_weight"": 0.0, ""target_weight"": 0.1032372747755255, ""post_trade_weight"": 0.10327455919395397, ""diff_weight"": 0.1032372747755255, ""gross_amount"": 0.15510978595506336, ""gross_amount_pct_nav"": 0.1032372747755255, ""fee"": 4.6532935786519e-05, ""fee_pct_nav"": 3.097118243265764e-05, ""name"": ""中信建投证券""}, {""ts_code"": ""06881.HK"", ""side"": ""buy"", ""current_weight"": 0.0, ""target_weight"": 0.10008979688602773, ""post_trade_weight"": 0.10012594458438218, ""diff_weight"": 0.10008979688602773, ""gross_amount"": 0.15038082906618944, ""gross_amount_pct_nav"": 0.10008979688602773, ""fee"": 4.5114248719856826e-05, ""fee_pct_nav"": 3.0026939065808316e-05, ""name"": ""中国银河""}, {""ts_code"": ""06886.HK"", ""side"": ""buy"", ""current_weight"": 0.0, ""target_weight"": 0.10575525708712365, ""post_trade_weight"": 0.10579345088161135, ""diff_weight"": 0.10575525708712365, ""gross_amount"": 0.15889295146616242, ""gross_amount_pct_nav"": 0.10575525708712365, ""fee"": 4.766788543984872e-05, ""fee_pct_nav"": 3.172657712613709e-05, ""name"": ""HTSC""}, {""ts_code"": ""09868.HK"", ""side"": ""buy"", ""current_weight"": 0.0, ""target_weight"": 0.11960415980091368, ""post_trade_weight"": 0.11964735516372715, ""diff_weight"": 0.11960415980091368, ""gross_amount"": 0.17970036177720755, ""gross_amount_pct_nav"": 0.11960415980091368, ""fee"": 5.391010853316226e-05, ""fee_pct_nav"": 3.58812479402741e-05, ""name"": ""小鹏集团-W""}]"
2023-08-14,0.47386767,0.94773534,0.65844849,0.66176025,0.00039606,0.00019753,0.00019853,0.00000000,rebalance,"[{""ts_code"": ""00136.HK"", ""side"": ""sell"", ""current_weight"": 0.08325231762904667, ""target_weight"": 0.0, ""post_trade_weight"": 0.0, ""diff_weight"": -0.08325231762904667, ""gross_amount"": 0.11597165631375628, ""gross_amount_pct_nav"": 0.08325231762904667, ""fee"": 3.479149689412688e-05, ""fee_pct_nav"": 2.4975695288713997e-05, ""name"": ""中国儒意""}, {""ts_code"": ""00316.HK"", ""side"": ""sell"", ""current_weight"": 0.12025876632500129, ""target_weight"": 0.07591765750817667, ""post_trade_weight"": 0.07593924860111902, ""diff_weight"": -0.04434110881682462, ""gross_amount"": 0.06176779192128465, ""gross_amount_pct_nav"": 0.04434110881682462, ""fee"": 1.8530337576385394e-05, ""fee_pct_nav"": 1.3302332645047384e-05, ""name"": ""东方海外国际""}, {""ts_code"": ""00522.HK"", ""side"": ""buy"", ""current_weight"": 0.0, ""target_weight"": 0.08550725635131479, ""post_trade_weight"": 0.08553157474020774, ""diff_weight"": 0.08550725635131479, ""gross_amount"": 0.11911281785682205, ""gross_amount_pct_nav"": 0.08550725635131479, ""fee"": 3.573384535704661e-05, ""fee_pct_nav"": 2.565217690539443e-05, ""name"": ""ASMPT""}, {""ts_code"": ""00631.HK"", ""side"": ""sell"", ""current_weight"": 0.13117409504681576, ""target_weight"": 0.10362094305502008, ""post_trade_weight"": 0.10365041300293085, ""diff_weight"": -0.02755315199179569, ""gross_amount"": 0.038381930547460835, ""gross_amount_pct_nav"": 0.02755315199179569, ""fee"": 1.151457916423825e-05, ""fee_pct_nav"": 8.265945597538706e-06, ""name"": ""三一国际""}, {""ts_code"": ""00659.HK"", ""side"": ""buy"", ""current_weight"": 0.12511638164283947, ""target_weight"": 0.13558627253214714, ""post_trade_weight"": 0.13562483346655996, ""diff_weight"": 0.010469890889307654, ""gross_amount"": 0.014584706137161979, ""gross_amount_pct_nav"": 0.010469890889307654, ""fee"": 4.375411841148593e-06, ""fee_pct_nav"": 3.140967266792296e-06, ""name"": ""周大福创建""}, {""ts_code"": ""00883.HK"", ""side"": ""buy"", ""current_weight"": 0.0, ""target_weight"": 0.1270621846715799, ""post_trade_weight"": 0.1270983213429255, ""diff_weight"": 0.1270621846715799, ""gross_amount"": 0.17699942092742715, ""gross_amount_pct_nav"": 0.1270621846715799, ""fee"": 5.309982627822814e-05, ""fee_pct_nav"": 3.811865540147397e-05, ""name"": ""中国海洋石油""}, {""ts_code"": ""01171.HK"", ""side"": ""buy"", ""current_weight"": 0.0, ""target_weight"": 0.08657276733388569, ""post_trade_weight"": 0.08659738875566204, ""diff_weight"": 0.08657276733388569, ""gross_amount"": 0.12059708973042732, ""gross_amount_pct_nav"": 0.08657276733388569, ""fee"": 3.6179126919128196e-05, ""fee_pct_nav"": 2.5971830200165706e-05, ""name"": ""兖矿能源""}, {""ts_code"": ""06066.HK"", ""side"": ""sell"", ""current_weight"": 0.10626971988821377, ""target_weight"": 0.0, ""post_trade_weight"": 0.0, ""diff_weight"": -0.10626971988821377, ""gross_amount"": 0.1480352233117309, ""gross_amount_pct_nav"": 0.10626971988821377, ""fee"": 4.441056699351927e-05, ""fee_pct_nav"": 3.188091596646413e-05, ""name"": ""中信建投证券""}, {""ts_code"": ""06862.HK"", ""side"": ""buy"", ""current_weight"": 0.0, ""target_weight"": 0.13878280547985983, ""post_trade_weight"": 0.13882227551292284, ""diff_weight"": 0.13878280547985983, ""gross_amount"": 0.19332641153708502, ""gross_amount_pct_nav"": 0.13878280547985983, ""fee"": 5.79979234611255e-05, ""fee_pct_nav"": 4.1634841643957945e-05, ""name"": ""海底捞""}, {""ts_code"": ""06881.HK"", ""side"": ""sell"", ""current_weight"": 0.10164785643760103, ""target_weight"": 0.0, ""post_trade_weight"": 0.0, ""diff_weight"": -0.10164785643760103, ""gross_amount"": 0.14159690213475315, ""gross_amount_pct_nav"": 0.10164785643760103, ""fee"": 4.247907064042594e-05, ""fee_pct_nav"": 3.0494356931280308e-05, ""name"": ""中国银河""}, {""ts_code"": ""06886.HK"", ""side"": ""sell"", ""current_weight"": 0.11199222265420439, ""target_weight"": 0.0, ""post_trade_weight"": 0.0, ""diff_weight"": -0.11199222265420439, ""gross_amount"": 0.15600675062691088, ""gross_amount_pct_nav"": 0.11199222265420439, ""fee"": 4.680202518807326e-05, ""fee_pct_nav"": 3.359766679626132e-05, ""name"": ""HTSC""}, {""ts_code"": ""09868.HK"", ""side"": ""buy"", ""current_weight"": 0.09531954709945586, ""target_weight"": 0.1196036077935836, ""post_trade_weight"": 0.11963762323474539, ""diff_weight"": 0.02428406069412773, ""gross_amount"": 0.033828040118599495, ""gross_amount_pct_nav"": 0.02428406069412773, ""fee"": 1.0148412035579848e-05, ""fee_pct_nav"": 7.285218208238319e-06, ""name"": ""小鹏集团-W""}]"
2023-08-28,0.45365492,0.90730984,0.44871143,0.79933724,0.00037441,0.00013461,0.00023980,0.00000000,rebalance,"[{""ts_code"": ""00285.HK"", ""side"": ""buy"", ""current_weight"": 0.0, ""target_weight"": 0.11304823976161067, ""post_trade_weight"": 0.11307901907359577, ""diff_weight"": 0.11304823976161067, ""gross_amount"": 0.15550333376709052, ""gross_amount_pct_nav"": 0.11304823976161067, ""fee"": 4.6651000130127155e-05, ""fee_pct_nav"": 3.39144719284832e-05, ""name"": ""比亚迪电子""}, {""ts_code"": ""00316.HK"", ""side"": ""sell"", ""current_weight"": 0.07054157871080068, ""target_weight"": 0.0, ""post_trade_weight"": 0.0, ""diff_weight"": -0.07054157871080068, ""gross_amount"": 0.09703336099575581, ""gross_amount_pct_nav"": 0.07054157871080068, ""fee"": 2.911000829872674e-05, ""fee_pct_nav"": 2.1162473613240198e-05, ""name"": ""东方海外国际""}, {""ts_code"": ""00522.HK"", ""side"": ""sell"", ""current_weight"": 0.09144078688425106, ""target_weight"": 0.0701443897316018, ""post_trade_weight"": 0.07016348773843593, ""diff_weight"": -0.021296397152649253, ""gross_amount"": 0.029294226619081945, ""gross_amount_pct_nav"": 0.021296397152649253, ""fee"": 8.788267985724582e-06, ""fee_pct_nav"": 6.388919145794775e-06, ""name"": ""ASMPT""}, {""ts_code"": ""00598.HK"", ""side"": ""buy"", ""current_weight"": 0.0, ""target_weight"": 0.05924817385096465, ""post_trade_weight"": 0.05926430517712551, ""diff_weight"": 0.05924817385096465, ""gross_amount"": 0.08149873516708964, ""gross_amount_pct_nav"": 0.05924817385096465, ""fee"": 2.4449620550126888e-05, ""fee_pct_nav"": 1.7774452155289392e-05, ""name"": ""中国外运""}, {""ts_code"": ""00631.HK"", ""side"": ""sell"", ""current_weight"": 0.09907227548267053, ""target_weight"": 0.06469628179128321, ""post_trade_weight"": 0.06471389645778072, ""diff_weight"": -0.034375993691387316, ""gross_amount"": 0.047285845687112346, ""gross_amount_pct_nav"": 0.034375993691387316, ""fee"": 1.4185753706133703e-05, ""fee_pct_nav"": 1.0312798107416194e-05, ""name"": ""三一国际""}, {""ts_code"": ""00659.HK"", ""side"": ""sell"", ""current_weight"": 0.13689301707044482, ""target_weight"": 0.11236722626907085, ""post_trade_weight"": 0.11239782016351388, ""diff_weight"": -0.024525790801373966, ""gross_amount"": 0.03373641412666217, ""gross_amount_pct_nav"": 0.024525790801373966, ""fee"": 1.012092423799865e-05, ""fee_pct_nav"": 7.357737240412189e-06, ""name"": ""周大福创建""}, {""ts_code"": ""00883.HK"", ""side"": ""sell"", ""current_weight"": 0.12761032938251932, ""target_weight"": 0.0, ""post_trade_weight"": 0.0, ""diff_weight"": -0.12761032938251932, ""gross_amount"": 0.1755341939329948, ""gross_amount_pct_nav"": 0.12761032938251932, ""fee"": 5.2660258179898434e-05, ""fee_pct_nav"": 3.8283098814755795e-05, ""name"": ""中国海洋石油""}, {""ts_code"": ""01171.HK"", ""side"": ""sell"", ""current_weight"": 0.08571649344990277, ""target_weight"": 0.0, ""post_trade_weight"": 0.0, ""diff_weight"": -0.08571649344990277, ""gross_amount"": 0.11790719181822447, ""gross_amount_pct_nav"": 0.08571649344990277, ""fee"": 3.537215754546734e-05, ""fee_pct_nav"": 2.571494803497083e-05, ""name"": ""兖矿能源""}, {""ts_code"": ""02015.HK"", ""side"": ""sell"", ""current_weight"": 0.12847977242145883, ""target_weight"": 0.08921276752271687, ""post_trade_weight"": 0.08923705722072921, ""diff_weight"": -0.03926700489874197, ""gross_amount"": 0.05401366869293439, ""gross_amount_pct_nav"": 0.03926700489874197, ""fee"": 1.6204100607880316e-05, ""fee_pct_nav"": 1.178010146962259e-05, ""name"": ""理想汽车-W""}, {""ts_code"": ""02669.HK"", ""side"": ""buy"", ""current_weight"": 0.0, ""target_weight"": 0.061972227821123924, ""post_trade_weight"": 0.06198910081745311, ""diff_weight"": 0.061972227821123924, ""gross_amount"": 0.08524580345063397, ""gross_amount_pct_nav"": 0.061972227821123924, ""fee"": 2.5573741035190188e-05, ""fee_pct_nav"": 1.8591668346337175e-05, ""name"": ""中海物业""}, {""ts_code"": ""06862.HK"", ""side"": ""sell"", ""current_weight"": 0.12851265243252674, ""target_weight"": 0.0, ""post_trade_weight"": 0.0, ""diff_weight"": -0.12851265243252674, ""gross_amount"": 0.17677538302808313, ""gross_amount_pct_nav"": 0.12851265243252674, ""fee"": 5.3032614908424936e-05, ""fee_pct_nav"": 3.855379572975802e-05, ""name"": ""海底捞""}, {""ts_code"": ""09868.HK"", ""side"": ""sell"", ""current_weight"": 0.13642786283787342, ""target_weight"": 0.08716972704509739, ""post_trade_weight"": 0.0871934604904835, ""diff_weight"": -0.04925813579277604, ""gross_amount"": 0.06775695355435216, ""gross_amount_pct_nav"": 0.04925813579277604, ""fee"": 2.0327086066305647e-05, ""fee_pct_nav"": 1.4777440737832812e-05, ""name"": ""小鹏集团-W""}, {""ts_code"": ""09992.HK"", ""side"": ""buy"", ""current_weight"": 0.0, ""target_weight"": 0.09193682149287613, ""post_trade_weight"": 0.09196185286105679, ""diff_weight"": 0.09193682149287613, ""gross_amount"": 0.1264635545696218, ""gross_amount_pct_nav"": 0.09193682149287613, ""fee"": 3.793906637088654e-05, ""fee_pct_nav"": 2.758104644786284e-05, ""name"": ""泡泡玛特""}]"
2023-09-25,0.31100667,0.62201333,0.43710904,0.42736543,0.00025934,0.00013113,0.00012821,0.00000000,rebalance,"[{""ts_code"": ""00004.HK"", ""side"": ""buy"", ""current_weight"": 0.0, ""target_weight"": 0.11341969169680018, ""post_trade_weight"": 0.11344086021511089, ""diff_weight"": 0.11341969169680018, ""gross_amount"": 0.15763074890293455, ""gross_amount_pct_nav"": 0.11341969169680018, ""fee"": 4.728922467088036e-05, ""fee_pct_nav"": 3.402590750904005e-05, ""name"": ""九龙仓集团""}, {""ts_code"": ""00285.HK"", ""side"": ""sell"", ""current_weight"": 0.1270603890460708, ""target_weight"": 0.08976819200647218, ""post_trade_weight"": 0.08978494623660437, ""diff_weight"": -0.037292197039598615, ""gross_amount"": 0.0518287156281661, ""gross_amount_pct_nav"": 0.037292197039598615, ""fee"": 1.554861468844983e-05, ""fee_pct_nav"": 1.1187659111879584e-05, ""name"": ""比亚迪电子""}, {""ts_code"": ""00467.HK"", ""side"": ""buy"", ""current_weight"": 0.0, ""target_weight"": 0.09191832834195654, ""post_trade_weight"": 0.09193548387101404, ""diff_weight"": 0.09191832834195654, ""gross_amount"": 0.12774814247583796, ""gross_amount_pct_nav"": 0.09191832834195654, ""fee"": 3.8324442742751384e-05, ""fee_pct_nav"": 2.757549850258696e-05, ""name"": ""联合能源集团""}, {""ts_code"": ""00522.HK"", ""side"": ""sell"", ""current_weight"": 0.06588808808581686, ""target_weight"": 0.0, ""post_trade_weight"": 0.0, ""diff_weight"": -0.06588808808581686, ""gross_amount"": 0.09157130048029255, ""gross_amount_pct_nav"": 0.06588808808581686, ""fee"": 2.7471390144087764e-05, ""fee_pct_nav"": 1.9766426425745057e-05, ""name"": ""ASMPT""}, {""ts_code"": ""00598.HK"", ""side"": ""sell"", ""current_weight"": 0.05926371521565217, ""target_weight"": 0.0, ""post_trade_weight"": 0.0, ""diff_weight"": -0.05926371521565217, ""gross_amount"": 0.08236474348022797, ""gross_amount_pct_nav"": 0.05926371521565217, ""fee"": 2.470942304406839e-05, ""fee_pct_nav"": 1.7779114564695652e-05, ""name"": ""中国外运""}, {""ts_code"": ""00631.HK"", ""side"": ""sell"", ""current_weight"": 0.07185097433755902, ""target_weight"": 0.040315056290331816, ""post_trade_weight"": 0.04032258064518159, ""diff_weight"": -0.031535918047227204, ""gross_amount"": 0.04382863596927091, ""gross_amount_pct_nav"": 0.031535918047227204, ""fee"": 1.3148590790781271e-05, ""fee_pct_nav"": 9.46077541416816e-06, ""name"": ""三一国际""}, {""ts_code"": ""00659.HK"", ""side"": ""buy"", ""current_weight"": 0.11121492769225842, ""target_weight"": 0.12417037337422204, ""post_trade_weight"": 0.12419354838715936, ""diff_weight"": 0.012955445681963615, ""gross_amount"": 0.018005485420278466, ""gross_amount_pct_nav"": 0.012955445681963615, ""fee"": 5.40164562608354e-06, ""fee_pct_nav"": 3.886633704589084e-06, ""name"": ""周大福创建""}, {""ts_code"": ""00857.HK"", ""side"": ""buy"", ""current_weight"": 0.0, ""target_weight"": 0.09621860101292527, ""post_trade_weight"": 0.09623655913983341, ""diff_weight"": 0.09621860101292527, ""gross_amount"": 0.13372466376125727, ""gross_amount_pct_nav"": 0.09621860101292527, ""fee"": 4.011739912837718e-05, ""fee_pct_nav"": 2.8865580303877578e-05, ""name"": ""中国石油股份""}, {""ts_code"": ""02669.HK"", ""side"": ""sell"", ""current_weight"": 0.06175846345039989, ""target_weight"": 0.0, ""post_trade_weight"": 0.0, ""diff_weight"": -0.06175846345039989, ""gross_amount"": 0.08583194592703776, ""gross_amount_pct_nav"": 0.06175846345039989, ""fee"": 2.5749583778111325e-05, ""fee_pct_nav"": 1.8527539035119966e-05, ""name"": ""中海物业""}, {""ts_code"": ""09868.HK"", ""side"": ""sell"", ""current_weight"": 0.08578444392976595, ""target_weight"": 0.07149203315485508, ""post_trade_weight"": 0.07150537634412202, ""diff_weight"": -0.014292410774910868, ""gross_amount"": 0.019863600230021886, ""gross_amount_pct_nav"": 0.014292410774910868, ""fee"": 5.959080069006565e-06, ""fee_pct_nav"": 4.28772323247326e-06, ""name"": ""小鹏集团-W""}, {""ts_code"": ""09992.HK"", ""side"": ""sell"", ""current_weight"": 0.08853621286832247, ""target_weight"": 0.051065737967753634, ""post_trade_weight"": 0.05107526881723002, ""diff_weight"": -0.037470474900568845, ""gross_amount"": 0.05207648629582648, ""gross_amount_pct_nav"": 0.037470474900568845, ""fee"": 1.5622945888747943e-05, ""fee_pct_nav"": 1.1241142470170652e-05, ""name"": ""泡泡玛特""}]"
2023-10-09,0.26823295,0.53646590,0.36456009,0.38240652,0.00022409,0.00010937,0.00011472,0.00000000,rebalance,"[{""ts_code"": ""00004.HK"", ""side"": ""sell"", ""current_weight"": 0.10740363719648731, ""target_weight"": 0.05246069143183771, ""post_trade_weight"": 0.05246913580249972, ""diff_weight"": -0.0549429457646496, ""gross_amount"": 0.07650168615629421, ""gross_amount_pct_nav"": 0.0549429457646496, ""fee"": 2.295050584688826e-05, ""fee_pct_nav"": 1.6482883729394878e-05, ""name"": ""九龙仓集团""}, {""ts_code"": ""00631.HK"", ""side"": ""buy"", ""current_weight"": 0.042523876491648904, ""target_weight"": 0.0536950606419986, ""post_trade_weight"": 0.05370370370373501, ""diff_weight"": 0.011171184150349699, ""gross_amount"": 0.01555457960927318, ""gross_amount_pct_nav"": 0.011171184150349699, ""fee"": 4.6663738827819535e-06, ""fee_pct_nav"": 3.3513552451049092e-06, ""name"": ""三一国际""}, {""ts_code"": ""00659.HK"", ""side"": ""sell"", ""current_weight"": 0.12544000270900263, ""target_weight"": 0.08455429089602079, ""post_trade_weight"": 0.0845679012346172, ""diff_weight"": -0.04088571181298184, ""gross_amount"": 0.05692861658331172, ""gross_amount_pct_nav"": 0.04088571181298184, ""fee"": 1.7078584974993516e-05, ""fee_pct_nav"": 1.2265713543894552e-05, ""name"": ""周大福创建""}, {""ts_code"": ""00857.HK"", ""side"": ""sell"", ""current_weight"": 0.09363476867840716, ""target_weight"": 0.0, ""post_trade_weight"": 0.0, ""diff_weight"": -0.09363476867840716, ""gross_amount"": 0.1303755666366462, ""gross_amount_pct_nav"": 0.09363476867840716, ""fee"": 3.911266999099386e-05, ""fee_pct_nav"": 2.8090430603522146e-05, ""name"": ""中国石油股份""}, {""ts_code"": ""02015.HK"", ""side"": ""sell"", ""current_weight"": 0.07506822633542728, ""target_weight"": 0.0, ""post_trade_weight"": 0.0, ""diff_weight"": -0.07506822633542728, ""gross_amount"": 0.10452380758800663, ""gross_amount_pct_nav"": 0.07506822633542728, ""fee"": 3.135714227640198e-05, ""fee_pct_nav"": 2.2520467900628183e-05, ""name"": ""理想汽车-W""}, {""ts_code"": ""02328.HK"", ""side"": ""buy"", ""current_weight"": 0.0, ""target_weight"": 0.11294478272972121, ""post_trade_weight"": 0.11296296296302884, ""diff_weight"": 0.11294478272972121, ""gross_amount"": 0.1572625238987325, ""gross_amount_pct_nav"": 0.11294478272972121, ""fee"": 4.717875716961974e-05, ""fee_pct_nav"": 3.388343481891636e-05, ""name"": ""中国财险""}, {""ts_code"": ""02359.HK"", ""side"": ""buy"", ""current_weight"": 0.0, ""target_weight"": 0.12652284404149094, ""post_trade_weight"": 0.12654320987661696, ""diff_weight"": 0.12652284404149094, ""gross_amount"": 0.17616840108874401, ""gross_amount_pct_nav"": 0.12652284404149094, ""fee"": 5.28505203266232e-05, ""fee_pct_nav"": 3.795685321244728e-05, ""name"": ""药明康德""}, {""ts_code"": ""09868.HK"", ""side"": ""buy"", ""current_weight"": 0.07336873671236782, ""target_weight"": 0.08455429089602079, ""post_trade_weight"": 0.0845679012346172, ""diff_weight"": 0.011185554183652973, ""gross_amount"": 0.015574588215701596, ""gross_amount_pct_nav"": 0.011185554183652973, ""fee"": 4.672376464710478e-06, ""fee_pct_nav"": 3.3556662550958918e-06, ""name"": ""小鹏集团-W""}, {""ts_code"": ""09992.HK"", ""side"": ""sell"", ""current_weight"": 0.0502268825139642, ""target_weight"": 0.04011699933022883, ""post_trade_weight"": 0.04012345679014684, ""diff_weight"": -0.010109883183735372, ""gross_amount"": 0.014076840978128662, ""gross_amount_pct_nav"": 0.010109883183735372, ""fee"": 4.223052293438598e-06, ""fee_pct_nav"": 3.0329649551206116e-06, ""name"": ""泡泡玛特""}]"
2023-10-24,0.36127207,0.72254414,0.48766372,0.48921189,0.00029306,0.00014630,0.00014676,0.00000000,rebalance,"[{""ts_code"": ""00008.HK"", ""side"": ""buy"", ""current_weight"": 0.0, ""target_weight"": 0.10043429778753668, ""post_trade_weight"": 0.10045607297170714, ""diff_weight"": 0.10043429778753668, ""gross_amount"": 0.1357866051415414, ""gross_amount_pct_nav"": 0.10043429778753668, ""fee"": 4.0735981542462416e-05, ""fee_pct_nav"": 3.0130289336261003e-05, ""name"": ""电讯盈科""}, {""ts_code"": ""00285.HK"", ""side"": ""sell"", ""current_weight"": 0.0906356167910314, ""target_weight"": 0.07811556494586186, ""post_trade_weight"": 0.07813250120021666, ""diff_weight"": -0.01252005184516954, ""gross_amount"": 0.016927039604020908, ""gross_amount_pct_nav"": 0.01252005184516954, ""fee"": 5.078111881206272e-06, ""fee_pct_nav"": 3.756015553550861e-06, ""name"": ""比亚迪电子""}, {""ts_code"": ""00288.HK"", ""side"": ""buy"", ""current_weight"": 0.0, ""target_weight"": 0.10043429778753668, ""post_trade_weight"": 0.10045607297170714, ""diff_weight"": 0.10043429778753668, ""gross_amount"": 0.1357866051415414, ""gross_amount_pct_nav"": 0.10043429778753668, ""fee"": 4.0735981542462416e-05, ""fee_pct_nav"": 3.0130289336261003e-05, ""name"": ""万洲国际""}, {""ts_code"": ""00354.HK"", ""side"": ""buy"", ""current_weight"": 0.0, ""target_weight"": 0.07883552406978686, ""post_trade_weight"": 0.07885261641865184, ""diff_weight"": 0.07883552406978686, ""gross_amount"": 0.10658518468099486, ""gross_amount_pct_nav"": 0.07883552406978686, ""fee"": 3.197555540429846e-05, ""fee_pct_nav"": 2.365065722093606e-05, ""name"": ""中国软件国际""}, {""ts_code"": ""00467.HK"", ""side"": ""sell"", ""current_weight"": 0.10489108633221908, ""target_weight"": 0.09323470654828674, ""post_trade_weight"": 0.09325492078735537, ""diff_weight"": -0.011656379783932346, ""gross_amount"": 0.015759359839892073, ""gross_amount_pct_nav"": 0.011656379783932346, ""fee"": 4.727807951967621e-06, ""fee_pct_nav"": 3.496913935179703e-06, ""name"": ""联合能源集团""}, {""ts_code"": ""00631.HK"", ""side"": ""sell"", ""current_weight"": 0.046930042417130655, ""target_weight"": 0.0, ""post_trade_weight"": 0.0, ""diff_weight"": -0.046930042417130655, ""gross_amount"": 0.0634491531214897, ""gross_amount_pct_nav"": 0.046930042417130655, ""fee"": 1.903474593644691e-05, ""fee_pct_nav"": 1.4079012725139197e-05, ""name"": ""三一国际""}, {""ts_code"": ""01801.HK"", ""side"": ""buy"", ""current_weight"": 0.0, ""target_weight"": 0.08099540144156184, ""post_trade_weight"": 0.08101296207395736, ""diff_weight"": 0.08099540144156184, ""gross_amount"": 0.1095053267270495, ""gross_amount_pct_nav"": 0.08099540144156184, ""fee"": 3.285159801811485e-05, ""fee_pct_nav"": 2.4298620432468547e-05, ""name"": ""信达生物""}, {""ts_code"": ""02328.HK"", ""side"": ""sell"", ""current_weight"": 0.1101770797454234, ""target_weight"": 0.0, ""post_trade_weight"": 0.0, ""diff_weight"": -0.1101770797454234, ""gross_amount"": 0.14895879149459684, ""gross_amount_pct_nav"": 0.1101770797454234, ""fee"": 4.468763744837905e-05, ""fee_pct_nav"": 3.305312392362702e-05, ""name"": ""中国财险""}, {""ts_code"": ""02359.HK"", ""side"": ""sell"", ""current_weight"": 0.130516927949311, ""target_weight"": 0.06227646421951198, ""post_trade_weight"": 0.062289966394642765, ""diff_weight"": -0.068240463729799, ""gross_amount"": 0.09226072275385361, ""gross_amount_pct_nav"": 0.068240463729799, ""fee"": 2.767821682615608e-05, ""fee_pct_nav"": 2.0472139118939702e-05, ""name"": ""药明康德""}, {""ts_code"": ""09868.HK"", ""side"": ""sell"", ""current_weight"": 0.07109515397970634, ""target_weight"": 0.0, ""post_trade_weight"": 0.0, ""diff_weight"": -0.07109515397970634, ""gross_amount"": 0.09612024789919373, ""gross_amount_pct_nav"": 0.07109515397970634, ""fee"": 2.8836074369758114e-05, ""fee_pct_nav"": 2.13285461939119e-05, ""name"": ""小鹏集团-W""}, {""ts_code"": ""09992.HK"", ""side"": ""sell"", ""current_weight"": 0.0412254512125057, ""target_weight"": 0.0, ""post_trade_weight"": 0.0, ""diff_weight"": -0.0412254512125057, ""gross_amount"": 0.05573657793094116, ""gross_amount_pct_nav"": 0.0412254512125057, ""fee"": 1.6720973379282347e-05, ""fee_pct_nav"": 1.2367635363751708e-05, ""name"": ""泡泡玛特""}]"
2023-11-06,0.41696567,0.83393133,0.57885368,0.57851298,0.00034721,0.00017366,0.00017355,0.00000000,rebalance,"[{""ts_code"": ""00004.HK"", ""side"": ""sell"", ""current_weight"": 0.05430582950192118, ""target_weight"": 0.0, ""post_trade_weight"": 0.0, ""diff_weight"": -0.05430582950192118, ""gross_amount"": 0.07536802393315416, ""gross_amount_pct_nav"": 0.05430582950192118, ""fee"": 2.2610407179946246e-05, ""fee_pct_nav"": 1.6291748850576354e-05, ""name"": ""九龙仓集团""}, {""ts_code"": ""00008.HK"", ""side"": ""sell"", ""current_weight"": 0.0986530315240903, ""target_weight"": 0.08842206699669197, ""post_trade_weight"": 0.08844419391206311, ""diff_weight"": -0.01023096452739833, ""gross_amount"": 0.014198983542511395, ""gross_amount_pct_nav"": 0.01023096452739833, ""fee"": 4.259695062753418e-06, ""fee_pct_nav"": 3.069289358219499e-06, ""name"": ""电讯盈科""}, {""ts_code"": ""00285.HK"", ""side"": ""sell"", ""current_weight"": 0.07717531087624627, ""target_weight"": 0.0, ""post_trade_weight"": 0.0, ""diff_weight"": -0.07717531087624627, ""gross_amount"": 0.10710729824988253, ""gross_amount_pct_nav"": 0.07717531087624627, ""fee"": 3.213218947496476e-05, ""fee_pct_nav"": 2.315259326287388e-05, ""name"": ""比亚迪电子""}, {""ts_code"": ""00288.HK"", ""side"": ""sell"", ""current_weight"": 0.10474630700057826, ""target_weight"": 0.0, ""post_trade_weight"": 0.0, ""diff_weight"": -0.10474630700057826, ""gross_amount"": 0.145371541975062, ""gross_amount_pct_nav"": 0.10474630700057826, ""fee"": 4.36114625925186e-05, ""fee_pct_nav"": 3.142389210017348e-05, ""name"": ""万洲国际""}, {""ts_code"": ""00354.HK"", ""side"": ""sell"", ""current_weight"": 0.08105048518946031, ""target_weight"": 0.058666266248283194, ""post_trade_weight"": 0.05868094701240133, ""diff_weight"": -0.02238421894117712, ""gross_amount"": 0.0310658057220895, ""gross_amount_pct_nav"": 0.02238421894117712, ""fee"": 9.31974171662685e-06, ""fee_pct_nav"": 6.715265682353135e-06, ""name"": ""中国软件国际""}, {""ts_code"": ""00867.HK"", ""side"": ""buy"", ""current_weight"": 0.0, ""target_weight"": 0.06069507084476562, ""post_trade_weight"": 0.06071025930101464, ""diff_weight"": 0.06069507084476562, ""gross_amount"": 0.0842352947005616, ""gross_amount_pct_nav"": 0.06069507084476562, ""fee"": 2.5270588410168477e-05, ""fee_pct_nav"": 1.8208521253429684e-05, ""name"": ""康哲药业""}, {""ts_code"": ""00981.HK"", ""side"": ""buy"", ""current_weight"": 0.0, ""target_weight"": 0.08774579879786452, ""post_trade_weight"": 0.08776775648252536, ""diff_weight"": 0.08774579879786452, ""gross_amount"": 0.12177748732476734, ""gross_amount_pct_nav"": 0.08774579879786452, ""fee"": 3.65332461974302e-05, ""fee_pct_nav"": 2.632373963935935e-05, ""name"": ""中芯国际""}, {""ts_code"": ""01801.HK"", ""side"": ""sell"", ""current_weight"": 0.08393218580434396, ""target_weight"": 0.0, ""post_trade_weight"": 0.0, ""diff_weight"": -0.08393218580434396, ""gross_amount"": 0.11648478711185047, ""gross_amount_pct_nav"": 0.08393218580434396, ""fee"": 3.494543613355514e-05, ""fee_pct_nav"": 2.5179655741303184e-05, ""name"": ""信达生物""}, {""ts_code"": ""01810.HK"", ""side"": ""buy"", ""current_weight"": 0.0, ""target_weight"": 0.11344399035330843, ""post_trade_weight"": 0.11347237880496049, ""diff_weight"": 0.11344399035330843, ""gross_amount"": 0.15744257031776274, ""gross_amount_pct_nav"": 0.11344399035330843, ""fee"": 4.7232771095328815e-05, ""fee_pct_nav"": 3.403319710599252e-05, ""name"": ""小米集团-W""}, {""ts_code"": ""02313.HK"", ""side"": ""buy"", ""current_weight"": 0.0, ""target_weight"": 0.07422043482131505, ""post_trade_weight"": 0.07423900789176997, ""diff_weight"": 0.07422043482131505, ""gross_amount"": 0.10300639101266444, ""gross_amount_pct_nav"": 0.07422043482131505, ""fee"": 3.090191730379933e-05, ""fee_pct_nav"": 2.226613044639451e-05, ""name"": ""申洲国际""}, {""ts_code"": ""02359.HK"", ""side"": ""sell"", ""current_weight"": 0.06406810523297003, ""target_weight"": 0.0, ""post_trade_weight"": 0.0, ""diff_weight"": -0.06406810523297003, ""gross_amount"": 0.08891654050472611, ""gross_amount_pct_nav"": 0.06406810523297003, ""fee"": 2.667496215141783e-05, ""fee_pct_nav"": 1.922043156989101e-05, ""name"": ""药明康德""}, {""ts_code"": ""06186.HK"", ""side"": ""buy"", ""current_weight"": 0.0, ""target_weight"": 0.08098311680958978, ""post_trade_weight"": 0.08100338218714766, ""diff_weight"": 0.08098311680958978, ""gross_amount"": 0.11239193916871588, ""gross_amount_pct_nav"": 0.08098311680958978, ""fee"": 3.3717581750614765e-05, ""fee_pct_nav"": 2.4294935042876936e-05, ""name"": ""中国飞鹤""}]"
2023-11-20,0.61633781,1.23267562,0.83483486,0.80513037,0.00049199,0.00025045,0.00024154,0.00000000,rebalance,"[{""ts_code"": ""00004.HK"", ""side"": ""buy"", ""current_weight"": 0.0, ""target_weight"": 0.09092063921896454, ""post_trade_weight"": 0.09095427435387657, ""diff_weight"": 0.09092063921896454, ""gross_amount"": 0.12096182054784946, ""gross_amount_pct_nav"": 0.09092063921896454, ""fee"": 3.628854616435483e-05, ""fee_pct_nav"": 2.7276191765689358e-05, ""name"": ""九龙仓集团""}, {""ts_code"": ""00008.HK"", ""side"": ""sell"", ""current_weight"": 0.09198579095413867, ""target_weight"": 0.0, ""post_trade_weight"": 0.0, ""diff_weight"": -0.09198579095413867, ""gross_amount"": 0.12237891015647036, ""gross_amount_pct_nav"": 0.09198579095413867, ""fee"": 3.67136730469411e-05, ""fee_pct_nav"": 2.75957372862416e-05, ""name"": ""电讯盈科""}, {""ts_code"": ""00013.HK"", ""side"": ""buy"", ""current_weight"": 0.0, ""target_weight"": 0.05738433786770712, ""post_trade_weight"": 0.0574055666003975, ""diff_weight"": 0.05738433786770712, ""gross_amount"": 0.07634475559167547, ""gross_amount_pct_nav"": 0.05738433786770712, ""fee"": 2.290342667750264e-05, ""fee_pct_nav"": 1.7215301360312136e-05, ""name"": ""和黄医药""}, {""ts_code"": ""00285.HK"", ""side"": ""buy"", ""current_weight"": 0.0, ""target_weight"": 0.111042420029719, ""post_trade_weight"": 0.11108349900596401, ""diff_weight"": 0.111042420029719, ""gross_amount"": 0.14773205952155385, ""gross_amount_pct_nav"": 0.111042420029719, ""fee"": 4.431961785646615e-05, ""fee_pct_nav"": 3.3312726008915694e-05, ""name"": ""比亚迪电子""}, {""ts_code"": ""00467.HK"", ""side"": ""sell"", ""current_weight"": 0.05324639375780562, ""target_weight"": 0.0, ""post_trade_weight"": 0.0, ""diff_weight"": -0.05324639375780562, ""gross_amount"": 0.07083958913927625, ""gross_amount_pct_nav"": 0.05324639375780562, ""fee"": 2.1251876741782873e-05, ""fee_pct_nav"": 1.5973918127341682e-05, ""name"": ""联合能源集团""}, {""ts_code"": ""00576.HK"", ""side"": ""buy"", ""current_weight"": 0.0, ""target_weight"": 0.061110593573402386, ""post_trade_weight"": 0.06113320079522851, ""diff_weight"": 0.061110593573402386, ""gross_amount"": 0.08130220725347258, ""gross_amount_pct_nav"": 0.061110593573402386, ""fee"": 2.439066217604177e-05, ""fee_pct_nav"": 1.8333178072020713e-05, ""name"": ""浙江沪杭甬""}, {""ts_code"": ""00659.HK"", ""side"": ""sell"", ""current_weight"": 0.09547338758688523, ""target_weight"": 0.0, ""post_trade_weight"": 0.0, ""diff_weight"": -0.09547338758688523, ""gross_amount"": 0.1270188471571066, ""gross_amount_pct_nav"": 0.09547338758688523, ""fee"": 3.810565414713198e-05, ""fee_pct_nav"": 2.8642016276065566e-05, ""name"": ""周大福创建""}, {""ts_code"": ""00867.HK"", ""side"": ""sell"", ""current_weight"": 0.06496284966460734, ""target_weight"": 0.0, ""post_trade_weight"": 0.0, ""diff_weight"": -0.06496284966460734, ""gross_amount"": 0.08642729121693309, ""gross_amount_pct_nav"": 0.06496284966460734, ""fee"": 2.5928187365079923e-05, ""fee_pct_nav"": 1.94888548993822e-05, ""name"": ""康哲药业""}, {""ts_code"": ""00981.HK"", ""side"": ""sell"", ""current_weight"": 0.08420351622561685, ""target_weight"": 0.0, ""post_trade_weight"": 0.0, ""diff_weight"": -0.08420351622561685, ""gross_amount"": 0.11202528608110014, ""gross_amount_pct_nav"": 0.08420351622561685, ""fee"": 3.360758582433004e-05, ""fee_pct_nav"": 2.5261054867685052e-05, ""name"": ""中芯国际""}, {""ts_code"": ""01810.HK"", ""side"": ""sell"", ""current_weight"": 0.12321507331356091, ""target_weight"": 0.06409159813795862, ""post_trade_weight"": 0.06411530815109333, ""diff_weight"": -0.05912347517560229, ""gross_amount"": 0.0786585230349405, ""gross_amount_pct_nav"": 0.05912347517560229, ""fee"": 2.3597556910482148e-05, ""fee_pct_nav"": 1.7737042552680685e-05, ""name"": ""小米集团-W""}, {""ts_code"": ""02018.HK"", ""side"": ""buy"", ""current_weight"": 0.0, ""target_weight"": 0.10508041090060656, ""post_trade_weight"": 0.1051192842942344, ""diff_weight"": 0.10508041090060656, ""gross_amount"": 0.13980013686267848, ""gross_amount_pct_nav"": 0.10508041090060656, ""fee"": 4.194004105880354e-05, ""fee_pct_nav"": 3.152412327018196e-05, ""name"": ""瑞声科技""}, {""ts_code"": ""02313.HK"", ""side"": ""sell"", ""current_weight"": 0.07601860690389076, ""target_weight"": 0.0, ""post_trade_weight"": 0.0, ""diff_weight"": -0.07601860690389076, ""gross_amount"": 0.1011359925050763, ""gross_amount_pct_nav"": 0.07601860690389076, ""fee"": 3.0340797751522885e-05, ""fee_pct_nav"": 2.2805582071167225e-05, ""name"": ""申洲国际""}, {""ts_code"": ""02338.HK"", ""side"": ""buy"", ""current_weight"": 0.0, ""target_weight"": 0.1028446574771894, ""post_trade_weight"": 0.1028827037773358, ""diff_weight"": 0.1028446574771894, ""gross_amount"": 0.13682566586560022, ""gross_amount_pct_nav"": 0.1028446574771894, ""fee"": 4.104769975968006e-05, ""fee_pct_nav"": 3.085339724315682e-05, ""name"": ""潍柴动力""}, {""ts_code"": ""03808.HK"", ""side"": ""buy"", ""current_weight"": 0.0, ""target_weight"": 0.09911840177149413, ""post_trade_weight"": 0.09915506958250478, ""diff_weight"": 0.09911840177149413, ""gross_amount"": 0.1318682142038031, ""gross_amount_pct_nav"": 0.09911840177149413, ""fee"": 3.9560464261140925e-05, ""fee_pct_nav"": 2.9735520531448236e-05, ""name"": ""中国重汽""}, {""ts_code"": ""06186.HK"", ""side"": ""sell"", ""current_weight"": 0.08016013716213778, ""target_weight"": 0.0, ""post_trade_weight"": 0.0, ""diff_weight"": -0.08016013716213778, ""gross_amount"": 0.10664593000876108, ""gross_amount_pct_nav"": 0.08016013716213778, ""fee"": 3.199377900262832e-05, ""fee_pct_nav"": 2.4048041148641332e-05, ""name"": ""中国飞鹤""}]"
2023-12-04,0.61558726,1.23117452,0.79091163,0.79764256,0.00047657,0.00023727,0.00023929,0.00000000,rebalance,"[{""ts_code"": ""00004.HK"", ""side"": ""sell"", ""current_weight"": 0.09397484894725877, ""target_weight"": 0.0, ""post_trade_weight"": 0.0, ""diff_weight"": -0.09397484894725877, ""gross_amount"": 0.12125343535148457, ""gross_amount_pct_nav"": 0.09397484894725877, ""fee"": 3.637603060544537e-05, ""fee_pct_nav"": 2.8192454684177628e-05, ""name"": ""九龙仓集团""}, {""ts_code"": ""00008.HK"", ""side"": ""buy"", ""current_weight"": 0.0, ""target_weight"": 0.07277220854750578, ""post_trade_weight"": 0.07279909706546263, ""diff_weight"": 0.07277220854750578, ""gross_amount"": 0.09389619013329775, ""gross_amount_pct_nav"": 0.07277220854750578, ""fee"": 2.8168857039989323e-05, ""fee_pct_nav"": 2.1831662564251736e-05, ""name"": ""电讯盈科""}, {""ts_code"": ""00013.HK"", ""side"": ""sell"", ""current_weight"": 0.0581526938502701, ""target_weight"": 0.0, ""post_trade_weight"": 0.0, ""diff_weight"": -0.0581526938502701, ""gross_amount"": 0.07503299003168105, ""gross_amount_pct_nav"": 0.0581526938502701, ""fee"": 2.2509897009504314e-05, ""fee_pct_nav"": 1.744580815508103e-05, ""name"": ""和黄医药""}, {""ts_code"": ""00285.HK"", ""side"": ""sell"", ""current_weight"": 0.09949927341381569, ""target_weight"": 0.0, ""post_trade_weight"": 0.0, ""diff_weight"": -0.09949927341381569, ""gross_amount"": 0.1283814643125714, ""gross_amount_pct_nav"": 0.09949927341381569, ""fee"": 3.8514439293771414e-05, ""fee_pct_nav"": 2.9849782024144705e-05, ""name"": ""比亚迪电子""}, {""ts_code"": ""00570.HK"", ""side"": ""buy"", ""current_weight"": 0.0, ""target_weight"": 0.09511158419464712, ""post_trade_weight"": 0.09514672686230234, ""diff_weight"": 0.09511158419464712, ""gross_amount"": 0.12272013687189151, ""gross_amount_pct_nav"": 0.09511158419464712, ""fee"": 3.681604106156745e-05, ""fee_pct_nav"": 2.8533475258394135e-05, ""name"": ""中国中药""}, {""ts_code"": ""00576.HK"", ""side"": ""sell"", ""current_weight"": 0.05935109492708685, ""target_weight"": 0.0, ""post_trade_weight"": 0.0, ""diff_weight"": -0.05935109492708685, ""gross_amount"": 0.07657925745451566, ""gross_amount_pct_nav"": 0.05935109492708685, ""fee"": 2.2973777236354695e-05, ""fee_pct_nav"": 1.7805328478126054e-05, ""name"": ""浙江沪杭甬""}, {""ts_code"": ""01114.HK"", ""side"": ""buy"", ""current_weight"": 0.0, ""target_weight"": 0.10391194429806644, ""post_trade_weight"": 0.10395033860045133, ""diff_weight"": 0.10391194429806644, ""gross_amount"": 0.13407502498103452, ""gross_amount_pct_nav"": 0.10391194429806644, ""fee"": 4.022250749431035e-05, ""fee_pct_nav"": 3.117358328941993e-05, ""name"": ""BRILLIANCE CHI""}, {""ts_code"": ""01171.HK"", ""side"": ""buy"", ""current_weight"": 0.0, ""target_weight"": 0.09714243652620541, ""post_trade_weight"": 0.09717832957110595, ""diff_weight"": 0.09714243652620541, ""gross_amount"": 0.12534049566630912, ""gross_amount_pct_nav"": 0.09714243652620541, ""fee"": 3.760214869989273e-05, ""fee_pct_nav"": 2.914273095786162e-05, ""name"": ""兖矿能源""}, {""ts_code"": ""01810.HK"", ""side"": ""sell"", ""current_weight"": 0.06216424376286205, ""target_weight"": 0.0, ""post_trade_weight"": 0.0, ""diff_weight"": -0.06216424376286205, ""gross_amount"": 0.08020899417996875, ""gross_amount_pct_nav"": 0.06216424376286205, ""fee"": 2.4062698253990626e-05, ""fee_pct_nav"": 1.8649273128858615e-05, ""name"": ""小米集团-W""}, {""ts_code"": ""01882.HK"", ""side"": ""buy"", ""current_weight"": 0.0, ""target_weight"": 0.05991014378096987, ""post_trade_weight"": 0.05993227990970644, ""diff_weight"": 0.05991014378096987, ""gross_amount"": 0.07730058443531954, ""gross_amount_pct_nav"": 0.05991014378096987, ""fee"": 2.319017533059586e-05, ""fee_pct_nav"": 1.797304313429096e-05, ""name"": ""海天国际""}, {""ts_code"": ""01898.HK"", ""side"": ""buy"", ""current_weight"": 0.0, ""target_weight"": 0.0903729287543444, ""post_trade_weight"": 0.09040632054176057, ""diff_weight"": 0.0903729287543444, ""gross_amount"": 0.11660596635158373, ""gross_amount_pct_nav"": 0.0903729287543444, ""fee"": 3.498178990547511e-05, ""fee_pct_nav"": 2.7111878626303314e-05, ""name"": ""中煤能源""}, {""ts_code"": ""02018.HK"", ""side"": ""sell"", ""current_weight"": 0.11457219423899717, ""target_weight"": 0.06397184844408649, ""post_trade_weight"": 0.06399548532731367, ""diff_weight"": -0.05060034579491069, ""gross_amount"": 0.06528838116089292, ""gross_amount_pct_nav"": 0.05060034579491069, ""fee"": 1.9586514348267874e-05, ""fee_pct_nav"": 1.5180103738473205e-05, ""name"": ""瑞声科技""}, {""ts_code"": ""02338.HK"", ""side"": ""sell"", ""current_weight"": 0.10230822280378715, ""target_weight"": 0.0, ""post_trade_weight"": 0.0, ""diff_weight"": -0.10230822280378715, ""gross_amount"": 0.132005782596431, ""gross_amount_pct_nav"": 0.10230822280378715, ""fee"": 3.96017347789293e-05, ""fee_pct_nav"": 3.0692466841136146e-05, ""name"": ""潍柴动力""}, {""ts_code"": ""03692.HK"", ""side"": ""buy"", ""current_weight"": 0.0, ""target_weight"": 0.09375768264027493, ""post_trade_weight"": 0.09379232505643327, ""diff_weight"": 0.09375768264027493, ""gross_amount"": 0.12097323100894644, ""gross_amount_pct_nav"": 0.09375768264027493, ""fee"": 3.629196930268393e-05, ""fee_pct_nav"": 2.8127304792082476e-05, ""name"": ""翰森制药""}, {""ts_code"": ""03808.HK"", ""side"": ""sell"", ""current_weight"": 0.09214486505855622, ""target_weight"": 0.0, ""post_trade_weight"": 0.0, ""diff_weight"": -0.09214486505855622, ""gross_amount"": 0.1188922521665285, ""gross_amount_pct_nav"": 0.09214486505855622, ""fee"": 3.566767564995855e-05, ""fee_pct_nav"": 2.7643459517566863e-05, ""name"": ""中国重汽""}]"
2023-12-18,0.58459337,1.16918675,0.75061414,0.74208714,0.00044781,0.00022518,0.00022263,0.00000000,rebalance,"[{""ts_code"": ""00004.HK"", ""side"": ""buy"", ""current_weight"": 0.0, ""target_weight"": 0.10825078711499955, ""post_trade_weight"": 0.10828877005347574, ""diff_weight"": 0.10825078711499955, ""gross_amount"": 0.138203831722387, ""gross_amount_pct_nav"": 0.10825078711499955, ""fee"": 4.14611495167161e-05, ""fee_pct_nav"": 3.247523613449986e-05, ""name"": ""九龙仓集团""}, {""ts_code"": ""00008.HK"", ""side"": ""sell"", ""current_weight"": 0.07691601328444629, ""target_weight"": 0.0, ""post_trade_weight"": 0.0, ""diff_weight"": -0.07691601328444629, ""gross_amount"": 0.09819871097498525, ""gross_amount_pct_nav"": 0.07691601328444629, ""fee"": 2.9459613292495575e-05, ""fee_pct_nav"": 2.3074803985333888e-05, ""name"": ""电讯盈科""}, {""ts_code"": ""00019.HK"", ""side"": ""buy"", ""current_weight"": 0.0, ""target_weight"": 0.07149897667472192, ""post_trade_weight"": 0.07152406417112286, ""diff_weight"": 0.07149897667472192, ""gross_amount"": 0.09128277774256426, ""gross_amount_pct_nav"": 0.07149897667472192, ""fee"": 2.7384833322769273e-05, ""fee_pct_nav"": 2.1449693002416575e-05, ""name"": ""太古股份公司A""}, {""ts_code"": ""00087.HK"", ""side"": ""buy"", ""current_weight"": 0.0, ""target_weight"": 0.06481682932194417, ""post_trade_weight"": 0.06483957219251325, ""diff_weight"": 0.06481682932194417, ""gross_amount"": 0.08275167701896012, ""gross_amount_pct_nav"": 0.06481682932194417, ""fee"": 2.4825503105688034e-05, ""fee_pct_nav"": 1.944504879658325e-05, ""name"": ""太古股份公司B""}, {""ts_code"": ""00288.HK"", ""side"": ""buy"", ""current_weight"": 0.0, ""target_weight"": 0.10557792817388847, ""post_trade_weight"": 0.10561497326203192, ""diff_weight"": 0.10557792817388847, ""gross_amount"": 0.13479139143294538, ""gross_amount_pct_nav"": 0.10557792817388847, ""fee"": 4.0437417429883613e-05, ""fee_pct_nav"": 3.1673378452166544e-05, ""name"": ""万洲国际""}, {""ts_code"": ""00354.HK"", ""side"": ""sell"", ""current_weight"": 0.06474464800749154, ""target_weight"": 0.0, ""post_trade_weight"": 0.0, ""diff_weight"": -0.06474464800749154, ""gross_amount"": 0.08265952310024989, ""gross_amount_pct_nav"": 0.06474464800749154, ""fee"": 2.4797856930074965e-05, ""fee_pct_nav"": 1.9423394402247457e-05, ""name"": ""中国软件国际""}, {""ts_code"": ""00570.HK"", ""side"": ""sell"", ""current_weight"": 0.1012222452510601, ""target_weight"": 0.08686791558611075, ""post_trade_weight"": 0.08689839572192498, ""diff_weight"": -0.014354329664949358, ""gross_amount"": 0.018326179553732266, ""gross_amount_pct_nav"": 0.014354329664949358, ""fee"": 5.4978538661196795e-06, ""fee_pct_nav"": 4.306298899484807e-06, ""name"": ""中国中药""}, {""ts_code"": ""01114.HK"", ""side"": ""sell"", ""current_weight"": 0.09341612520099768, ""target_weight"": 0.0, ""post_trade_weight"": 0.0, ""diff_weight"": -0.09341612520099768, ""gross_amount"": 0.11926441175638534, ""gross_amount_pct_nav"": 0.09341612520099768, ""fee"": 3.57793235269156e-05, ""fee_pct_nav"": 2.8024837560299305e-05, ""name"": ""BRILLIANCE CHI""}, {""ts_code"": ""01171.HK"", ""side"": ""sell"", ""current_weight"": 0.09596157628358891, ""target_weight"": 0.0, ""post_trade_weight"": 0.0, ""diff_weight"": -0.09596157628358891, ""gross_amount"": 0.12251419037187275, ""gross_amount_pct_nav"": 0.09596157628358891, ""fee"": 3.675425711156182e-05, ""fee_pct_nav"": 2.8788472885076667e-05, ""name"": ""兖矿能源""}, {""ts_code"": ""01882.HK"", ""side"": ""sell"", ""current_weight"": 0.054280480251624956, ""target_weight"": 0.0, ""post_trade_weight"": 0.0, ""diff_weight"": -0.054280480251624956, ""gross_amount"": 0.06929991511781311, ""gross_amount_pct_nav"": 0.054280480251624956, ""fee"": 2.078997453534393e-05, ""fee_pct_nav"": 1.6284144075487484e-05, ""name"": ""海天国际""}, {""ts_code"": ""01898.HK"", ""side"": ""sell"", ""current_weight"": 0.08836937914355078, ""target_weight"": 0.0, ""post_trade_weight"": 0.0, ""diff_weight"": -0.08836937914355078, ""gross_amount"": 0.11282122864929119, ""gross_amount_pct_nav"": 0.08836937914355078, ""fee"": 3.384636859478735e-05, ""fee_pct_nav"": 2.6510813743065232e-05, ""name"": ""中煤能源""}, {""ts_code"": ""02018.HK"", ""side"": ""buy"", ""current_weight"": 0.07493617717588892, ""target_weight"": 0.10290506923277734, ""post_trade_weight"": 0.10294117647058804, ""diff_weight"": 0.02796889205688841, ""gross_amount"": 0.03570789787593341, ""gross_amount_pct_nav"": 0.02796889205688841, ""fee"": 1.0712369362780023e-05, ""fee_pct_nav"": 8.390667617066523e-06, ""name"": ""瑞声科技""}, {""ts_code"": ""02588.HK"", ""side"": ""buy"", ""current_weight"": 0.0, ""target_weight"": 0.05011610514583313, ""post_trade_weight"": 0.05013368983957211, ""diff_weight"": 0.05011610514583313, ""gross_amount"": 0.06398325542703102, ""gross_amount_pct_nav"": 0.05011610514583313, ""fee"": 1.9194976628109306e-05, ""fee_pct_nav"": 1.5034831543749938e-05, ""name"": ""中银航空租赁""}, {""ts_code"": ""03360.HK"", ""side"": ""buy"", ""current_weight"": 0.0, ""target_weight"": 0.07617647982166635, ""post_trade_weight"": 0.0762032085561496, ""diff_weight"": 0.07617647982166635, ""gross_amount"": 0.09725454824908715, ""gross_amount_pct_nav"": 0.07617647982166635, ""fee"": 2.9176364474726143e-05, ""fee_pct_nav"": 2.2852943946499905e-05, ""name"": ""远东宏信""}, {""ts_code"": ""03692.HK"", ""side"": ""sell"", ""current_weight"": 0.0932113560998274, ""target_weight"": 0.0, ""post_trade_weight"": 0.0, ""diff_weight"": -0.0932113560998274, ""gross_amount"": 0.1190029829469115, ""gross_amount_pct_nav"": 0.0932113560998274, ""fee"": 3.5700894884073447e-05, ""fee_pct_nav"": 2.7963406829948222e-05, ""name"": ""翰森制药""}, {""ts_code"": ""03998.HK"", ""side"": ""buy"", ""current_weight"": 0.0, ""target_weight"": 0.08352684190972187, ""post_trade_weight"": 0.08355614973262017, ""diff_weight"": 0.08352684190972187, ""gross_amount"": 0.1066387590450517, ""gross_amount_pct_nav"": 0.08352684190972187, ""fee"": 3.1991627713515504e-05, ""fee_pct_nav"": 2.5058052572916557e-05, ""name"": ""波司登""}]"
2024-01-02,0.35088814,0.70177628,0.45229545,0.44670232,0.00026970,0.00013569,0.00013401,0.00000000,rebalance,"[{""ts_code"": ""00019.HK"", ""side"": ""sell"", ""current_weight"": 0.07552669756171225, ""target_weight"": 0.0, ""post_trade_weight"": 0.0, ""diff_weight"": -0.07552669756171225, ""gross_amount"": 0.09675210568094719, ""gross_amount_pct_nav"": 0.07552669756171225, ""fee"": 2.9025631704284155e-05, ""fee_pct_nav"": 2.2658009268513673e-05, ""name"": ""太古股份公司A""}, {""ts_code"": ""00087.HK"", ""side"": ""sell"", ""current_weight"": 0.06735531110114808, ""target_weight"": 0.0, ""post_trade_weight"": 0.0, ""diff_weight"": -0.06735531110114808, ""gross_amount"": 0.08628429930365426, ""gross_amount_pct_nav"": 0.06735531110114808, ""fee"": 2.5885289791096278e-05, ""fee_pct_nav"": 2.0206593330344423e-05, ""name"": ""太古股份公司B""}, {""ts_code"": ""00288.HK"", ""side"": ""buy"", ""current_weight"": 0.10412490028293075, ""target_weight"": 0.119994988372689, ""post_trade_weight"": 0.12002025658338959, ""diff_weight"": 0.015870088089758254, ""gross_amount"": 0.020330088426964738, ""gross_amount_pct_nav"": 0.015870088089758254, ""fee"": 6.0990265280894205e-06, ""fee_pct_nav"": 4.761026426927475e-06, ""name"": ""万洲国际""}, {""ts_code"": ""00570.HK"", ""side"": ""sell"", ""current_weight"": 0.08264892227117096, ""target_weight"": 0.0, ""post_trade_weight"": 0.0, ""diff_weight"": -0.08264892227117096, ""gross_amount"": 0.10587590243122814, ""gross_amount_pct_nav"": 0.08264892227117096, ""fee"": 3.176277072936844e-05, ""fee_pct_nav"": 2.4794676681351286e-05, ""name"": ""中国中药""}, {""ts_code"": ""00598.HK"", ""side"": ""buy"", ""current_weight"": 0.0, ""target_weight"": 0.06733895971969468, ""post_trade_weight"": 0.06735313977042538, ""diff_weight"": 0.06733895971969468, ""gross_amount"": 0.0862633526630956, ""gross_amount_pct_nav"": 0.06733895971969468, ""fee"": 2.5879005798928677e-05, ""fee_pct_nav"": 2.0201687915908403e-05, ""name"": ""中国外运""}, {""ts_code"": ""00992.HK"", ""side"": ""buy"", ""current_weight"": 0.0, ""target_weight"": 0.12404545211522701, ""post_trade_weight"": 0.1240715732613099, ""diff_weight"": 0.12404545211522701, ""gross_amount"": 0.15890617595833395, ""gross_amount_pct_nav"": 0.12404545211522701, ""fee"": 4.767185278750018e-05, ""fee_pct_nav"": 3.7213635634568097e-05, ""name"": ""联想集团""}, {""ts_code"": ""01093.HK"", ""side"": ""buy"", ""current_weight"": 0.0, ""target_weight"": 0.0926543581105573, ""post_trade_weight"": 0.09267386900742738, ""diff_weight"": 0.0926543581105573, ""gross_amount"": 0.11869318449132699, ""gross_amount_pct_nav"": 0.0926543581105573, ""fee"": 3.5607955347398094e-05, ""fee_pct_nav"": 2.7796307433167194e-05, ""name"": ""石药集团""}, {""ts_code"": ""01114.HK"", ""side"": ""buy"", ""current_weight"": 0.0, ""target_weight"": 0.05316233662081159, ""post_trade_weight"": 0.05317353139770425, ""diff_weight"": 0.05316233662081159, ""gross_amount"": 0.06810264683928599, ""gross_amount_pct_nav"": 0.05316233662081159, ""fee"": 2.0430794051785797e-05, ""fee_pct_nav"": 1.5948700986243475e-05, ""name"": ""BRILLIANCE CHI""}, {""ts_code"": ""02018.HK"", ""side"": ""sell"", ""current_weight"": 0.09637795592083034, ""target_weight"": 0.08050296688294323, ""post_trade_weight"": 0.08051991897366641, ""diff_weight"": -0.015874989037887106, ""gross_amount"": 0.02033636669765057, ""gross_amount_pct_nav"": 0.015874989037887106, ""fee"": 6.10091000929517e-06, ""fee_pct_nav"": 4.762496711366131e-06, ""name"": ""瑞声科技""}, {""ts_code"": ""02588.HK"", ""side"": ""sell"", ""current_weight"": 0.05102212512236555, ""target_weight"": 0.0, ""post_trade_weight"": 0.0, ""diff_weight"": -0.05102212512236555, ""gross_amount"": 0.06536096772763102, ""gross_amount_pct_nav"": 0.05102212512236555, ""fee"": 1.9608290318289302e-05, ""fee_pct_nav"": 1.5306637536709662e-05, ""name"": ""中银航空租赁""}, {""ts_code"": ""03360.HK"", ""side"": ""sell"", ""current_weight"": 0.08113840130893465, ""target_weight"": 0.04303617726446652, ""post_trade_weight"": 0.043045239702903436, ""diff_weight"": -0.03810222404446813, ""gross_amount"": 0.04881016284893594, ""gross_amount_pct_nav"": 0.03810222404446813, ""fee"": 1.464304885468078e-05, ""fee_pct_nav"": 1.1430667213340439e-05, ""name"": ""远东宏信""}, {""ts_code"": ""03998.HK"", ""side"": ""sell"", ""current_weight"": 0.08348854248900493, ""target_weight"": 0.06531372784842564, ""post_trade_weight"": 0.0653274814314652, ""diff_weight"": -0.018174814640579285, ""gross_amount"": 0.023282516561777863, ""gross_amount_pct_nav"": 0.018174814640579285, ""fee"": 6.984754968533359e-06, ""fee_pct_nav"": 5.452444392173785e-06, ""name"": ""波司登""}]"
2024-01-15,0.37630050,0.75260099,0.00000000,0.95277217,0.00028583,0.00000000,0.00028583,0.00000000,rebalance,"[{""ts_code"": ""00004.HK"", ""side"": ""sell"", ""current_weight"": 0.10645157354212927, ""target_weight"": 0.0, ""post_trade_weight"": 0.0, ""diff_weight"": -0.10645157354212927, ""gross_amount"": 0.13476476547539384, ""gross_amount_pct_nav"": 0.10645157354212927, ""fee"": 4.042942964261815e-05, ""fee_pct_nav"": 3.1935472062638774e-05, ""name"": ""九龙仓集团""}, {""ts_code"": ""00288.HK"", ""side"": ""sell"", ""current_weight"": 0.12397864708461759, ""target_weight"": 0.0, ""post_trade_weight"": 0.0, ""diff_weight"": -0.12397864708461759, ""gross_amount"": 0.1569535587156236, ""gross_amount_pct_nav"": 0.12397864708461759, ""fee"": 4.708606761468708e-05, ""fee_pct_nav"": 3.719359412538528e-05, ""name"": ""万洲国际""}, {""ts_code"": ""00598.HK"", ""side"": ""sell"", ""current_weight"": 0.07160106775118555, ""target_weight"": 0.0, ""post_trade_weight"": 0.0, ""diff_weight"": -0.07160106775118555, ""gross_amount"": 0.0906449832745544, ""gross_amount_pct_nav"": 0.07160106775118555, ""fee"": 2.719349498236632e-05, ""fee_pct_nav"": 2.148032032535566e-05, ""name"": ""中国外运""}, {""ts_code"": ""00992.HK"", ""side"": ""sell"", ""current_weight"": 0.11960880973717843, ""target_weight"": 0.0, ""post_trade_weight"": 0.0, ""diff_weight"": -0.11960880973717843, ""gross_amount"": 0.15142146477189067, ""gross_amount_pct_nav"": 0.11960880973717843, ""fee"": 4.54264394315672e-05, ""fee_pct_nav"": 3.588264292115353e-05, ""name"": ""联想集团""}, {""ts_code"": ""01093.HK"", ""side"": ""sell"", ""current_weight"": 0.08319052676561367, ""target_weight"": 0.0, ""post_trade_weight"": 0.0, ""diff_weight"": -0.08319052676561367, ""gross_amount"": 0.10531691976263251, ""gross_amount_pct_nav"": 0.08319052676561367, ""fee"": 3.159507592878975e-05, ""fee_pct_nav"": 2.49571580296841e-05, ""name"": ""石药集团""}, {""ts_code"": ""01114.HK"", ""side"": ""sell"", ""current_weight"": 0.05969902754386484, ""target_weight"": 0.0, ""post_trade_weight"": 0.0, ""diff_weight"": -0.05969902754386484, ""gross_amount"": 0.07557732758993933, ""gross_amount_pct_nav"": 0.05969902754386484, ""fee"": 2.26731982769818e-05, ""fee_pct_nav"": 1.790970826315945e-05, ""name"": ""BRILLIANCE CHI""}, {""ts_code"": ""02018.HK"", ""side"": ""sell"", ""current_weight"": 0.07710828615577292, ""target_weight"": 0.0, ""post_trade_weight"": 0.0, ""diff_weight"": -0.07710828615577292, ""gross_amount"": 0.09761697036709152, ""gross_amount_pct_nav"": 0.07710828615577292, ""fee"": 2.9285091110127453e-05, ""fee_pct_nav"": 2.3132485846731876e-05, ""name"": ""瑞声科技""}, {""ts_code"": ""03360.HK"", ""side"": ""sell"", ""current_weight"": 0.0421669230784857, ""target_weight"": 0.0, ""post_trade_weight"": 0.0, ""diff_weight"": -0.0421669230784857, ""gross_amount"": 0.05338216533964288, ""gross_amount_pct_nav"": 0.0421669230784857, ""fee"": 1.6014649601892862e-05, ""fee_pct_nav"": 1.265007692354571e-05, ""name"": ""远东宏信""}, {""ts_code"": ""03998.HK"", ""side"": ""sell"", ""current_weight"": 0.0687961318301262, ""target_weight"": 0.0, ""post_trade_weight"": 0.0, ""diff_weight"": -0.0687961318301262, ""gross_amount"": 0.08709401151343271, ""gross_amount_pct_nav"": 0.0687961318301262, ""fee"": 2.6128203454029812e-05, ""fee_pct_nav"": 2.063883954903786e-05, ""name"": ""波司登""}]"
2024-01-29,0.00000000,0.00000000,0.00000000,0.00000000,0.00000000,0.00000000,0.00000000,0.00000000,rebalance,
2024-02-14,0.00000000,0.00000000,0.00000000,0.00000000,0.00000000,0.00000000,0.00000000,0.00000000,rebalance,
2024-02-26,0.00000000,0.00000000,0.00000000,0.00000000,0.00000000,0.00000000,0.00000000,0.00000000,rebalance,
2024-03-11,0.00000000,0.00000000,0.00000000,0.00000000,0.00000000,0.00000000,0.00000000,0.00000000,rebalance,
2024-03-25,0.37491564,0.74983129,0.94905147,0.00000000,0.00028472,0.00028472,0.00000000,0.00000000,rebalance,"[{""ts_code"": ""00522.HK"", ""side"": ""buy"", ""current_weight"": 0.0, ""target_weight"": 0.050594676803779645, ""post_trade_weight"": 0.05060606060606049, ""diff_weight"": 0.050594676803779645, ""gross_amount"": 0.06403700829517452, ""gross_amount_pct_nav"": 0.050594676803779645, ""fee"": 1.9211102488552353e-05, ""fee_pct_nav"": 1.5178403041133892e-05, ""name"": ""ASMPT""}, {""ts_code"": ""00570.HK"", ""side"": ""buy"", ""current_weight"": 0.0, ""target_weight"": 0.048170979711383004, ""post_trade_weight"": 0.04818181818181806, ""diff_weight"": 0.048170979711383004, ""gross_amount"": 0.060969367179237996, ""gross_amount_pct_nav"": 0.048170979711383004, ""fee"": 1.8290810153771396e-05, ""fee_pct_nav"": 1.4451293913414898e-05, ""name"": ""中国中药""}, {""ts_code"": ""00780.HK"", ""side"": ""buy"", ""current_weight"": 0.0, ""target_weight"": 0.11118710411369535, ""post_trade_weight"": 0.11121212121212092, ""diff_weight"": 0.11118710411369535, ""gross_amount"": 0.14072803619358706, ""gross_amount_pct_nav"": 0.11118710411369535, ""fee"": 4.221841085807612e-05, ""fee_pct_nav"": 3.3356131234108606e-05, ""name"": ""同程旅行""}, {""ts_code"": ""01114.HK"", ""side"": ""buy"", ""current_weight"": 0.0, ""target_weight"": 0.11482264975229033, ""post_trade_weight"": 0.11484848484848457, ""diff_weight"": 0.11482264975229033, ""gross_amount"": 0.14532949786749186, ""gross_amount_pct_nav"": 0.11482264975229033, ""fee"": 4.359884936024755e-05, ""fee_pct_nav"": 3.444679492568709e-05, ""name"": ""BRILLIANCE CHI""}, {""ts_code"": ""01208.HK"", ""side"": ""buy"", ""current_weight"": 0.0, ""target_weight"": 0.04574728261898638, ""post_trade_weight"": 0.04575757575757565, ""diff_weight"": 0.04574728261898638, ""gross_amount"": 0.057901726063301504, ""gross_amount_pct_nav"": 0.04574728261898638, ""fee"": 1.737051781899045e-05, ""fee_pct_nav"": 1.3724184785695913e-05, ""name"": ""五矿资源""}, {""ts_code"": ""02018.HK"", ""side"": ""buy"", ""current_weight"": 0.0, ""target_weight"": 0.08816198173592739, ""post_trade_weight"": 0.08818181818181796, ""diff_weight"": 0.08816198173592739, ""gross_amount"": 0.1115854455921903, ""gross_amount_pct_nav"": 0.08816198173592739, ""fee"": 3.347563367765709e-05, ""fee_pct_nav"": 2.6448594520778214e-05, ""name"": ""瑞声科技""}, {""ts_code"": ""02099.HK"", ""side"": ""buy"", ""current_weight"": 0.0, ""target_weight"": 0.0833145875511341, ""post_trade_weight"": 0.0833333333333331, ""diff_weight"": 0.0833145875511341, ""gross_amount"": 0.10545016336031728, ""gross_amount_pct_nav"": 0.0833145875511341, ""fee"": 3.163504900809518e-05, ""fee_pct_nav"": 2.499437626534023e-05, ""name"": ""中国黄金国际""}, {""ts_code"": ""02282.HK"", ""side"": ""buy"", ""current_weight"": 0.0, ""target_weight"": 0.1172463468446869, ""post_trade_weight"": 0.11727272727272695, ""diff_weight"": 0.1172463468446869, ""gross_amount"": 0.1483971389834283, ""gross_amount_pct_nav"": 0.1172463468446869, ""fee"": 4.4519141695028485e-05, ""fee_pct_nav"": 3.517390405340607e-05, ""name"": ""美高梅中国""}, {""ts_code"": ""02600.HK"", ""side"": ""buy"", ""current_weight"": 0.0, ""target_weight"": 0.09058567882832398, ""post_trade_weight"": 0.09060606060606036, ""diff_weight"": 0.09058567882832398, ""gross_amount"": 0.11465308670812677, ""gross_amount_pct_nav"": 0.09058567882832398, ""fee"": 3.4395926012438027e-05, ""fee_pct_nav"": 2.7175703648497192e-05, ""name"": ""中国铝业""}]"
2024-04-08,0.61527970,1.23055940,0.81807825,0.83868870,0.00049703,0.00024542,0.00025161,0.00000000,rebalance,"[{""ts_code"": ""00358.HK"", ""side"": ""buy"", ""current_weight"": 0.0, ""target_weight"": 0.0844841660765827, ""post_trade_weight"": 0.08451536643025986, ""diff_weight"": 0.0844841660765827, ""gross_amount"": 0.11374548340110058, ""gross_amount_pct_nav"": 0.0844841660765827, ""fee"": 3.412364502033017e-05, ""fee_pct_nav"": 2.5345249822974806e-05, ""name"": ""江西铜业股份""}, {""ts_code"": ""00522.HK"", ""side"": ""sell"", ""current_weight"": 0.05089899572145176, ""target_weight"": 0.0, ""post_trade_weight"": 0.0, ""diff_weight"": -0.05089899572145176, ""gross_amount"": 0.0685279992906484, ""gross_amount_pct_nav"": 0.05089899572145176, ""fee"": 2.0558399787194518e-05, ""fee_pct_nav"": 1.526969871643553e-05, ""name"": ""ASMPT""}, {""ts_code"": ""00570.HK"", ""side"": ""sell"", ""current_weight"": 0.045179771869190664, ""target_weight"": 0.0, ""post_trade_weight"": 0.0, ""diff_weight"": -0.045179771869190664, ""gross_amount"": 0.06082790693056226, ""gross_amount_pct_nav"": 0.045179771869190664, ""fee"": 1.8248372079168676e-05, ""fee_pct_nav"": 1.35539315607572e-05, ""name"": ""中国中药""}, {""ts_code"": ""00780.HK"", ""side"": ""sell"", ""current_weight"": 0.10662008511541331, ""target_weight"": 0.0, ""post_trade_weight"": 0.0, ""diff_weight"": -0.10662008511541331, ""gross_amount"": 0.14354823731971106, ""gross_amount_pct_nav"": 0.10662008511541331, ""fee"": 4.3064471195913315e-05, ""fee_pct_nav"": 3.198602553462399e-05, ""name"": ""同程旅行""}, {""ts_code"": ""00921.HK"", ""side"": ""buy"", ""current_weight"": 0.0, ""target_weight"": 0.07818231685874906, ""post_trade_weight"": 0.07821118991331744, ""diff_weight"": 0.07818231685874906, ""gross_amount"": 0.10526097181873414, ""gross_amount_pct_nav"": 0.07818231685874906, ""fee"": 3.157829154562024e-05, ""fee_pct_nav"": 2.3454695057624716e-05, ""name"": ""海信家电""}, {""ts_code"": ""00956.HK"", ""side"": ""buy"", ""current_weight"": 0.0, ""target_weight"": 0.0821209726198951, ""post_trade_weight"": 0.08215130023640646, ""diff_weight"": 0.0821209726198951, ""gross_amount"": 0.11056379155771318, ""gross_amount_pct_nav"": 0.0821209726198951, ""fee"": 3.316913746731395e-05, ""fee_pct_nav"": 2.4636291785968525e-05, ""name"": ""新天绿色能源""}, {""ts_code"": ""01114.HK"", ""side"": ""sell"", ""current_weight"": 0.1333414910704463, ""target_weight"": 0.08881668741384338, ""post_trade_weight"": 0.08884948778565784, ""diff_weight"": -0.04452480365660291, ""gross_amount"": 0.05994608872233592, ""gross_amount_pct_nav"": 0.04452480365660291, ""fee"": 1.7983826616700775e-05, ""fee_pct_nav"": 1.3357441096980874e-05, ""name"": ""BRILLIANCE CHI""}, {""ts_code"": ""01208.HK"", ""side"": ""buy"", ""current_weight"": 0.05328091518123999, ""target_weight"": 0.08802895626161417, ""post_trade_weight"": 0.08806146572104002, ""diff_weight"": 0.03474804108037418, ""gross_amount"": 0.04678311822768878, ""gross_amount_pct_nav"": 0.03474804108037418, ""fee"": 1.4034935468306633e-05, ""fee_pct_nav"": 1.0424412324112254e-05, ""name"": ""五矿资源""}, {""ts_code"": ""01378.HK"", ""side"": ""buy"", ""current_weight"": 0.0, ""target_weight"": 0.0825148381960097, ""post_trade_weight"": 0.08254531126871537, ""diff_weight"": 0.0825148381960097, ""gross_amount"": 0.11109407353161109, ""gross_amount_pct_nav"": 0.0825148381960097, ""fee"": 3.3328222059483326e-05, ""fee_pct_nav"": 2.475445145880291e-05, ""name"": ""中国宏桥""}, {""ts_code"": ""02018.HK"", ""side"": ""sell"", ""current_weight"": 0.08851975696929287, ""target_weight"": 0.0, ""post_trade_weight"": 0.0, ""diff_weight"": -0.08851975696929287, ""gross_amount"": 0.11917881201423146, ""gross_amount_pct_nav"": 0.08851975696929287, ""fee"": 3.5753643604269436e-05, ""fee_pct_nav"": 2.6555927090787863e-05, ""name"": ""瑞声科技""}, {""ts_code"": ""02039.HK"", ""side"": ""buy"", ""current_weight"": 0.0, ""target_weight"": 0.07897004801097825, ""post_trade_weight"": 0.07899921197793522, ""diff_weight"": 0.07897004801097825, ""gross_amount"": 0.10632153576652993, ""gross_amount_pct_nav"": 0.07897004801097825, ""fee"": 3.189646072995898e-05, ""fee_pct_nav"": 2.3691014403293476e-05, ""name"": ""中集集团""}, {""ts_code"": ""02099.HK"", ""side"": ""sell"", ""current_weight"": 0.08262541547458273, ""target_weight"": 0.0, ""post_trade_weight"": 0.0, ""diff_weight"": -0.08262541547458273, ""gross_amount"": 0.11124294954694709, ""gross_amount_pct_nav"": 0.08262541547458273, ""fee"": 3.3372884864084123e-05, ""fee_pct_nav"": 2.4787624642374814e-05, ""name"": ""中国黄金国际""}, {""ts_code"": ""02282.HK"", ""side"": ""sell"", ""current_weight"": 0.1169686977792244, ""target_weight"": 0.0, ""post_trade_weight"": 0.0, ""diff_weight"": -0.1169686977792244, ""gross_amount"": 0.1574811197122404, ""gross_amount_pct_nav"": 0.1169686977792244, ""fee"": 4.724433591367212e-05, ""fee_pct_nav"": 3.509060933376732e-05, ""name"": ""美高梅中国""}, {""ts_code"": ""02600.HK"", ""side"": ""sell"", ""current_weight"": 0.08759635564601718, ""target_weight"": 0.0, ""post_trade_weight"": 0.0, ""diff_weight"": -0.08759635564601718, ""gross_amount"": 0.11793558816807312, ""gross_amount_pct_nav"": 0.08759635564601718, ""fee"": 3.538067645042193e-05, ""fee_pct_nav"": 2.6278906693805154e-05, ""name"": ""中国铝业""}, {""ts_code"": ""03808.HK"", ""side"": ""buy"", ""current_weight"": 0.0, ""target_weight"": 0.0746375266737176, ""post_trade_weight"": 0.07466509062253729, ""diff_weight"": 0.0746375266737176, ""gross_amount"": 0.10048843405365299, ""gross_amount_pct_nav"": 0.0746375266737176, ""fee"": 3.0146530216095895e-05, ""fee_pct_nav"": 2.239125800211528e-05, ""name"": ""中国重汽""}, {""ts_code"": ""03993.HK"", ""side"": ""buy"", ""current_weight"": 0.0, ""target_weight"": 0.0919676120227602, ""post_trade_weight"": 0.09200157604412905, ""diff_weight"": 0.0919676120227602, ""gross_amount"": 0.12382084090516078, ""gross_amount_pct_nav"": 0.0919676120227602, ""fee"": 3.714625227154823e-05, ""fee_pct_nav"": 2.7590283606828053e-05, ""name"": ""洛阳钼业""}]"
2024-04-22,0.37430362,0.74860724,0.00000000,1.00193546,0.00030058,0.00000000,0.00030058,0.00000000,rebalance,"[{""ts_code"": ""00358.HK"", ""side"": ""sell"", ""current_weight"": 0.08629456038862839, ""target_weight"": 0.0, ""post_trade_weight"": 0.0, ""diff_weight"": -0.08629456038862839, ""gross_amount"": 0.11549658522052851, ""gross_amount_pct_nav"": 0.08629456038862839, ""fee"": 3.464897556615855e-05, ""fee_pct_nav"": 2.5888368116588512e-05, ""name"": ""江西铜业股份""}, {""ts_code"": ""00921.HK"", ""side"": ""sell"", ""current_weight"": 0.08393359571217038, ""target_weight"": 0.0, ""post_trade_weight"": 0.0, ""diff_weight"": -0.08393359571217038, ""gross_amount"": 0.11233667158600556, ""gross_amount_pct_nav"": 0.08393359571217038, ""fee"": 3.370100147580167e-05, ""fee_pct_nav"": 2.518007871365111e-05, ""name"": ""海信家电""}, {""ts_code"": ""00956.HK"", ""side"": ""sell"", ""current_weight"": 0.08017929309901765, ""target_weight"": 0.0, ""post_trade_weight"": 0.0, ""diff_weight"": -0.08017929309901765, ""gross_amount"": 0.10731191533542751, ""gross_amount_pct_nav"": 0.08017929309901765, ""fee"": 3.219357460062825e-05, ""fee_pct_nav"": 2.4053787929705292e-05, ""name"": ""新天绿色能源""}, {""ts_code"": ""01114.HK"", ""side"": ""sell"", ""current_weight"": 0.09261716337156986, ""target_weight"": 0.0, ""post_trade_weight"": 0.0, ""diff_weight"": -0.09261716337156986, ""gross_amount"": 0.1239587530668705, ""gross_amount_pct_nav"": 0.09261716337156986, ""fee"": 3.7187625920061144e-05, ""fee_pct_nav"": 2.7785149011470954e-05, ""name"": ""BRILLIANCE CHI""}, {""ts_code"": ""01208.HK"", ""side"": ""sell"", ""current_weight"": 0.08538077402472805, ""target_weight"": 0.0, ""post_trade_weight"": 0.0, ""diff_weight"": -0.08538077402472805, ""gross_amount"": 0.1142735741271725, ""gross_amount_pct_nav"": 0.08538077402472805, ""fee"": 3.428207223815175e-05, ""fee_pct_nav"": 2.5614232207418413e-05, ""name"": ""五矿资源""}, {""ts_code"": ""01378.HK"", ""side"": ""sell"", ""current_weight"": 0.08283134190544877, ""target_weight"": 0.0, ""post_trade_weight"": 0.0, ""diff_weight"": -0.08283134190544877, ""gross_amount"": 0.11086141578599515, ""gross_amount_pct_nav"": 0.08283134190544877, ""fee"": 3.325842473579854e-05, ""fee_pct_nav"": 2.484940257163463e-05, ""name"": ""中国宏桥""}, {""ts_code"": ""02039.HK"", ""side"": ""sell"", ""current_weight"": 0.07425604519214414, ""target_weight"": 0.0, ""post_trade_weight"": 0.0, ""diff_weight"": -0.07425604519214414, ""gross_amount"": 0.09938424407112514, ""gross_amount_pct_nav"": 0.07425604519214414, ""fee"": 2.981527322133754e-05, ""fee_pct_nav"": 2.227681355764324e-05, ""name"": ""中集集团""}, {""ts_code"": ""03808.HK"", ""side"": ""sell"", ""current_weight"": 0.07125834000764937, ""target_weight"": 0.0, ""post_trade_weight"": 0.0, ""diff_weight"": -0.07125834000764937, ""gross_amount"": 0.09537211734207302, ""gross_amount_pct_nav"": 0.07125834000764937, ""fee"": 2.8611635202621904e-05, ""fee_pct_nav"": 2.137750200229481e-05, ""name"": ""中国重汽""}, {""ts_code"": ""03993.HK"", ""side"": ""sell"", ""current_weight"": 0.09185612559446188, ""target_weight"": 0.0, ""post_trade_weight"": 0.0, ""diff_weight"": -0.09185612559446188, ""gross_amount"": 0.12294018058577844, ""gross_amount_pct_nav"": 0.09185612559446188, ""fee"": 3.688205417573353e-05, ""fee_pct_nav"": 2.7556837678338565e-05, ""name"": ""洛阳钼业""}]"
2024-05-06,0.37491564,0.74983129,1.00334834,0.00000000,0.00030100,0.00030100,0.00000000,0.00000000,rebalance,"[{""ts_code"": ""00921.HK"", ""side"": ""buy"", ""current_weight"": 0.0, ""target_weight"": 0.10085957445805503, ""post_trade_weight"": 0.10088226786230808, ""diff_weight"": 0.10085957445805503, ""gross_amount"": 0.1349600744335181, ""gross_amount_pct_nav"": 0.10085957445805503, ""fee"": 4.0488022330055424e-05, ""fee_pct_nav"": 3.0257872337416503e-05, ""name"": ""海信家电""}, {""ts_code"": ""01114.HK"", ""side"": ""buy"", ""current_weight"": 0.0, ""target_weight"": 0.04620019217110909, ""post_trade_weight"": 0.04621058721434759, ""diff_weight"": 0.04620019217110909, ""gross_amount"": 0.06182042119212767, ""gross_amount_pct_nav"": 0.04620019217110909, ""fee"": 1.85461263576383e-05, ""fee_pct_nav"": 1.3860057651332728e-05, ""name"": ""BRILLIANCE CHI""}, {""ts_code"": ""01258.HK"", ""side"": ""buy"", ""current_weight"": 0.0, ""target_weight"": 0.06268476778145787, ""post_trade_weight"": 0.06269887185420871, ""diff_weight"": 0.06268476778145787, ""gross_amount"": 0.08387841185222955, ""gross_amount_pct_nav"": 0.06268476778145787, ""fee"": 2.5163523555668864e-05, ""fee_pct_nav"": 1.8805430334437363e-05, ""name"": ""中国有色矿业""}, {""ts_code"": ""01308.HK"", ""side"": ""buy"", ""current_weight"": 0.0, ""target_weight"": 0.07916934339180665, ""post_trade_weight"": 0.07918715649406981, ""diff_weight"": 0.07916934339180665, ""gross_amount"": 0.10593640251233143, ""gross_amount_pct_nav"": 0.07916934339180665, ""fee"": 3.1780920753699424e-05, ""fee_pct_nav"": 2.3750803017541993e-05, ""name"": ""海丰国际""}, {""ts_code"": ""01378.HK"", ""side"": ""buy"", ""current_weight"": 0.0, ""target_weight"": 0.10780044839925454, ""post_trade_weight"": 0.10782470350014438, ""diff_weight"": 0.10780044839925454, ""gross_amount"": 0.14424764944829788, ""gross_amount_pct_nav"": 0.10780044839925454, ""fee"": 4.327429483448936e-05, ""fee_pct_nav"": 3.234013451977636e-05, ""name"": ""中国宏桥""}, {""ts_code"": ""02282.HK"", ""side"": ""buy"", ""current_weight"": 0.0, ""target_weight"": 0.07222846945060717, ""post_trade_weight"": 0.07224472085623355, ""diff_weight"": 0.07222846945060717, ""gross_amount"": 0.0966488274975517, ""gross_amount_pct_nav"": 0.07222846945060717, ""fee"": 2.8994648249265506e-05, ""fee_pct_nav"": 2.166854083518215e-05, ""name"": ""美高梅中国""}, {""ts_code"": ""02343.HK"", ""side"": ""buy"", ""current_weight"": 0.0, ""target_weight"": 0.0756989064212069, ""post_trade_weight"": 0.07571593867515167, ""diff_weight"": 0.0756989064212069, ""gross_amount"": 0.10129261500494155, ""gross_amount_pct_nav"": 0.0756989064212069, ""fee"": 3.0387784501482462e-05, ""fee_pct_nav"": 2.2709671926362066e-05, ""name"": ""太平洋航运""}, {""ts_code"": ""02367.HK"", ""side"": ""buy"", ""current_weight"": 0.0, ""target_weight"": 0.09305109127420562, ""post_trade_weight"": 0.09307202776974231, ""diff_weight"": 0.09305109127420562, ""gross_amount"": 0.1245115525418909, ""gross_amount_pct_nav"": 0.09305109127420562, ""fee"": 3.735346576256727e-05, ""fee_pct_nav"": 2.7915327382261684e-05, ""name"": ""巨子生物""}, {""ts_code"": ""09992.HK"", ""side"": ""buy"", ""current_weight"": 0.0, ""target_weight"": 0.1121384946125042, ""post_trade_weight"": 0.11216372577379202, ""diff_weight"": 0.1121384946125042, ""gross_amount"": 0.1500523838325352, ""gross_amount_pct_nav"": 0.1121384946125042, ""fee"": 4.501571514976055e-05, ""fee_pct_nav"": 3.3641548383751256e-05, ""name"": ""泡泡玛特""}]"
2024-05-20,0.50688883,1.01377766,0.69620828,0.70847255,0.00042140,0.00020886,0.00021254,0.00000000,rebalance,"[{""ts_code"": ""00220.HK"", ""side"": ""buy"", ""current_weight"": 0.0, ""target_weight"": 0.06922980958428308, ""post_trade_weight"": 0.06925087108013933, ""diff_weight"": 0.06922980958428308, ""gross_amount"": 0.09592417560904647, ""gross_amount_pct_nav"": 0.06922980958428308, ""fee"": 2.8777252682713938e-05, ""fee_pct_nav"": 2.0768942875284923e-05, ""name"": ""统一企业中国""}, {""ts_code"": ""00358.HK"", ""side"": ""buy"", ""current_weight"": 0.0, ""target_weight"": 0.08947626333063005, ""post_trade_weight"": 0.08950348432055746, ""diff_weight"": 0.08947626333063005, ""gross_amount"": 0.12397747224942801, ""gross_amount_pct_nav"": 0.08947626333063005, ""fee"": 3.71932416748284e-05, ""fee_pct_nav"": 2.684287899918901e-05, ""name"": ""江西铜业股份""}, {""ts_code"": ""00921.HK"", ""side"": ""sell"", ""current_weight"": 0.09958364249621397, ""target_weight"": 0.0, ""post_trade_weight"": 0.0, ""diff_weight"": -0.09958364249621397, ""gross_amount"": 0.13798216213444542, ""gross_amount_pct_nav"": 0.09958364249621397, ""fee"": 4.139464864033362e-05, ""fee_pct_nav"": 2.987509274886419e-05, ""name"": ""海信家电""}, {""ts_code"": ""01114.HK"", ""side"": ""sell"", ""current_weight"": 0.04561767116901561, ""target_weight"": 0.0, ""post_trade_weight"": 0.0, ""diff_weight"": -0.04561767116901561, ""gross_amount"": 0.06320741782143822, ""gross_amount_pct_nav"": 0.04561767116901561, ""fee"": 1.8962225346431466e-05, ""fee_pct_nav"": 1.3685301350704682e-05, ""name"": ""BRILLIANCE CHI""}, {""ts_code"": ""01208.HK"", ""side"": ""buy"", ""current_weight"": 0.0, ""target_weight"": 0.10057915732056223, ""post_trade_weight"": 0.10060975609756093, ""diff_weight"": 0.10057915732056223, ""gross_amount"": 0.13936153814899205, ""gross_amount_pct_nav"": 0.10057915732056223, ""fee"": 4.180846144469761e-05, ""fee_pct_nav"": 3.0173747196168664e-05, ""name"": ""五矿资源""}, {""ts_code"": ""01258.HK"", ""side"": ""buy"", ""current_weight"": 0.0742341901761979, ""target_weight"": 0.09404804320883742, ""post_trade_weight"": 0.09407665505226477, ""diff_weight"": 0.019813853032639515, ""gross_amount"": 0.027453889144109983, ""gross_amount_pct_nav"": 0.019813853032639515, ""fee"": 8.236166743232994e-06, ""fee_pct_nav"": 5.944155909791854e-06, ""name"": ""中国有色矿业""}, {""ts_code"": ""01308.HK"", ""side"": ""sell"", ""current_weight"": 0.082962647053477, ""target_weight"": 0.07249536664014548, ""post_trade_weight"": 0.0725174216027874, ""diff_weight"": -0.010467280413331524, ""gross_amount"": 0.014503365682309977, ""gross_amount_pct_nav"": 0.010467280413331524, ""fee"": 4.351009704692992e-06, ""fee_pct_nav"": 3.1401841239994567e-06, ""name"": ""海丰国际""}, {""ts_code"": ""01378.HK"", ""side"": ""sell"", ""current_weight"": 0.11142255750032119, ""target_weight"": 0.1005791573205622, ""post_trade_weight"": 0.10060975609756091, ""diff_weight"": -0.010843400179758982, ""gross_amount"": 0.015024513707148857, ""gross_amount_pct_nav"": 0.010843400179758982, ""fee"": 4.507354112144657e-06, ""fee_pct_nav"": 3.2530200539276944e-06, ""name"": ""中国宏桥""}, {""ts_code"": ""01818.HK"", ""side"": ""buy"", ""current_weight"": 0.0, ""target_weight"": 0.09927293449821725, ""post_trade_weight"": 0.09930313588850169, ""diff_weight"": 0.09927293449821725, ""gross_amount"": 0.13755164804316097, ""gross_amount_pct_nav"": 0.09927293449821725, ""fee"": 4.126549441294829e-05, ""fee_pct_nav"": 2.9781880349465176e-05, ""name"": ""招金矿业""}, {""ts_code"": ""01999.HK"", ""side"": ""buy"", ""current_weight"": 0.0, ""target_weight"": 0.04963646724910864, ""post_trade_weight"": 0.04965156794425086, ""diff_weight"": 0.04963646724910864, ""gross_amount"": 0.0687758240215805, ""gross_amount_pct_nav"": 0.04963646724910864, ""fee"": 2.063274720647415e-05, ""fee_pct_nav"": 1.489094017473259e-05, ""name"": ""敏华控股""}, {""ts_code"": ""02099.HK"", ""side"": ""buy"", ""current_weight"": 0.0, ""target_weight"": 0.07445470087366295, ""post_trade_weight"": 0.07447735191637628, ""diff_weight"": 0.07445470087366295, ""gross_amount"": 0.10316373603237074, ""gross_amount_pct_nav"": 0.07445470087366295, ""fee"": 3.094912080971122e-05, ""fee_pct_nav"": 2.233641026209888e-05, ""name"": ""中国黄金国际""}, {""ts_code"": ""02282.HK"", ""side"": ""sell"", ""current_weight"": 0.07013977900613518, ""target_weight"": 0.0, ""post_trade_weight"": 0.0, ""diff_weight"": -0.07013977900613518, ""gross_amount"": 0.09718502071529125, ""gross_amount_pct_nav"": 0.07013977900613518, ""fee"": 2.9155506214587373e-05, ""fee_pct_nav"": 2.104193370184055e-05, ""name"": ""美高梅中国""}, {""ts_code"": ""02343.HK"", ""side"": ""sell"", ""current_weight"": 0.07679908834610716, ""target_weight"": 0.0, ""post_trade_weight"": 0.0, ""diff_weight"": -0.07679908834610716, ""gross_amount"": 0.1064120973517617, ""gross_amount_pct_nav"": 0.07679908834610716, ""fee"": 3.1923629205528506e-05, ""fee_pct_nav"": 2.3039726503832145e-05, ""name"": ""太平洋航运""}, {""ts_code"": ""02367.HK"", ""side"": ""sell"", ""current_weight"": 0.08562961053684522, ""target_weight"": 0.0, ""post_trade_weight"": 0.0, ""diff_weight"": -0.08562961053684522, ""gross_amount"": 0.11864758617414095, ""gross_amount_pct_nav"": 0.08562961053684522, ""fee"": 3.5594275852242285e-05, ""fee_pct_nav"": 2.5688883161053565e-05, ""name"": ""巨子生物""}, {""ts_code"": ""09992.HK"", ""side"": ""sell"", ""current_weight"": 0.11223400414272545, ""target_weight"": 0.0, ""post_trade_weight"": 0.0, ""diff_weight"": -0.11223400414272545, ""gross_amount"": 0.1555103847221528, ""gross_amount_pct_nav"": 0.11223400414272545, ""fee"": 4.665311541664584e-05, ""fee_pct_nav"": 3.367020124281763e-05, ""name"": ""泡泡玛特""}]"
2024-06-03,0.32807378,0.65614755,0.60509900,0.25332859,0.00025753,0.00018153,0.00007600,0.00000000,rebalance,"[{""ts_code"": ""00220.HK"", ""side"": ""sell"", ""current_weight"": 0.06870450079229043, ""target_weight"": 0.0, ""post_trade_weight"": 0.0, ""diff_weight"": -0.06870450079229043, ""gross_amount"": 0.08988502546089273, ""gross_amount_pct_nav"": 0.06870450079229043, ""fee"": 2.6965507638267817e-05, ""fee_pct_nav"": 2.061135023768713e-05, ""name"": ""统一企业中国""}, {""ts_code"": ""00921.HK"", ""side"": ""buy"", ""current_weight"": 0.0, ""target_weight"": 0.09758906044985517, ""post_trade_weight"": 0.09760827407886201, ""diff_weight"": 0.09758906044985517, ""gross_amount"": 0.12767424378439185, ""gross_amount_pct_nav"": 0.09758906044985517, ""fee"": 3.830227313531755e-05, ""fee_pct_nav"": 2.927671813495655e-05, ""name"": ""海信家电""}, {""ts_code"": ""01072.HK"", ""side"": ""buy"", ""current_weight"": 0.0, ""target_weight"": 0.08466335707901343, ""post_trade_weight"": 0.0846800258564962, ""diff_weight"": 0.08466335707901343, ""gross_amount"": 0.1107637479189095, ""gross_amount_pct_nav"": 0.08466335707901343, ""fee"": 3.322912437567285e-05, ""fee_pct_nav"": 2.539900712370403e-05, ""name"": ""东方电气""}, {""ts_code"": ""01208.HK"", ""side"": ""buy"", ""current_weight"": 0.0933042556423189, ""target_weight"": 0.10792962314652857, ""post_trade_weight"": 0.10795087265675468, ""diff_weight"": 0.01462536750420967, ""gross_amount"": 0.019134139908317555, ""gross_amount_pct_nav"": 0.01462536750420967, ""fee"": 5.740241972495266e-06, ""fee_pct_nav"": 4.3876102512629006e-06, ""name"": ""五矿资源""}, {""ts_code"": ""01258.HK"", ""side"": ""buy"", ""current_weight"": 0.08264870192049525, ""target_weight"": 0.09500391977568681, ""post_trade_weight"": 0.09502262443438884, ""diff_weight"": 0.01235521785519156, ""gross_amount"": 0.01616413857435943, ""gross_amount_pct_nav"": 0.01235521785519156, ""fee"": 4.849241572307828e-06, ""fee_pct_nav"": 3.7065653565574674e-06, ""name"": ""中国有色矿业""}, {""ts_code"": ""01308.HK"", ""side"": ""sell"", ""current_weight"": 0.07677910257320036, ""target_weight"": 0.0, ""post_trade_weight"": 0.0, ""diff_weight"": -0.07677910257320036, ""gross_amount"": 0.1004489008736241, ""gross_amount_pct_nav"": 0.07677910257320036, ""fee"": 3.0134670262087226e-05, ""fee_pct_nav"": 2.303373077196011e-05, ""name"": ""海丰国际""}, {""ts_code"": ""01378.HK"", ""side"": ""buy"", ""current_weight"": 0.11847560776811374, ""target_weight"": 0.1673878586524006, ""post_trade_weight"": 0.16742081447963753, ""diff_weight"": 0.04891225088428687, ""gross_amount"": 0.06399113399244788, ""gross_amount_pct_nav"": 0.04891225088428687, ""fee"": 1.9197340197734362e-05, ""fee_pct_nav"": 1.467367526528606e-05, ""name"": ""中国宏桥""}, {""ts_code"": ""01999.HK"", ""side"": ""sell"", ""current_weight"": 0.04815059217647163, ""target_weight"": 0.0, ""post_trade_weight"": 0.0, ""diff_weight"": -0.04815059217647163, ""gross_amount"": 0.06299466779947663, ""gross_amount_pct_nav"": 0.04815059217647163, ""fee"": 1.8898400339842987e-05, ""fee_pct_nav"": 1.4445177652941487e-05, ""name"": ""敏华控股""}, {""ts_code"": ""02099.HK"", ""side"": ""buy"", ""current_weight"": 0.0696568094829879, ""target_weight"": 0.10534448247236024, ""post_trade_weight"": 0.10536522301228153, ""diff_weight"": 0.035687672989372345, ""gross_amount"": 0.04668962525450303, ""gross_amount_pct_nav"": 0.035687672989372345, ""fee"": 1.4006887576350907e-05, ""fee_pct_nav"": 1.07063018968117e-05, ""name"": ""中国黄金国际""}, {""ts_code"": ""09992.HK"", ""side"": ""buy"", ""current_weight"": 0.0, ""target_weight"": 0.16868042898948477, ""post_trade_weight"": 0.16871363930187408, ""diff_weight"": 0.16868042898948477, ""gross_amount"": 0.22068197104454487, ""gross_amount_pct_nav"": 0.16868042898948477, ""fee"": 6.620459131336346e-05, ""fee_pct_nav"": 5.060412869684543e-05, ""name"": ""泡泡玛特""}]"
2024-06-17,0.86737074,1.73474149,1.07583424,1.08221728,0.00064742,0.00032275,0.00032467,0.00000000,rebalance,"[{""ts_code"": ""00148.HK"", ""side"": ""buy"", ""current_weight"": 0.0, ""target_weight"": 0.09064287340746635, ""post_trade_weight"": 0.0906900705558419, ""diff_weight"": 0.09064287340746635, ""gross_amount"": 0.11276146454999078, ""gross_amount_pct_nav"": 0.09064287340746635, ""fee"": 3.3828439364997234e-05, ""fee_pct_nav"": 2.7192862022239905e-05, ""name"": ""建滔集团""}, {""ts_code"": ""00220.HK"", ""side"": ""buy"", ""current_weight"": 0.0, ""target_weight"": 0.10646667673476597, ""post_trade_weight"": 0.10652211323352208, ""diff_weight"": 0.10646667673476597, ""gross_amount"": 0.1324465779059664, ""gross_amount_pct_nav"": 0.10646667673476597, ""fee"": 3.9733973371789915e-05, ""fee_pct_nav"": 3.194000302042979e-05, ""name"": ""统一企业中国""}, {""ts_code"": ""00358.HK"", ""side"": ""sell"", ""current_weight"": 0.08779243715295959, ""target_weight"": 0.0, ""post_trade_weight"": 0.0, ""diff_weight"": -0.08779243715295959, ""gross_amount"": 0.10921546744529069, ""gross_amount_pct_nav"": 0.08779243715295959, ""fee"": 3.27646402335872e-05, ""fee_pct_nav"": 2.633773114588787e-05, ""name"": ""江西铜业股份""}, {""ts_code"": ""00916.HK"", ""side"": ""buy"", ""current_weight"": 0.0, ""target_weight"": 0.10715466818377899, ""post_trade_weight"": 0.10721046291516033, ""diff_weight"": 0.10715466818377899, ""gross_amount"": 0.13330245239970445, ""gross_amount_pct_nav"": 0.10715466818377899, ""fee"": 3.999073571991133e-05, ""fee_pct_nav"": 3.2146400455133694e-05, ""name"": ""龙源电力""}, {""ts_code"": ""00921.HK"", ""side"": ""sell"", ""current_weight"": 0.09334893662128738, ""target_weight"": 0.0, ""post_trade_weight"": 0.0, ""diff_weight"": -0.09334893662128738, ""gross_amount"": 0.11612785883654017, ""gross_amount_pct_nav"": 0.09334893662128738, ""fee"": 3.483835765096205e-05, ""fee_pct_nav"": 2.8004680986386213e-05, ""name"": ""海信家电""}, {""ts_code"": ""01071.HK"", ""side"": ""buy"", ""current_weight"": 0.0, ""target_weight"": 0.10853065108180504, ""post_trade_weight"": 0.10858716227843687, ""diff_weight"": 0.10853065108180504, ""gross_amount"": 0.1350142013871806, ""gross_amount_pct_nav"": 0.10853065108180504, ""fee"": 4.0504260416154173e-05, ""fee_pct_nav"": 3.255919532454151e-05, ""name"": ""华电国际电力股份""}, {""ts_code"": ""01072.HK"", ""side"": ""sell"", ""current_weight"": 0.08824139735283867, ""target_weight"": 0.0, ""post_trade_weight"": 0.0, ""diff_weight"": -0.08824139735283867, ""gross_amount"": 0.10977398250289976, ""gross_amount_pct_nav"": 0.08824139735283867, ""fee"": 3.293219475086993e-05, ""fee_pct_nav"": 2.64724192058516e-05, ""name"": ""东方电气""}, {""ts_code"": ""01114.HK"", ""side"": ""buy"", ""current_weight"": 0.0, ""target_weight"": 0.1229784715110786, ""post_trade_weight"": 0.12304250559284051, ""diff_weight"": 0.1229784715110786, ""gross_amount"": 0.15298756575568007, ""gross_amount_pct_nav"": 0.1229784715110786, ""fee"": 4.5896269726704014e-05, ""fee_pct_nav"": 3.689354145332358e-05, ""name"": ""BRILLIANCE CHI""}, {""ts_code"": ""01208.HK"", ""side"": ""sell"", ""current_weight"": 0.0995024901797444, ""target_weight"": 0.0, ""post_trade_weight"": 0.0, ""diff_weight"": -0.0995024901797444, ""gross_amount"": 0.12378299691142455, ""gross_amount_pct_nav"": 0.0995024901797444, ""fee"": 3.713489907342736e-05, ""fee_pct_nav"": 2.9850747053923314e-05, ""name"": ""五矿资源""}, {""ts_code"": ""01258.HK"", ""side"": ""sell"", ""current_weight"": 0.09446464017331957, ""target_weight"": 0.0, ""post_trade_weight"": 0.0, ""diff_weight"": -0.09446464017331957, ""gross_amount"": 0.11751581534984741, ""gross_amount_pct_nav"": 0.09446464017331957, ""fee"": 3.525474460495422e-05, ""fee_pct_nav"": 2.8339392051995866e-05, ""name"": ""中国有色矿业""}, {""ts_code"": ""01378.HK"", ""side"": ""sell"", ""current_weight"": 0.15905154709077224, ""target_weight"": 0.0, ""post_trade_weight"": 0.0, ""diff_weight"": -0.15905154709077224, ""gross_amount"": 0.1978631602759847, ""gross_amount_pct_nav"": 0.15905154709077224, ""fee"": 5.93589480827954e-05, ""fee_pct_nav"": 4.771546412723167e-05, ""name"": ""中国宏桥""}, {""ts_code"": ""01818.HK"", ""side"": ""sell"", ""current_weight"": 0.09588694787642886, ""target_weight"": 0.0, ""post_trade_weight"": 0.0, ""diff_weight"": -0.09588694787642886, ""gross_amount"": 0.11928519327901317, ""gross_amount_pct_nav"": 0.09588694787642886, ""fee"": 3.578555798370395e-05, ""fee_pct_nav"": 2.8766084362928656e-05, ""name"": ""招金矿业""}, {""ts_code"": ""02018.HK"", ""side"": ""buy"", ""current_weight"": 0.0, ""target_weight"": 0.09545881355055753, ""post_trade_weight"": 0.09550851832730978, ""diff_weight"": 0.09545881355055753, ""gross_amount"": 0.11875258600615726, ""gross_amount_pct_nav"": 0.09545881355055753, ""fee"": 3.5625775801847174e-05, ""fee_pct_nav"": 2.8637644065167254e-05, ""name"": ""瑞声科技""}, {""ts_code"": ""02099.HK"", ""side"": ""sell"", ""current_weight"": 0.10755972497602971, ""target_weight"": 0.0, ""post_trade_weight"": 0.0, ""diff_weight"": -0.10755972497602971, ""gross_amount"": 0.13380635078027311, ""gross_amount_pct_nav"": 0.10755972497602971, ""fee"": 4.014190523408193e-05, ""fee_pct_nav"": 3.226791749280891e-05, ""name"": ""中国黄金国际""}, {""ts_code"": ""06198.HK"", ""side"": ""buy"", ""current_weight"": 0.0, ""target_weight"": 0.107842659632792, ""post_trade_weight"": 0.1078988125967986, ""diff_weight"": 0.107842659632792, ""gross_amount"": 0.1341583268934425, ""gross_amount_pct_nav"": 0.107842659632792, ""fee"": 4.024749806803275e-05, ""fee_pct_nav"": 3.23527978898376e-05, ""name"": ""青岛港""}, {""ts_code"": ""06969.HK"", ""side"": ""buy"", ""current_weight"": 0.0, ""target_weight"": 0.1257304373071307, ""post_trade_weight"": 0.12579590431939358, ""diff_weight"": 0.1257304373071307, ""gross_amount"": 0.15641106373063235, ""gross_amount_pct_nav"": 0.1257304373071307, ""fee"": 4.69233191191897e-05, ""fee_pct_nav"": 3.771913119213921e-05, ""name"": ""思摩尔国际""}, {""ts_code"": ""09992.HK"", ""side"": ""sell"", ""current_weight"": 0.17876244104278669, ""target_weight"": 0.13467432614430008, ""post_trade_weight"": 0.1347444501806911, ""diff_weight"": -0.044088114898486595, ""gross_amount"": 0.05484645640979993, ""gross_amount_pct_nav"": 0.044088114898486595, ""fee"": 1.6453936922939978e-05, ""fee_pct_nav"": 1.3226434469545976e-05, ""name"": ""泡泡玛特""}]"
2024-07-02,0.65045332,1.30090663,0.79193982,0.78752701,0.00047384,0.00023758,0.00023626,0.00000000,rebalance,"[{""ts_code"": ""00148.HK"", ""side"": ""sell"", ""current_weight"": 0.08327649604285532, ""target_weight"": 0.0, ""post_trade_weight"": 0.0, ""diff_weight"": -0.08327649604285532, ""gross_amount"": 0.10110830407977896, ""gross_amount_pct_nav"": 0.08327649604285532, ""fee"": 3.0332491223933685e-05, ""fee_pct_nav"": 2.4982948812856597e-05, ""name"": ""建滔集团""}, {""ts_code"": ""00220.HK"", ""side"": ""sell"", ""current_weight"": 0.10204991875011436, ""target_weight"": 0.0, ""post_trade_weight"": 0.0, ""diff_weight"": -0.10204991875011436, ""gross_amount"": 0.12390163739590405, ""gross_amount_pct_nav"": 0.10204991875011436, ""fee"": 3.717049121877121e-05, ""fee_pct_nav"": 3.061497562503431e-05, ""name"": ""统一企业中国""}, {""ts_code"": ""00257.HK"", ""side"": ""buy"", ""current_weight"": 0.0, ""target_weight"": 0.09652796969477212, ""post_trade_weight"": 0.09656565656565648, ""diff_weight"": 0.09652796969477212, ""gross_amount"": 0.11719728585938798, ""gross_amount_pct_nav"": 0.09652796969477212, ""fee"": 3.515918575781639e-05, ""fee_pct_nav"": 2.8958390908431634e-05, ""name"": ""光大环境""}, {""ts_code"": ""00916.HK"", ""side"": ""sell"", ""current_weight"": 0.1121893417555504, ""target_weight"": 0.0, ""post_trade_weight"": 0.0, ""diff_weight"": -0.1121893417555504, ""gross_amount"": 0.13621219215194902, ""gross_amount_pct_nav"": 0.1121893417555504, ""fee"": 4.08636576455847e-05, ""fee_pct_nav"": 3.3656802526665115e-05, ""name"": ""龙源电力""}, {""ts_code"": ""01071.HK"", ""side"": ""sell"", ""current_weight"": 0.118564162261751, ""target_weight"": 0.0, ""post_trade_weight"": 0.0, ""diff_weight"": -0.118564162261751, ""gross_amount"": 0.14395203857708255, ""gross_amount_pct_nav"": 0.118564162261751, ""fee"": 4.3185611573124764e-05, ""fee_pct_nav"": 3.55692486785253e-05, ""name"": ""华电国际电力股份""}, {""ts_code"": ""01816.HK"", ""side"": ""buy"", ""current_weight"": 0.0, ""target_weight"": 0.13691624153358892, ""post_trade_weight"": 0.13696969696969688, ""diff_weight"": 0.13691624153358892, ""gross_amount"": 0.16623380713946664, ""gross_amount_pct_nav"": 0.13691624153358892, ""fee"": 4.987014214183999e-05, ""fee_pct_nav"": 4.107487246007667e-05, ""name"": ""中广核电力""}, {""ts_code"": ""01963.HK"", ""side"": ""buy"", ""current_weight"": 0.0, ""target_weight"": 0.14822495764845758, ""post_trade_weight"": 0.14828282828282816, ""diff_weight"": 0.14822495764845758, ""gross_amount"": 0.17996403309788864, ""gross_amount_pct_nav"": 0.14822495764845758, ""fee"": 5.398920992936659e-05, ""fee_pct_nav"": 4.4467487294537274e-05, ""name"": ""重庆银行""}, {""ts_code"": ""02018.HK"", ""side"": ""sell"", ""current_weight"": 0.09254709669864651, ""target_weight"": 0.0, ""post_trade_weight"": 0.0, ""diff_weight"": -0.09254709669864651, ""gross_amount"": 0.11236399751848423, ""gross_amount_pct_nav"": 0.09254709669864651, ""fee"": 3.370919925554527e-05, ""fee_pct_nav"": 2.7764129009593953e-05, ""name"": ""瑞声科技""}, {""ts_code"": ""02386.HK"", ""side"": ""buy"", ""current_weight"": 0.0, ""target_weight"": 0.13206964891293085, ""post_trade_weight"": 0.13212121212121197, ""diff_weight"": 0.13206964891293085, ""gross_amount"": 0.16034942458585716, ""gross_amount_pct_nav"": 0.13206964891293085, ""fee"": 4.8104827375757145e-05, ""fee_pct_nav"": 3.9620894673879256e-05, ""name"": ""中石化炼化工程""}, {""ts_code"": ""03618.HK"", ""side"": ""buy"", ""current_weight"": 0.0, ""target_weight"": 0.1385317724071416, ""post_trade_weight"": 0.1385858585858585, ""diff_weight"": 0.1385317724071416, ""gross_amount"": 0.1681952679906698, ""gross_amount_pct_nav"": 0.1385317724071416, ""fee"": 5.045858039720094e-05, ""fee_pct_nav"": 4.155953172214248e-05, ""name"": ""重庆农村商业银行""}, {""ts_code"": ""06198.HK"", ""side"": ""sell"", ""current_weight"": 0.11986853318978334, ""target_weight"": 0.057755228729507994, ""post_trade_weight"": 0.05777777777777771, ""diff_weight"": -0.06211330446027535, ""gross_amount"": 0.07541348607580152, ""gross_amount_pct_nav"": 0.06211330446027535, ""fee"": 2.2624045822740454e-05, ""fee_pct_nav"": 1.8633991338082603e-05, ""name"": ""青岛港""}, {""ts_code"": ""06969.HK"", ""side"": ""sell"", ""current_weight"": 0.11805714486334176, ""target_weight"": 0.07391053746503472, ""post_trade_weight"": 0.07393939393939387, ""diff_weight"": -0.04414660739830704, ""gross_amount"": 0.0535996207455897, ""gross_amount_pct_nav"": 0.04414660739830704, ""fee"": 1.607988622367691e-05, ""fee_pct_nav"": 1.324398221949211e-05, ""name"": ""思摩尔国际""}, {""ts_code"": ""09992.HK"", ""side"": ""sell"", ""current_weight"": 0.1286615522021637, ""target_weight"": 0.09491243882121944, ""post_trade_weight"": 0.09494949494949487, ""diff_weight"": -0.033749113380944246, ""gross_amount"": 0.04097573481462788, ""gross_amount_pct_nav"": 0.033749113380944246, ""fee"": 1.2292720444388363e-05, ""fee_pct_nav"": 1.0124734014283274e-05, ""name"": ""泡泡玛特""}]"
2024-07-15,0.50614813,1.01229627,0.67319374,0.67713413,0.00040510,0.00020196,0.00020314,0.00000000,rebalance,"[{""ts_code"": ""00257.HK"", ""side"": ""sell"", ""current_weight"": 0.08347694791070906, ""target_weight"": 0.0, ""post_trade_weight"": 0.0, ""diff_weight"": -0.08347694791070906, ""gross_amount"": 0.11135203469433122, ""gross_amount_pct_nav"": 0.08347694791070906, ""fee"": 3.340561040829936e-05, ""fee_pct_nav"": 2.5043084373212715e-05, ""name"": ""光大环境""}, {""ts_code"": ""00552.HK"", ""side"": ""buy"", ""current_weight"": 0.0, ""target_weight"": 0.08435724539670231, ""post_trade_weight"": 0.0843828715365239, ""diff_weight"": 0.08435724539670231, ""gross_amount"": 0.11252628601346787, ""gross_amount_pct_nav"": 0.08435724539670231, ""fee"": 3.3757885804040357e-05, ""fee_pct_nav"": 2.530717361901069e-05, ""name"": ""中国通信服务""}, {""ts_code"": ""00939.HK"", ""side"": ""buy"", ""current_weight"": 0.0, ""target_weight"": 0.13723790669015748, ""post_trade_weight"": 0.13727959697732994, ""diff_weight"": 0.13723790669015748, ""gross_amount"": 0.18306515187265668, ""gross_amount_pct_nav"": 0.13723790669015748, ""fee"": 5.4919545561797e-05, ""fee_pct_nav"": 4.117137200704724e-05, ""name"": ""建设银行""}, {""ts_code"": ""00966.HK"", ""side"": ""buy"", ""current_weight"": 0.0, ""target_weight"": 0.1284244631412483, ""post_trade_weight"": 0.12846347607052896, ""diff_weight"": 0.1284244631412483, ""gross_amount"": 0.17130867422945859, ""gross_amount_pct_nav"": 0.1284244631412483, ""fee"": 5.139260226883757e-05, ""fee_pct_nav"": 3.852733894237449e-05, ""name"": ""中国太平""}, {""ts_code"": ""01114.HK"", ""side"": ""sell"", ""current_weight"": 0.21023538243394088, ""target_weight"": 0.12464727304885861, ""post_trade_weight"": 0.12468513853904277, ""diff_weight"": -0.08558810938508225, ""gross_amount"": 0.11416816695148074, ""gross_amount_pct_nav"": 0.08558810938508225, ""fee"": 3.425045008544422e-05, ""fee_pct_nav"": 2.5676432815524675e-05, ""name"": ""BRILLIANCE CHI""}, {""ts_code"": ""01816.HK"", ""side"": ""sell"", ""current_weight"": 0.12498017607607634, ""target_weight"": 0.08435724539670231, ""post_trade_weight"": 0.0843828715365239, ""diff_weight"": -0.04062293067937404, ""gross_amount"": 0.054187965655303594, ""gross_amount_pct_nav"": 0.04062293067937404, ""fee"": 1.6256389696591075e-05, ""fee_pct_nav"": 1.218687920381221e-05, ""name"": ""中广核电力""}, {""ts_code"": ""01963.HK"", ""side"": ""sell"", ""current_weight"": 0.13256451627294386, ""target_weight"": 0.06798942166301379, ""post_trade_weight"": 0.06801007556675061, ""diff_weight"": -0.06457509460993006, ""gross_amount"": 0.08613836939853178, ""gross_amount_pct_nav"": 0.06457509460993006, ""fee"": 2.5841510819559532e-05, ""fee_pct_nav"": 1.9372528382979016e-05, ""name"": ""重庆银行""}, {""ts_code"": ""02386.HK"", ""side"": ""sell"", ""current_weight"": 0.11662703862732278, ""target_weight"": 0.0, ""post_trade_weight"": 0.0, ""diff_weight"": -0.11662703862732278, ""gross_amount"": 0.15557178809912772, ""gross_amount_pct_nav"": 0.11662703862732278, ""fee"": 4.667153642973831e-05, ""fee_pct_nav"": 3.498811158819683e-05, ""name"": ""中石化炼化工程""}, {""ts_code"": ""03618.HK"", ""side"": ""buy"", ""current_weight"": 0.12863772688777853, ""target_weight"": 0.14856947696732645, ""post_trade_weight"": 0.14861460957178838, ""diff_weight"": 0.01993175007954791, ""gross_amount"": 0.026587470935695662, ""gross_amount_pct_nav"": 0.01993175007954791, ""fee"": 7.976241280708698e-06, ""fee_pct_nav"": 5.9795250238643725e-06, ""name"": ""重庆农村商业银行""}, {""ts_code"": ""03898.HK"", ""side"": ""buy"", ""current_weight"": 0.0, ""target_weight"": 0.1347197799618977, ""post_trade_weight"": 0.13476070528967252, ""diff_weight"": 0.1347197799618977, ""gross_amount"": 0.17970615826031436, ""gross_amount_pct_nav"": 0.1347197799618977, ""fee"": 5.3911847478094306e-05, ""fee_pct_nav"": 4.041593398856931e-05, ""name"": ""时代电气""}, {""ts_code"": ""06198.HK"", ""side"": ""sell"", ""current_weight"": 0.05256831970528766, ""target_weight"": 0.0, ""post_trade_weight"": 0.0, ""diff_weight"": -0.05256831970528766, ""gross_amount"": 0.07012222543051246, ""gross_amount_pct_nav"": 0.05256831970528766, ""fee"": 2.1036667629153736e-05, ""fee_pct_nav"": 1.5770495911586298e-05, ""name"": ""青岛港""}, {""ts_code"": ""06969.HK"", ""side"": ""sell"", ""current_weight"": 0.06416668338246782, ""target_weight"": 0.0, ""post_trade_weight"": 0.0, ""diff_weight"": -0.06416668338246782, ""gross_amount"": 0.08559357922222377, ""gross_amount_pct_nav"": 0.06416668338246782, ""fee"": 2.567807376666713e-05, ""fee_pct_nav"": 1.9250005014740346e-05, ""name"": ""思摩尔国际""}]"
2024-07-29,0.42973654,0.85947308,0.55086790,0.56510955,0.00033479,0.00016526,0.00016953,0.00000000,rebalance,"[{""ts_code"": ""00371.HK"", ""side"": ""buy"", ""current_weight"": 0.0, ""target_weight"": 0.0980400915524487, ""post_trade_weight"": 0.09806537691794523, ""diff_weight"": 0.0980400915524487, ""gross_amount"": 0.12729954470887703, ""gross_amount_pct_nav"": 0.0980400915524487, ""fee"": 3.8189863412663106e-05, ""fee_pct_nav"": 2.9412027465734608e-05, ""name"": ""北控水务集团""}, {""ts_code"": ""00552.HK"", ""side"": ""buy"", ""current_weight"": 0.08027256977529011, ""target_weight"": 0.09270457636592087, ""post_trade_weight"": 0.09272848565710466, ""diff_weight"": 0.012432006590630762, ""gross_amount"": 0.01614226133151267, ""gross_amount_pct_nav"": 0.012432006590630762, ""fee"": 4.842678399453801e-06, ""fee_pct_nav"": 3.7296019771892286e-06, ""name"": ""中国通信服务""}, {""ts_code"": ""00939.HK"", ""side"": ""sell"", ""current_weight"": 0.13697422917819618, ""target_weight"": 0.0, ""post_trade_weight"": 0.0, ""diff_weight"": -0.13697422917819618, ""gross_amount"": 0.17785333260226077, ""gross_amount_pct_nav"": 0.13697422917819618, ""fee"": 5.335599978067823e-05, ""fee_pct_nav"": 4.109226875345886e-05, ""name"": ""建设银行""}, {""ts_code"": ""00966.HK"", ""side"": ""sell"", ""current_weight"": 0.12349898904907138, ""target_weight"": 0.0, ""post_trade_weight"": 0.0, ""diff_weight"": -0.12349898904907138, ""gross_amount"": 0.16035649119669465, ""gross_amount_pct_nav"": 0.12349898904907138, ""fee"": 4.810694735900839e-05, ""fee_pct_nav"": 3.704969671472141e-05, ""name"": ""中国太平""}, {""ts_code"": ""01963.HK"", ""side"": ""buy"", ""current_weight"": 0.06970983373791119, ""target_weight"": 0.09937397034908065, ""post_trade_weight"": 0.09939959973315535, ""diff_weight"": 0.029664136611169446, ""gross_amount"": 0.038517212958370434, ""gross_amount_pct_nav"": 0.029664136611169446, ""fee"": 1.1555163887511128e-05, ""fee_pct_nav"": 8.899240983350832e-06, ""name"": ""重庆银行""}, {""ts_code"": ""02357.HK"", ""side"": ""buy"", ""current_weight"": 0.0, ""target_weight"": 0.12738542507835174, ""post_trade_weight"": 0.12741827885256832, ""diff_weight"": 0.12738542507835174, ""gross_amount"": 0.16540280979180624, ""gross_amount_pct_nav"": 0.12738542507835174, ""fee"": 4.9620842937541866e-05, ""fee_pct_nav"": 3.8215627523505516e-05, ""name"": ""中航科工""}, {""ts_code"": ""03618.HK"", ""side"": ""sell"", ""current_weight"": 0.1514959611739032, ""target_weight"": 0.10337560673897654, ""post_trade_weight"": 0.1034022681787858, ""diff_weight"": -0.04812035443492667, ""gross_amount"": 0.062481573750049785, ""gross_amount_pct_nav"": 0.04812035443492667, ""fee"": 1.8744472125014934e-05, ""fee_pct_nav"": 1.4436106330477999e-05, ""name"": ""重庆农村商业银行""}, {""ts_code"": ""03808.HK"", ""side"": ""buy"", ""current_weight"": 0.0, ""target_weight"": 0.15673075860425473, ""post_trade_weight"": 0.15677118078719135, ""diff_weight"": 0.15673075860425473, ""gross_amount"": 0.2035060748747354, ""gross_amount_pct_nav"": 0.15673075860425473, ""fee"": 6.105182246242062e-05, ""fee_pct_nav"": 4.701922758127642e-05, ""name"": ""中国重汽""}, {""ts_code"": ""03898.HK"", ""side"": ""sell"", ""current_weight"": 0.12662709006405443, ""target_weight"": 0.0, ""post_trade_weight"": 0.0, ""diff_weight"": -0.12662709006405443, ""gross_amount"": 0.16441815442757493, ""gross_amount_pct_nav"": 0.12662709006405443, ""fee"": 4.932544632827248e-05, ""fee_pct_nav"": 3.798812701921632e-05, ""name"": ""时代电气""}]"
2024-08-12,0.88577220,1.77154441,1.15965286,1.14778959,0.00069223,0.00034790,0.00034434,0.00000000,rebalance,"[{""ts_code"": ""00006.HK"", ""side"": ""buy"", ""current_weight"": 0.0, ""target_weight"": 0.13114264720293173, ""post_trade_weight"": 0.13121238177128028, ""diff_weight"": 0.13114264720293173, ""gross_amount"": 0.17081373159429972, ""gross_amount_pct_nav"": 0.13114264720293173, ""fee"": 5.124411947828991e-05, ""fee_pct_nav"": 3.934279416087952e-05, ""name"": ""电能实业""}, {""ts_code"": ""00008.HK"", ""side"": ""buy"", ""current_weight"": 0.0, ""target_weight"": 0.09057952172469858, ""post_trade_weight"": 0.09062768701633644, ""diff_weight"": 0.09057952172469858, ""gross_amount"": 0.11798012654023059, ""gross_amount_pct_nav"": 0.09057952172469858, ""fee"": 3.539403796206917e-05, ""fee_pct_nav"": 2.717385651740957e-05, ""name"": ""电讯盈科""}, {""ts_code"": ""00013.HK"", ""side"": ""buy"", ""current_weight"": 0.0, ""target_weight"": 0.10089218074458839, ""post_trade_weight"": 0.10094582975064421, ""diff_weight"": 0.10089218074458839, ""gross_amount"": 0.13141239901160412, ""gross_amount_pct_nav"": 0.10089218074458839, ""fee"": 3.942371970348123e-05, ""fee_pct_nav"": 3.0267654223376512e-05, ""name"": ""和黄医药""}, {""ts_code"": ""00371.HK"", ""side"": ""sell"", ""current_weight"": 0.09855238925910857, ""target_weight"": 0.0, ""post_trade_weight"": 0.0, ""diff_weight"": -0.09855238925910857, ""gross_amount"": 0.1283648128654367, ""gross_amount_pct_nav"": 0.09855238925910857, ""fee"": 3.8509443859631e-05, ""fee_pct_nav"": 2.9565716777732568e-05, ""name"": ""北控水务集团""}, {""ts_code"": ""00552.HK"", ""side"": ""sell"", ""current_weight"": 0.08919718610969034, ""target_weight"": 0.0, ""post_trade_weight"": 0.0, ""diff_weight"": -0.08919718610969034, ""gross_amount"": 0.11617962983110224, ""gross_amount_pct_nav"": 0.08919718610969034, ""fee"": 3.485388894933067e-05, ""fee_pct_nav"": 2.67591558329071e-05, ""name"": ""中国通信服务""}, {""ts_code"": ""01038.HK"", ""side"": ""buy"", ""current_weight"": 0.0, ""target_weight"": 0.1146423927711081, ""post_trade_weight"": 0.11470335339638789, ""diff_weight"": 0.1146423927711081, ""gross_amount"": 0.14932209564010213, ""gross_amount_pct_nav"": 0.1146423927711081, ""fee"": 4.4796628692030635e-05, ""fee_pct_nav"": 3.4392717831332426e-05, ""name"": ""长江基建集团""}, {""ts_code"": ""01114.HK"", ""side"": ""sell"", ""current_weight"": 0.14391382193018498, ""target_weight"": 0.1091423079605002, ""post_trade_weight"": 0.1092003439380904, ""diff_weight"": -0.034771513969684774, ""gross_amount"": 0.045290011914693146, ""gross_amount_pct_nav"": 0.034771513969684774, ""fee"": 1.3587003574407943e-05, ""fee_pct_nav"": 1.0431454190905432e-05, ""name"": ""BRILLIANCE CHI""}, {""ts_code"": ""01800.HK"", ""side"": ""buy"", ""current_weight"": 0.0, ""target_weight"": 0.12976762600027975, ""post_trade_weight"": 0.1298366294067059, ""diff_weight"": 0.12976762600027975, ""gross_amount"": 0.16902276193144988, ""gross_amount_pct_nav"": 0.12976762600027975, ""fee"": 5.070682857943496e-05, ""fee_pct_nav"": 3.8930287800083924e-05, ""name"": ""中国交通建设""}, {""ts_code"": ""01816.HK"", ""side"": ""sell"", ""current_weight"": 0.0801680919917942, ""target_weight"": 0.0, ""post_trade_weight"": 0.0, ""diff_weight"": -0.0801680919917942, ""gross_amount"": 0.10441920488857825, ""gross_amount_pct_nav"": 0.0801680919917942, ""fee"": 3.132576146657347e-05, ""fee_pct_nav"": 2.4050427597538257e-05, ""name"": ""中广核电力""}, {""ts_code"": ""01963.HK"", ""side"": ""sell"", ""current_weight"": 0.09691492561766081, ""target_weight"": 0.0, ""post_trade_weight"": 0.0, ""diff_weight"": -0.09691492561766081, ""gross_amount"": 0.12623201105831083, ""gross_amount_pct_nav"": 0.09691492561766081, ""fee"": 3.786960331749325e-05, ""fee_pct_nav"": 2.907447768529824e-05, ""name"": ""重庆银行""}, {""ts_code"": ""02357.HK"", ""side"": ""sell"", ""current_weight"": 0.12497271029132608, ""target_weight"": 0.0, ""post_trade_weight"": 0.0, ""diff_weight"": -0.12497271029132608, ""gross_amount"": 0.1627773683665395, ""gross_amount_pct_nav"": 0.12497271029132608, ""fee"": 4.883321050996184e-05, ""fee_pct_nav"": 3.7491813087397816e-05, ""name"": ""中航科工""}, {""ts_code"": ""03311.HK"", ""side"": ""buy"", ""current_weight"": 0.0, ""target_weight"": 0.13251766840558368, ""post_trade_weight"": 0.13258813413585463, ""diff_weight"": 0.13251766840558368, ""gross_amount"": 0.1726047012571495, ""gross_amount_pct_nav"": 0.13251766840558368, ""fee"": 5.178141037714484e-05, ""fee_pct_nav"": 3.9755300521675106e-05, ""name"": ""中国建筑国际""}, {""ts_code"": ""03360.HK"", ""side"": ""buy"", ""current_weight"": 0.0, ""target_weight"": 0.09332956413000253, ""post_trade_weight"": 0.09337919174548517, ""diff_weight"": 0.09332956413000253, ""gross_amount"": 0.12156206586593019, ""gross_amount_pct_nav"": 0.09332956413000253, ""fee"": 3.646861975977905e-05, ""fee_pct_nav"": 2.7998869239000753e-05, ""name"": ""远东宏信""}, {""ts_code"": ""03618.HK"", ""side"": ""sell"", ""current_weight"": 0.09714261867835773, ""target_weight"": 0.0, ""post_trade_weight"": 0.0, ""diff_weight"": -0.09714261867835773, ""gross_amount"": 0.12652858202271713, ""gross_amount_pct_nav"": 0.09714261867835773, ""fee"": 3.795857460681514e-05, ""fee_pct_nav"": 2.914278560350732e-05, ""name"": ""重庆农村商业银行""}, {""ts_code"": ""03692.HK"", ""side"": ""buy"", ""current_weight"": 0.0, ""target_weight"": 0.09745462773795845, ""post_trade_weight"": 0.09750644883920828, ""diff_weight"": 0.09745462773795845, ""gross_amount"": 0.1269349748544796, ""gross_amount_pct_nav"": 0.09745462773795845, ""fee"": 3.808049245634388e-05, ""fee_pct_nav"": 2.9236388321387533e-05, ""name"": ""翰森制药""}, {""ts_code"": ""03808.HK"", ""side"": ""sell"", ""current_weight"": 0.16315924677549007, ""target_weight"": 0.0, ""post_trade_weight"": 0.0, ""diff_weight"": -0.16315924677549007, ""gross_amount"": 0.21251545839783562, ""gross_amount_pct_nav"": 0.16315924677549007, ""fee"": 6.375463751935068e-05, ""fee_pct_nav"": 4.8947774032647016e-05, ""name"": ""中国重汽""}, {""ts_code"": ""09992.HK"", ""side"": ""sell"", ""current_weight"": 0.09633949639594176, ""target_weight"": 0.0, ""post_trade_weight"": 0.0, ""diff_weight"": -0.09633949639594176, ""gross_amount"": 0.12548251259441193, ""gross_amount_pct_nav"": 0.09633949639594176, ""fee"": 3.764475377832357e-05, ""fee_pct_nav"": 2.8901848918782526e-05, ""name"": ""泡泡玛特""}]"
2024-08-26,0.81037766,1.62075531,1.02266849,1.02248195,0.00061355,0.00030680,0.00030674,0.00000000,rebalance,"[{""ts_code"": ""00006.HK"", ""side"": ""sell"", ""current_weight"": 0.13398637362765528, ""target_weight"": 0.0, ""post_trade_weight"": 0.0, ""diff_weight"": -0.13398637362765528, ""gross_amount"": 0.1690707343331334, ""gross_amount_pct_nav"": 0.13398637362765528, ""fee"": 5.072122029994002e-05, ""fee_pct_nav"": 4.019591208829658e-05, ""name"": ""电能实业""}, {""ts_code"": ""00008.HK"", ""side"": ""buy"", ""current_weight"": 0.09572386307185901, ""target_weight"": 0.10694230543438338, ""post_trade_weight"": 0.1069943289224942, ""diff_weight"": 0.011218442362524365, ""gross_amount"": 0.014155993904102784, ""gross_amount_pct_nav"": 0.011218442362524365, ""fee"": 4.246798171230835e-06, ""fee_pct_nav"": 3.365532708757309e-06, ""name"": ""电讯盈科""}, {""ts_code"": ""00013.HK"", ""side"": ""sell"", ""current_weight"": 0.08954626069311161, ""target_weight"": 0.0, ""post_trade_weight"": 0.0, ""diff_weight"": -0.08954626069311161, ""gross_amount"": 0.11299396828399347, ""gross_amount_pct_nav"": 0.08954626069311161, ""fee"": 3.3898190485198036e-05, ""fee_pct_nav"": 2.6863878207933482e-05, ""name"": ""和黄医药""}, {""ts_code"": ""00136.HK"", ""side"": ""buy"", ""current_weight"": 0.0, ""target_weight"": 0.11298851351547924, ""post_trade_weight"": 0.11304347826086841, ""diff_weight"": 0.11298851351547924, ""gross_amount"": 0.14257458004168494, ""gross_amount_pct_nav"": 0.11298851351547924, ""fee"": 4.277237401250548e-05, ""fee_pct_nav"": 3.389655405464377e-05, ""name"": ""中国儒意""}, {""ts_code"": ""00939.HK"", ""side"": ""buy"", ""current_weight"": 0.0, ""target_weight"": 0.11147696149520529, ""post_trade_weight"": 0.11153119092627489, ""diff_weight"": 0.11147696149520529, ""gross_amount"": 0.14066722780032465, ""gross_amount_pct_nav"": 0.11147696149520529, ""fee"": 4.220016834009739e-05, ""fee_pct_nav"": 3.344308844856159e-05, ""name"": ""建设银行""}, {""ts_code"": ""00998.HK"", ""side"": ""buy"", ""current_weight"": 0.0, ""target_weight"": 0.08955945720123272, ""post_trade_weight"": 0.08960302457466829, ""diff_weight"": 0.08955945720123272, ""gross_amount"": 0.11301062030059979, ""gross_amount_pct_nav"": 0.08955945720123272, ""fee"": 3.390318609017993e-05, ""fee_pct_nav"": 2.6867837160369814e-05, ""name"": ""中信银行""}, {""ts_code"": ""01038.HK"", ""side"": ""sell"", ""current_weight"": 0.12132357217591998, ""target_weight"": 0.0, ""post_trade_weight"": 0.0, ""diff_weight"": -0.12132357217591998, ""gross_amount"": 0.1530921756021606, ""gross_amount_pct_nav"": 0.12132357217591998, ""fee"": 4.592765268064818e-05, ""fee_pct_nav"": 3.6397071652775995e-05, ""name"": ""长江基建集团""}, {""ts_code"": ""01398.HK"", ""side"": ""buy"", ""current_weight"": 0.0, ""target_weight"": 0.11903472159657515, ""post_trade_weight"": 0.11909262759924268, ""diff_weight"": 0.11903472159657515, ""gross_amount"": 0.1502039890071263, ""gross_amount_pct_nav"": 0.11903472159657515, ""fee"": 4.506119670213789e-05, ""fee_pct_nav"": 3.571041647897254e-05, ""name"": ""工商银行""}, {""ts_code"": ""01800.HK"", ""side"": ""sell"", ""current_weight"": 0.13535242693767863, ""target_weight"": 0.0, ""post_trade_weight"": 0.0, ""diff_weight"": -0.13535242693767863, ""gross_amount"": 0.17079448899572086, ""gross_amount_pct_nav"": 0.13535242693767863, ""fee"": 5.123834669871625e-05, ""fee_pct_nav"": 4.060572808130359e-05, ""name"": ""中国交通建设""}, {""ts_code"": ""02018.HK"", ""side"": ""buy"", ""current_weight"": 0.0, ""target_weight"": 0.125836705687808, ""post_trade_weight"": 0.12589792060491367, ""diff_weight"": 0.125836705687808, ""gross_amount"": 0.1587870740932478, ""gross_amount_pct_nav"": 0.125836705687808, ""fee"": 4.763612222797433e-05, ""fee_pct_nav"": 3.7751011706342396e-05, ""name"": ""瑞声科技""}, {""ts_code"": ""03311.HK"", ""side"": ""sell"", ""current_weight"": 0.1350982684230072, ""target_weight"": 0.0, ""post_trade_weight"": 0.0, ""diff_weight"": -0.1350982684230072, ""gross_amount"": 0.1704737790194069, ""gross_amount_pct_nav"": 0.1350982684230072, ""fee"": 5.114213370582207e-05, ""fee_pct_nav"": 4.052948052690216e-05, ""name"": ""中国建筑国际""}, {""ts_code"": ""03328.HK"", ""side"": ""buy"", ""current_weight"": 0.0, ""target_weight"": 0.1152558415458902, ""post_trade_weight"": 0.11531190926275878, ""diff_weight"": 0.1152558415458902, ""gross_amount"": 0.14543560840372546, ""gross_amount_pct_nav"": 0.1152558415458902, ""fee"": 4.3630682521117634e-05, ""fee_pct_nav"": 3.457675246376706e-05, ""name"": ""交通银行""}, {""ts_code"": ""03360.HK"", ""side"": ""sell"", ""current_weight"": 0.09723002570531983, ""target_weight"": 0.0, ""post_trade_weight"": 0.0, ""diff_weight"": -0.09723002570531983, ""gross_amount"": 0.12268972881459374, ""gross_amount_pct_nav"": 0.09723002570531983, ""fee"": 3.6806918644378117e-05, ""fee_pct_nav"": 2.9169007711595947e-05, ""name"": ""远东宏信""}, {""ts_code"": ""03692.HK"", ""side"": ""sell"", ""current_weight"": 0.0977668121131427, ""target_weight"": 0.0, ""post_trade_weight"": 0.0, ""diff_weight"": -0.0977668121131427, ""gross_amount"": 0.1233670728585699, ""gross_amount_pct_nav"": 0.0977668121131427, ""fee"": 3.701012185757097e-05, ""fee_pct_nav"": 2.933004363394281e-05, ""name"": ""翰森制药""}, {""ts_code"": ""09992.HK"", ""side"": ""buy"", ""current_weight"": 0.0, ""target_weight"": 0.125080929677671, ""post_trade_weight"": 0.12514177693761688, ""diff_weight"": 0.125080929677671, ""gross_amount"": 0.15783339797256762, ""gross_amount_pct_nav"": 0.125080929677671, ""fee"": 4.7350019391770286e-05, ""fee_pct_nav"": 3.75242789033013e-05, ""name"": ""泡泡玛特""}]"
2024-09-09,0.65064423,1.30128845,0.75375683,0.76093415,0.00045441,0.00022613,0.00022828,0.00000000,rebalance,"[{""ts_code"": ""00008.HK"", ""side"": ""buy"", ""current_weight"": 0.1156633385799799, ""target_weight"": 0.13137471003950896, ""post_trade_weight"": 0.13142601698703577, ""diff_weight"": 0.01571137145952904, ""gross_amount"": 0.018287930288751697, ""gross_amount_pct_nav"": 0.01571137145952904, ""fee"": 5.486379086625509e-06, ""fee_pct_nav"": 4.713411437858712e-06, ""name"": ""电讯盈科""}, {""ts_code"": ""00136.HK"", ""side"": ""sell"", ""current_weight"": 0.10768689470469545, ""target_weight"": 0.0, ""post_trade_weight"": 0.0, ""diff_weight"": -0.10768689470469545, ""gross_amount"": 0.125346818286648, ""gross_amount_pct_nav"": 0.10768689470469545, ""fee"": 3.76040454859944e-05, ""fee_pct_nav"": 3.230606841140863e-05, ""name"": ""中国儒意""}, {""ts_code"": ""00144.HK"", ""side"": ""buy"", ""current_weight"": 0.0, ""target_weight"": 0.13316212106045466, ""post_trade_weight"": 0.13321412606168936, ""diff_weight"": 0.13316212106045466, ""gross_amount"": 0.15499980974473807, ""gross_amount_pct_nav"": 0.13316212106045466, ""fee"": 4.6499942923421414e-05, ""fee_pct_nav"": 3.99486363181364e-05, ""name"": ""招商局港口""}, {""ts_code"": ""00288.HK"", ""side"": ""buy"", ""current_weight"": 0.0, ""target_weight"": 0.09160481482346712, ""post_trade_weight"": 0.09164059007599433, ""diff_weight"": 0.09160481482346712, ""gross_amount"": 0.10662738589822582, ""gross_amount_pct_nav"": 0.09160481482346712, ""fee"": 3.198821576946774e-05, ""fee_pct_nav"": 2.748144444704013e-05, ""name"": ""万洲国际""}, {""ts_code"": ""00551.HK"", ""side"": ""buy"", ""current_weight"": 0.0, ""target_weight"": 0.10545725023579627, ""post_trade_weight"": 0.1054984354045593, ""diff_weight"": 0.10545725023579627, ""gross_amount"": 0.12275152718039653, ""gross_amount_pct_nav"": 0.10545725023579627, ""fee"": 3.682545815411895e-05, ""fee_pct_nav"": 3.163717507073887e-05, ""name"": ""裕元集团""}, {""ts_code"": ""00939.HK"", ""side"": ""sell"", ""current_weight"": 0.11242731330545437, ""target_weight"": 0.0, ""post_trade_weight"": 0.0, ""diff_weight"": -0.11242731330545437, ""gross_amount"": 0.13086463352852504, ""gross_amount_pct_nav"": 0.11242731330545437, ""fee"": 3.925939005855751e-05, ""fee_pct_nav"": 3.372819399163631e-05, ""name"": ""建设银行""}, {""ts_code"": ""00998.HK"", ""side"": ""sell"", ""current_weight"": 0.08702464983730422, ""target_weight"": 0.0, ""post_trade_weight"": 0.0, ""diff_weight"": -0.08702464983730422, ""gross_amount"": 0.10129610478163517, ""gross_amount_pct_nav"": 0.08702464983730422, ""fee"": 3.038883143449055e-05, ""fee_pct_nav"": 2.6107394951191264e-05, ""name"": ""中信银行""}, {""ts_code"": ""01114.HK"", ""side"": ""sell"", ""current_weight"": 0.09189090181507656, ""target_weight"": 0.0, ""post_trade_weight"": 0.0, ""diff_weight"": -0.09189090181507656, ""gross_amount"": 0.1069603892246731, ""gross_amount_pct_nav"": 0.09189090181507656, ""fee"": 3.208811676740193e-05, ""fee_pct_nav"": 2.7567270544522964e-05, ""name"": ""BRILLIANCE CHI""}, {""ts_code"": ""01193.HK"", ""side"": ""buy"", ""current_weight"": 0.0, ""target_weight"": 0.09830760615201349, ""post_trade_weight"": 0.09834599910594513, ""diff_weight"": 0.09830760615201349, ""gross_amount"": 0.11442938974443746, ""gross_amount_pct_nav"": 0.09830760615201349, ""fee"": 3.4328816923331235e-05, ""fee_pct_nav"": 2.9492281845604044e-05, ""name"": ""华润燃气""}, {""ts_code"": ""01339.HK"", ""side"": ""buy"", ""current_weight"": 0.0, ""target_weight"": 0.11930968564812547, ""post_trade_weight"": 0.11935628073312433, ""diff_weight"": 0.11930968564812547, ""gross_amount"": 0.1388756684625673, ""gross_amount_pct_nav"": 0.11930968564812547, ""fee"": 4.1662700538770183e-05, ""fee_pct_nav"": 3.579290569443764e-05, ""name"": ""中国人民保险集团""}, {""ts_code"": ""01398.HK"", ""side"": ""sell"", ""current_weight"": 0.11373191127172748, ""target_weight"": 0.0, ""post_trade_weight"": 0.0, ""diff_weight"": -0.11373191127172748, ""gross_amount"": 0.13238317675204353, ""gross_amount_pct_nav"": 0.11373191127172748, ""fee"": 3.9714953025613056e-05, ""fee_pct_nav"": 3.411957338151824e-05, ""name"": ""工商银行""}, {""ts_code"": ""02018.HK"", ""side"": ""sell"", ""current_weight"": 0.12879007532093206, ""target_weight"": 0.09339222584441281, ""post_trade_weight"": 0.09342869915064787, ""diff_weight"": -0.035397849476519264, ""gross_amount"": 0.04120285776870779, ""gross_amount_pct_nav"": 0.035397849476519264, ""fee"": 1.2360857330612336e-05, ""fee_pct_nav"": 1.0619354842955779e-05, ""name"": ""瑞声科技""}, {""ts_code"": ""02208.HK"", ""side"": ""buy"", ""current_weight"": 0.0, ""target_weight"": 0.08400831798444788, ""post_trade_weight"": 0.08404112650871674, ""diff_weight"": 0.08400831798444788, ""gross_amount"": 0.09778511487251929, ""gross_amount_pct_nav"": 0.08400831798444788, ""fee"": 2.9335534461755783e-05, ""fee_pct_nav"": 2.5202495395334364e-05, ""name"": ""金风科技""}, {""ts_code"": ""03328.HK"", ""side"": ""sell"", ""current_weight"": 0.10556776593900388, ""target_weight"": 0.0, ""post_trade_weight"": 0.0, ""diff_weight"": -0.10556776593900388, ""gross_amount"": 0.1228801667126792, ""gross_amount_pct_nav"": 0.10556776593900388, ""fee"": 3.686405001380376e-05, ""fee_pct_nav"": 3.167032978170116e-05, ""name"": ""交通银行""}]"
2024-09-23,0.46439683,0.92879365,0.57508302,0.55034710,0.00033763,0.00017252,0.00016510,0.00000000,rebalance,"[{""ts_code"": ""00008.HK"", ""side"": ""sell"", ""current_weight"": 0.1288486157746325, ""target_weight"": 0.0, ""post_trade_weight"": 0.0, ""diff_weight"": -0.1288486157746325, ""gross_amount"": 0.15612737207216257, ""gross_amount_pct_nav"": 0.1288486157746325, ""fee"": 4.683821162164877e-05, ""fee_pct_nav"": 3.8654584732389745e-05, ""name"": ""电讯盈科""}, {""ts_code"": ""00142.HK"", ""side"": ""buy"", ""current_weight"": 0.0, ""target_weight"": 0.11605574600682018, ""post_trade_weight"": 0.11608809257185501, ""diff_weight"": 0.11605574600682018, ""gross_amount"": 0.14062610241472648, ""gross_amount_pct_nav"": 0.11605574600682018, ""fee"": 4.218783072441794e-05, ""fee_pct_nav"": 3.481672380204605e-05, ""name"": ""第一太平""}, {""ts_code"": ""00144.HK"", ""side"": ""sell"", ""current_weight"": 0.13113747677379747, ""target_weight"": 0.0, ""post_trade_weight"": 0.0, ""diff_weight"": -0.13113747677379747, ""gross_amount"": 0.15890081166784387, ""gross_amount_pct_nav"": 0.13113747677379747, ""fee"": 4.767024350035316e-05, ""fee_pct_nav"": 3.9341243032139235e-05, ""name"": ""招商局港口""}, {""ts_code"": ""00220.HK"", ""side"": ""buy"", ""current_weight"": 0.0, ""target_weight"": 0.10933869318327433, ""post_trade_weight"": 0.10936916759985053, ""diff_weight"": 0.10933869318327433, ""gross_amount"": 0.13248697108525678, ""gross_amount_pct_nav"": 0.10933869318327433, ""fee"": 3.974609132557703e-05, ""fee_pct_nav"": 3.2801607954982296e-05, ""name"": ""统一企业中国""}, {""ts_code"": ""00288.HK"", ""side"": ""buy"", ""current_weight"": 0.09339120639764768, ""target_weight"": 0.1168020852094364, ""post_trade_weight"": 0.11683463979096663, ""diff_weight"": 0.023410878811788712, ""gross_amount"": 0.02836723518378728, ""gross_amount_pct_nav"": 0.023410878811788712, ""fee"": 8.510170555136185e-06, ""fee_pct_nav"": 7.0232636435366145e-06, ""name"": ""万洲国际""}, {""ts_code"": ""00551.HK"", ""side"": ""sell"", ""current_weight"": 0.11000521482021962, ""target_weight"": 0.09963628354926363, ""post_trade_weight"": 0.09966405375139964, ""diff_weight"": -0.010368931270955983, ""gross_amount"": 0.012564155080740477, ""gross_amount_pct_nav"": 0.010368931270955983, ""fee"": 3.769246524222143e-06, ""fee_pct_nav"": 3.110679381286795e-06, ""name"": ""裕元集团""}, {""ts_code"": ""01193.HK"", ""side"": ""sell"", ""current_weight"": 0.09677645825133953, ""target_weight"": 0.0, ""post_trade_weight"": 0.0, ""diff_weight"": -0.09677645825133953, ""gross_amount"": 0.1172651643511697, ""gross_amount_pct_nav"": 0.09677645825133953, ""fee"": 3.51795493053509e-05, ""fee_pct_nav"": 2.9032937475401855e-05, ""name"": ""华润燃气""}, {""ts_code"": ""02018.HK"", ""side"": ""sell"", ""current_weight"": 0.08705832899569817, ""target_weight"": 0.0, ""post_trade_weight"": 0.0, ""diff_weight"": -0.08705832899569817, ""gross_amount"": 0.10548959367065328, ""gross_amount_pct_nav"": 0.08705832899569817, ""fee"": 3.164687810119598e-05, ""fee_pct_nav"": 2.6117498698709448e-05, ""name"": ""瑞声科技""}, {""ts_code"": ""02208.HK"", ""side"": ""buy"", ""current_weight"": 0.09064929901328884, ""target_weight"": 0.11307038919635537, ""post_trade_weight"": 0.11310190369540858, ""diff_weight"": 0.022421090183066518, ""gross_amount"": 0.02716789674634844, ""gross_amount_pct_nav"": 0.022421090183066518, ""fee"": 8.150369023904531e-06, ""fee_pct_nav"": 6.726327054919955e-06, ""name"": ""金风科技""}, {""ts_code"": ""03606.HK"", ""side"": ""buy"", ""current_weight"": 0.0, ""target_weight"": 0.08769485630740434, ""post_trade_weight"": 0.08771929824561393, ""diff_weight"": 0.08769485630740434, ""gross_amount"": 0.10626088124585444, ""gross_amount_pct_nav"": 0.08769485630740434, ""fee"": 3.187826437375633e-05, ""fee_pct_nav"": 2.6308456892221298e-05, ""name"": ""福耀玻璃""}, {""ts_code"": ""03690.HK"", ""side"": ""buy"", ""current_weight"": 0.0, ""target_weight"": 0.11568257640551209, ""post_trade_weight"": 0.11571481896229921, ""diff_weight"": 0.11568257640551209, ""gross_amount"": 0.14017392845197818, ""gross_amount_pct_nav"": 0.11568257640551209, ""fee"": 4.205217853559345e-05, ""fee_pct_nav"": 3.4704772921653626e-05, ""name"": ""美团-W""}]"
2024-10-07,0.88934612,1.77869224,1.33960309,1.35956356,0.00080975,0.00040188,0.00040787,0.00000000,rebalance,"[{""ts_code"": ""00142.HK"", ""side"": ""sell"", ""current_weight"": 0.08950316412067945, ""target_weight"": 0.0, ""post_trade_weight"": 0.0, ""diff_weight"": -0.08950316412067945, ""gross_amount"": 0.1358211103048839, ""gross_amount_pct_nav"": 0.08950316412067945, ""fee"": 4.074633309146516e-05, ""fee_pct_nav"": 2.6850949236203833e-05, ""name"": ""第一太平""}, {""ts_code"": ""00220.HK"", ""side"": ""sell"", ""current_weight"": 0.10290538859184431, ""target_weight"": 0.0, ""post_trade_weight"": 0.0, ""diff_weight"": -0.10290538859184431, ""gross_amount"": 0.1561589947373776, ""gross_amount_pct_nav"": 0.10290538859184431, ""fee"": 4.684769842121327e-05, ""fee_pct_nav"": 3.0871616577553286e-05, ""name"": ""统一企业中国""}, {""ts_code"": ""00288.HK"", ""side"": ""sell"", ""current_weight"": 0.09911382668918226, ""target_weight"": 0.0, ""post_trade_weight"": 0.0, ""diff_weight"": -0.09911382668918226, ""gross_amount"": 0.15040529706122724, ""gross_amount_pct_nav"": 0.09911382668918226, ""fee"": 4.512158911836817e-05, ""fee_pct_nav"": 2.9734148006754673e-05, ""name"": ""万洲国际""}, {""ts_code"": ""00551.HK"", ""side"": ""sell"", ""current_weight"": 0.08135668293706705, ""target_weight"": 0.0, ""post_trade_weight"": 0.0, ""diff_weight"": -0.08135668293706705, ""gross_amount"": 0.12345881976123108, ""gross_amount_pct_nav"": 0.08135668293706705, ""fee"": 3.703764592836932e-05, ""fee_pct_nav"": 2.4407004881120114e-05, ""name"": ""裕元集团""}, {""ts_code"": ""01339.HK"", ""side"": ""sell"", ""current_weight"": 0.14875184316156165, ""target_weight"": 0.0, ""post_trade_weight"": 0.0, ""diff_weight"": -0.14875184316156165, ""gross_amount"": 0.22573101964149736, ""gross_amount_pct_nav"": 0.14875184316156165, ""fee"": 6.771930589244921e-05, ""fee_pct_nav"": 4.46255529484685e-05, ""name"": ""中国人民保险集团""}, {""ts_code"": ""01359.HK"", ""side"": ""buy"", ""current_weight"": 0.0, ""target_weight"": 0.12685840309276677, ""post_trade_weight"": 0.12692613185067433, ""diff_weight"": 0.12685840309276677, ""gross_amount"": 0.1925077099657882, ""gross_amount_pct_nav"": 0.12685840309276677, ""fee"": 5.7752312989736456e-05, ""fee_pct_nav"": 3.805752092783003e-05, ""name"": ""中国信达""}, {""ts_code"": ""02208.HK"", ""side"": ""sell"", ""current_weight"": 0.13726372708985699, ""target_weight"": 0.11669702912788936, ""post_trade_weight"": 0.11675933280381182, ""diff_weight"": -0.02056669796196761, ""gross_amount"": 0.031209977657697452, ""gross_amount_pct_nav"": 0.02056669796196761, ""fee"": 9.362993297309234e-06, ""fee_pct_nav"": 6.170009388590283e-06, ""name"": ""金风科技""}, {""ts_code"": ""03606.HK"", ""side"": ""sell"", ""current_weight"": 0.08205782383913852, ""target_weight"": 0.0, ""post_trade_weight"": 0.0, ""diff_weight"": -0.08205782383913852, ""gross_amount"": 0.12452280154036813, ""gross_amount_pct_nav"": 0.08205782383913852, ""fee"": 3.7356840462110436e-05, ""fee_pct_nav"": 2.4617347151741556e-05, ""name"": ""福耀玻璃""}, {""ts_code"": ""03690.HK"", ""side"": ""sell"", ""current_weight"": 0.1482953326584263, ""target_weight"": 0.0, ""post_trade_weight"": 0.0, ""diff_weight"": -0.1482953326584263, ""gross_amount"": 0.22503826465332638, ""gross_amount_pct_nav"": 0.1482953326584263, ""fee"": 6.751147939599791e-05, ""fee_pct_nav"": 4.4488599797527887e-05, ""name"": ""美团-W""}, {""ts_code"": ""03759.HK"", ""side"": ""buy"", ""current_weight"": 0.0, ""target_weight"": 0.10145496818057317, ""post_trade_weight"": 0.10150913423351801, ""diff_weight"": 0.10145496818057317, ""gross_amount"": 0.1539579808111873, ""gross_amount_pct_nav"": 0.10145496818057317, ""fee"": 4.6187394243356186e-05, ""fee_pct_nav"": 3.043649045417195e-05, ""name"": ""康龙化成""}, {""ts_code"": ""06066.HK"", ""side"": ""buy"", ""current_weight"": 0.0, ""target_weight"": 0.09827953881654897, ""post_trade_weight"": 0.09833200953137346, ""diff_weight"": 0.09827953881654897, ""gross_amount"": 0.14913926466686217, ""gross_amount_pct_nav"": 0.09827953881654897, ""fee"": 4.474177940005865e-05, ""fee_pct_nav"": 2.9483861644964687e-05, ""name"": ""中信建投证券""}, {""ts_code"": ""06099.HK"", ""side"": ""buy"", ""current_weight"": 0.0, ""target_weight"": 0.12304788785593773, ""post_trade_weight"": 0.12311358220810088, ""diff_weight"": 0.12304788785593773, ""gross_amount"": 0.18672525059259806, ""gross_amount_pct_nav"": 0.12304788785593773, ""fee"": 5.601757517777942e-05, ""fee_pct_nav"": 3.691436635678132e-05, ""name"": ""招商证券""}, {""ts_code"": ""06178.HK"", ""side"": ""buy"", ""current_weight"": 0.0, ""target_weight"": 0.10844091278142641, ""post_trade_weight"": 0.108498808578236, ""diff_weight"": 0.10844091278142641, ""gross_amount"": 0.16455915632870255, ""gross_amount_pct_nav"": 0.10844091278142641, ""fee"": 4.936774689861076e-05, ""fee_pct_nav"": 3.2532273834427924e-05, ""name"": ""光大证券""}, {""ts_code"": ""06806.HK"", ""side"": ""buy"", ""current_weight"": 0.0, ""target_weight"": 0.10272513992618285, ""post_trade_weight"": 0.10277998411437582, ""diff_weight"": 0.10272513992618285, ""gross_amount"": 0.15588546726891733, ""gross_amount_pct_nav"": 0.10272513992618285, ""fee"": 4.67656401806752e-05, ""fee_pct_nav"": 3.0817541977854855e-05, ""name"": ""申万宏源""}, {""ts_code"": ""06881.HK"", ""side"": ""buy"", ""current_weight"": 0.0, ""target_weight"": 0.10844091278142641, ""post_trade_weight"": 0.108498808578236, ""diff_weight"": 0.10844091278142641, ""gross_amount"": 0.16455915632870255, ""gross_amount_pct_nav"": 0.10844091278142641, ""fee"": 4.936774689861076e-05, ""fee_pct_nav"": 3.2532273834427924e-05, ""name"": ""中国银河""}, {""ts_code"": ""06886.HK"", ""side"": ""buy"", ""current_weight"": 0.0, ""target_weight"": 0.11352159976386517, ""post_trade_weight"": 0.11358220810166729, ""diff_weight"": 0.11352159976386517, ""gross_amount"": 0.17226910215962277, ""gross_amount_pct_nav"": 0.11352159976386517, ""fee"": 5.1680730647886824e-05, ""fee_pct_nav"": 3.4056479929159545e-05, ""name"": ""HTSC""}, {""ts_code"": ""09992.HK"", ""side"": ""sell"", ""current_weight"": 0.12337212143041076, ""target_weight"": 0.0, ""post_trade_weight"": 0.0, ""diff_weight"": -0.12337212143041076, ""gross_amount"": 0.1872172752546946, ""gross_amount_pct_nav"": 0.12337212143041076, ""fee"": 5.616518257640837e-05, ""fee_pct_nav"": 3.7011636429123224e-05, ""name"": ""泡泡玛特""}]"
2024-10-21,0.68555828,1.37111656,0.63201578,0.63563880,0.00038030,0.00018960,0.00019069,0.00000000,rebalance,"[{""ts_code"": ""00966.HK"", ""side"": ""buy"", ""current_weight"": 0.0, ""target_weight"": 0.10413502140650133, ""post_trade_weight"": 0.1041778734086425, ""diff_weight"": 0.10413502140650133, ""gross_amount"": 0.0962771815205255, ""gross_amount_pct_nav"": 0.10413502140650133, ""fee"": 2.8883154456157646e-05, ""fee_pct_nav"": 3.1240506421950394e-05, ""name"": ""中国太平""}, {""ts_code"": ""01336.HK"", ""side"": ""buy"", ""current_weight"": 0.0, ""target_weight"": 0.10700276726279054, ""post_trade_weight"": 0.10704679935449153, ""diff_weight"": 0.10700276726279054, ""gross_amount"": 0.09892853247461916, ""gross_amount_pct_nav"": 0.10700276726279054, ""fee"": 2.9678559742385745e-05, ""fee_pct_nav"": 3.2100830178837154e-05, ""name"": ""新华保险""}, {""ts_code"": ""01359.HK"", ""side"": ""sell"", ""current_weight"": 0.13177181280181693, ""target_weight"": 0.11202132251129662, ""post_trade_weight"": 0.11206741975972731, ""diff_weight"": -0.019750490290520305, ""gross_amount"": 0.018260154107012885, ""gross_amount_pct_nav"": 0.019750490290520305, ""fee"": 5.478046232103865e-06, ""fee_pct_nav"": 5.925147087156091e-06, ""name"": ""中国信达""}, {""ts_code"": ""01918.HK"", ""side"": ""buy"", ""current_weight"": 0.0, ""target_weight"": 0.11345519543944123, ""post_trade_weight"": 0.11350188273265183, ""diff_weight"": 0.11345519543944123, ""gross_amount"": 0.10489407212132987, ""gross_amount_pct_nav"": 0.11345519543944123, ""fee"": 3.1468221636398956e-05, ""fee_pct_nav"": 3.4036558631832366e-05, ""name"": ""融创中国""}, {""ts_code"": ""02208.HK"", ""side"": ""sell"", ""current_weight"": 0.16465370412863198, ""target_weight"": 0.09409791090948919, ""post_trade_weight"": 0.09413663259817096, ""diff_weight"": -0.07055579321914279, ""gross_amount"": 0.0652317810025435, ""gross_amount_pct_nav"": 0.07055579321914279, ""fee"": 1.956953430076305e-05, ""fee_pct_nav"": 2.116673796574284e-05, ""name"": ""金风科技""}, {""ts_code"": ""03759.HK"", ""side"": ""sell"", ""current_weight"": 0.10150666023043602, ""target_weight"": 0.0, ""post_trade_weight"": 0.0, ""diff_weight"": -0.10150666023043602, ""gross_amount"": 0.09384715171276532, ""gross_amount_pct_nav"": 0.10150666023043602, ""fee"": 2.8154145513829595e-05, ""fee_pct_nav"": 3.04519980691308e-05, ""name"": ""康龙化成""}, {""ts_code"": ""03958.HK"", ""side"": ""buy"", ""current_weight"": 0.0, ""target_weight"": 0.08477773687654931, ""post_trade_weight"": 0.08481262327416166, ""diff_weight"": 0.08477773687654931, ""gross_amount"": 0.07838056258039343, ""gross_amount_pct_nav"": 0.08477773687654931, ""fee"": 2.3514168774118025e-05, ""fee_pct_nav"": 2.543332106296479e-05, ""name"": ""东方证券""}, {""ts_code"": ""06066.HK"", ""side"": ""sell"", ""current_weight"": 0.08798811329777352, ""target_weight"": 0.0, ""post_trade_weight"": 0.0, ""diff_weight"": -0.08798811329777352, ""gross_amount"": 0.08134868981828845, ""gross_amount_pct_nav"": 0.08798811329777352, ""fee"": 2.4404606945486534e-05, ""fee_pct_nav"": 2.6396433989332054e-05, ""name"": ""中信建投证券""}, {""ts_code"": ""06178.HK"", ""side"": ""sell"", ""current_weight"": 0.10439533385285432, ""target_weight"": 0.0, ""post_trade_weight"": 0.0, ""diff_weight"": -0.10439533385285432, ""gross_amount"": 0.09651785126170456, ""gross_amount_pct_nav"": 0.10439533385285432, ""fee"": 2.8955355378511368e-05, ""fee_pct_nav"": 3.1318600155856294e-05, ""name"": ""光大证券""}, {""ts_code"": ""06806.HK"", ""side"": ""sell"", ""current_weight"": 0.08412287441470458, ""target_weight"": 0.0, ""post_trade_weight"": 0.0, ""diff_weight"": -0.08412287441470458, ""gross_amount"": 0.07777511485244906, ""gross_amount_pct_nav"": 0.08412287441470458, ""fee"": 2.3332534455734717e-05, ""fee_pct_nav"": 2.523686232441137e-05, ""name"": ""申万宏源""}, {""ts_code"": ""06855.HK"", ""side"": ""buy"", ""current_weight"": 0.0, ""target_weight"": 0.12492617886459799, ""post_trade_weight"": 0.1249775865160479, ""diff_weight"": 0.12492617886459799, ""gross_amount"": 0.11549947593770445, ""gross_amount_pct_nav"": 0.12492617886459799, ""fee"": 3.464984278131133e-05, ""fee_pct_nav"": 3.74778536593794e-05, ""name"": ""亚盛医药-B""}, {""ts_code"": ""06881.HK"", ""side"": ""sell"", ""current_weight"": 0.1061467371751234, ""target_weight"": 0.0, ""post_trade_weight"": 0.0, ""diff_weight"": -0.1061467371751234, ""gross_amount"": 0.09813709686511715, ""gross_amount_pct_nav"": 0.1061467371751234, ""fee"": 2.944112905953514e-05, ""fee_pct_nav"": 3.184402115253702e-05, ""name"": ""中国银河""}, {""ts_code"": ""06886.HK"", ""side"": ""sell"", ""current_weight"": 0.11305163634892149, ""target_weight"": 0.0, ""post_trade_weight"": 0.0, ""diff_weight"": -0.11305163634892149, ""gross_amount"": 0.10452096486800191, ""gross_amount_pct_nav"": 0.11305163634892149, ""fee"": 3.135628946040057e-05, ""fee_pct_nav"": 3.391549090467644e-05, ""name"": ""HTSC""}, {""ts_code"": ""09992.HK"", ""side"": ""buy"", ""current_weight"": 0.0, ""target_weight"": 0.14930201864305617, ""post_trade_weight"": 0.1493634570557646, ""diff_weight"": 0.14930201864305617, ""gross_amount"": 0.13803595904750046, ""gross_amount_pct_nav"": 0.14930201864305617, ""fee"": 4.1410787714250136e-05, ""fee_pct_nav"": 4.479060559291685e-05, ""name"": ""泡泡玛特""}]"
2024-11-04,0.38391363,0.76782725,0.38344085,0.36780401,0.00022537,0.00011503,0.00011034,0.00000000,rebalance,"[{""ts_code"": ""00966.HK"", ""side"": ""buy"", ""current_weight"": 0.08861500042193546, ""target_weight"": 0.10437516391340473, ""post_trade_weight"": 0.10439921208141821, ""diff_weight"": 0.01576016349146928, ""gross_amount"": 0.015419798894524994, ""gross_amount_pct_nav"": 0.01576016349146928, ""fee"": 4.625939668357498e-06, ""fee_pct_nav"": 4.728049047440783e-06, ""name"": ""中国太平""}, {""ts_code"": ""01336.HK"", ""side"": ""sell"", ""current_weight"": 0.10186959841467741, ""target_weight"": 0.0, ""post_trade_weight"": 0.0, ""diff_weight"": -0.10186959841467741, ""gross_amount"": 0.09966957017105826, ""gross_amount_pct_nav"": 0.10186959841467741, ""fee"": 2.9900871051317475e-05, ""fee_pct_nav"": 3.056087952440322e-05, ""name"": ""新华保险""}, {""ts_code"": ""01810.HK"", ""side"": ""buy"", ""current_weight"": 0.0, ""target_weight"": 0.1516393890817389, ""post_trade_weight"": 0.15167432698621133, ""diff_weight"": 0.1516393890817389, ""gross_amount"": 0.1483645068399639, ""gross_amount_pct_nav"": 0.1516393890817389, ""fee"": 4.450935205198917e-05, ""fee_pct_nav"": 4.549181672452167e-05, ""name"": ""小米集团-W""}, {""ts_code"": ""02618.HK"", ""side"": ""buy"", ""current_weight"": 0.0, ""target_weight"": 0.08468173675993214, ""post_trade_weight"": 0.08470124753775439, ""diff_weight"": 0.08468173675993214, ""gross_amount"": 0.08285290641712272, ""gross_amount_pct_nav"": 0.08468173675993214, ""fee"": 2.4855871925136813e-05, ""fee_pct_nav"": 2.5404521027979637e-05, ""name"": ""京东物流""}, {""ts_code"": ""03900.HK"", ""side"": ""buy"", ""current_weight"": 0.0, ""target_weight"": 0.1398233327896554, ""post_trade_weight"": 0.13985554826001306, ""diff_weight"": 0.1398233327896554, ""gross_amount"": 0.1368036361771096, ""gross_amount_pct_nav"": 0.1398233327896554, ""fee"": 4.104109085313288e-05, ""fee_pct_nav"": 4.194699983689661e-05, ""name"": ""绿城中国""}, {""ts_code"": ""03958.HK"", ""side"": ""sell"", ""current_weight"": 0.08650706385544607, ""target_weight"": 0.0, ""post_trade_weight"": 0.0, ""diff_weight"": -0.08650706385544607, ""gross_amount"": 0.08463881280983161, ""gross_amount_pct_nav"": 0.08650706385544607, ""fee"": 2.5391643842949483e-05, ""fee_pct_nav"": 2.595211915663382e-05, ""name"": ""东方证券""}, {""ts_code"": ""06855.HK"", ""side"": ""sell"", ""current_weight"": 0.11369516747896476, ""target_weight"": 0.0, ""post_trade_weight"": 0.0, ""diff_weight"": -0.11369516747896476, ""gross_amount"": 0.11123974816339502, ""gross_amount_pct_nav"": 0.11369516747896476, ""fee"": 3.3371924449018505e-05, ""fee_pct_nav"": 3.4108550243689425e-05, ""name"": ""亚盛医药-B""}, {""ts_code"": ""09992.HK"", ""side"": ""sell"", ""current_weight"": 0.16115832642310962, ""target_weight"": 0.08730752704706184, ""post_trade_weight"": 0.08732764281024291, ""diff_weight"": -0.07385079937604778, ""gross_amount"": 0.0722558795278338, ""gross_amount_pct_nav"": 0.07385079937604778, ""fee"": 2.167676385835014e-05, ""fee_pct_nav"": 2.215523981281433e-05, ""name"": ""泡泡玛特""}]"
2024-11-18,0.32230461,0.64460921,0.29258545,0.30602316,0.00017958,0.00008778,0.00009181,0.00000000,rebalance,"[{""ts_code"": ""00966.HK"", ""side"": ""sell"", ""current_weight"": 0.10291091640520232, ""target_weight"": 0.0, ""post_trade_weight"": 0.0, ""diff_weight"": -0.10291091640520232, ""gross_amount"": 0.09556698830778915, ""gross_amount_pct_nav"": 0.10291091640520232, ""fee"": 2.8670096492336743e-05, ""fee_pct_nav"": 3.0873274921560696e-05, ""name"": ""中国太平""}, {""ts_code"": ""01359.HK"", ""side"": ""buy"", ""current_weight"": 0.10982449456251697, ""target_weight"": 0.13088253914853826, ""post_trade_weight"": 0.13090785447126824, ""diff_weight"": 0.02105804458602128, ""gross_amount"": 0.01955530055541771, ""gross_amount_pct_nav"": 0.02105804458602128, ""fee"": 5.866590166625313e-06, ""fee_pct_nav"": 6.3174133758063845e-06, ""name"": ""中国信达""}, {""ts_code"": ""01810.HK"", ""side"": ""sell"", ""current_weight"": 0.168544041534454, ""target_weight"": 0.07512997701773234, ""post_trade_weight"": 0.07514450867052021, ""diff_weight"": -0.09341406451672163, ""gross_amount"": 0.08674785069741452, ""gross_amount_pct_nav"": 0.09341406451672163, ""fee"": 2.6024355209224353e-05, ""fee_pct_nav"": 2.802421935501649e-05, ""name"": ""小米集团-W""}, {""ts_code"": ""02208.HK"", ""side"": ""sell"", ""current_weight"": 0.0893119529935645, ""target_weight"": 0.0, ""post_trade_weight"": 0.0, ""diff_weight"": -0.0893119529935645, ""gross_amount"": 0.08293847402810922, ""gross_amount_pct_nav"": 0.0893119529935645, ""fee"": 2.4881542208432766e-05, ""fee_pct_nav"": 2.6793585898069348e-05, ""name"": ""金风科技""}, {""ts_code"": ""02727.HK"", ""side"": ""buy"", ""current_weight"": 0.0, ""target_weight"": 0.11592453467441959, ""post_trade_weight"": 0.11594695681740899, ""diff_weight"": 0.11592453467441959, ""gross_amount"": 0.1076519288410118, ""gross_amount_pct_nav"": 0.11592453467441959, ""fee"": 3.229557865230354e-05, ""fee_pct_nav"": 3.477736040232587e-05, ""name"": ""上海电气""}, {""ts_code"": ""03900.HK"", ""side"": ""sell"", ""current_weight"": 0.1299113699588354, ""target_weight"": 0.08600852572618228, ""post_trade_weight"": 0.08602516150969054, ""diff_weight"": -0.04390284423265311, ""gross_amount"": 0.04076984976929571, ""gross_amount_pct_nav"": 0.04390284423265311, ""fee"": 1.2230954930788711e-05, ""fee_pct_nav"": 1.3170853269795932e-05, ""name"": ""绿城中国""}, {""ts_code"": ""06055.HK"", ""side"": ""buy"", ""current_weight"": 0.0, ""target_weight"": 0.14448072503410062, ""post_trade_weight"": 0.14450867052023111, ""diff_weight"": 0.14448072503410062, ""gross_amount"": 0.134170292543783, ""gross_amount_pct_nav"": 0.14448072503410062, ""fee"": 4.025108776313489e-05, ""fee_pct_nav"": 4.334421751023018e-05, ""name"": ""中烟香港""}, {""ts_code"": ""06099.HK"", ""side"": ""buy"", ""current_weight"": 0.11039678575091148, ""target_weight"": 0.12952272055998199, ""post_trade_weight"": 0.12954777286637192, ""diff_weight"": 0.019125934809070506, ""gross_amount"": 0.017761069982868985, ""gross_amount_pct_nav"": 0.019125934809070506, ""fee"": 5.328320994860695e-06, ""fee_pct_nav"": 5.737780442721151e-06, ""name"": ""招商证券""}, {""ts_code"": ""09992.HK"", ""side"": ""buy"", ""current_weight"": 0.09464524557353933, ""target_weight"": 0.10912544173163838, ""post_trade_weight"": 0.10914654879292753, ""diff_weight"": 0.014480196158099047, ""gross_amount"": 0.013446860501045835, ""gross_amount_pct_nav"": 0.014480196158099047, ""fee"": 4.03405815031375e-06, ""fee_pct_nav"": 4.344058847429714e-06, ""name"": ""泡泡玛特""}]"
2024-12-02,0.43100958,0.86201916,0.41239087,0.41199954,0.00024732,0.00012372,0.00012360,0.00000000,rebalance,"[{""ts_code"": ""01359.HK"", ""side"": ""sell"", ""current_weight"": 0.12807542293700644, ""target_weight"": 0.06771737047734948, ""post_trade_weight"": 0.06773488710854593, ""diff_weight"": -0.06035805245965695, ""gross_amount"": 0.057723310131059094, ""gross_amount_pct_nav"": 0.06035805245965695, ""fee"": 1.7316993039317726e-05, ""fee_pct_nav"": 1.8107415737897082e-05, ""name"": ""中国信达""}, {""ts_code"": ""01810.HK"", ""side"": ""sell"", ""current_weight"": 0.07231981819443914, ""target_weight"": 0.0, ""post_trade_weight"": 0.0, ""diff_weight"": -0.07231981819443914, ""gross_amount"": 0.06916292233003482, ""gross_amount_pct_nav"": 0.07231981819443914, ""fee"": 2.0748876699010445e-05, ""fee_pct_nav"": 2.169594545833174e-05, ""name"": ""小米集团-W""}, {""ts_code"": ""01918.HK"", ""side"": ""sell"", ""current_weight"": 0.11460638583661155, ""target_weight"": 0.09975569629459011, ""post_trade_weight"": 0.0997815003642021, ""diff_weight"": -0.014850689542021449, ""gross_amount"": 0.014202429057285262, ""gross_amount_pct_nav"": 0.014850689542021449, ""fee"": 4.260728717185579e-06, ""fee_pct_nav"": 4.455206862606435e-06, ""name"": ""融创中国""}, {""ts_code"": ""02208.HK"", ""side"": ""buy"", ""current_weight"": 0.0, ""target_weight"": 0.1507257600947456, ""post_trade_weight"": 0.15076474872547319, ""diff_weight"": 0.1507257600947456, ""gross_amount"": 0.1441462976378158, ""gross_amount_pct_nav"": 0.1507257600947456, ""fee"": 4.324388929134474e-05, ""fee_pct_nav"": 4.521772802842368e-05, ""name"": ""金风科技""}, {""ts_code"": ""02268.HK"", ""side"": ""buy"", ""current_weight"": 0.0, ""target_weight"": 0.1390754597975672, ""post_trade_weight"": 0.13911143481432553, ""diff_weight"": 0.1390754597975672, ""gross_amount"": 0.13300455482523102, ""gross_amount_pct_nav"": 0.1390754597975672, ""fee"": 3.99013664475693e-05, ""fee_pct_nav"": 4.172263793927015e-05, ""name"": ""药明合联""}, {""ts_code"": ""02618.HK"", ""side"": ""sell"", ""current_weight"": 0.0773132204441065, ""target_weight"": 0.06626108294020218, ""post_trade_weight"": 0.06627822286965249, ""diff_weight"": -0.011052137503904325, ""gross_amount"": 0.0105696909484512, ""gross_amount_pct_nav"": 0.011052137503904325, ""fee"": 3.1709072845353593e-06, ""fee_pct_nav"": 3.315641251171297e-06, ""name"": ""京东物流""}, {""ts_code"": ""02727.HK"", ""side"": ""sell"", ""current_weight"": 0.127880681657008, ""target_weight"": 0.0924742586088536, ""post_trade_weight"": 0.09249817916973478, ""diff_weight"": -0.035406423048154397, ""gross_amount"": 0.03386086619686984, ""gross_amount_pct_nav"": 0.035406423048154397, ""fee"": 1.0158259859060952e-05, ""fee_pct_nav"": 1.0621926914446318e-05, ""name"": ""上海电气""}, {""ts_code"": ""03900.HK"", ""side"": ""sell"", ""current_weight"": 0.08772358674181505, ""target_weight"": 0.0, ""post_trade_weight"": 0.0, ""diff_weight"": -0.08772358674181505, ""gross_amount"": 0.08389428745553387, ""gross_amount_pct_nav"": 0.08772358674181505, ""fee"": 2.516828623666016e-05, ""fee_pct_nav"": 2.631707602254451e-05, ""name"": ""绿城中国""}, {""ts_code"": ""06055.HK"", ""side"": ""sell"", ""current_weight"": 0.12340941628541806, ""target_weight"": 0.0, ""post_trade_weight"": 0.0, ""diff_weight"": -0.12340941628541806, ""gross_amount"": 0.11802236352966397, ""gross_amount_pct_nav"": 0.12340941628541806, ""fee"": 3.540670905889919e-05, ""fee_pct_nav"": 3.7022824885625415e-05, ""name"": ""中烟香港""}, {""ts_code"": ""06099.HK"", ""side"": ""sell"", ""current_weight"": 0.13709086119215438, ""target_weight"": 0.11140599659176852, ""post_trade_weight"": 0.11143481427534978, ""diff_weight"": -0.02568486460038588, ""gross_amount"": 0.024563672030228426, ""gross_amount_pct_nav"": 0.02568486460038588, ""fee"": 7.369101609068527e-06, ""fee_pct_nav"": 7.705459380115765e-06, ""name"": ""招商证券""}, {""ts_code"": ""09868.HK"", ""side"": ""buy"", ""current_weight"": 0.0, ""target_weight"": 0.10121198383173739, ""post_trade_weight"": 0.10123816460309554, ""diff_weight"": 0.10121198383173739, ""gross_amount"": 0.09679389068433043, ""gross_amount_pct_nav"": 0.10121198383173739, ""fee"": 2.903816720529913e-05, ""fee_pct_nav"": 3.0363595149521215e-05, ""name"": ""小鹏集团-W""}, {""ts_code"": ""09992.HK"", ""side"": ""buy"", ""current_weight"": 0.1309128152512642, ""target_weight"": 0.1711137856148079, ""post_trade_weight"": 0.17115804806998172, ""diff_weight"": 0.040200970363543705, ""gross_amount"": 0.03844612251886992, ""gross_amount_pct_nav"": 0.040200970363543705, ""fee"": 1.1533836755660974e-05, ""fee_pct_nav"": 1.2060291109063111e-05, ""name"": ""泡泡玛特""}]"
2024-12-16,0.59907564,1.19815127,0.56300068,0.56282669,0.00033775,0.00016890,0.00016885,0.00000000,rebalance,"[{""ts_code"": ""00270.HK"", ""side"": ""buy"", ""current_weight"": 0.0, ""target_weight"": 0.14735328154880062, ""post_trade_weight"": 0.14740626605033372, ""diff_weight"": 0.14735328154880062, ""gross_amount"": 0.13845860753678554, ""gross_amount_pct_nav"": 0.14735328154880062, ""fee"": 4.153758226103566e-05, ""fee_pct_nav"": 4.420598446464018e-05, ""name"": ""粤海投资""}, {""ts_code"": ""00670.HK"", ""side"": ""buy"", ""current_weight"": 0.0, ""target_weight"": 0.08471530123885751, ""post_trade_weight"": 0.08474576271186435, ""diff_weight"": 0.08471530123885751, ""gross_amount"": 0.07960163847933664, ""gross_amount_pct_nav"": 0.08471530123885751, ""fee"": 2.388049154380099e-05, ""fee_pct_nav"": 2.5414590371657252e-05, ""name"": ""中国东方航空股份""}, {""ts_code"": ""00753.HK"", ""side"": ""buy"", ""current_weight"": 0.0, ""target_weight"": 0.13913846445897204, ""post_trade_weight"": 0.13918849512069842, ""diff_weight"": 0.13913846445897204, ""gross_amount"": 0.13073966077515292, ""gross_amount_pct_nav"": 0.13913846445897204, ""fee"": 3.9221898232545875e-05, ""fee_pct_nav"": 4.174153933769161e-05, ""name"": ""中国国航""}, {""ts_code"": ""01359.HK"", ""side"": ""sell"", ""current_weight"": 0.06627086027355851, ""target_weight"": 0.0, ""post_trade_weight"": 0.0, ""diff_weight"": -0.06627086027355851, ""gross_amount"": 0.062270557786681856, ""gross_amount_pct_nav"": 0.06627086027355851, ""fee"": 1.8681167336004556e-05, ""fee_pct_nav"": 1.9881258082067552e-05, ""name"": ""中国信达""}, {""ts_code"": ""01456.HK"", ""side"": ""buy"", ""current_weight"": 0.0, ""target_weight"": 0.09395697046491469, ""post_trade_weight"": 0.0939907550077041, ""diff_weight"": 0.09395697046491469, ""gross_amount"": 0.08828545358617337, ""gross_amount_pct_nav"": 0.09395697046491469, ""fee"": 2.6485636075852008e-05, ""fee_pct_nav"": 2.8187091139474405e-05, ""name"": ""国联民生""}, {""ts_code"": ""01918.HK"", ""side"": ""sell"", ""current_weight"": 0.09597739690733963, ""target_weight"": 0.0, ""post_trade_weight"": 0.0, ""diff_weight"": -0.09597739690733963, ""gross_amount"": 0.09018392119346592, ""gross_amount_pct_nav"": 0.09597739690733963, ""fee"": 2.7055176358039776e-05, ""fee_pct_nav"": 2.8793219072201887e-05, ""name"": ""融创中国""}, {""ts_code"": ""02208.HK"", ""side"": ""sell"", ""current_weight"": 0.13885241666090878, ""target_weight"": 0.0, ""post_trade_weight"": 0.0, ""diff_weight"": -0.13885241666090878, ""gross_amount"": 0.13047087965679224, ""gross_amount_pct_nav"": 0.13885241666090878, ""fee"": 3.914126389703767e-05, ""fee_pct_nav"": 4.165572499827263e-05, ""name"": ""金风科技""}, {""ts_code"": ""02268.HK"", ""side"": ""sell"", ""current_weight"": 0.1546982041805002, ""target_weight"": 0.12373568241554339, ""post_trade_weight"": 0.12378017462763216, ""diff_weight"": -0.030962521764956813, ""gross_amount"": 0.02909353361081106, ""gross_amount_pct_nav"": 0.030962521764956813, ""fee"": 8.728060083243317e-06, ""fee_pct_nav"": 9.288756529487044e-06, ""name"": ""药明合联""}, {""ts_code"": ""02382.HK"", ""side"": ""buy"", ""current_weight"": 0.0, ""target_weight"": 0.13400420377782915, ""post_trade_weight"": 0.13405238828967633, ""diff_weight"": 0.13400420377782915, ""gross_amount"": 0.1259153190491325, ""gross_amount_pct_nav"": 0.13400420377782915, ""fee"": 3.7774595714739746e-05, ""fee_pct_nav"": 4.020126113334874e-05, ""name"": ""舜宇光学科技""}, {""ts_code"": ""02618.HK"", ""side"": ""sell"", ""current_weight"": 0.06657857781648054, ""target_weight"": 0.0, ""post_trade_weight"": 0.0, ""diff_weight"": -0.06657857781648054, ""gross_amount"": 0.06255970060087507, ""gross_amount_pct_nav"": 0.06657857781648054, ""fee"": 1.8767910180262517e-05, ""fee_pct_nav"": 1.997357334494416e-05, ""name"": ""京东物流""}, {""ts_code"": ""09868.HK"", ""side"": ""sell"", ""current_weight"": 0.10132327404701873, ""target_weight"": 0.0, ""post_trade_weight"": 0.0, ""diff_weight"": -0.10132327404701873, ""gross_amount"": 0.09520710559114469, ""gross_amount_pct_nav"": 0.10132327404701873, ""fee"": 2.8562131677343405e-05, ""fee_pct_nav"": 3.0396982214105614e-05, ""name"": ""小鹏集团-W""}, {""ts_code"": ""09992.HK"", ""side"": ""sell"", ""current_weight"": 0.17962589533672116, ""target_weight"": 0.08060789269394321, ""post_trade_weight"": 0.0806368772470467, ""diff_weight"": -0.09901800264277794, ""gross_amount"": 0.09304098709503342, ""gross_amount_pct_nav"": 0.09901800264277794, ""fee"": 2.7912296128510022e-05, ""fee_pct_nav"": 2.9705400792833378e-05, ""name"": ""泡泡玛特""}]"
2024-12-30,0.79204225,1.58408449,0.75514298,0.75610810,0.00045338,0.00022654,0.00022683,0.00000000,rebalance,"[{""ts_code"": ""00270.HK"", ""side"": ""sell"", ""current_weight"": 0.14761045154481645, ""target_weight"": 0.13305804587610603, ""post_trade_weight"": 0.1331213084961378, ""diff_weight"": -0.014552405668710437, ""gross_amount"": 0.013883311764448125, ""gross_amount_pct_nav"": 0.014552405668710437, ""fee"": 4.164993529334437e-06, ""fee_pct_nav"": 4.365721700613131e-06, ""name"": ""粤海投资""}, {""ts_code"": ""00670.HK"", ""side"": ""sell"", ""current_weight"": 0.08153444107932556, ""target_weight"": 0.0, ""post_trade_weight"": 0.0, ""diff_weight"": -0.08153444107932556, ""gross_amount"": 0.07778563151783086, ""gross_amount_pct_nav"": 0.08153444107932556, ""fee"": 2.3335689455349253e-05, ""fee_pct_nav"": 2.446033232379766e-05, ""name"": ""中国东方航空股份""}, {""ts_code"": ""00753.HK"", ""side"": ""sell"", ""current_weight"": 0.14360535926141138, ""target_weight"": 0.0, ""post_trade_weight"": 0.0, ""diff_weight"": -0.14360535926141138, ""gross_amount"": 0.1370026385368369, ""gross_amount_pct_nav"": 0.14360535926141138, ""fee"": 4.110079156105106e-05, ""fee_pct_nav"": 4.308160777842341e-05, ""name"": ""中国国航""}, {""ts_code"": ""00763.HK"", ""side"": ""buy"", ""current_weight"": 0.0, ""target_weight"": 0.12215909331287547, ""post_trade_weight"": 0.12221717401181248, ""diff_weight"": 0.12215909331287547, ""gross_amount"": 0.1165424340094863, ""gross_amount_pct_nav"": 0.12215909331287547, ""fee"": 3.496273020284589e-05, ""fee_pct_nav"": 3.6647727993862645e-05, ""name"": ""中兴通讯""}, {""ts_code"": ""00981.HK"", ""side"": ""buy"", ""current_weight"": 0.0, ""target_weight"": 0.13669103006384953, ""post_trade_weight"": 0.13675601999091286, ""diff_weight"": 0.13669103006384953, ""gross_amount"": 0.130406217980875, ""gross_amount_pct_nav"": 0.13669103006384953, ""fee"": 3.9121865394262497e-05, ""fee_pct_nav"": 4.100730901915485e-05, ""name"": ""中芯国际""}, {""ts_code"": ""01114.HK"", ""side"": ""buy"", ""current_weight"": 0.0, ""target_weight"": 0.09581995795173504, ""post_trade_weight"": 0.09586551567469306, ""diff_weight"": 0.09581995795173504, ""gross_amount"": 0.09141432556134427, ""gross_amount_pct_nav"": 0.09581995795173504, ""fee"": 2.7424297668403276e-05, ""fee_pct_nav"": 2.8745987385520507e-05, ""name"": ""BRILLIANCE CHI""}, {""ts_code"": ""01456.HK"", ""side"": ""sell"", ""current_weight"": 0.09214227000058453, ""target_weight"": 0.0, ""post_trade_weight"": 0.0, ""diff_weight"": -0.09214227000058453, ""gross_amount"": 0.08790573120515756, ""gross_amount_pct_nav"": 0.09214227000058453, ""fee"": 2.6371719361547264e-05, ""fee_pct_nav"": 2.7642681000175356e-05, ""name"": ""国联民生""}, {""ts_code"": ""01810.HK"", ""side"": ""buy"", ""current_weight"": 0.0, ""target_weight"": 0.12670032354755487, ""post_trade_weight"": 0.12676056338028135, ""diff_weight"": 0.12670032354755487, ""gross_amount"": 0.12087486650054528, ""gross_amount_pct_nav"": 0.12670032354755487, ""fee"": 3.626245995016358e-05, ""fee_pct_nav"": 3.801009706426646e-05, ""name"": ""小米集团-W""}, {""ts_code"": ""02268.HK"", ""side"": ""sell"", ""current_weight"": 0.12715103650555115, ""target_weight"": 0.0, ""post_trade_weight"": 0.0, ""diff_weight"": -0.12715103650555115, ""gross_amount"": 0.12130485647296567, ""gross_amount_pct_nav"": 0.12715103650555115, ""fee"": 3.63914569418897e-05, ""fee_pct_nav"": 3.8145310951665344e-05, ""name"": ""药明合联""}, {""ts_code"": ""02382.HK"", ""side"": ""sell"", ""current_weight"": 0.14156234493455752, ""target_weight"": 0.0, ""post_trade_weight"": 0.0, ""diff_weight"": -0.14156234493455752, ""gross_amount"": 0.1350535583995279, ""gross_amount_pct_nav"": 0.14156234493455752, ""fee"": 4.0516067519858367e-05, ""fee_pct_nav"": 4.246870348036725e-05, ""name"": ""舜宇光学科技""}, {""ts_code"": ""02727.HK"", ""side"": ""sell"", ""current_weight"": 0.0774348248866824, ""target_weight"": 0.0, ""post_trade_weight"": 0.0, ""diff_weight"": -0.0774348248866824, ""gross_amount"": 0.07387450843531385, ""gross_amount_pct_nav"": 0.0774348248866824, ""fee"": 2.2162352530594152e-05, ""fee_pct_nav"": 2.3230447466004716e-05, ""name"": ""上海电气""}, {""ts_code"": ""03933.HK"", ""side"": ""buy"", ""current_weight"": 0.0, ""target_weight"": 0.1130766328435167, ""post_trade_weight"": 0.11313039527487474, ""diff_weight"": 0.1130766328435167, ""gross_amount"": 0.10787756902736835, ""gross_amount_pct_nav"": 0.1130766328435167, ""fee"": 3.23632707082105e-05, ""fee_pct_nav"": 3.3922989853055e-05, ""name"": ""联邦制药""}, {""ts_code"": ""06088.HK"", ""side"": ""buy"", ""current_weight"": 0.0, ""target_weight"": 0.12306733935981137, ""post_trade_weight"": 0.12312585188550627, ""diff_weight"": 0.12306733935981137, ""gross_amount"": 0.1174089205076981, ""gross_amount_pct_nav"": 0.12306733935981137, ""fee"": 3.522267615230943e-05, ""fee_pct_nav"": 3.692020180794341e-05, ""name"": ""FIT HON TENG""}, {""ts_code"": ""06099.HK"", ""side"": ""sell"", ""current_weight"": 0.11772986553451639, ""target_weight"": 0.07493029887220987, ""post_trade_weight"": 0.07496592457973628, ""diff_weight"": -0.042799566662306526, ""gross_amount"": 0.04083171819719736, ""gross_amount_pct_nav"": 0.042799566662306526, ""fee"": 1.2249515459159206e-05, ""fee_pct_nav"": 1.2839869998691956e-05, ""name"": ""招商证券""}, {""ts_code"": ""09868.HK"", ""side"": ""buy"", ""current_weight"": 0.0, ""target_weight"": 0.07402205282527399, ""post_trade_weight"": 0.07405724670604251, ""diff_weight"": 0.07402205282527399, ""gross_amount"": 0.07061864960426122, ""gross_amount_pct_nav"": 0.07402205282527399, ""fee"": 2.1185594881278363e-05, ""fee_pct_nav"": 2.2206615847582197e-05, ""name"": ""小鹏集团-W""}, {""ts_code"": ""09992.HK"", ""side"": ""sell"", ""current_weight"": 0.0717658113111417, ""target_weight"": 0.0, ""post_trade_weight"": 0.0, ""diff_weight"": -0.0717658113111417, ""gross_amount"": 0.06846614608905617, ""gross_amount_pct_nav"": 0.0717658113111417, ""fee"": 2.053984382671685e-05, ""fee_pct_nav"": 2.1529743393342506e-05, ""name"": ""泡泡玛特""}]"
2025-01-13,0.28292730,0.56585460,0.25394028,0.25386700,0.00015234,0.00007618,0.00007616,0.00000000,rebalance,"[{""ts_code"": ""00763.HK"", ""side"": ""sell"", ""current_weight"": 0.12003400032581411, ""target_weight"": 0.09761656224683213, ""post_trade_weight"": 0.0976331360946848, ""diff_weight"": -0.022417438078981985, ""gross_amount"": 0.020117779626665208, ""gross_amount_pct_nav"": 0.022417438078981985, ""fee"": 6.035333887999562e-06, ""fee_pct_nav"": 6.725231423694595e-06, ""name"": ""中兴通讯""}, {""ts_code"": ""00981.HK"", ""side"": ""sell"", ""current_weight"": 0.15311346098190046, ""target_weight"": 0.1331134939729529, ""post_trade_weight"": 0.1331360946745702, ""diff_weight"": -0.019999967008947565, ""gross_amount"": 0.01794830111313296, ""gross_amount_pct_nav"": 0.019999967008947565, ""fee"": 5.3844903339398875e-06, ""fee_pct_nav"": 5.999990102684268e-06, ""name"": ""中芯国际""}, {""ts_code"": ""01114.HK"", ""side"": ""buy"", ""current_weight"": 0.09566580823461793, ""target_weight"": 0.12276022221950099, ""post_trade_weight"": 0.12278106508877025, ""diff_weight"": 0.027094413984883065, ""gross_amount"": 0.024314975143059095, ""gross_amount_pct_nav"": 0.027094413984883065, ""fee"": 7.294492542917728e-06, ""fee_pct_nav"": 8.128324195464918e-06, ""name"": ""BRILLIANCE CHI""}, {""ts_code"": ""02268.HK"", ""side"": ""buy"", ""current_weight"": 0.0, ""target_weight"": 0.15677811512370005, ""post_trade_weight"": 0.15680473372782708, ""diff_weight"": 0.15677811512370005, ""gross_amount"": 0.1406952729937361, ""gross_amount_pct_nav"": 0.15677811512370005, ""fee"": 4.220858189812083e-05, ""fee_pct_nav"": 4.703343453711001e-05, ""name"": ""药明合联""}, {""ts_code"": ""03888.HK"", ""side"": ""buy"", ""current_weight"": 0.0, ""target_weight"": 0.09909560106875381, ""post_trade_weight"": 0.09911242603551335, ""diff_weight"": 0.09909560106875381, ""gross_amount"": 0.08893003104321057, ""gross_amount_pct_nav"": 0.09909560106875381, ""fee"": 2.6679009312963168e-05, ""fee_pct_nav"": 2.9728680320626142e-05, ""name"": ""金山软件""}, {""ts_code"": ""03933.HK"", ""side"": ""sell"", ""current_weight"": 0.10750400830672324, ""target_weight"": 0.0, ""post_trade_weight"": 0.0, ""diff_weight"": -0.10750400830672324, ""gross_amount"": 0.09647587473992292, ""gross_amount_pct_nav"": 0.10750400830672324, ""fee"": 2.8942762421976872e-05, ""fee_pct_nav"": 3.225120249201697e-05, ""name"": ""联邦制药""}, {""ts_code"": ""06088.HK"", ""side"": ""sell"", ""current_weight"": 0.11909787583907588, ""target_weight"": 0.0, ""post_trade_weight"": 0.0, ""diff_weight"": -0.11909787583907588, ""gross_amount"": 0.10688040317956213, ""gross_amount_pct_nav"": 0.11909787583907588, ""fee"": 3.2064120953868635e-05, ""fee_pct_nav"": 3.572936275172276e-05, ""name"": ""FIT HON TENG""}, {""ts_code"": ""09868.HK"", ""side"": ""sell"", ""current_weight"": 0.07894489220817637, ""target_weight"": 0.06507770816455476, ""post_trade_weight"": 0.06508875739645653, ""diff_weight"": -0.013867184043621618, ""gross_amount"": 0.012444640268396659, ""gross_amount_pct_nav"": 0.013867184043621618, ""fee"": 3.733392080518997e-06, ""fee_pct_nav"": 4.160155213086485e-06, ""name"": ""小鹏集团-W""}]"
2025-01-27,0.65789306,1.31578611,0.63828715,0.63900583,0.00038319,0.00019149,0.00019170,0.00000000,rebalance,"[{""ts_code"": ""00268.HK"", ""side"": ""buy"", ""current_weight"": 0.0, ""target_weight"": 0.08980907380451532, ""post_trade_weight"": 0.08984453866343568, ""diff_weight"": 0.08980907380451532, ""gross_amount"": 0.08718172203785846, ""gross_amount_pct_nav"": 0.08980907380451532, ""fee"": 2.6154516611357535e-05, ""fee_pct_nav"": 2.6942722141354592e-05, ""name"": ""金蝶国际""}, {""ts_code"": ""00270.HK"", ""side"": ""sell"", ""current_weight"": 0.11890002961471961, ""target_weight"": 0.0, ""post_trade_weight"": 0.0, ""diff_weight"": -0.11890002961471961, ""gross_amount"": 0.11542162604556845, ""gross_amount_pct_nav"": 0.11890002961471961, ""fee"": 3.462648781367053e-05, ""fee_pct_nav"": 3.5670008884415877e-05, ""name"": ""粤海投资""}, {""ts_code"": ""00763.HK"", ""side"": ""buy"", ""current_weight"": 0.10482940864000902, ""target_weight"": 0.14066724593651053, ""post_trade_weight"": 0.1407227942661004, ""diff_weight"": 0.035837837296501515, ""gross_amount"": 0.03478940642927003, ""gross_amount_pct_nav"": 0.035837837296501515, ""fee"": 1.0436821928781009e-05, ""fee_pct_nav"": 1.0751351188950454e-05, ""name"": ""中兴通讯""}, {""ts_code"": ""00981.HK"", ""side"": ""sell"", ""current_weight"": 0.13667174077986768, ""target_weight"": 0.0, ""post_trade_weight"": 0.0, ""diff_weight"": -0.13667174077986768, ""gross_amount"": 0.13267342831122267, ""gross_amount_pct_nav"": 0.13667174077986768, ""fee"": 3.9802028493366794e-05, ""fee_pct_nav"": 4.1001522233960296e-05, ""name"": ""中芯国际""}, {""ts_code"": ""01114.HK"", ""side"": ""sell"", ""current_weight"": 0.12147915200821062, ""target_weight"": 0.0, ""post_trade_weight"": 0.0, ""diff_weight"": -0.12147915200821062, ""gross_amount"": 0.11792529657779528, ""gross_amount_pct_nav"": 0.12147915200821062, ""fee"": 3.537758897333858e-05, ""fee_pct_nav"": 3.644374560246318e-05, ""name"": ""BRILLIANCE CHI""}, {""ts_code"": ""02018.HK"", ""side"": ""buy"", ""current_weight"": 0.0, ""target_weight"": 0.0865799835104204, ""post_trade_weight"": 0.08661417322834587, ""diff_weight"": 0.0865799835104204, ""gross_amount"": 0.08404709832413772, ""gross_amount_pct_nav"": 0.0865799835104204, ""fee"": 2.5214129497241312e-05, ""fee_pct_nav"": 2.5973995053126115e-05, ""name"": ""瑞声科技""}, {""ts_code"": ""02268.HK"", ""side"": ""sell"", ""current_weight"": 0.14042177859710306, ""target_weight"": 0.0, ""post_trade_weight"": 0.0, ""diff_weight"": -0.14042177859710306, ""gross_amount"": 0.13631375930188963, ""gross_amount_pct_nav"": 0.14042177859710306, ""fee"": 4.0894127790566884e-05, ""fee_pct_nav"": 4.2126533579130915e-05, ""name"": ""药明合联""}, {""ts_code"": ""02382.HK"", ""side"": ""buy"", ""current_weight"": 0.0, ""target_weight"": 0.11644906873079852, ""post_trade_weight"": 0.11649505350292673, ""diff_weight"": 0.11644906873079852, ""gross_amount"": 0.11304236767605469, ""gross_amount_pct_nav"": 0.11644906873079852, ""fee"": 3.3912710302816405e-05, ""fee_pct_nav"": 3.4934720619239554e-05, ""name"": ""舜宇光学科技""}, {""ts_code"": ""03888.HK"", ""side"": ""buy"", ""current_weight"": 0.10304389994251455, ""target_weight"": 0.1253290670395596, ""post_trade_weight"": 0.12537855844942375, ""diff_weight"": 0.022285167097045044, ""gross_amount"": 0.021633217681887834, ""gross_amount_pct_nav"": 0.022285167097045044, ""fee"": 6.48996530456635e-06, ""fee_pct_nav"": 6.685550129113513e-06, ""name"": ""金山软件""}, {""ts_code"": ""06088.HK"", ""side"": ""buy"", ""current_weight"": 0.0, ""target_weight"": 0.09384543667213399, ""post_trade_weight"": 0.09388249545729797, ""diff_weight"": 0.09384543667213399, ""gross_amount"": 0.09110000168000941, ""gross_amount_pct_nav"": 0.09384543667213399, ""fee"": 2.733000050400282e-05, ""fee_pct_nav"": 2.8153631001640194e-05, ""name"": ""FIT HON TENG""}, {""ts_code"": ""06099.HK"", ""side"": ""sell"", ""current_weight"": 0.06579779296499383, ""target_weight"": 0.0, ""post_trade_weight"": 0.0, ""diff_weight"": -0.06579779296499383, ""gross_amount"": 0.06387288782717905, ""gross_amount_pct_nav"": 0.06579779296499383, ""fee"": 1.9161866348153713e-05, ""fee_pct_nav"": 1.9739337889498148e-05, ""name"": ""招商证券""}, {""ts_code"": ""06680.HK"", ""side"": ""buy"", ""current_weight"": 0.0, ""target_weight"": 0.11967815902489345, ""post_trade_weight"": 0.11972541893801655, ""diff_weight"": 0.11967815902489345, ""gross_amount"": 0.11617699138977544, ""gross_amount_pct_nav"": 0.11967815902489345, ""fee"": 3.485309741693263e-05, ""fee_pct_nav"": 3.5903447707468034e-05, ""name"": ""金力永磁""}, {""ts_code"": ""06818.HK"", ""side"": ""buy"", ""current_weight"": 0.0, ""target_weight"": 0.09303816409861025, ""post_trade_weight"": 0.09307490409852551, ""diff_weight"": 0.09303816409861025, ""gross_amount"": 0.09031634575157922, ""gross_amount_pct_nav"": 0.09303816409861025, ""fee"": 2.7094903725473764e-05, ""fee_pct_nav"": 2.7911449229583075e-05, ""name"": ""中国光大银行""}, {""ts_code"": ""09868.HK"", ""side"": ""sell"", ""current_weight"": 0.07499272990184719, ""target_weight"": 0.0, ""post_trade_weight"": 0.0, ""diff_weight"": -0.07499272990184719, ""gross_amount"": 0.07279882818293054, ""gross_amount_pct_nav"": 0.07499272990184719, ""fee"": 2.183964845487916e-05, ""fee_pct_nav"": 2.2497818970554155e-05, ""name"": ""小鹏集团-W""}]"
2025-02-10,0.56875878,1.13751755,0.62575174,0.62970332,0.00037664,0.00018773,0.00018891,0.00000000,rebalance,"[{""ts_code"": ""00175.HK"", ""side"": ""buy"", ""current_weight"": 0.0, ""target_weight"": 0.10103484381065146, ""post_trade_weight"": 0.10106933425319052, ""diff_weight"": 0.10103484381065146, ""gross_amount"": 0.1115101086821179, ""gross_amount_pct_nav"": 0.10103484381065146, ""fee"": 3.345303260463537e-05, ""fee_pct_nav"": 3.0310453143195435e-05, ""name"": ""吉利汽车""}, {""ts_code"": ""00268.HK"", ""side"": ""buy"", ""current_weight"": 0.10176573182403596, ""target_weight"": 0.11827628473397081, ""post_trade_weight"": 0.11831666091755748, ""diff_weight"": 0.016510552909934847, ""gross_amount"": 0.01822236250336637, ""gross_amount_pct_nav"": 0.016510552909934847, ""fee"": 5.46670875100991e-06, ""fee_pct_nav"": 4.9531658729804535e-06, ""name"": ""金蝶国际""}, {""ts_code"": ""00285.HK"", ""side"": ""buy"", ""current_weight"": 0.0, ""target_weight"": 0.11689696946010526, ""post_trade_weight"": 0.11693687478440815, ""diff_weight"": 0.11689696946010526, ""gross_amount"": 0.1290168151646347, ""gross_amount_pct_nav"": 0.11689696946010526, ""fee"": 3.8705044549390404e-05, ""fee_pct_nav"": 3.5069090838031574e-05, ""name"": ""比亚迪电子""}, {""ts_code"": ""00763.HK"", ""side"": ""sell"", ""current_weight"": 0.13405383027496862, ""target_weight"": 0.0, ""post_trade_weight"": 0.0, ""diff_weight"": -0.13405383027496862, ""gross_amount"": 0.1479524945990962, ""gross_amount_pct_nav"": 0.13405383027496862, ""fee"": 4.438574837972886e-05, ""fee_pct_nav"": 4.0216149082490584e-05, ""name"": ""中兴通讯""}, {""ts_code"": ""01810.HK"", ""side"": ""sell"", ""current_weight"": 0.13908547366908974, ""target_weight"": 0.11758662709703804, ""post_trade_weight"": 0.11762676785098282, ""diff_weight"": -0.02149884657205169, ""gross_amount"": 0.023727841083047485, ""gross_amount_pct_nav"": 0.02149884657205169, ""fee"": 7.118352324914245e-06, ""fee_pct_nav"": 6.449653971615506e-06, ""name"": ""小米集团-W""}, {""ts_code"": ""02018.HK"", ""side"": ""buy"", ""current_weight"": 0.08954424429590765, ""target_weight"": 0.1058624472691809, ""post_trade_weight"": 0.10589858571921329, ""diff_weight"": 0.016318202973273247, ""gross_amount"": 0.018010069778073193, ""gross_amount_pct_nav"": 0.016318202973273247, ""fee"": 5.403020933421957e-06, ""fee_pct_nav"": 4.8954608919819734e-06, ""name"": ""瑞声科技""}, {""ts_code"": ""02269.HK"", ""side"": ""buy"", ""current_weight"": 0.0, ""target_weight"": 0.07758648415493713, ""post_trade_weight"": 0.07761296998965142, ""diff_weight"": 0.07758648415493713, ""gross_amount"": 0.08563062953404958, ""gross_amount_pct_nav"": 0.07758648415493713, ""fee"": 2.5689188860214872e-05, ""fee_pct_nav"": 2.3275945246481134e-05, ""name"": ""药明生物""}, {""ts_code"": ""02498.HK"", ""side"": ""buy"", ""current_weight"": 0.0, ""target_weight"": 0.11965560000783637, ""post_trade_weight"": 0.11969644705070685, ""diff_weight"": 0.11965560000783637, ""gross_amount"": 0.1320614597702898, ""gross_amount_pct_nav"": 0.11965560000783637, ""fee"": 3.9618437931086935e-05, ""fee_pct_nav"": 3.5896680002350906e-05, ""name"": ""速腾聚创""}, {""ts_code"": ""03888.HK"", ""side"": ""sell"", ""current_weight"": 0.13126598486863877, ""target_weight"": 0.0, ""post_trade_weight"": 0.0, ""diff_weight"": -0.13126598486863877, ""gross_amount"": 0.14487560614632253, ""gross_amount_pct_nav"": 0.13126598486863877, ""fee"": 4.346268184389675e-05, ""fee_pct_nav"": 3.9379795460591626e-05, ""name"": ""金山软件""}, {""ts_code"": ""06088.HK"", ""side"": ""sell"", ""current_weight"": 0.08624142740150069, ""target_weight"": 0.0, ""post_trade_weight"": 0.0, ""diff_weight"": -0.08624142740150069, ""gross_amount"": 0.09518291492057006, ""gross_amount_pct_nav"": 0.08624142740150069, ""fee"": 2.8554874476171015e-05, ""fee_pct_nav"": 2.5872428220450204e-05, ""name"": ""FIT HON TENG""}, {""ts_code"": ""06680.HK"", ""side"": ""sell"", ""current_weight"": 0.11855122463148587, ""target_weight"": 0.0, ""post_trade_weight"": 0.0, ""diff_weight"": -0.11855122463148587, ""gross_amount"": 0.1308425830580786, ""gross_amount_pct_nav"": 0.11855122463148587, ""fee"": 3.925277491742358e-05, ""fee_pct_nav"": 3.556536738944576e-05, ""name"": ""金力永磁""}, {""ts_code"": ""06818.HK"", ""side"": ""sell"", ""current_weight"": 0.07893764370085411, ""target_weight"": 0.0, ""post_trade_weight"": 0.0, ""diff_weight"": -0.07893764370085411, ""gross_amount"": 0.08712187693078381, ""gross_amount_pct_nav"": 0.07893764370085411, ""fee"": 2.613656307923514e-05, ""fee_pct_nav"": 2.368129311025623e-05, ""name"": ""中国光大银行""}, {""ts_code"": ""09868.HK"", ""side"": ""buy"", ""current_weight"": 0.0, ""target_weight"": 0.11896594237090359, ""post_trade_weight"": 0.11900655398413217, ""diff_weight"": 0.11896594237090359, ""gross_amount"": 0.13130029861887602, ""gross_amount_pct_nav"": 0.11896594237090359, ""fee"": 3.93900895856628e-05, ""fee_pct_nav"": 3.568978271127107e-05, ""name"": ""小鹏集团-W""}]"
2025-02-24,0.54254468,1.08508936,0.66413814,0.64128493,0.00039163,0.00019924,0.00019239,0.00000000,rebalance,"[{""ts_code"": ""00175.HK"", ""side"": ""sell"", ""current_weight"": 0.09132905905288233, ""target_weight"": 0.0, ""post_trade_weight"": 0.0, ""diff_weight"": -0.09132905905288233, ""gross_amount"": 0.1098739558459243, ""gross_amount_pct_nav"": 0.09132905905288233, ""fee"": 3.2962186753777286e-05, ""fee_pct_nav"": 2.7398717715864697e-05, ""name"": ""吉利汽车""}, {""ts_code"": ""00268.HK"", ""side"": ""sell"", ""current_weight"": 0.1168268161542425, ""target_weight"": 0.0, ""post_trade_weight"": 0.0, ""diff_weight"": -0.1168268161542425, ""gross_amount"": 0.14054918087263538, ""gross_amount_pct_nav"": 0.1168268161542425, ""fee"": 4.216475426179061e-05, ""fee_pct_nav"": 3.5048044846272746e-05, ""name"": ""金蝶国际""}, {""ts_code"": ""00285.HK"", ""side"": ""sell"", ""current_weight"": 0.11346781426713183, ""target_weight"": 0.0, ""post_trade_weight"": 0.0, ""diff_weight"": -0.11346781426713183, ""gross_amount"": 0.136508114109678, ""gross_amount_pct_nav"": 0.11346781426713183, ""fee"": 4.0952434232903395e-05, ""fee_pct_nav"": 3.4040344280139546e-05, ""name"": ""比亚迪电子""}, {""ts_code"": ""00981.HK"", ""side"": ""buy"", ""current_weight"": 0.0, ""target_weight"": 0.0970966060480685, ""post_trade_weight"": 0.09712822388878718, ""diff_weight"": 0.0970966060480685, ""gross_amount"": 0.1168126368140644, ""gross_amount_pct_nav"": 0.0970966060480685, ""fee"": 3.5043791044219315e-05, ""fee_pct_nav"": 2.9128981814420546e-05, ""name"": ""中芯国际""}, {""ts_code"": ""01347.HK"", ""side"": ""buy"", ""current_weight"": 0.0, ""target_weight"": 0.11684506829513326, ""post_trade_weight"": 0.11688311688311676, ""diff_weight"": 0.11684506829513326, ""gross_amount"": 0.14057113921692493, ""gross_amount_pct_nav"": 0.11684506829513326, ""fee"": 4.2171341765077474e-05, ""fee_pct_nav"": 3.5053520488539975e-05, ""name"": ""华虹半导体""}, {""ts_code"": ""01810.HK"", ""side"": ""sell"", ""current_weight"": 0.12722921989101188, ""target_weight"": 0.0941709079373922, ""post_trade_weight"": 0.0942015730748124, ""diff_weight"": -0.03305831195361966, ""gross_amount"": 0.039770994529020776, ""gross_amount_pct_nav"": 0.03305831195361966, ""fee"": 1.1931298358706232e-05, ""fee_pct_nav"": 9.917493586085898e-06, ""name"": ""小米集团-W""}, {""ts_code"": ""01833.HK"", ""side"": ""buy"", ""current_weight"": 0.0, ""target_weight"": 0.11245652112911884, ""post_trade_weight"": 0.11249314066215461, ""diff_weight"": 0.11245652112911884, ""gross_amount"": 0.13529147201628924, ""gross_amount_pct_nav"": 0.11245652112911884, ""fee"": 4.058744160488677e-05, ""fee_pct_nav"": 3.373695633873565e-05, ""name"": ""平安好医生""}, {""ts_code"": ""02018.HK"", ""side"": ""sell"", ""current_weight"": 0.10114679303241479, ""target_weight"": 0.0, ""post_trade_weight"": 0.0, ""diff_weight"": -0.10114679303241479, ""gross_amount"": 0.12168523782956515, ""gross_amount_pct_nav"": 0.10114679303241479, ""fee"": 3.6505571348869546e-05, ""fee_pct_nav"": 3.0344037909724438e-05, ""name"": ""瑞声科技""}, {""ts_code"": ""02252.HK"", ""side"": ""buy"", ""current_weight"": 0.0, ""target_weight"": 0.12050219093347861, ""post_trade_weight"": 0.12054143040058524, ""diff_weight"": 0.12050219093347861, ""gross_amount"": 0.14497086188412137, ""gross_amount_pct_nav"": 0.12050219093347861, ""fee"": 4.349125856523641e-05, ""fee_pct_nav"": 3.615065728004358e-05, ""name"": ""微创机器人-B""}, {""ts_code"": ""02268.HK"", ""side"": ""buy"", ""current_weight"": 0.0, ""target_weight"": 0.1051422758524282, ""post_trade_weight"": 0.10517651362721775, ""diff_weight"": 0.1051422758524282, ""gross_amount"": 0.12649202668189646, ""gross_amount_pct_nav"": 0.1051422758524282, ""fee"": 3.7947608004568934e-05, ""fee_pct_nav"": 3.1542682755728457e-05, ""name"": ""药明合联""}, {""ts_code"": ""02269.HK"", ""side"": ""sell"", ""current_weight"": 0.07721790429257597, ""target_weight"": 0.0, ""post_trade_weight"": 0.0, ""diff_weight"": -0.07721790429257597, ""gross_amount"": 0.09289744901285654, ""gross_amount_pct_nav"": 0.07721790429257597, ""fee"": 2.786923470385696e-05, ""fee_pct_nav"": 2.3165371287772787e-05, ""name"": ""药明生物""}]"
2025-03-10,0.60079762,1.20159524,0.71267092,0.72543894,0.00043143,0.00021380,0.00021763,0.00000000,rebalance,"[{""ts_code"": ""00268.HK"", ""side"": ""buy"", ""current_weight"": 0.0, ""target_weight"": 0.14232562694022824, ""post_trade_weight"": 0.14237695078031207, ""diff_weight"": 0.14232562694022824, ""gross_amount"": 0.17034012768599674, ""gross_amount_pct_nav"": 0.14232562694022824, ""fee"": 5.1102038305799016e-05, ""fee_pct_nav"": 4.269768808206846e-05, ""name"": ""金蝶国际""}, {""ts_code"": ""00981.HK"", ""side"": ""sell"", ""current_weight"": 0.09236639821080266, ""target_weight"": 0.0, ""post_trade_weight"": 0.0, ""diff_weight"": -0.09236639821080266, ""gross_amount"": 0.11054723174858276, ""gross_amount_pct_nav"": 0.09236639821080266, ""fee"": 3.316416952457483e-05, ""fee_pct_nav"": 2.7709919463240793e-05, ""name"": ""中芯国际""}, {""ts_code"": ""01347.HK"", ""side"": ""sell"", ""current_weight"": 0.10427629339333591, ""target_weight"": 0.08472334959511058, ""post_trade_weight"": 0.08475390156062422, ""diff_weight"": -0.01955294379822534, ""gross_amount"": 0.023401624955606756, ""gross_amount_pct_nav"": 0.01955294379822534, ""fee"": 7.020487486682026e-06, ""fee_pct_nav"": 5.865883139467601e-06, ""name"": ""华虹半导体""}, {""ts_code"": ""01385.HK"", ""side"": ""buy"", ""current_weight"": 0.0, ""target_weight"": 0.12984513351545274, ""post_trade_weight"": 0.12989195678271304, ""diff_weight"": 0.12984513351545274, ""gross_amount"": 0.1554030507219633, ""gross_amount_pct_nav"": 0.12984513351545274, ""fee"": 4.662091521658899e-05, ""fee_pct_nav"": 3.895354005463582e-05, ""name"": ""上海复旦""}, {""ts_code"": ""01810.HK"", ""side"": ""sell"", ""current_weight"": 0.09695360510575342, ""target_weight"": 0.0, ""post_trade_weight"": 0.0, ""diff_weight"": -0.09695360510575342, ""gross_amount"": 0.11603735622585734, ""gross_amount_pct_nav"": 0.09695360510575342, ""fee"": 3.48112068677572e-05, ""fee_pct_nav"": 2.908608153172602e-05, ""name"": ""小米集团-W""}, {""ts_code"": ""01833.HK"", ""side"": ""sell"", ""current_weight"": 0.10652956107993748, ""target_weight"": 0.0, ""post_trade_weight"": 0.0, ""diff_weight"": -0.10652956107993748, ""gross_amount"": 0.12749818445774724, ""gross_amount_pct_nav"": 0.10652956107993748, ""fee"": 3.824945533732417e-05, ""fee_pct_nav"": 3.195886832398124e-05, ""name"": ""平安好医生""}, {""ts_code"": ""01952.HK"", ""side"": ""buy"", ""current_weight"": 0.0, ""target_weight"": 0.12312486782518901, ""post_trade_weight"": 0.12316926770708278, ""diff_weight"": 0.12312486782518901, ""gross_amount"": 0.14736000927979145, ""gross_amount_pct_nav"": 0.12312486782518901, ""fee"": 4.4208002783937436e-05, ""fee_pct_nav"": 3.69374603475567e-05, ""name"": ""云顶新耀""}, {""ts_code"": ""02252.HK"", ""side"": ""sell"", ""current_weight"": 0.12779361797973662, ""target_weight"": 0.08568338755086254, ""post_trade_weight"": 0.08571428571428569, ""diff_weight"": -0.04211023042887408, ""gross_amount"": 0.05039894910249432, ""gross_amount_pct_nav"": 0.04211023042887408, ""fee"": 1.5119684730748293e-05, ""fee_pct_nav"": 1.2633069128662224e-05, ""name"": ""微创机器人-B""}, {""ts_code"": ""02268.HK"", ""side"": ""sell"", ""current_weight"": 0.10755123724458926, ""target_weight"": 0.0, ""post_trade_weight"": 0.0, ""diff_weight"": -0.10755123724458926, ""gross_amount"": 0.1287209610727669, ""gross_amount_pct_nav"": 0.10755123724458926, ""fee"": 3.8616288321830065e-05, ""fee_pct_nav"": 3.2265371173376774e-05, ""name"": ""药明合联""}, {""ts_code"": ""02382.HK"", ""side"": ""sell"", ""current_weight"": 0.11821544540623023, ""target_weight"": 0.0, ""post_trade_weight"": 0.0, ""diff_weight"": -0.11821544540623023, ""gross_amount"": 0.1414842463572003, ""gross_amount_pct_nav"": 0.11821544540623023, ""fee"": 4.244527390716009e-05, ""fee_pct_nav"": 3.546463362186907e-05, ""name"": ""舜宇光学科技""}, {""ts_code"": ""02423.HK"", ""side"": ""buy"", ""current_weight"": 0.0, ""target_weight"": 0.08760346346236644, ""post_trade_weight"": 0.0876350540216086, ""diff_weight"": 0.08760346346236644, ""gross_amount"": 0.10484679022831164, ""gross_amount_pct_nav"": 0.08760346346236644, ""fee"": 3.145403706849349e-05, ""fee_pct_nav"": 2.6281039038709932e-05, ""name"": ""贝壳-W""}, {""ts_code"": ""02498.HK"", ""side"": ""sell"", ""current_weight"": 0.11813604801277101, ""target_weight"": 0.09528376710838214, ""post_trade_weight"": 0.09531812725090033, ""diff_weight"": -0.022852280904388872, ""gross_amount"": 0.027350383278512774, ""gross_amount_pct_nav"": 0.022852280904388872, ""fee"": 8.205114983553832e-06, ""fee_pct_nav"": 6.855684271316661e-06, ""name"": ""速腾聚创""}, {""ts_code"": ""09863.HK"", ""side"": ""buy"", ""current_weight"": 0.0, ""target_weight"": 0.11256445031191746, ""post_trade_weight"": 0.1126050420168067, ""diff_weight"": 0.11256445031191746, ""gross_amount"": 0.13472094415637856, ""gross_amount_pct_nav"": 0.11256445031191746, ""fee"": 4.041628324691356e-05, ""fee_pct_nav"": 3.376933509357523e-05, ""name"": ""零跑汽车""}]"
2025-03-24,0.36893943,0.73787886,0.42420125,0.43845739,0.00025880,0.00012726,0.00013154,0.00000000,rebalance,"[{""ts_code"": ""00268.HK"", ""side"": ""sell"", ""current_weight"": 0.12172503374749698, ""target_weight"": 0.08596447638737681, ""post_trade_weight"": 0.08598351001178675, ""diff_weight"": -0.03576055736012017, ""gross_amount"": 0.04180788407047267, ""gross_amount_pct_nav"": 0.03576055736012017, ""fee"": 1.2542365221141801e-05, ""fee_pct_nav"": 1.072816720803605e-05, ""name"": ""金蝶国际""}, {""ts_code"": ""00425.HK"", ""side"": ""buy"", ""current_weight"": 0.0, ""target_weight"": 0.09695536834558023, ""post_trade_weight"": 0.09697683549274579, ""diff_weight"": 0.09695536834558023, ""gross_amount"": 0.11335110800936278, ""gross_amount_pct_nav"": 0.09695536834558023, ""fee"": 3.4005332402808834e-05, ""fee_pct_nav"": 2.9086610503674072e-05, ""name"": ""敏实集团""}, {""ts_code"": ""01347.HK"", ""side"": ""sell"", ""current_weight"": 0.0820190050485048, ""target_weight"": 0.0, ""post_trade_weight"": 0.0, ""diff_weight"": -0.0820190050485048, ""gross_amount"": 0.0958889152680667, ""gross_amount_pct_nav"": 0.0820190050485048, ""fee"": 2.876667458042001e-05, ""fee_pct_nav"": 2.460570151455144e-05, ""name"": ""华虹半导体""}, {""ts_code"": ""01357.HK"", ""side"": ""buy"", ""current_weight"": 0.0, ""target_weight"": 0.12207740710718808, ""post_trade_weight"": 0.12210443659208073, ""diff_weight"": 0.12207740710718808, ""gross_amount"": 0.14272143559073613, ""gross_amount_pct_nav"": 0.12207740710718808, ""fee"": 4.281643067722083e-05, ""fee_pct_nav"": 3.662322213215642e-05, ""name"": ""美图公司""}, {""ts_code"": ""01385.HK"", ""side"": ""sell"", ""current_weight"": 0.11807914221410484, ""target_weight"": 0.09852549576818073, ""post_trade_weight"": 0.09854731056145423, ""diff_weight"": -0.019553646445924108, ""gross_amount"": 0.022860286419301434, ""gross_amount_pct_nav"": 0.019553646445924108, ""fee"": 6.85808592579043e-06, ""fee_pct_nav"": 5.866093933777232e-06, ""name"": ""上海复旦""}, {""ts_code"": ""01530.HK"", ""side"": ""buy"", ""current_weight"": 0.0, ""target_weight"": 0.09538524092297974, ""post_trade_weight"": 0.09540636042403734, ""diff_weight"": 0.09538524092297974, ""gross_amount"": 0.11151546253552694, ""gross_amount_pct_nav"": 0.09538524092297974, ""fee"": 3.345463876065808e-05, ""fee_pct_nav"": 2.861557227689392e-05, ""name"": ""三生制药""}, {""ts_code"": ""01952.HK"", ""side"": ""sell"", ""current_weight"": 0.15235313176168863, ""target_weight"": 0.11422676999418563, ""post_trade_weight"": 0.11425206124853855, ""diff_weight"": -0.038126361767502996, ""gross_amount"": 0.04457376032349711, ""gross_amount_pct_nav"": 0.038126361767502996, ""fee"": 1.337212809704913e-05, ""fee_pct_nav"": 1.1437908530250897e-05, ""name"": ""云顶新耀""}, {""ts_code"": ""02252.HK"", ""side"": ""sell"", ""current_weight"": 0.0728774985780551, ""target_weight"": 0.0, ""post_trade_weight"": 0.0, ""diff_weight"": -0.0728774985780551, ""gross_amount"": 0.08520152471938783, ""gross_amount_pct_nav"": 0.0728774985780551, ""fee"": 2.5560457415816347e-05, ""fee_pct_nav"": 2.186324957341653e-05, ""name"": ""微创机器人-B""}, {""ts_code"": ""02423.HK"", ""side"": ""sell"", ""current_weight"": 0.0783031744194736, ""target_weight"": 0.0, ""post_trade_weight"": 0.0, ""diff_weight"": -0.0783031744194736, ""gross_amount"": 0.09154471518752505, ""gross_amount_pct_nav"": 0.0783031744194736, ""fee"": 2.746341455625751e-05, ""fee_pct_nav"": 2.3490952325842077e-05, ""name"": ""贝壳-W""}, {""ts_code"": ""02498.HK"", ""side"": ""buy"", ""current_weight"": 0.09720492773720983, ""target_weight"": 0.14562931844619542, ""post_trade_weight"": 0.14566156262270724, ""diff_weight"": 0.048424390708985576, ""gross_amount"": 0.05661324829355903, ""gross_amount_pct_nav"": 0.048424390708985576, ""fee"": 1.6983974488067707e-05, ""fee_pct_nav"": 1.452731721269567e-05, ""name"": ""速腾聚创""}, {""ts_code"": ""09863.HK"", ""side"": ""sell"", ""current_weight"": 0.14064119948469123, ""target_weight"": 0.09224498607777874, ""post_trade_weight"": 0.09226541028662047, ""diff_weight"": -0.04839621340691249, ""gross_amount"": 0.056580306039146516, ""gross_amount_pct_nav"": 0.04839621340691249, ""fee"": 1.6974091811743955e-05, ""fee_pct_nav"": 1.4518864022073747e-05, ""name"": ""零跑汽车""}]"
2025-04-07,0.21187555,0.42375109,0.19361385,0.18695413,0.00011417,0.00005808,0.00005609,0.00000000,rebalance,"[{""ts_code"": ""00268.HK"", ""side"": ""buy"", ""current_weight"": 0.0883375420797109, ""target_weight"": 0.11628956259772429, ""post_trade_weight"": 0.1163043478260869, ""diff_weight"": 0.02795202051801339, ""gross_amount"": 0.0251035195396363, ""gross_amount_pct_nav"": 0.02795202051801339, ""fee"": 7.5310558618908886e-06, ""fee_pct_nav"": 8.385606155404016e-06, ""name"": ""金蝶国际""}, {""ts_code"": ""00425.HK"", ""side"": ""sell"", ""current_weight"": 0.08468842968504121, ""target_weight"": 0.061948645495983966, ""post_trade_weight"": 0.06195652173913041, ""diff_weight"": -0.022739784189057245, ""gross_amount"": 0.020422445538390815, ""gross_amount_pct_nav"": 0.022739784189057245, ""fee"": 6.126733661517244e-06, ""fee_pct_nav"": 6.821935256717173e-06, ""name"": ""敏实集团""}, {""ts_code"": ""01357.HK"", ""side"": ""buy"", ""current_weight"": 0.12401128497967923, ""target_weight"": 0.15106774954283808, ""post_trade_weight"": 0.15108695652173904, ""diff_weight"": 0.027056464563158845, ""gross_amount"": 0.024299226826805728, ""gross_amount_pct_nav"": 0.027056464563158845, ""fee"": 7.2897680480417174e-06, ""fee_pct_nav"": 8.116939368947652e-06, ""name"": ""美图公司""}, {""ts_code"": ""01385.HK"", ""side"": ""buy"", ""current_weight"": 0.11237993821814729, ""target_weight"": 0.1554150229109773, ""post_trade_weight"": 0.15543478260869556, ""diff_weight"": 0.04303508469283001, ""gross_amount"": 0.038649516902728095, ""gross_amount_pct_nav"": 0.04303508469283001, ""fee"": 1.1594855070818427e-05, ""fee_pct_nav"": 1.2910525407849001e-05, ""name"": ""上海复旦""}, {""ts_code"": ""01530.HK"", ""side"": ""buy"", ""current_weight"": 0.11810072583327222, ""target_weight"": 0.19671411990829996, ""post_trade_weight"": 0.1967391304347825, ""diff_weight"": 0.07861339407502774, ""gross_amount"": 0.07060215460874476, ""gross_amount_pct_nav"": 0.07861339407502774, ""fee"": 2.1180646382623428e-05, ""fee_pct_nav"": 2.358401822250832e-05, ""name"": ""三生制药""}, {""ts_code"": ""01952.HK"", ""side"": ""sell"", ""current_weight"": 0.10293486977362509, ""target_weight"": 0.0, ""post_trade_weight"": 0.0, ""diff_weight"": -0.10293486977362509, ""gross_amount"": 0.09244510653556745, ""gross_amount_pct_nav"": 0.10293486977362509, ""fee"": 2.7733531960670233e-05, ""fee_pct_nav"": 3.0880460932087524e-05, ""name"": ""云顶新耀""}, {""ts_code"": ""02498.HK"", ""side"": ""sell"", ""current_weight"": 0.12264034454070202, ""target_weight"": 0.053254098759705513, ""post_trade_weight"": 0.05326086956521736, ""diff_weight"": -0.0693862457809965, ""gross_amount"": 0.06231531547505635, ""gross_amount_pct_nav"": 0.0693862457809965, ""fee"": 1.8694594642516902e-05, ""fee_pct_nav"": 2.0815873734298948e-05, ""name"": ""速腾聚创""}, {""ts_code"": ""09863.HK"", ""side"": ""buy"", ""current_weight"": 0.09909964596224677, ""target_weight"": 0.13802592943842043, ""post_trade_weight"": 0.13804347826086952, ""diff_weight"": 0.03892628347617366, ""gross_amount"": 0.03495943047193348, ""gross_amount_pct_nav"": 0.03892628347617366, ""fee"": 1.0487829141580042e-05, ""fee_pct_nav"": 1.1677885042852098e-05, ""name"": ""零跑汽车""}, {""ts_code"": ""09868.HK"", ""side"": ""sell"", ""current_weight"": 0.1402646922080267, ""target_weight"": 0.12715774601807237, ""post_trade_weight"": 0.12717391304347822, ""diff_weight"": -0.013106946189954342, ""gross_amount"": 0.011771259239468576, ""gross_amount_pct_nav"": 0.013106946189954342, ""fee"": 3.5313777718405723e-06, ""fee_pct_nav"": 3.932083856986302e-06, ""name"": ""小鹏集团-W""}]"
2025-04-22,0.60102197,1.20204395,0.61232332,0.61269083,0.00036750,0.00018370,0.00018381,0.00000000,rebalance,"[{""ts_code"": ""00268.HK"", ""side"": ""sell"", ""current_weight"": 0.11742971164756864, ""target_weight"": 0.0, ""post_trade_weight"": 0.0, ""diff_weight"": -0.11742971164756864, ""gross_amount"": 0.11967370942301324, ""gross_amount_pct_nav"": 0.11742971164756864, ""fee"": 3.590211282690397e-05, ""fee_pct_nav"": 3.522891349427059e-05, ""name"": ""金蝶国际""}, {""ts_code"": ""00322.HK"", ""side"": ""buy"", ""current_weight"": 0.0, ""target_weight"": 0.13042313188459426, ""post_trade_weight"": 0.1304701811520456, ""diff_weight"": 0.13042313188459426, ""gross_amount"": 0.13291542462473066, ""gross_amount_pct_nav"": 0.13042313188459426, ""fee"": 3.9874627387419195e-05, ""fee_pct_nav"": 3.9126939565378276e-05, ""name"": ""康师傅控股""}, {""ts_code"": ""00425.HK"", ""side"": ""sell"", ""current_weight"": 0.060016457426753204, ""target_weight"": 0.0, ""post_trade_weight"": 0.0, ""diff_weight"": -0.060016457426753204, ""gross_amount"": 0.06116332898988786, ""gross_amount_pct_nav"": 0.060016457426753204, ""fee"": 1.8348998696966357e-05, ""fee_pct_nav"": 1.800493722802596e-05, ""name"": ""敏实集团""}, {""ts_code"": ""00576.HK"", ""side"": ""buy"", ""current_weight"": 0.0, ""target_weight"": 0.10682081784619656, ""post_trade_weight"": 0.10685935273763485, ""diff_weight"": 0.10682081784619656, ""gross_amount"": 0.10886208725114446, ""gross_amount_pct_nav"": 0.10682081784619656, ""fee"": 3.265862617534334e-05, ""fee_pct_nav"": 3.2046245353858966e-05, ""name"": ""浙江沪杭甬""}, {""ts_code"": ""01357.HK"", ""side"": ""sell"", ""current_weight"": 0.14013570538057182, ""target_weight"": 0.08728786829717776, ""post_trade_weight"": 0.08731935680846734, ""diff_weight"": -0.05284783708339408, ""gross_amount"": 0.053857721440498774, ""gross_amount_pct_nav"": 0.05284783708339408, ""fee"": 1.6157316432149632e-05, ""fee_pct_nav"": 1.5854351125018225e-05, ""name"": ""美图公司""}, {""ts_code"": ""01385.HK"", ""side"": ""sell"", ""current_weight"": 0.15298398210858147, ""target_weight"": 0.10600694494832075, ""post_trade_weight"": 0.10604518624058618, ""diff_weight"": -0.04697703716026072, ""gross_amount"": 0.047874734731050805, ""gross_amount_pct_nav"": 0.04697703716026072, ""fee"": 1.436242041931524e-05, ""fee_pct_nav"": 1.4093111148078214e-05, ""name"": ""上海复旦""}, {""ts_code"": ""01530.HK"", ""side"": ""sell"", ""current_weight"": 0.21446676461112013, ""target_weight"": 0.12065665711008486, ""post_trade_weight"": 0.12070018318746183, ""diff_weight"": -0.09381010750103527, ""gross_amount"": 0.09560275153969497, ""gross_amount_pct_nav"": 0.09381010750103527, ""fee"": 2.868082546190849e-05, ""fee_pct_nav"": 2.814303225031058e-05, ""name"": ""三生制药""}, {""ts_code"": ""02498.HK"", ""side"": ""sell"", ""current_weight"": 0.05299673800754137, ""target_weight"": 0.0, ""post_trade_weight"": 0.0, ""diff_weight"": -0.05299673800754137, ""gross_amount"": 0.05400946775477655, ""gross_amount_pct_nav"": 0.05299673800754137, ""fee"": 1.6202840326432965e-05, ""fee_pct_nav"": 1.589902140226241e-05, ""name"": ""速腾聚创""}, {""ts_code"": ""09863.HK"", ""side"": ""sell"", ""current_weight"": 0.13560352053356783, ""target_weight"": 0.0848462496035504, ""post_trade_weight"": 0.08487685731732139, ""diff_weight"": -0.05075727093001743, ""gross_amount"": 0.051727206063609796, ""gross_amount_pct_nav"": 0.05075727093001743, ""fee"": 1.5518161819082937e-05, ""fee_pct_nav"": 1.5227181279005228e-05, ""name"": ""零跑汽车""}, {""ts_code"": ""09868.HK"", ""side"": ""sell"", ""current_weight"": 0.12636712028429511, ""target_weight"": 0.0, ""post_trade_weight"": 0.0, ""diff_weight"": -0.12636712028429511, ""gross_amount"": 0.1287819055445906, ""gross_amount_pct_nav"": 0.12636712028429511, ""fee"": 3.8634571663377175e-05, ""fee_pct_nav"": 3.7910136085288533e-05, ""name"": ""小鹏集团-W""}, {""ts_code"": ""09985.HK"", ""side"": ""buy"", ""current_weight"": 0.0, ""target_weight"": 0.10763469074407231, ""post_trade_weight"": 0.10767351923468346, ""diff_weight"": 0.10763469074407231, ""gross_amount"": 0.10969151267781982, ""gross_amount_pct_nav"": 0.10763469074407231, ""fee"": 3.290745380334594e-05, ""fee_pct_nav"": 3.2290407223221694e-05, ""name"": ""卫龙美味""}, {""ts_code"": ""09992.HK"", ""side"": ""buy"", ""current_weight"": 0.0, ""target_weight"": 0.16135030200387404, ""post_trade_weight"": 0.16140850803989415, ""diff_weight"": 0.16135030200387404, ""gross_amount"": 0.16443359083839534, ""gross_amount_pct_nav"": 0.16135030200387404, ""fee"": 4.93300772515186e-05, ""fee_pct_nav"": 4.840509060116221e-05, ""name"": ""泡泡玛特""}, {""ts_code"": ""09995.HK"", ""side"": ""buy"", ""current_weight"": 0.0, ""target_weight"": 0.09461272437805979, ""post_trade_weight"": 0.09464685528190513, ""diff_weight"": 0.09461272437805979, ""gross_amount"": 0.09642070585101364, ""gross_amount_pct_nav"": 0.09461272437805979, ""fee"": 2.892621175530409e-05, ""fee_pct_nav"": 2.8383817313417932e-05, ""name"": ""荣昌生物""}]"
2025-05-06,0.37135466,0.74270931,0.40706558,0.41738981,0.00024734,0.00012212,0.00012522,0.00000000,rebalance,"[{""ts_code"": ""00268.HK"", ""side"": ""buy"", ""current_weight"": 0.0, ""target_weight"": 0.10122468953371912, ""post_trade_weight"": 0.1012472487160673, ""diff_weight"": 0.10122468953371912, ""gross_amount"": 0.11236595358891395, ""gross_amount_pct_nav"": 0.10122468953371912, ""fee"": 3.3709786076674183e-05, ""fee_pct_nav"": 3.0367406860115733e-05, ""name"": ""金蝶国际""}, {""ts_code"": ""00322.HK"", ""side"": ""sell"", ""current_weight"": 0.1232428452307824, ""target_weight"": 0.0, ""post_trade_weight"": 0.0, ""diff_weight"": -0.1232428452307824, ""gross_amount"": 0.13680753076308297, ""gross_amount_pct_nav"": 0.1232428452307824, ""fee"": 4.1042259228924884e-05, ""fee_pct_nav"": 3.6972853569234714e-05, ""name"": ""康师傅控股""}, {""ts_code"": ""00576.HK"", ""side"": ""sell"", ""current_weight"": 0.1011370645372703, ""target_weight"": 0.0, ""post_trade_weight"": 0.0, ""diff_weight"": -0.1011370645372703, ""gross_amount"": 0.11226868417441091, ""gross_amount_pct_nav"": 0.1011370645372703, ""fee"": 3.368060525232327e-05, ""fee_pct_nav"": 3.0341119361181088e-05, ""name"": ""浙江沪杭甬""}, {""ts_code"": ""01385.HK"", ""side"": ""buy"", ""current_weight"": 0.10616841881441458, ""target_weight"": 0.11956249560866825, ""post_trade_weight"": 0.11958914159941283, ""diff_weight"": 0.013394076794253666, ""gross_amount"": 0.01486829170197762, ""gross_amount_pct_nav"": 0.013394076794253666, ""fee"": 4.460487510593286e-06, ""fee_pct_nav"": 4.0182230382760995e-06, ""name"": ""上海复旦""}, {""ts_code"": ""01530.HK"", ""side"": ""buy"", ""current_weight"": 0.10953176207344209, ""target_weight"": 0.12249654458066009, ""post_trade_weight"": 0.12252384446074811, ""diff_weight"": 0.012964782507218008, ""gross_amount"": 0.014391747272399835, ""gross_amount_pct_nav"": 0.012964782507218008, ""fee"": 4.31752418171995e-06, ""fee_pct_nav"": 3.889434752165402e-06, ""name"": ""三生制药""}, {""ts_code"": ""01801.HK"", ""side"": ""buy"", ""current_weight"": 0.0, ""target_weight"": 0.0894884936457517, ""post_trade_weight"": 0.08950843727072617, ""diff_weight"": 0.0894884936457517, ""gross_amount"": 0.09933801694092395, ""gross_amount_pct_nav"": 0.0894884936457517, ""fee"": 2.980140508227718e-05, ""fee_pct_nav"": 2.6846548093725506e-05, ""name"": ""信达生物""}, {""ts_code"": ""06990.HK"", ""side"": ""buy"", ""current_weight"": 0.0, ""target_weight"": 0.10855981196369878, ""post_trade_weight"": 0.10858400586940552, ""diff_weight"": 0.10855981196369878, ""gross_amount"": 0.12050841399390773, ""gross_amount_pct_nav"": 0.10855981196369878, ""fee"": 3.615252419817232e-05, ""fee_pct_nav"": 3.2567943589109634e-05, ""name"": ""科伦博泰生物""}, {""ts_code"": ""09863.HK"", ""side"": ""buy"", ""current_weight"": 0.09770205961078042, ""target_weight"": 0.12102952009466417, ""post_trade_weight"": 0.12105649303008047, ""diff_weight"": 0.023327460483883747, ""gross_amount"": 0.025894990186224764, ""gross_amount_pct_nav"": 0.023327460483883747, ""fee"": 7.768497055867429e-06, ""fee_pct_nav"": 6.998238145165123e-06, ""name"": ""零跑汽车""}, {""ts_code"": ""09985.HK"", ""side"": ""buy"", ""current_weight"": 0.10328446298098322, ""target_weight"": 0.12102952009466417, ""post_trade_weight"": 0.12105649303008047, ""diff_weight"": 0.01774505711368096, ""gross_amount"": 0.01969816132065584, ""gross_amount_pct_nav"": 0.01774505711368096, ""fee"": 5.909448396196752e-06, ""fee_pct_nav"": 5.323517134104287e-06, ""name"": ""卫龙美味""}, {""ts_code"": ""09992.HK"", ""side"": ""sell"", ""current_weight"": 0.16429853177058962, ""target_weight"": 0.11149386093569064, ""post_trade_weight"": 0.11151870873074081, ""diff_weight"": -0.052804670834898974, ""gross_amount"": 0.05861660055114949, ""gross_amount_pct_nav"": 0.052804670834898974, ""fee"": 1.7584980165344847e-05, ""fee_pct_nav"": 1.5841401250469692e-05, ""name"": ""泡泡玛特""}, {""ts_code"": ""09995.HK"", ""side"": ""sell"", ""current_weight"": 0.09882035992906807, ""target_weight"": 0.0, ""post_trade_weight"": 0.0, ""diff_weight"": -0.09882035992906807, ""gross_amount"": 0.10969699219211286, ""gross_amount_pct_nav"": 0.09882035992906807, ""fee"": 3.290909765763386e-05, ""fee_pct_nav"": 2.964610797872042e-05, ""name"": ""荣昌生物""}]"
2025-05-19,0.89947271,1.79894542,1.01846088,1.00899222,0.00060824,0.00030554,0.00030270,0.00000000,rebalance,"[{""ts_code"": ""00268.HK"", ""side"": ""sell"", ""current_weight"": 0.09416257555476563, ""target_weight"": 0.0, ""post_trade_weight"": 0.0, ""diff_weight"": -0.09416257555476563, ""gross_amount"": 0.10612340061175207, ""gross_amount_pct_nav"": 0.09416257555476563, ""fee"": 3.183702018352562e-05, ""fee_pct_nav"": 2.824877266642969e-05, ""name"": ""金蝶国际""}, {""ts_code"": ""00512.HK"", ""side"": ""buy"", ""current_weight"": 0.0, ""target_weight"": 0.11847322791807188, ""post_trade_weight"": 0.1185372005044127, ""diff_weight"": 0.11847322791807188, ""gross_amount"": 0.13352206812572295, ""gross_amount_pct_nav"": 0.11847322791807188, ""fee"": 4.005662043771688e-05, ""fee_pct_nav"": 3.554196837542156e-05, ""name"": ""远大医药""}, {""ts_code"": ""01114.HK"", ""side"": ""buy"", ""current_weight"": 0.0, ""target_weight"": 0.09389633489251441, ""post_trade_weight"": 0.09394703656998665, ""diff_weight"": 0.09389633489251441, ""gross_amount"": 0.10582334122730169, ""gross_amount_pct_nav"": 0.09389633489251441, ""fee"": 3.17470023681905e-05, ""fee_pct_nav"": 2.8168900467754318e-05, ""name"": ""BRILLIANCE CHI""}, {""ts_code"": ""01211.HK"", ""side"": ""buy"", ""current_weight"": 0.0, ""target_weight"": 0.11343181396411135, ""post_trade_weight"": 0.11349306431273554, ""diff_weight"": 0.11343181396411135, ""gross_amount"": 0.12784027799271344, ""gross_amount_pct_nav"": 0.11343181396411135, ""fee"": 3.8352083397814026e-05, ""fee_pct_nav"": 3.40295441892334e-05, ""name"": ""比亚迪股份""}, {""ts_code"": ""01357.HK"", ""side"": ""sell"", ""current_weight"": 0.09986354288305328, ""target_weight"": 0.0, ""post_trade_weight"": 0.0, ""diff_weight"": -0.09986354288305328, ""gross_amount"": 0.11254852265296582, ""gross_amount_pct_nav"": 0.09986354288305328, ""fee"": 3.376455679588974e-05, ""fee_pct_nav"": 2.995906286491598e-05, ""name"": ""美图公司""}, {""ts_code"": ""01385.HK"", ""side"": ""sell"", ""current_weight"": 0.11178991859340105, ""target_weight"": 0.0, ""post_trade_weight"": 0.0, ""diff_weight"": -0.11178991859340105, ""gross_amount"": 0.12598982393321154, ""gross_amount_pct_nav"": 0.11178991859340105, ""fee"": 3.779694717996346e-05, ""fee_pct_nav"": 3.353697557802031e-05, ""name"": ""上海复旦""}, {""ts_code"": ""01530.HK"", ""side"": ""sell"", ""current_weight"": 0.1413144768018698, ""target_weight"": 0.0957868651252496, ""post_trade_weight"": 0.09583858764186558, ""diff_weight"": -0.04552761167662021, ""gross_amount"": 0.05131067140409924, ""gross_amount_pct_nav"": 0.04552761167662021, ""fee"": 1.5393201421229772e-05, ""fee_pct_nav"": 1.3658283502986061e-05, ""name"": ""三生制药""}, {""ts_code"": ""01801.HK"", ""side"": ""sell"", ""current_weight"": 0.08611290009297577, ""target_weight"": 0.0, ""post_trade_weight"": 0.0, ""diff_weight"": -0.08611290009297577, ""gross_amount"": 0.09705123017893215, ""gross_amount_pct_nav"": 0.08611290009297577, ""fee"": 2.9115369053679643e-05, ""fee_pct_nav"": 2.583387002789273e-05, ""name"": ""信达生物""}, {""ts_code"": ""01929.HK"", ""side"": ""buy"", ""current_weight"": 0.0, ""target_weight"": 0.11973358140656198, ""post_trade_weight"": 0.11979823455233196, ""diff_weight"": 0.11973358140656198, ""gross_amount"": 0.1349425156589753, ""gross_amount_pct_nav"": 0.11973358140656198, ""fee"": 4.048275469769259e-05, ""fee_pct_nav"": 3.5920074421968596e-05, ""name"": ""周大福""}, {""ts_code"": ""02367.HK"", ""side"": ""buy"", ""current_weight"": 0.0, ""target_weight"": 0.13611817675693366, ""post_trade_weight"": 0.1361916771752827, ""diff_weight"": 0.13611817675693366, ""gross_amount"": 0.15340833359125616, ""gross_amount_pct_nav"": 0.13611817675693366, ""fee"": 4.602250007737685e-05, ""fee_pct_nav"": 4.0835453027080094e-05, ""name"": ""巨子生物""}, {""ts_code"": ""06969.HK"", ""side"": ""buy"", ""current_weight"": 0.0, ""target_weight"": 0.10145845582345518, ""post_trade_weight"": 0.10151324085750237, ""diff_weight"": 0.10145845582345518, ""gross_amount"": 0.11434602642681593, ""gross_amount_pct_nav"": 0.10145845582345518, ""fee"": 3.430380792804478e-05, ""fee_pct_nav"": 3.043753674703655e-05, ""name"": ""思摩尔国际""}, {""ts_code"": ""06990.HK"", ""side"": ""sell"", ""current_weight"": 0.10483591679063418, ""target_weight"": 0.0, ""post_trade_weight"": 0.0, ""diff_weight"": -0.10483591679063418, ""gross_amount"": 0.11815250305682304, ""gross_amount_pct_nav"": 0.10483591679063418, ""fee"": 3.544575091704691e-05, ""fee_pct_nav"": 3.1450775037190254e-05, ""name"": ""科伦博泰生物""}, {""ts_code"": ""09863.HK"", ""side"": ""sell"", ""current_weight"": 0.12685647508442435, ""target_weight"": 0.0, ""post_trade_weight"": 0.0, ""diff_weight"": -0.12685647508442435, ""gross_amount"": 0.1429701815850317, ""gross_amount_pct_nav"": 0.12685647508442435, ""fee"": 4.2891054475509505e-05, ""fee_pct_nav"": 3.80569425253273e-05, ""name"": ""零跑汽车""}, {""ts_code"": ""09899.HK"", ""side"": ""buy"", ""current_weight"": 0.0, ""target_weight"": 0.12351464187203239, ""post_trade_weight"": 0.12358133669608984, ""diff_weight"": 0.12351464187203239, ""gross_amount"": 0.13920385825873244, ""gross_amount_pct_nav"": 0.12351464187203239, ""fee"": 4.1761157477619726e-05, ""fee_pct_nav"": 3.705439256160971e-05, ""name"": ""网易云音乐""}, {""ts_code"": ""09985.HK"", ""side"": ""sell"", ""current_weight"": 0.1096086627551424, ""target_weight"": 0.0, ""post_trade_weight"": 0.0, ""diff_weight"": -0.1096086627551424, ""gross_amount"": 0.12353149815148295, ""gross_amount_pct_nav"": 0.1096086627551424, ""fee"": 3.705944944544488e-05, ""fee_pct_nav"": 3.2882598826542716e-05, ""name"": ""卫龙美味""}, {""ts_code"": ""09992.HK"", ""side"": ""sell"", ""current_weight"": 0.11651436972797002, ""target_weight"": 0.0, ""post_trade_weight"": 0.0, ""diff_weight"": -0.11651436972797002, ""gross_amount"": 0.13131438963748018, ""gross_amount_pct_nav"": 0.11651436972797002, ""fee"": 3.939431689124405e-05, ""fee_pct_nav"": 3.4954310918391007e-05, ""name"": ""泡泡玛特""}, {""ts_code"": ""09995.HK"", ""side"": ""buy"", ""current_weight"": 0.0, ""target_weight"": 0.09704721861373972, ""post_trade_weight"": 0.09709962168978485, ""diff_weight"": 0.09704721861373972, ""gross_amount"": 0.10937446006043261, ""gross_amount_pct_nav"": 0.09704721861373972, ""fee"": 3.281233801812978e-05, ""fee_pct_nav"": 2.911416558412191e-05, ""name"": ""荣昌生物""}]"
2025-06-02,0.69491127,1.38982254,0.82280719,0.82271408,0.00049366,0.00024684,0.00024681,0.00000000,rebalance,"[{""ts_code"": ""00512.HK"", ""side"": ""sell"", ""current_weight"": 0.11861648556565299, ""target_weight"": 0.07696764601305188, ""post_trade_weight"": 0.0769997508098677, ""diff_weight"": -0.041648839552601104, ""gross_amount"": 0.04931136843787495, ""gross_amount_pct_nav"": 0.041648839552601104, ""fee"": 1.4793410531362484e-05, ""fee_pct_nav"": 1.249465186578033e-05, ""name"": ""远大医药""}, {""ts_code"": ""01093.HK"", ""side"": ""buy"", ""current_weight"": 0.0, ""target_weight"": 0.1237958578268181, ""post_trade_weight"": 0.12384749563917234, ""diff_weight"": 0.1237958578268181, ""gross_amount"": 0.1465717465830273, ""gross_amount_pct_nav"": 0.1237958578268181, ""fee"": 4.3971523974908183e-05, ""fee_pct_nav"": 3.7138757348045425e-05, ""name"": ""石药集团""}, {""ts_code"": ""01114.HK"", ""side"": ""sell"", ""current_weight"": 0.09333152568152431, ""target_weight"": 0.0, ""post_trade_weight"": 0.0, ""diff_weight"": -0.09333152568152431, ""gross_amount"": 0.11050260461490348, ""gross_amount_pct_nav"": 0.09333152568152431, ""fee"": 3.315078138447104e-05, ""fee_pct_nav"": 2.799945770445729e-05, ""name"": ""BRILLIANCE CHI""}, {""ts_code"": ""01177.HK"", ""side"": ""buy"", ""current_weight"": 0.0, ""target_weight"": 0.09888723452162329, ""post_trade_weight"": 0.0989284824320954, ""diff_weight"": 0.09888723452162329, ""gross_amount"": 0.11708044948382662, ""gross_amount_pct_nav"": 0.09888723452162329, ""fee"": 3.5124134845147985e-05, ""fee_pct_nav"": 2.9666170356486987e-05, ""name"": ""中国生物制药""}, {""ts_code"": ""01211.HK"", ""side"": ""sell"", ""current_weight"": 0.09592807279232604, ""target_weight"": 0.0, ""post_trade_weight"": 0.0, ""diff_weight"": -0.09592807279232604, ""gross_amount"": 0.11357686292851951, ""gross_amount_pct_nav"": 0.09592807279232604, ""fee"": 3.407305887855585e-05, ""fee_pct_nav"": 2.877842183769781e-05, ""name"": ""比亚迪股份""}, {""ts_code"": ""01385.HK"", ""side"": ""buy"", ""current_weight"": 0.0, ""target_weight"": 0.11582509836915575, ""post_trade_weight"": 0.11587341141290772, ""diff_weight"": 0.11582509836915575, ""gross_amount"": 0.13713453151128308, ""gross_amount_pct_nav"": 0.11582509836915575, ""fee"": 4.114035945338492e-05, ""fee_pct_nav"": 3.474752951074672e-05, ""name"": ""上海复旦""}, {""ts_code"": ""01801.HK"", ""side"": ""buy"", ""current_weight"": 0.0, ""target_weight"": 0.15567889565746745, ""post_trade_weight"": 0.15574383254423085, ""diff_weight"": 0.15567889565746745, ""gross_amount"": 0.18432060687000418, ""gross_amount_pct_nav"": 0.15567889565746745, ""fee"": 5.529618206100125e-05, ""fee_pct_nav"": 4.670366869724023e-05, ""name"": ""信达生物""}, {""ts_code"": ""01929.HK"", ""side"": ""sell"", ""current_weight"": 0.12269183904073648, ""target_weight"": 0.0, ""post_trade_weight"": 0.0, ""diff_weight"": -0.12269183904073648, ""gross_amount"": 0.14526461107318797, ""gross_amount_pct_nav"": 0.12269183904073648, ""fee"": 4.357938332195639e-05, ""fee_pct_nav"": 3.680755171222094e-05, ""name"": ""周大福""}, {""ts_code"": ""02096.HK"", ""side"": ""buy"", ""current_weight"": 0.0, ""target_weight"": 0.11183971864032459, ""post_trade_weight"": 0.11188636929977541, ""diff_weight"": 0.11183971864032459, ""gross_amount"": 0.13241592397541097, ""gross_amount_pct_nav"": 0.11183971864032459, ""fee"": 3.972477719262329e-05, ""fee_pct_nav"": 3.3551915592097376e-05, ""name"": ""先声药业""}, {""ts_code"": ""02268.HK"", ""side"": ""buy"", ""current_weight"": 0.0, ""target_weight"": 0.08892378519954539, ""post_trade_weight"": 0.08896087714926464, ""diff_weight"": 0.08892378519954539, ""gross_amount"": 0.10528393064414636, ""gross_amount_pct_nav"": 0.08892378519954539, ""fee"": 3.1585179193243905e-05, ""fee_pct_nav"": 2.6677135559863613e-05, ""name"": ""药明合联""}, {""ts_code"": ""02367.HK"", ""side"": ""sell"", ""current_weight"": 0.10616037824600859, ""target_weight"": 0.0, ""post_trade_weight"": 0.0, ""diff_weight"": -0.10616037824600859, ""gross_amount"": 0.12569170189199563, ""gross_amount_pct_nav"": 0.10616037824600859, ""fee"": 3.770751056759869e-05, ""fee_pct_nav"": 3.184811347380257e-05, ""name"": ""巨子生物""}, {""ts_code"": ""06969.HK"", ""side"": ""sell"", ""current_weight"": 0.10841230526663423, ""target_weight"": 0.0, ""post_trade_weight"": 0.0, ""diff_weight"": -0.10841230526663423, ""gross_amount"": 0.12835793711492496, ""gross_amount_pct_nav"": 0.10841230526663423, ""fee"": 3.850738113447748e-05, ""fee_pct_nav"": 3.252369157999026e-05, ""name"": ""思摩尔国际""}, {""ts_code"": ""09899.HK"", ""side"": ""sell"", ""current_weight"": 0.12669899097348528, ""target_weight"": 0.0, ""post_trade_weight"": 0.0, ""diff_weight"": -0.12669899097348528, ""gross_amount"": 0.15000899645018648, ""gross_amount_pct_nav"": 0.12669899097348528, ""fee"": 4.500269893505594e-05, ""fee_pct_nav"": 3.800969729204557e-05, ""name"": ""网易云音乐""}]"
2025-06-16,0.87495318,1.74990637,1.17372967,1.17502106,0.00070463,0.00035212,0.00035251,0.00000000,rebalance,"[{""ts_code"": ""00512.HK"", ""side"": ""sell"", ""current_weight"": 0.07535980549400122, ""target_weight"": 0.0, ""post_trade_weight"": 0.0, ""diff_weight"": -0.07535980549400122, ""gross_amount"": 0.10114906837044399, ""gross_amount_pct_nav"": 0.07535980549400122, ""fee"": 3.0344720511133195e-05, ""fee_pct_nav"": 2.2607941648200365e-05, ""name"": ""远大医药""}, {""ts_code"": ""01093.HK"", ""side"": ""sell"", ""current_weight"": 0.12553755659520122, ""target_weight"": 0.0, ""post_trade_weight"": 0.0, ""diff_weight"": -0.12553755659520122, ""gross_amount"": 0.16849840325181406, ""gross_amount_pct_nav"": 0.12553755659520122, ""fee"": 5.054952097554421e-05, ""fee_pct_nav"": 3.7661266978560364e-05, ""name"": ""石药集团""}, {""ts_code"": ""01177.HK"", ""side"": ""sell"", ""current_weight"": 0.10542857020235177, ""target_weight"": 0.0, ""post_trade_weight"": 0.0, ""diff_weight"": -0.10542857020235177, ""gross_amount"": 0.14150781820216757, ""gross_amount_pct_nav"": 0.10542857020235177, ""fee"": 4.2452345460650266e-05, ""fee_pct_nav"": 3.162857106070553e-05, ""name"": ""中国生物制药""}, {""ts_code"": ""01385.HK"", ""side"": ""sell"", ""current_weight"": 0.10181555148244317, ""target_weight"": 0.0, ""post_trade_weight"": 0.0, ""diff_weight"": -0.10181555148244317, ""gross_amount"": 0.13665836994353558, ""gross_amount_pct_nav"": 0.10181555148244317, ""fee"": 4.0997510983060674e-05, ""fee_pct_nav"": 3.054466544473295e-05, ""name"": ""上海复旦""}, {""ts_code"": ""01530.HK"", ""side"": ""sell"", ""current_weight"": 0.12785555403102092, ""target_weight"": 0.0, ""post_trade_weight"": 0.0, ""diff_weight"": -0.12785555403102092, ""gross_amount"": 0.17160965439665551, ""gross_amount_pct_nav"": 0.12785555403102092, ""fee"": 5.148289631899665e-05, ""fee_pct_nav"": 3.835666620930627e-05, ""name"": ""三生制药""}, {""ts_code"": ""01801.HK"", ""side"": ""sell"", ""current_weight"": 0.17475835959677688, ""target_weight"": 0.12500291080884388, ""post_trade_weight"": 0.1250685682940201, ""diff_weight"": -0.04975544878793299, ""gross_amount"": 0.06678251434252139, ""gross_amount_pct_nav"": 0.04975544878793299, ""fee"": 2.0034754302756414e-05, ""fee_pct_nav"": 1.4926634636379895e-05, ""name"": ""信达生物""}, {""ts_code"": ""01818.HK"", ""side"": ""buy"", ""current_weight"": 0.0, ""target_weight"": 0.10855515938662756, ""post_trade_weight"": 0.10861217772901745, ""diff_weight"": 0.10855515938662756, ""gross_amount"": 0.14570437339619308, ""gross_amount_pct_nav"": 0.10855515938662756, ""fee"": 4.371131201885792e-05, ""fee_pct_nav"": 3.2566547815988264e-05, ""name"": ""招金矿业""}, {""ts_code"": ""01929.HK"", ""side"": ""buy"", ""current_weight"": 0.0, ""target_weight"": 0.09923476691403832, ""post_trade_weight"": 0.09928688974218261, ""diff_weight"": 0.09923476691403832, ""gross_amount"": 0.13319440194298457, ""gross_amount_pct_nav"": 0.09923476691403832, ""fee"": 3.9958320582895367e-05, ""fee_pct_nav"": 2.9770430074211495e-05, ""name"": ""周大福""}, {""ts_code"": ""02096.HK"", ""side"": ""sell"", ""current_weight"": 0.09501262148023411, ""target_weight"": 0.0, ""post_trade_weight"": 0.0, ""diff_weight"": -0.09501262148023411, ""gross_amount"": 0.12752737461516303, ""gross_amount_pct_nav"": 0.09501262148023411, ""fee"": 3.8258212384548904e-05, ""fee_pct_nav"": 2.8503786444070228e-05, ""name"": ""先声药业""}, {""ts_code"": ""02099.HK"", ""side"": ""buy"", ""current_weight"": 0.0, ""target_weight"": 0.10910341776736812, ""post_trade_weight"": 0.10916072408118421, ""diff_weight"": 0.10910341776736812, ""gross_amount"": 0.14644025406991124, ""gross_amount_pct_nav"": 0.10910341776736812, ""fee"": 4.3932076220973366e-05, ""fee_pct_nav"": 3.273102533021043e-05, ""name"": ""中国黄金国际""}, {""ts_code"": ""02268.HK"", ""side"": ""sell"", ""current_weight"": 0.08548122840055104, ""target_weight"": 0.0, ""post_trade_weight"": 0.0, ""diff_weight"": -0.08548122840055104, ""gross_amount"": 0.11473419496239465, ""gross_amount_pct_nav"": 0.08548122840055104, ""fee"": 3.442025848871839e-05, ""fee_pct_nav"": 2.564436852016531e-05, ""name"": ""药明合联""}, {""ts_code"": ""02419.HK"", ""side"": ""buy"", ""current_weight"": 0.0, ""target_weight"": 0.11403774319403298, ""post_trade_weight"": 0.11409764125068499, ""diff_weight"": 0.11403774319403298, ""gross_amount"": 0.15306318013337453, ""gross_amount_pct_nav"": 0.11403774319403298, ""fee"": 4.591895404001235e-05, ""fee_pct_nav"": 3.421132295820989e-05, ""name"": ""德康农牧""}, {""ts_code"": ""03933.HK"", ""side"": ""buy"", ""current_weight"": 0.0, ""target_weight"": 0.09923476691403835, ""post_trade_weight"": 0.09928688974218264, ""diff_weight"": 0.09923476691403835, ""gross_amount"": 0.1331944019429846, ""gross_amount_pct_nav"": 0.09923476691403835, ""fee"": 3.995832058289537e-05, ""fee_pct_nav"": 2.9770430074211498e-05, ""name"": ""联邦制药""}, {""ts_code"": ""03939.HK"", ""side"": ""buy"", ""current_weight"": 0.0, ""target_weight"": 0.11513425995551409, ""post_trade_weight"": 0.11519473395501852, ""diff_weight"": 0.11513425995551409, ""gross_amount"": 0.15453494148081084, ""gross_amount_pct_nav"": 0.11513425995551409, ""fee"": 4.636048244424325e-05, ""fee_pct_nav"": 3.454027798665422e-05, ""name"": ""万国黄金集团""}, {""ts_code"": ""09969.HK"", ""side"": ""buy"", ""current_weight"": 0.0, ""target_weight"": 0.10471735072144377, ""post_trade_weight"": 0.10477235326385016, ""diff_weight"": 0.10471735072144377, ""gross_amount"": 0.14055320868016605, ""gross_amount_pct_nav"": 0.10471735072144377, ""fee"": 4.216596260404981e-05, ""fee_pct_nav"": 3.1415205216433124e-05, ""name"": ""诺诚健华""}, {""ts_code"": ""09992.HK"", ""side"": ""buy"", ""current_weight"": 0.0, ""target_weight"": 0.12445465242810332, ""post_trade_weight"": 0.12452002194185333, ""diff_weight"": 0.12445465242810332, ""gross_amount"": 0.16704491293401932, ""gross_amount_pct_nav"": 0.12445465242810332, ""fee"": 5.011347388020579e-05, ""fee_pct_nav"": 3.733639572843099e-05, ""name"": ""泡泡玛特""}, {""ts_code"": ""09995.HK"", ""side"": ""sell"", ""current_weight"": 0.10918791285699159, ""target_weight"": 0.0, ""post_trade_weight"": 0.0, ""diff_weight"": -0.10918791285699159, ""gross_amount"": 0.14655366465452282, ""gross_amount_pct_nav"": 0.10918791285699159, ""fee"": 4.3966099396356846e-05, ""fee_pct_nav"": 3.275637385709748e-05, ""name"": ""荣昌生物""}]"
2025-06-30,0.79337675,1.58675350,1.00834930,1.00895449,0.00060519,0.00030250,0.00030269,0.00000000,rebalance,"[{""ts_code"": ""01060.HK"", ""side"": ""buy"", ""current_weight"": 0.0, ""target_weight"": 0.08870734047912154, ""post_trade_weight"": 0.08874958759485255, ""diff_weight"": 0.08870734047912154, ""gross_amount"": 0.11277722330450862, ""gross_amount_pct_nav"": 0.08870734047912154, ""fee"": 3.383316699135258e-05, ""fee_pct_nav"": 2.661220214373646e-05, ""name"": ""大麦娱乐""}, {""ts_code"": ""01258.HK"", ""side"": ""buy"", ""current_weight"": 0.0, ""target_weight"": 0.09596221590864078, ""post_trade_weight"": 0.09600791817881818, ""diff_weight"": 0.09596221590864078, ""gross_amount"": 0.12200063933684761, ""gross_amount_pct_nav"": 0.09596221590864078, ""fee"": 3.660019180105428e-05, ""fee_pct_nav"": 2.8788664772592232e-05, ""name"": ""中国有色矿业""}, {""ts_code"": ""01357.HK"", ""side"": ""buy"", ""current_weight"": 0.0, ""target_weight"": 0.12498171762671774, ""post_trade_weight"": 0.12504124051468074, ""diff_weight"": 0.12498171762671774, ""gross_amount"": 0.15889430346620362, ""gross_amount_pct_nav"": 0.12498171762671774, ""fee"": 4.766829103986108e-05, ""fee_pct_nav"": 3.749451528801532e-05, ""name"": ""美图公司""}, {""ts_code"": ""01530.HK"", ""side"": ""buy"", ""current_weight"": 0.0, ""target_weight"": 0.09991942068837854, ""post_trade_weight"": 0.09996700758825398, ""diff_weight"": 0.09991942068837854, ""gross_amount"": 0.12703159353630525, ""gross_amount_pct_nav"": 0.09991942068837854, ""fee"": 3.810947806089157e-05, ""fee_pct_nav"": 2.997582620651356e-05, ""name"": ""三生制药""}, {""ts_code"": ""01788.HK"", ""side"": ""buy"", ""current_weight"": 0.0, ""target_weight"": 0.11113150089763556, ""post_trade_weight"": 0.11118442758165545, ""diff_weight"": 0.11113150089763556, ""gross_amount"": 0.1412859637681019, ""gross_amount_pct_nav"": 0.11113150089763556, ""fee"": 4.2385789130430565e-05, ""fee_pct_nav"": 3.3339450269290664e-05, ""name"": ""国泰君安国际""}, {""ts_code"": ""01801.HK"", ""side"": ""sell"", ""current_weight"": 0.12884896163871215, ""target_weight"": 0.0, ""post_trade_weight"": 0.0, ""diff_weight"": -0.12884896163871215, ""gross_amount"": 0.16381088690967152, ""gross_amount_pct_nav"": 0.12884896163871215, ""fee"": 4.914326607290145e-05, ""fee_pct_nav"": 3.865468849161364e-05, ""name"": ""信达生物""}, {""ts_code"": ""01818.HK"", ""side"": ""sell"", ""current_weight"": 0.1126737672651999, ""target_weight"": 0.0, ""post_trade_weight"": 0.0, ""diff_weight"": -0.1126737672651999, ""gross_amount"": 0.14324670926661873, ""gross_amount_pct_nav"": 0.1126737672651999, ""fee"": 4.297401277998561e-05, ""fee_pct_nav"": 3.380213017955997e-05, ""name"": ""招金矿业""}, {""ts_code"": ""01929.HK"", ""side"": ""sell"", ""current_weight"": 0.10247608799782908, ""target_weight"": 0.0, ""post_trade_weight"": 0.0, ""diff_weight"": -0.10247608799782908, ""gross_amount"": 0.1302819879063304, ""gross_amount_pct_nav"": 0.10247608799782908, ""fee"": 3.908459637189911e-05, ""fee_pct_nav"": 3.074282639934872e-05, ""name"": ""周大福""}, {""ts_code"": ""02099.HK"", ""side"": ""buy"", ""current_weight"": 0.1143802237965411, ""target_weight"": 0.13553426370601843, ""post_trade_weight"": 0.1355988122731762, ""diff_weight"": 0.02115403990947732, ""gross_amount"": 0.02689398498228132, ""gross_amount_pct_nav"": 0.02115403990947732, ""fee"": 8.068195494684395e-06, ""fee_pct_nav"": 6.346211972843194e-06, ""name"": ""中国黄金国际""}, {""ts_code"": ""02400.HK"", ""side"": ""buy"", ""current_weight"": 0.0, ""target_weight"": 0.11047196676767927, ""post_trade_weight"": 0.11052457934674949, ""diff_weight"": 0.11047196676767927, ""gross_amount"": 0.14044747140152564, ""gross_amount_pct_nav"": 0.11047196676767927, ""fee"": 4.213424142045769e-05, ""fee_pct_nav"": 3.3141590030303777e-05, ""name"": ""心动公司""}, {""ts_code"": ""02419.HK"", ""side"": ""sell"", ""current_weight"": 0.10623884646643084, ""target_weight"": 0.09200501112890302, ""post_trade_weight"": 0.09204882876938239, ""diff_weight"": -0.014233835337527808, ""gross_amount"": 0.018096049522731403, ""gross_amount_pct_nav"": 0.014233835337527808, ""fee"": 5.428814856819421e-06, ""fee_pct_nav"": 4.2701506012583426e-06, ""name"": ""德康农牧""}, {""ts_code"": ""02799.HK"", ""side"": ""buy"", ""current_weight"": 0.0, ""target_weight"": 0.1408105367456688, ""post_trade_weight"": 0.14087759815242396, ""diff_weight"": 0.1408105367456688, ""gross_amount"": 0.17901812026403416, ""gross_amount_pct_nav"": 0.1408105367456688, ""fee"": 5.370543607921024e-05, ""fee_pct_nav"": 4.2243161023700635e-05, ""name"": ""中信金融资产""}, {""ts_code"": ""03933.HK"", ""side"": ""sell"", ""current_weight"": 0.09344412011577286, ""target_weight"": 0.0, ""post_trade_weight"": 0.0, ""diff_weight"": -0.09344412011577286, ""gross_amount"": 0.11879928249308959, ""gross_amount_pct_nav"": 0.09344412011577286, ""fee"": 3.5639784747926874e-05, ""fee_pct_nav"": 2.8033236034731857e-05, ""name"": ""联邦制药""}, {""ts_code"": ""03939.HK"", ""side"": ""sell"", ""current_weight"": 0.11495261778389057, ""target_weight"": 0.0, ""post_trade_weight"": 0.0, ""diff_weight"": -0.11495261778389057, ""gross_amount"": 0.14614390393434143, ""gross_amount_pct_nav"": 0.11495261778389057, ""fee"": 4.384317118030242e-05, ""fee_pct_nav"": 3.448578533516717e-05, ""name"": ""万国黄金集团""}, {""ts_code"": ""09969.HK"", ""side"": ""sell"", ""current_weight"": 0.09960607225753684, ""target_weight"": 0.0, ""post_trade_weight"": 0.0, ""diff_weight"": -0.09960607225753684, ""gross_amount"": 0.1266332210254591, ""gross_amount_pct_nav"": 0.09960607225753684, ""fee"": 3.7989966307637726e-05, ""fee_pct_nav"": 2.988182167726105e-05, ""name"": ""诺诚健华""}, {""ts_code"": ""09992.HK"", ""side"": ""sell"", ""current_weight"": 0.1273793026780803, ""target_weight"": 0.0, ""post_trade_weight"": 0.0, ""diff_weight"": -0.1273793026780803, ""gross_amount"": 0.16194245013894382, ""gross_amount_pct_nav"": 0.1273793026780803, ""fee"": 4.858273504168314e-05, ""fee_pct_nav"": 3.821379080342408e-05, ""name"": ""泡泡玛特""}]"
2025-07-14,0.63862083,1.27724166,0.94341886,0.94398509,0.00056622,0.00028303,0.00028320,0.00000000,rebalance,"[{""ts_code"": ""01060.HK"", ""side"": ""sell"", ""current_weight"": 0.08426830228682507, ""target_weight"": 0.0, ""post_trade_weight"": 0.0, ""diff_weight"": -0.08426830228682507, ""gross_amount"": 0.1245248507320616, ""gross_amount_pct_nav"": 0.08426830228682507, ""fee"": 3.735745521961848e-05, ""fee_pct_nav"": 2.5280490686047518e-05, ""name"": ""大麦娱乐""}, {""ts_code"": ""01177.HK"", ""side"": ""buy"", ""current_weight"": 0.0, ""target_weight"": 0.10138701747877198, ""post_trade_weight"": 0.10142588108689794, ""diff_weight"": 0.10138701747877198, ""gross_amount"": 0.14982149723083824, ""gross_amount_pct_nav"": 0.10138701747877198, ""fee"": 4.494644916925147e-05, ""fee_pct_nav"": 3.0416105243631594e-05, ""name"": ""中国生物制药""}, {""ts_code"": ""01258.HK"", ""side"": ""sell"", ""current_weight"": 0.08323962825679489, ""target_weight"": 0.0, ""post_trade_weight"": 0.0, ""diff_weight"": -0.08323962825679489, ""gross_amount"": 0.12300475982521673, ""gross_amount_pct_nav"": 0.08323962825679489, ""fee"": 3.690142794756502e-05, ""fee_pct_nav"": 2.497188847703846e-05, ""name"": ""中国有色矿业""}, {""ts_code"": ""01357.HK"", ""side"": ""sell"", ""current_weight"": 0.1184818625301905, ""target_weight"": 0.10676563909568296, ""post_trade_weight"": 0.10680656443368297, ""diff_weight"": -0.011716223434507537, ""gross_amount"": 0.017313283105664684, ""gross_amount_pct_nav"": 0.011716223434507537, ""fee"": 5.193984931699405e-06, ""fee_pct_nav"": 3.5148670303522607e-06, ""name"": ""美图公司""}, {""ts_code"": ""01375.HK"", ""side"": ""buy"", ""current_weight"": 0.0, ""target_weight"": 0.11321998503597613, ""post_trade_weight"": 0.11326338444982502, ""diff_weight"": 0.11321998503597613, ""gross_amount"": 0.167307295316135, ""gross_amount_pct_nav"": 0.11321998503597613, ""fee"": 5.01921885948405e-05, ""fee_pct_nav"": 3.396599551079284e-05, ""name"": ""中州证券""}, {""ts_code"": ""01428.HK"", ""side"": ""buy"", ""current_weight"": 0.0, ""target_weight"": 0.07556963371759928, ""post_trade_weight"": 0.07559860102232978, ""diff_weight"": 0.07556963371759928, ""gross_amount"": 0.1116706650447362, ""gross_amount_pct_nav"": 0.07556963371759928, ""fee"": 3.3501199513420857e-05, ""fee_pct_nav"": 2.267089011527978e-05, ""name"": ""耀才证券金融""}, {""ts_code"": ""01530.HK"", ""side"": ""sell"", ""current_weight"": 0.10250331809724943, ""target_weight"": 0.0, ""post_trade_weight"": 0.0, ""diff_weight"": -0.10250331809724943, ""gross_amount"": 0.15147107559085873, ""gross_amount_pct_nav"": 0.10250331809724943, ""fee"": 4.5441322677257616e-05, ""fee_pct_nav"": 3.075099542917483e-05, ""name"": ""三生制药""}, {""ts_code"": ""01788.HK"", ""side"": ""sell"", ""current_weight"": 0.17895677354385583, ""target_weight"": 0.15840040661802837, ""post_trade_weight"": 0.15846112456281933, ""diff_weight"": -0.02055636692582747, ""gross_amount"": 0.03037652893871534, ""gross_amount_pct_nav"": 0.02055636692582747, ""fee"": 9.112958681614601e-06, ""fee_pct_nav"": 6.16691007774824e-06, ""name"": ""国泰君安国际""}, {""ts_code"": ""02099.HK"", ""side"": ""sell"", ""current_weight"": 0.11291028611753932, ""target_weight"": 0.0, ""post_trade_weight"": 0.0, ""diff_weight"": -0.11291028611753932, ""gross_amount"": 0.16684964741599148, ""gross_amount_pct_nav"": 0.11291028611753932, ""fee"": 5.005489422479744e-05, ""fee_pct_nav"": 3.3873085835261796e-05, ""name"": ""中国黄金国际""}, {""ts_code"": ""02400.HK"", ""side"": ""sell"", ""current_weight"": 0.09868759092424316, ""target_weight"": 0.0, ""post_trade_weight"": 0.0, ""diff_weight"": -0.09868759092424316, ""gross_amount"": 0.14583250398376033, ""gross_amount_pct_nav"": 0.09868759092424316, ""fee"": 4.374975119512809e-05, ""fee_pct_nav"": 2.9606277277272944e-05, ""name"": ""心动公司""}, {""ts_code"": ""02419.HK"", ""side"": ""buy"", ""current_weight"": 0.09602153954893668, ""target_weight"": 0.12505295259318028, ""post_trade_weight"": 0.12510088781275208, ""diff_weight"": 0.02903141304424361, ""gross_amount"": 0.042900263536464645, ""gross_amount_pct_nav"": 0.02903141304424361, ""fee"": 1.2870079060939392e-05, ""fee_pct_nav"": 8.709423913273083e-06, ""name"": ""德康农牧""}, {""ts_code"": ""02799.HK"", ""side"": ""sell"", ""current_weight"": 0.12493069869435915, ""target_weight"": 0.0, ""post_trade_weight"": 0.0, ""diff_weight"": -0.12493069869435915, ""gross_amount"": 0.18461243652228523, ""gross_amount_pct_nav"": 0.12493069869435915, ""fee"": 5.538373095668556e-05, ""fee_pct_nav"": 3.747920960830774e-05, ""name"": ""中信金融资产""}, {""ts_code"": ""03347.HK"", ""side"": ""buy"", ""current_weight"": 0.0, ""target_weight"": 0.09278122289171441, ""post_trade_weight"": 0.09281678773204187, ""diff_weight"": 0.09278122289171441, ""gross_amount"": 0.1371045531688042, ""gross_amount_pct_nav"": 0.09278122289171441, ""fee"": 4.113136595064126e-05, ""fee_pct_nav"": 2.783436686751432e-05, ""name"": ""泰格医药""}, {""ts_code"": ""06680.HK"", ""side"": ""buy"", ""current_weight"": 0.0, ""target_weight"": 0.11214426071259394, ""post_trade_weight"": 0.11218724778046801, ""diff_weight"": 0.11214426071259394, ""gross_amount"": 0.16571767730838075, ""gross_amount_pct_nav"": 0.11214426071259394, ""fee"": 4.971530319251422e-05, ""fee_pct_nav"": 3.364327821377818e-05, ""name"": ""金力永磁""}, {""ts_code"": ""09969.HK"", ""side"": ""buy"", ""current_weight"": 0.0, ""target_weight"": 0.11429570935935833, ""post_trade_weight"": 0.11433952111918202, ""diff_weight"": 0.11429570935935833, ""gross_amount"": 0.16889691332388926, ""gross_amount_pct_nav"": 0.11429570935935833, ""fee"": 5.066907399716677e-05, ""fee_pct_nav"": 3.42887128078075e-05, ""name"": ""诺诚健华""}]"
2025-07-28,0.62121177,1.24242355,0.97405695,0.97464156,0.00058461,0.00029222,0.00029239,0.00000000,rebalance,"[{""ts_code"": ""00867.HK"", ""side"": ""buy"", ""current_weight"": 0.0, ""target_weight"": 0.1197191548506001, ""post_trade_weight"": 0.11976379405794403, ""diff_weight"": 0.1197191548506001, ""gross_amount"": 0.1877753674294889, ""gross_amount_pct_nav"": 0.1197191548506001, ""fee"": 5.633261022884666e-05, ""fee_pct_nav"": 3.591574645518003e-05, ""name"": ""康哲药业""}, {""ts_code"": ""01177.HK"", ""side"": ""sell"", ""current_weight"": 0.11409023382081306, ""target_weight"": 0.0, ""post_trade_weight"": 0.0, ""diff_weight"": -0.11409023382081306, ""gross_amount"": 0.17894659883419722, ""gross_amount_pct_nav"": 0.11409023382081306, ""fee"": 5.368397965025916e-05, ""fee_pct_nav"": 3.422707014624391e-05, ""name"": ""中国生物制药""}, {""ts_code"": ""01357.HK"", ""side"": ""sell"", ""current_weight"": 0.1019027167652144, ""target_weight"": 0.0, ""post_trade_weight"": 0.0, ""diff_weight"": -0.1019027167652144, ""gross_amount"": 0.15983089846006673, ""gross_amount_pct_nav"": 0.1019027167652144, ""fee"": 4.7949269538020014e-05, ""fee_pct_nav"": 3.057081502956431e-05, ""name"": ""美图公司""}, {""ts_code"": ""01375.HK"", ""side"": ""sell"", ""current_weight"": 0.11365140967096106, ""target_weight"": 0.0, ""post_trade_weight"": 0.0, ""diff_weight"": -0.11365140967096106, ""gross_amount"": 0.17825831828228203, ""gross_amount_pct_nav"": 0.11365140967096106, ""fee"": 5.34774954846846e-05, ""fee_pct_nav"": 3.4095422901288314e-05, ""name"": ""中州证券""}, {""ts_code"": ""01428.HK"", ""side"": ""buy"", ""current_weight"": 0.07465638129686764, ""target_weight"": 0.11012686509369529, ""post_trade_weight"": 0.11016792766193001, ""diff_weight"": 0.035470483796827657, ""gross_amount"": 0.05563423109829663, ""gross_amount_pct_nav"": 0.035470483796827657, ""fee"": 1.6690269329488986e-05, ""fee_pct_nav"": 1.0641145139048295e-05, ""name"": ""耀才证券金融""}, {""ts_code"": ""01776.HK"", ""side"": ""buy"", ""current_weight"": 0.0, ""target_weight"": 0.0997967068939517, ""post_trade_weight"": 0.09983391769699188, ""diff_weight"": 0.0997967068939517, ""gross_amount"": 0.15652769457527502, ""gross_amount_pct_nav"": 0.0997967068939517, ""fee"": 4.69583083725825e-05, ""fee_pct_nav"": 2.9939012068185507e-05, ""name"": ""广发证券""}, {""ts_code"": ""01788.HK"", ""side"": ""sell"", ""current_weight"": 0.1562094647390154, ""target_weight"": 0.11898128640776125, ""post_trade_weight"": 0.11902565048901986, ""diff_weight"": -0.03722817833125415, ""gross_amount"": 0.05839111438437242, ""gross_amount_pct_nav"": 0.03722817833125415, ""fee"": 1.7517334315311723e-05, ""fee_pct_nav"": 1.1168453499376243e-05, ""name"": ""国泰君安国际""}, {""ts_code"": ""01801.HK"", ""side"": ""buy"", ""current_weight"": 0.0, ""target_weight"": 0.1455445503499591, ""post_trade_weight"": 0.1455988189702894, ""diff_weight"": 0.1455445503499591, ""gross_amount"": 0.2282816100182846, ""gross_amount_pct_nav"": 0.1455445503499591, ""fee"": 6.848448300548537e-05, ""fee_pct_nav"": 4.3663365104987725e-05, ""name"": ""信达生物""}, {""ts_code"": ""02419.HK"", ""side"": ""sell"", ""current_weight"": 0.11671894040781217, ""target_weight"": 0.0, ""post_trade_weight"": 0.0, ""diff_weight"": -0.11671894040781217, ""gross_amount"": 0.18306963449924227, ""gross_amount_pct_nav"": 0.11671894040781217, ""fee"": 5.492089034977268e-05, ""fee_pct_nav"": 3.5015682122343645e-05, ""name"": ""德康农牧""}, {""ts_code"": ""03347.HK"", ""side"": ""buy"", ""current_weight"": 0.09623551502249392, ""target_weight"": 0.11307833886505057, ""post_trade_weight"": 0.11312050193762659, ""diff_weight"": 0.016842823842556653, ""gross_amount"": 0.02641738859193407, ""gross_amount_pct_nav"": 0.016842823842556653, ""fee"": 7.92521657758022e-06, ""fee_pct_nav"": 5.052847152766995e-06, ""name"": ""泰格医药""}, {""ts_code"": ""06060.HK"", ""side"": ""buy"", ""current_weight"": 0.0, ""target_weight"": 0.09647629890117695, ""post_trade_weight"": 0.09651227163683317, ""diff_weight"": 0.09647629890117695, ""gross_amount"": 0.1513197490995727, ""gross_amount_pct_nav"": 0.09647629890117695, ""fee"": 4.53959247298718e-05, ""fee_pct_nav"": 2.8942889670353083e-05, ""name"": ""众安在线""}, {""ts_code"": ""06680.HK"", ""side"": ""sell"", ""current_weight"": 0.10703358572354871, ""target_weight"": 0.0, ""post_trade_weight"": 0.0, ""diff_weight"": -0.10703358572354871, ""gross_amount"": 0.1678784895501149, ""gross_amount_pct_nav"": 0.10703358572354871, ""fee"": 5.036354686503446e-05, ""fee_pct_nav"": 3.211007571706461e-05, ""name"": ""金力永磁""}, {""ts_code"": ""09696.HK"", ""side"": ""buy"", ""current_weight"": 0.0, ""target_weight"": 0.10717539132233997, ""post_trade_weight"": 0.10721535338623339, ""diff_weight"": 0.10717539132233997, ""gross_amount"": 0.16810090674350234, ""gross_amount_pct_nav"": 0.10717539132233997, ""fee"": 5.0430272023050695e-05, ""fee_pct_nav"": 3.2152617396701986e-05, ""name"": ""天齐锂业""}, {""ts_code"": ""09969.HK"", ""side"": ""sell"", ""current_weight"": 0.11950175255327271, ""target_weight"": 0.08872868025136924, ""post_trade_weight"": 0.08876176416312953, ""diff_weight"": -0.030773072301903473, ""gross_amount"": 0.04826650309747979, ""gross_amount_pct_nav"": 0.030773072301903473, ""fee"": 1.4479950929243936e-05, ""fee_pct_nav"": 9.231921690571042e-06, ""name"": ""诺诚健华""}]"
2025-08-11,0.68738311,1.37476622,1.02639030,1.01467551,0.00061232,0.00030792,0.00030440,0.00000000,rebalance,"[{""ts_code"": ""00853.HK"", ""side"": ""buy"", ""current_weight"": 0.0, ""target_weight"": 0.08156796694953114, ""post_trade_weight"": 0.08160162189559016, ""diff_weight"": 0.08156796694953114, ""gross_amount"": 0.12110101752927675, ""gross_amount_pct_nav"": 0.08156796694953114, ""fee"": 3.633030525878302e-05, ""fee_pct_nav"": 2.4470390084859337e-05, ""name"": ""微创医疗""}, {""ts_code"": ""00867.HK"", ""side"": ""sell"", ""current_weight"": 0.12581598357616955, ""target_weight"": 0.0, ""post_trade_weight"": 0.0, ""diff_weight"": -0.12581598357616955, ""gross_amount"": 0.18679445133097664, ""gross_amount_pct_nav"": 0.12581598357616955, ""fee"": 5.603833539929299e-05, ""fee_pct_nav"": 3.774479507285086e-05, ""name"": ""康哲药业""}, {""ts_code"": ""01060.HK"", ""side"": ""buy"", ""current_weight"": 0.0, ""target_weight"": 0.09271390032151677, ""post_trade_weight"": 0.09275215408008074, ""diff_weight"": 0.09271390032151677, ""gross_amount"": 0.13764898265750092, ""gross_amount_pct_nav"": 0.09271390032151677, ""fee"": 4.129469479725027e-05, ""fee_pct_nav"": 2.781417009645503e-05, ""name"": ""大麦娱乐""}, {""ts_code"": ""01093.HK"", ""side"": ""buy"", ""current_weight"": 0.0, ""target_weight"": 0.13932416714982027, ""post_trade_weight"": 0.13938165230613225, ""diff_weight"": 0.13932416714982027, ""gross_amount"": 0.20684956410280192, ""gross_amount_pct_nav"": 0.13932416714982027, ""fee"": 6.205486923084057e-05, ""fee_pct_nav"": 4.179725014494608e-05, ""name"": ""石药集团""}, {""ts_code"": ""01428.HK"", ""side"": ""sell"", ""current_weight"": 0.09096312330252213, ""target_weight"": 0.0, ""post_trade_weight"": 0.0, ""diff_weight"": -0.09096312330252213, ""gross_amount"": 0.13504966718604494, ""gross_amount_pct_nav"": 0.09096312330252213, ""fee"": 4.051490015581348e-05, ""fee_pct_nav"": 2.7288936990756634e-05, ""name"": ""耀才证券金融""}, {""ts_code"": ""01776.HK"", ""side"": ""sell"", ""current_weight"": 0.10637846428698935, ""target_weight"": 0.0, ""post_trade_weight"": 0.0, ""diff_weight"": -0.10637846428698935, ""gross_amount"": 0.15793626775480504, ""gross_amount_pct_nav"": 0.10637846428698935, ""fee"": 4.738088032644151e-05, ""fee_pct_nav"": 3.19135392860968e-05, ""name"": ""广发证券""}, {""ts_code"": ""01788.HK"", ""side"": ""buy"", ""current_weight"": 0.0944599233733326, ""target_weight"": 0.11601903373566852, ""post_trade_weight"": 0.1160669031931065, ""diff_weight"": 0.021559110362335914, ""gross_amount"": 0.03200803329474011, ""gross_amount_pct_nav"": 0.021559110362335914, ""fee"": 9.602409988422032e-06, ""fee_pct_nav"": 6.467733108700774e-06, ""name"": ""国泰君安国际""}, {""ts_code"": ""01797.HK"", ""side"": ""buy"", ""current_weight"": 0.0, ""target_weight"": 0.12615170043747365, ""post_trade_weight"": 0.1262037506335525, ""diff_weight"": 0.12615170043747365, ""gross_amount"": 0.18729287804217337, ""gross_amount_pct_nav"": 0.12615170043747365, ""fee"": 5.6187863412652006e-05, ""fee_pct_nav"": 3.7845510131242086e-05, ""name"": ""东方甄选""}, {""ts_code"": ""01801.HK"", ""side"": ""sell"", ""current_weight"": 0.1472917248111767, ""target_weight"": 0.0, ""post_trade_weight"": 0.0, ""diff_weight"": -0.1472917248111767, ""gross_amount"": 0.2186787094903589, ""gross_amount_pct_nav"": 0.1472917248111767, ""fee"": 6.560361284710766e-05, ""fee_pct_nav"": 4.4187517443353e-05, ""name"": ""信达生物""}, {""ts_code"": ""01877.HK"", ""side"": ""buy"", ""current_weight"": 0.0, ""target_weight"": 0.07548836692844807, ""post_trade_weight"": 0.07551951343132257, ""diff_weight"": 0.07548836692844807, ""gross_amount"": 0.11207485473206358, ""gross_amount_pct_nav"": 0.07548836692844807, ""fee"": 3.362245641961907e-05, ""fee_pct_nav"": 2.264651007853442e-05, ""name"": ""君实生物""}, {""ts_code"": ""03347.HK"", ""side"": ""sell"", ""current_weight"": 0.11823177407414234, ""target_weight"": 0.0, ""post_trade_weight"": 0.0, ""diff_weight"": -0.11823177407414234, ""gross_amount"": 0.17553444912424046, ""gross_amount_pct_nav"": 0.11823177407414234, ""fee"": 5.2660334737272135e-05, ""fee_pct_nav"": 3.54695322222427e-05, ""name"": ""泰格医药""}, {""ts_code"": ""06060.HK"", ""side"": ""sell"", ""current_weight"": 0.08056017688839348, ""target_weight"": 0.0, ""post_trade_weight"": 0.0, ""diff_weight"": -0.08056017688839348, ""gross_amount"": 0.11960478798692252, ""gross_amount_pct_nav"": 0.08056017688839348, ""fee"": 3.588143639607675e-05, ""fee_pct_nav"": 2.416805306651804e-05, ""name"": ""众安在线""}, {""ts_code"": ""06869.HK"", ""side"": ""buy"", ""current_weight"": 0.0, ""target_weight"": 0.15452316720252796, ""post_trade_weight"": 0.15458692346680125, ""diff_weight"": 0.15452316720252796, ""gross_amount"": 0.22941497109583486, ""gross_amount_pct_nav"": 0.15452316720252796, ""fee"": 6.882449132875045e-05, ""fee_pct_nav"": 4.6356950160758376e-05, ""name"": ""长飞光纤光缆""}, {""ts_code"": ""09969.HK"", ""side"": ""sell"", ""current_weight"": 0.09069823038063986, ""target_weight"": 0.07650163359862859, ""post_trade_weight"": 0.07653319817536716, ""diff_weight"": -0.014196596782011272, ""gross_amount"": 0.021077175024089567, ""gross_amount_pct_nav"": 0.014196596782011272, ""fee"": 6.32315250722687e-06, ""fee_pct_nav"": 4.2589790346033816e-06, ""name"": ""诺诚健华""}]"
2025-08-25,0.80657826,1.61315651,1.29034861,1.29195141,0.00077469,0.00038710,0.00038759,0.00000000,rebalance,"[{""ts_code"": ""00853.HK"", ""side"": ""sell"", ""current_weight"": 0.07483805258263888, ""target_weight"": 0.0, ""post_trade_weight"": 0.0, ""diff_weight"": -0.07483805258263888, ""gross_amount"": 0.11979885605046733, ""gross_amount_pct_nav"": 0.07483805258263888, ""fee"": 3.5939656815140196e-05, ""fee_pct_nav"": 2.2451415774791663e-05, ""name"": ""微创医疗""}, {""ts_code"": ""01060.HK"", ""side"": ""sell"", ""current_weight"": 0.0977481602167236, ""target_weight"": 0.0, ""post_trade_weight"": 0.0, ""diff_weight"": -0.0977481602167236, ""gross_amount"": 0.156472775157672, ""gross_amount_pct_nav"": 0.0977481602167236, ""fee"": 4.69418325473016e-05, ""fee_pct_nav"": 2.9324448065017078e-05, ""name"": ""大麦娱乐""}, {""ts_code"": ""01093.HK"", ""side"": ""sell"", ""current_weight"": 0.13533009904047547, ""target_weight"": 0.0, ""post_trade_weight"": 0.0, ""diff_weight"": -0.13533009904047547, ""gross_amount"": 0.2166329894319885, ""gross_amount_pct_nav"": 0.13533009904047547, ""fee"": 6.498989682959655e-05, ""fee_pct_nav"": 4.059902971214264e-05, ""name"": ""石药集团""}, {""ts_code"": ""01177.HK"", ""side"": ""buy"", ""current_weight"": 0.0, ""target_weight"": 0.1267703533676377, ""post_trade_weight"": 0.12683173319858454, ""diff_weight"": 0.1267703533676377, ""gross_amount"": 0.20293076570620988, ""gross_amount_pct_nav"": 0.1267703533676377, ""fee"": 6.087922971186296e-05, ""fee_pct_nav"": 3.803110601029131e-05, ""name"": ""中国生物制药""}, {""ts_code"": ""01797.HK"", ""side"": ""sell"", ""current_weight"": 0.12121836068238757, ""target_weight"": 0.08939582687678037, ""post_trade_weight"": 0.08943911066195005, ""diff_weight"": -0.031822533805607206, ""gross_amount"": 0.050940704828327604, ""gross_amount_pct_nav"": 0.031822533805607206, ""fee"": 1.528221144849828e-05, ""fee_pct_nav"": 9.546760141682161e-06, ""name"": ""东方甄选""}, {""ts_code"": ""01833.HK"", ""side"": ""buy"", ""current_weight"": 0.0, ""target_weight"": 0.11237611005696967, ""post_trade_weight"": 0.11243052046488071, ""diff_weight"": 0.11237611005696967, ""gross_amount"": 0.17988882617383145, ""gross_amount_pct_nav"": 0.11237611005696967, ""fee"": 5.396664785214943e-05, ""fee_pct_nav"": 3.37128330170909e-05, ""name"": ""平安好医生""}, {""ts_code"": ""01877.HK"", ""side"": ""sell"", ""current_weight"": 0.08060968315372212, ""target_weight"": 0.0, ""post_trade_weight"": 0.0, ""diff_weight"": -0.08060968315372212, ""gross_amount"": 0.1290379358514572, ""gross_amount_pct_nav"": 0.08060968315372212, ""fee"": 3.871138075543716e-05, ""fee_pct_nav"": 2.418290494611663e-05, ""name"": ""君实生物""}, {""ts_code"": ""02228.HK"", ""side"": ""buy"", ""current_weight"": 0.0, ""target_weight"": 0.12475010869245623, ""post_trade_weight"": 0.12481051035876645, ""diff_weight"": 0.12475010869245623, ""gross_amount"": 0.1996968092806129, ""gross_amount_pct_nav"": 0.12475010869245623, ""fee"": 5.990904278418386e-05, ""fee_pct_nav"": 3.7425032607736866e-05, ""name"": ""晶泰控股""}, {""ts_code"": ""02400.HK"", ""side"": ""buy"", ""current_weight"": 0.0, ""target_weight"": 0.10404260077184607, ""post_trade_weight"": 0.10409297625063113, ""diff_weight"": 0.10404260077184607, ""gross_amount"": 0.16654875591824395, ""gross_amount_pct_nav"": 0.10404260077184607, ""fee"": 4.996462677547318e-05, ""fee_pct_nav"": 3.121278023155382e-05, ""name"": ""心动公司""}, {""ts_code"": ""06855.HK"", ""side"": ""buy"", ""current_weight"": 0.0, ""target_weight"": 0.10757802895341366, ""post_trade_weight"": 0.10763011622031277, ""diff_weight"": 0.10757802895341366, ""gross_amount"": 0.17220817966303864, ""gross_amount_pct_nav"": 0.10757802895341366, ""fee"": 5.166245389891159e-05, ""fee_pct_nav"": 3.22734086860241e-05, ""name"": ""亚盛医药-B""}, {""ts_code"": ""06869.HK"", ""side"": ""sell"", ""current_weight"": 0.19669034245536557, ""target_weight"": 0.0, ""post_trade_weight"": 0.0, ""diff_weight"": -0.19669034245536557, ""gross_amount"": 0.3148569104775681, ""gross_amount_pct_nav"": 0.19669034245536557, ""fee"": 9.445707314327042e-05, ""fee_pct_nav"": 5.900710273660967e-05, ""name"": ""长飞光纤光缆""}, {""ts_code"": ""09636.HK"", ""side"": ""buy"", ""current_weight"": 0.0, ""target_weight"": 0.11389129356335578, ""post_trade_weight"": 0.11394643759474428, ""diff_weight"": 0.11389129356335578, ""gross_amount"": 0.1823142934930292, ""gross_amount_pct_nav"": 0.11389129356335578, ""fee"": 5.469428804790875e-05, ""fee_pct_nav"": 3.416738806900673e-05, ""name"": ""九方智投控股""}, {""ts_code"": ""09696.HK"", ""side"": ""sell"", ""current_weight"": 0.11743542257954395, ""target_weight"": 0.0, ""post_trade_weight"": 0.0, ""diff_weight"": -0.11743542257954395, ""gross_amount"": 0.187987645313158, ""gross_amount_pct_nav"": 0.11743542257954395, ""fee"": 5.63962935939474e-05, ""fee_pct_nav"": 3.5230626773863184e-05, ""name"": ""天齐锂业""}, {""ts_code"": ""09926.HK"", ""side"": ""buy"", ""current_weight"": 0.0, ""target_weight"": 0.11666912999173029, ""post_trade_weight"": 0.11672561899949412, ""diff_weight"": 0.11666912999173029, ""gross_amount"": 0.186760983578225, ""gross_amount_pct_nav"": 0.11666912999173029, ""fee"": 5.602829507346749e-05, ""fee_pct_nav"": 3.5000738997519086e-05, ""name"": ""康方生物""}, {""ts_code"": ""09969.HK"", ""side"": ""sell"", ""current_weight"": 0.07260459396601832, ""target_weight"": 0.0, ""post_trade_weight"": 0.0, ""diff_weight"": -0.07260459396601832, ""gross_amount"": 0.11622359215631739, ""gross_amount_pct_nav"": 0.07260459396601832, ""fee"": 3.486707764689522e-05, ""fee_pct_nav"": 2.1781378189805495e-05, ""name"": ""诺诚健华""}]"
2025-09-08,0.66278879,1.32557758,1.02700401,1.02709682,0.00061623,0.00030810,0.00030813,0.00000000,rebalance,"[{""ts_code"": ""00358.HK"", ""side"": ""buy"", ""current_weight"": 0.0, ""target_weight"": 0.1157095940904911, ""post_trade_weight"": 0.11575562700964617, ""diff_weight"": 0.1157095940904911, ""gross_amount"": 0.1793023485441154, ""gross_amount_pct_nav"": 0.1157095940904911, ""fee"": 5.379070456323461e-05, ""fee_pct_nav"": 3.4712878227147325e-05, ""name"": ""江西铜业股份""}, {""ts_code"": ""01177.HK"", ""side"": ""sell"", ""current_weight"": 0.1429180828531018, ""target_weight"": 0.1285662156561012, ""post_trade_weight"": 0.1286173633440513, ""diff_weight"": -0.014351867197000575, ""gross_amount"": 0.02223949979811507, ""gross_amount_pct_nav"": 0.014351867197000575, ""fee"": 6.6718499394345205e-06, ""fee_pct_nav"": 4.305560159100172e-06, ""name"": ""中国生物制药""}, {""ts_code"": ""01208.HK"", ""side"": ""buy"", ""current_weight"": 0.0, ""target_weight"": 0.11763808732533261, ""post_trade_weight"": 0.11768488745980694, ""diff_weight"": 0.11763808732533261, ""gross_amount"": 0.18229072101985064, ""gross_amount_pct_nav"": 0.11763808732533261, ""fee"": 5.468721630595519e-05, ""fee_pct_nav"": 3.529142619759978e-05, ""name"": ""五矿资源""}, {""ts_code"": ""01530.HK"", ""side"": ""buy"", ""current_weight"": 0.0, ""target_weight"": 0.11828091840361311, ""post_trade_weight"": 0.11832797427652719, ""diff_weight"": 0.11828091840361311, ""gross_amount"": 0.18328684517842905, ""gross_amount_pct_nav"": 0.11828091840361311, ""fee"": 5.498605355352871e-05, ""fee_pct_nav"": 3.548427552108393e-05, ""name"": ""三生制药""}, {""ts_code"": ""01772.HK"", ""side"": ""buy"", ""current_weight"": 0.0, ""target_weight"": 0.10092447929003945, ""post_trade_weight"": 0.10096463022508027, ""diff_weight"": 0.10092447929003945, ""gross_amount"": 0.15639149289681176, ""gross_amount_pct_nav"": 0.10092447929003945, ""fee"": 4.6917447869043526e-05, ""fee_pct_nav"": 3.0277343787011837e-05, ""name"": ""赣锋锂业""}, {""ts_code"": ""01788.HK"", ""side"": ""sell"", ""current_weight"": 0.11622065934437815, ""target_weight"": 0.0, ""post_trade_weight"": 0.0, ""diff_weight"": -0.11622065934437815, ""gross_amount"": 0.18009428979152467, ""gross_amount_pct_nav"": 0.11622065934437815, ""fee"": 5.4028286937457395e-05, ""fee_pct_nav"": 3.4866197803313443e-05, ""name"": ""国泰君安国际""}, {""ts_code"": ""01797.HK"", ""side"": ""sell"", ""current_weight"": 0.06921772344636384, ""target_weight"": 0.0, ""post_trade_weight"": 0.0, ""diff_weight"": -0.06921772344636384, ""gross_amount"": 0.10725904340399059, ""gross_amount_pct_nav"": 0.06921772344636384, ""fee"": 3.217771302119717e-05, ""fee_pct_nav"": 2.076531703390915e-05, ""name"": ""东方甄选""}, {""ts_code"": ""01833.HK"", ""side"": ""sell"", ""current_weight"": 0.12856935190822585, ""target_weight"": 0.0842108712547463, ""post_trade_weight"": 0.08424437299035362, ""diff_weight"": -0.04435848065347956, ""gross_amount"": 0.06873742684463544, ""gross_amount_pct_nav"": 0.04435848065347956, ""fee"": 2.062122805339063e-05, ""fee_pct_nav"": 1.330754419604387e-05, ""name"": ""平安好医生""}, {""ts_code"": ""01860.HK"", ""side"": ""buy"", ""current_weight"": 0.0, ""target_weight"": 0.11120977654252755, ""post_trade_weight"": 0.11125401929260438, ""diff_weight"": 0.11120977654252755, ""gross_amount"": 0.17232947943406646, ""gross_amount_pct_nav"": 0.11120977654252755, ""fee"": 5.169884383021993e-05, ""fee_pct_nav"": 3.336293296275826e-05, ""name"": ""汇量科技""}, {""ts_code"": ""02400.HK"", ""side"": ""sell"", ""current_weight"": 0.10569937724068697, ""target_weight"": 0.0, ""post_trade_weight"": 0.0, ""diff_weight"": -0.10569937724068697, ""gross_amount"": 0.1637906236546297, ""gross_amount_pct_nav"": 0.10569937724068697, ""fee"": 4.9137187096388906e-05, ""fee_pct_nav"": 3.170981317220609e-05, ""name"": ""心动公司""}, {""ts_code"": ""03993.HK"", ""side"": ""buy"", ""current_weight"": 0.0, ""target_weight"": 0.09899598605519792, ""post_trade_weight"": 0.09903536977491949, ""diff_weight"": 0.09899598605519792, ""gross_amount"": 0.15340312042107648, ""gross_amount_pct_nav"": 0.09899598605519792, ""fee"": 4.602093612632294e-05, ""fee_pct_nav"": 2.9698795816559376e-05, ""name"": ""洛阳钼业""}, {""ts_code"": ""06855.HK"", ""side"": ""sell"", ""current_weight"": 0.10481061175967307, ""target_weight"": 0.0, ""post_trade_weight"": 0.0, ""diff_weight"": -0.10481061175967307, ""gross_amount"": 0.16241340217785133, ""gross_amount_pct_nav"": 0.10481061175967307, ""fee"": 4.872402065335539e-05, ""fee_pct_nav"": 3.144318352790192e-05, ""name"": ""亚盛医药-B""}, {""ts_code"": ""09636.HK"", ""side"": ""sell"", ""current_weight"": 0.10683546274286931, ""target_weight"": 0.0, ""post_trade_weight"": 0.0, ""diff_weight"": -0.10683546274286931, ""gross_amount"": 0.1655510895891045, ""gross_amount_pct_nav"": 0.10683546274286931, ""fee"": 4.9665326876731343e-05, ""fee_pct_nav"": 3.205063882286079e-05, ""name"": ""九方智投控股""}, {""ts_code"": ""09926.HK"", ""side"": ""sell"", ""current_weight"": 0.10132455528148268, ""target_weight"": 0.0, ""post_trade_weight"": 0.0, ""diff_weight"": -0.10132455528148268, ""gross_amount"": 0.15701144637107411, ""gross_amount_pct_nav"": 0.10132455528148268, ""fee"": 4.710343391132223e-05, ""fee_pct_nav"": 3.0397366584444804e-05, ""name"": ""康方生物""}]"
2025-09-22,0.78929757,1.57859515,1.22885435,1.25190263,0.00074423,0.00036866,0.00037557,0.00000000,rebalance,"[{""ts_code"": ""00020.HK"", ""side"": ""buy"", ""current_weight"": 0.0, ""target_weight"": 0.1052672472574204, ""post_trade_weight"": 0.10531712318734397, ""diff_weight"": 0.1052672472574204, ""gross_amount"": 0.1654271259214474, ""gross_amount_pct_nav"": 0.1052672472574204, ""fee"": 4.9628137776434216e-05, ""fee_pct_nav"": 3.1580174177226115e-05, ""name"": ""商汤-W""}, {""ts_code"": ""00358.HK"", ""side"": ""sell"", ""current_weight"": 0.11683109735668867, ""target_weight"": 0.0, ""post_trade_weight"": 0.0, ""diff_weight"": -0.11683109735668867, ""gross_amount"": 0.1835996775588091, ""gross_amount_pct_nav"": 0.11683109735668867, ""fee"": 5.507990326764272e-05, ""fee_pct_nav"": 3.5049329207006595e-05, ""name"": ""江西铜业股份""}, {""ts_code"": ""00425.HK"", ""side"": ""buy"", ""current_weight"": 0.0, ""target_weight"": 0.10995229859572003, ""post_trade_weight"": 0.11000439431668331, ""diff_weight"": 0.10995229859572003, ""gross_amount"": 0.17278966838248536, ""gross_amount_pct_nav"": 0.10995229859572003, ""fee"": 5.18369005147456e-05, ""fee_pct_nav"": 3.2985689578716005e-05, ""name"": ""敏实集团""}, {""ts_code"": ""01177.HK"", ""side"": ""sell"", ""current_weight"": 0.11987946999269485, ""target_weight"": 0.0, ""post_trade_weight"": 0.0, ""diff_weight"": -0.11987946999269485, ""gross_amount"": 0.1883901849298142, ""gross_amount_pct_nav"": 0.11987946999269485, ""fee"": 5.651705547894425e-05, ""fee_pct_nav"": 3.596384099780845e-05, ""name"": ""中国生物制药""}, {""ts_code"": ""01208.HK"", ""side"": ""sell"", ""current_weight"": 0.1265434484686652, ""target_weight"": 0.11112356143029493, ""post_trade_weight"": 0.11117621209901815, ""diff_weight"": -0.015419887038370259, ""gross_amount"": 0.024232300751183156, ""gross_amount_pct_nav"": 0.015419887038370259, ""fee"": 7.269690225354946e-06, ""fee_pct_nav"": 4.6259661115110775e-06, ""name"": ""五矿资源""}, {""ts_code"": ""01347.HK"", ""side"": ""buy"", ""current_weight"": 0.0, ""target_weight"": 0.09121209324252141, ""post_trade_weight"": 0.09125530979932583, ""diff_weight"": 0.09121209324252141, ""gross_amount"": 0.1433394985383334, ""gross_amount_pct_nav"": 0.09121209324252141, ""fee"": 4.300184956150001e-05, ""fee_pct_nav"": 2.736362797275642e-05, ""name"": ""华虹半导体""}, {""ts_code"": ""01530.HK"", ""side"": ""sell"", ""current_weight"": 0.1030949797951403, ""target_weight"": 0.0, ""post_trade_weight"": 0.0, ""diff_weight"": -0.1030949797951403, ""gross_amount"": 0.16201341489185322, ""gross_amount_pct_nav"": 0.1030949797951403, ""fee"": 4.860402446755596e-05, ""fee_pct_nav"": 3.0928493938542085e-05, ""name"": ""三生制药""}, {""ts_code"": ""01833.HK"", ""side"": ""sell"", ""current_weight"": 0.079984681962535, ""target_weight"": 0.0, ""post_trade_weight"": 0.0, ""diff_weight"": -0.079984681962535, ""gross_amount"": 0.12569565937681046, ""gross_amount_pct_nav"": 0.079984681962535, ""fee"": 3.770869781304313e-05, ""fee_pct_nav"": 2.3995404588760497e-05, ""name"": ""平安好医生""}, {""ts_code"": ""01860.HK"", ""side"": ""sell"", ""current_weight"": 0.11895155994401278, ""target_weight"": 0.0, ""post_trade_weight"": 0.0, ""diff_weight"": -0.11895155994401278, ""gross_amount"": 0.18693197740120152, ""gross_amount_pct_nav"": 0.11895155994401278, ""fee"": 5.607959322036045e-05, ""fee_pct_nav"": 3.568546798320383e-05, ""name"": ""汇量科技""}, {""ts_code"": ""02208.HK"", ""side"": ""buy"", ""current_weight"": 0.0, ""target_weight"": 0.10175345875369565, ""post_trade_weight"": 0.10180166984033943, ""diff_weight"": 0.10175345875369565, ""gross_amount"": 0.1599052190756689, ""gross_amount_pct_nav"": 0.10175345875369565, ""fee"": 4.7971565722700665e-05, ""fee_pct_nav"": 3.0526037626108696e-05, ""name"": ""金风科技""}, {""ts_code"": ""02228.HK"", ""side"": ""sell"", ""current_weight"": 0.13836168338934873, ""target_weight"": 0.0, ""post_trade_weight"": 0.0, ""diff_weight"": -0.13836168338934873, ""gross_amount"": 0.21743492127975045, ""gross_amount_pct_nav"": 0.13836168338934873, ""fee"": 6.523047638392513e-05, ""fee_pct_nav"": 4.1508505016804616e-05, ""name"": ""晶泰控股""}, {""ts_code"": ""02400.HK"", ""side"": ""buy"", ""current_weight"": 0.0, ""target_weight"": 0.12107929552418176, ""post_trade_weight"": 0.12113666324886435, ""diff_weight"": 0.12107929552418176, ""gross_amount"": 0.19027570672745064, ""gross_amount_pct_nav"": 0.12107929552418176, ""fee"": 5.708271201823519e-05, ""fee_pct_nav"": 3.6323788657254524e-05, ""name"": ""心动公司""}, {""ts_code"": ""03993.HK"", ""side"": ""sell"", ""current_weight"": 0.10410743935118708, ""target_weight"": 0.0, ""post_trade_weight"": 0.0, ""diff_weight"": -0.10410743935118708, ""gross_amount"": 0.16360449168764848, ""gross_amount_pct_nav"": 0.10410743935118708, ""fee"": 4.908134750629454e-05, ""fee_pct_nav"": 3.123223180535612e-05, ""name"": ""洛阳钼业""}, {""ts_code"": ""06088.HK"", ""side"": ""buy"", ""current_weight"": 0.0, ""target_weight"": 0.12400745261061902, ""post_trade_weight"": 0.12406620770470145, ""diff_weight"": 0.12400745261061902, ""gross_amount"": 0.19487729576559937, ""gross_amount_pct_nav"": 0.12400745261061902, ""fee"": 5.8463188729679805e-05, ""fee_pct_nav"": 3.72022357831857e-05, ""name"": ""FIT HON TENG""}, {""ts_code"": ""06869.HK"", ""side"": ""buy"", ""current_weight"": 0.0, ""target_weight"": 0.12869250394891865, ""post_trade_weight"": 0.12875347883404079, ""diff_weight"": 0.12869250394891865, ""gross_amount"": 0.20223983822663733, ""gross_amount_pct_nav"": 0.12869250394891865, ""fee"": 6.067195146799119e-05, ""fee_pct_nav"": 3.860775118467559e-05, ""name"": ""长飞光纤光缆""}]"
2025-10-06,0.54617750,1.09235500,0.92398175,0.91518734,0.00055175,0.00027719,0.00027456,0.00000000,rebalance,"[{""ts_code"": ""00020.HK"", ""side"": ""sell"", ""current_weight"": 0.1048039346022252, ""target_weight"": 0.0, ""post_trade_weight"": 0.0, ""diff_weight"": -0.1048039346022252, ""gross_amount"": 0.17645560098287721, ""gross_amount_pct_nav"": 0.1048039346022252, ""fee"": 5.293668029486316e-05, ""fee_pct_nav"": 3.144118038066756e-05, ""name"": ""商汤-W""}, {""ts_code"": ""00358.HK"", ""side"": ""buy"", ""current_weight"": 0.0, ""target_weight"": 0.12238256170440605, ""post_trade_weight"": 0.12242268041237102, ""diff_weight"": 0.12238256170440605, ""gross_amount"": 0.20605226852729738, ""gross_amount_pct_nav"": 0.12238256170440605, ""fee"": 6.181568055818921e-05, ""fee_pct_nav"": 3.671476851132181e-05, ""name"": ""江西铜业股份""}, {""ts_code"": ""00425.HK"", ""side"": ""sell"", ""current_weight"": 0.09961472537922554, ""target_weight"": 0.0, ""post_trade_weight"": 0.0, ""diff_weight"": -0.09961472537922554, ""gross_amount"": 0.16771866724517331, ""gross_amount_pct_nav"": 0.09961472537922554, ""fee"": 5.031560017355199e-05, ""fee_pct_nav"": 2.988441761376766e-05, ""name"": ""敏实集团""}, {""ts_code"": ""01208.HK"", ""side"": ""sell"", ""current_weight"": 0.12400515750788438, ""target_weight"": 0.10305899933002616, ""post_trade_weight"": 0.10309278350515456, ""diff_weight"": -0.020946158177858214, ""gross_amount"": 0.03526649017123737, ""gross_amount_pct_nav"": 0.020946158177858214, ""fee"": 1.057994705137121e-05, ""fee_pct_nav"": 6.283847453357464e-06, ""name"": ""五矿资源""}, {""ts_code"": ""01258.HK"", ""side"": ""buy"", ""current_weight"": 0.0, ""target_weight"": 0.111647249274195, ""post_trade_weight"": 0.11168384879725077, ""diff_weight"": 0.111647249274195, ""gross_amount"": 0.18797750813016606, ""gross_amount_pct_nav"": 0.111647249274195, ""fee"": 5.6393252439049814e-05, ""fee_pct_nav"": 3.34941747822585e-05, ""name"": ""中国有色矿业""}, {""ts_code"": ""01772.HK"", ""side"": ""sell"", ""current_weight"": 0.11952714246601369, ""target_weight"": 0.0, ""post_trade_weight"": 0.0, ""diff_weight"": -0.11952714246601369, ""gross_amount"": 0.20124467499866763, ""gross_amount_pct_nav"": 0.11952714246601369, ""fee"": 6.0373402499600286e-05, ""fee_pct_nav"": 3.58581427398041e-05, ""name"": ""赣锋锂业""}, {""ts_code"": ""02268.HK"", ""side"": ""buy"", ""current_weight"": 0.0, ""target_weight"": 0.10091193684398393, ""post_trade_weight"": 0.10094501718213049, ""diff_weight"": 0.10091193684398393, ""gross_amount"": 0.16990274773303468, ""gross_amount_pct_nav"": 0.10091193684398393, ""fee"": 5.09708243199104e-05, ""fee_pct_nav"": 3.0273581053195176e-05, ""name"": ""药明合联""}, {""ts_code"": ""02400.HK"", ""side"": ""sell"", ""current_weight"": 0.09906169167071215, ""target_weight"": 0.0, ""post_trade_weight"": 0.0, ""diff_weight"": -0.09906169167071215, ""gross_amount"": 0.1667875390793282, ""gross_amount_pct_nav"": 0.09906169167071215, ""fee"": 5.0036261723798456e-05, ""fee_pct_nav"": 2.9718507501213643e-05, ""name"": ""心动公司""}, {""ts_code"": ""03993.HK"", ""side"": ""buy"", ""current_weight"": 0.0, ""target_weight"": 0.09876487435794173, ""post_trade_weight"": 0.09879725085910644, ""diff_weight"": 0.09876487435794173, ""gross_amount"": 0.16628779565360843, ""gross_amount_pct_nav"": 0.09876487435794173, ""fee"": 4.988633869608252e-05, ""fee_pct_nav"": 2.9629462307382515e-05, ""name"": ""洛阳钼业""}, {""ts_code"": ""06869.HK"", ""side"": ""sell"", ""current_weight"": 0.09961217208986428, ""target_weight"": 0.0, ""post_trade_weight"": 0.0, ""diff_weight"": -0.09961217208986428, ""gross_amount"": 0.16771436833969391, ""gross_amount_pct_nav"": 0.09961217208986428, ""fee"": 5.031431050190817e-05, ""fee_pct_nav"": 2.9883651626959282e-05, ""name"": ""长飞光纤光缆""}, {""ts_code"": ""09880.HK"", ""side"": ""buy"", ""current_weight"": 0.0, ""target_weight"": 0.11508254925186255, ""post_trade_weight"": 0.11512027491408927, ""diff_weight"": 0.11508254925186255, ""gross_amount"": 0.1937614314572481, ""gross_amount_pct_nav"": 0.11508254925186255, ""fee"": 5.812842943717443e-05, ""fee_pct_nav"": 3.452476477555876e-05, ""name"": ""优必选""}]"
2025-10-20,0.45475198,0.90950395,0.66605283,0.68678375,0.00040585,0.00019982,0.00020604,0.00000000,rebalance,"[{""ts_code"": ""00358.HK"", ""side"": ""sell"", ""current_weight"": 0.13310343151792106, ""target_weight"": 0.1093172571932956, ""post_trade_weight"": 0.10934709267711845, ""diff_weight"": -0.023786174324625462, ""gross_amount"": 0.03538061232836584, ""gross_amount_pct_nav"": 0.023786174324625462, ""fee"": 1.0614183698509751e-05, ""fee_pct_nav"": 7.1358522973876385e-06, ""name"": ""江西铜业股份""}, {""ts_code"": ""00598.HK"", ""side"": ""buy"", ""current_weight"": 0.0, ""target_weight"": 0.1053492986744827, ""post_trade_weight"": 0.10537805120063502, ""diff_weight"": 0.1053492986744827, ""gross_amount"": 0.15670122671253853, ""gross_amount_pct_nav"": 0.1053492986744827, ""fee"": 4.7010368013761553e-05, ""fee_pct_nav"": 3.16047896023448e-05, ""name"": ""中国外运""}, {""ts_code"": ""01208.HK"", ""side"": ""sell"", ""current_weight"": 0.10769422275074318, ""target_weight"": 0.0, ""post_trade_weight"": 0.0, ""diff_weight"": -0.10769422275074318, ""gross_amount"": 0.16018917095062188, ""gross_amount_pct_nav"": 0.10769422275074318, ""fee"": 4.805675128518656e-05, ""fee_pct_nav"": 3.230826682522295e-05, ""name"": ""五矿资源""}, {""ts_code"": ""01347.HK"", ""side"": ""sell"", ""current_weight"": 0.1202071078451271, ""target_weight"": 0.10058774845190721, ""post_trade_weight"": 0.10061520142885491, ""diff_weight"": -0.0196193593932199, ""gross_amount"": 0.029182706699654448, ""gross_amount_pct_nav"": 0.0196193593932199, ""fee"": 8.754812009896334e-06, ""fee_pct_nav"": 5.885807817965969e-06, ""name"": ""华虹半导体""}, {""ts_code"": ""01772.HK"", ""side"": ""buy"", ""current_weight"": 0.0, ""target_weight"": 0.10138134015566977, ""post_trade_weight"": 0.10140900972415158, ""diff_weight"": 0.10138134015566977, ""gross_amount"": 0.1507991089455879, ""gross_amount_pct_nav"": 0.10138134015566977, ""fee"": 4.523973268367637e-05, ""fee_pct_nav"": 3.041440204670093e-05, ""name"": ""赣锋锂业""}, {""ts_code"": ""02099.HK"", ""side"": ""buy"", ""current_weight"": 0.0, ""target_weight"": 0.11169803230458333, ""post_trade_weight"": 0.1117285175630085, ""diff_weight"": 0.11169803230458333, ""gross_amount"": 0.16614461513965947, ""gross_amount_pct_nav"": 0.11169803230458333, ""fee"": 4.984338454189784e-05, ""fee_pct_nav"": 3.3509409691374996e-05, ""name"": ""中国黄金国际""}, {""ts_code"": ""02228.HK"", ""side"": ""buy"", ""current_weight"": 0.0, ""target_weight"": 0.10296852356319494, ""post_trade_weight"": 0.10299662631474496, ""diff_weight"": 0.10296852356319494, ""gross_amount"": 0.15315995605236815, ""gross_amount_pct_nav"": 0.10296852356319494, ""fee"": 4.5947986815710444e-05, ""fee_pct_nav"": 3.0890557068958485e-05, ""name"": ""晶泰控股""}, {""ts_code"": ""02268.HK"", ""side"": ""sell"", ""current_weight"": 0.09456354814379665, ""target_weight"": 0.0, ""post_trade_weight"": 0.0, ""diff_weight"": -0.09456354814379665, ""gross_amount"": 0.14065802224473986, ""gross_amount_pct_nav"": 0.09456354814379665, ""fee"": 4.219740667342196e-05, ""fee_pct_nav"": 2.8369064443138995e-05, ""name"": ""药明合联""}, {""ts_code"": ""03993.HK"", ""side"": ""sell"", ""current_weight"": 0.1029150702910573, ""target_weight"": 0.0, ""post_trade_weight"": 0.0, ""diff_weight"": -0.1029150702910573, ""gross_amount"": 0.1530804472808703, ""gross_amount_pct_nav"": 0.1029150702910573, ""fee"": 4.592413418426109e-05, ""fee_pct_nav"": 3.087452108731719e-05, ""name"": ""洛阳钼业""}, {""ts_code"": ""06088.HK"", ""side"": ""buy"", ""current_weight"": 0.10515168143249524, ""target_weight"": 0.13153782489864788, ""post_trade_weight"": 0.13157372494542566, ""diff_weight"": 0.02638614346615263, ""gross_amount"": 0.039247921926229695, ""gross_amount_pct_nav"": 0.02638614346615263, ""fee"": 1.1774376577868907e-05, ""fee_pct_nav"": 7.915843039845787e-06, ""name"": ""FIT HON TENG""}, {""ts_code"": ""09880.HK"", ""side"": ""sell"", ""current_weight"": 0.11314223722517783, ""target_weight"": 0.0, ""post_trade_weight"": 0.0, ""diff_weight"": -0.11314223722517783, ""gross_amount"": 0.1682927896935377, ""gross_amount_pct_nav"": 0.11314223722517783, ""fee"": 5.0487836908061305e-05, ""fee_pct_nav"": 3.3942671167553346e-05, ""name"": ""优必选""}]"
2025-11-03,0.25457753,0.50915506,0.39364214,0.38295161,0.00023298,0.00011809,0.00011489,0.00000000,rebalance,"[{""ts_code"": ""00358.HK"", ""side"": ""buy"", ""current_weight"": 0.10580492424386384, ""target_weight"": 0.1383305483096792, ""post_trade_weight"": 0.13835168104730733, ""diff_weight"": 0.03252562406581536, ""gross_amount"": 0.04961002650153004, ""gross_amount_pct_nav"": 0.03252562406581536, ""fee"": 1.4883007950459011e-05, ""fee_pct_nav"": 9.757687219744608e-06, ""name"": ""江西铜业股份""}, {""ts_code"": ""00598.HK"", ""side"": ""sell"", ""current_weight"": 0.10351277770059686, ""target_weight"": 0.0, ""post_trade_weight"": 0.0, ""diff_weight"": -0.10351277770059686, ""gross_amount"": 0.15788387748018035, ""gross_amount_pct_nav"": 0.10351277770059686, ""fee"": 4.73651632440541e-05, ""fee_pct_nav"": 3.1053833310179055e-05, ""name"": ""中国外运""}, {""ts_code"": ""01208.HK"", ""side"": ""buy"", ""current_weight"": 0.0, ""target_weight"": 0.10620216289581821, ""post_trade_weight"": 0.10621838738470689, ""diff_weight"": 0.10620216289581821, ""gross_amount"": 0.16198588857573315, ""gross_amount_pct_nav"": 0.10620216289581821, ""fee"": 4.859576657271994e-05, ""fee_pct_nav"": 3.186064886874546e-05, ""name"": ""五矿资源""}, {""ts_code"": ""01258.HK"", ""side"": ""buy"", ""current_weight"": 0.1081357451964775, ""target_weight"": 0.12167138550249203, ""post_trade_weight"": 0.12168997322225525, ""diff_weight"": 0.013535640306014512, ""gross_amount"": 0.020645367877885318, ""gross_amount_pct_nav"": 0.013535640306014512, ""fee"": 6.1936103633655945e-06, ""fee_pct_nav"": 4.060692091804353e-06, ""name"": ""中国有色矿业""}, {""ts_code"": ""01347.HK"", ""side"": ""sell"", ""current_weight"": 0.0968976356278039, ""target_weight"": 0.0835932990860642, ""post_trade_weight"": 0.08360606962213624, ""diff_weight"": -0.013304336541739716, ""gross_amount"": 0.020292569547179756, ""gross_amount_pct_nav"": 0.013304336541739716, ""fee"": 6.087770864153926e-06, ""fee_pct_nav"": 3.991300962521914e-06, ""name"": ""华虹半导体""}, {""ts_code"": ""01772.HK"", ""side"": ""buy"", ""current_weight"": 0.11610524848561632, ""target_weight"": 0.1264311463045455, ""post_trade_weight"": 0.12645046117227013, ""diff_weight"": 0.010325897818929185, ""gross_amount"": 0.015749676729110484, ""gross_amount_pct_nav"": 0.010325897818929185, ""fee"": 4.724903018733145e-06, ""fee_pct_nav"": 3.0977693456787558e-06, ""name"": ""赣锋锂业""}, {""ts_code"": ""02208.HK"", ""side"": ""sell"", ""current_weight"": 0.1185647677430045, ""target_weight"": 0.0835932990860642, ""post_trade_weight"": 0.08360606962213624, ""diff_weight"": -0.03497146865694032, ""gross_amount"": 0.05334057490665228, ""gross_amount_pct_nav"": 0.03497146865694032, ""fee"": 1.6002172471995683e-05, ""fee_pct_nav"": 1.0491440597082095e-05, ""name"": ""金风科技""}, {""ts_code"": ""02228.HK"", ""side"": ""sell"", ""current_weight"": 0.09928445305977476, ""target_weight"": 0.0, ""post_trade_weight"": 0.0, ""diff_weight"": -0.09928445305977476, ""gross_amount"": 0.15143458393046108, ""gross_amount_pct_nav"": 0.09928445305977476, ""fee"": 4.543037517913832e-05, ""fee_pct_nav"": 2.9785335917932427e-05, ""name"": ""晶泰控股""}, {""ts_code"": ""03993.HK"", ""side"": ""buy"", ""current_weight"": 0.0, ""target_weight"": 0.0954927010911979, ""post_trade_weight"": 0.09550728949717342, ""diff_weight"": 0.0954927010911979, ""gross_amount"": 0.14565117712271805, ""gross_amount_pct_nav"": 0.0954927010911979, ""fee"": 4.369535313681541e-05, ""fee_pct_nav"": 2.8647810327359363e-05, ""name"": ""洛阳钼业""}]"
2025-11-17,0.57263540,1.14527079,0.89408506,0.89299980,0.00053613,0.00026823,0.00026790,0.00000000,rebalance,"[{""ts_code"": ""00358.HK"", ""side"": ""sell"", ""current_weight"": 0.13214000762240116, ""target_weight"": 0.0, ""post_trade_weight"": 0.0, ""diff_weight"": -0.13214000762240116, ""gross_amount"": 0.20619176593815688, ""gross_amount_pct_nav"": 0.13214000762240116, ""fee"": 6.185752978144707e-05, ""fee_pct_nav"": 3.9642002286720344e-05, ""name"": ""江西铜业股份""}, {""ts_code"": ""01138.HK"", ""side"": ""buy"", ""current_weight"": 0.0, ""target_weight"": 0.11413701639515383, ""post_trade_weight"": 0.11417624521072793, ""diff_weight"": 0.11413701639515383, ""gross_amount"": 0.1780998305727318, ""gross_amount_pct_nav"": 0.11413701639515383, ""fee"": 5.342994917181953e-05, ""fee_pct_nav"": 3.424110491854615e-05, ""name"": ""中远海能""}, {""ts_code"": ""01208.HK"", ""side"": ""sell"", ""current_weight"": 0.10457920397394171, ""target_weight"": 0.08119814589185441, ""post_trade_weight"": 0.08122605363984672, ""diff_weight"": -0.023381058082087302, ""gross_amount"": 0.036483891155996234, ""gross_amount_pct_nav"": 0.023381058082087302, ""fee"": 1.094516734679887e-05, ""fee_pct_nav"": 7.014317424626191e-06, ""name"": ""五矿资源""}, {""ts_code"": ""01258.HK"", ""side"": ""sell"", ""current_weight"": 0.12409056755084105, ""target_weight"": 0.0942204900443216, ""post_trade_weight"": 0.09425287356321835, ""diff_weight"": -0.029870077506519443, ""gross_amount"": 0.04660938152341046, ""gross_amount_pct_nav"": 0.029870077506519443, ""fee"": 1.3982814457023136e-05, ""fee_pct_nav"": 8.961023251955831e-06, ""name"": ""中国有色矿业""}, {""ts_code"": ""01347.HK"", ""side"": ""sell"", ""current_weight"": 0.08234770000109665, ""target_weight"": 0.0, ""post_trade_weight"": 0.0, ""diff_weight"": -0.08234770000109665, ""gross_amount"": 0.128495661455473, ""gross_amount_pct_nav"": 0.08234770000109665, ""fee"": 3.85486984366419e-05, ""fee_pct_nav"": 2.470431000032899e-05, ""name"": ""华虹半导体""}, {""ts_code"": ""01530.HK"", ""side"": ""buy"", ""current_weight"": 0.0, ""target_weight"": 0.10724283419678886, ""post_trade_weight"": 0.10727969348659001, ""diff_weight"": 0.10724283419678886, ""gross_amount"": 0.1673421226857883, ""gross_amount_pct_nav"": 0.10724283419678886, ""fee"": 5.0202636805736484e-05, ""fee_pct_nav"": 3.2172850259036656e-05, ""name"": ""三生制药""}, {""ts_code"": ""01772.HK"", ""side"": ""sell"", ""current_weight"": 0.15346905206270414, ""target_weight"": 0.13405354274598608, ""post_trade_weight"": 0.1340996168582375, ""diff_weight"": -0.019415509316718087, ""gross_amount"": 0.030296033916106524, ""gross_amount_pct_nav"": 0.019415509316718087, ""fee"": 9.088810174831957e-06, ""fee_pct_nav"": 5.824652795015426e-06, ""name"": ""赣锋锂业""}, {""ts_code"": ""02208.HK"", ""side"": ""sell"", ""current_weight"": 0.07426084592215834, ""target_weight"": 0.0, ""post_trade_weight"": 0.0, ""diff_weight"": -0.07426084592215834, ""gross_amount"": 0.11587690387082608, ""gross_amount_pct_nav"": 0.07426084592215834, ""fee"": 3.476307116124782e-05, ""fee_pct_nav"": 2.22782537766475e-05, ""name"": ""金风科技""}, {""ts_code"": ""02600.HK"", ""side"": ""buy"", ""current_weight"": 0.0, ""target_weight"": 0.11413701639515385, ""post_trade_weight"": 0.11417624521072794, ""diff_weight"": 0.11413701639515385, ""gross_amount"": 0.17809983057273182, ""gross_amount_pct_nav"": 0.11413701639515385, ""fee"": 5.3429949171819545e-05, ""fee_pct_nav"": 3.4241104918546154e-05, ""name"": ""中国铝业""}, {""ts_code"": ""03993.HK"", ""side"": ""sell"", ""current_weight"": 0.09448939198721881, ""target_weight"": 0.0, ""post_trade_weight"": 0.0, ""diff_weight"": -0.09448939198721881, ""gross_amount"": 0.1474416033934337, ""gross_amount_pct_nav"": 0.09448939198721881, ""fee"": 4.423248101803011e-05, ""fee_pct_nav"": 2.834681759616564e-05, ""name"": ""洛阳钼业""}, {""ts_code"": ""06088.HK"", ""side"": ""sell"", ""current_weight"": 0.11638305710387516, ""target_weight"": 0.0, ""post_trade_weight"": 0.0, ""diff_weight"": -0.11638305710387516, ""gross_amount"": 0.181604560960092, ""gross_amount_pct_nav"": 0.11638305710387516, ""fee"": 5.44813682880276e-05, ""fee_pct_nav"": 3.4914917131162544e-05, ""name"": ""FIT HON TENG""}, {""ts_code"": ""06618.HK"", ""side"": ""buy"", ""current_weight"": 0.0, ""target_weight"": 0.12639334030335828, ""post_trade_weight"": 0.1264367816091954, ""diff_weight"": 0.12639334030335828, ""gross_amount"": 0.19722464459396477, ""gross_amount_pct_nav"": 0.12639334030335828, ""fee"": 5.916739337818942e-05, ""fee_pct_nav"": 3.791800209100748e-05, ""name"": ""京东健康""}, {""ts_code"": ""09696.HK"", ""side"": ""buy"", ""current_weight"": 0.0, ""target_weight"": 0.11107293541810273, ""post_trade_weight"": 0.11111111111111108, ""diff_weight"": 0.11107293541810273, ""gross_amount"": 0.17331862706742357, ""gross_amount_pct_nav"": 0.11107293541810273, ""fee"": 5.1995588120227065e-05, ""fee_pct_nav"": 3.3321880625430814e-05, ""name"": ""天齐锂业""}]"
2025-12-01,0.28521228,0.57042457,0.43709138,0.43268753,0.00026093,0.00013113,0.00012981,0.00000000,rebalance,"[{""ts_code"": ""00551.HK"", ""side"": ""buy"", ""current_weight"": 0.0, ""target_weight"": 0.13843784390257413, ""post_trade_weight"": 0.13846153846153839, ""diff_weight"": 0.13843784390257413, ""gross_amount"": 0.21108894015257748, ""gross_amount_pct_nav"": 0.13843784390257413, ""fee"": 6.332668204577324e-05, ""fee_pct_nav"": 4.153135317077223e-05, ""name"": ""裕元集团""}, {""ts_code"": ""01138.HK"", ""side"": ""sell"", ""current_weight"": 0.10944583601142223, ""target_weight"": 0.06152793062336629, ""post_trade_weight"": 0.06153846153846152, ""diff_weight"": -0.04791790538805594, ""gross_amount"": 0.07306484684790827, ""gross_amount_pct_nav"": 0.04791790538805594, ""fee"": 2.191945405437248e-05, ""fee_pct_nav"": 1.4375371616416783e-05, ""name"": ""中远海能""}, {""ts_code"": ""01208.HK"", ""side"": ""buy"", ""current_weight"": 0.09531431708383835, ""target_weight"": 0.1128012061428382, ""post_trade_weight"": 0.11282051282051278, ""diff_weight"": 0.01748688905899985, ""gross_amount"": 0.0266638714817585, ""gross_amount_pct_nav"": 0.01748688905899985, ""fee"": 7.999161444527549e-06, ""fee_pct_nav"": 5.246066717699954e-06, ""name"": ""五矿资源""}, {""ts_code"": ""01378.HK"", ""side"": ""buy"", ""current_weight"": 0.0, ""target_weight"": 0.08032813164717265, ""post_trade_weight"": 0.0803418803418803, ""diff_weight"": 0.08032813164717265, ""gross_amount"": 0.12248370601445854, ""gross_amount_pct_nav"": 0.08032813164717265, ""fee"": 3.674511180433756e-05, ""fee_pct_nav"": 2.409843949415179e-05, ""name"": ""中国宏桥""}, {""ts_code"": ""01530.HK"", ""side"": ""sell"", ""current_weight"": 0.10503929546322191, ""target_weight"": 0.0, ""post_trade_weight"": 0.0, ""diff_weight"": -0.10503929546322191, ""gross_amount"": 0.16016309506603543, ""gross_amount_pct_nav"": 0.10503929546322191, ""fee"": 4.8048928519810625e-05, ""fee_pct_nav"": 3.151178863896657e-05, ""name"": ""三生制药""}, {""ts_code"": ""01772.HK"", ""side"": ""sell"", ""current_weight"": 0.10646295422139847, ""target_weight"": 0.09400100511903184, ""post_trade_weight"": 0.09401709401709399, ""diff_weight"": -0.012461949102366636, ""gross_amount"": 0.019001882390664887, ""gross_amount_pct_nav"": 0.012461949102366636, ""fee"": 5.700564717199466e-06, ""fee_pct_nav"": 3.738584730709991e-06, ""name"": ""赣锋锂业""}, {""ts_code"": ""02099.HK"", ""side"": ""buy"", ""current_weight"": 0.13818570032892274, ""target_weight"": 0.1657835908462925, ""post_trade_weight"": 0.16581196581196575, ""diff_weight"": 0.02759789051736974, ""gross_amount"": 0.04208104731722223, ""gross_amount_pct_nav"": 0.02759789051736974, ""fee"": 1.2624314195166668e-05, ""fee_pct_nav"": 8.27936715521092e-06, ""name"": ""中国黄金国际""}, {""ts_code"": ""02600.HK"", ""side"": ""buy"", ""current_weight"": 0.11221401519046675, ""target_weight"": 0.13501962553460933, ""post_trade_weight"": 0.13504273504273498, ""diff_weight"": 0.022805610344142576, ""gross_amount"": 0.034773816041700156, ""gross_amount_pct_nav"": 0.022805610344142576, ""fee"": 1.0432144812510046e-05, ""fee_pct_nav"": 6.841683103242773e-06, ""name"": ""中国铝业""}, {""ts_code"": ""06618.HK"", ""side"": ""sell"", ""current_weight"": 0.11834905223416536, ""target_weight"": 0.0, ""post_trade_weight"": 0.0, ""diff_weight"": -0.11834905223416536, ""gross_amount"": 0.18045770794980923, ""gross_amount_pct_nav"": 0.11834905223416536, ""fee"": 5.413731238494276e-05, ""fee_pct_nav"": 3.550471567024961e-05, ""name"": ""京东健康""}]"
2025-12-15,0.87989515,1.75979030,1.34410090,1.34085552,0.00080549,0.00040323,0.00040226,0.00000000,rebalance,"[{""ts_code"": ""00083.HK"", ""side"": ""buy"", ""current_weight"": 0.0, ""target_weight"": 0.10252000122635911, ""post_trade_weight"": 0.10257415392656324, ""diff_weight"": 0.10252000122635911, ""gross_amount"": 0.15641735039706164, ""gross_amount_pct_nav"": 0.10252000122635911, ""fee"": 4.692520511911849e-05, ""fee_pct_nav"": 3.075600036790773e-05, ""name"": ""信和置业""}, {""ts_code"": ""00551.HK"", ""side"": ""sell"", ""current_weight"": 0.15053576076631411, ""target_weight"": 0.0, ""post_trade_weight"": 0.0, ""diff_weight"": -0.15053576076631411, ""gross_amount"": 0.2296762052029584, ""gross_amount_pct_nav"": 0.15053576076631411, ""fee"": 6.890286156088752e-05, ""fee_pct_nav"": 4.5160728229894235e-05, ""name"": ""裕元集团""}, {""ts_code"": ""01044.HK"", ""side"": ""buy"", ""current_weight"": 0.0, ""target_weight"": 0.101475211404944, ""post_trade_weight"": 0.10152881223049638, ""diff_weight"": 0.101475211404944, ""gross_amount"": 0.1548232882274101, ""gross_amount_pct_nav"": 0.101475211404944, ""fee"": 4.644698646822302e-05, ""fee_pct_nav"": 3.0442563421483196e-05, ""name"": ""恒安国际""}, {""ts_code"": ""01072.HK"", ""side"": ""buy"", ""current_weight"": 0.0, ""target_weight"": 0.11975903327970869, ""post_trade_weight"": 0.1198222919116669, ""diff_weight"": 0.11975903327970869, ""gross_amount"": 0.18271937619631282, ""gross_amount_pct_nav"": 0.11975903327970869, ""fee"": 5.481581285889384e-05, ""fee_pct_nav"": 3.59277099839126e-05, ""name"": ""东方电气""}, {""ts_code"": ""01138.HK"", ""side"": ""sell"", ""current_weight"": 0.0550355205623152, ""target_weight"": 0.0, ""post_trade_weight"": 0.0, ""diff_weight"": -0.0550355205623152, ""gross_amount"": 0.08396908116566622, ""gross_amount_pct_nav"": 0.0550355205623152, ""fee"": 2.5190724349699865e-05, ""fee_pct_nav"": 1.651065616869456e-05, ""name"": ""中远海能""}, {""ts_code"": ""01157.HK"", ""side"": ""buy"", ""current_weight"": 0.0, ""target_weight"": 0.09938563176211375, ""post_trade_weight"": 0.0994381288383626, ""diff_weight"": 0.09938563176211375, ""gross_amount"": 0.1516351638881069, ""gross_amount_pct_nav"": 0.09938563176211375, ""fee"": 4.549054916643207e-05, ""fee_pct_nav"": 2.981568952863412e-05, ""name"": ""中联重科""}, {""ts_code"": ""01208.HK"", ""side"": ""buy"", ""current_weight"": 0.11851336338035115, ""target_weight"": 0.13020693149385995, ""post_trade_weight"": 0.13027570887233578, ""diff_weight"": 0.011693568113508806, ""gross_amount"": 0.017841171665264638, ""gross_amount_pct_nav"": 0.011693568113508806, ""fee"": 5.352351499579391e-06, ""fee_pct_nav"": 3.5080704340526414e-06, ""name"": ""五矿资源""}, {""ts_code"": ""01258.HK"", ""side"": ""sell"", ""current_weight"": 0.10389988394339002, ""target_weight"": 0.0, ""post_trade_weight"": 0.0, ""diff_weight"": -0.10389988394339002, ""gross_amount"": 0.15852267224523559, ""gross_amount_pct_nav"": 0.10389988394339002, ""fee"": 4.755680167357067e-05, ""fee_pct_nav"": 3.1169965183017e-05, ""name"": ""中国有色矿业""}, {""ts_code"": ""01378.HK"", ""side"": ""sell"", ""current_weight"": 0.08068318152204602, ""target_weight"": 0.0, ""post_trade_weight"": 0.0, ""diff_weight"": -0.08068318152204602, ""gross_amount"": 0.12310036406865343, ""gross_amount_pct_nav"": 0.08068318152204602, ""fee"": 3.693010922059603e-05, ""fee_pct_nav"": 2.4204954456613805e-05, ""name"": ""中国宏桥""}, {""ts_code"": ""01772.HK"", ""side"": ""sell"", ""current_weight"": 0.09689978436032036, ""target_weight"": 0.0, ""post_trade_weight"": 0.0, ""diff_weight"": -0.09689978436032036, ""gross_amount"": 0.14784244383905595, ""gross_amount_pct_nav"": 0.09689978436032036, ""fee"": 4.4352733151716784e-05, ""fee_pct_nav"": 2.9069935308096105e-05, ""name"": ""赣锋锂业""}, {""ts_code"": ""02099.HK"", ""side"": ""sell"", ""current_weight"": 0.16027626242282614, ""target_weight"": 0.0, ""post_trade_weight"": 0.0, ""diff_weight"": -0.16027626242282614, ""gross_amount"": 0.2445375341380391, ""gross_amount_pct_nav"": 0.16027626242282614, ""fee"": 7.336126024141173e-05, ""fee_pct_nav"": 4.808287872684784e-05, ""name"": ""中国黄金国际""}, {""ts_code"": ""02208.HK"", ""side"": ""buy"", ""current_weight"": 0.0, ""target_weight"": 0.12028142819041625, ""post_trade_weight"": 0.12034496275970034, ""diff_weight"": 0.12028142819041625, ""gross_amount"": 0.1835164072811386, ""gross_amount_pct_nav"": 0.12028142819041625, ""fee"": 5.5054922184341577e-05, ""fee_pct_nav"": 3.608442845712487e-05, ""name"": ""金风科技""}, {""ts_code"": ""02338.HK"", ""side"": ""buy"", ""current_weight"": 0.0, ""target_weight"": 0.10043042158352888, ""post_trade_weight"": 0.10048347053442949, ""diff_weight"": 0.10043042158352888, ""gross_amount"": 0.15322922605775852, ""gross_amount_pct_nav"": 0.10043042158352888, ""fee"": 4.596876781732755e-05, ""fee_pct_nav"": 3.0129126475058663e-05, ""name"": ""潍柴动力""}, {""ts_code"": ""02600.HK"", ""side"": ""sell"", ""current_weight"": 0.13807221028339983, ""target_weight"": 0.0, ""post_trade_weight"": 0.0, ""diff_weight"": -0.13807221028339983, ""gross_amount"": 0.21066025202546051, ""gross_amount_pct_nav"": 0.13807221028339983, ""fee"": 6.319807560763815e-05, ""fee_pct_nav"": 4.142166308501995e-05, ""name"": ""中国铝业""}, {""ts_code"": ""02628.HK"", ""side"": ""buy"", ""current_weight"": 0.0, ""target_weight"": 0.09520647247645327, ""post_trade_weight"": 0.09525676205409507, ""diff_weight"": 0.09520647247645327, ""gross_amount"": 0.1452589152095006, ""gross_amount_pct_nav"": 0.09520647247645327, ""fee"": 4.357767456285018e-05, ""fee_pct_nav"": 2.8561941742935977e-05, ""name"": ""中国人寿""}, {""ts_code"": ""02899.HK"", ""side"": ""buy"", ""current_weight"": 0.0, ""target_weight"": 0.13020693149385995, ""post_trade_weight"": 0.13027570887233578, ""diff_weight"": 0.13020693149385995, ""gross_amount"": 0.19865999789282868, ""gross_amount_pct_nav"": 0.13020693149385995, ""fee"": 5.95979993678486e-05, ""fee_pct_nav"": 3.9062079448157986e-05, ""name"": ""紫金矿业""}, {""ts_code"": ""09696.HK"", ""side"": ""sell"", ""current_weight"": 0.09342899241451588, ""target_weight"": 0.0, ""post_trade_weight"": 0.0, ""diff_weight"": -0.09342899241451588, ""gross_amount"": 0.1425469690687863, ""gross_amount_pct_nav"": 0.09342899241451588, ""fee"": 4.276409072063589e-05, ""fee_pct_nav"": 2.8028697724354763e-05, ""name"": ""天齐锂业""}]"
2025-12-29,0.78715657,1.57431314,1.20912494,1.19808815,0.00072216,0.00036274,0.00035943,0.00000000,rebalance,"[{""ts_code"": ""00083.HK"", ""side"": ""sell"", ""current_weight"": 0.10006862046000262, ""target_weight"": 0.0, ""post_trade_weight"": 0.0, ""diff_weight"": -0.10006862046000262, ""gross_amount"": 0.15301053310621654, ""gross_amount_pct_nav"": 0.10006862046000262, ""fee"": 4.5903159931864956e-05, ""fee_pct_nav"": 3.0020586138000783e-05, ""name"": ""信和置业""}, {""ts_code"": ""00358.HK"", ""side"": ""buy"", ""current_weight"": 0.0, ""target_weight"": 0.09259146183854954, ""post_trade_weight"": 0.09263521288837703, ""diff_weight"": 0.09259146183854954, ""gross_amount"": 0.1415775382120222, ""gross_amount_pct_nav"": 0.09259146183854954, ""fee"": 4.247326146360666e-05, ""fee_pct_nav"": 2.7777438551564857e-05, ""name"": ""江西铜业股份""}, {""ts_code"": ""00966.HK"", ""side"": ""buy"", ""current_weight"": 0.0, ""target_weight"": 0.11099473375677055, ""post_trade_weight"": 0.11104718066743334, ""diff_weight"": 0.11099473375677055, ""gross_amount"": 0.16971717313615084, ""gross_amount_pct_nav"": 0.11099473375677055, ""fee"": 5.091515194084525e-05, ""fee_pct_nav"": 3.3298420127031165e-05, ""name"": ""中国太平""}, {""ts_code"": ""01044.HK"", ""side"": ""sell"", ""current_weight"": 0.0983172291018602, ""target_weight"": 0.0, ""post_trade_weight"": 0.0, ""diff_weight"": -0.0983172291018602, ""gross_amount"": 0.15033255749153218, ""gross_amount_pct_nav"": 0.0983172291018602, ""fee"": 4.5099767247459653e-05, ""fee_pct_nav"": 2.949516873055806e-05, ""name"": ""恒安国际""}, {""ts_code"": ""01157.HK"", ""side"": ""sell"", ""current_weight"": 0.09481286464796199, ""target_weight"": 0.0, ""post_trade_weight"": 0.0, ""diff_weight"": -0.09481286464796199, ""gross_amount"": 0.14497418769663967, ""gross_amount_pct_nav"": 0.09481286464796199, ""fee"": 4.3492256308991897e-05, ""fee_pct_nav"": 2.8443859394388595e-05, ""name"": ""中联重科""}, {""ts_code"": ""01208.HK"", ""side"": ""sell"", ""current_weight"": 0.13515191064180193, ""target_weight"": 0.09201635959110512, ""post_trade_weight"": 0.09205983889528153, ""diff_weight"": -0.04313555105069681, ""gross_amount"": 0.06595667684592127, ""gross_amount_pct_nav"": 0.04313555105069681, ""fee"": 1.978700305377638e-05, ""fee_pct_nav"": 1.2940665315209043e-05, ""name"": ""五矿资源""}, {""ts_code"": ""01772.HK"", ""side"": ""buy"", ""current_weight"": 0.0, ""target_weight"": 0.1391747438815465, ""post_trade_weight"": 0.1392405063291133, ""diff_weight"": 0.1391747438815465, ""gross_amount"": 0.2128059891137228, ""gross_amount_pct_nav"": 0.1391747438815465, ""fee"": 6.384179673411683e-05, ""fee_pct_nav"": 4.175242316446394e-05, ""name"": ""赣锋锂业""}, {""ts_code"": ""01818.HK"", ""side"": ""buy"", ""current_weight"": 0.0, ""target_weight"": 0.12939800567499157, ""post_trade_weight"": 0.12945914844648965, ""diff_weight"": 0.12939800567499157, ""gross_amount"": 0.19785680806027947, ""gross_amount_pct_nav"": 0.12939800567499157, ""fee"": 5.935704241808384e-05, ""fee_pct_nav"": 3.881940170249747e-05, ""name"": ""招金矿业""}, {""ts_code"": ""02099.HK"", ""side"": ""buy"", ""current_weight"": 0.0, ""target_weight"": 0.0891408483538831, ""post_trade_weight"": 0.08918296892980399, ""diff_weight"": 0.0891408483538831, ""gross_amount"": 0.1363013566637481, ""gross_amount_pct_nav"": 0.0891408483538831, ""fee"": 4.089040699912443e-05, ""fee_pct_nav"": 2.6742254506164928e-05, ""name"": ""中国黄金国际""}, {""ts_code"": ""02208.HK"", ""side"": ""sell"", ""current_weight"": 0.13087543561844056, ""target_weight"": 0.0, ""post_trade_weight"": 0.0, ""diff_weight"": -0.13087543561844056, ""gross_amount"": 0.20011588130656824, ""gross_amount_pct_nav"": 0.13087543561844056, ""fee"": 6.0034764391970464e-05, ""fee_pct_nav"": 3.9262630685532165e-05, ""name"": ""金风科技""}, {""ts_code"": ""02318.HK"", ""side"": ""buy"", ""current_weight"": 0.0, ""target_weight"": 0.0891408483538831, ""post_trade_weight"": 0.08918296892980399, ""diff_weight"": 0.0891408483538831, ""gross_amount"": 0.1363013566637481, ""gross_amount_pct_nav"": 0.0891408483538831, ""fee"": 4.089040699912443e-05, ""fee_pct_nav"": 2.6742254506164928e-05, ""name"": ""中国平安""}, {""ts_code"": ""02338.HK"", ""side"": ""sell"", ""current_weight"": 0.09416094213460545, ""target_weight"": 0.0, ""post_trade_weight"": 0.0, ""diff_weight"": -0.09416094213460545, ""gross_amount"": 0.14397736161015934, ""gross_amount_pct_nav"": 0.09416094213460545, ""fee"": 4.31932084830478e-05, ""fee_pct_nav"": 2.824828264038163e-05, ""name"": ""潍柴动力""}, {""ts_code"": ""02628.HK"", ""side"": ""sell"", ""current_weight"": 0.0935355047443219, ""target_weight"": 0.0, ""post_trade_weight"": 0.0, ""diff_weight"": -0.0935355047443219, ""gross_amount"": 0.1430210327622954, ""gross_amount_pct_nav"": 0.0935355047443219, ""fee"": 4.290630982868862e-05, ""fee_pct_nav"": 2.8060651423296567e-05, ""name"": ""中国人寿""}, {""ts_code"": ""02899.HK"", ""side"": ""sell"", ""current_weight"": 0.12864140072696179, ""target_weight"": 0.0, ""post_trade_weight"": 0.0, ""diff_weight"": -0.12864140072696179, ""gross_amount"": 0.1966999166599917, ""gross_amount_pct_nav"": 0.12864140072696179, ""fee"": 5.90099749979975e-05, ""fee_pct_nav"": 3.8592420218088536e-05, ""name"": ""紫金矿业""}, {""ts_code"": ""03993.HK"", ""side"": ""buy"", ""current_weight"": 0.0, ""target_weight"": 0.14032494837643528, ""post_trade_weight"": 0.1403912543153043, ""diff_weight"": 0.14032494837643528, ""gross_amount"": 0.2145647162964808, ""gross_amount_pct_nav"": 0.14032494837643528, ""fee"": 6.436941488894424e-05, ""fee_pct_nav"": 4.209748451293058e-05, ""name"": ""洛阳钼业""}]"
2026-01-12,0.77086450,1.54172900,1.29280911,1.30534751,0.00077945,0.00038784,0.00039160,0.00000000,rebalance,"[{""ts_code"": ""00358.HK"", ""side"": ""sell"", ""current_weight"": 0.09405184751640121, ""target_weight"": 0.0, ""post_trade_weight"": 0.0, ""diff_weight"": -0.09405184751640121, ""gross_amount"": 0.1584983029907662, ""gross_amount_pct_nav"": 0.09405184751640121, ""fee"": 4.7549490897229856e-05, ""fee_pct_nav"": 2.8215554254920358e-05, ""name"": ""江西铜业股份""}, {""ts_code"": ""00966.HK"", ""side"": ""sell"", ""current_weight"": 0.10978719957338774, ""target_weight"": 0.0, ""post_trade_weight"": 0.0, ""diff_weight"": -0.10978719957338774, ""gross_amount"": 0.18501587456276225, ""gross_amount_pct_nav"": 0.10978719957338774, ""fee"": 5.550476236882867e-05, ""fee_pct_nav"": 3.293615987201632e-05, ""name"": ""中国太平""}, {""ts_code"": ""01072.HK"", ""side"": ""sell"", ""current_weight"": 0.11218796668070846, ""target_weight"": 0.0, ""post_trade_weight"": 0.0, ""diff_weight"": -0.11218796668070846, ""gross_amount"": 0.18906170165106084, ""gross_amount_pct_nav"": 0.11218796668070846, ""fee"": 5.671851049531825e-05, ""fee_pct_nav"": 3.3656390004212537e-05, ""name"": ""东方电气""}, {""ts_code"": ""01138.HK"", ""side"": ""buy"", ""current_weight"": 0.0, ""target_weight"": 0.09122664620317283, ""post_trade_weight"": 0.09126885975760558, ""diff_weight"": 0.09122664620317283, ""gross_amount"": 0.15373720976847843, ""gross_amount_pct_nav"": 0.09122664620317283, ""fee"": 4.612116293054353e-05, ""fee_pct_nav"": 2.736799386095185e-05, ""name"": ""中远海能""}, {""ts_code"": ""01208.HK"", ""side"": ""sell"", ""current_weight"": 0.09288559313881693, ""target_weight"": 0.0, ""post_trade_weight"": 0.0, ""diff_weight"": -0.09288559313881693, ""gross_amount"": 0.15653290470690553, ""gross_amount_pct_nav"": 0.09288559313881693, ""fee"": 4.6959871412071654e-05, ""fee_pct_nav"": 2.7865677941645074e-05, ""name"": ""五矿资源""}, {""ts_code"": ""01347.HK"", ""side"": ""buy"", ""current_weight"": 0.0, ""target_weight"": 0.11594931455091617, ""post_trade_weight"": 0.11600296809300006, ""diff_weight"": 0.11594931455091617, ""gross_amount"": 0.1954004102477409, ""gross_amount_pct_nav"": 0.11594931455091617, ""fee"": 5.862012307432227e-05, ""fee_pct_nav"": 3.478479436527485e-05, ""name"": ""华虹半导体""}, {""ts_code"": ""01519.HK"", ""side"": ""buy"", ""current_weight"": 0.0, ""target_weight"": 0.09221555293708257, ""post_trade_weight"": 0.09225822409102136, ""diff_weight"": 0.09221555293708257, ""gross_amount"": 0.15540373778764893, ""gross_amount_pct_nav"": 0.09221555293708257, ""fee"": 4.6621121336294676e-05, ""fee_pct_nav"": 2.766466588112477e-05, ""name"": ""极兔速递-W""}, {""ts_code"": ""01772.HK"", ""side"": ""sell"", ""current_weight"": 0.13630153639978823, ""target_weight"": 0.0, ""post_trade_weight"": 0.0, ""diff_weight"": -0.13630153639978823, ""gross_amount"": 0.2296984353298669, ""gross_amount_pct_nav"": 0.13630153639978823, ""fee"": 6.890953059896006e-05, ""fee_pct_nav"": 4.0890460919936465e-05, ""name"": ""赣锋锂业""}, {""ts_code"": ""01818.HK"", ""side"": ""sell"", ""current_weight"": 0.1364519412392334, ""target_weight"": 0.10655470057877368, ""post_trade_weight"": 0.10660400692555014, ""diff_weight"": -0.02989724066045973, ""gross_amount"": 0.050383506905199826, ""gross_amount_pct_nav"": 0.02989724066045973, ""fee"": 1.5115052071559946e-05, ""fee_pct_nav"": 8.969172198137919e-06, ""name"": ""招金矿业""}, {""ts_code"": ""01880.HK"", ""side"": ""buy"", ""current_weight"": 0.0, ""target_weight"": 0.11199368761527718, ""post_trade_weight"": 0.1120455107593369, ""diff_weight"": 0.11199368761527718, ""gross_amount"": 0.18873429817105883, ""gross_amount_pct_nav"": 0.11199368761527718, ""fee"": 5.662028945131764e-05, ""fee_pct_nav"": 3.359810628458315e-05, ""name"": ""中国中免""}, {""ts_code"": ""02099.HK"", ""side"": ""sell"", ""current_weight"": 0.08787452842202893, ""target_weight"": 0.0, ""post_trade_weight"": 0.0, ""diff_weight"": -0.08787452842202893, ""gross_amount"": 0.14808814498382517, ""gross_amount_pct_nav"": 0.08787452842202893, ""fee"": 4.4426443495147546e-05, ""fee_pct_nav"": 2.636235852660868e-05, ""name"": ""中国黄金国际""}, {""ts_code"": ""02208.HK"", ""side"": ""buy"", ""current_weight"": 0.0, ""target_weight"": 0.11792712801873562, ""post_trade_weight"": 0.1179816967598316, ""diff_weight"": 0.11792712801873562, ""gross_amount"": 0.19873346628608188, ""gross_amount_pct_nav"": 0.11792712801873562, ""fee"": 5.962003988582456e-05, ""fee_pct_nav"": 3.537813840562068e-05, ""name"": ""金风科技""}, {""ts_code"": ""02318.HK"", ""side"": ""sell"", ""current_weight"": 0.08343828809714633, ""target_weight"": 0.0, ""post_trade_weight"": 0.0, ""diff_weight"": -0.08343828809714633, ""gross_amount"": 0.14061209234136662, ""gross_amount_pct_nav"": 0.08343828809714633, ""fee"": 4.218362770240998e-05, ""fee_pct_nav"": 2.5031486429143894e-05, ""name"": ""中国平安""}, {""ts_code"": ""02600.HK"", ""side"": ""buy"", ""current_weight"": 0.0, ""target_weight"": 0.12781619535783298, ""post_trade_weight"": 0.1278753400939894, ""diff_weight"": 0.12781619535783298, ""gross_amount"": 0.2153987464777869, ""gross_amount_pct_nav"": 0.12781619535783298, ""fee"": 6.461962394333606e-05, ""fee_pct_nav"": 3.834485860734988e-05, ""name"": ""中国铝业""}, {""ts_code"": ""02899.HK"", ""side"": ""buy"", ""current_weight"": 0.0, ""target_weight"": 0.11001587414745775, ""post_trade_weight"": 0.11006678209250537, ""diff_weight"": 0.11001587414745775, ""gross_amount"": 0.18540124213271789, ""gross_amount_pct_nav"": 0.11001587414745775, ""fee"": 5.562037263981536e-05, ""fee_pct_nav"": 3.3004762244237324e-05, ""name"": ""紫金矿业""}, {""ts_code"": ""03993.HK"", ""side"": ""sell"", ""current_weight"": 0.15399878502386546, ""target_weight"": 0.12583838189001348, ""post_trade_weight"": 0.12589661142715783, ""diff_weight"": -0.028160403133852, ""gross_amount"": 0.04745654897925372, ""gross_amount_pct_nav"": 0.028160403133852, ""fee"": 1.4236964693776114e-05, ""fee_pct_nav"": 8.448120940155598e-06, ""name"": ""洛阳钼业""}]"
2026-01-26,0.89712242,1.79424483,1.58077949,1.58172824,0.00094875,0.00047423,0.00047452,0.00000000,rebalance,"[{""ts_code"": ""00631.HK"", ""side"": ""buy"", ""current_weight"": 0.0, ""target_weight"": 0.11702909228743164, ""post_trade_weight"": 0.11709211986681381, ""diff_weight"": 0.11702909228743164, ""gross_amount"": 0.2062736378819467, ""gross_amount_pct_nav"": 0.11702909228743164, ""fee"": 6.1882091364584e-05, ""fee_pct_nav"": 3.510872768622949e-05, ""name"": ""三一国际""}, {""ts_code"": ""01072.HK"", ""side"": ""buy"", ""current_weight"": 0.0, ""target_weight"": 0.11370125080058524, ""post_trade_weight"": 0.11376248612652526, ""diff_weight"": 0.11370125080058524, ""gross_amount"": 0.20040803680473493, ""gross_amount_pct_nav"": 0.11370125080058524, ""fee"": 6.0122411041420476e-05, ""fee_pct_nav"": 3.411037524017557e-05, ""name"": ""东方电气""}, {""ts_code"": ""01138.HK"", ""side"": ""sell"", ""current_weight"": 0.10387627911552011, ""target_weight"": 0.0, ""post_trade_weight"": 0.0, ""diff_weight"": -0.10387627911552011, ""gross_amount"": 0.18309069620204144, ""gross_amount_pct_nav"": 0.10387627911552011, ""fee"": 5.4927208860612424e-05, ""fee_pct_nav"": 3.116288373465603e-05, ""name"": ""中远海能""}, {""ts_code"": ""01208.HK"", ""side"": ""buy"", ""current_weight"": 0.0, ""target_weight"": 0.10870948857031566, ""post_trade_weight"": 0.10876803551609246, ""diff_weight"": 0.10870948857031566, ""gross_amount"": 0.19160963518891733, ""gross_amount_pct_nav"": 0.10870948857031566, ""fee"": 5.7482890556675194e-05, ""fee_pct_nav"": 3.261284657109469e-05, ""name"": ""五矿资源""}, {""ts_code"": ""01347.HK"", ""side"": ""sell"", ""current_weight"": 0.13465485555721346, ""target_weight"": 0.0, ""post_trade_weight"": 0.0, ""diff_weight"": -0.13465485555721346, ""gross_amount"": 0.23734053107098627, ""gross_amount_pct_nav"": 0.13465485555721346, ""fee"": 7.120215932129588e-05, ""fee_pct_nav"": 4.0396456667164035e-05, ""name"": ""华虹半导体""}, {""ts_code"": ""01519.HK"", ""side"": ""sell"", ""current_weight"": 0.07919558422405432, ""target_weight"": 0.0, ""post_trade_weight"": 0.0, ""diff_weight"": -0.07919558422405432, ""gross_amount"": 0.13958889146947775, ""gross_amount_pct_nav"": 0.07919558422405432, ""fee"": 4.187666744084332e-05, ""fee_pct_nav"": 2.3758675267216294e-05, ""name"": ""极兔速递-W""}, {""ts_code"": ""01772.HK"", ""side"": ""buy"", ""current_weight"": 0.0, ""target_weight"": 0.12923117773920179, ""post_trade_weight"": 0.12930077691453848, ""diff_weight"": 0.12923117773920179, ""gross_amount"": 0.22778084183172315, ""gross_amount_pct_nav"": 0.12923117773920179, ""fee"": 6.833425254951694e-05, ""fee_pct_nav"": 3.8769353321760535e-05, ""name"": ""赣锋锂业""}, {""ts_code"": ""01818.HK"", ""side"": ""sell"", ""current_weight"": 0.10962887901622943, ""target_weight"": 0.0, ""post_trade_weight"": 0.0, ""diff_weight"": -0.10962887901622943, ""gross_amount"": 0.19323013833224476, ""gross_amount_pct_nav"": 0.10962887901622943, ""fee"": 5.796904149967342e-05, ""fee_pct_nav"": 3.288866370486882e-05, ""name"": ""招金矿业""}, {""ts_code"": ""01880.HK"", ""side"": ""sell"", ""current_weight"": 0.11272985514407993, ""target_weight"": 0.10260844584443057, ""post_trade_weight"": 0.10266370699223011, ""diff_weight"": -0.010121409299649357, ""gross_amount"": 0.017839836880927912, ""gross_amount_pct_nav"": 0.010121409299649357, ""fee"": 5.351951064278373e-06, ""fee_pct_nav"": 3.036422789894807e-06, ""name"": ""中国中免""}, {""ts_code"": ""02099.HK"", ""side"": ""buy"", ""current_weight"": 0.0, ""target_weight"": 0.11314661055277749, ""post_trade_weight"": 0.11320754716981048, ""diff_weight"": 0.11314661055277749, ""gross_amount"": 0.1994304366251996, ""gross_amount_pct_nav"": 0.11314661055277749, ""fee"": 5.9829130987559875e-05, ""fee_pct_nav"": 3.394398316583324e-05, ""name"": ""中国黄金国际""}, {""ts_code"": ""02208.HK"", ""side"": ""sell"", ""current_weight"": 0.10246556908578124, ""target_weight"": 0.0, ""post_trade_weight"": 0.0, ""diff_weight"": -0.10246556908578124, ""gross_amount"": 0.1806042008858504, ""gross_amount_pct_nav"": 0.10246556908578124, ""fee"": 5.4181260265755116e-05, ""fee_pct_nav"": 3.0739670725734364e-05, ""name"": ""金风科技""}, {""ts_code"": ""02338.HK"", ""side"": ""buy"", ""current_weight"": 0.0, ""target_weight"": 0.10371772634004604, ""post_trade_weight"": 0.10377358490565963, ""diff_weight"": 0.10371772634004604, ""gross_amount"": 0.18281123357309967, ""gross_amount_pct_nav"": 0.10371772634004604, ""fee"": 5.48433700719299e-05, ""fee_pct_nav"": 3.111531790201381e-05, ""name"": ""潍柴动力""}, {""ts_code"": ""02600.HK"", ""side"": ""sell"", ""current_weight"": 0.12202649630044692, ""target_weight"": 0.0, ""post_trade_weight"": 0.0, ""diff_weight"": -0.12202649630044692, ""gross_amount"": 0.21508198361531958, ""gross_amount_pct_nav"": 0.12202649630044692, ""fee"": 6.452459508459587e-05, ""fee_pct_nav"": 3.660794889013407e-05, ""name"": ""中国铝业""}, {""ts_code"": ""02899.HK"", ""side"": ""sell"", ""current_weight"": 0.11295301929129087, ""target_weight"": 0.0, ""post_trade_weight"": 0.0, ""diff_weight"": -0.11295301929129087, ""gross_amount"": 0.19908921571176277, ""gross_amount_pct_nav"": 0.11295301929129087, ""fee"": 5.9726764713528825e-05, ""fee_pct_nav"": 3.388590578738725e-05, ""name"": ""紫金矿业""}, {""ts_code"": ""03993.HK"", ""side"": ""sell"", ""current_weight"": 0.1224694622653821, ""target_weight"": 0.0, ""post_trade_weight"": 0.0, ""diff_weight"": -0.1224694622653821, ""gross_amount"": 0.21586274845984774, ""gross_amount_pct_nav"": 0.1224694622653821, ""fee"": 6.475882453795432e-05, ""fee_pct_nav"": 3.674083867961463e-05, ""name"": ""洛阳钼业""}, {""ts_code"": ""09626.HK"", ""side"": ""buy"", ""current_weight"": 0.0, ""target_weight"": 0.11148268980935429, ""post_trade_weight"": 0.11154273029966622, ""diff_weight"": 0.11148268980935429, ""gross_amount"": 0.19649763608659374, ""gross_amount_pct_nav"": 0.11148268980935429, ""fee"": 5.8949290825978115e-05, ""fee_pct_nav"": 3.3444806942806283e-05, ""name"": ""哔哩哔哩-W""}, {""ts_code"": ""09696.HK"", ""side"": ""buy"", ""current_weight"": 0.0, ""target_weight"": 0.0998352446053919, ""post_trade_weight"": 0.09988901220865631, ""diff_weight"": 0.0998352446053919, ""gross_amount"": 0.1759680323163526, ""gross_amount_pct_nav"": 0.0998352446053919, ""fee"": 5.2790409694905776e-05, ""fee_pct_nav"": 2.995057338161757e-05, ""name"": ""天齐锂业""}]"
2026-02-09,0.88735676,1.77471352,1.51149018,1.51239734,0.00090717,0.00045345,0.00045372,0.00000000,rebalance,"[{""ts_code"": ""00016.HK"", ""side"": ""buy"", ""current_weight"": 0.0, ""target_weight"": 0.12659616967454063, ""post_trade_weight"": 0.1266636071592465, ""diff_weight"": 0.12659616967454063, ""gross_amount"": 0.215703872438854, ""gross_amount_pct_nav"": 0.12659616967454063, ""fee"": 6.47111617316562e-05, ""fee_pct_nav"": 3.797885090236218e-05, ""name"": ""新鸿基地产""}, {""ts_code"": ""00066.HK"", ""side"": ""buy"", ""current_weight"": 0.0, ""target_weight"": 0.10916626225558215, ""post_trade_weight"": 0.10922441486920532, ""diff_weight"": 0.10916626225558215, ""gross_amount"": 0.1860055131900263, ""gross_amount_pct_nav"": 0.10916626225558215, ""fee"": 5.5801653957007886e-05, ""fee_pct_nav"": 3.274987867667464e-05, ""name"": ""港铁公司""}, {""ts_code"": ""00083.HK"", ""side"": ""buy"", ""current_weight"": 0.0, ""target_weight"": 0.11329439822323022, ""post_trade_weight"": 0.11335474988526771, ""diff_weight"": 0.11329439822323022, ""gross_amount"": 0.19303933511738025, ""gross_amount_pct_nav"": 0.11329439822323022, ""fee"": 5.791180053521407e-05, ""fee_pct_nav"": 3.398831946696906e-05, ""name"": ""信和置业""}, {""ts_code"": ""00371.HK"", ""side"": ""buy"", ""current_weight"": 0.0, ""target_weight"": 0.0958644908042717, ""post_trade_weight"": 0.0959155575952265, ""diff_weight"": 0.0958644908042717, ""gross_amount"": 0.16334097586855248, ""gross_amount_pct_nav"": 0.0958644908042717, ""fee"": 4.900229276056574e-05, ""fee_pct_nav"": 2.8759347241281505e-05, ""name"": ""北控水务集团""}, {""ts_code"": ""00551.HK"", ""side"": ""buy"", ""current_weight"": 0.0, ""target_weight"": 0.1077902169330328, ""post_trade_weight"": 0.10784763653051786, ""diff_weight"": 0.1077902169330328, ""gross_amount"": 0.18366090588090833, ""gross_amount_pct_nav"": 0.1077902169330328, ""fee"": 5.50982717642725e-05, ""fee_pct_nav"": 3.233706507990984e-05, ""name"": ""裕元集团""}, {""ts_code"": ""00631.HK"", ""side"": ""sell"", ""current_weight"": 0.14646198396148521, ""target_weight"": 0.11237703467486398, ""post_trade_weight"": 0.11243689765947606, ""diff_weight"": -0.034084949286621244, ""gross_amount"": 0.058076445534708365, ""gross_amount_pct_nav"": 0.034084949286621244, ""fee"": 1.742293366041251e-05, ""fee_pct_nav"": 1.0225484785986375e-05, ""name"": ""三一国际""}, {""ts_code"": ""00670.HK"", ""side"": ""buy"", ""current_weight"": 0.0, ""target_weight"": 0.11421176177159645, ""post_trade_weight"": 0.11427260211105936, ""diff_weight"": 0.11421176177159645, ""gross_amount"": 0.19460240665679224, ""gross_amount_pct_nav"": 0.11421176177159645, ""fee"": 5.838072199703766e-05, ""fee_pct_nav"": 3.426352853147893e-05, ""name"": ""中国东方航空股份""}, {""ts_code"": ""01072.HK"", ""side"": ""sell"", ""current_weight"": 0.1223067911850124, ""target_weight"": 0.0, ""post_trade_weight"": 0.0, ""diff_weight"": -0.1223067911850124, ""gross_amount"": 0.20839531363390915, ""gross_amount_pct_nav"": 0.1223067911850124, ""fee"": 6.251859409017274e-05, ""fee_pct_nav"": 3.669203735550372e-05, ""name"": ""东方电气""}, {""ts_code"": ""01208.HK"", ""side"": ""sell"", ""current_weight"": 0.10418653739633252, ""target_weight"": 0.0, ""post_trade_weight"": 0.0, ""diff_weight"": -0.10418653739633252, ""gross_amount"": 0.17752069142502633, ""gross_amount_pct_nav"": 0.10418653739633252, ""fee"": 5.3256207427507895e-05, ""fee_pct_nav"": 3.1255961218899755e-05, ""name"": ""五矿资源""}, {""ts_code"": ""01772.HK"", ""side"": ""sell"", ""current_weight"": 0.11241400339615695, ""target_weight"": 0.0, ""post_trade_weight"": 0.0, ""diff_weight"": -0.11241400339615695, ""gross_amount"": 0.19153925360651738, ""gross_amount_pct_nav"": 0.11241400339615695, ""fee"": 5.746177608195521e-05, ""fee_pct_nav"": 3.372420101884709e-05, ""name"": ""赣锋锂业""}, {""ts_code"": ""01880.HK"", ""side"": ""sell"", ""current_weight"": 0.11638651377207808, ""target_weight"": 0.0, ""post_trade_weight"": 0.0, ""diff_weight"": -0.11638651377207808, ""gross_amount"": 0.19830790919532892, ""gross_amount_pct_nav"": 0.11638651377207808, ""fee"": 5.949237275859867e-05, ""fee_pct_nav"": 3.491595413162342e-05, ""name"": ""中国中免""}, {""ts_code"": ""02057.HK"", ""side"": ""buy"", ""current_weight"": 0.0, ""target_weight"": 0.10824889870721591, ""post_trade_weight"": 0.10830656264341368, ""diff_weight"": 0.10824889870721591, ""gross_amount"": 0.18444244165061432, ""gross_amount_pct_nav"": 0.10824889870721591, ""fee"": 5.533273249518429e-05, ""fee_pct_nav"": 3.247466961216477e-05, ""name"": ""中通快递-W""}, {""ts_code"": ""02099.HK"", ""side"": ""sell"", ""current_weight"": 0.09745489924356546, ""target_weight"": 0.0, ""post_trade_weight"": 0.0, ""diff_weight"": -0.09745489924356546, ""gross_amount"": 0.16605083083491556, ""gross_amount_pct_nav"": 0.09745489924356546, ""fee"": 4.981524925047467e-05, ""fee_pct_nav"": 2.9236469773069636e-05, ""name"": ""中国黄金国际""}, {""ts_code"": ""02338.HK"", ""side"": ""sell"", ""current_weight"": 0.11453108166315122, ""target_weight"": 0.0, ""post_trade_weight"": 0.0, ""diff_weight"": -0.11453108166315122, ""gross_amount"": 0.19514648739266438, ""gross_amount_pct_nav"": 0.11453108166315122, ""fee"": 5.854394621779931e-05, ""fee_pct_nav"": 3.435932449894536e-05, ""name"": ""潍柴动力""}, {""ts_code"": ""06862.HK"", ""side"": ""buy"", ""current_weight"": 0.0, ""target_weight"": 0.11191835290068085, ""post_trade_weight"": 0.11197797154658023, ""diff_weight"": 0.11191835290068085, ""gross_amount"": 0.19069472780826224, ""gross_amount_pct_nav"": 0.11191835290068085, ""fee"": 5.7208418342478665e-05, ""fee_pct_nav"": 3.357550587020425e-05, ""name"": ""海底捞""}, {""ts_code"": ""09626.HK"", ""side"": ""sell"", ""current_weight"": 0.10821196711866117, ""target_weight"": 0.0, ""post_trade_weight"": 0.0, ""diff_weight"": -0.10821196711866117, ""gross_amount"": 0.1843795148915579, ""gross_amount_pct_nav"": 0.10821196711866117, ""fee"": 5.5313854467467367e-05, ""fee_pct_nav"": 3.246359013559835e-05, ""name"": ""哔哩哔哩-W""}, {""ts_code"": ""09696.HK"", ""side"": ""sell"", ""current_weight"": 0.07804622226354958, ""target_weight"": 0.0, ""post_trade_weight"": 0.0, ""diff_weight"": -0.07804622226354958, ""gross_amount"": 0.13298089835380508, ""gross_amount_pct_nav"": 0.07804622226354958, ""fee"": 3.989426950614152e-05, ""fee_pct_nav"": 2.3413866679064874e-05, ""name"": ""天齐锂业""}]"
2026-02-23,0.56606780,1.13213560,0.98615753,0.98421260,0.00059111,0.00029585,0.00029526,0.00000000,rebalance,"[{""ts_code"": ""00016.HK"", ""side"": ""sell"", ""current_weight"": 0.13195044447231508, ""target_weight"": 0.0996395629211635, ""post_trade_weight"": 0.09967341606792941, ""diff_weight"": -0.032310881551151575, ""gross_amount"": 0.05623389614308896, ""gross_amount_pct_nav"": 0.032310881551151575, ""fee"": 1.6870168842926686e-05, ""fee_pct_nav"": 9.693264465345472e-06, ""name"": ""新鸿基地产""}, {""ts_code"": ""00066.HK"", ""side"": ""sell"", ""current_weight"": 0.10792861230124737, ""target_weight"": 0.0, ""post_trade_weight"": 0.0, ""diff_weight"": -0.10792861230124737, ""gross_amount"": 0.18783908341862457, ""gross_amount_pct_nav"": 0.10792861230124737, ""fee"": 5.635172502558737e-05, ""fee_pct_nav"": 3.2378583690374206e-05, ""name"": ""港铁公司""}, {""ts_code"": ""00083.HK"", ""side"": ""sell"", ""current_weight"": 0.11455172929760694, ""target_weight"": 0.1043407742778632, ""post_trade_weight"": 0.10437622468974521, ""diff_weight"": -0.010210955019743746, ""gross_amount"": 0.01777115809090507, ""gross_amount_pct_nav"": 0.010210955019743746, ""fee"": 5.331347427271521e-06, ""fee_pct_nav"": 3.0632865059231236e-06, ""name"": ""信和置业""}, {""ts_code"": ""00371.HK"", ""side"": ""sell"", ""current_weight"": 0.09516510769935793, ""target_weight"": 0.0, ""post_trade_weight"": 0.0, ""diff_weight"": -0.09516510769935793, ""gross_amount"": 0.16562546504153922, ""gross_amount_pct_nav"": 0.09516510769935793, ""fee"": 4.968763951246176e-05, ""fee_pct_nav"": 2.8549532309807375e-05, ""name"": ""北控水务集团""}, {""ts_code"": ""00551.HK"", ""side"": ""sell"", ""current_weight"": 0.11077515870510136, ""target_weight"": 0.0, ""post_trade_weight"": 0.0, ""diff_weight"": -0.11077515870510136, ""gross_amount"": 0.19279321611808056, ""gross_amount_pct_nav"": 0.11077515870510136, ""fee"": 5.783796483542416e-05, ""fee_pct_nav"": 3.323254761153041e-05, ""name"": ""裕元集团""}, {""ts_code"": ""00670.HK"", ""side"": ""sell"", ""current_weight"": 0.104692729334169, ""target_weight"": 0.0, ""post_trade_weight"": 0.0, ""diff_weight"": -0.104692729334169, ""gross_amount"": 0.18220734890795195, ""gross_amount_pct_nav"": 0.104692729334169, ""fee"": 5.466220467238558e-05, ""fee_pct_nav"": 3.14078188002507e-05, ""name"": ""中国东方航空股份""}, {""ts_code"": ""01138.HK"", ""side"": ""buy"", ""current_weight"": 0.0, ""target_weight"": 0.1160938026696125, ""post_trade_weight"": 0.11613324624428473, ""diff_weight"": 0.1160938026696125, ""gross_amount"": 0.20204979031117082, ""gross_amount_pct_nav"": 0.1160938026696125, ""fee"": 6.061493709335124e-05, ""fee_pct_nav"": 3.482814080088375e-05, ""name"": ""中远海能""}, {""ts_code"": ""02338.HK"", ""side"": ""buy"", ""current_weight"": 0.0, ""target_weight"": 0.11844440834796237, ""post_trade_weight"": 0.11848465055519264, ""diff_weight"": 0.11844440834796237, ""gross_amount"": 0.20614078719036213, ""gross_amount_pct_nav"": 0.11844440834796237, ""fee"": 6.184223615710863e-05, ""fee_pct_nav"": 3.553332250438871e-05, ""name"": ""潍柴动力""}, {""ts_code"": ""02689.HK"", ""side"": ""buy"", ""current_weight"": 0.0, ""target_weight"": 0.11374319699126262, ""post_trade_weight"": 0.1137818419333768, ""diff_weight"": 0.11374319699126262, ""gross_amount"": 0.19795879343197947, ""gross_amount_pct_nav"": 0.11374319699126262, ""fee"": 5.938763802959384e-05, ""fee_pct_nav"": 3.412295909737878e-05, ""name"": ""玖龙纸业""}, {""ts_code"": ""02883.HK"", ""side"": ""buy"", ""current_weight"": 0.0, ""target_weight"": 0.10068427655598564, ""post_trade_weight"": 0.10071848465055513, ""diff_weight"": 0.10068427655598564, ""gross_amount"": 0.17523103299202777, ""gross_amount_pct_nav"": 0.10068427655598564, ""fee"": 5.2569309897608325e-05, ""fee_pct_nav"": 3.0205282966795686e-05, ""name"": ""中海油田服务""}, {""ts_code"": ""03808.HK"", ""side"": ""buy"", ""current_weight"": 0.0, ""target_weight"": 0.11766087312184574, ""post_trade_weight"": 0.11770084911822333, ""diff_weight"": 0.11766087312184574, ""gross_amount"": 0.20477712156396502, ""gross_amount_pct_nav"": 0.11766087312184574, ""fee"": 6.14331364691895e-05, ""fee_pct_nav"": 3.529826193655372e-05, ""name"": ""中国重汽""}, {""ts_code"": ""06862.HK"", ""side"": ""sell"", ""current_weight"": 0.1044255961874507, ""target_weight"": 0.0, ""post_trade_weight"": 0.0, ""diff_weight"": -0.1044255961874507, ""gross_amount"": 0.1817424300661323, ""gross_amount_pct_nav"": 0.1044255961874507, ""fee"": 5.4522729019839685e-05, ""fee_pct_nav"": 3.132767885623521e-05, ""name"": ""海底捞""}]"
2026-03-09,0.80870693,1.61741386,1.29132908,1.29464091,0.00077579,0.00038740,0.00038839,0.00000000,rebalance,"[{""ts_code"": ""00016.HK"", ""side"": ""sell"", ""current_weight"": 0.10606064732736518, ""target_weight"": 0.0, ""post_trade_weight"": 0.0, ""diff_weight"": -0.10606064732736518, ""gross_amount"": 0.16957295703050182, ""gross_amount_pct_nav"": 0.10606064732736518, ""fee"": 5.0871887109150544e-05, ""fee_pct_nav"": 3.1818194198209555e-05, ""name"": ""新鸿基地产""}, {""ts_code"": ""00083.HK"", ""side"": ""sell"", ""current_weight"": 0.1002174712216008, ""target_weight"": 0.0, ""post_trade_weight"": 0.0, ""diff_weight"": -0.1002174712216008, ""gross_amount"": 0.16023071110165968, ""gross_amount_pct_nav"": 0.1002174712216008, ""fee"": 4.8069213330497896e-05, ""fee_pct_nav"": 3.0065241366480236e-05, ""name"": ""信和置业""}, {""ts_code"": ""00135.HK"", ""side"": ""buy"", ""current_weight"": 0.0, ""target_weight"": 0.12138554413503927, ""post_trade_weight"": 0.12144447192678663, ""diff_weight"": 0.12138554413503927, ""gross_amount"": 0.19407486356557624, ""gross_amount_pct_nav"": 0.12138554413503927, ""fee"": 5.8222459069672866e-05, ""fee_pct_nav"": 3.6415663240511776e-05, ""name"": ""昆仑能源""}, {""ts_code"": ""00631.HK"", ""side"": ""sell"", ""current_weight"": 0.11599155215980383, ""target_weight"": 0.09715787952152839, ""post_trade_weight"": 0.0972050457581001, ""diff_weight"": -0.018833672638275442, ""gross_amount"": 0.03011184300204439, ""gross_amount_pct_nav"": 0.018833672638275442, ""fee"": 9.033552900613317e-06, ""fee_pct_nav"": 5.650101791482633e-06, ""name"": ""三一国际""}, {""ts_code"": ""00857.HK"", ""side"": ""buy"", ""current_weight"": 0.0, ""target_weight"": 0.11990221773013046, ""post_trade_weight"": 0.11996042542666299, ""diff_weight"": 0.11990221773013046, ""gross_amount"": 0.1917032766380947, ""gross_amount_pct_nav"": 0.11990221773013046, ""fee"": 5.7510982991428405e-05, ""fee_pct_nav"": 3.5970665319039136e-05, ""name"": ""中国石油股份""}, {""ts_code"": ""01033.HK"", ""side"": ""buy"", ""current_weight"": 0.0, ""target_weight"": 0.09171901603686267, ""post_trade_weight"": 0.09176354192431331, ""diff_weight"": 0.09171901603686267, ""gross_amount"": 0.14664312501594456, ""gross_amount_pct_nav"": 0.09171901603686267, ""fee"": 4.399293750478337e-05, ""fee_pct_nav"": 2.75157048110588e-05, ""name"": ""中石化油服""}, {""ts_code"": ""01072.HK"", ""side"": ""buy"", ""current_weight"": 0.0, ""target_weight"": 0.12880217615958345, ""post_trade_weight"": 0.128864704427405, ""diff_weight"": 0.12880217615958345, ""gross_amount"": 0.2059327982029842, ""gross_amount_pct_nav"": 0.12880217615958345, ""fee"": 6.177983946089525e-05, ""fee_pct_nav"": 3.864065284787503e-05, ""name"": ""东方电气""}, {""ts_code"": ""01138.HK"", ""side"": ""sell"", ""current_weight"": 0.12094259229673711, ""target_weight"": 0.09468566884668032, ""post_trade_weight"": 0.09473163492456065, ""diff_weight"": -0.02625692345005678, ""gross_amount"": 0.04198035995581609, ""gross_amount_pct_nav"": 0.02625692345005678, ""fee"": 1.2594107986744826e-05, ""fee_pct_nav"": 7.877077035017035e-06, ""name"": ""中远海能""}, {""ts_code"": ""01171.HK"", ""side"": ""buy"", ""current_weight"": 0.0, ""target_weight"": 0.13424103964424916, ""post_trade_weight"": 0.13430620826119175, ""diff_weight"": 0.13424103964424916, ""gross_amount"": 0.21462861693708332, ""gross_amount_pct_nav"": 0.13424103964424916, ""fee"": 6.4388585081125e-05, ""fee_pct_nav"": 4.027231189327475e-05, ""name"": ""兖矿能源""}, {""ts_code"": ""01898.HK"", ""side"": ""buy"", ""current_weight"": 0.0, ""target_weight"": 0.1174300070552824, ""post_trade_weight"": 0.11748701459312354, ""diff_weight"": 0.1174300070552824, ""gross_amount"": 0.1877506317589587, ""gross_amount_pct_nav"": 0.1174300070552824, ""fee"": 5.6325189527687605e-05, ""fee_pct_nav"": 3.522900211658472e-05, ""name"": ""中煤能源""}, {""ts_code"": ""02057.HK"", ""side"": ""sell"", ""current_weight"": 0.11079579256728464, ""target_weight"": 0.0, ""post_trade_weight"": 0.0, ""diff_weight"": -0.11079579256728464, ""gross_amount"": 0.1771436498419804, ""gross_amount_pct_nav"": 0.11079579256728464, ""fee"": 5.314309495259411e-05, ""fee_pct_nav"": 3.323873777018539e-05, ""name"": ""中通快递-W""}, {""ts_code"": ""02338.HK"", ""side"": ""sell"", ""current_weight"": 0.12155776027119555, ""target_weight"": 0.0, ""post_trade_weight"": 0.0, ""diff_weight"": -0.12155776027119555, ""gross_amount"": 0.19435020791046081, ""gross_amount_pct_nav"": 0.12155776027119555, ""fee"": 5.830506237313824e-05, ""fee_pct_nav"": 3.6467328081358665e-05, ""name"": ""潍柴动力""}, {""ts_code"": ""02689.HK"", ""side"": ""sell"", ""current_weight"": 0.10649893499343531, ""target_weight"": 0.0, ""post_trade_weight"": 0.0, ""diff_weight"": -0.10649893499343531, ""gross_amount"": 0.17027370455032514, ""gross_amount_pct_nav"": 0.10649893499343531, ""fee"": 5.108211136509754e-05, ""fee_pct_nav"": 3.194968049803059e-05, ""name"": ""玖龙纸业""}, {""ts_code"": ""02883.HK"", ""side"": ""sell"", ""current_weight"": 0.10873398817278006, ""target_weight"": 0.0, ""post_trade_weight"": 0.0, ""diff_weight"": -0.10873398817278006, ""gross_amount"": 0.17384717488350238, ""gross_amount_pct_nav"": 0.10873398817278006, ""fee"": 5.2154152465050705e-05, ""fee_pct_nav"": 3.262019645183401e-05, ""name"": ""中海油田服务""}, {""ts_code"": ""03808.HK"", ""side"": ""sell"", ""current_weight"": 0.11078744498480562, ""target_weight"": 0.0, ""post_trade_weight"": 0.0, ""diff_weight"": -0.11078744498480562, ""gross_amount"": 0.1771303034757202, ""gross_amount_pct_nav"": 0.11078744498480562, ""fee"": 5.313909104271606e-05, ""fee_pct_nav"": 3.323623349544168e-05, ""name"": ""中国重汽""}, {""ts_code"": ""06869.HK"", ""side"": ""buy"", ""current_weight"": 0.0, ""target_weight"": 0.09419122671171075, ""post_trade_weight"": 0.09423695275785278, ""diff_weight"": 0.09419122671171075, ""gross_amount"": 0.15059576989508058, ""gross_amount_pct_nav"": 0.09419122671171075, ""fee"": 4.5178730968524174e-05, ""fee_pct_nav"": 2.8257368013513222e-05, ""name"": ""长飞光纤光缆""}]"
2026-03-23,0.65265813,1.30531626,1.02023952,1.01832997,0.00061157,0.00030607,0.00030550,0.00000000,rebalance,"[{""ts_code"": ""00019.HK"", ""side"": ""buy"", ""current_weight"": 0.0, ""target_weight"": 0.1295929016496428, ""post_trade_weight"": 0.12964366944655029, ""diff_weight"": 0.1295929016496428, ""gross_amount"": 0.20239090258320555, ""gross_amount_pct_nav"": 0.1295929016496428, ""fee"": 6.071727077496166e-05, ""fee_pct_nav"": 3.887787049489284e-05, ""name"": ""太古股份公司A""}, {""ts_code"": ""00135.HK"", ""side"": ""sell"", ""current_weight"": 0.1250139661314752, ""target_weight"": 0.0, ""post_trade_weight"": 0.0, ""diff_weight"": -0.1250139661314752, ""gross_amount"": 0.19523977871302872, ""gross_amount_pct_nav"": 0.1250139661314752, ""fee"": 5.8571933613908614e-05, ""fee_pct_nav"": 3.750418983944256e-05, ""name"": ""昆仑能源""}, {""ts_code"": ""00631.HK"", ""side"": ""sell"", ""current_weight"": 0.07950023677514609, ""target_weight"": 0.0, ""post_trade_weight"": 0.0, ""diff_weight"": -0.07950023677514609, ""gross_amount"": 0.124158996917905, ""gross_amount_pct_nav"": 0.07950023677514609, ""fee"": 3.7247699075371495e-05, ""fee_pct_nav"": 2.3850071032543824e-05, ""name"": ""三一国际""}, {""ts_code"": ""00883.HK"", ""side"": ""buy"", ""current_weight"": 0.0, ""target_weight"": 0.13515049197379905, ""post_trade_weight"": 0.1352034369471821, ""diff_weight"": 0.13515049197379905, ""gross_amount"": 0.21107043446786547, ""gross_amount_pct_nav"": 0.13515049197379905, ""fee"": 6.332113034035964e-05, ""fee_pct_nav"": 4.0545147592139715e-05, ""name"": ""中国海洋石油""}, {""ts_code"": ""01033.HK"", ""side"": ""sell"", ""current_weight"": 0.07732697982359614, ""target_weight"": 0.0, ""post_trade_weight"": 0.0, ""diff_weight"": -0.07732697982359614, ""gross_amount"": 0.12076492648371906, ""gross_amount_pct_nav"": 0.07732697982359614, ""fee"": 3.622947794511572e-05, ""fee_pct_nav"": 2.3198093947078843e-05, ""name"": ""中石化油服""}, {""ts_code"": ""01072.HK"", ""side"": ""sell"", ""current_weight"": 0.10809164845749863, ""target_weight"": 0.0, ""post_trade_weight"": 0.0, ""diff_weight"": -0.10809164845749863, ""gross_amount"": 0.16881145506074102, ""gross_amount_pct_nav"": 0.10809164845749863, ""fee"": 5.06434365182223e-05, ""fee_pct_nav"": 3.242749453724959e-05, ""name"": ""东方电气""}, {""ts_code"": ""01088.HK"", ""side"": ""buy"", ""current_weight"": 0.0, ""target_weight"": 0.10180495002886168, ""post_trade_weight"": 0.10184483194339133, ""diff_weight"": 0.10180495002886168, ""gross_amount"": 0.1589932431599061, ""gross_amount_pct_nav"": 0.10180495002886168, ""fee"": 4.7697972947971824e-05, ""fee_pct_nav"": 3.0541485008658504e-05, ""name"": ""中国神华""}, {""ts_code"": ""01138.HK"", ""side"": ""sell"", ""current_weight"": 0.10993682896299746, ""target_weight"": 0.08462694357237882, ""post_trade_weight"": 0.08466009603234764, ""diff_weight"": -0.025309885390618646, ""gross_amount"": 0.03952755500709104, ""gross_amount_pct_nav"": 0.025309885390618646, ""fee"": 1.1858266502127311e-05, ""fee_pct_nav"": 7.592965617185593e-06, ""name"": ""中远海能""}, {""ts_code"": ""01171.HK"", ""side"": ""sell"", ""current_weight"": 0.1524945590046931, ""target_weight"": 0.13919237584591265, ""post_trade_weight"": 0.13924690422036884, ""diff_weight"": -0.013302183158780463, ""gross_amount"": 0.020774601244065244, ""gross_amount_pct_nav"": 0.013302183158780463, ""fee"": 6.232380373219573e-06, ""fee_pct_nav"": 3.990654947634139e-06, ""name"": ""兖矿能源""}, {""ts_code"": ""01898.HK"", ""side"": ""sell"", ""current_weight"": 0.12456488866182257, ""target_weight"": 0.0, ""post_trade_weight"": 0.0, ""diff_weight"": -0.12456488866182257, ""gross_amount"": 0.19453843478712066, ""gross_amount_pct_nav"": 0.12456488866182257, ""fee"": 5.836153043613619e-05, ""fee_pct_nav"": 3.736946659854677e-05, ""name"": ""中煤能源""}, {""ts_code"": ""02057.HK"", ""side"": ""buy"", ""current_weight"": 0.0, ""target_weight"": 0.09523688873667707, ""post_trade_weight"": 0.09527419762446288, ""diff_weight"": 0.09523688873667707, ""gross_amount"": 0.14873561456894444, ""gross_amount_pct_nav"": 0.09523688873667707, ""fee"": 4.462068437068333e-05, ""fee_pct_nav"": 2.8571066621003122e-05, ""name"": ""中通快递-W""}, {""ts_code"": ""03330.HK"", ""side"": ""buy"", ""current_weight"": 0.0, ""target_weight"": 0.082606001636322, ""post_trade_weight"": 0.08263836239575424, ""diff_weight"": 0.082606001636322, ""gross_amount"": 0.12900940574017192, ""gross_amount_pct_nav"": 0.082606001636322, ""fee"": 3.870282172205157e-05, ""fee_pct_nav"": 2.4781800490896597e-05, ""name"": ""灵宝黄金""}, {""ts_code"": ""06088.HK"", ""side"": ""buy"", ""current_weight"": 0.0, ""target_weight"": 0.10887824680506052, ""post_trade_weight"": 0.10892089967146816, ""diff_weight"": 0.10887824680506052, ""gross_amount"": 0.1700399201040187, ""gross_amount_pct_nav"": 0.10887824680506052, ""fee"": 5.10119760312056e-05, ""fee_pct_nav"": 3.266347404151815e-05, ""name"": ""FIT HON TENG""}, {""ts_code"": ""06869.HK"", ""side"": ""sell"", ""current_weight"": 0.09893699043837959, ""target_weight"": 0.0, ""post_trade_weight"": 0.0, ""diff_weight"": -0.09893699043837959, ""gross_amount"": 0.15451422522990335, ""gross_amount_pct_nav"": 0.09893699043837959, ""fee"": 4.6354267568971e-05, ""fee_pct_nav"": 2.968109713151387e-05, ""name"": ""长飞光纤光缆""}]"
2026-04-08,1.00049622,2.00099243,1.58193892,1.58541024,0.00095020,0.00047458,0.00047562,0.00000000,rebalance,"[{""ts_code"": ""00019.HK"", ""side"": ""sell"", ""current_weight"": 0.12898857132774366, ""target_weight"": 0.0, ""post_trade_weight"": 0.0, ""diff_weight"": -0.12898857132774366, ""gross_amount"": 0.20417460618999056, ""gross_amount_pct_nav"": 0.12898857132774366, ""fee"": 6.125238185699716e-05, ""fee_pct_nav"": 3.86965713983231e-05, ""name"": ""太古股份公司A""}, {""ts_code"": ""00175.HK"", ""side"": ""buy"", ""current_weight"": 0.0, ""target_weight"": 0.11104441136330297, ""post_trade_weight"": 0.11111111111110931, ""diff_weight"": 0.11104441136330297, ""gross_amount"": 0.17577099061043064, ""gross_amount_pct_nav"": 0.11104441136330297, ""fee"": 5.273129718312919e-05, ""fee_pct_nav"": 3.331332340899089e-05, ""name"": ""吉利汽车""}, {""ts_code"": ""00288.HK"", ""side"": ""buy"", ""current_weight"": 0.0, ""target_weight"": 0.1018133356020504, ""post_trade_weight"": 0.10187449062754522, ""diff_weight"": 0.1018133356020504, ""gross_amount"": 0.1611592212198325, ""gross_amount_pct_nav"": 0.1018133356020504, ""fee"": 4.834776636594975e-05, ""fee_pct_nav"": 3.054400068061512e-05, ""name"": ""万洲国际""}, {""ts_code"": ""00322.HK"", ""side"": ""buy"", ""current_weight"": 0.0, ""target_weight"": 0.10398535342822748, ""post_trade_weight"": 0.10404781309426618, ""diff_weight"": 0.10398535342822748, ""gross_amount"": 0.1645972846058556, ""gross_amount_pct_nav"": 0.10398535342822748, ""fee"": 4.9379185381756674e-05, ""fee_pct_nav"": 3.119560602846824e-05, ""name"": ""康师傅控股""}, {""ts_code"": ""00857.HK"", ""side"": ""sell"", ""current_weight"": 0.12019913219784337, ""target_weight"": 0.0, ""post_trade_weight"": 0.0, ""diff_weight"": -0.12019913219784337, ""gross_amount"": 0.19026189861825937, ""gross_amount_pct_nav"": 0.12019913219784337, ""fee"": 5.707856958547781e-05, ""fee_pct_nav"": 3.605973965935301e-05, ""name"": ""中国石油股份""}, {""ts_code"": ""00883.HK"", ""side"": ""sell"", ""current_weight"": 0.11419582944789386, ""target_weight"": 0.0, ""post_trade_weight"": 0.0, ""diff_weight"": -0.11419582944789386, ""gross_amount"": 0.18075933600985725, ""gross_amount_pct_nav"": 0.11419582944789386, ""fee"": 5.422780080295717e-05, ""fee_pct_nav"": 3.425874883436816e-05, ""name"": ""中国海洋石油""}, {""ts_code"": ""01088.HK"", ""side"": ""sell"", ""current_weight"": 0.09416973548334251, ""target_weight"": 0.0, ""post_trade_weight"": 0.0, ""diff_weight"": -0.09416973548334251, ""gross_amount"": 0.14906024975246437, ""gross_amount_pct_nav"": 0.09416973548334251, ""fee"": 4.4718074925739307e-05, ""fee_pct_nav"": 2.825092064500275e-05, ""name"": ""中国神华""}, {""ts_code"": ""01138.HK"", ""side"": ""sell"", ""current_weight"": 0.0860394740281429, ""target_weight"": 0.0, ""post_trade_weight"": 0.0, ""diff_weight"": -0.0860394740281429, ""gross_amount"": 0.13619094735032203, ""gross_amount_pct_nav"": 0.0860394740281429, ""fee"": 4.08572842050966e-05, ""fee_pct_nav"": 2.5811842208442866e-05, ""name"": ""中远海能""}, {""ts_code"": ""01171.HK"", ""side"": ""sell"", ""current_weight"": 0.11574023327022043, ""target_weight"": 0.0, ""post_trade_weight"": 0.0, ""diff_weight"": -0.11574023327022043, ""gross_amount"": 0.18320395601747508, ""gross_amount_pct_nav"": 0.11574023327022043, ""fee"": 5.496118680524252e-05, ""fee_pct_nav"": 3.4722069981066126e-05, ""name"": ""兖矿能源""}, {""ts_code"": ""01797.HK"", ""side"": ""buy"", ""current_weight"": 0.0, ""target_weight"": 0.10832938908058164, ""post_trade_weight"": 0.10839445802770811, ""diff_weight"": 0.10832938908058164, ""gross_amount"": 0.17147341137790179, ""gross_amount_pct_nav"": 0.10832938908058164, ""fee"": 5.144202341337053e-05, ""fee_pct_nav"": 3.249881672417449e-05, ""name"": ""东方甄选""}, {""ts_code"": ""02057.HK"", ""side"": ""sell"", ""current_weight"": 0.09485483657216695, ""target_weight"": 0.0, ""post_trade_weight"": 0.0, ""diff_weight"": -0.09485483657216695, ""gross_amount"": 0.15014468881222917, ""gross_amount_pct_nav"": 0.09485483657216695, ""fee"": 4.5043406643668745e-05, ""fee_pct_nav"": 2.845645097165008e-05, ""name"": ""中通快递-W""}, {""ts_code"": ""02319.HK"", ""side"": ""buy"", ""current_weight"": 0.0, ""target_weight"": 0.11973248266801124, ""post_trade_weight"": 0.11980440097799315, ""diff_weight"": 0.11973248266801124, ""gross_amount"": 0.18952324415452299, ""gross_amount_pct_nav"": 0.11973248266801124, ""fee"": 5.685697324635689e-05, ""fee_pct_nav"": 3.591974480040337e-05, ""name"": ""蒙牛乳业""}, {""ts_code"": ""03320.HK"", ""side"": ""buy"", ""current_weight"": 0.0, ""target_weight"": 0.11375943364602432, ""post_trade_weight"": 0.11382776419451052, ""diff_weight"": 0.11375943364602432, ""gross_amount"": 0.18006856984295952, ""gross_amount_pct_nav"": 0.11375943364602432, ""fee"": 5.4020570952887854e-05, ""fee_pct_nav"": 3.41278300938073e-05, ""name"": ""华润医药""}, {""ts_code"": ""03330.HK"", ""side"": ""sell"", ""current_weight"": 0.113042059140407, ""target_weight"": 0.0, ""post_trade_weight"": 0.0, ""diff_weight"": -0.113042059140407, ""gross_amount"": 0.1789330455428803, ""gross_amount_pct_nav"": 0.113042059140407, ""fee"": 5.367991366286409e-05, ""fee_pct_nav"": 3.39126177421221e-05, ""name"": ""灵宝黄金""}, {""ts_code"": ""03618.HK"", ""side"": ""buy"", ""current_weight"": 0.0, ""target_weight"": 0.09421127321043064, ""post_trade_weight"": 0.09426786199402185, ""diff_weight"": 0.09421127321043064, ""gross_amount"": 0.14912599936875168, ""gross_amount_pct_nav"": 0.09421127321043064, ""fee"": 4.47377998106255e-05, ""fee_pct_nav"": 2.826338196312919e-05, ""name"": ""重庆农村商业银行""}, {""ts_code"": ""03698.HK"", ""side"": ""buy"", ""current_weight"": 0.0, ""target_weight"": 0.1240765183203654, ""post_trade_weight"": 0.12415104591143508, ""diff_weight"": 0.1240765183203654, ""gross_amount"": 0.19639937092656917, ""gross_amount_pct_nav"": 0.1240765183203654, ""fee"": 5.891981127797075e-05, ""fee_pct_nav"": 3.722295549610962e-05, ""name"": ""徽商银行""}, {""ts_code"": ""03808.HK"", ""side"": ""buy"", ""current_weight"": 0.0, ""target_weight"": 0.1224475049507326, ""post_trade_weight"": 0.12252105406139437, ""diff_weight"": 0.1224475049507326, ""gross_amount"": 0.19382082338705187, ""gross_amount_pct_nav"": 0.1224475049507326, ""fee"": 5.814624701611555e-05, ""fee_pct_nav"": 3.673425148521978e-05, ""name"": ""中国重汽""}, {""ts_code"": ""06088.HK"", ""side"": ""sell"", ""current_weight"": 0.13436286045295073, ""target_weight"": 0.0, ""post_trade_weight"": 0.0, ""diff_weight"": -0.13436286045295073, ""gross_amount"": 0.21268150997530513, ""gross_amount_pct_nav"": 0.13436286045295073, ""fee"": 6.380445299259153e-05, ""fee_pct_nav"": 4.0308858135885215e-05, ""name"": ""FIT HON TENG""}]"
2026-04-20,0.79124378,1.58248755,1.23629224,1.23355774,0.00074095,0.00037089,0.00037007,0.00000000,rebalance,"[{""ts_code"": ""00148.HK"", ""side"": ""buy"", ""current_weight"": 0.0, ""target_weight"": 0.12483061562405454, ""post_trade_weight"": 0.12488990664083086, ""diff_weight"": 0.12483061562405454, ""gross_amount"": 0.19482800541075726, ""gross_amount_pct_nav"": 0.12483061562405454, ""fee"": 5.8448401623227175e-05, ""fee_pct_nav"": 3.744918468721636e-05, ""name"": ""建滔集团""}, {""ts_code"": ""00175.HK"", ""side"": ""sell"", ""current_weight"": 0.11394419740954981, ""target_weight"": 0.0, ""post_trade_weight"": 0.0, ""diff_weight"": -0.11394419740954981, ""gross_amount"": 0.1778371483506036, ""gross_amount_pct_nav"": 0.11394419740954981, ""fee"": 5.3351144505181073e-05, ""fee_pct_nav"": 3.4183259222864936e-05, ""name"": ""吉利汽车""}, {""ts_code"": ""00288.HK"", ""side"": ""sell"", ""current_weight"": 0.10464164484870278, ""target_weight"": 0.0, ""post_trade_weight"": 0.0, ""diff_weight"": -0.10464164484870278, ""gross_amount"": 0.16331829212612695, ""gross_amount_pct_nav"": 0.10464164484870278, ""fee"": 4.899548763783808e-05, ""fee_pct_nav"": 3.139249345461084e-05, ""name"": ""万洲国际""}, {""ts_code"": ""00322.HK"", ""side"": ""sell"", ""current_weight"": 0.10055227254080537, ""target_weight"": 0.0, ""post_trade_weight"": 0.0, ""diff_weight"": -0.10055227254080537, ""gross_amount"": 0.15693584943651392, ""gross_amount_pct_nav"": 0.10055227254080537, ""fee"": 4.7080754830954174e-05, ""fee_pct_nav"": 3.0165681762241608e-05, ""name"": ""康师傅控股""}, {""ts_code"": ""00522.HK"", ""side"": ""buy"", ""current_weight"": 0.0, ""target_weight"": 0.12342208963675916, ""post_trade_weight"": 0.12348071164347312, ""diff_weight"": 0.12342208963675916, ""gross_amount"": 0.192629664023894, ""gross_amount_pct_nav"": 0.12342208963675916, ""fee"": 5.7788899207168195e-05, ""fee_pct_nav"": 3.7026626891027744e-05, ""name"": ""ASMPT""}, {""ts_code"": ""01072.HK"", ""side"": ""buy"", ""current_weight"": 0.0, ""target_weight"": 0.09173025492261272, ""post_trade_weight"": 0.09177382420292367, ""diff_weight"": 0.09173025492261272, ""gross_amount"": 0.14316698281947043, ""gross_amount_pct_nav"": 0.09173025492261272, ""fee"": 4.295009484584113e-05, ""fee_pct_nav"": 2.7519076476783814e-05, ""name"": ""东方电气""}, {""ts_code"": ""01729.HK"", ""side"": ""buy"", ""current_weight"": 0.0, ""target_weight"": 0.10792830377650976, ""post_trade_weight"": 0.1079795666725378, ""diff_weight"": 0.10792830377650976, ""gross_amount"": 0.168447908768398, ""gross_amount_pct_nav"": 0.10792830377650976, ""fee"": 5.053437263051939e-05, ""fee_pct_nav"": 3.2378491132952924e-05, ""name"": ""汇聚科技""}, {""ts_code"": ""01797.HK"", ""side"": ""sell"", ""current_weight"": 0.10284951077396147, ""target_weight"": 0.0, ""post_trade_weight"": 0.0, ""diff_weight"": -0.10284951077396147, ""gross_amount"": 0.1605212386511842, ""gross_amount_pct_nav"": 0.10284951077396147, ""fee"": 4.815637159535525e-05, ""fee_pct_nav"": 3.0854853232188434e-05, ""name"": ""东方甄选""}, {""ts_code"": ""01888.HK"", ""side"": ""buy"", ""current_weight"": 0.0, ""target_weight"": 0.1445499794461901, ""post_trade_weight"": 0.14461863660383942, ""diff_weight"": 0.1445499794461901, ""gross_amount"": 0.22560478482684304, ""gross_amount_pct_nav"": 0.1445499794461901, ""fee"": 6.76814354480529e-05, ""fee_pct_nav"": 4.336499383385703e-05, ""name"": ""建滔积层板""}, {""ts_code"": ""02057.HK"", ""side"": ""buy"", ""current_weight"": 0.0, ""target_weight"": 0.0987728848590897, ""post_trade_weight"": 0.09881979918971243, ""diff_weight"": 0.0987728848590897, ""gross_amount"": 0.15415868975378677, ""gross_amount_pct_nav"": 0.0987728848590897, ""fee"": 4.624760692613603e-05, ""fee_pct_nav"": 2.963186545772691e-05, ""name"": ""中通快递-W""}, {""ts_code"": ""02319.HK"", ""side"": ""sell"", ""current_weight"": 0.11541264288757774, ""target_weight"": 0.0, ""post_trade_weight"": 0.0, ""diff_weight"": -0.11541264288757774, ""gross_amount"": 0.18012900842121515, ""gross_amount_pct_nav"": 0.11541264288757774, ""fee"": 5.403870252636454e-05, ""fee_pct_nav"": 3.4623792866273325e-05, ""name"": ""蒙牛乳业""}, {""ts_code"": ""03320.HK"", ""side"": ""sell"", ""current_weight"": 0.11929439151319676, ""target_weight"": 0.08327909899884033, ""post_trade_weight"": 0.08331865421877713, ""diff_weight"": -0.03601529251435645, ""gross_amount"": 0.056210470242245014, ""gross_amount_pct_nav"": 0.03601529251435645, ""fee"": 1.6863141072673502e-05, ""fee_pct_nav"": 1.0804587754306934e-05, ""name"": ""华润医药""}, {""ts_code"": ""03618.HK"", ""side"": ""sell"", ""current_weight"": 0.09733043529145059, ""target_weight"": 0.0, ""post_trade_weight"": 0.0, ""diff_weight"": -0.09733043529145059, ""gross_amount"": 0.15190740251336254, ""gross_amount_pct_nav"": 0.09733043529145059, ""fee"": 4.557222075400876e-05, ""fee_pct_nav"": 2.9199130587435176e-05, ""name"": ""重庆农村商业银行""}, {""ts_code"": ""03808.HK"", ""side"": ""sell"", ""current_weight"": 0.11962175329346972, ""target_weight"": 0.0, ""post_trade_weight"": 0.0, ""diff_weight"": -0.11962175329346972, ""gross_amount"": 0.1866983310255617, ""gross_amount_pct_nav"": 0.11962175329346972, ""fee"": 5.60094993076685e-05, ""fee_pct_nav"": 3.588652598804091e-05, ""name"": ""中国重汽""}, {""ts_code"": ""06869.HK"", ""side"": ""buy"", ""current_weight"": 0.0, ""target_weight"": 0.1008856738400328, ""post_trade_weight"": 0.10093359168574906, ""diff_weight"": 0.1008856738400328, ""gross_amount"": 0.15745620183408168, ""gross_amount_pct_nav"": 0.1008856738400328, ""fee"": 4.7236860550224504e-05, ""fee_pct_nav"": 3.026570215200984e-05, ""name"": ""长飞光纤光缆""}]"
2026-05-04,0.91468553,1.82937107,1.52192923,1.52631916,0.00091447,0.00045658,0.00045790,0.00000000,rebalance,"[{""ts_code"": ""00148.HK"", ""side"": ""sell"", ""current_weight"": 0.1270227602617882, ""target_weight"": 0.0, ""post_trade_weight"": 0.0, ""diff_weight"": -0.1270227602617882, ""gross_amount"": 0.21165576019671517, ""gross_amount_pct_nav"": 0.1270227602617882, ""fee"": 6.349672805901454e-05, ""fee_pct_nav"": 3.810682807853645e-05, ""name"": ""建滔集团""}, {""ts_code"": ""00522.HK"", ""side"": ""sell"", ""current_weight"": 0.1377077758011221, ""target_weight"": 0.0, ""post_trade_weight"": 0.0, ""diff_weight"": -0.1377077758011221, ""gross_amount"": 0.2294600110414495, ""gross_amount_pct_nav"": 0.1377077758011221, ""fee"": 6.883800331243485e-05, ""fee_pct_nav"": 4.131233274033662e-05, ""name"": ""ASMPT""}, {""ts_code"": ""00857.HK"", ""side"": ""buy"", ""current_weight"": 0.0, ""target_weight"": 0.11787569619826647, ""post_trade_weight"": 0.11794042323763211, ""diff_weight"": 0.11787569619826647, ""gross_amount"": 0.19641417046946727, ""gross_amount_pct_nav"": 0.11787569619826647, ""fee"": 5.892425114084017e-05, ""fee_pct_nav"": 3.5362708859479935e-05, ""name"": ""中国石油股份""}, {""ts_code"": ""00883.HK"", ""side"": ""buy"", ""current_weight"": 0.0, ""target_weight"": 0.11248709294348858, ""post_trade_weight"": 0.11254886103248321, ""diff_weight"": 0.11248709294348858, ""gross_amount"": 0.1874352369622916, ""gross_amount_pct_nav"": 0.11248709294348858, ""fee"": 5.623057108868748e-05, ""fee_pct_nav"": 3.374612788304657e-05, ""name"": ""中国海洋石油""}, {""ts_code"": ""01070.HK"", ""side"": ""buy"", ""current_weight"": 0.0, ""target_weight"": 0.11140937229253299, ""post_trade_weight"": 0.11147054859145343, ""diff_weight"": 0.11140937229253299, ""gross_amount"": 0.1856394502608565, ""gross_amount_pct_nav"": 0.11140937229253299, ""fee"": 5.5691835078256944e-05, ""fee_pct_nav"": 3.34228116877599e-05, ""name"": ""TCL电子""}, {""ts_code"": ""01072.HK"", ""side"": ""sell"", ""current_weight"": 0.08167552166010598, ""target_weight"": 0.0, ""post_trade_weight"": 0.0, ""diff_weight"": -0.08167552166010598, ""gross_amount"": 0.136094465202969, ""gross_amount_pct_nav"": 0.08167552166010598, ""fee"": 4.08283395608907e-05, ""fee_pct_nav"": 2.4502656498031793e-05, ""name"": ""东方电气""}, {""ts_code"": ""01171.HK"", ""side"": ""buy"", ""current_weight"": 0.0, ""target_weight"": 0.1335026456371224, ""post_trade_weight"": 0.13357595363256394, ""diff_weight"": 0.1335026456371224, ""gross_amount"": 0.2224530776402767, ""gross_amount_pct_nav"": 0.1335026456371224, ""fee"": 6.6735923292083e-05, ""fee_pct_nav"": 4.0050793691136717e-05, ""name"": ""兖矿能源""}, {""ts_code"": ""01428.HK"", ""side"": ""buy"", ""current_weight"": 0.0, ""target_weight"": 0.08338863536768795, ""post_trade_weight"": 0.08343442512467919, ""diff_weight"": 0.08338863536768795, ""gross_amount"": 0.13894899602354316, ""gross_amount_pct_nav"": 0.08338863536768795, ""fee"": 4.1684698807062945e-05, ""fee_pct_nav"": 2.5016590610306384e-05, ""name"": ""耀才证券金融""}, {""ts_code"": ""01729.HK"", ""side"": ""sell"", ""current_weight"": 0.10016546712939145, ""target_weight"": 0.0, ""post_trade_weight"": 0.0, ""diff_weight"": -0.10016546712939145, ""gross_amount"": 0.16690393160278483, ""gross_amount_pct_nav"": 0.10016546712939145, ""fee"": 5.007117948083544e-05, ""fee_pct_nav"": 3.0049640138817428e-05, ""name"": ""汇聚科技""}, {""ts_code"": ""01888.HK"", ""side"": ""sell"", ""current_weight"": 0.17800932960730056, ""target_weight"": 0.0860829369950769, ""post_trade_weight"": 0.08613020622725362, ""diff_weight"": -0.09192639261222368, ""gross_amount"": 0.15317530866423007, ""gross_amount_pct_nav"": 0.09192639261222368, ""fee"": 4.5952592599269016e-05, ""fee_pct_nav"": 2.7577917783667102e-05, ""name"": ""建滔积层板""}, {""ts_code"": ""01898.HK"", ""side"": ""buy"", ""current_weight"": 0.0, ""target_weight"": 0.12434202010399997, ""post_trade_weight"": 0.1244102978838108, ""diff_weight"": 0.12434202010399997, ""gross_amount"": 0.20718889067807808, ""gross_amount_pct_nav"": 0.12434202010399997, ""fee"": 6.215666720342342e-05, ""fee_pct_nav"": 3.7302606031199985e-05, ""name"": ""中煤能源""}, {""ts_code"": ""02057.HK"", ""side"": ""sell"", ""current_weight"": 0.09279790528542071, ""target_weight"": 0.0, ""post_trade_weight"": 0.0, ""diff_weight"": -0.09279790528542071, ""gross_amount"": 0.1546274946896827, ""gross_amount_pct_nav"": 0.09279790528542071, ""fee"": 4.6388248406904804e-05, ""fee_pct_nav"": 2.783937158562621e-05, ""name"": ""中通快递-W""}, {""ts_code"": ""02338.HK"", ""side"": ""buy"", ""current_weight"": 0.0, ""target_weight"": 0.11356481359444415, ""post_trade_weight"": 0.11362717347351299, ""diff_weight"": 0.11356481359444415, ""gross_amount"": 0.18923102366372674, ""gross_amount_pct_nav"": 0.11356481359444415, ""fee"": 5.676930709911802e-05, ""fee_pct_nav"": 3.4069444078333244e-05, ""name"": ""潍柴动力""}, {""ts_code"": ""02883.HK"", ""side"": ""buy"", ""current_weight"": 0.0, ""target_weight"": 0.1167979755473109, ""post_trade_weight"": 0.11686211079660233, ""diff_weight"": 0.1167979755473109, ""gross_amount"": 0.19461838376803214, ""gross_amount_pct_nav"": 0.1167979755473109, ""fee"": 5.838551513040964e-05, ""fee_pct_nav"": 3.503939266419327e-05, ""name"": ""中海油田服务""}, {""ts_code"": ""03320.HK"", ""side"": ""sell"", ""current_weight"": 0.06298927171644376, ""target_weight"": 0.0, ""post_trade_weight"": 0.0, ""diff_weight"": -0.06298927171644376, ""gross_amount"": 0.10495790015824422, ""gross_amount_pct_nav"": 0.06298927171644376, ""fee"": 3.148737004747326e-05, ""fee_pct_nav"": 1.8896781514933128e-05, ""name"": ""华润医药""}, {""ts_code"": ""03698.HK"", ""side"": ""sell"", ""current_weight"": 0.12148976978488084, ""target_weight"": 0.0, ""post_trade_weight"": 0.0, ""diff_weight"": -0.12148976978488084, ""gross_amount"": 0.20243623683619735, ""gross_amount_pct_nav"": 0.12148976978488084, ""fee"": 6.07308710508592e-05, ""fee_pct_nav"": 3.644693093546425e-05, ""name"": ""徽商银行""}, {""ts_code"": ""06869.HK"", ""side"": ""sell"", ""current_weight"": 0.10022795093477121, ""target_weight"": 0.0, ""post_trade_weight"": 0.0, ""diff_weight"": -0.10022795093477121, ""gross_amount"": 0.16700804725340038, ""gross_amount_pct_nav"": 0.10022795093477121, ""fee"": 5.010241417602011e-05, ""fee_pct_nav"": 3.0068385280431362e-05, ""name"": ""长飞光纤光缆""}]"
