date,one_way_turnover,two_way_turnover,buy_amount,sell_amount,trading_cost,buy_cost,sell_commission,sell_stamp_duty,event_type,trade_details_json,signal_date,evaluation_date,trade_date,risk_stage
2020-02-03,0.34992652,0.69985303,0.69985303,0.00000000,0.00020996,0.00020996,0.00000000,0.00000000,rebalance,"[{""ts_code"": ""00586.HK"", ""side"": ""buy"", ""current_weight"": 0.0, ""target_weight"": 0.1259735455554331, ""post_trade_weight"": 0.12599999999999975, ""diff_weight"": 0.1259735455554331, ""gross_amount"": 0.1259735455554331, ""gross_amount_pct_nav"": 0.1259735455554331, ""fee"": 3.779206366662993e-05, ""fee_pct_nav"": 3.779206366662993e-05, ""name"": ""海螺创业""}, {""ts_code"": ""00981.HK"", ""side"": ""buy"", ""current_weight"": 0.0, ""target_weight"": 0.10210615753826567, ""post_trade_weight"": 0.10212759983134871, ""diff_weight"": 0.10210615753826567, ""gross_amount"": 0.10210615753826567, ""gross_amount_pct_nav"": 0.10210615753826567, ""fee"": 3.0631847261479697e-05, ""fee_pct_nav"": 3.0631847261479697e-05, ""name"": ""中芯国际""}, {""ts_code"": ""01787.HK"", ""side"": ""buy"", ""current_weight"": 0.0, ""target_weight"": 0.1259735455554331, ""post_trade_weight"": 0.12599999999999975, ""diff_weight"": 0.1259735455554331, ""gross_amount"": 0.1259735455554331, ""gross_amount_pct_nav"": 0.1259735455554331, ""fee"": 3.779206366662993e-05, ""fee_pct_nav"": 3.779206366662993e-05, ""name"": ""山东黄金""}, {""ts_code"": ""01833.HK"", ""side"": ""buy"", ""current_weight"": 0.0, ""target_weight"": 0.11255879030926098, ""post_trade_weight"": 0.11258242765522593, ""diff_weight"": 0.11255879030926098, ""gross_amount"": 0.11255879030926098, ""gross_amount_pct_nav"": 0.11255879030926098, ""fee"": 3.376763709277829e-05, ""fee_pct_nav"": 3.376763709277829e-05, ""name"": ""平安好医生""}, {""ts_code"": ""02128.HK"", ""side"": ""buy"", ""current_weight"": 0.0, ""target_weight"": 0.10726744634969138, ""post_trade_weight"": 0.10728997251342481, ""diff_weight"": 0.10726744634969138, ""gross_amount"": 0.10726744634969138, ""gross_amount_pct_nav"": 0.10726744634969138, ""fee"": 3.218023390490741e-05, ""fee_pct_nav"": 3.218023390490741e-05, ""name"": ""中国联塑""}, {""ts_code"": ""02269.HK"", ""side"": ""buy"", ""current_weight"": 0.0, ""target_weight"": 0.1259735455554331, ""post_trade_weight"": 0.12599999999999975, ""diff_weight"": 0.1259735455554331, ""gross_amount"": 0.1259735455554331, ""gross_amount_pct_nav"": 0.1259735455554331, ""fee"": 3.779206366662993e-05, ""fee_pct_nav"": 3.779206366662993e-05, ""name"": ""药明生物""}]",,,,
2020-02-07,0.14053133,0.28106266,0.29984706,0.00000000,0.00008995,0.00008995,0.00000000,0.00000000,weekly_portfolio_overlay,"[{""ts_code"": ""00586.HK"", ""side"": ""buy"", ""current_weight"": 0.1291354430168774, ""target_weight"": 0.17998482261652296, ""post_trade_weight"": 0.17999999999999955, ""diff_weight"": 0.05084937959964555, ""gross_amount"": 0.05424782180119525, ""gross_amount_pct_nav"": 0.05084937959964555, ""fee"": 1.6274346540358574e-05, ""fee_pct_nav"": 1.5254813879893662e-05, ""name"": ""海螺创业""}, {""ts_code"": ""00981.HK"", ""side"": ""buy"", ""current_weight"": 0.10897364841493613, ""target_weight"": 0.14588426936425852, ""post_trade_weight"": 0.14589657118764093, ""diff_weight"": 0.03691062094932238, ""gross_amount"": 0.03937748707251214, ""gross_amount_pct_nav"": 0.03691062094932238, ""fee"": 1.181324612175364e-05, ""fee_pct_nav"": 1.1073186284796715e-05, ""name"": ""中芯国际""}, {""ts_code"": ""01787.HK"", ""side"": ""buy"", ""current_weight"": 0.1212267637901095, ""target_weight"": 0.17998482261652296, ""post_trade_weight"": 0.17999999999999955, ""diff_weight"": 0.058758058826413447, ""gross_amount"": 0.06268506577062827, ""gross_amount_pct_nav"": 0.058758058826413447, ""fee"": 1.880551973118848e-05, ""fee_pct_nav"": 1.7627417647924033e-05, ""name"": ""山东黄金""}, {""ts_code"": ""01833.HK"", ""side"": ""buy"", ""current_weight"": 0.12662477390914378, ""target_weight"": 0.1608184783433604, ""post_trade_weight"": 0.16083203950746555, ""diff_weight"": 0.034193704434216605, ""gross_amount"": 0.036478989507338105, ""gross_amount_pct_nav"": 0.034193704434216605, ""fee"": 1.0943696852201431e-05, ""fee_pct_nav"": 1.0258111330264981e-05, ""name"": ""平安好医生""}, {""ts_code"": ""02128.HK"", ""side"": ""buy"", ""current_weight"": 0.10197878554297832, ""target_weight"": 0.15325846564571766, ""post_trade_weight"": 0.1532713893048925, ""diff_weight"": 0.05127968010273936, ""gross_amount"": 0.05470688079457106, ""gross_amount_pct_nav"": 0.05127968010273936, ""fee"": 1.6412064238371317e-05, ""fee_pct_nav"": 1.5383904030821806e-05, ""name"": ""中国联塑""}, {""ts_code"": ""02269.HK"", ""side"": ""buy"", ""current_weight"": 0.13091360955486578, ""target_weight"": 0.17998482261652296, ""post_trade_weight"": 0.17999999999999955, ""diff_weight"": 0.049071213061657175, ""gross_amount"": 0.05235081416324339, ""gross_amount_pct_nav"": 0.049071213061657175, ""fee"": 1.5705244248973016e-05, ""fee_pct_nav"": 1.4721363918497154e-05, ""name"": ""药明生物""}]",2020-02-07,2020-02-07,2020-02-10,risk_on
2020-02-14,0.00811529,0.01623058,0.00000000,0.01772522,0.00000532,0.00000000,0.00000532,0.00000000,weekly_portfolio_overlay,"[{""ts_code"": ""02128.HK"", ""side"": ""sell"", ""current_weight"": 0.16950122291479372, ""target_weight"": 0.15327064299983462, ""post_trade_weight"": 0.15327138930489445, ""diff_weight"": -0.016230579914959128, ""gross_amount"": 0.01772521711373448, ""gross_amount_pct_nav"": 0.016230579914959128, ""fee"": 5.317565134120344e-06, ""fee_pct_nav"": 4.869173974487738e-06, ""name"": ""中国联塑""}]",2020-02-14,2020-02-14,2020-02-17,risk_on
2020-02-21,0.02695138,0.05390275,0.03219158,0.02695644,0.00001774,0.00000966,0.00000809,0.00000000,weekly_portfolio_overlay,"[{""ts_code"": ""00981.HK"", ""side"": ""buy"", ""current_weight"": 0.13116970156642482, ""target_weight"": 0.14589421191961183, ""post_trade_weight"": 0.14589657118764468, ""diff_weight"": 0.014724510353187016, ""gross_amount"": 0.01615734974786054, ""gross_amount_pct_nav"": 0.014724510353187016, ""fee"": 4.8472049243581615e-06, ""fee_pct_nav"": 4.417353105956104e-06, ""name"": ""中芯国际""}, {""ts_code"": ""01787.HK"", ""side"": ""sell"", ""current_weight"": 0.2045630185330333, ""target_weight"": 0.1799970892513659, ""post_trade_weight"": 0.18000000000000418, ""diff_weight"": -0.024565929281667388, ""gross_amount"": 0.026956435342462698, ""gross_amount_pct_nav"": 0.024565929281667388, ""fee"": 8.086930602738809e-06, ""fee_pct_nav"": 7.3697787845002156e-06, ""name"": ""山东黄金""}, {""ts_code"": ""01833.HK"", ""side"": ""buy"", ""current_weight"": 0.1462171257946151, ""target_weight"": 0.16082943872058086, ""post_trade_weight"": 0.1608320395074697, ""diff_weight"": 0.014612312925965765, ""gross_amount"": 0.016034234409629172, ""gross_amount_pct_nav"": 0.014612312925965765, ""fee"": 4.810270322888751e-06, ""fee_pct_nav"": 4.383693877789729e-06, ""name"": ""平安好医生""}]",2020-02-21,2020-02-21,2020-02-24,risk_on
2020-03-02,0.88645945,1.77291889,0.98319387,0.97131322,0.00058635,0.00029496,0.00029139,0.00000000,rebalance,"[{""ts_code"": ""00003.HK"", ""side"": ""buy"", ""current_weight"": 0.0, ""target_weight"": 0.04740977716600823, ""post_trade_weight"": 0.047435006691864394, ""diff_weight"": 0.04740977716600823, ""gross_amount"": 0.052265642692337126, ""gross_amount_pct_nav"": 0.04740977716600823, ""fee"": 1.5679692807701138e-05, ""fee_pct_nav"": 1.4222933149802469e-05, ""name"": ""香港中华煤气""}, {""ts_code"": ""00322.HK"", ""side"": ""buy"", ""current_weight"": 0.0, ""target_weight"": 0.04430752396352108, ""post_trade_weight"": 0.044331102598315034, ""diff_weight"": 0.04430752396352108, ""gross_amount"": 0.04884564649926065, ""gross_amount_pct_nav"": 0.04430752396352108, ""fee"": 1.4653693949778195e-05, ""fee_pct_nav"": 1.3292257189056321e-05, ""name"": ""康师傅控股""}, {""ts_code"": ""00586.HK"", ""side"": ""sell"", ""current_weight"": 0.17920314084474093, ""target_weight"": 0.05201669627691425, ""post_trade_weight"": 0.052044377414901366, ""diff_weight"": -0.12718644456782666, ""gross_amount"": 0.14021329912212432, ""gross_amount_pct_nav"": 0.12718644456782666, ""fee"": 4.206398973663729e-05, ""fee_pct_nav"": 3.8155933370347994e-05, ""name"": ""海螺创业""}, {""ts_code"": ""00700.HK"", ""side"": ""buy"", ""current_weight"": 0.0, ""target_weight"": 0.17990426237981438, ""post_trade_weight"": 0.17999999999999877, ""diff_weight"": 0.17990426237981438, ""gross_amount"": 0.19833064946598097, ""gross_amount_pct_nav"": 0.17990426237981438, ""fee"": 5.949919483979429e-05, ""fee_pct_nav"": 5.3971278713944314e-05, ""name"": ""腾讯控股""}, {""ts_code"": ""00881.HK"", ""side"": ""buy"", ""current_weight"": 0.0, ""target_weight"": 0.046858206192232875, ""post_trade_weight"": 0.046883142194791186, ""diff_weight"": 0.046858206192232875, ""gross_amount"": 0.05165757800277187, ""gross_amount_pct_nav"": 0.046858206192232875, ""fee"": 1.549727340083156e-05, ""fee_pct_nav"": 1.4057461857669862e-05, ""name"": ""中升控股""}, {""ts_code"": ""00914.HK"", ""side"": ""buy"", ""current_weight"": 0.0, ""target_weight"": 0.050407998865342966, ""post_trade_weight"": 0.05043482392099082, ""diff_weight"": 0.050407998865342966, ""gross_amount"": 0.05557095213306984, ""gross_amount_pct_nav"": 0.050407998865342966, ""fee"": 1.667128563992095e-05, ""fee_pct_nav"": 1.5122399659602888e-05, ""name"": ""海螺水泥""}, {""ts_code"": ""00939.HK"", ""side"": ""buy"", ""current_weight"": 0.0, ""target_weight"": 0.10536378554842131, ""post_trade_weight"": 0.10541985580461528, ""diff_weight"": 0.10536378554842131, ""gross_amount"": 0.11615549149077531, ""gross_amount_pct_nav"": 0.10536378554842131, ""fee"": 3.484664744723259e-05, ""fee_pct_nav"": 3.160913566452639e-05, ""name"": ""建设银行""}, {""ts_code"": ""00960.HK"", ""side"": ""buy"", ""current_weight"": 0.0, ""target_weight"": 0.06246456292956667, ""post_trade_weight"": 0.06249780399079349, ""diff_weight"": 0.06246456292956667, ""gross_amount"": 0.06886238919828742, ""gross_amount_pct_nav"": 0.06246456292956667, ""fee"": 2.0658716759486227e-05, ""fee_pct_nav"": 1.873936887887e-05, ""name"": ""龙湖集团""}, {""ts_code"": ""00981.HK"", ""side"": ""sell"", ""current_weight"": 0.14259421275609047, ""target_weight"": 0.0, ""post_trade_weight"": 0.0, ""diff_weight"": -0.14259421275609047, ""gross_amount"": 0.15719918167530228, ""gross_amount_pct_nav"": 0.14259421275609047, ""fee"": 4.715975450259068e-05, ""fee_pct_nav"": 4.2778263826827134e-05, ""name"": ""中芯国际""}, {""ts_code"": ""01313.HK"", ""side"": ""buy"", ""current_weight"": 0.0, ""target_weight"": 0.046363901743926066, ""post_trade_weight"": 0.046388574698066835, ""diff_weight"": 0.046363901743926066, ""gross_amount"": 0.05111264526482684, ""gross_amount_pct_nav"": 0.046363901743926066, ""fee"": 1.533379357944805e-05, ""fee_pct_nav"": 1.3909170523177818e-05, ""name"": ""华润建材科技""}, {""ts_code"": ""01398.HK"", ""side"": ""buy"", ""current_weight"": 0.0, ""target_weight"": 0.1233984288308558, ""post_trade_weight"": 0.12346409637955355, ""diff_weight"": 0.1233984288308558, ""gross_amount"": 0.13603730233715275, ""gross_amount_pct_nav"": 0.1233984288308558, ""fee"": 4.081119070114582e-05, ""fee_pct_nav"": 3.7019528649256734e-05, ""name"": ""工商银行""}, {""ts_code"": ""01658.HK"", ""side"": ""buy"", ""current_weight"": 0.0, ""target_weight"": 0.06909061443492787, ""post_trade_weight"": 0.06912738160717592, ""diff_weight"": 0.06909061443492787, ""gross_amount"": 0.07616710272241112, ""gross_amount_pct_nav"": 0.06909061443492787, ""fee"": 2.2850130816723332e-05, ""fee_pct_nav"": 2.0727184330478358e-05, ""name"": ""邮储银行""}, {""ts_code"": ""01787.HK"", ""side"": ""sell"", ""current_weight"": 0.16157128338362342, ""target_weight"": 0.0, ""post_trade_weight"": 0.0, ""diff_weight"": -0.16157128338362342, ""gross_amount"": 0.17811994637944473, ""gross_amount_pct_nav"": 0.16157128338362342, ""fee"": 5.3435983913833416e-05, ""fee_pct_nav"": 4.847138501508702e-05, ""name"": ""山东黄金""}, {""ts_code"": ""01833.HK"", ""side"": ""sell"", ""current_weight"": 0.1634230083333331, ""target_weight"": 0.0, ""post_trade_weight"": 0.0, ""diff_weight"": -0.1634230083333331, ""gross_amount"": 0.1801613310973506, ""gross_amount_pct_nav"": 0.1634230083333331, ""fee"": 5.4048399329205175e-05, ""fee_pct_nav"": 4.9026902499999925e-05, ""name"": ""平安好医生""}, {""ts_code"": ""02128.HK"", ""side"": ""sell"", ""current_weight"": 0.15779409533608135, ""target_weight"": 0.0, ""post_trade_weight"": 0.0, ""diff_weight"": -0.15779409533608135, ""gross_amount"": 0.17395588629151534, ""gross_amount_pct_nav"": 0.15779409533608135, ""fee"": 5.21867658874546e-05, ""fee_pct_nav"": 4.733822860082439e-05, ""name"": ""中国联塑""}, {""ts_code"": ""02269.HK"", ""side"": ""sell"", ""current_weight"": 0.18410553029435248, ""target_weight"": 0.05560355521167018, ""post_trade_weight"": 0.055633145127880826, ""diff_weight"": -0.1285019750826823, ""gross_amount"": 0.14166357060514678, ""gross_amount_pct_nav"": 0.1285019750826823, ""fee"": 4.249907118154403e-05, ""fee_pct_nav"": 3.855059252480469e-05, ""name"": ""药明生物""}, {""ts_code"": ""02359.HK"", ""side"": ""buy"", ""current_weight"": 0.0, ""target_weight"": 0.046591403006904314, ""post_trade_weight"": 0.04661619702782371, ""diff_weight"": 0.046591403006904314, ""gross_amount"": 0.05136344795645817, ""gross_amount_pct_nav"": 0.046591403006904314, ""fee"": 1.5409034386937448e-05, ""fee_pct_nav"": 1.397742090207129e-05, ""name"": ""药明康德""}, {""ts_code"": ""03988.HK"", ""side"": ""buy"", ""current_weight"": 0.0, ""target_weight"": 0.06968740778219606, ""post_trade_weight"": 0.06972449254322191, ""diff_weight"": 0.06968740778219606, ""gross_amount"": 0.07682502160990691, ""gross_amount_pct_nav"": 0.06968740778219606, ""fee"": 2.304750648297207e-05, ""fee_pct_nav"": 2.0906222334658818e-05, ""name"": ""中国银行""}]",,,,
2020-03-06,0.00000000,0.00000000,0.00000000,0.00000000,0.00000000,0.00000000,0.00000000,0.00000000,weekly_portfolio_overlay,,2020-03-06,2020-03-06,2020-03-09,risk_on
2020-03-13,0.14659346,0.29318691,0.00000000,0.29159361,0.00008748,0.00000000,0.00008748,0.00000000,weekly_portfolio_overlay,"[{""ts_code"": ""00003.HK"", ""side"": ""sell"", ""current_weight"": 0.05072458080239428, ""target_weight"": 0.033201584146462654, ""post_trade_weight"": 0.03320450468430532, ""diff_weight"": -0.017522996655931624, ""gross_amount"": 0.01742776945881555, ""gross_amount_pct_nav"": 0.017522996655931624, ""fee"": 5.2283308376446644e-06, ""fee_pct_nav"": 5.256898996779486e-06, ""name"": ""香港中华煤气""}, {""ts_code"": ""00322.HK"", ""side"": ""sell"", ""current_weight"": 0.04424553543988992, ""target_weight"": 0.03102904238602893, ""post_trade_weight"": 0.031031771818820757, ""diff_weight"": -0.01321649305386099, ""gross_amount"": 0.013144669174992806, ""gross_amount_pct_nav"": 0.01321649305386099, ""fee"": 3.9434007524978415e-06, ""fee_pct_nav"": 3.964947916158297e-06, ""name"": ""康师傅控股""}, {""ts_code"": ""00586.HK"", ""side"": ""sell"", ""current_weight"": 0.050709889655238836, ""target_weight"": 0.036427859857084646, ""post_trade_weight"": 0.03643106419043123, ""diff_weight"": -0.01428202979815419, ""gross_amount"": 0.014204415352776431, ""gross_amount_pct_nav"": 0.01428202979815419, ""fee"": 4.2613246058329285e-06, ""fee_pct_nav"": 4.284608939446256e-06, ""name"": ""海螺创业""}, {""ts_code"": ""00700.HK"", ""side"": ""sell"", ""current_weight"": 0.17495265830315568, ""target_weight"": 0.12598891753478417, ""post_trade_weight"": 0.12600000000000008, ""diff_weight"": -0.04896374076837153, ""gross_amount"": 0.04869765158937761, ""gross_amount_pct_nav"": 0.04896374076837153, ""fee"": 1.4609295476813281e-05, ""fee_pct_nav"": 1.4689122230511456e-05, ""name"": ""腾讯控股""}, {""ts_code"": ""00881.HK"", ""side"": ""sell"", ""current_weight"": 0.04542459758637625, ""target_weight"": 0.032815312976395256, ""post_trade_weight"": 0.03281819953635407, ""diff_weight"": -0.012609284609980995, ""gross_amount"": 0.012540760552445386, ""gross_amount_pct_nav"": 0.012609284609980995, ""fee"": 3.7622281657336154e-06, ""fee_pct_nav"": 3.782785382994298e-06, ""name"": ""中升控股""}, {""ts_code"": ""00914.HK"", ""side"": ""sell"", ""current_weight"": 0.04725251537472054, ""target_weight"": 0.035301271510350646, ""post_trade_weight"": 0.03530437674469385, ""diff_weight"": -0.011951243864369897, ""gross_amount"": 0.01188629587187745, ""gross_amount_pct_nav"": 0.011951243864369897, ""fee"": 3.565888761563235e-06, ""fee_pct_nav"": 3.585373159310969e-06, ""name"": ""海螺水泥""}, {""ts_code"": ""00939.HK"", ""side"": ""sell"", ""current_weight"": 0.11208721735626911, ""target_weight"": 0.07378740844164779, ""post_trade_weight"": 0.07379389906323124, ""diff_weight"": -0.03829980891462133, ""gross_amount"": 0.03809167194326683, ""gross_amount_pct_nav"": 0.03829980891462133, ""fee"": 1.142750158298005e-05, ""fee_pct_nav"": 1.1489942674386399e-05, ""name"": ""建设银行""}, {""ts_code"": ""00960.HK"", ""side"": ""sell"", ""current_weight"": 0.06563873029755982, ""target_weight"": 0.04374461485056245, ""post_trade_weight"": 0.04374846279355577, ""diff_weight"": -0.021894115446997365, ""gross_amount"": 0.021775133786024012, ""gross_amount_pct_nav"": 0.021894115446997365, ""fee"": 6.532540135807203e-06, ""fee_pct_nav"": 6.56823463409921e-06, ""name"": ""龙湖集团""}, {""ts_code"": ""01313.HK"", ""side"": ""sell"", ""current_weight"": 0.04442996923623752, ""target_weight"": 0.032469146178838657, ""post_trade_weight"": 0.03247200228864703, ""diff_weight"": -0.011960823057398868, ""gross_amount"": 0.011895823007617323, ""gross_amount_pct_nav"": 0.011960823057398868, ""fee"": 3.5687469022851968e-06, ""fee_pct_nav"": 3.5882469172196603e-06, ""name"": ""华润建材科技""}, {""ts_code"": ""01398.HK"", ""side"": ""sell"", ""current_weight"": 0.12884085230248676, ""target_weight"": 0.08641726587372403, ""post_trade_weight"": 0.08642486746568816, ""diff_weight"": -0.04242358642876272, ""gross_amount"": 0.04219303914814933, ""gross_amount_pct_nav"": 0.04242358642876272, ""fee"": 1.2657911744444797e-05, ""fee_pct_nav"": 1.2727075928628814e-05, ""name"": ""工商银行""}, {""ts_code"": ""01658.HK"", ""side"": ""sell"", ""current_weight"": 0.07436055397142861, ""target_weight"": 0.04838491100390057, ""post_trade_weight"": 0.04838916712502351, ""diff_weight"": -0.025975642967528037, ""gross_amount"": 0.025834480601201373, ""gross_amount_pct_nav"": 0.025975642967528037, ""fee"": 7.75034418036041e-06, ""fee_pct_nav"": 7.79269289025841e-06, ""name"": ""邮储银行""}, {""ts_code"": ""02269.HK"", ""side"": ""sell"", ""current_weight"": 0.05007630797072775, ""target_weight"": 0.038939776298429485, ""post_trade_weight"": 0.03894320158951688, ""diff_weight"": -0.011136531672298264, ""gross_amount"": 0.011076011162161184, ""gross_amount_pct_nav"": 0.011136531672298264, ""fee"": 3.322803348648355e-06, ""fee_pct_nav"": 3.340959501689479e-06, ""name"": ""药明生物""}, {""ts_code"": ""03988.HK"", ""side"": ""sell"", ""current_weight"": 0.07175346513117499, ""target_weight"": 0.04880285189545955, ""post_trade_weight"": 0.0488071447802557, ""diff_weight"": -0.02295061323571544, ""gross_amount"": 0.02282589012964828, ""gross_amount_pct_nav"": 0.02295061323571544, ""fee"": 6.847767038894484e-06, ""fee_pct_nav"": 6.885183970714631e-06, ""name"": ""中国银行""}]",2020-03-13,2020-03-13,2020-03-16,caution
2020-03-20,0.00000000,0.00000000,0.00000000,0.00000000,0.00000000,0.00000000,0.00000000,0.00000000,weekly_portfolio_overlay,,2020-03-20,2020-03-20,2020-03-23,caution
2020-03-27,0.35548903,0.71097806,0.00000000,0.71708904,0.00021513,0.00000000,0.00021513,0.00000000,weekly_portfolio_overlay,"[{""ts_code"": ""00003.HK"", ""side"": ""sell"", ""current_weight"": 0.02754008440706212, ""target_weight"": 0.0, ""post_trade_weight"": 0.0, ""diff_weight"": -0.02754008440706212, ""gross_amount"": 0.027776796318605777, ""gross_amount_pct_nav"": 0.02754008440706212, ""fee"": 8.333038895581732e-06, ""fee_pct_nav"": 8.262025322118634e-06, ""name"": ""香港中华煤气""}, {""ts_code"": ""00322.HK"", ""side"": ""sell"", ""current_weight"": 0.0291015532133185, ""target_weight"": 0.0, ""post_trade_weight"": 0.0, ""diff_weight"": -0.0291015532133185, ""gross_amount"": 0.029351686226282238, ""gross_amount_pct_nav"": 0.0291015532133185, ""fee"": 8.80550586788467e-06, ""fee_pct_nav"": 8.730465963995549e-06, ""name"": ""康师傅控股""}, {""ts_code"": ""00586.HK"", ""side"": ""sell"", ""current_weight"": 0.03561101717187598, ""target_weight"": 0.0, ""post_trade_weight"": 0.0, ""diff_weight"": -0.03561101717187598, ""gross_amount"": 0.03591710018244973, ""gross_amount_pct_nav"": 0.03561101717187598, ""fee"": 1.0775130054734918e-05, ""fee_pct_nav"": 1.0683305151562794e-05, ""name"": ""海螺创业""}, {""ts_code"": ""00700.HK"", ""side"": ""sell"", ""current_weight"": 0.1368850206918102, ""target_weight"": 0.0, ""post_trade_weight"": 0.0, ""diff_weight"": -0.1368850206918102, ""gross_amount"": 0.13806157173031544, ""gross_amount_pct_nav"": 0.1368850206918102, ""fee"": 4.141847151909463e-05, ""fee_pct_nav"": 4.1065506207543053e-05, ""name"": ""腾讯控股""}, {""ts_code"": ""00881.HK"", ""side"": ""sell"", ""current_weight"": 0.033353399158023184, ""target_weight"": 0.0, ""post_trade_weight"": 0.0, ""diff_weight"": -0.033353399158023184, ""gross_amount"": 0.03364007754122922, ""gross_amount_pct_nav"": 0.033353399158023184, ""fee"": 1.0092023262368764e-05, ""fee_pct_nav"": 1.0006019747406954e-05, ""name"": ""中升控股""}, {""ts_code"": ""00914.HK"", ""side"": ""sell"", ""current_weight"": 0.03621148897613532, ""target_weight"": 0.0, ""post_trade_weight"": 0.0, ""diff_weight"": -0.03621148897613532, ""gross_amount"": 0.03652273314840027, ""gross_amount_pct_nav"": 0.03621148897613532, ""fee"": 1.095681994452008e-05, ""fee_pct_nav"": 1.0863446692840593e-05, ""name"": ""海螺水泥""}, {""ts_code"": ""00939.HK"", ""side"": ""sell"", ""current_weight"": 0.07343944776100424, ""target_weight"": 0.0, ""post_trade_weight"": 0.0, ""diff_weight"": -0.07343944776100424, ""gross_amount"": 0.07407067284387872, ""gross_amount_pct_nav"": 0.07343944776100424, ""fee"": 2.2221201853163615e-05, ""fee_pct_nav"": 2.203183432830127e-05, ""name"": ""建设银行""}, {""ts_code"": ""00960.HK"", ""side"": ""sell"", ""current_weight"": 0.0448079465026692, ""target_weight"": 0.0, ""post_trade_weight"": 0.0, ""diff_weight"": -0.0448079465026692, ""gross_amount"": 0.04519307875252799, ""gross_amount_pct_nav"": 0.0448079465026692, ""fee"": 1.3557923625758396e-05, ""fee_pct_nav"": 1.3442383950800759e-05, ""name"": ""龙湖集团""}, {""ts_code"": ""01313.HK"", ""side"": ""sell"", ""current_weight"": 0.03238237113573385, ""target_weight"": 0.0, ""post_trade_weight"": 0.0, ""diff_weight"": -0.03238237113573385, ""gross_amount"": 0.03266070336081193, ""gross_amount_pct_nav"": 0.03238237113573385, ""fee"": 9.798211008243578e-06, ""fee_pct_nav"": 9.714711340720154e-06, ""name"": ""华润建材科技""}, {""ts_code"": ""01398.HK"", ""side"": ""sell"", ""current_weight"": 0.08736348135308722, ""target_weight"": 0.0, ""post_trade_weight"": 0.0, ""diff_weight"": -0.08736348135308722, ""gross_amount"": 0.08811438597503875, ""gross_amount_pct_nav"": 0.08736348135308722, ""fee"": 2.643431579251162e-05, ""fee_pct_nav"": 2.6209044405926164e-05, ""name"": ""工商银行""}, {""ts_code"": ""01658.HK"", ""side"": ""sell"", ""current_weight"": 0.047063616214415654, ""target_weight"": 0.0, ""post_trade_weight"": 0.0, ""diff_weight"": -0.047063616214415654, ""gross_amount"": 0.04746813634563989, ""gross_amount_pct_nav"": 0.047063616214415654, ""fee"": 1.4240440903691967e-05, ""fee_pct_nav"": 1.4119084864324694e-05, ""name"": ""邮储银行""}, {""ts_code"": ""02269.HK"", ""side"": ""sell"", ""current_weight"": 0.0392479073725887, ""target_weight"": 0.0, ""post_trade_weight"": 0.0, ""diff_weight"": -0.0392479073725887, ""gross_amount"": 0.039585250099681855, ""gross_amount_pct_nav"": 0.0392479073725887, ""fee"": 1.1875575029904556e-05, ""fee_pct_nav"": 1.1774372211776611e-05, ""name"": ""药明生物""}, {""ts_code"": ""02359.HK"", ""side"": ""sell"", ""current_weight"": 0.039601193851351385, ""target_weight"": 0.0, ""post_trade_weight"": 0.0, ""diff_weight"": -0.039601193851351385, ""gross_amount"": 0.03994157313840835, ""gross_amount_pct_nav"": 0.039601193851351385, ""fee"": 1.1982471941522503e-05, ""fee_pct_nav"": 1.1880358155405415e-05, ""name"": ""药明康德""}, {""ts_code"": ""03988.HK"", ""side"": ""sell"", ""current_weight"": 0.048369533337795666, ""target_weight"": 0.0, ""post_trade_weight"": 0.0, ""diff_weight"": -0.048369533337795666, ""gross_amount"": 0.04878527805838658, ""gross_amount_pct_nav"": 0.048369533337795666, ""fee"": 1.4635583417515973e-05, ""fee_pct_nav"": 1.4510860001338697e-05, ""name"": ""中国银行""}]",2020-03-27,2020-03-27,2020-03-30,risk_off
2020-04-01,0.00000000,0.00000000,0.00000000,0.00000000,0.00000000,0.00000000,0.00000000,0.00000000,rebalance,,,,,
2020-04-03,0.00000000,0.00000000,0.00000000,0.00000000,0.00000000,0.00000000,0.00000000,0.00000000,weekly_portfolio_overlay,,2020-04-03,2020-04-03,2020-04-06,risk_off
2020-04-09,0.00000000,0.00000000,0.00000000,0.00000000,0.00000000,0.00000000,0.00000000,0.00000000,weekly_portfolio_overlay,,2020-04-09,2020-04-09,2020-04-14,risk_off
2020-04-17,0.00000000,0.00000000,0.00000000,0.00000000,0.00000000,0.00000000,0.00000000,0.00000000,weekly_portfolio_overlay,,2020-04-17,2020-04-17,2020-04-20,risk_off
2020-04-24,0.00000000,0.00000000,0.00000000,0.00000000,0.00000000,0.00000000,0.00000000,0.00000000,weekly_portfolio_overlay,,2020-04-24,2020-04-24,2020-04-27,risk_off
2020-05-04,0.00000000,0.00000000,0.00000000,0.00000000,0.00000000,0.00000000,0.00000000,0.00000000,rebalance,,,,,
2020-05-08,0.00000000,0.00000000,0.00000000,0.00000000,0.00000000,0.00000000,0.00000000,0.00000000,weekly_portfolio_overlay,,2020-05-08,2020-05-08,2020-05-11,risk_off
2020-05-15,0.34992652,0.69985303,0.70571783,0.00000000,0.00021172,0.00021172,0.00000000,0.00000000,weekly_portfolio_overlay,"[{""ts_code"": ""00388.HK"", ""side"": ""buy"", ""current_weight"": 0.0, ""target_weight"": 0.041793717847287006, ""post_trade_weight"": 0.04180249452803494, ""diff_weight"": 0.041793717847287006, ""gross_amount"": 0.042143951321929524, ""gross_amount_pct_nav"": 0.041793717847287006, ""fee"": 1.2643185396578856e-05, ""fee_pct_nav"": 1.2538115354186099e-05, ""name"": ""香港交易所""}, {""ts_code"": ""00586.HK"", ""side"": ""buy"", ""current_weight"": 0.0, ""target_weight"": 0.03494701199797689, ""post_trade_weight"": 0.03495435087049647, ""diff_weight"": 0.03494701199797689, ""gross_amount"": 0.035239869730451144, ""gross_amount_pct_nav"": 0.03494701199797689, ""fee"": 1.0571960919135343e-05, ""fee_pct_nav"": 1.0484103599393067e-05, ""name"": ""海螺创业""}, {""ts_code"": ""00700.HK"", ""side"": ""buy"", ""current_weight"": 0.0, ""target_weight"": 0.12597354555543308, ""post_trade_weight"": 0.12599999999999972, ""diff_weight"": 0.12597354555543308, ""gross_amount"": 0.12702921025447064, ""gross_amount_pct_nav"": 0.12597354555543308, ""fee"": 3.810876307634119e-05, ""fee_pct_nav"": 3.779206366662992e-05, ""name"": ""腾讯控股""}, {""ts_code"": ""00914.HK"", ""side"": ""buy"", ""current_weight"": 0.0, ""target_weight"": 0.04403920507819577, ""post_trade_weight"": 0.04404845331126219, ""diff_weight"": 0.04403920507819577, ""gross_amount"": 0.04440825584968707, ""gross_amount_pct_nav"": 0.04403920507819577, ""fee"": 1.332247675490612e-05, ""fee_pct_nav"": 1.3211761523458729e-05, ""name"": ""海螺水泥""}, {""ts_code"": ""00960.HK"", ""side"": ""buy"", ""current_weight"": 0.0, ""target_weight"": 0.0331474540105217, ""post_trade_weight"": 0.03315441497586391, ""diff_weight"": 0.0331474540105217, ""gross_amount"": 0.03342523135581743, ""gross_amount_pct_nav"": 0.0331474540105217, ""fee"": 1.0027569406745229e-05, ""fee_pct_nav"": 9.94423620315651e-06, ""name"": ""龙湖集团""}, {""ts_code"": ""01288.HK"", ""side"": ""buy"", ""current_weight"": 0.0, ""target_weight"": 0.07331322240750886, ""post_trade_weight"": 0.07332861818421443, ""diff_weight"": 0.07331322240750886, ""gross_amount"": 0.07392759092851107, ""gross_amount_pct_nav"": 0.07331322240750886, ""fee"": 2.217827727855332e-05, ""fee_pct_nav"": 2.1993966722252655e-05, ""name"": ""农业银行""}, {""ts_code"": ""01299.HK"", ""side"": ""buy"", ""current_weight"": 0.0, ""target_weight"": 0.0443826947348866, ""post_trade_weight"": 0.04439201510078094, ""diff_weight"": 0.0443826947348866, ""gross_amount"": 0.04475462396711706, ""gross_amount_pct_nav"": 0.0443826947348866, ""fee"": 1.3426387190135117e-05, ""fee_pct_nav"": 1.3314808420465981e-05, ""name"": ""友邦保险""}, {""ts_code"": ""01313.HK"", ""side"": ""buy"", ""current_weight"": 0.0, ""target_weight"": 0.03145919195029574, ""post_trade_weight"": 0.03146579838060531, ""diff_weight"": 0.03145919195029574, ""gross_amount"": 0.03172282157392621, ""gross_amount_pct_nav"": 0.03145919195029574, ""fee"": 9.516846472177862e-06, ""fee_pct_nav"": 9.437757585088722e-06, ""name"": ""华润建材科技""}, {""ts_code"": ""01988.HK"", ""side"": ""buy"", ""current_weight"": 0.0, ""target_weight"": 0.04326445472785486, ""post_trade_weight"": 0.04327354026334772, ""diff_weight"": 0.04326445472785486, ""gross_amount"": 0.04362701305212786, ""gross_amount_pct_nav"": 0.04326445472785486, ""fee"": 1.3088103915638356e-05, ""fee_pct_nav"": 1.2979336418356459e-05, ""name"": ""民生银行""}, {""ts_code"": ""02318.HK"", ""side"": ""buy"", ""current_weight"": 0.0, ""target_weight"": 0.06028614165250715, ""post_trade_weight"": 0.06029880174225418, ""diff_weight"": 0.06028614165250715, ""gross_amount"": 0.06079134257626558, ""gross_amount_pct_nav"": 0.06028614165250715, ""fee"": 1.8237402772879673e-05, ""fee_pct_nav"": 1.8085842495752142e-05, ""name"": ""中国平安""}, {""ts_code"": ""03690.HK"", ""side"": ""buy"", ""current_weight"": 0.0, ""target_weight"": 0.04621010030266242, ""post_trade_weight"": 0.04621980442372598, ""diff_weight"": 0.04621010030266242, ""gross_amount"": 0.046597343286206454, ""gross_amount_pct_nav"": 0.04621010030266242, ""fee"": 1.3979202985861936e-05, ""fee_pct_nav"": 1.3863030090798726e-05, ""name"": ""美团-W""}, {""ts_code"": ""03968.HK"", ""side"": ""buy"", ""current_weight"": 0.0, ""target_weight"": 0.05306091181501686, ""post_trade_weight"": 0.05307205460649802, ""diff_weight"": 0.05306091181501686, ""gross_amount"": 0.05350556494639364, ""gross_amount_pct_nav"": 0.05306091181501686, ""fee"": 1.605166948391809e-05, ""fee_pct_nav"": 1.5918273544505056e-05, ""name"": ""招商银行""}, {""ts_code"": ""06098.HK"", ""side"": ""buy"", ""current_weight"": 0.0, ""target_weight"": 0.03203520920839092, ""post_trade_weight"": 0.03204193660232468, ""diff_weight"": 0.03203520920839092, ""gross_amount"": 0.032303665885850236, ""gross_amount_pct_nav"": 0.03203520920839092, ""fee"": 9.691099765755069e-06, ""fee_pct_nav"": 9.610562762517274e-06, ""name"": ""碧桂园服务""}, {""ts_code"": ""06808.HK"", ""side"": ""buy"", ""current_weight"": 0.0, ""target_weight"": 0.035940169574979274, ""post_trade_weight"": 0.035947717010590026, ""diff_weight"": 0.035940169574979274, ""gross_amount"": 0.036241350018305245, ""gross_amount_pct_nav"": 0.035940169574979274, ""fee"": 1.0872405005491572e-05, ""fee_pct_nav"": 1.0782050872493781e-05, ""name"": ""高鑫零售""}]",2020-05-15,2020-05-15,2020-05-18,caution
2020-05-22,0.00000000,0.00000000,0.00000000,0.00000000,0.00000000,0.00000000,0.00000000,0.00000000,weekly_portfolio_overlay,,2020-05-22,2020-05-22,2020-05-25,caution
2020-06-01,0.10793757,0.21587514,0.11249853,0.10926304,0.00006653,0.00003375,0.00003278,0.00000000,rebalance,"[{""ts_code"": ""00960.HK"", ""side"": ""sell"", ""current_weight"": 0.033749638957448036, ""target_weight"": 0.0, ""post_trade_weight"": 0.0, ""diff_weight"": -0.033749638957448036, ""gross_amount"": 0.03466991639907455, ""gross_amount_pct_nav"": 0.033749638957448036, ""fee"": 1.0400974919722365e-05, ""fee_pct_nav"": 1.0124891687234409e-05, ""name"": ""龙湖集团""}, {""ts_code"": ""01177.HK"", ""side"": ""buy"", ""current_weight"": 0.0, ""target_weight"": 0.03296594978873142, ""post_trade_weight"": 0.032968084885678255, ""diff_weight"": 0.03296594978873142, ""gross_amount"": 0.03386485777321719, ""gross_amount_pct_nav"": 0.03296594978873142, ""fee"": 1.0159457331965155e-05, ""fee_pct_nav"": 9.889784936619425e-06, ""name"": ""中国生物制药""}, {""ts_code"": ""01313.HK"", ""side"": ""sell"", ""current_weight"": 0.03023742233628649, ""target_weight"": 0.0, ""post_trade_weight"": 0.0, ""diff_weight"": -0.03023742233628649, ""gross_amount"": 0.031061929457802746, ""gross_amount_pct_nav"": 0.03023742233628649, ""fee"": 9.318578837340823e-06, ""fee_pct_nav"": 9.071226700885947e-06, ""name"": ""华润建材科技""}, {""ts_code"": ""01658.HK"", ""side"": ""buy"", ""current_weight"": 0.0, ""target_weight"": 0.0421872268953836, ""post_trade_weight"": 0.04218995922434476, ""diff_weight"": 0.0421872268953836, ""gross_amount"": 0.04333757855649473, ""gross_amount_pct_nav"": 0.0421872268953836, ""fee"": 1.3001273566948416e-05, ""fee_pct_nav"": 1.265616806861508e-05, ""name"": ""邮储银行""}, {""ts_code"": ""02269.HK"", ""side"": ""buy"", ""current_weight"": 0.0, ""target_weight"": 0.034359195196230014, ""post_trade_weight"": 0.034361420529133484, ""diff_weight"": 0.034359195196230014, ""gross_amount"": 0.035296093878061825, ""gross_amount_pct_nav"": 0.034359195196230014, ""fee"": 1.0588828163418547e-05, ""fee_pct_nav"": 1.0307758558869003e-05, ""name"": ""药明生物""}, {""ts_code"": ""03968.HK"", ""side"": ""sell"", ""current_weight"": 0.05395760412918146, ""target_weight"": 0.04298971487817404, ""post_trade_weight"": 0.04299249918166202, ""diff_weight"": -0.010967889251007426, ""gross_amount"": 0.01126695914839762, ""gross_amount_pct_nav"": 0.010967889251007426, ""fee"": 3.380087744519286e-06, ""fee_pct_nav"": 3.2903667753022274e-06, ""name"": ""招商银行""}, {""ts_code"": ""06098.HK"", ""side"": ""sell"", ""current_weight"": 0.03140781401237097, ""target_weight"": 0.0, ""post_trade_weight"": 0.0, ""diff_weight"": -0.03140781401237097, ""gross_amount"": 0.03226423510661819, ""gross_amount_pct_nav"": 0.03140781401237097, ""fee"": 9.679270531985457e-06, ""fee_pct_nav"": 9.42234420371129e-06, ""name"": ""碧桂园服务""}]",,,,
2020-06-05,0.14111160,0.28222320,0.29453324,0.00000000,0.00008836,0.00008836,0.00000000,0.00000000,weekly_portfolio_overlay,"[{""ts_code"": ""00388.HK"", ""side"": ""buy"", ""current_weight"": 0.04640422470607391, ""target_weight"": 0.05899195942705802, ""post_trade_weight"": 0.05899695451988156, ""diff_weight"": 0.012587734720984105, ""gross_amount"": 0.013136787758863823, ""gross_amount_pct_nav"": 0.012587734720984105, ""fee"": 3.941036327659147e-06, ""fee_pct_nav"": 3.7763204162952317e-06, ""name"": ""香港交易所""}, {""ts_code"": ""00586.HK"", ""side"": ""buy"", ""current_weight"": 0.03328883455613056, ""target_weight"": 0.052049704283951635, ""post_trade_weight"": 0.05205411154736281, ""diff_weight"": 0.018760869727821067, ""gross_amount"": 0.019579183169091338, ""gross_amount_pct_nav"": 0.018760869727821067, ""fee"": 5.873754950727401e-06, ""fee_pct_nav"": 5.62826091834632e-06, ""name"": ""海螺创业""}, {""ts_code"": ""00700.HK"", ""side"": ""buy"", ""current_weight"": 0.12373249667903317, ""target_weight"": 0.17998475994709262, ""post_trade_weight"": 0.1799999999999997, ""diff_weight"": 0.056252263268059446, ""gross_amount"": 0.058705879960779445, ""gross_amount_pct_nav"": 0.056252263268059446, ""fee"": 1.7611763988233833e-05, ""fee_pct_nav"": 1.6875678980417836e-05, ""name"": ""腾讯控股""}, {""ts_code"": ""00914.HK"", ""side"": ""buy"", ""current_weight"": 0.042841890729055435, ""target_weight"": 0.06825325629657274, ""post_trade_weight"": 0.06825903558164856, ""diff_weight"": 0.025411365567517302, ""gross_amount"": 0.026519760983434254, ""gross_amount_pct_nav"": 0.025411365567517302, ""fee"": 7.955928295030276e-06, ""fee_pct_nav"": 7.62340967025519e-06, ""name"": ""海螺水泥""}, {""ts_code"": ""01177.HK"", ""side"": ""buy"", ""current_weight"": 0.03442465882383352, ""target_weight"": 0.04709327654019064, ""post_trade_weight"": 0.04709726412239621, ""diff_weight"": 0.012668617716357118, ""gross_amount"": 0.013221198716599145, ""gross_amount_pct_nav"": 0.012668617716357118, ""fee"": 3.966359614979743e-06, ""fee_pct_nav"": 3.800585314907135e-06, ""name"": ""中国生物制药""}, {""ts_code"": ""01288.HK"", ""side"": ""buy"", ""current_weight"": 0.07184495392601924, ""target_weight"": 0.10236203503693728, ""post_trade_weight"": 0.10237070245316793, ""diff_weight"": 0.03051708111091804, ""gross_amount"": 0.03184817812420665, ""gross_amount_pct_nav"": 0.03051708111091804, ""fee"": 9.554453437261993e-06, ""fee_pct_nav"": 9.15512433327541e-06, ""name"": ""农业银行""}, {""ts_code"": ""01658.HK"", ""side"": ""buy"", ""current_weight"": 0.044885888458387556, ""target_weight"": 0.06026626732675492, ""post_trade_weight"": 0.06027137032049084, ""diff_weight"": 0.015380378868367366, ""gross_amount"": 0.016051241730399297, ""gross_amount_pct_nav"": 0.015380378868367366, ""fee"": 4.815372519119789e-06, ""fee_pct_nav"": 4.614113660510209e-06, ""name"": ""邮储银行""}, {""ts_code"": ""01988.HK"", ""side"": ""buy"", ""current_weight"": 0.041467396607570935, ""target_weight"": 0.06050319201021686, ""post_trade_weight"": 0.06050831506534415, ""diff_weight"": 0.019035795402645928, ""gross_amount"": 0.019866100578751704, ""gross_amount_pct_nav"": 0.019035795402645928, ""fee"": 5.95983017362551e-06, ""fee_pct_nav"": 5.710738620793778e-06, ""name"": ""民生银行""}, {""ts_code"": ""02269.HK"", ""side"": ""buy"", ""current_weight"": 0.03326213185072177, ""target_weight"": 0.04908358750299231, ""post_trade_weight"": 0.04908774361304648, ""diff_weight"": 0.015821455652270538, ""gross_amount"": 0.016511557444380695, ""gross_amount_pct_nav"": 0.015821455652270538, ""fee"": 4.953467233314208e-06, ""fee_pct_nav"": 4.746436695681161e-06, ""name"": ""药明生物""}, {""ts_code"": ""02318.HK"", ""side"": ""buy"", ""current_weight"": 0.061729173440170114, ""target_weight"": 0.07892322241258895, ""post_trade_weight"": 0.07892990516775952, ""diff_weight"": 0.017194048972418833, ""gross_amount"": 0.017944020673524172, ""gross_amount_pct_nav"": 0.017194048972418833, ""fee"": 5.383206202057251e-06, ""fee_pct_nav"": 5.158214691725649e-06, ""name"": ""中国平安""}, {""ts_code"": ""03690.HK"", ""side"": ""buy"", ""current_weight"": 0.056700489156422854, ""target_weight"": 0.07774615805297967, ""post_trade_weight"": 0.07775274114125001, ""diff_weight"": 0.021045668896556822, ""gross_amount"": 0.021963640930286, ""gross_amount_pct_nav"": 0.021045668896556822, ""fee"": 6.5890922790858e-06, ""fee_pct_nav"": 6.313700668967046e-06, ""name"": ""美团-W""}, {""ts_code"": ""03968.HK"", ""side"": ""buy"", ""current_weight"": 0.0439103956960998, ""target_weight"": 0.06141265591060967, ""post_trade_weight"": 0.061417855973801214, ""diff_weight"": 0.017502260214509867, ""gross_amount"": 0.0182656755035625, ""gross_amount_pct_nav"": 0.017502260214509867, ""fee"": 5.479702651068749e-06, ""fee_pct_nav"": 5.250678064352959e-06, ""name"": ""招商银行""}, {""ts_code"": ""06808.HK"", ""side"": ""buy"", ""current_weight"": 0.03223738532396387, ""target_weight"": 0.052283047187853066, ""post_trade_weight"": 0.05228747420937155, ""diff_weight"": 0.020045661863889196, ""gross_amount"": 0.020920015493564155, ""gross_amount_pct_nav"": 0.020045661863889196, ""fee"": 6.276004648069246e-06, ""fee_pct_nav"": 6.013698559166759e-06, ""name"": ""高鑫零售""}]",2020-06-05,2020-06-05,2020-06-08,risk_on
2020-06-12,0.00000000,0.00000000,0.00000000,0.00000000,0.00000000,0.00000000,0.00000000,0.00000000,weekly_portfolio_overlay,,2020-06-12,2020-06-12,2020-06-15,risk_on
2020-06-19,0.14792102,0.29584204,0.00000000,0.31734932,0.00009520,0.00000000,0.00009520,0.00000000,weekly_portfolio_overlay,"[{""ts_code"": ""00388.HK"", ""side"": ""sell"", ""current_weight"": 0.06107774942605091, ""target_weight"": 0.04129420287024778, ""post_trade_weight"": 0.0412978681639172, ""diff_weight"": -0.019783546555803132, ""gross_amount"": 0.021221781535889557, ""gross_amount_pct_nav"": 0.019783546555803132, ""fee"": 6.366534460766866e-06, ""fee_pct_nav"": 5.93506396674094e-06, ""name"": ""香港交易所""}, {""ts_code"": ""00586.HK"", ""side"": ""sell"", ""current_weight"": 0.04925845036860505, ""target_weight"": 0.036434644126298585, ""post_trade_weight"": 0.03643787808315407, ""diff_weight"": -0.012823806242306463, ""gross_amount"": 0.013756078252459551, ""gross_amount_pct_nav"": 0.012823806242306463, ""fee"": 4.126823475737865e-06, ""fee_pct_nav"": 3.847141872691939e-06, ""name"": ""海螺创业""}, {""ts_code"": ""00700.HK"", ""side"": ""sell"", ""current_weight"": 0.1931069365301064, ""target_weight"": 0.12598881717088858, ""post_trade_weight"": 0.12600000000000008, ""diff_weight"": -0.06711811935921783, ""gross_amount"": 0.07199750874411692, ""gross_amount_pct_nav"": 0.06711811935921783, ""fee"": 2.1599252623235076e-05, ""fee_pct_nav"": 2.0135435807765346e-05, ""name"": ""腾讯控股""}, {""ts_code"": ""00914.HK"", ""side"": ""sell"", ""current_weight"": 0.06377611241352002, ""target_weight"": 0.04777708418976398, ""post_trade_weight"": 0.04778132490715413, ""diff_weight"": -0.015999028223756043, ""gross_amount"": 0.017162134240864296, ""gross_amount_pct_nav"": 0.015999028223756043, ""fee"": 5.148640272259288e-06, ""fee_pct_nav"": 4.799708467126812e-06, ""name"": ""海螺水泥""}, {""ts_code"": ""01177.HK"", ""side"": ""sell"", ""current_weight"": 0.04815129966112086, ""target_weight"": 0.03296515888203132, ""post_trade_weight"": 0.032968084885677436, ""diff_weight"": -0.015186140779089538, ""gross_amount"": 0.016290151064575827, ""gross_amount_pct_nav"": 0.015186140779089538, ""fee"": 4.887045319372748e-06, ""fee_pct_nav"": 4.555842233726862e-06, ""name"": ""中国生物制药""}, {""ts_code"": ""01288.HK"", ""side"": ""sell"", ""current_weight"": 0.09958703970361572, ""target_weight"": 0.07165313175015353, ""post_trade_weight"": 0.07165949171721775, ""diff_weight"": -0.0279339079534622, ""gross_amount"": 0.029964662319766605, ""gross_amount_pct_nav"": 0.0279339079534622, ""fee"": 8.989398695929981e-06, ""fee_pct_nav"": 8.380172386038659e-06, ""name"": ""农业银行""}, {""ts_code"": ""01299.HK"", ""side"": ""sell"", ""current_weight"": 0.04589676725837207, ""target_weight"": 0.035673402010501974, ""post_trade_weight"": 0.03567656839913445, ""diff_weight"": -0.010223365247870101, ""gross_amount"": 0.010966588990499487, ""gross_amount_pct_nav"": 0.010223365247870101, ""fee"": 3.289976697149846e-06, ""fee_pct_nav"": 3.0670095743610302e-06, ""name"": ""友邦保险""}, {""ts_code"": ""01658.HK"", ""side"": ""sell"", ""current_weight"": 0.05416807061380721, ""target_weight"": 0.04218621475526253, ""post_trade_weight"": 0.0421899592243437, ""diff_weight"": -0.01198185585854468, ""gross_amount"": 0.01285291930379219, ""gross_amount_pct_nav"": 0.01198185585854468, ""fee"": 3.855875791137657e-06, ""fee_pct_nav"": 3.5945567575634036e-06, ""name"": ""邮储银行""}, {""ts_code"": ""01988.HK"", ""side"": ""sell"", ""current_weight"": 0.05806752819291049, ""target_weight"": 0.042352061356034344, ""post_trade_weight"": 0.04235582054574102, ""diff_weight"": -0.015715466836876153, ""gross_amount"": 0.016857958354735643, ""gross_amount_pct_nav"": 0.015715466836876153, ""fee"": 5.057387506420693e-06, ""fee_pct_nav"": 4.714640051062845e-06, ""name"": ""民生银行""}, {""ts_code"": ""02269.HK"", ""side"": ""sell"", ""current_weight"": 0.0528640172767352, ""target_weight"": 0.03435837086330877, ""post_trade_weight"": 0.03436142052913263, ""diff_weight"": -0.018505646413426436, ""gross_amount"": 0.0198509799169935, ""gross_amount_pct_nav"": 0.018505646413426436, ""fee"": 5.955293975098049e-06, ""fee_pct_nav"": 5.55169392402793e-06, ""name"": ""药明生物""}, {""ts_code"": ""02318.HK"", ""side"": ""sell"", ""current_weight"": 0.0740061193100626, ""target_weight"": 0.055246029952758034, ""post_trade_weight"": 0.05525093361743181, ""diff_weight"": -0.018760089357304565, ""gross_amount"": 0.020123920491783735, ""gross_amount_pct_nav"": 0.018760089357304565, ""fee"": 6.03717614753512e-06, ""fee_pct_nav"": 5.628026807191369e-06, ""name"": ""中国平安""}, {""ts_code"": ""03690.HK"", ""side"": ""sell"", ""current_weight"": 0.0833098351886915, ""target_weight"": 0.05442208826766885, ""post_trade_weight"": 0.05442691879887516, ""diff_weight"": -0.02888774692102265, ""gross_amount"": 0.030987843989084066, ""gross_amount_pct_nav"": 0.02888774692102265, ""fee"": 9.296353196725219e-06, ""fee_pct_nav"": 8.666324076306795e-06, ""name"": ""美团-W""}, {""ts_code"": ""03968.HK"", ""side"": ""sell"", ""current_weight"": 0.05495273750654932, ""target_weight"": 0.042988683485062344, ""post_trade_weight"": 0.04299249918166096, ""diff_weight"": -0.011964054021486974, ""gross_amount"": 0.012833823299144564, ""gross_amount_pct_nav"": 0.011964054021486974, ""fee"": 3.850146989743369e-06, ""fee_pct_nav"": 3.589216206446091e-06, ""name"": ""招商银行""}, {""ts_code"": ""06808.HK"", ""side"": ""sell"", ""current_weight"": 0.057557249708995395, ""target_weight"": 0.036597983491622646, ""post_trade_weight"": 0.036601231946560175, ""diff_weight"": -0.020959266217372752, ""gross_amount"": 0.022482974302055217, ""gross_amount_pct_nav"": 0.020959266217372752, ""fee"": 6.744892290616565e-06, ""fee_pct_nav"": 6.2877798652118255e-06, ""name"": ""高鑫零售""}]",2020-06-19,2020-06-19,2020-06-22,caution
2020-06-26,0.00000000,0.00000000,0.00000000,0.00000000,0.00000000,0.00000000,0.00000000,0.00000000,weekly_portfolio_overlay,,2020-06-26,2020-06-26,2020-06-29,caution
2020-07-02,0.22419238,0.44838475,0.25583729,0.24271625,0.00014957,0.00007675,0.00007281,0.00000000,rebalance,"[{""ts_code"": ""00586.HK"", ""side"": ""sell"", ""current_weight"": 0.03515047949795741, ""target_weight"": 0.0, ""post_trade_weight"": 0.0, ""diff_weight"": -0.03515047949795741, ""gross_amount"": 0.03908338961395089, ""gross_amount_pct_nav"": 0.03515047949795741, ""fee"": 1.1725016884185267e-05, ""fee_pct_nav"": 1.054514384938722e-05, ""name"": ""海螺创业""}, {""ts_code"": ""00914.HK"", ""side"": ""sell"", ""current_weight"": 0.04906170246073367, ""target_weight"": 0.037828797181470364, ""post_trade_weight"": 0.03783388642282993, ""diff_weight"": -0.011232905279263308, ""gross_amount"": 0.01248973043316707, ""gross_amount_pct_nav"": 0.011232905279263308, ""fee"": 3.7469191299501206e-06, ""fee_pct_nav"": 3.3698715837789925e-06, ""name"": ""海螺水泥""}, {""ts_code"": ""00939.HK"", ""side"": ""buy"", ""current_weight"": 0.0, ""target_weight"": 0.06921639395839772, ""post_trade_weight"": 0.06922570588373343, ""diff_weight"": 0.06921639395839772, ""gross_amount"": 0.07696086458524626, ""gross_amount_pct_nav"": 0.06921639395839772, ""fee"": 2.3088259375573875e-05, ""fee_pct_nav"": 2.0764918187519316e-05, ""name"": ""建设银行""}, {""ts_code"": ""01177.HK"", ""side"": ""sell"", ""current_weight"": 0.032585035269871325, ""target_weight"": 0.0, ""post_trade_weight"": 0.0, ""diff_weight"": -0.032585035269871325, ""gross_amount"": 0.036230903453556514, ""gross_amount_pct_nav"": 0.032585035269871325, ""fee"": 1.0869271036066953e-05, ""fee_pct_nav"": 9.775510580961396e-06, ""name"": ""中国生物制药""}, {""ts_code"": ""01288.HK"", ""side"": ""sell"", ""current_weight"": 0.07316094318419934, ""target_weight"": 0.05363363157791497, ""post_trade_weight"": 0.05364084709932795, ""diff_weight"": -0.01952731160628438, ""gross_amount"": 0.02171217970627646, ""gross_amount_pct_nav"": 0.01952731160628438, ""fee"": 6.513653911882937e-06, ""fee_pct_nav"": 5.8581934818853125e-06, ""name"": ""农业银行""}, {""ts_code"": ""01299.HK"", ""side"": ""sell"", ""current_weight"": 0.035169332912846275, ""target_weight"": 0.0, ""post_trade_weight"": 0.0, ""diff_weight"": -0.035169332912846275, ""gross_amount"": 0.03910435249611294, ""gross_amount_pct_nav"": 0.035169332912846275, ""fee"": 1.1731305748833881e-05, ""fee_pct_nav"": 1.0550799873853883e-05, ""name"": ""友邦保险""}, {""ts_code"": ""01398.HK"", ""side"": ""buy"", ""current_weight"": 0.0, ""target_weight"": 0.056383101824345506, ""post_trade_weight"": 0.05639068724167741, ""diff_weight"": 0.056383101824345506, ""gross_amount"": 0.06269168351948128, ""gross_amount_pct_nav"": 0.056383101824345506, ""fee"": 1.880750505584438e-05, ""fee_pct_nav"": 1.691493054730365e-05, ""name"": ""工商银行""}, {""ts_code"": ""01658.HK"", ""side"": ""sell"", ""current_weight"": 0.040028463869950986, ""target_weight"": 0.0, ""post_trade_weight"": 0.0, ""diff_weight"": -0.040028463869950986, ""gross_amount"": 0.04450716096684146, ""gross_amount_pct_nav"": 0.040028463869950986, ""fee"": 1.3352148290052436e-05, ""fee_pct_nav"": 1.2008539160985295e-05, ""name"": ""邮储银行""}, {""ts_code"": ""01988.HK"", ""side"": ""sell"", ""current_weight"": 0.04459850420054821, ""target_weight"": 0.0, ""post_trade_weight"": 0.0, ""diff_weight"": -0.04459850420054821, ""gross_amount"": 0.04958853309442735, ""gross_amount_pct_nav"": 0.04459850420054821, ""fee"": 1.4876559928328204e-05, ""fee_pct_nav"": 1.337955126016446e-05, ""name"": ""民生银行""}, {""ts_code"": ""03692.HK"", ""side"": ""buy"", ""current_weight"": 0.0, ""target_weight"": 0.03569548574656846, ""post_trade_weight"": 0.035700287986024815, ""diff_weight"": 0.03569548574656846, ""gross_amount"": 0.03968937541729509, ""gross_amount_pct_nav"": 0.03569548574656846, ""fee"": 1.1906812625188527e-05, ""fee_pct_nav"": 1.0708645723970538e-05, ""name"": ""翰森制药""}, {""ts_code"": ""03988.HK"", ""side"": ""buy"", ""current_weight"": 0.0, ""target_weight"": 0.036224257668006396, ""post_trade_weight"": 0.03622913104501226, ""diff_weight"": 0.036224257668006396, ""gross_amount"": 0.04027731047017758, ""gross_amount_pct_nav"": 0.036224257668006396, ""fee"": 1.2083193141053273e-05, ""fee_pct_nav"": 1.086727730040192e-05, ""name"": ""中国银行""}, {""ts_code"": ""06098.HK"", ""side"": ""buy"", ""current_weight"": 0.0, ""target_weight"": 0.03257348239518055, ""post_trade_weight"": 0.032577864620526906, ""diff_weight"": 0.03257348239518055, ""gross_amount"": 0.03621805795303562, ""gross_amount_pct_nav"": 0.03257348239518055, ""fee"": 1.0865417385910685e-05, ""fee_pct_nav"": 9.772044718554164e-06, ""name"": ""碧桂园服务""}]",,,,
2020-07-03,0.13455537,0.26911074,0.30841787,0.00000000,0.00009253,0.00009253,0.00000000,0.00000000,weekly_portfolio_overlay,"[{""ts_code"": ""00388.HK"", ""side"": ""buy"", ""current_weight"": 0.04383529296158449, ""target_weight"": 0.06170334799641563, ""post_trade_weight"": 0.06170832990868452, ""diff_weight"": 0.01786805503483114, ""gross_amount"": 0.020477917233755506, ""gross_amount_pct_nav"": 0.01786805503483114, ""fee"": 6.143375170126652e-06, ""fee_pct_nav"": 5.360416510449341e-06, ""name"": ""香港交易所""}, {""ts_code"": ""00700.HK"", ""side"": ""buy"", ""current_weight"": 0.12931414681066813, ""target_weight"": 0.1799854680201238, ""post_trade_weight"": 0.17999999999999958, ""diff_weight"": 0.050671321209455666, ""gross_amount"": 0.058072527750196695, ""gross_amount_pct_nav"": 0.050671321209455666, ""fee"": 1.742175832505901e-05, ""fee_pct_nav"": 1.52013963628367e-05, ""name"": ""腾讯控股""}, {""ts_code"": ""00914.HK"", ""side"": ""buy"", ""current_weight"": 0.03792296591777842, ""target_weight"": 0.054044045673267226, ""post_trade_weight"": 0.054048409175458646, ""diff_weight"": 0.01612107975548881, ""gross_amount"": 0.01847577345761131, ""gross_amount_pct_nav"": 0.01612107975548881, ""fee"": 5.542732037283393e-06, ""fee_pct_nav"": 4.836323926646643e-06, ""name"": ""海螺水泥""}, {""ts_code"": ""00939.HK"", ""side"": ""buy"", ""current_weight"": 0.07195971362559617, ""target_weight"": 0.09888588152781193, ""post_trade_weight"": 0.09889386554816738, ""diff_weight"": 0.026926167902215758, ""gross_amount"": 0.030859085482383017, ""gross_amount_pct_nav"": 0.026926167902215758, ""fee"": 9.257725644714904e-06, ""fee_pct_nav"": 8.077850370664726e-06, ""name"": ""建设银行""}, {""ts_code"": ""01288.HK"", ""side"": ""buy"", ""current_weight"": 0.05669774544883076, ""target_weight"": 0.07662359500131904, ""post_trade_weight"": 0.07662978157045051, ""diff_weight"": 0.01992584955248828, ""gross_amount"": 0.022836279446907096, ""gross_amount_pct_nav"": 0.01992584955248828, ""fee"": 6.850883834072128e-06, ""fee_pct_nav"": 5.977754865746483e-06, ""name"": ""农业银行""}, {""ts_code"": ""01398.HK"", ""side"": ""buy"", ""current_weight"": 0.058338459683775504, ""target_weight"": 0.08055162091402679, ""post_trade_weight"": 0.08055812463094883, ""diff_weight"": 0.022213161230251282, ""gross_amount"": 0.025457682791240138, ""gross_amount_pct_nav"": 0.022213161230251282, ""fee"": 7.637304837372042e-06, ""fee_pct_nav"": 6.6639483690753845e-06, ""name"": ""工商银行""}, {""ts_code"": ""02269.HK"", ""side"": ""buy"", ""current_weight"": 0.032416882708868014, ""target_weight"": 0.04875153231960087, ""post_trade_weight"": 0.04875546850564063, ""diff_weight"": 0.016334649610732853, ""gross_amount"": 0.01872053797231575, ""gross_amount_pct_nav"": 0.016334649610732853, ""fee"": 5.6161613916947245e-06, ""fee_pct_nav"": 4.900394883219856e-06, ""name"": ""药明生物""}, {""ts_code"": ""02318.HK"", ""side"": ""buy"", ""current_weight"": 0.0564971098074944, ""target_weight"": 0.0666336085484943, ""post_trade_weight"": 0.06663898852871786, ""diff_weight"": 0.010136498740999892, ""gross_amount"": 0.011617066426850994, ""gross_amount_pct_nav"": 0.010136498740999892, ""fee"": 3.485119928055298e-06, ""fee_pct_nav"": 3.0409496222999676e-06, ""name"": ""中国平安""}, {""ts_code"": ""03690.HK"", ""side"": ""buy"", ""current_weight"": 0.05706283894329149, ""target_weight"": 0.07484034955668051, ""post_trade_weight"": 0.07484639214703859, ""diff_weight"": 0.017777510613389006, ""gross_amount"": 0.02037414762007031, ""gross_amount_pct_nav"": 0.017777510613389006, ""fee"": 6.1122442860210924e-06, ""fee_pct_nav"": 5.333253184016702e-06, ""name"": ""美团-W""}, {""ts_code"": ""03692.HK"", ""side"": ""buy"", ""current_weight"": 0.03429521796692034, ""target_weight"": 0.050996293981082436, ""post_trade_weight"": 0.05100041140859491, ""diff_weight"": 0.0167010760141621, ""gross_amount"": 0.019140485725278204, ""gross_amount_pct_nav"": 0.0167010760141621, ""fee"": 5.742145717583461e-06, ""fee_pct_nav"": 5.01032280424863e-06, ""name"": ""翰森制药""}, {""ts_code"": ""03968.HK"", ""side"": ""buy"", ""current_weight"": 0.051183626502778315, ""target_weight"": 0.06260268110081707, ""post_trade_weight"": 0.0626077356250069, ""diff_weight"": 0.011419054598038748, ""gross_amount"": 0.013086956274230135, ""gross_amount_pct_nav"": 0.011419054598038748, ""fee"": 3.926086882269041e-06, ""fee_pct_nav"": 3.4257163794116244e-06, ""name"": ""招商银行""}, {""ts_code"": ""03988.HK"", ""side"": ""buy"", ""current_weight"": 0.03760414671841209, ""target_weight"": 0.051751723072201695, ""post_trade_weight"": 0.051755901492862515, ""diff_weight"": 0.014147576353789609, ""gross_amount"": 0.01621401417593507, ""gross_amount_pct_nav"": 0.014147576353789609, ""fee"": 4.864204252780521e-06, ""fee_pct_nav"": 4.244272906136882e-06, ""name"": ""中国银行""}, {""ts_code"": ""06098.HK"", ""side"": ""buy"", ""current_weight"": 0.030492963153115556, ""target_weight"": 0.04653604929222545, ""post_trade_weight"": 0.046539806600741807, ""diff_weight"": 0.01604308613910989, ""gross_amount"": 0.018386387857563885, ""gross_amount_pct_nav"": 0.01604308613910989, ""fee"": 5.515916357269165e-06, ""fee_pct_nav"": 4.8129258417329666e-06, ""name"": ""碧桂园服务""}, {""ts_code"": ""06808.HK"", ""side"": ""buy"", ""current_weight"": 0.03318741808897894, ""target_weight"": 0.04601306977439903, ""post_trade_weight"": 0.046016784857685136, ""diff_weight"": 0.01282565168542009, ""gross_amount"": 0.014699005189486282, ""gross_amount_pct_nav"": 0.01282565168542009, ""fee"": 4.409701556845884e-06, ""fee_pct_nav"": 3.8476955056260265e-06, ""name"": ""高鑫零售""}]",2020-07-03,2020-07-03,2020-07-06,risk_on
2020-07-10,0.00000000,0.00000000,0.00000000,0.00000000,0.00000000,0.00000000,0.00000000,0.00000000,weekly_portfolio_overlay,,2020-07-10,2020-07-10,2020-07-13,risk_on
2020-07-17,0.00533043,0.01066085,0.00000000,0.01205243,0.00000362,0.00000000,0.00000362,0.00000000,weekly_portfolio_overlay,"[{""ts_code"": ""06098.HK"", ""side"": ""sell"", ""current_weight"": 0.05720051195653035, ""target_weight"": 0.046539657754514116, ""post_trade_weight"": 0.04653980660074194, ""diff_weight"": -0.010660854202016234, ""gross_amount"": 0.012052432429254627, ""gross_amount_pct_nav"": 0.010660854202016234, ""fee"": 3.6157297287763877e-06, ""fee_pct_nav"": 3.19825626060487e-06, ""name"": ""碧桂园服务""}]",2020-07-17,2020-07-17,2020-07-20,risk_on
2020-07-24,0.00000000,0.00000000,0.00000000,0.00000000,0.00000000,0.00000000,0.00000000,0.00000000,weekly_portfolio_overlay,,2020-07-24,2020-07-24,2020-07-27,risk_on
2020-08-03,0.11031514,0.22063029,0.13974273,0.10857825,0.00007450,0.00004192,0.00003257,0.00000000,rebalance,"[{""ts_code"": ""00960.HK"", ""side"": ""buy"", ""current_weight"": 0.0, ""target_weight"": 0.053992659843722986, ""post_trade_weight"": 0.053996233805098735, ""diff_weight"": 0.053992659843722986, ""gross_amount"": 0.06076912773777874, ""gross_amount_pct_nav"": 0.053992659843722986, ""fee"": 1.823073832133362e-05, ""fee_pct_nav"": 1.6197797953116893e-05, ""name"": ""龙湖集团""}, {""ts_code"": ""01398.HK"", ""side"": ""buy"", ""current_weight"": 0.07200961296613755, ""target_weight"": 0.09465308359828982, ""post_trade_weight"": 0.09465934901410476, ""diff_weight"": 0.022643470632152277, ""gross_amount"": 0.02548538937060489, ""gross_amount_pct_nav"": 0.022643470632152277, ""fee"": 7.645616811181467e-06, ""fee_pct_nav"": 6.793041189645683e-06, ""name"": ""工商银行""}, {""ts_code"": ""01833.HK"", ""side"": ""buy"", ""current_weight"": 0.0, ""target_weight"": 0.047523653545866754, ""post_trade_weight"": 0.04752679930128423, ""diff_weight"": 0.047523653545866754, ""gross_amount"": 0.05348821453237712, ""gross_amount_pct_nav"": 0.047523653545866754, ""fee"": 1.6046464359713135e-05, ""fee_pct_nav"": 1.4257096063760026e-05, ""name"": ""平安好医生""}, {""ts_code"": ""03968.HK"", ""side"": ""sell"", ""current_weight"": 0.05479131790768219, ""target_weight"": 0.0, ""post_trade_weight"": 0.0, ""diff_weight"": -0.05479131790768219, ""gross_amount"": 0.061668023144080646, ""gross_amount_pct_nav"": 0.05479131790768219, ""fee"": 1.850040694322419e-05, ""fee_pct_nav"": 1.6437395372304654e-05, ""name"": ""招商银行""}, {""ts_code"": ""06808.HK"", ""side"": ""sell"", ""current_weight"": 0.04167918552408594, ""target_weight"": 0.0, ""post_trade_weight"": 0.0, ""diff_weight"": -0.04167918552408594, ""gross_amount"": 0.046910223657266506, ""gross_amount_pct_nav"": 0.04167918552408594, ""fee"": 1.407306709717995e-05, ""fee_pct_nav"": 1.2503755657225782e-05, ""name"": ""高鑫零售""}]",,,,
2020-08-07,0.00000000,0.00000000,0.00000000,0.00000000,0.00000000,0.00000000,0.00000000,0.00000000,weekly_portfolio_overlay,,2020-08-07,2020-08-07,2020-08-10,risk_on
2020-08-14,0.00000000,0.00000000,0.00000000,0.00000000,0.00000000,0.00000000,0.00000000,0.00000000,weekly_portfolio_overlay,,2020-08-14,2020-08-14,2020-08-17,risk_on
2020-08-21,0.01582592,0.03165185,0.01258790,0.02458797,0.00001115,0.00000378,0.00000738,0.00000000,weekly_portfolio_overlay,"[{""ts_code"": ""01833.HK"", ""side"": ""buy"", ""current_weight"": 0.03680890044889647, ""target_weight"": 0.04752634800795516, ""post_trade_weight"": 0.04752679930127338, ""diff_weight"": 0.010717447559058695, ""gross_amount"": 0.012587904723882666, ""gross_amount_pct_nav"": 0.010717447559058695, ""fee"": 3.7763714171647995e-06, ""fee_pct_nav"": 3.2152342677176085e-06, ""name"": ""平安好医生""}, {""ts_code"": ""03690.HK"", ""side"": ""sell"", ""current_weight"": 0.10162576751913195, ""target_weight"": 0.08069136637688788, ""post_trade_weight"": 0.08069213259343955, ""diff_weight"": -0.020934401142244072, ""gross_amount"": 0.024587967011545947, ""gross_amount_pct_nav"": 0.020934401142244072, ""fee"": 7.376390103463783e-06, ""fee_pct_nav"": 6.280320342673221e-06, ""name"": ""美团-W""}]",2020-08-21,2020-08-21,2020-08-24,risk_on
2020-08-28,0.01787096,0.03574193,0.01173388,0.02975398,0.00001245,0.00000352,0.00000893,0.00000000,weekly_portfolio_overlay,"[{""ts_code"": ""00388.HK"", ""side"": ""sell"", ""current_weight"": 0.06743982155843233, ""target_weight"": 0.05693132864490208, ""post_trade_weight"": 0.05693193910206918, ""diff_weight"": -0.010508492913530244, ""gross_amount"": 0.012197855830958684, ""gross_amount_pct_nav"": 0.010508492913530244, ""fee"": 3.659356749287605e-06, ""fee_pct_nav"": 3.152547874059073e-06, ""name"": ""香港交易所""}, {""ts_code"": ""00939.HK"", ""side"": ""buy"", ""current_weight"": 0.08214275483134614, ""target_weight"": 0.09225153240542615, ""post_trade_weight"": 0.0922525215902998, ""diff_weight"": 0.010108777574080007, ""gross_amount"": 0.011733881584208322, ""gross_amount_pct_nav"": 0.010108777574080007, ""fee"": 3.5201644752624965e-06, ""fee_pct_nav"": 3.0326332722240017e-06, ""name"": ""建设银行""}, {""ts_code"": ""02269.HK"", ""side"": ""sell"", ""current_weight"": 0.06948921514552507, ""target_weight"": 0.054364558416815645, ""post_trade_weight"": 0.05436514135129322, ""diff_weight"": -0.015124656728709428, ""gross_amount"": 0.017556121870910546, ""gross_amount_pct_nav"": 0.015124656728709428, ""fee"": 5.266836561273163e-06, ""fee_pct_nav"": 4.537397018612828e-06, ""name"": ""药明生物""}]",2020-08-28,2020-08-28,2020-08-31,risk_on
2020-09-01,0.08084710,0.16169420,0.10370061,0.08489564,0.00005658,0.00003111,0.00002547,0.00000000,rebalance,"[{""ts_code"": ""00388.HK"", ""side"": ""buy"", ""current_weight"": 0.05818792037494471, ""target_weight"": 0.07521384233140901, ""post_trade_weight"": 0.07521749100106485, ""diff_weight"": 0.017025921956464303, ""gross_amount"": 0.0198586281261202, ""gross_amount_pct_nav"": 0.017025921956464303, ""fee"": 5.9575884378360594e-06, ""fee_pct_nav"": 5.10777658693929e-06, ""name"": ""香港交易所""}, {""ts_code"": ""00939.HK"", ""side"": ""sell"", ""current_weight"": 0.09180747529096504, ""target_weight"": 0.06954835157483723, ""post_trade_weight"": 0.06955172540805914, ""diff_weight"": -0.02225912371612781, ""gross_amount"": 0.025962509485370655, ""gross_amount_pct_nav"": 0.02225912371612781, ""fee"": 7.788752845611195e-06, ""fee_pct_nav"": 6.677737114838342e-06, ""name"": ""建设银行""}, {""ts_code"": ""01810.HK"", ""side"": ""buy"", ""current_weight"": 0.0, ""target_weight"": 0.053569417639754466, ""post_trade_weight"": 0.053572016325083724, ""diff_weight"": 0.053569417639754466, ""gross_amount"": 0.06248208740536395, ""gross_amount_pct_nav"": 0.053569417639754466, ""fee"": 1.8744626221609184e-05, ""fee_pct_nav"": 1.6070825291926338e-05, ""name"": ""小米集团-W""}, {""ts_code"": ""03690.HK"", ""side"": ""buy"", ""current_weight"": 0.08088824408537457, ""target_weight"": 0.09920128597042592, ""post_trade_weight"": 0.09920609828569558, ""diff_weight"": 0.018313041885051347, ""gross_amount"": 0.0213598940241366, ""gross_amount_pct_nav"": 0.018313041885051347, ""fee"": 6.407968207240979e-06, ""fee_pct_nav"": 5.493912565515403e-06, ""name"": ""美团-W""}, {""ts_code"": ""03692.HK"", ""side"": ""sell"", ""current_weight"": 0.05052669683313838, ""target_weight"": 0.0, ""post_trade_weight"": 0.0, ""diff_weight"": -0.05052669683313838, ""gross_amount"": 0.058933130635521844, ""gross_amount_pct_nav"": 0.05052669683313838, ""fee"": 1.7679939190656552e-05, ""fee_pct_nav"": 1.5158009049941514e-05, ""name"": ""翰森制药""}]",,,,
2020-09-04,0.00000000,0.00000000,0.00000000,0.00000000,0.00000000,0.00000000,0.00000000,0.00000000,weekly_portfolio_overlay,,2020-09-04,2020-09-04,2020-09-07,risk_on
2020-09-11,0.00000000,0.00000000,0.00000000,0.00000000,0.00000000,0.00000000,0.00000000,0.00000000,weekly_portfolio_overlay,,2020-09-11,2020-09-11,2020-09-14,risk_on
2020-09-18,0.00000000,0.00000000,0.00000000,0.00000000,0.00000000,0.00000000,0.00000000,0.00000000,weekly_portfolio_overlay,,2020-09-18,2020-09-18,2020-09-21,risk_on
2020-09-25,0.00000000,0.00000000,0.00000000,0.00000000,0.00000000,0.00000000,0.00000000,0.00000000,weekly_portfolio_overlay,,2020-09-25,2020-09-25,2020-09-28,risk_on
2020-10-05,0.24045887,0.48091775,0.25919222,0.26845352,0.00015829,0.00007776,0.00008054,0.00000000,rebalance,"[{""ts_code"": ""00241.HK"", ""side"": ""buy"", ""current_weight"": 0.0, ""target_weight"": 0.04942188425933793, ""post_trade_weight"": 0.049429015646564614, ""diff_weight"": 0.04942188425933793, ""gross_amount"": 0.05422392331375383, ""gross_amount_pct_nav"": 0.04942188425933793, ""fee"": 1.6267176994126148e-05, ""fee_pct_nav"": 1.4826565277801378e-05, ""name"": ""阿里健康""}, {""ts_code"": ""00669.HK"", ""side"": ""buy"", ""current_weight"": 0.0, ""target_weight"": 0.05371198606743624, ""post_trade_weight"": 0.05371973649980242, ""diff_weight"": 0.05371198606743624, ""gross_amount"": 0.05893086953680412, ""gross_amount_pct_nav"": 0.05371198606743624, ""fee"": 1.7679260861041235e-05, ""fee_pct_nav"": 1.611359582023087e-05, ""name"": ""创科实业""}, {""ts_code"": ""00914.HK"", ""side"": ""sell"", ""current_weight"": 0.051968259249780664, ""target_weight"": 0.0, ""post_trade_weight"": 0.0, ""diff_weight"": -0.051968259249780664, ""gross_amount"": 0.05701771485527603, ""gross_amount_pct_nav"": 0.051968259249780664, ""fee"": 1.7105314456582806e-05, ""fee_pct_nav"": 1.5590477774934197e-05, ""name"": ""海螺水泥""}, {""ts_code"": ""01211.HK"", ""side"": ""buy"", ""current_weight"": 0.0, ""target_weight"": 0.04769448510600296, ""post_trade_weight"": 0.04770136723619621, ""diff_weight"": 0.04769448510600296, ""gross_amount"": 0.05232868276138697, ""gross_amount_pct_nav"": 0.04769448510600296, ""fee"": 1.5698604828416088e-05, ""fee_pct_nav"": 1.4308345531800886e-05, ""name"": ""比亚迪股份""}, {""ts_code"": ""01288.HK"", ""side"": ""sell"", ""current_weight"": 0.06028880233870997, ""target_weight"": 0.0, ""post_trade_weight"": 0.0, ""diff_weight"": -0.06028880233870997, ""gross_amount"": 0.06614671706035972, ""gross_amount_pct_nav"": 0.06028880233870997, ""fee"": 1.9844015118107915e-05, ""fee_pct_nav"": 1.808664070161299e-05, ""name"": ""农业银行""}, {""ts_code"": ""01398.HK"", ""side"": ""sell"", ""current_weight"": 0.08532006113362597, ""target_weight"": 0.0, ""post_trade_weight"": 0.0, ""diff_weight"": -0.08532006113362597, ""gross_amount"": 0.09361011870283757, ""gross_amount_pct_nav"": 0.08532006113362597, ""fee"": 2.808303561085127e-05, ""fee_pct_nav"": 2.559601834008779e-05, ""name"": ""工商银行""}, {""ts_code"": ""01810.HK"", ""side"": ""buy"", ""current_weight"": 0.046270826997458464, ""target_weight"": 0.06792558807358602, ""post_trade_weight"": 0.06793538947388494, ""diff_weight"": 0.021654761076127557, ""gross_amount"": 0.02375882914152031, ""gross_amount_pct_nav"": 0.021654761076127557, ""fee"": 7.127648742456093e-06, ""fee_pct_nav"": 6.496428322838266e-06, ""name"": ""小米集团-W""}, {""ts_code"": ""03690.HK"", ""side"": ""buy"", ""current_weight"": 0.09796621017519, ""target_weight"": 0.1110108385693946, ""post_trade_weight"": 0.11102685700511518, ""diff_weight"": 0.013044628394204606, ""gross_amount"": 0.014312099595233885, ""gross_amount_pct_nav"": 0.013044628394204606, ""fee"": 4.293629878570165e-06, ""fee_pct_nav"": 3.913388518261381e-06, ""name"": ""美团-W""}, {""ts_code"": ""03692.HK"", ""side"": ""buy"", ""current_weight"": 0.0, ""target_weight"": 0.050710564669666974, ""post_trade_weight"": 0.05071788200850508, ""diff_weight"": 0.050710564669666974, ""gross_amount"": 0.055637817356703353, ""gross_amount_pct_nav"": 0.050710564669666974, ""fee"": 1.6691345207011004e-05, ""fee_pct_nav"": 1.521316940090009e-05, ""name"": ""翰森制药""}, {""ts_code"": ""03988.HK"", ""side"": ""sell"", ""current_weight"": 0.047102312974349594, ""target_weight"": 0.0, ""post_trade_weight"": 0.0, ""diff_weight"": -0.047102312974349594, ""gross_amount"": 0.051678972683826596, ""gross_amount_pct_nav"": 0.047102312974349594, ""fee"": 1.550369180514798e-05, ""fee_pct_nav"": 1.4130693892304879e-05, ""name"": ""中国银行""}]",,,,
2020-10-09,0.00000000,0.00000000,0.00000000,0.00000000,0.00000000,0.00000000,0.00000000,0.00000000,weekly_portfolio_overlay,,2020-10-09,2020-10-09,2020-10-12,risk_on
2020-10-16,0.00778505,0.01557011,0.00000000,0.01773292,0.00000532,0.00000000,0.00000532,0.00000000,weekly_portfolio_overlay,"[{""ts_code"": ""00700.HK"", ""side"": ""sell"", ""current_weight"": 0.19556926609860203, ""target_weight"": 0.17999915921423068, ""post_trade_weight"": 0.18000000000000246, ""diff_weight"": -0.015570106884371347, ""gross_amount"": 0.017732922937112844, ""gross_amount_pct_nav"": 0.015570106884371347, ""fee"": 5.319876881133852e-06, ""fee_pct_nav"": 4.671032065311404e-06, ""name"": ""腾讯控股""}]",2020-10-16,2020-10-16,2020-10-19,risk_on
2020-10-23,0.00555352,0.01110704,0.01282196,0.00000000,0.00000385,0.00000385,0.00000000,0.00000000,weekly_portfolio_overlay,"[{""ts_code"": ""06098.HK"", ""side"": ""buy"", ""current_weight"": 0.0478563049772182, ""target_weight"": 0.05896334462861372, ""post_trade_weight"": 0.05896354110173041, ""diff_weight"": 0.011107039651395518, ""gross_amount"": 0.012821957840979892, ""gross_amount_pct_nav"": 0.011107039651395518, ""fee"": 3.8465873522939675e-06, ""fee_pct_nav"": 3.3321118954186552e-06, ""name"": ""碧桂园服务""}]",2020-10-23,2020-10-23,2020-10-27,risk_on
2020-11-02,0.18508303,0.37016606,0.22770233,0.21238669,0.00013203,0.00006831,0.00006372,0.00000000,rebalance,"[{""ts_code"": ""00241.HK"", ""side"": ""sell"", ""current_weight"": 0.04822162073646043, ""target_weight"": 0.0, ""post_trade_weight"": 0.0, ""diff_weight"": -0.04822162073646043, ""gross_amount"": 0.05733050225360432, ""gross_amount_pct_nav"": 0.04822162073646043, ""fee"": 1.7199150676081295e-05, ""fee_pct_nav"": 1.4466486220938127e-05, ""name"": ""阿里健康""}, {""ts_code"": ""00868.HK"", ""side"": ""buy"", ""current_weight"": 0.0, ""target_weight"": 0.04540385223330835, ""post_trade_weight"": 0.04540889488277349, ""diff_weight"": 0.04540385223330835, ""gross_amount"": 0.053980467952539204, ""gross_amount_pct_nav"": 0.04540385223330835, ""fee"": 1.619414038576176e-05, ""fee_pct_nav"": 1.3621155669992505e-05, ""name"": ""信义玻璃""}, {""ts_code"": ""00939.HK"", ""side"": ""sell"", ""current_weight"": 0.06890819362386948, ""target_weight"": 0.0, ""post_trade_weight"": 0.0, ""diff_weight"": -0.06890819362386948, ""gross_amount"": 0.0819246904087992, ""gross_amount_pct_nav"": 0.06890819362386948, ""fee"": 2.4577407122639758e-05, ""fee_pct_nav"": 2.0672458087160843e-05, ""name"": ""建设银行""}, {""ts_code"": ""01833.HK"", ""side"": ""sell"", ""current_weight"": 0.043523260138423364, ""target_weight"": 0.0, ""post_trade_weight"": 0.0, ""diff_weight"": -0.043523260138423364, ""gross_amount"": 0.05174463913369581, ""gross_amount_pct_nav"": 0.043523260138423364, ""fee"": 1.5523391740108743e-05, ""fee_pct_nav"": 1.3056978041527009e-05, ""name"": ""平安好医生""}, {""ts_code"": ""02313.HK"", ""side"": ""buy"", ""current_weight"": 0.0, ""target_weight"": 0.04590935436405252, ""post_trade_weight"": 0.045914453155671324, ""diff_weight"": 0.04590935436405252, ""gross_amount"": 0.05458145752118549, ""gross_amount_pct_nav"": 0.04590935436405252, ""fee"": 1.6374437256355644e-05, ""fee_pct_nav"": 1.3772806309215753e-05, ""name"": ""申洲国际""}, {""ts_code"": ""02318.HK"", ""side"": ""buy"", ""current_weight"": 0.06045972990814878, ""target_weight"": 0.07431415580075931, ""post_trade_weight"": 0.07432240929070716, ""diff_weight"": 0.013854425892610532, ""gross_amount"": 0.016471474469918534, ""gross_amount_pct_nav"": 0.013854425892610532, ""fee"": 4.94144234097556e-06, ""fee_pct_nav"": 4.156327767783159e-06, ""name"": ""中国平安""}, {""ts_code"": ""02359.HK"", ""side"": ""buy"", ""current_weight"": 0.0, ""target_weight"": 0.06959739150348118, ""post_trade_weight"": 0.06960512113944327, ""diff_weight"": 0.06959739150348118, ""gross_amount"": 0.08274407515752422, ""gross_amount_pct_nav"": 0.06959739150348118, ""fee"": 2.4823222547257264e-05, ""fee_pct_nav"": 2.087921745104435e-05, ""name"": ""药明康德""}, {""ts_code"": ""03692.HK"", ""side"": ""buy"", ""current_weight"": 0.04258081172032716, ""target_weight"": 0.05933993256236344, ""post_trade_weight"": 0.05934652298287797, ""diff_weight"": 0.016759120842036283, ""gross_amount"": 0.019924855293723454, ""gross_amount_pct_nav"": 0.016759120842036283, ""fee"": 5.977456588117036e-06, ""fee_pct_nav"": 5.027736252610884e-06, ""name"": ""翰森制药""}, {""ts_code"": ""06098.HK"", ""side"": ""sell"", ""current_weight"": 0.059333068266109325, ""target_weight"": 0.04134423106330027, ""post_trade_weight"": 0.041348822842508494, ""diff_weight"": -0.01798883720280905, ""gross_amount"": 0.021386860417480565, ""gross_amount_pct_nav"": 0.01798883720280905, ""fee"": 6.416058125244169e-06, ""fee_pct_nav"": 5.396651160842715e-06, ""name"": ""碧桂园服务""}]",,,,
2020-11-06,0.00000000,0.00000000,0.00000000,0.00000000,0.00000000,0.00000000,0.00000000,0.00000000,weekly_portfolio_overlay,,2020-11-06,2020-11-06,2020-11-09,risk_on
2020-11-13,0.08496369,0.16992738,0.07261461,0.16691693,0.00007186,0.00002178,0.00005008,0.00000000,weekly_portfolio_overlay,"[{""ts_code"": ""00388.HK"", ""side"": ""buy"", ""current_weight"": 0.059046246095132524, ""target_weight"": 0.07421718539769485, ""post_trade_weight"": 0.07422096905007564, ""diff_weight"": 0.015170939302562329, ""gross_amount"": 0.021385126480381544, ""gross_amount_pct_nav"": 0.015170939302562329, ""fee"": 6.415537944114462e-06, ""fee_pct_nav"": 4.551281790768698e-06, ""name"": ""香港交易所""}, {""ts_code"": ""00700.HK"", ""side"": ""buy"", ""current_weight"": 0.15462712416696803, ""target_weight"": 0.17999082392172072, ""post_trade_weight"": 0.18000000000008856, ""diff_weight"": 0.025363699754752687, ""gross_amount"": 0.0357529561254126, ""gross_amount_pct_nav"": 0.025363699754752687, ""fee"": 1.0725886837623778e-05, ""fee_pct_nav"": 7.6091099264258055e-06, ""name"": ""腾讯控股""}, {""ts_code"": ""02269.HK"", ""side"": ""sell"", ""current_weight"": 0.16806872208388549, ""target_weight"": 0.04965526971809503, ""post_trade_weight"": 0.04965780118406858, ""diff_weight"": -0.11841345236579046, ""gross_amount"": 0.16691693278301944, ""gross_amount_pct_nav"": 0.11841345236579046, ""fee"": 5.007507983490583e-05, ""fee_pct_nav"": 3.5524035709737136e-05, ""name"": ""药明生物""}, {""ts_code"": ""03690.HK"", ""side"": ""buy"", ""current_weight"": 0.11192545006347532, ""target_weight"": 0.12290473582248874, ""post_trade_weight"": 0.12291100160572765, ""diff_weight"": 0.010979285759013429, ""gross_amount"": 0.015476524553828919, ""gross_amount_pct_nav"": 0.010979285759013429, ""fee"": 4.6429573661486754e-06, ""fee_pct_nav"": 3.2937857277040285e-06, ""name"": ""美团-W""}]",2020-11-13,2020-11-13,2020-11-16,risk_on
2020-11-20,0.00616443,0.01232887,0.01738740,0.00000000,0.00000522,0.00000522,0.00000000,0.00000000,weekly_portfolio_overlay,"[{""ts_code"": ""02359.HK"", ""side"": ""buy"", ""current_weight"": 0.05727599746230443, ""target_weight"": 0.06960486369373048, ""post_trade_weight"": 0.06960512113939875, ""diff_weight"": 0.01232886623142605, ""gross_amount"": 0.017387404594530476, ""gross_amount_pct_nav"": 0.01232886623142605, ""fee"": 5.216221378359142e-06, ""fee_pct_nav"": 3.6986598694278146e-06, ""name"": ""药明康德""}]",2020-11-20,2020-11-20,2020-11-23,risk_on
2020-11-27,0.00000000,0.00000000,0.00000000,0.00000000,0.00000000,0.00000000,0.00000000,0.00000000,weekly_portfolio_overlay,,2020-11-27,2020-11-27,2020-11-30,risk_on
2020-12-01,0.21222601,0.42445202,0.32231013,0.26708901,0.00017682,0.00009669,0.00008013,0.00000000,rebalance,"[{""ts_code"": ""00868.HK"", ""side"": ""sell"", ""current_weight"": 0.04167055974452652, ""target_weight"": 0.0, ""post_trade_weight"": 0.0, ""diff_weight"": -0.04167055974452652, ""gross_amount"": 0.057864237085752425, ""gross_amount_pct_nav"": 0.04167055974452652, ""fee"": 1.7359271125725726e-05, ""fee_pct_nav"": 1.2501167923357954e-05, ""name"": ""信义玻璃""}, {""ts_code"": ""02269.HK"", ""side"": ""sell"", ""current_weight"": 0.04656571068483836, ""target_weight"": 0.0, ""post_trade_weight"": 0.0, ""diff_weight"": -0.04656571068483836, ""gross_amount"": 0.06466170216223137, ""gross_amount_pct_nav"": 0.04656571068483836, ""fee"": 1.939851064866941e-05, ""fee_pct_nav"": 1.3969713205451507e-05, ""name"": ""药明生物""}, {""ts_code"": ""02313.HK"", ""side"": ""buy"", ""current_weight"": 0.03880630847882657, ""target_weight"": 0.049004654525700776, ""post_trade_weight"": 0.049010895357699986, ""diff_weight"": 0.010198346046874203, ""gross_amount"": 0.014161545156983112, ""gross_amount_pct_nav"": 0.010198346046874203, ""fee"": 4.248463547094933e-06, ""fee_pct_nav"": 3.059503814062261e-06, ""name"": ""申洲国际""}, {""ts_code"": ""02359.HK"", ""side"": ""sell"", ""current_weight"": 0.06867807250585393, ""target_weight"": 0.05290223878554662, ""post_trade_weight"": 0.05290897598199945, ""diff_weight"": -0.01577583372030731, ""gross_amount"": 0.02190651117272728, ""gross_amount_pct_nav"": 0.01577583372030731, ""fee"": 6.571953351818184e-06, ""fee_pct_nav"": 4.7327501160921925e-06, ""name"": ""药明康德""}, {""ts_code"": ""03692.HK"", ""side"": ""sell"", ""current_weight"": 0.054139436168657185, ""target_weight"": 0.0, ""post_trade_weight"": 0.0, ""diff_weight"": -0.054139436168657185, ""gross_amount"": 0.07517866784987519, ""gross_amount_pct_nav"": 0.054139436168657185, ""fee"": 2.2553600354962554e-05, ""fee_pct_nav"": 1.6241830850597153e-05, ""name"": ""翰森制药""}, {""ts_code"": ""03968.HK"", ""side"": ""buy"", ""current_weight"": 0.0, ""target_weight"": 0.06448613617371605, ""post_trade_weight"": 0.0644943486005974, ""diff_weight"": 0.06448613617371605, ""gross_amount"": 0.08954621908552958, ""gross_amount_pct_nav"": 0.06448613617371605, ""fee"": 2.6863865725658872e-05, ""fee_pct_nav"": 1.9345840852114813e-05, ""name"": ""招商银行""}, {""ts_code"": ""06030.HK"", ""side"": ""buy"", ""current_weight"": 0.0, ""target_weight"": 0.0528782852608209, ""post_trade_weight"": 0.05288501940674873, ""diff_weight"": 0.0528782852608209, ""gross_amount"": 0.07342741863269768, ""gross_amount_pct_nav"": 0.0528782852608209, ""fee"": 2.20282255898093e-05, ""fee_pct_nav"": 1.5863485578246266e-05, ""name"": ""中信证券""}, {""ts_code"": ""06066.HK"", ""side"": ""buy"", ""current_weight"": 0.0, ""target_weight"": 0.048392627121165606, ""post_trade_weight"": 0.048398790010360244, ""diff_weight"": 0.048392627121165606, ""gross_amount"": 0.06719858015128653, ""gross_amount_pct_nav"": 0.048392627121165606, ""fee"": 2.0159574045385958e-05, ""fee_pct_nav"": 1.451778813634968e-05, ""name"": ""中信建投证券""}, {""ts_code"": ""06098.HK"", ""side"": ""sell"", ""current_weight"": 0.03419089836314943, ""target_weight"": 0.0, ""post_trade_weight"": 0.0, ""diff_weight"": -0.03419089836314943, ""gross_amount"": 0.047477889934512164, ""gross_amount_pct_nav"": 0.03419089836314943, ""fee"": 1.4243366980353648e-05, ""fee_pct_nav"": 1.025726950894483e-05, ""name"": ""碧桂园服务""}, {""ts_code"": ""06186.HK"", ""side"": ""buy"", ""current_weight"": 0.0, ""target_weight"": 0.05615418251522495, ""post_trade_weight"": 0.05616133385263406, ""diff_weight"": 0.05615418251522495, ""gross_amount"": 0.07797636869623265, ""gross_amount_pct_nav"": 0.05615418251522495, ""fee"": 2.339291060886979e-05, ""fee_pct_nav"": 1.6846254754567482e-05, ""name"": ""中国飞鹤""}]",,,,
2020-12-04,0.00511134,0.01022267,0.01387929,0.00000000,0.00000416,0.00000416,0.00000000,0.00000000,weekly_portfolio_overlay,"[{""ts_code"": ""00960.HK"", ""side"": ""buy"", ""current_weight"": 0.050648333919050534, ""target_weight"": 0.06087100625959759, ""post_trade_weight"": 0.06087119293947571, ""diff_weight"": 0.010222672340547056, ""gross_amount"": 0.013879286438290936, ""gross_amount_pct_nav"": 0.010222672340547056, ""fee"": 4.16378593148728e-06, ""fee_pct_nav"": 3.0668017021641165e-06, ""name"": ""龙湖集团""}]",2020-12-04,2020-12-04,2020-12-07,risk_on
2020-12-11,0.00000000,0.00000000,0.00000000,0.00000000,0.00000000,0.00000000,0.00000000,0.00000000,weekly_portfolio_overlay,,2020-12-11,2020-12-11,2020-12-14,risk_on
2020-12-18,0.00551978,0.01103956,0.00000000,0.01540839,0.00000462,0.00000000,0.00000462,0.00000000,weekly_portfolio_overlay,"[{""ts_code"": ""00388.HK"", ""side"": ""sell"", ""current_weight"": 0.08076747430412409, ""target_weight"": 0.06972791474393536, ""post_trade_weight"": 0.0697281456743405, ""diff_weight"": -0.011039559560188738, ""gross_amount"": 0.015408393135832435, ""gross_amount_pct_nav"": 0.011039559560188738, ""fee"": 4.62251794074973e-06, ""fee_pct_nav"": 3.311867868056621e-06, ""name"": ""香港交易所""}]",2020-12-18,2020-12-18,2020-12-21,risk_on
2020-12-24,0.02301805,0.04603609,0.02686512,0.03641863,0.00001899,0.00000806,0.00001093,0.00000000,weekly_portfolio_overlay,"[{""ts_code"": ""00700.HK"", ""side"": ""buy"", ""current_weight"": 0.16045434395291558, ""target_weight"": 0.17999751405098696, ""post_trade_weight"": 0.1800000000000008, ""diff_weight"": 0.019543170098071393, ""gross_amount"": 0.026865120797125802, ""gross_amount_pct_nav"": 0.019543170098071393, ""fee"": 8.05953623913774e-06, ""fee_pct_nav"": 5.862951029421418e-06, ""name"": ""腾讯控股""}, {""ts_code"": ""01810.HK"", ""side"": ""sell"", ""current_weight"": 0.08119064198053821, ""target_weight"": 0.06793003734227197, ""post_trade_weight"": 0.06793097552528095, ""diff_weight"": -0.01326060463826624, ""gross_amount"": 0.01822875939073494, ""gross_amount_pct_nav"": 0.01326060463826624, ""fee"": 5.468627817220482e-06, ""fee_pct_nav"": 3.9781813914798715e-06, ""name"": ""小米集团-W""}, {""ts_code"": ""02359.HK"", ""side"": ""sell"", ""current_weight"": 0.06614056337784588, ""target_weight"": 0.0529082452652116, ""post_trade_weight"": 0.052908975981970856, ""diff_weight"": -0.013232318112634282, ""gross_amount"": 0.01818987517060995, ""gross_amount_pct_nav"": 0.013232318112634282, ""fee"": 5.456962551182985e-06, ""fee_pct_nav"": 3.969695433790284e-06, ""name"": ""药明康德""}]",2020-12-24,2020-12-24,2020-12-28,risk_on
2021-01-04,0.26938114,0.53876228,0.41932809,0.37484385,0.00023825,0.00012580,0.00011245,0.00000000,rebalance,"[{""ts_code"": ""00669.HK"", ""side"": ""sell"", ""current_weight"": 0.044153537036669965, ""target_weight"": 0.0, ""post_trade_weight"": 0.0, ""diff_weight"": -0.044153537036669965, ""gross_amount"": 0.0650852920679139, ""gross_amount_pct_nav"": 0.044153537036669965, ""fee"": 1.9525587620374167e-05, ""fee_pct_nav"": 1.3246061111000986e-05, ""name"": ""创科实业""}, {""ts_code"": ""00960.HK"", ""side"": ""sell"", ""current_weight"": 0.058895511057936126, ""target_weight"": 0.045990432956349116, ""post_trade_weight"": 0.04599786753111114, ""diff_weight"": -0.01290507810158701, ""gross_amount"": 0.019022955662724356, ""gross_amount_pct_nav"": 0.01290507810158701, ""fee"": 5.7068866988173065e-06, ""fee_pct_nav"": 3.8715234304761034e-06, ""name"": ""龙湖集团""}, {""ts_code"": ""01299.HK"", ""side"": ""buy"", ""current_weight"": 0.0, ""target_weight"": 0.05576771031154728, ""post_trade_weight"": 0.05577672543023537, ""diff_weight"": 0.05576771031154728, ""gross_amount"": 0.08220536693518801, ""gross_amount_pct_nav"": 0.05576771031154728, ""fee"": 2.4661610080556403e-05, ""fee_pct_nav"": 1.6730313093464184e-05, ""name"": ""友邦保险""}, {""ts_code"": ""02020.HK"", ""side"": ""buy"", ""current_weight"": 0.0, ""target_weight"": 0.050447883456577594, ""post_trade_weight"": 0.0504560385996592, ""diff_weight"": 0.050447883456577594, ""gross_amount"": 0.07436358329011161, ""gross_amount_pct_nav"": 0.050447883456577594, ""fee"": 2.2309074987033482e-05, ""fee_pct_nav"": 1.5134365036973277e-05, ""name"": ""安踏体育""}, {""ts_code"": ""02269.HK"", ""side"": ""buy"", ""current_weight"": 0.0, ""target_weight"": 0.0562425666451522, ""post_trade_weight"": 0.0562516585266513, ""diff_weight"": 0.0562425666451522, ""gross_amount"": 0.0829053372034206, ""gross_amount_pct_nav"": 0.0562425666451522, ""fee"": 2.4871601161026178e-05, ""fee_pct_nav"": 1.687276999354566e-05, ""name"": ""药明生物""}, {""ts_code"": ""02313.HK"", ""side"": ""sell"", ""current_weight"": 0.05248055426018089, ""target_weight"": 0.0, ""post_trade_weight"": 0.0, ""diff_weight"": -0.05248055426018089, ""gross_amount"": 0.07735987717299052, ""gross_amount_pct_nav"": 0.05248055426018089, ""fee"": 2.3207963151897152e-05, ""fee_pct_nav"": 1.5744166278054263e-05, ""name"": ""申洲国际""}, {""ts_code"": ""02333.HK"", ""side"": ""buy"", ""current_weight"": 0.0, ""target_weight"": 0.05415549682100217, ""post_trade_weight"": 0.05416425131762264, ""diff_weight"": 0.05415549682100217, ""gross_amount"": 0.07982885549464787, ""gross_amount_pct_nav"": 0.05415549682100217, ""fee"": 2.394865664839436e-05, ""fee_pct_nav"": 1.6246649046300652e-05, ""name"": ""长城汽车""}, {""ts_code"": ""02359.HK"", ""side"": ""sell"", ""current_weight"": 0.05254215831758977, ""target_weight"": 0.0, ""post_trade_weight"": 0.0, ""diff_weight"": -0.05254215831758977, ""gross_amount"": 0.07745068570925107, ""gross_amount_pct_nav"": 0.05254215831758977, ""fee"": 2.323520571277532e-05, ""fee_pct_nav"": 1.576264749527693e-05, ""name"": ""药明康德""}, {""ts_code"": ""02899.HK"", ""side"": ""buy"", ""current_weight"": 0.0, ""target_weight"": 0.04697901179669399, ""post_trade_weight"": 0.046986606179981925, ""diff_weight"": 0.04697901179669399, ""gross_amount"": 0.06925023246292585, ""gross_amount_pct_nav"": 0.04697901179669399, ""fee"": 2.0775069738877752e-05, ""fee_pct_nav"": 1.4093703539008196e-05, ""name"": ""紫金矿业""}, {""ts_code"": ""03968.HK"", ""side"": ""buy"", ""current_weight"": 0.05704463352778797, ""target_weight"": 0.07792204699396425, ""post_trade_weight"": 0.07793464346776863, ""diff_weight"": 0.02087741346617628, ""gross_amount"": 0.030774715781890227, ""gross_amount_pct_nav"": 0.02087741346617628, ""fee"": 9.232414734567067e-06, ""fee_pct_nav"": 6.263224039852883e-06, ""name"": ""招商银行""}, {""ts_code"": ""06030.HK"", ""side"": ""sell"", ""current_weight"": 0.04825003970666423, ""target_weight"": 0.0, ""post_trade_weight"": 0.0, ""diff_weight"": -0.04825003970666423, ""gross_amount"": 0.07112381334226013, ""gross_amount_pct_nav"": 0.04825003970666423, ""fee"": 2.1337144002678037e-05, ""fee_pct_nav"": 1.4475011911999266e-05, ""name"": ""中信证券""}, {""ts_code"": ""06066.HK"", ""side"": ""sell"", ""current_weight"": 0.04396082762803684, ""target_weight"": 0.0, ""post_trade_weight"": 0.0, ""diff_weight"": -0.04396082762803684, ""gross_amount"": 0.06480122539994333, ""gross_amount_pct_nav"": 0.04396082762803684, ""fee"": 1.9440367619983e-05, ""fee_pct_nav"": 1.318824828841105e-05, ""name"": ""中信建投证券""}]",,,,
2021-01-08,0.02647800,0.05295601,0.02439742,0.05704689,0.00002443,0.00000732,0.00001711,0.00000000,weekly_portfolio_overlay,"[{""ts_code"": ""01211.HK"", ""side"": ""sell"", ""current_weight"": 0.07052591328146973, ""target_weight"": 0.05708160621191153, ""post_trade_weight"": 0.0570825130704886, ""diff_weight"": -0.013444307069558207, ""gross_amount"": 0.020676829356413434, ""gross_amount_pct_nav"": 0.013444307069558207, ""fee"": 6.20304880692403e-06, ""fee_pct_nav"": 4.033292120867462e-06, ""name"": ""比亚迪股份""}, {""ts_code"": ""01810.HK"", ""side"": ""buy"", ""current_weight"": 0.06247123642169217, ""target_weight"": 0.07833471525840854, ""post_trade_weight"": 0.07833595976628295, ""diff_weight"": 0.01586347883671638, ""gross_amount"": 0.02439742288009486, ""gross_amount_pct_nav"": 0.01586347883671638, ""fee"": 7.319226864028457e-06, ""fee_pct_nav"": 4.7590436510149134e-06, ""name"": ""小米集团-W""}, {""ts_code"": ""03968.HK"", ""side"": ""sell"", ""current_weight"": 0.08945574539334747, ""target_weight"": 0.07793340533552798, ""post_trade_weight"": 0.07793464346776985, ""diff_weight"": -0.011522340057819495, ""gross_amount"": 0.017720917703639566, ""gross_amount_pct_nav"": 0.011522340057819495, ""fee"": 5.316275311091869e-06, ""fee_pct_nav"": 3.456702017345848e-06, ""name"": ""招商银行""}, {""ts_code"": ""06186.HK"", ""side"": ""sell"", ""current_weight"": 0.05993464807139836, ""target_weight"": 0.04780876770420348, ""post_trade_weight"": 0.04780952724469172, ""diff_weight"": -0.012125880367194877, ""gross_amount"": 0.01864913958388273, ""gross_amount_pct_nav"": 0.012125880367194877, ""fee"": 5.594741875164819e-06, ""fee_pct_nav"": 3.6377641101584635e-06, ""name"": ""中国飞鹤""}]",2021-01-08,2021-01-08,2021-01-11,risk_on
2021-01-15,0.00828231,0.01656461,0.00000000,0.02639581,0.00000792,0.00000000,0.00000792,0.00000000,weekly_portfolio_overlay,"[{""ts_code"": ""00700.HK"", ""side"": ""sell"", ""current_weight"": 0.19656371941735343, ""target_weight"": 0.17999910551085163, ""post_trade_weight"": 0.1800000000000026, ""diff_weight"": -0.016564613906501803, ""gross_amount"": 0.026395812253733775, ""gross_amount_pct_nav"": 0.016564613906501803, ""fee"": 7.918743676120132e-06, ""fee_pct_nav"": 4.96938417195054e-06, ""name"": ""腾讯控股""}]",2021-01-15,2021-01-15,2021-01-18,risk_on
2021-01-22,0.02998424,0.05996847,0.04589538,0.05851151,0.00003132,0.00001377,0.00001755,0.00000000,weekly_portfolio_overlay,"[{""ts_code"": ""00700.HK"", ""side"": ""sell"", ""current_weight"": 0.19220267725070267, ""target_weight"": 0.17999676170252815, ""post_trade_weight"": 0.1800000000000048, ""diff_weight"": -0.012205915548174517, ""gross_amount"": 0.02125086126244702, ""gross_amount_pct_nav"": 0.012205915548174517, ""fee"": 6.375258378734105e-06, ""fee_pct_nav"": 3.6617746644523552e-06, ""name"": ""腾讯控股""}, {""ts_code"": ""01810.HK"", ""side"": ""buy"", ""current_weight"": 0.06595941496853103, ""target_weight"": 0.0783345504599458, ""post_trade_weight"": 0.07833595976628382, ""diff_weight"": 0.012375135491414781, ""gross_amount"": 0.021545478206374327, ""gross_amount_pct_nav"": 0.012375135491414781, ""fee"": 6.463643461912298e-06, ""fee_pct_nav"": 3.7125406474244344e-06, ""name"": ""小米集团-W""}, {""ts_code"": ""02318.HK"", ""side"": ""buy"", ""current_weight"": 0.0629654368181363, ""target_weight"": 0.07695135805582845, ""post_trade_weight"": 0.07695274247733837, ""diff_weight"": 0.013985921237692153, ""gross_amount"": 0.02434990400160171, ""gross_amount_pct_nav"": 0.013985921237692153, ""fee"": 7.3049712004805125e-06, ""fee_pct_nav"": 4.195776371307645e-06, ""name"": ""中国平安""}, {""ts_code"": ""03690.HK"", ""side"": ""sell"", ""current_weight"": 0.12494863774026113, ""target_weight"": 0.10354713822769254, ""post_trade_weight"": 0.1035490011302985, ""diff_weight"": -0.0214014995125686, ""gross_amount"": 0.037260645885587945, ""gross_amount_pct_nav"": 0.0214014995125686, ""fee"": 1.1178193765676383e-05, ""fee_pct_nav"": 6.42044985377058e-06, ""name"": ""美团-W""}]",2021-01-22,2021-01-22,2021-01-25,risk_on
2021-02-01,0.11821413,0.23642826,0.22607124,0.16419489,0.00011708,0.00006782,0.00004926,0.00000000,rebalance,"[{""ts_code"": ""00388.HK"", ""side"": ""sell"", ""current_weight"": 0.07373509191570303, ""target_weight"": 0.05778047148589091, ""post_trade_weight"": 0.05778457005741591, ""diff_weight"": -0.015954620429812116, ""gross_amount"": 0.026335887059828575, ""gross_amount_pct_nav"": 0.015954620429812116, ""fee"": 7.900766117948571e-06, ""fee_pct_nav"": 4.786386128943634e-06, ""name"": ""香港交易所""}, {""ts_code"": ""00960.HK"", ""side"": ""sell"", ""current_weight"": 0.03985559582790622, ""target_weight"": 0.0, ""post_trade_weight"": 0.0, ""diff_weight"": -0.03985559582790622, ""gross_amount"": 0.06578862060952671, ""gross_amount_pct_nav"": 0.03985559582790622, ""fee"": 1.9736586182858013e-05, ""fee_pct_nav"": 1.1956678748371868e-05, ""name"": ""龙湖集团""}, {""ts_code"": ""01211.HK"", ""side"": ""buy"", ""current_weight"": 0.05085847482963972, ""target_weight"": 0.06387756845663223, ""post_trade_weight"": 0.06388209951663278, ""diff_weight"": 0.013019093626992509, ""gross_amount"": 0.021490287461877672, ""gross_amount_pct_nav"": 0.013019093626992509, ""fee"": 6.447086238563301e-06, ""fee_pct_nav"": 3.905728088097753e-06, ""name"": ""比亚迪股份""}, {""ts_code"": ""01299.HK"", ""side"": ""buy"", ""current_weight"": 0.04858826949058646, ""target_weight"": 0.06482603489066668, ""post_trade_weight"": 0.06483063322871845, ""diff_weight"": 0.016237765400080227, ""gross_amount"": 0.02680326727682239, ""gross_amount_pct_nav"": 0.016237765400080227, ""fee"": 8.040980183046717e-06, ""fee_pct_nav"": 4.871329620024068e-06, ""name"": ""友邦保险""}, {""ts_code"": ""02333.HK"", ""side"": ""buy"", ""current_weight"": 0.044137912355899415, ""target_weight"": 0.05552473496778912, ""post_trade_weight"": 0.055528673532010214, ""diff_weight"": 0.011386822611889703, ""gross_amount"": 0.018795939119722507, ""gross_amount_pct_nav"": 0.011386822611889703, ""fee"": 5.638781735916752e-06, ""fee_pct_nav"": 3.416046783566911e-06, ""name"": ""长城汽车""}, {""ts_code"": ""02359.HK"", ""side"": ""buy"", ""current_weight"": 0.0, ""target_weight"": 0.04751240010256576, ""post_trade_weight"": 0.04751577032376917, ""diff_weight"": 0.04751240010256576, ""gross_amount"": 0.07842751311742079, ""gross_amount_pct_nav"": 0.04751240010256576, ""fee"": 2.3528253935226232e-05, ""fee_pct_nav"": 1.4253720030769726e-05, ""name"": ""药明康德""}, {""ts_code"": ""02899.HK"", ""side"": ""sell"", ""current_weight"": 0.04366116536903254, ""target_weight"": 0.0, ""post_trade_weight"": 0.0, ""diff_weight"": -0.04366116536903254, ""gross_amount"": 0.07207037767634818, ""gross_amount_pct_nav"": 0.04366116536903254, ""fee"": 2.162111330290445e-05, ""fee_pct_nav"": 1.3098349610709763e-05, ""name"": ""紫金矿业""}, {""ts_code"": ""06862.HK"", ""side"": ""buy"", ""current_weight"": 0.0, ""target_weight"": 0.04880079195603227, ""post_trade_weight"": 0.04880425356738927, ""diff_weight"": 0.04880079195603227, ""gross_amount"": 0.08055422885415467, ""gross_amount_pct_nav"": 0.04880079195603227, ""fee"": 2.4166268656246398e-05, ""fee_pct_nav"": 1.464023758680968e-05, ""name"": ""海底捞""}]",,,,
2021-02-05,0.00000000,0.00000000,0.00000000,0.00000000,0.00000000,0.00000000,0.00000000,0.00000000,weekly_portfolio_overlay,,2021-02-05,2021-02-05,2021-02-08,risk_on
2021-02-11,0.00000000,0.00000000,0.00000000,0.00000000,0.00000000,0.00000000,0.00000000,0.00000000,weekly_portfolio_overlay,,2021-02-11,2021-02-11,2021-02-16,risk_on
2021-02-19,0.00000000,0.00000000,0.00000000,0.00000000,0.00000000,0.00000000,0.00000000,0.00000000,weekly_portfolio_overlay,,2021-02-19,2021-02-19,2021-02-22,risk_on
2021-03-01,0.08306300,0.16612599,0.10611934,0.15563857,0.00007853,0.00003184,0.00004669,0.00000000,rebalance,"[{""ts_code"": ""01299.HK"", ""side"": ""sell"", ""current_weight"": 0.07056528605555834, ""target_weight"": 0.05868769616495723, ""post_trade_weight"": 0.05869062117629646, ""diff_weight"": -0.011877589890601116, ""gross_amount"": 0.01871503117925573, ""gross_amount_pct_nav"": 0.011877589890601116, ""fee"": 5.614509353776718e-06, ""fee_pct_nav"": 3.5632769671803344e-06, ""name"": ""友邦保险""}, {""ts_code"": ""01810.HK"", ""side"": ""sell"", ""current_weight"": 0.07309805021915777, ""target_weight"": 0.058296078287831184, ""post_trade_weight"": 0.058298983780824896, ""diff_weight"": -0.014801971931326593, ""gross_amount"": 0.023322860004490825, ""gross_amount_pct_nav"": 0.014801971931326593, ""fee"": 6.9968580013472465e-06, ""fee_pct_nav"": 4.440591579397977e-06, ""name"": ""小米集团-W""}, {""ts_code"": ""02020.HK"", ""side"": ""buy"", ""current_weight"": 0.047642649542335366, ""target_weight"": 0.05997323545615732, ""post_trade_weight"": 0.05997622453913762, ""diff_weight"": 0.012330585913821955, ""gross_amount"": 0.019428798431429126, ""gross_amount_pct_nav"": 0.012330585913821955, ""fee"": 5.828639529428737e-06, ""fee_pct_nav"": 3.6991757741465863e-06, ""name"": ""安踏体育""}, {""ts_code"": ""02269.HK"", ""side"": ""buy"", ""current_weight"": 0.052157431622283396, ""target_weight"": 0.06311591912864042, ""post_trade_weight"": 0.06311906484386186, ""diff_weight"": 0.01095848750635703, ""gross_amount"": 0.017266839253411603, ""gross_amount_pct_nav"": 0.01095848750635703, ""fee"": 5.180051776023481e-06, ""fee_pct_nav"": 3.287546251907109e-06, ""name"": ""药明生物""}, {""ts_code"": ""02313.HK"", ""side"": ""buy"", ""current_weight"": 0.0, ""target_weight"": 0.044060108243213984, ""post_trade_weight"": 0.04406230421144312, ""diff_weight"": 0.044060108243213984, ""gross_amount"": 0.0694237052405419, ""gross_amount_pct_nav"": 0.044060108243213984, ""fee"": 2.0827111572162566e-05, ""fee_pct_nav"": 1.3218032472964194e-05, ""name"": ""申洲国际""}, {""ts_code"": ""02318.HK"", ""side"": ""sell"", ""current_weight"": 0.08269742079730255, ""target_weight"": 0.06153735158907319, ""post_trade_weight"": 0.061540418628042964, ""diff_weight"": -0.021160069208229368, ""gross_amount"": 0.033341053078502936, ""gross_amount_pct_nav"": 0.021160069208229368, ""fee"": 1.000231592355088e-05, ""fee_pct_nav"": 6.34802076246881e-06, ""name"": ""中国平安""}, {""ts_code"": ""06862.HK"", ""side"": ""sell"", ""current_weight"": 0.050937181579833436, ""target_weight"": 0.0, ""post_trade_weight"": 0.0, ""diff_weight"": -0.050937181579833436, ""gross_amount"": 0.08025962760377375, ""gross_amount_pct_nav"": 0.050937181579833436, ""fee"": 2.4077888281132125e-05, ""fee_pct_nav"": 1.528115447395003e-05, ""name"": ""海底捞""}]",,,,
2021-03-05,0.01290724,0.02581449,0.03662193,0.00000000,0.00001099,0.00001099,0.00000000,0.00000000,weekly_portfolio_overlay,"[{""ts_code"": ""01211.HK"", ""side"": ""buy"", ""current_weight"": 0.05311948163633833, ""target_weight"": 0.06477003866163668, ""post_trade_weight"": 0.06477054026709658, ""diff_weight"": 0.011650557025298349, ""gross_amount"": 0.01652815615466237, ""gross_amount_pct_nav"": 0.011650557025298349, ""fee"": 4.95844684639871e-06, ""fee_pct_nav"": 3.4951671075895047e-06, ""name"": ""比亚迪股份""}, {""ts_code"": ""02359.HK"", ""side"": ""buy"", ""current_weight"": 0.040551786475090196, ""target_weight"": 0.05471571536809598, ""post_trade_weight"": 0.05471613910879674, ""diff_weight"": 0.014163928893005787, ""gross_amount"": 0.020093771310572918, ""gross_amount_pct_nav"": 0.014163928893005787, ""fee"": 6.028131393171875e-06, ""fee_pct_nav"": 4.249178667901736e-06, ""name"": ""药明康德""}]",2021-03-05,2021-03-05,2021-03-08,risk_on
2021-03-12,0.00000000,0.00000000,0.00000000,0.00000000,0.00000000,0.00000000,0.00000000,0.00000000,weekly_portfolio_overlay,,2021-03-12,2021-03-12,2021-03-15,risk_on
2021-03-19,0.00000000,0.00000000,0.00000000,0.00000000,0.00000000,0.00000000,0.00000000,0.00000000,weekly_portfolio_overlay,,2021-03-19,2021-03-19,2021-03-22,risk_on
2021-03-26,0.00957371,0.01914742,0.02761939,0.00000000,0.00000829,0.00000829,0.00000000,0.00000000,weekly_portfolio_overlay,"[{""ts_code"": ""03690.HK"", ""side"": ""buy"", ""current_weight"": 0.08765482871927543, ""target_weight"": 0.10680225280604824, ""post_trade_weight"": 0.10680286630598068, ""diff_weight"": 0.019147424086772804, ""gross_amount"": 0.02761938514818113, ""gross_amount_pct_nav"": 0.019147424086772804, ""fee"": 8.285815544454339e-06, ""fee_pct_nav"": 5.744227226031842e-06, ""name"": ""美团-W""}]",2021-03-26,2021-03-26,2021-03-29,risk_on
2021-04-01,0.10438863,0.20877726,0.14119938,0.17876661,0.00009599,0.00004236,0.00005363,0.00000000,rebalance,"[{""ts_code"": ""00992.HK"", ""side"": ""buy"", ""current_weight"": 0.0, ""target_weight"": 0.04804782102649876, ""post_trade_weight"": 0.04805083060276758, ""diff_weight"": 0.04804782102649876, ""gross_amount"": 0.07363669965599966, ""gross_amount_pct_nav"": 0.04804782102649876, ""fee"": 2.2091009896799894e-05, ""fee_pct_nav"": 1.4414346307949625e-05, ""name"": ""联想集团""}, {""ts_code"": ""01919.HK"", ""side"": ""buy"", ""current_weight"": 0.0, ""target_weight"": 0.04408453471789323, ""post_trade_weight"": 0.04408729604539309, ""diff_weight"": 0.04408453471789323, ""gross_amount"": 0.06756268178541679, ""gross_amount_pct_nav"": 0.04408453471789323, ""fee"": 2.0268804535625034e-05, ""fee_pct_nav"": 1.3225360415367969e-05, ""name"": ""中远海控""}, {""ts_code"": ""02020.HK"", ""side"": ""sell"", ""current_weight"": 0.06281240473618484, ""target_weight"": 0.052699211393178236, ""post_trade_weight"": 0.05270251231906011, ""diff_weight"": -0.010113193343006607, ""gross_amount"": 0.015499187369003131, ""gross_amount_pct_nav"": 0.010113193343006607, ""fee"": 4.649756210700939e-06, ""fee_pct_nav"": 3.033958002901982e-06, ""name"": ""安踏体育""}, {""ts_code"": ""02313.HK"", ""side"": ""sell"", ""current_weight"": 0.044561378581425615, ""target_weight"": 0.0, ""post_trade_weight"": 0.0, ""diff_weight"": -0.044561378581425615, ""gross_amount"": 0.06829347888737851, ""gross_amount_pct_nav"": 0.044561378581425615, ""fee"": 2.048804366621355e-05, ""fee_pct_nav"": 1.3368413574427683e-05, ""name"": ""申洲国际""}, {""ts_code"": ""03690.HK"", ""side"": ""sell"", ""current_weight"": 0.11679829839400434, ""target_weight"": 0.10424580170242254, ""post_trade_weight"": 0.10425233135734184, ""diff_weight"": -0.012552496691581807, ""gross_amount"": 0.01923759307006173, ""gross_amount_pct_nav"": 0.012552496691581807, ""fee"": 5.771277921018519e-06, ""fee_pct_nav"": 3.7657490074745415e-06, ""name"": ""美团-W""}, {""ts_code"": ""06186.HK"", ""side"": ""sell"", ""current_weight"": 0.0494178385965547, ""target_weight"": 0.0, ""post_trade_weight"": 0.0, ""diff_weight"": -0.0494178385965547, ""gross_amount"": 0.07573634892571396, ""gross_amount_pct_nav"": 0.0494178385965547, ""fee"": 2.2720904677714187e-05, ""fee_pct_nav"": 1.482535157896641e-05, ""name"": ""中国飞鹤""}]",,,,
2021-04-09,0.00526388,0.01052777,0.01558166,0.00000000,0.00000467,0.00000467,0.00000000,0.00000000,weekly_portfolio_overlay,"[{""ts_code"": ""00700.HK"", ""side"": ""buy"", ""current_weight"": 0.16947166391265425, ""target_weight"": 0.17999943150055187, ""post_trade_weight"": 0.18000000000000163, ""diff_weight"": 0.010527767587897611, ""gross_amount"": 0.015581664692389197, ""gross_amount_pct_nav"": 0.010527767587897611, ""fee"": 4.674499407716758e-06, ""fee_pct_nav"": 3.158330276369283e-06, ""name"": ""腾讯控股""}]",2021-04-09,2021-04-09,2021-04-12,risk_on
2021-04-16,0.00598132,0.01196265,0.01838241,0.00000000,0.00000551,0.00000551,0.00000000,0.00000000,weekly_portfolio_overlay,"[{""ts_code"": ""03690.HK"", ""side"": ""buy"", ""current_weight"": 0.09228930730202746, ""target_weight"": 0.10425195721709686, ""post_trade_weight"": 0.10425233135733972, ""diff_weight"": 0.011962649915069396, ""gross_amount"": 0.018382408278960205, ""gross_amount_pct_nav"": 0.011962649915069396, ""fee"": 5.514722483688061e-06, ""fee_pct_nav"": 3.5887949745208186e-06, ""name"": ""美团-W""}]",2021-04-16,2021-04-16,2021-04-19,risk_on
2021-04-23,0.00611526,0.01223052,0.00000000,0.01887921,0.00000566,0.00000000,0.00000566,0.00000000,weekly_portfolio_overlay,"[{""ts_code"": ""01919.HK"", ""side"": ""sell"", ""current_weight"": 0.056317658773385286, ""target_weight"": 0.04408713428216586, ""post_trade_weight"": 0.04408729604539207, ""diff_weight"": -0.012230524491219424, ""gross_amount"": 0.018879206697452466, ""gross_amount_pct_nav"": 0.012230524491219424, ""fee"": 5.663762009235739e-06, ""fee_pct_nav"": 3.6691573473658267e-06, ""name"": ""中远海控""}]",2021-04-23,2021-04-23,2021-04-26,risk_on
2021-05-03,0.23319829,0.46639657,0.33341700,0.37230329,0.00021172,0.00010003,0.00011169,0.00000000,rebalance,"[{""ts_code"": ""00005.HK"", ""side"": ""buy"", ""current_weight"": 0.0, ""target_weight"": 0.06362010328691266, ""post_trade_weight"": 0.06362900619205415, ""diff_weight"": 0.06362010328691266, ""gross_amount"": 0.09626571115904423, ""gross_amount_pct_nav"": 0.06362010328691266, ""fee"": 2.8879713347713265e-05, ""fee_pct_nav"": 1.9086030986073794e-05, ""name"": ""汇丰控股""}, {""ts_code"": ""00669.HK"", ""side"": ""buy"", ""current_weight"": 0.0, ""target_weight"": 0.05061782551610989, ""post_trade_weight"": 0.05062490890132552, ""diff_weight"": 0.05061782551610989, ""gross_amount"": 0.07659152876029852, ""gross_amount_pct_nav"": 0.05061782551610989, ""fee"": 2.2977458628089557e-05, ""fee_pct_nav"": 1.5185347654832966e-05, ""name"": ""创科实业""}, {""ts_code"": ""00992.HK"", ""side"": ""sell"", ""current_weight"": 0.048303023347211475, ""target_weight"": 0.0, ""post_trade_weight"": 0.0, ""diff_weight"": -0.048303023347211475, ""gross_amount"": 0.0730889239943716, ""gross_amount_pct_nav"": 0.048303023347211475, ""fee"": 2.192667719831148e-05, ""fee_pct_nav"": 1.4490907004163443e-05, ""name"": ""联想集团""}, {""ts_code"": ""01211.HK"", ""side"": ""sell"", ""current_weight"": 0.05437963558788906, ""target_weight"": 0.0, ""post_trade_weight"": 0.0, ""diff_weight"": -0.05437963558788906, ""gross_amount"": 0.08228364969527933, ""gross_amount_pct_nav"": 0.05437963558788906, ""fee"": 2.4685094908583798e-05, ""fee_pct_nav"": 1.6313890676366717e-05, ""name"": ""比亚迪股份""}, {""ts_code"": ""01772.HK"", ""side"": ""buy"", ""current_weight"": 0.0, ""target_weight"": 0.05041544198869148, ""post_trade_weight"": 0.0504224970526493, ""diff_weight"": 0.05041544198869148, ""gross_amount"": 0.0762852954600169, ""gross_amount_pct_nav"": 0.05041544198869148, ""fee"": 2.2885588638005067e-05, ""fee_pct_nav"": 1.5124632596607441e-05, ""name"": ""赣锋锂业""}, {""ts_code"": ""01919.HK"", ""side"": ""sell"", ""current_weight"": 0.05090777783435456, ""target_weight"": 0.0, ""post_trade_weight"": 0.0, ""diff_weight"": -0.05090777783435456, ""gross_amount"": 0.07703026533373912, ""gross_amount_pct_nav"": 0.05090777783435456, ""fee"": 2.3109079600121733e-05, ""fee_pct_nav"": 1.5272333350306365e-05, ""name"": ""中远海控""}, {""ts_code"": ""02359.HK"", ""side"": ""sell"", ""current_weight"": 0.06755955951300355, ""target_weight"": 0.0, ""post_trade_weight"": 0.0, ""diff_weight"": -0.06755955951300355, ""gross_amount"": 0.10222663444573396, ""gross_amount_pct_nav"": 0.06755955951300355, ""fee"": 3.0667990333720184e-05, ""fee_pct_nav"": 2.026786785390106e-05, ""name"": ""药明康德""}, {""ts_code"": ""03690.HK"", ""side"": ""sell"", ""current_weight"": 0.1073365556865217, ""target_weight"": 0.08243867751876094, ""post_trade_weight"": 0.08245021386793394, ""diff_weight"": -0.024897878167760755, ""gross_amount"": 0.03767381416156519, ""gross_amount_pct_nav"": 0.024897878167760755, ""fee"": 1.1302144248469556e-05, ""fee_pct_nav"": 7.4693634503282255e-06, ""name"": ""美团-W""}, {""ts_code"": ""06098.HK"", ""side"": ""buy"", ""current_weight"": 0.0, ""target_weight"": 0.05569532839169382, ""post_trade_weight"": 0.05570312231531038, ""diff_weight"": 0.05569532839169382, ""gross_amount"": 0.08427446858555858, ""gross_amount_pct_nav"": 0.05569532839169382, ""fee"": 2.5282340575667572e-05, ""fee_pct_nav"": 1.6708598517508144e-05, ""name"": ""碧桂园服务""}]",,,,
2021-05-07,0.00000000,0.00000000,0.00000000,0.00000000,0.00000000,0.00000000,0.00000000,0.00000000,weekly_portfolio_overlay,,2021-05-07,2021-05-07,2021-05-10,risk_on
2021-05-14,0.00505312,0.01010623,0.01510804,0.00000000,0.00000453,0.00000453,0.00000000,0.00000000,weekly_portfolio_overlay,"[{""ts_code"": ""03690.HK"", ""side"": ""buy"", ""current_weight"": 0.07234373273057977, ""target_weight"": 0.08244996388963821, ""post_trade_weight"": 0.08245021386791435, ""diff_weight"": 0.010106231159058432, ""gross_amount"": 0.015108041334683395, ""gross_amount_pct_nav"": 0.010106231159058432, ""fee"": 4.532412400405018e-06, ""fee_pct_nav"": 3.0318693477175297e-06, ""name"": ""美团-W""}]",2021-05-14,2021-05-14,2021-05-17,risk_on
2021-05-21,0.00604257,0.01208514,0.01839827,0.00000000,0.00000552,0.00000552,0.00000000,0.00000000,weekly_portfolio_overlay,"[{""ts_code"": ""00700.HK"", ""side"": ""buy"", ""current_weight"": 0.1679142049889985, ""target_weight"": 0.17999934740231155, ""post_trade_weight"": 0.18000000000000188, ""diff_weight"": 0.01208514241331304, ""gross_amount"": 0.01839827347153883, ""gross_amount_pct_nav"": 0.01208514241331304, ""fee"": 5.519482041461648e-06, ""fee_pct_nav"": 3.6255427239939113e-06, ""name"": ""腾讯控股""}]",2021-05-21,2021-05-21,2021-05-24,risk_on
2021-05-28,0.00565214,0.01130429,0.01830901,0.00000000,0.00000549,0.00000549,0.00000000,0.00000000,weekly_portfolio_overlay,"[{""ts_code"": ""02318.HK"", ""side"": ""buy"", ""current_weight"": 0.05487697417553487, ""target_weight"": 0.06618126385608308, ""post_trade_weight"": 0.06618148829649764, ""diff_weight"": 0.011304289680548214, ""gross_amount"": 0.018309013209566044, ""gross_amount_pct_nav"": 0.011304289680548214, ""fee"": 5.492703962869813e-06, ""fee_pct_nav"": 3.3912869041644637e-06, ""name"": ""中国平安""}]",2021-05-28,2021-05-28,2021-05-31,risk_on
2021-06-01,0.18824641,0.37649282,0.29403823,0.32357979,0.00018529,0.00008821,0.00009707,0.00000000,rebalance,"[{""ts_code"": ""00388.HK"", ""side"": ""buy"", ""current_weight"": 0.05739201021081838, ""target_weight"": 0.07295780315105457, ""post_trade_weight"": 0.07296604450850437, ""diff_weight"": 0.015565792940236193, ""gross_amount"": 0.025534920856960963, ""gross_amount_pct_nav"": 0.015565792940236193, ""fee"": 7.660476257088287e-06, ""fee_pct_nav"": 4.669737882070857e-06, ""name"": ""香港交易所""}, {""ts_code"": ""01299.HK"", ""side"": ""buy"", ""current_weight"": 0.05778784874216279, ""target_weight"": 0.07202948120578728, ""post_trade_weight"": 0.0720376176994302, ""diff_weight"": 0.014241632463624487, ""gross_amount"": 0.02336270045662442, ""gross_amount_pct_nav"": 0.014241632463624487, ""fee"": 7.008810136987325e-06, ""fee_pct_nav"": 4.2724897390873455e-06, ""name"": ""友邦保险""}, {""ts_code"": ""01772.HK"", ""side"": ""sell"", ""current_weight"": 0.05427456378776233, ""target_weight"": 0.0, ""post_trade_weight"": 0.0, ""diff_weight"": -0.05427456378776233, ""gross_amount"": 0.08903476335498275, ""gross_amount_pct_nav"": 0.05427456378776233, ""fee"": 2.6710429006494825e-05, ""fee_pct_nav"": 1.62823691363287e-05, ""name"": ""赣锋锂业""}, {""ts_code"": ""01810.HK"", ""side"": ""sell"", ""current_weight"": 0.06337258860181942, ""target_weight"": 0.0, ""post_trade_weight"": 0.0, ""diff_weight"": -0.06337258860181942, ""gross_amount"": 0.10395962741257246, ""gross_amount_pct_nav"": 0.06337258860181942, ""fee"": 3.118788822377173e-05, ""fee_pct_nav"": 1.9011776580545822e-05, ""name"": ""小米集团-W""}, {""ts_code"": ""01919.HK"", ""side"": ""buy"", ""current_weight"": 0.0, ""target_weight"": 0.05066646895126176, ""post_trade_weight"": 0.05067219226615492, ""diff_weight"": 0.05066646895126176, ""gross_amount"": 0.08311586051153702, ""gross_amount_pct_nav"": 0.05066646895126176, ""fee"": 2.4934758153461105e-05, ""fee_pct_nav"": 1.5199940685378528e-05, ""name"": ""中远海控""}, {""ts_code"": ""02318.HK"", ""side"": ""sell"", ""current_weight"": 0.0648372627729122, ""target_weight"": 0.0, ""post_trade_weight"": 0.0, ""diff_weight"": -0.0648372627729122, ""gross_amount"": 0.1063623536459025, ""gross_amount_pct_nav"": 0.0648372627729122, ""fee"": 3.1908706093770747e-05, ""fee_pct_nav"": 1.9451178831873657e-05, ""name"": ""中国平安""}, {""ts_code"": ""02331.HK"", ""side"": ""buy"", ""current_weight"": 0.0, ""target_weight"": 0.05024176441466335, ""post_trade_weight"": 0.05024743975467589, ""diff_weight"": 0.05024176441466335, ""gross_amount"": 0.08241915352261132, ""gross_amount_pct_nav"": 0.05024176441466335, ""fee"": 2.4725746056783397e-05, ""fee_pct_nav"": 1.5072529324399004e-05, ""name"": ""李宁""}, {""ts_code"": ""02359.HK"", ""side"": ""buy"", ""current_weight"": 0.0, ""target_weight"": 0.04852665291366311, ""post_trade_weight"": 0.04853213451364599, ""diff_weight"": 0.04852665291366311, ""gross_amount"": 0.0796055971167762, ""gross_amount_pct_nav"": 0.04852665291366311, ""fee"": 2.388167913503286e-05, ""fee_pct_nav"": 1.4557995874098931e-05, ""name"": ""药明康德""}, {""ts_code"": ""03690.HK"", ""side"": ""sell"", ""current_weight"": 0.09251559170217118, ""target_weight"": 0.07774950350793086, ""post_trade_weight"": 0.0777582861387432, ""diff_weight"": -0.014766088194240303, ""gross_amount"": 0.024223044393208437, ""gross_amount_pct_nav"": 0.014766088194240303, ""fee"": 7.266913317962531e-06, ""fee_pct_nav"": 4.429826458272091e-06, ""name"": ""美团-W""}]",,,,
2021-06-04,0.00000000,0.00000000,0.00000000,0.00000000,0.00000000,0.00000000,0.00000000,0.00000000,weekly_portfolio_overlay,,2021-06-04,2021-06-04,2021-06-07,risk_on
2021-06-11,0.01191911,0.02383823,0.01799765,0.02042428,0.00001153,0.00000540,0.00000613,0.00000000,weekly_portfolio_overlay,"[{""ts_code"": ""00005.HK"", ""side"": ""buy"", ""current_weight"": 0.05978815546779703, ""target_weight"": 0.07095448771608717, ""post_trade_weight"": 0.07095499514844049, ""diff_weight"": 0.011166332248290146, ""gross_amount"": 0.017997653963733, ""gross_amount_pct_nav"": 0.011166332248290146, ""fee"": 5.399296189119899e-06, ""fee_pct_nav"": 3.3498996744870437e-06, ""name"": ""汇丰控股""}, {""ts_code"": ""01919.HK"", ""side"": ""sell"", ""current_weight"": 0.06334372317925782, ""target_weight"": 0.05067182988558637, ""post_trade_weight"": 0.050672192266130754, ""diff_weight"": -0.012671893293671445, ""gross_amount"": 0.020424284849644342, ""gross_amount_pct_nav"": 0.012671893293671445, ""fee"": 6.127285454893302e-06, ""fee_pct_nav"": 3.801567988101433e-06, ""name"": ""中远海控""}]",2021-06-11,2021-06-11,2021-06-15,risk_on
2021-06-18,0.02311982,0.04623965,0.01995550,0.05495024,0.00002247,0.00000599,0.00001649,0.00000000,weekly_portfolio_overlay,"[{""ts_code"": ""02020.HK"", ""side"": ""sell"", ""current_weight"": 0.06663889013524882, ""target_weight"": 0.054171520487610834, ""post_trade_weight"": 0.054172271959612155, ""diff_weight"": -0.012467369647637975, ""gross_amount"": 0.020196467947163024, ""gross_amount_pct_nav"": 0.012467369647637975, ""fee"": 6.058940384148906e-06, ""fee_pct_nav"": 3.740210894291392e-06, ""name"": ""安踏体育""}, {""ts_code"": ""02269.HK"", ""side"": ""sell"", ""current_weight"": 0.08245398513931018, ""target_weight"": 0.07141142200059637, ""post_trade_weight"": 0.0714124126259974, ""diff_weight"": -0.011042563138713811, ""gross_amount"": 0.01788835807301263, ""gross_amount_pct_nav"": 0.011042563138713811, ""fee"": 5.366507421903789e-06, ""fee_pct_nav"": 3.3127689416141435e-06, ""name"": ""药明生物""}, {""ts_code"": ""02333.HK"", ""side"": ""sell"", ""current_weight"": 0.058407201795357085, ""target_weight"": 0.047996106374704854, ""post_trade_weight"": 0.04799677218082933, ""diff_weight"": -0.01041109542065223, ""gross_amount"": 0.016865414349681612, ""gross_amount_pct_nav"": 0.01041109542065223, ""fee"": 5.059624304904483e-06, ""fee_pct_nav"": 3.1233286261956685e-06, ""name"": ""长城汽车""}, {""ts_code"": ""03968.HK"", ""side"": ""buy"", ""current_weight"": 0.08595671464165905, ""target_weight"": 0.09827533229848057, ""post_trade_weight"": 0.09827669558236068, ""diff_weight"": 0.01231861765682151, ""gross_amount"": 0.01995549772653829, ""gross_amount_pct_nav"": 0.01231861765682151, ""fee"": 5.986649317961486e-06, ""fee_pct_nav"": 3.6955852970464523e-06, ""name"": ""招商银行""}]",2021-06-18,2021-06-18,2021-06-21,risk_on
2021-06-25,0.01339407,0.02678814,0.02645953,0.01895675,0.00001362,0.00000794,0.00000569,0.00000000,weekly_portfolio_overlay,"[{""ts_code"": ""00700.HK"", ""side"": ""buy"", ""current_weight"": 0.16439177765957108, ""target_weight"": 0.17999855344031368, ""post_trade_weight"": 0.18000000000000219, ""diff_weight"": 0.015606775780742623, ""gross_amount"": 0.0264595270287859, ""gross_amount_pct_nav"": 0.015606775780742623, ""fee"": 7.93785810863577e-06, ""fee_pct_nav"": 4.682032734222786e-06, ""name"": ""腾讯控股""}, {""ts_code"": ""02331.HK"", ""side"": ""sell"", ""current_weight"": 0.061428402542758616, ""target_weight"": 0.0502470359439814, ""post_trade_weight"": 0.05024743975465251, ""diff_weight"": -0.011181366598777212, ""gross_amount"": 0.018956745191672883, ""gross_amount_pct_nav"": 0.011181366598777212, ""fee"": 5.687023557501864e-06, ""fee_pct_nav"": 3.3544099796331634e-06, ""name"": ""李宁""}]",2021-06-25,2021-06-25,2021-06-28,risk_on
2021-07-02,0.31160385,0.62320769,0.52400070,0.49572364,0.00030592,0.00015720,0.00014872,0.00000000,rebalance,"[{""ts_code"": ""00005.HK"", ""side"": ""buy"", ""current_weight"": 0.06621085844566192, ""target_weight"": 0.08698136492329096, ""post_trade_weight"": 0.08699763020104047, ""diff_weight"": 0.02077050647762904, ""gross_amount"": 0.033985766307484136, ""gross_amount_pct_nav"": 0.02077050647762904, ""fee"": 1.019572989224524e-05, ""fee_pct_nav"": 6.2311519432887125e-06, ""name"": ""汇丰控股""}, {""ts_code"": ""00636.HK"", ""side"": ""buy"", ""current_weight"": 0.0, ""target_weight"": 0.04719812161961253, ""post_trade_weight"": 0.04720694753948715, ""diff_weight"": 0.04719812161961253, ""gross_amount"": 0.07722798349881502, ""gross_amount_pct_nav"": 0.04719812161961253, ""fee"": 2.3168395049644502e-05, ""fee_pct_nav"": 1.4159436485883757e-05, ""name"": ""KLN""}, {""ts_code"": ""00700.HK"", ""side"": ""sell"", ""current_weight"": 0.17992638719740364, ""target_weight"": 0.0, ""post_trade_weight"": 0.0, ""diff_weight"": -0.17992638719740364, ""gross_amount"": 0.2944047683395194, ""gross_amount_pct_nav"": 0.17992638719740364, ""fee"": 8.832143050185581e-05, ""fee_pct_nav"": 5.397791615922109e-05, ""name"": ""腾讯控股""}, {""ts_code"": ""00857.HK"", ""side"": ""buy"", ""current_weight"": 0.0, ""target_weight"": 0.07096739735073117, ""post_trade_weight"": 0.07098066806026863, ""diff_weight"": 0.07096739735073117, ""gross_amount"": 0.11612048961877963, ""gross_amount_pct_nav"": 0.07096739735073117, ""fee"": 3.483614688563389e-05, ""fee_pct_nav"": 2.129021920521935e-05, ""name"": ""中国石油股份""}, {""ts_code"": ""01299.HK"", ""side"": ""buy"", ""current_weight"": 0.06891098719531011, ""target_weight"": 0.08223781674650074, ""post_trade_weight"": 0.08225319499369282, ""diff_weight"": 0.013326829551190644, ""gross_amount"": 0.021806040947256675, ""gross_amount_pct_nav"": 0.013326829551190644, ""fee"": 6.541812284177002e-06, ""fee_pct_nav"": 3.998048865357193e-06, ""name"": ""友邦保险""}, {""ts_code"": ""01919.HK"", ""side"": ""buy"", ""current_weight"": 0.05015654743538169, ""target_weight"": 0.06494210186915672, ""post_trade_weight"": 0.0649542458648904, ""diff_weight"": 0.014785554433775034, ""gross_amount"": 0.02419288129801178, ""gross_amount_pct_nav"": 0.014785554433775034, ""fee"": 7.257864389403534e-06, ""fee_pct_nav"": 4.43566633013251e-06, ""name"": ""中远海控""}, {""ts_code"": ""01929.HK"", ""side"": ""buy"", ""current_weight"": 0.0, ""target_weight"": 0.05644158335067079, ""post_trade_weight"": 0.05645213777265106, ""diff_weight"": 0.05644158335067079, ""gross_amount"": 0.0923526089191085, ""gross_amount_pct_nav"": 0.05644158335067079, ""fee"": 2.7705782675732547e-05, ""fee_pct_nav"": 1.6932475005201235e-05, ""name"": ""周大福""}, {""ts_code"": ""02020.HK"", ""side"": ""buy"", ""current_weight"": 0.05440652641506549, ""target_weight"": 0.07498918775282873, ""post_trade_weight"": 0.07500321052619041, ""diff_weight"": 0.020582661337763236, ""gross_amount"": 0.033678404470527876, ""gross_amount_pct_nav"": 0.020582661337763236, ""fee"": 1.0103521341158362e-05, ""fee_pct_nav"": 6.174798401328971e-06, ""name"": ""安踏体育""}, {""ts_code"": ""02331.HK"", ""side"": ""buy"", ""current_weight"": 0.050232701682749965, ""target_weight"": 0.06551661024542557, ""post_trade_weight"": 0.065528861672657, ""diff_weight"": 0.0152839085626756, ""gross_amount"": 0.02500831384326177, ""gross_amount_pct_nav"": 0.0152839085626756, ""fee"": 7.50249415297853e-06, ""fee_pct_nav"": 4.585172568802679e-06, ""name"": ""李宁""}, {""ts_code"": ""02333.HK"", ""side"": ""sell"", ""current_weight"": 0.04732893578870118, ""target_weight"": 0.0, ""post_trade_weight"": 0.0, ""diff_weight"": -0.04732893578870118, ""gross_amount"": 0.07744202834096381, ""gross_amount_pct_nav"": 0.04732893578870118, ""fee"": 2.3232608502289142e-05, ""fee_pct_nav"": 1.4198680736610355e-05, ""name"": ""长城汽车""}, {""ts_code"": ""02359.HK"", ""side"": ""buy"", ""current_weight"": 0.04915364483642772, ""target_weight"": 0.06279597455485911, ""post_trade_weight"": 0.06280771723064474, ""diff_weight"": 0.01364232971843138, ""gross_amount"": 0.02232227847691752, ""gross_amount_pct_nav"": 0.01364232971843138, ""fee"": 6.696683543075255e-06, ""fee_pct_nav"": 4.092698915529414e-06, ""name"": ""药明康德""}, {""ts_code"": ""03690.HK"", ""side"": ""sell"", ""current_weight"": 0.07570771828977746, ""target_weight"": 0.0, ""post_trade_weight"": 0.0, ""diff_weight"": -0.07570771828977746, ""gross_amount"": 0.12387684547993391, ""gross_amount_pct_nav"": 0.07570771828977746, ""fee"": 3.716305364398017e-05, ""fee_pct_nav"": 2.2712315486933238e-05, ""name"": ""美团-W""}, {""ts_code"": ""03968.HK"", ""side"": ""buy"", ""current_weight"": 0.09625401614758732, ""target_weight"": 0.12954892389722183, ""post_trade_weight"": 0.12957314919227436, ""diff_weight"": 0.03329490774963453, ""gross_amount"": 0.054478833013873074, ""gross_amount_pct_nav"": 0.03329490774963453, ""fee"": 1.634364990416192e-05, ""fee_pct_nav"": 9.988472324890357e-06, ""name"": ""招商银行""}, {""ts_code"": ""06098.HK"", ""side"": ""buy"", ""current_weight"": 0.051361871170169965, ""target_weight"": 0.06531272371129417, ""post_trade_weight"": 0.0653249370123004, ""diff_weight"": 0.013950852541124208, ""gross_amount"": 0.022827099318135674, ""gross_amount_pct_nav"": 0.013950852541124208, ""fee"": 6.848129795440701e-06, ""fee_pct_nav"": 4.185255762337262e-06, ""name"": ""碧桂园服务""}]",,,,
2021-07-09,0.01203209,0.02406418,0.00000000,0.03977455,0.00001193,0.00000000,0.00001193,0.00000000,weekly_portfolio_overlay,"[{""ts_code"": ""00388.HK"", ""side"": ""sell"", ""current_weight"": 0.07466601850475045, ""target_weight"": 0.06417355388938699, ""post_trade_weight"": 0.06417401717798574, ""diff_weight"": -0.010492464615363467, ""gross_amount"": 0.017342496953795916, ""gross_amount_pct_nav"": 0.010492464615363467, ""fee"": 5.202749086138774e-06, ""fee_pct_nav"": 3.1477393846090392e-06, ""name"": ""香港交易所""}, {""ts_code"": ""01919.HK"", ""side"": ""sell"", ""current_weight"": 0.07852549588855473, ""target_weight"": 0.06495377694362263, ""post_trade_weight"": 0.06495424586489129, ""diff_weight"": -0.013571718944932098, ""gross_amount"": 0.022432050341692378, ""gross_amount_pct_nav"": 0.013571718944932098, ""fee"": 6.729615102507713e-06, ""fee_pct_nav"": 4.071515683479629e-06, ""name"": ""中远海控""}]",2021-07-09,2021-07-09,2021-07-12,risk_on
2021-07-16,0.00000000,0.00000000,0.00000000,0.00000000,0.00000000,0.00000000,0.00000000,0.00000000,weekly_portfolio_overlay,,2021-07-16,2021-07-16,2021-07-19,risk_on
2021-07-23,0.01339025,0.02678050,0.04128353,0.00000000,0.00001239,0.00001239,0.00000000,0.00000000,weekly_portfolio_overlay,"[{""ts_code"": ""02269.HK"", ""side"": ""buy"", ""current_weight"": 0.06390123875730828, ""target_weight"": 0.07699855169591956, ""post_trade_weight"": 0.07699917031884497, ""diff_weight"": 0.01309731293861127, ""gross_amount"": 0.02019018627680061, ""gross_amount_pct_nav"": 0.01309731293861127, ""fee"": 6.0570558830401826e-06, ""fee_pct_nav"": 3.929193881583381e-06, ""name"": ""药明生物""}, {""ts_code"": ""06098.HK"", ""side"": ""buy"", ""current_weight"": 0.051641223337638854, ""target_weight"": 0.06532441218192389, ""post_trade_weight"": 0.06532493701230153, ""diff_weight"": 0.013683188844285042, ""gross_amount"": 0.021093344331134842, ""gross_amount_pct_nav"": 0.013683188844285042, ""fee"": 6.328003299340452e-06, ""fee_pct_nav"": 4.104956653285513e-06, ""name"": ""碧桂园服务""}]",2021-07-23,2021-07-23,2021-07-26,risk_on
2021-08-02,0.26266853,0.52533706,0.41274601,0.41188308,0.00024739,0.00012382,0.00012356,0.00000000,rebalance,"[{""ts_code"": ""00388.HK"", ""side"": ""sell"", ""current_weight"": 0.06952111467528317, ""target_weight"": 0.0, ""post_trade_weight"": 0.0, ""diff_weight"": -0.06952111467528317, ""gross_amount"": 0.1091282870695002, ""gross_amount_pct_nav"": 0.06952111467528317, ""fee"": 3.273848612085006e-05, ""fee_pct_nav"": 2.0856334402584953e-05, ""name"": ""香港交易所""}, {""ts_code"": ""00636.HK"", ""side"": ""sell"", ""current_weight"": 0.0485768573484673, ""target_weight"": 0.0, ""post_trade_weight"": 0.0, ""diff_weight"": -0.0485768573484673, ""gross_amount"": 0.07625178707818392, ""gross_amount_pct_nav"": 0.0485768573484673, ""fee"": 2.2875536123455174e-05, ""fee_pct_nav"": 1.457305720454019e-05, ""name"": ""KLN""}, {""ts_code"": ""00857.HK"", ""side"": ""buy"", ""current_weight"": 0.0644140908839619, ""target_weight"": 0.09419993990086277, ""post_trade_weight"": 0.0942147882567956, ""diff_weight"": 0.02978584901690087, ""gross_amount"": 0.046755272801757744, ""gross_amount_pct_nav"": 0.02978584901690087, ""fee"": 1.4026581840527323e-05, ""fee_pct_nav"": 8.935754705070262e-06, ""name"": ""中国石油股份""}, {""ts_code"": ""01211.HK"", ""side"": ""buy"", ""current_weight"": 0.0, ""target_weight"": 0.05952651766109618, ""post_trade_weight"": 0.05953590058557156, ""diff_weight"": 0.05952651766109618, ""gross_amount"": 0.0934396253269125, ""gross_amount_pct_nav"": 0.05952651766109618, ""fee"": 2.8031887598073745e-05, ""fee_pct_nav"": 1.785795529832885e-05, ""name"": ""比亚迪股份""}, {""ts_code"": ""01929.HK"", ""side"": ""sell"", ""current_weight"": 0.053800097271200734, ""target_weight"": 0.0, ""post_trade_weight"": 0.0, ""diff_weight"": -0.053800097271200734, ""gross_amount"": 0.0844507814180083, ""gross_amount_pct_nav"": 0.053800097271200734, ""fee"": 2.5335234425402488e-05, ""fee_pct_nav"": 1.614002918136022e-05, ""name"": ""周大福""}, {""ts_code"": ""02333.HK"", ""side"": ""buy"", ""current_weight"": 0.0, ""target_weight"": 0.06069693185865857, ""post_trade_weight"": 0.06070649927079511, ""diff_weight"": 0.06069693185865857, ""gross_amount"": 0.09527684121647903, ""gross_amount_pct_nav"": 0.06069693185865857, ""fee"": 2.8583052364943708e-05, ""fee_pct_nav"": 1.8209079557597572e-05, ""name"": ""长城汽车""}, {""ts_code"": ""02688.HK"", ""side"": ""buy"", ""current_weight"": 0.0, ""target_weight"": 0.055801208419197335, ""post_trade_weight"": 0.05581000413822818, ""diff_weight"": 0.055801208419197335, ""gross_amount"": 0.08759195418021934, ""gross_amount_pct_nav"": 0.055801208419197335, ""fee"": 2.62775862540658e-05, ""fee_pct_nav"": 1.6740362525759197e-05, ""name"": ""新奥能源""}, {""ts_code"": ""02899.HK"", ""side"": ""buy"", ""current_weight"": 0.0, ""target_weight"": 0.057132889261965636, ""post_trade_weight"": 0.057141894888467375, ""diff_weight"": 0.057132889261965636, ""gross_amount"": 0.08968231262705018, ""gross_amount_pct_nav"": 0.057132889261965636, ""fee"": 2.690469378811505e-05, ""fee_pct_nav"": 1.713986677858969e-05, ""name"": ""紫金矿业""}, {""ts_code"": ""03968.HK"", ""side"": ""sell"", ""current_weight"": 0.13191803042608158, ""target_weight"": 0.10713183287823418, ""post_trade_weight"": 0.10714871963620863, ""diff_weight"": -0.024786197547847395, ""gross_amount"": 0.038907248452454635, ""gross_amount_pct_nav"": 0.024786197547847395, ""fee"": 1.167217453573639e-05, ""fee_pct_nav"": 7.435859264354218e-06, ""name"": ""招商银行""}, {""ts_code"": ""06098.HK"", ""side"": ""sell"", ""current_weight"": 0.06570939592897664, ""target_weight"": 0.0, ""post_trade_weight"": 0.0, ""diff_weight"": -0.06570939592897664, ""gross_amount"": 0.10314497768906208, ""gross_amount_pct_nav"": 0.06570939592897664, ""fee"": 3.094349330671862e-05, ""fee_pct_nav"": 1.9712818778692985e-05, ""name"": ""碧桂园服务""}]",,,,
2021-08-06,0.00000000,0.00000000,0.00000000,0.00000000,0.00000000,0.00000000,0.00000000,0.00000000,weekly_portfolio_overlay,,2021-08-06,2021-08-06,2021-08-09,risk_on
2021-08-13,0.00000000,0.00000000,0.00000000,0.00000000,0.00000000,0.00000000,0.00000000,0.00000000,weekly_portfolio_overlay,,2021-08-13,2021-08-13,2021-08-16,risk_on
2021-08-20,0.00631822,0.01263643,0.00000000,0.01988966,0.00000597,0.00000000,0.00000597,0.00000000,weekly_portfolio_overlay,"[{""ts_code"": ""03968.HK"", ""side"": ""sell"", ""current_weight"": 0.11978474527154444, ""target_weight"": 0.10714831344296169, ""post_trade_weight"": 0.10714871963620905, ""diff_weight"": -0.012636431828582753, ""gross_amount"": 0.019889657422010182, ""gross_amount_pct_nav"": 0.012636431828582753, ""fee"": 5.966897226603054e-06, ""fee_pct_nav"": 3.7909295485748254e-06, ""name"": ""招商银行""}]",2021-08-20,2021-08-20,2021-08-23,risk_on
2021-08-27,0.01338957,0.02677914,0.02162294,0.02118662,0.00001284,0.00000649,0.00000636,0.00000000,weekly_portfolio_overlay,"[{""ts_code"": ""02020.HK"", ""side"": ""buy"", ""current_weight"": 0.06929135064738227, ""target_weight"": 0.08281739048446911, ""post_trade_weight"": 0.08281805582342731, ""diff_weight"": 0.01352603983708683, ""gross_amount"": 0.02162293926125916, ""gross_amount_pct_nav"": 0.01352603983708683, ""fee"": 6.486881778377747e-06, ""fee_pct_nav"": 4.057811951126049e-06, ""name"": ""安踏体育""}, {""ts_code"": ""02331.HK"", ""side"": ""sell"", ""current_weight"": 0.07509841711217123, ""target_weight"": 0.06184531434159415, ""post_trade_weight"": 0.061845811194933445, ""diff_weight"": -0.013253102770577087, ""gross_amount"": 0.021186617789315493, ""gross_amount_pct_nav"": 0.013253102770577087, ""fee"": 6.355985336794647e-06, ""fee_pct_nav"": 3.975930831173126e-06, ""name"": ""李宁""}]",2021-08-27,2021-08-27,2021-08-30,risk_on
2021-09-01,0.24016019,0.48032038,0.41688027,0.35193937,0.00023065,0.00012506,0.00010558,0.00000000,rebalance,"[{""ts_code"": ""00005.HK"", ""side"": ""sell"", ""current_weight"": 0.08500080793617382, ""target_weight"": 0.06688924237696568, ""post_trade_weight"": 0.06689888224587125, ""diff_weight"": -0.01811156555920813, ""gross_amount"": 0.028990082348324342, ""gross_amount_pct_nav"": 0.01811156555920813, ""fee"": 8.697024704497301e-06, ""fee_pct_nav"": 5.433469667762439e-06, ""name"": ""汇丰控股""}, {""ts_code"": ""00669.HK"", ""side"": ""sell"", ""current_weight"": 0.05884625741853353, ""target_weight"": 0.0, ""post_trade_weight"": 0.0, ""diff_weight"": -0.05884625741853353, ""gross_amount"": 0.094191628154787, ""gross_amount_pct_nav"": 0.05884625741853353, ""fee"": 2.8257488446436096e-05, ""fee_pct_nav"": 1.7653877225560057e-05, ""name"": ""创科实业""}, {""ts_code"": ""00857.HK"", ""side"": ""sell"", ""current_weight"": 0.09562769531257607, ""target_weight"": 0.08208225401532818, ""post_trade_weight"": 0.08209408345366628, ""diff_weight"": -0.013545441297247905, ""gross_amount"": 0.021681364726196473, ""gross_amount_pct_nav"": 0.013545441297247905, ""fee"": 6.504409417858941e-06, ""fee_pct_nav"": 4.063632389174371e-06, ""name"": ""中国石油股份""}, {""ts_code"": ""01211.HK"", ""side"": ""buy"", ""current_weight"": 0.05797045868115381, ""target_weight"": 0.07841867880439288, ""post_trade_weight"": 0.07842998025970256, ""diff_weight"": 0.02044822012323907, ""gross_amount"": 0.032730223310153295, ""gross_amount_pct_nav"": 0.02044822012323907, ""fee"": 9.819066993045987e-06, ""fee_pct_nav"": 6.134466036971721e-06, ""name"": ""比亚迪股份""}, {""ts_code"": ""01288.HK"", ""side"": ""buy"", ""current_weight"": 0.0, ""target_weight"": 0.0695362867793186, ""post_trade_weight"": 0.06954630813200419, ""diff_weight"": 0.0695362867793186, ""gross_amount"": 0.11130250851805878, ""gross_amount_pct_nav"": 0.0695362867793186, ""fee"": 3.339075255541763e-05, ""fee_pct_nav"": 2.0860886033795575e-05, ""name"": ""农业银行""}, {""ts_code"": ""01299.HK"", ""side"": ""sell"", ""current_weight"": 0.08230965847006363, ""target_weight"": 0.07064669927666625, ""post_trade_weight"": 0.0706568806585363, ""diff_weight"": -0.011662959193397375, ""gross_amount"": 0.01866819002125618, ""gross_amount_pct_nav"": 0.011662959193397375, ""fee"": 5.600457006376853e-06, ""fee_pct_nav"": 3.498887758019212e-06, ""name"": ""友邦保险""}, {""ts_code"": ""01772.HK"", ""side"": ""buy"", ""current_weight"": 0.0, ""target_weight"": 0.06309293874622882, ""post_trade_weight"": 0.06310203150370022, ""diff_weight"": 0.06309293874622882, ""gross_amount"": 0.1009890328846275, ""gross_amount_pct_nav"": 0.06309293874622882, ""fee"": 3.0296709865388248e-05, ""fee_pct_nav"": 1.8927881623868643e-05, ""name"": ""赣锋锂业""}, {""ts_code"": ""02020.HK"", ""side"": ""sell"", ""current_weight"": 0.08464248951397353, ""target_weight"": 0.06842462148262109, ""post_trade_weight"": 0.06843448262557271, ""diff_weight"": -0.01621786803135245, ""gross_amount"": 0.02595895579574184, ""gross_amount_pct_nav"": 0.01621786803135245, ""fee"": 7.787686738722551e-06, ""fee_pct_nav"": 4.865360409405734e-06, ""name"": ""安踏体育""}, {""ts_code"": ""02333.HK"", ""side"": ""buy"", ""current_weight"": 0.05447691726582992, ""target_weight"": 0.07452514442594974, ""post_trade_weight"": 0.07453588475723327, ""diff_weight"": 0.020048227160119808, ""gross_amount"": 0.03208997888171501, ""gross_amount_pct_nav"": 0.020048227160119808, ""fee"": 9.626993664514503e-06, ""fee_pct_nav"": 6.014468148035942e-06, ""name"": ""长城汽车""}, {""ts_code"": ""02688.HK"", ""side"": ""sell"", ""current_weight"": 0.0503376203127429, ""target_weight"": 0.0, ""post_trade_weight"": 0.0, ""diff_weight"": -0.0503376203127429, ""gross_amount"": 0.08057236981058105, ""gross_amount_pct_nav"": 0.0503376203127429, ""fee"": 2.4171710943174312e-05, ""fee_pct_nav"": 1.5101286093822869e-05, ""name"": ""新奥能源""}, {""ts_code"": ""02899.HK"", ""side"": ""sell"", ""current_weight"": 0.05115255137036285, ""target_weight"": 0.0, ""post_trade_weight"": 0.0, ""diff_weight"": -0.05115255137036285, ""gross_amount"": 0.0818767804310422, ""gross_amount_pct_nav"": 0.05115255137036285, ""fee"": 2.4563034129312656e-05, ""fee_pct_nav"": 1.5345765411108853e-05, ""name"": ""紫金矿业""}, {""ts_code"": ""03988.HK"", ""side"": ""buy"", ""current_weight"": 0.0, ""target_weight"": 0.08732044116737869, ""post_trade_weight"": 0.08733302551690511, ""diff_weight"": 0.08732044116737869, ""gross_amount"": 0.13976852370154783, ""gross_amount_pct_nav"": 0.08732044116737869, ""fee"": 4.193055711046434e-05, ""fee_pct_nav"": 2.6196132350213604e-05, ""name"": ""中国银行""}]",,,,
2021-09-03,0.00000000,0.00000000,0.00000000,0.00000000,0.00000000,0.00000000,0.00000000,0.00000000,weekly_portfolio_overlay,,2021-09-03,2021-09-03,2021-09-06,risk_on
2021-09-10,0.01320128,0.02640257,0.00000000,0.04301890,0.00001291,0.00000000,0.00001291,0.00000000,weekly_portfolio_overlay,"[{""ts_code"": ""00857.HK"", ""side"": ""sell"", ""current_weight"": 0.09270222006560466, ""target_weight"": 0.08209343320533391, ""post_trade_weight"": 0.08209408345365973, ""diff_weight"": -0.010608786860270752, ""gross_amount"": 0.01728537961676324, ""gross_amount_pct_nav"": 0.010608786860270752, ""fee"": 5.185613885028972e-06, ""fee_pct_nav"": 3.1826360580812253e-06, ""name"": ""中国石油股份""}, {""ts_code"": ""01919.HK"", ""side"": ""sell"", ""current_weight"": 0.07114858503977424, ""target_weight"": 0.05535480635274283, ""post_trade_weight"": 0.055355244808886664, ""diff_weight"": -0.015793778687031412, ""gross_amount"": 0.02573352295452895, ""gross_amount_pct_nav"": 0.015793778687031412, ""fee"": 7.720056886358685e-06, ""fee_pct_nav"": 4.738133606109424e-06, ""name"": ""中远海控""}]",2021-09-10,2021-09-10,2021-09-13,risk_on
2021-09-17,0.01153094,0.02306187,0.00000000,0.03562274,0.00001069,0.00000000,0.00001069,0.00000000,weekly_portfolio_overlay,"[{""ts_code"": ""02269.HK"", ""side"": ""sell"", ""current_weight"": 0.07966781073112318, ""target_weight"": 0.06965024509537383, ""post_trade_weight"": 0.0696507269782458, ""diff_weight"": -0.010017565635749345, ""gross_amount"": 0.015473727008048305, ""gross_amount_pct_nav"": 0.010017565635749345, ""fee"": 4.642118102414491e-06, ""fee_pct_nav"": 3.0052696907248033e-06, ""name"": ""药明生物""}, {""ts_code"": ""02359.HK"", ""side"": ""sell"", ""current_weight"": 0.06779987983384267, ""target_weight"": 0.05475557218358081, ""post_trade_weight"": 0.05475595101602201, ""diff_weight"": -0.013044307650261858, ""gross_amount"": 0.02014901253742067, ""gross_amount_pct_nav"": 0.013044307650261858, ""fee"": 6.0447037612262005e-06, ""fee_pct_nav"": 3.913292295078556e-06, ""name"": ""药明康德""}]",2021-09-17,2021-09-17,2021-09-20,risk_on
2021-09-24,0.01087910,0.02175819,0.01538515,0.01798092,0.00001001,0.00000462,0.00000539,0.00000000,weekly_portfolio_overlay,"[{""ts_code"": ""00857.HK"", ""side"": ""sell"", ""current_weight"": 0.09381900071248958, ""target_weight"": 0.08209354758800165, ""post_trade_weight"": 0.08209408345365865, ""diff_weight"": -0.011725453124487919, ""gross_amount"": 0.01798091536104715, ""gross_amount_pct_nav"": 0.011725453124487919, ""fee"": 5.394274608314145e-06, ""fee_pct_nav"": 3.5176359373463753e-06, ""name"": ""中国石油股份""}, {""ts_code"": ""01772.HK"", ""side"": ""buy"", ""current_weight"": 0.0530688804059574, ""target_weight"": 0.06310161960785306, ""post_trade_weight"": 0.06310203150369435, ""diff_weight"": 0.010032739201895662, ""gross_amount"": 0.015385148233802187, ""gross_amount_pct_nav"": 0.010032739201895662, ""fee"": 4.615544470140656e-06, ""fee_pct_nav"": 3.009821760568698e-06, ""name"": ""赣锋锂业""}]",2021-09-24,2021-09-24,2021-09-27,risk_on
2021-10-04,0.08724912,0.17449824,0.15654695,0.10854770,0.00007953,0.00004696,0.00003256,0.00000000,rebalance,"[{""ts_code"": ""01088.HK"", ""side"": ""buy"", ""current_weight"": 0.0, ""target_weight"": 0.06873855892390514, ""post_trade_weight"": 0.068742157539612, ""diff_weight"": 0.06873855892390514, ""gross_amount"": 0.10442640573147158, ""gross_amount_pct_nav"": 0.06873855892390514, ""fee"": 3.1327921719441474e-05, ""fee_pct_nav"": 2.0621567677171544e-05, ""name"": ""中国神华""}, {""ts_code"": ""01919.HK"", ""side"": ""buy"", ""current_weight"": 0.041607727037065625, ""target_weight"": 0.06294859179871035, ""post_trade_weight"": 0.06295188729682258, ""diff_weight"": 0.02134086476164472, ""gross_amount"": 0.03242066515719397, ""gross_amount_pct_nav"": 0.02134086476164472, ""fee"": 9.726199547158189e-06, ""fee_pct_nav"": 6.402259428493415e-06, ""name"": ""中远海控""}, {""ts_code"": ""02269.HK"", ""side"": ""buy"", ""current_weight"": 0.06749047878959026, ""target_weight"": 0.08045789957001755, ""post_trade_weight"": 0.08046211171914704, ""diff_weight"": 0.012967420780427296, ""gross_amount"": 0.019699876821780274, ""gross_amount_pct_nav"": 0.012967420780427296, ""fee"": 5.9099630465340815e-06, ""fee_pct_nav"": 3.890226234128188e-06, ""name"": ""药明生物""}, {""ts_code"": ""02331.HK"", ""side"": ""sell"", ""current_weight"": 0.05622190862263267, ""target_weight"": 0.0, ""post_trade_weight"": 0.0, ""diff_weight"": -0.05622190862263267, ""gross_amount"": 0.08541133146716273, ""gross_amount_pct_nav"": 0.05622190862263267, ""fee"": 2.5623399440148816e-05, ""fee_pct_nav"": 1.6866572586789798e-05, ""name"": ""李宁""}, {""ts_code"": ""03988.HK"", ""side"": ""sell"", ""current_weight"": 0.0915745481192274, ""target_weight"": 0.07634505851584836, ""post_trade_weight"": 0.07634905534864522, ""diff_weight"": -0.015229489603379047, ""gross_amount"": 0.023136371860315655, ""gross_amount_pct_nav"": 0.015229489603379047, ""fee"": 6.9409115580946954e-06, ""fee_pct_nav"": 4.568846881013714e-06, ""name"": ""中国银行""}]",,,,
2021-10-08,0.00000000,0.00000000,0.00000000,0.00000000,0.00000000,0.00000000,0.00000000,0.00000000,weekly_portfolio_overlay,,2021-10-08,2021-10-08,2021-10-11,risk_on
2021-10-15,0.00000000,0.00000000,0.00000000,0.00000000,0.00000000,0.00000000,0.00000000,0.00000000,weekly_portfolio_overlay,,2021-10-15,2021-10-15,2021-10-18,risk_on
2021-10-22,0.00683126,0.01366251,0.00000000,0.02233994,0.00000670,0.00000000,0.00000670,0.00000000,weekly_portfolio_overlay,"[{""ts_code"": ""01211.HK"", ""side"": ""sell"", ""current_weight"": 0.0906569137174708, ""target_weight"": 0.07699440356152285, ""post_trade_weight"": 0.07699471914386252, ""diff_weight"": -0.013662510155947947, ""gross_amount"": 0.022339941893423892, ""gross_amount_pct_nav"": 0.013662510155947947, ""fee"": 6.7019825680271676e-06, ""fee_pct_nav"": 4.098753046784384e-06, ""name"": ""比亚迪股份""}]",2021-10-22,2021-10-22,2021-10-25,risk_on
2021-11-01,0.14617067,0.29234134,0.25905666,0.20079627,0.00013796,0.00007772,0.00006024,0.00000000,rebalance,"[{""ts_code"": ""00669.HK"", ""side"": ""buy"", ""current_weight"": 0.0, ""target_weight"": 0.050551597783759755, ""post_trade_weight"": 0.050556031669176854, ""diff_weight"": 0.050551597783759755, ""gross_amount"": 0.07951766284463892, ""gross_amount_pct_nav"": 0.050551597783759755, ""fee"": 2.3855298853391674e-05, ""fee_pct_nav"": 1.5165479335127925e-05, ""name"": ""创科实业""}, {""ts_code"": ""00857.HK"", ""side"": ""buy"", ""current_weight"": 0.07798623737902946, ""target_weight"": 0.0973583933518801, ""post_trade_weight"": 0.09736693266575819, ""diff_weight"": 0.01937215597285064, ""gross_amount"": 0.030472401165483526, ""gross_amount_pct_nav"": 0.01937215597285064, ""fee"": 9.141720349645057e-06, ""fee_pct_nav"": 5.811646791855191e-06, ""name"": ""中国石油股份""}, {""ts_code"": ""01658.HK"", ""side"": ""buy"", ""current_weight"": 0.0, ""target_weight"": 0.07701547883034458, ""post_trade_weight"": 0.07702223386526826, ""diff_weight"": 0.07701547883034458, ""gross_amount"": 0.1211453474852816, ""gross_amount_pct_nav"": 0.07701547883034458, ""fee"": 3.634360424558448e-05, ""fee_pct_nav"": 2.3104643649103374e-05, ""name"": ""邮储银行""}, {""ts_code"": ""01772.HK"", ""side"": ""sell"", ""current_weight"": 0.06490376528717912, ""target_weight"": 0.0, ""post_trade_weight"": 0.0, ""diff_weight"": -0.06490376528717912, ""gross_amount"": 0.1020936221943021, ""gross_amount_pct_nav"": 0.06490376528717912, ""fee"": 3.062808665829063e-05, ""fee_pct_nav"": 1.9471129586153735e-05, ""name"": ""赣锋锂业""}, {""ts_code"": ""02020.HK"", ""side"": ""sell"", ""current_weight"": 0.051671747423417624, ""target_weight"": 0.0, ""post_trade_weight"": 0.0, ""diff_weight"": -0.051671747423417624, ""gross_amount"": 0.08127965821742363, ""gross_amount_pct_nav"": 0.051671747423417624, ""fee"": 2.4383897465227087e-05, ""fee_pct_nav"": 1.5501524227025287e-05, ""name"": ""安踏体育""}, {""ts_code"": ""02359.HK"", ""side"": ""buy"", ""current_weight"": 0.0460305420546618, ""target_weight"": 0.0637808584767387, ""post_trade_weight"": 0.06378645270186091, ""diff_weight"": 0.0177503164220769, ""gross_amount"": 0.027921247567170196, ""gross_amount_pct_nav"": 0.0177503164220769, ""fee"": 8.376374270151057e-06, ""fee_pct_nav"": 5.3250949266230695e-06, ""name"": ""药明康德""}, {""ts_code"": ""03968.HK"", ""side"": ""sell"", ""current_weight"": 0.10625966596087599, ""target_weight"": 0.09518338740897257, ""post_trade_weight"": 0.09519173595287395, ""diff_weight"": -0.011076278551903431, ""gross_amount"": 0.01742298605933512, ""gross_amount_pct_nav"": 0.011076278551903431, ""fee"": 5.226895817800536e-06, ""fee_pct_nav"": 3.3228835655710294e-06, ""name"": ""招商银行""}]",,,,
2021-11-05,0.16263901,0.32527802,0.00000000,0.49551676,0.00014866,0.00000000,0.00014866,0.00000000,weekly_portfolio_overlay,"[{""ts_code"": ""00005.HK"", ""side"": ""sell"", ""current_weight"": 0.07683957104269237, ""target_weight"": 0.04938432354530087, ""post_trade_weight"": 0.049389143106167294, ""diff_weight"": -0.02745524749739151, ""gross_amount"": 0.041824329299133586, ""gross_amount_pct_nav"": 0.02745524749739151, ""fee"": 1.2547298789740075e-05, ""fee_pct_nav"": 8.236574249217451e-06, ""name"": ""汇丰控股""}, {""ts_code"": ""00669.HK"", ""side"": ""sell"", ""current_weight"": 0.05109503115726322, ""target_weight"": 0.03538576876753355, ""post_trade_weight"": 0.035389222168413365, ""diff_weight"": -0.01570926238972968, ""gross_amount"": 0.023930921158039895, ""gross_amount_pct_nav"": 0.01570926238972968, ""fee"": 7.179276347411968e-06, ""fee_pct_nav"": 4.712778716918903e-06, ""name"": ""创科实业""}, {""ts_code"": ""00857.HK"", ""side"": ""sell"", ""current_weight"": 0.09393847744502799, ""target_weight"": 0.06815020188807919, ""post_trade_weight"": 0.06815685286601063, ""diff_weight"": -0.025788275556948806, ""gross_amount"": 0.03928492464156802, ""gross_amount_pct_nav"": 0.025788275556948806, ""fee"": 1.1785477392470405e-05, ""fee_pct_nav"": 7.73648266708464e-06, ""name"": ""中国石油股份""}, {""ts_code"": ""01088.HK"", ""side"": ""sell"", ""current_weight"": 0.061890177834643775, ""target_weight"": 0.04445204297121354, ""post_trade_weight"": 0.04445638117636361, ""diff_weight"": -0.017438134863430238, ""gross_amount"": 0.026564622845235752, ""gross_amount_pct_nav"": 0.017438134863430238, ""fee"": 7.969386853570726e-06, ""fee_pct_nav"": 5.231440459029072e-06, ""name"": ""中国神华""}, {""ts_code"": ""01211.HK"", ""side"": ""sell"", ""current_weight"": 0.08296898553934852, ""target_weight"": 0.052705477226890736, ""post_trade_weight"": 0.052710620908878326, ""diff_weight"": -0.030263508312457787, ""gross_amount"": 0.04610233207795918, ""gross_amount_pct_nav"": 0.030263508312457787, ""fee"": 1.3830699623387752e-05, ""fee_pct_nav"": 9.079052493737334e-06, ""name"": ""比亚迪股份""}, {""ts_code"": ""01288.HK"", ""side"": ""sell"", ""current_weight"": 0.07306364428675088, ""target_weight"": 0.04499567469160583, ""post_trade_weight"": 0.045000065951368726, ""diff_weight"": -0.02806796959514506, ""gross_amount"": 0.04275772794315365, ""gross_amount_pct_nav"": 0.02806796959514506, ""fee"": 1.2827318382946093e-05, ""fee_pct_nav"": 8.420390878543517e-06, ""name"": ""农业银行""}, {""ts_code"": ""01299.HK"", ""side"": ""sell"", ""current_weight"": 0.06873375213305008, ""target_weight"": 0.043914900927184836, ""post_trade_weight"": 0.04391918671106862, ""diff_weight"": -0.024818851205865248, ""gross_amount"": 0.037808138708599476, ""gross_amount_pct_nav"": 0.024818851205865248, ""fee"": 1.1342441612579842e-05, ""fee_pct_nav"": 7.445655361759574e-06, ""name"": ""友邦保险""}, {""ts_code"": ""01658.HK"", ""side"": ""sell"", ""current_weight"": 0.0767882106941996, ""target_weight"": 0.05391030244126061, ""post_trade_weight"": 0.053915563705671875, ""diff_weight"": -0.022877908252938988, ""gross_amount"": 0.034851376536933265, ""gross_amount_pct_nav"": 0.022877908252938988, ""fee"": 1.0455412961079978e-05, ""fee_pct_nav"": 6.863372475881696e-06, ""name"": ""邮储银行""}, {""ts_code"": ""01919.HK"", ""side"": ""sell"", ""current_weight"": 0.06597865423379165, ""target_weight"": 0.03999757593198939, ""post_trade_weight"": 0.040001479412646306, ""diff_weight"": -0.025981078301802258, ""gross_amount"": 0.03957863335759011, ""gross_amount_pct_nav"": 0.025981078301802258, ""fee"": 1.1873590007277033e-05, ""fee_pct_nav"": 7.794323490540677e-06, ""name"": ""中远海控""}, {""ts_code"": ""02269.HK"", ""side"": ""sell"", ""current_weight"": 0.0646199804802822, ""target_weight"": 0.04985108606062276, ""post_trade_weight"": 0.04985595117421101, ""diff_weight"": -0.014768894419659446, ""gross_amount"": 0.02249839866315756, ""gross_amount_pct_nav"": 0.014768894419659446, ""fee"": 6.749519598947267e-06, ""fee_pct_nav"": 4.430668325897833e-06, ""name"": ""药明生物""}, {""ts_code"": ""02333.HK"", ""side"": ""sell"", ""current_weight"": 0.07561816818632856, ""target_weight"": 0.04904822684154528, ""post_trade_weight"": 0.049053013601749386, ""diff_weight"": -0.02656994134478328, ""gross_amount"": 0.04047568598201348, ""gross_amount_pct_nav"": 0.02656994134478328, ""fee"": 1.2142705794604044e-05, ""fee_pct_nav"": 7.970982403434984e-06, ""name"": ""长城汽车""}, {""ts_code"": ""02359.HK"", ""side"": ""sell"", ""current_weight"": 0.06317000421330318, ""target_weight"": 0.044646159741714875, ""post_trade_weight"": 0.04465051689128948, ""diff_weight"": -0.018523844471588315, ""gross_amount"": 0.02821855352566946, ""gross_amount_pct_nav"": 0.018523844471588315, ""fee"": 8.465566057700838e-06, ""fee_pct_nav"": 5.557153341476493e-06, ""name"": ""药明康德""}, {""ts_code"": ""03968.HK"", ""side"": ""sell"", ""current_weight"": 0.09365800957255704, ""target_weight"": 0.06662771277323538, ""post_trade_weight"": 0.06663421516699211, ""diff_weight"": -0.027030296799321667, ""gross_amount"": 0.04117697480219604, ""gross_amount_pct_nav"": 0.027030296799321667, ""fee"": 1.235309244065881e-05, ""fee_pct_nav"": 8.1090890397965e-06, ""name"": ""招商银行""}, {""ts_code"": ""03988.HK"", ""side"": ""sell"", ""current_weight"": 0.07684704902816833, ""target_weight"": 0.05686223780673503, ""post_trade_weight"": 0.0568677871591699, ""diff_weight"": -0.0199848112214333, ""gross_amount"": 0.030444137339707453, ""gross_amount_pct_nav"": 0.0199848112214333, ""fee"": 9.133241201912236e-06, ""fee_pct_nav"": 5.99544336642999e-06, ""name"": ""中国银行""}]",2021-11-05,2021-11-05,2021-11-08,caution
2021-11-12,0.14824565,0.29649129,0.45682749,0.00000000,0.00013705,0.00013705,0.00000000,0.00000000,weekly_portfolio_overlay,"[{""ts_code"": ""00005.HK"", ""side"": ""buy"", ""current_weight"": 0.04829725045379492, ""target_weight"": 0.07054964295840196, ""post_trade_weight"": 0.0705559187230959, ""diff_weight"": 0.022252392504607053, ""gross_amount"": 0.03428601353813153, ""gross_amount_pct_nav"": 0.022252392504607053, ""fee"": 1.0285804061439459e-05, ""fee_pct_nav"": 6.675717751382116e-06, ""name"": ""汇丰控股""}, {""ts_code"": ""00669.HK"", ""side"": ""buy"", ""current_weight"": 0.03756418351146737, ""target_weight"": 0.050551534842186, ""post_trade_weight"": 0.050556031669161776, ""diff_weight"": 0.012987351330718629, ""gross_amount"": 0.020010634966882747, ""gross_amount_pct_nav"": 0.012987351330718629, ""fee"": 6.003190490064824e-06, ""fee_pct_nav"": 3.896205399215588e-06, ""name"": ""创科实业""}, {""ts_code"": ""00857.HK"", ""side"": ""buy"", ""current_weight"": 0.06808918191145058, ""target_weight"": 0.09735827213136947, ""post_trade_weight"": 0.09736693266572916, ""diff_weight"": 0.029269090219918897, ""gross_amount"": 0.045097192282635104, ""gross_amount_pct_nav"": 0.029269090219918897, ""fee"": 1.352915768479053e-05, ""fee_pct_nav"": 8.780727065975668e-06, ""name"": ""中国石油股份""}, {""ts_code"": ""01088.HK"", ""side"": ""buy"", ""current_weight"": 0.04274064424175946, ""target_weight"": 0.0635034669962401, ""post_trade_weight"": 0.0635091159662335, ""diff_weight"": 0.02076282275448064, ""gross_amount"": 0.031990916118460735, ""gross_amount_pct_nav"": 0.02076282275448064, ""fee"": 9.59727483553822e-06, ""fee_pct_nav"": 6.228846826344192e-06, ""name"": ""中国神华""}, {""ts_code"": ""01211.HK"", ""side"": ""buy"", ""current_weight"": 0.05039585545513673, ""target_weight"": 0.07529418919545258, ""post_trade_weight"": 0.07530088701268307, ""diff_weight"": 0.02489833374031586, ""gross_amount"": 0.03836282357147201, ""gross_amount_pct_nav"": 0.02489833374031586, ""fee"": 1.1508847071441602e-05, ""fee_pct_nav"": 7.469500122094757e-06, ""name"": ""比亚迪股份""}, {""ts_code"": ""01288.HK"", ""side"": ""buy"", ""current_weight"": 0.04448710141815093, ""target_weight"": 0.0642800904471892, ""post_trade_weight"": 0.0642858085019551, ""diff_weight"": 0.019792989029038265, ""gross_amount"": 0.030496616921942, ""gross_amount_pct_nav"": 0.019792989029038265, ""fee"": 9.148985076582599e-06, ""fee_pct_nav"": 5.937896708711479e-06, ""name"": ""农业银行""}, {""ts_code"": ""01299.HK"", ""side"": ""buy"", ""current_weight"": 0.04291579104334122, ""target_weight"": 0.06273611459159677, ""post_trade_weight"": 0.06274169530152637, ""diff_weight"": 0.01982032354825555, ""gross_amount"": 0.030538733368330767, ""gross_amount_pct_nav"": 0.01982032354825555, ""fee"": 9.16162001049923e-06, ""fee_pct_nav"": 5.946097064476664e-06, ""name"": ""友邦保险""}, {""ts_code"": ""01658.HK"", ""side"": ""buy"", ""current_weight"": 0.053859680047696507, ""target_weight"": 0.07701538293870805, ""post_trade_weight"": 0.07702223386524529, ""diff_weight"": 0.02315570289101155, ""gross_amount"": 0.03567781498739085, ""gross_amount_pct_nav"": 0.02315570289101155, ""fee"": 1.0703344496217254e-05, ""fee_pct_nav"": 6.946710867303464e-06, ""name"": ""邮储银行""}, {""ts_code"": ""01919.HK"", ""side"": ""buy"", ""current_weight"": 0.038073736847862125, ""target_weight"": 0.05713988769361065, ""post_trade_weight"": 0.05714497058949453, ""diff_weight"": 0.019066150845748517, ""gross_amount"": 0.029376720093448445, ""gross_amount_pct_nav"": 0.019066150845748517, ""fee"": 8.813016028034533e-06, ""fee_pct_nav"": 5.719845253724555e-06, ""name"": ""中远海控""}, {""ts_code"": ""02269.HK"", ""side"": ""buy"", ""current_weight"": 0.0570169508420984, ""target_weight"": 0.07121645231080947, ""post_trade_weight"": 0.07122278739172977, ""diff_weight"": 0.014199501468711077, ""gross_amount"": 0.02187829014296562, ""gross_amount_pct_nav"": 0.014199501468711077, ""fee"": 6.5634870428896854e-06, ""fee_pct_nav"": 4.2598504406133224e-06, ""name"": ""药明生物""}, {""ts_code"": ""02333.HK"", ""side"": ""buy"", ""current_weight"": 0.04886134741623433, ""target_weight"": 0.07006950066329284, ""post_trade_weight"": 0.07007573371678459, ""diff_weight"": 0.02120815324705851, ""gross_amount"": 0.03267707187875961, ""gross_amount_pct_nav"": 0.02120815324705851, ""fee"": 9.803121563627882e-06, ""fee_pct_nav"": 6.3624459741175525e-06, ""name"": ""长城汽车""}, {""ts_code"": ""02359.HK"", ""side"": ""buy"", ""current_weight"": 0.04730688963109583, ""target_weight"": 0.06378077906347021, ""post_trade_weight"": 0.06378645270184191, ""diff_weight"": 0.016473889432374385, ""gross_amount"": 0.02538261878973827, ""gross_amount_pct_nav"": 0.016473889432374385, ""fee"": 7.614785636921481e-06, ""fee_pct_nav"": 4.942166829712315e-06, ""name"": ""药明康德""}, {""ts_code"": ""03968.HK"", ""side"": ""buy"", ""current_weight"": 0.0670710542690025, ""target_weight"": 0.09518326889655236, ""post_trade_weight"": 0.09519173595284557, ""diff_weight"": 0.02811221462754986, ""gross_amount"": 0.043314702951940134, ""gross_amount_pct_nav"": 0.02811221462754986, ""fee"": 1.299441088558204e-05, ""fee_pct_nav"": 8.433664388264956e-06, ""name"": ""招商银行""}, {""ts_code"": ""03988.HK"", ""side"": ""buy"", ""current_weight"": 0.056740091453745006, ""target_weight"": 0.08123246988289717, ""post_trade_weight"": 0.08123969594167103, ""diff_weight"": 0.024492378429152164, ""gross_amount"": 0.03773733625402724, ""gross_amount_pct_nav"": 0.024492378429152164, ""fee"": 1.1321200876208171e-05, ""fee_pct_nav"": 7.347713528745649e-06, ""name"": ""中国银行""}]",2021-11-12,2021-11-12,2021-11-15,risk_on
2021-11-19,0.00000000,0.00000000,0.00000000,0.00000000,0.00000000,0.00000000,0.00000000,0.00000000,weekly_portfolio_overlay,,2021-11-19,2021-11-19,2021-11-22,risk_on
2021-11-26,0.15003151,0.30006301,0.00000000,0.46161761,0.00013849,0.00000000,0.00013849,0.00000000,weekly_portfolio_overlay,"[{""ts_code"": ""00005.HK"", ""side"": ""sell"", ""current_weight"": 0.0683939282314904, ""target_weight"": 0.049384697149636864, ""post_trade_weight"": 0.049389143106167294, ""diff_weight"": -0.019009231081853532, ""gross_amount"": 0.029243843526218852, ""gross_amount_pct_nav"": 0.019009231081853532, ""fee"": 8.773153057865655e-06, ""fee_pct_nav"": 5.702769324556059e-06, ""name"": ""汇丰控股""}, {""ts_code"": ""00669.HK"", ""side"": ""sell"", ""current_weight"": 0.04931145891038809, ""target_weight"": 0.035386036469421414, ""post_trade_weight"": 0.03538922216841336, ""diff_weight"": -0.01392542244096667, ""gross_amount"": 0.02142290096567219, ""gross_amount_pct_nav"": 0.01392542244096667, ""fee"": 6.426870289701656e-06, ""fee_pct_nav"": 4.177626732290001e-06, ""name"": ""创科实业""}, {""ts_code"": ""00857.HK"", ""side"": ""sell"", ""current_weight"": 0.09378438139338742, ""target_weight"": 0.0681507174608176, ""post_trade_weight"": 0.06815685286601063, ""diff_weight"": -0.02563366393256982, ""gross_amount"": 0.03943488580994502, ""gross_amount_pct_nav"": 0.02563366393256982, ""fee"": 1.1830465742983504e-05, ""fee_pct_nav"": 7.690099179770946e-06, ""name"": ""中国石油股份""}, {""ts_code"": ""01088.HK"", ""side"": ""sell"", ""current_weight"": 0.06518896048581833, ""target_weight"": 0.04445237926165565, ""post_trade_weight"": 0.04445638117636361, ""diff_weight"": -0.020736581224162692, ""gross_amount"": 0.031901202840710144, ""gross_amount_pct_nav"": 0.020736581224162692, ""fee"": 9.570360852213043e-06, ""fee_pct_nav"": 6.220974367248807e-06, ""name"": ""中国神华""}, {""ts_code"": ""01211.HK"", ""side"": ""sell"", ""current_weight"": 0.07751454441614235, ""target_weight"": 0.052705875956556535, ""post_trade_weight"": 0.05271062090887832, ""diff_weight"": -0.02480866845958581, ""gross_amount"": 0.03816571093286046, ""gross_amount_pct_nav"": 0.02480866845958581, ""fee"": 1.1449713279858138e-05, ""fee_pct_nav"": 7.4426005378757425e-06, ""name"": ""比亚迪股份""}, {""ts_code"": ""01288.HK"", ""side"": ""sell"", ""current_weight"": 0.06344635550432437, ""target_weight"": 0.04499601509475321, ""post_trade_weight"": 0.045000065951368726, ""diff_weight"": -0.018450340409571157, ""gross_amount"": 0.028384044868497688, ""gross_amount_pct_nav"": 0.018450340409571157, ""fee"": 8.515213460549306e-06, ""fee_pct_nav"": 5.535102122871347e-06, ""name"": ""农业银行""}, {""ts_code"": ""01299.HK"", ""side"": ""sell"", ""current_weight"": 0.06190901402439451, ""target_weight"": 0.043915233154017644, ""post_trade_weight"": 0.04391918671106862, ""diff_weight"": -0.017993780870376872, ""gross_amount"": 0.02768167265432929, ""gross_amount_pct_nav"": 0.017993780870376872, ""fee"": 8.304501796298787e-06, ""fee_pct_nav"": 5.398134261113062e-06, ""name"": ""友邦保险""}, {""ts_code"": ""01658.HK"", ""side"": ""sell"", ""current_weight"": 0.07297358168416808, ""target_weight"": 0.05391071028572018, ""post_trade_weight"": 0.053915563705671875, ""diff_weight"": -0.01906287139844791, ""gross_amount"": 0.02932636390899647, ""gross_amount_pct_nav"": 0.01906287139844791, ""fee"": 8.79790917269894e-06, ""fee_pct_nav"": 5.718861419534371e-06, ""name"": ""邮储银行""}, {""ts_code"": ""01919.HK"", ""side"": ""sell"", ""current_weight"": 0.06646160780370217, ""target_weight"": 0.03999787852331241, ""post_trade_weight"": 0.040001479412646306, ""diff_weight"": -0.026463729280389755, ""gross_amount"": 0.040711860193793456, ""gross_amount_pct_nav"": 0.026463729280389755, ""fee"": 1.2213558058138035e-05, ""fee_pct_nav"": 7.939118784116925e-06, ""name"": ""中远海控""}, {""ts_code"": ""02269.HK"", ""side"": ""sell"", ""current_weight"": 0.07046551642083652, ""target_weight"": 0.04985146319612993, ""post_trade_weight"": 0.04985595117421101, ""diff_weight"": -0.020614053224706597, ""gross_amount"": 0.03171270549285607, ""gross_amount_pct_nav"": 0.020614053224706597, ""fee"": 9.51381164785682e-06, ""fee_pct_nav"": 6.184215967411978e-06, ""name"": ""药明生物""}, {""ts_code"": ""02333.HK"", ""side"": ""sell"", ""current_weight"": 0.07137108675392104, ""target_weight"": 0.04904859790322853, ""post_trade_weight"": 0.04905301360174938, ""diff_weight"": -0.022322488850692497, ""gross_amount"": 0.03434096667321718, ""gross_amount_pct_nav"": 0.022322488850692497, ""fee"": 1.0302290001965153e-05, ""fee_pct_nav"": 6.6967466552077485e-06, ""name"": ""长城汽车""}, {""ts_code"": ""02359.HK"", ""side"": ""sell"", ""current_weight"": 0.06956267133184348, ""target_weight"": 0.044646497500697234, ""post_trade_weight"": 0.044650516891289474, ""diff_weight"": -0.02491617383114624, ""gross_amount"": 0.03833109743642832, ""gross_amount_pct_nav"": 0.02491617383114624, ""fee"": 1.1499329230928494e-05, ""fee_pct_nav"": 7.474852149343871e-06, ""name"": ""药明康德""}, {""ts_code"": ""03968.HK"", ""side"": ""sell"", ""current_weight"": 0.08937854039393259, ""target_weight"": 0.0666282168279759, ""post_trade_weight"": 0.06663421516699211, ""diff_weight"": -0.022750323565956694, ""gross_amount"": 0.03499914855413577, ""gross_amount_pct_nav"": 0.022750323565956694, ""fee"": 1.0499744566240732e-05, ""fee_pct_nav"": 6.825097069787008e-06, ""name"": ""招商银行""}, {""ts_code"": ""03988.HK"", ""side"": ""sell"", ""current_weight"": 0.08023835264564819, ""target_weight"": 0.05686266798329864, ""post_trade_weight"": 0.0568677871591699, ""diff_weight"": -0.023375684662349537, ""gross_amount"": 0.03596120546067498, ""gross_amount_pct_nav"": 0.023375684662349537, ""fee"": 1.0788361638202493e-05, ""fee_pct_nav"": 7.012705398704861e-06, ""name"": ""中国银行""}]",2021-11-26,2021-11-26,2021-11-29,caution
2021-12-01,0.08927598,0.17855195,0.13161961,0.14398303,0.00008268,0.00003949,0.00004319,0.00000000,rebalance,"[{""ts_code"": ""00669.HK"", ""side"": ""buy"", ""current_weight"": 0.03582527209845569, ""target_weight"": 0.047917505187121935, ""post_trade_weight"": 0.04792007205385133, ""diff_weight"": 0.012092233088666238, ""gross_amount"": 0.018664883206878896, ""gross_amount_pct_nav"": 0.012092233088666238, ""fee"": 5.599464962063668e-06, ""fee_pct_nav"": 3.6276699265998712e-06, ""name"": ""创科实业""}, {""ts_code"": ""01299.HK"", ""side"": ""sell"", ""current_weight"": 0.04298836993463078, ""target_weight"": 0.0, ""post_trade_weight"": 0.0, ""diff_weight"": -0.04298836993463078, ""gross_amount"": 0.06635440271458484, ""gross_amount_pct_nav"": 0.04298836993463078, ""fee"": 1.990632081437545e-05, ""fee_pct_nav"": 1.2896510980389233e-05, ""name"": ""友邦保险""}, {""ts_code"": ""01772.HK"", ""side"": ""buy"", ""current_weight"": 0.0, ""target_weight"": 0.03679217727959037, ""post_trade_weight"": 0.03679414817969028, ""diff_weight"": 0.03679217727959037, ""gross_amount"": 0.056790312162770445, ""gross_amount_pct_nav"": 0.03679217727959037, ""fee"": 1.703709364883113e-05, ""fee_pct_nav"": 1.1037653183877108e-05, ""name"": ""赣锋锂业""}, {""ts_code"": ""02269.HK"", ""side"": ""sell"", ""current_weight"": 0.0502924878680262, ""target_weight"": 0.0, ""post_trade_weight"": 0.0, ""diff_weight"": -0.0502924878680262, ""gross_amount"": 0.07762862370887534, ""gross_amount_pct_nav"": 0.0502924878680262, ""fee"": 2.32885871126626e-05, ""fee_pct_nav"": 1.5087746360407857e-05, ""name"": ""药明生物""}, {""ts_code"": ""02331.HK"", ""side"": ""buy"", ""current_weight"": 0.0, ""target_weight"": 0.0363866843741362, ""post_trade_weight"": 0.036388633552607574, ""diff_weight"": 0.0363866843741362, ""gross_amount"": 0.0561644163777633, ""gross_amount_pct_nav"": 0.0363866843741362, ""fee"": 1.684932491332899e-05, ""fee_pct_nav"": 1.0916005312240858e-05, ""name"": ""李宁""}]",,,,
2021-12-03,0.00670818,0.01341635,0.02071309,0.00000000,0.00000621,0.00000621,0.00000000,0.00000000,weekly_portfolio_overlay,"[{""ts_code"": ""01211.HK"", ""side"": ""buy"", ""current_weight"": 0.04935603644694114, ""target_weight"": 0.06277238721289284, ""post_trade_weight"": 0.06277263986681933, ""diff_weight"": 0.01341635076595169, ""gross_amount"": 0.020713087439288916, ""gross_amount_pct_nav"": 0.01341635076595169, ""fee"": 6.213926231786674e-06, ""fee_pct_nav"": 4.024905229785507e-06, ""name"": ""比亚迪股份""}]",2021-12-03,2021-12-03,2021-12-06,caution
2021-12-10,0.13675713,0.27351426,0.42562475,0.00000000,0.00012769,0.00012769,0.00000000,0.00000000,weekly_portfolio_overlay,"[{""ts_code"": ""00005.HK"", ""side"": ""buy"", ""current_weight"": 0.05033082882001414, ""target_weight"": 0.08218319529840148, ""post_trade_weight"": 0.08218993933457988, ""diff_weight"": 0.031852366478387344, ""gross_amount"": 0.04956653913738643, ""gross_amount_pct_nav"": 0.031852366478387344, ""fee"": 1.4869961741215926e-05, ""fee_pct_nav"": 9.5557099435162e-06, ""name"": ""汇丰控股""}, {""ts_code"": ""00669.HK"", ""side"": ""buy"", ""current_weight"": 0.047700370916406006, ""target_weight"": 0.06845162858129446, ""post_trade_weight"": 0.06845724579121124, ""diff_weight"": 0.020751257664888455, ""gross_amount"": 0.03229173022025204, ""gross_amount_pct_nav"": 0.020751257664888455, ""fee"": 9.687519066075612e-06, ""fee_pct_nav"": 6.225377299466536e-06, ""name"": ""创科实业""}, {""ts_code"": ""00857.HK"", ""side"": ""buy"", ""current_weight"": 0.07004968065674717, ""target_weight"": 0.09384452926014884, ""post_trade_weight"": 0.09385223023719381, ""diff_weight"": 0.023794848603401673, ""gross_amount"": 0.03702796448009496, ""gross_amount_pct_nav"": 0.023794848603401673, ""fee"": 1.1108389344028488e-05, ""fee_pct_nav"": 7.138454581020502e-06, ""name"": ""中国石油股份""}, {""ts_code"": ""01211.HK"", ""side"": ""buy"", ""current_weight"": 0.06319941576291291, ""target_weight"": 0.089667841575915, ""post_trade_weight"": 0.08967519980974163, ""diff_weight"": 0.026468425813002076, ""gross_amount"": 0.041188407927409965, ""gross_amount_pct_nav"": 0.026468425813002076, ""fee"": 1.2356522378222989e-05, ""fee_pct_nav"": 7.940527743900623e-06, ""name"": ""比亚迪股份""}, {""ts_code"": ""01288.HK"", ""side"": ""buy"", ""current_weight"": 0.0451374728945787, ""target_weight"": 0.06515971708362883, ""post_trade_weight"": 0.06516506415595658, ""diff_weight"": 0.02002224418905013, ""gross_amount"": 0.03115728782312778, ""gross_amount_pct_nav"": 0.02002224418905013, ""fee"": 9.347186346938333e-06, ""fee_pct_nav"": 6.00667325671504e-06, ""name"": ""农业银行""}, {""ts_code"": ""01658.HK"", ""side"": ""buy"", ""current_weight"": 0.05540022921673458, ""target_weight"": 0.07646723724805056, ""post_trade_weight"": 0.0764735122269266, ""diff_weight"": 0.021067008031315983, ""gross_amount"": 0.03278307998874706, ""gross_amount_pct_nav"": 0.021067008031315983, ""fee"": 9.834923996624118e-06, ""fee_pct_nav"": 6.320102409394794e-06, ""name"": ""邮储银行""}, {""ts_code"": ""01772.HK"", ""side"": ""buy"", ""current_weight"": 0.0345371652644746, ""target_weight"": 0.05255875580343269, ""post_trade_weight"": 0.05256306882812518, ""diff_weight"": 0.018021590538958094, ""gross_amount"": 0.028044003367012772, ""gross_amount_pct_nav"": 0.018021590538958094, ""fee"": 8.413201010103831e-06, ""fee_pct_nav"": 5.406477161687428e-06, ""name"": ""赣锋锂业""}, {""ts_code"": ""02331.HK"", ""side"": ""buy"", ""current_weight"": 0.03723800248127665, ""target_weight"": 0.05197949672790054, ""post_trade_weight"": 0.05198376221800707, ""diff_weight"": 0.014741494246623892, ""gross_amount"": 0.022939735168959224, ""gross_amount_pct_nav"": 0.014741494246623892, ""fee"": 6.8819205506877665e-06, ""fee_pct_nav"": 4.422448273987167e-06, ""name"": ""李宁""}, {""ts_code"": ""02333.HK"", ""side"": ""buy"", ""current_weight"": 0.04259610726499033, ""target_weight"": 0.07434252335719142, ""post_trade_weight"": 0.07434862397989529, ""diff_weight"": 0.031746416092201094, ""gross_amount"": 0.04940166617678285, ""gross_amount_pct_nav"": 0.031746416092201094, ""fee"": 1.4820499853034854e-05, ""fee_pct_nav"": 9.523924827660327e-06, ""name"": ""长城汽车""}, {""ts_code"": ""02359.HK"", ""side"": ""buy"", ""current_weight"": 0.040634302228517244, ""target_weight"": 0.0668270444213205, ""post_trade_weight"": 0.06683252831621696, ""diff_weight"": 0.026192742192803247, ""gross_amount"": 0.04075940737075137, ""gross_amount_pct_nav"": 0.026192742192803247, ""fee"": 1.2227822211225411e-05, ""fee_pct_nav"": 7.857822657840974e-06, ""name"": ""药明康德""}, {""ts_code"": ""03968.HK"", ""side"": ""buy"", ""current_weight"": 0.071119993540266, ""target_weight"": 0.09112362328404859, ""post_trade_weight"": 0.0911311009807955, ""diff_weight"": 0.020003629743782596, ""gross_amount"": 0.031128321258571262, ""gross_amount_pct_nav"": 0.020003629743782596, ""fee"": 9.338496377571378e-06, ""fee_pct_nav"": 6.001088923134779e-06, ""name"": ""招商银行""}, {""ts_code"": ""03988.HK"", ""side"": ""buy"", ""current_weight"": 0.05647620849723302, ""target_weight"": 0.07532844682655118, ""post_trade_weight"": 0.07533462835513273, ""diff_weight"": 0.018852238329318156, ""gross_amount"": 0.02933660234041094, ""gross_amount_pct_nav"": 0.018852238329318156, ""fee"": 8.80098070212328e-06, ""fee_pct_nav"": 5.655671498795447e-06, ""name"": ""中国银行""}]",2021-12-10,2021-12-10,2021-12-13,risk_on
2021-12-17,0.13616052,0.27232104,0.00000000,0.39768764,0.00011931,0.00000000,0.00011931,0.00000000,weekly_portfolio_overlay,"[{""ts_code"": ""00005.HK"", ""side"": ""sell"", ""current_weight"": 0.08834628294086169, ""target_weight"": 0.05752825730378809, ""post_trade_weight"": 0.057532957534206036, ""diff_weight"": -0.030818025637073608, ""gross_amount"": 0.0450055128966655, ""gross_amount_pct_nav"": 0.030818025637073608, ""fee"": 1.350165386899965e-05, ""fee_pct_nav"": 9.245407691122082e-06, ""name"": ""汇丰控股""}, {""ts_code"": ""00669.HK"", ""side"": ""sell"", ""current_weight"": 0.06677267809654144, ""target_weight"": 0.04791615716071626, ""post_trade_weight"": 0.047920072053847976, ""diff_weight"": -0.018856520935825176, ""gross_amount"": 0.027537370698485414, ""gross_amount_pct_nav"": 0.018856520935825176, ""fee"": 8.261211209545624e-06, ""fee_pct_nav"": 5.656956280747553e-06, ""name"": ""创科实业""}, {""ts_code"": ""00857.HK"", ""side"": ""sell"", ""current_weight"": 0.09687387340339698, ""target_weight"": 0.06569119399931292, ""post_trade_weight"": 0.06569656116603581, ""diff_weight"": -0.03118267940408407, ""gross_amount"": 0.0455380398666692, ""gross_amount_pct_nav"": 0.03118267940408407, ""fee"": 1.3661411960000758e-05, ""fee_pct_nav"": 9.354803821225221e-06, ""name"": ""中国石油股份""}, {""ts_code"": ""01088.HK"", ""side"": ""sell"", ""current_weight"": 0.050894854632634365, ""target_weight"": 0.04065391622191103, ""post_trade_weight"": 0.04065723776827086, ""diff_weight"": -0.01024093841072333, ""gross_amount"": 0.014955490372599078, ""gross_amount_pct_nav"": 0.01024093841072333, ""fee"": 4.486647111779723e-06, ""fee_pct_nav"": 3.0722815232169986e-06, ""name"": ""中国神华""}, {""ts_code"": ""01211.HK"", ""side"": ""sell"", ""current_weight"": 0.08341191130901597, ""target_weight"": 0.06276751157368152, ""post_trade_weight"": 0.06277263986681926, ""diff_weight"": -0.02064439973533445, ""gross_amount"": 0.030148323240240457, ""gross_amount_pct_nav"": 0.02064439973533445, ""fee"": 9.044496972072136e-06, ""fee_pct_nav"": 6.1933199206003345e-06, ""name"": ""比亚迪股份""}, {""ts_code"": ""01288.HK"", ""side"": ""sell"", ""current_weight"": 0.06943287992378315, ""target_weight"": 0.04561181828740537, ""post_trade_weight"": 0.0456155449091697, ""diff_weight"": -0.023821061636377774, ""gross_amount"": 0.034787403622591875, ""gross_amount_pct_nav"": 0.023821061636377774, ""fee"": 1.0436221086777562e-05, ""fee_pct_nav"": 7.146318490913332e-06, ""name"": ""农业银行""}, {""ts_code"": ""01658.HK"", ""side"": ""sell"", ""current_weight"": 0.08182575095750146, ""target_weight"": 0.05352708523613739, ""post_trade_weight"": 0.053531458558848735, ""diff_weight"": -0.02829866572136407, ""gross_amount"": 0.04132633219530976, ""gross_amount_pct_nav"": 0.02829866572136407, ""fee"": 1.2397899658592927e-05, ""fee_pct_nav"": 8.48959971640922e-06, ""name"": ""邮储银行""}, {""ts_code"": ""01919.HK"", ""side"": ""sell"", ""current_weight"": 0.04853789920641131, ""target_weight"": 0.037734846218457054, ""post_trade_weight"": 0.0377379292680804, ""diff_weight"": -0.010803052987954259, ""gross_amount"": 0.0157763818584098, ""gross_amount_pct_nav"": 0.010803052987954259, ""fee"": 4.73291455752294e-06, ""fee_pct_nav"": 3.2409158963862773e-06, ""name"": ""中远海控""}, {""ts_code"": ""02331.HK"", ""side"": ""sell"", ""current_weight"": 0.04866669836816041, ""target_weight"": 0.036385660735464696, ""post_trade_weight"": 0.03638863355260502, ""diff_weight"": -0.01228103763269572, ""gross_amount"": 0.017934776356919334, ""gross_amount_pct_nav"": 0.01228103763269572, ""fee"": 5.3804329070757995e-06, ""fee_pct_nav"": 3.684311289808716e-06, ""name"": ""李宁""}, {""ts_code"": ""02333.HK"", ""side"": ""sell"", ""current_weight"": 0.07083796217454343, ""target_weight"": 0.052039784980087905, ""post_trade_weight"": 0.05204403678592682, ""diff_weight"": -0.018798177194455527, ""gross_amount"": 0.027452167641171685, ""gross_amount_pct_nav"": 0.018798177194455527, ""fee"": 8.235650292351505e-06, ""fee_pct_nav"": 5.639453158336658e-06, ""name"": ""长城汽车""}, {""ts_code"": ""02359.HK"", ""side"": ""sell"", ""current_weight"": 0.05811604393997821, ""target_weight"": 0.04677894784161767, ""post_trade_weight"": 0.046782769821351974, ""diff_weight"": -0.011337096098360536, ""gross_amount"": 0.016556278804950447, ""gross_amount_pct_nav"": 0.011337096098360536, ""fee"": 4.966883641485134e-06, ""fee_pct_nav"": 3.4011288295081607e-06, ""name"": ""药明康德""}, {""ts_code"": ""03968.HK"", ""side"": ""sell"", ""current_weight"": 0.09148740041363253, ""target_weight"": 0.06378655913419039, ""post_trade_weight"": 0.063791770686557, ""diff_weight"": -0.02770084127944214, ""gross_amount"": 0.040453291334493144, ""gross_amount_pct_nav"": 0.02770084127944214, ""fee"": 1.2135987400347942e-05, ""fee_pct_nav"": 8.31025238383264e-06, ""name"": ""招商银行""}, {""ts_code"": ""03988.HK"", ""side"": ""sell"", ""current_weight"": 0.08026847318321306, ""target_weight"": 0.05272993165570974, ""post_trade_weight"": 0.05273423984859303, ""diff_weight"": -0.02753854152750333, ""gross_amount"": 0.04021627473696586, ""gross_amount_pct_nav"": 0.02753854152750333, ""fee"": 1.2064882421089758e-05, ""fee_pct_nav"": 8.261562458250998e-06, ""name"": ""中国银行""}]",2021-12-17,2021-12-17,2021-12-20,caution
2021-12-24,0.00553508,0.01107016,0.00000000,0.01636504,0.00000491,0.00000000,0.00000491,0.00000000,weekly_portfolio_overlay,"[{""ts_code"": ""01772.HK"", ""side"": ""sell"", ""current_weight"": 0.04786418750725909, ""target_weight"": 0.03679402598453867, ""post_trade_weight"": 0.0367941481796877, ""diff_weight"": -0.011070161522720424, ""gross_amount"": 0.016365038920899702, ""gross_amount_pct_nav"": 0.011070161522720424, ""fee"": 4.90951167626991e-06, ""fee_pct_nav"": 3.321048456816127e-06, ""name"": ""赣锋锂业""}]",2021-12-24,2021-12-24,2021-12-28,caution
2022-01-03,0.22245510,0.44491020,0.32898513,0.33246827,0.00019844,0.00009870,0.00009974,0.00000000,rebalance,"[{""ts_code"": ""00728.HK"", ""side"": ""buy"", ""current_weight"": 0.0, ""target_weight"": 0.04386519144939186, ""post_trade_weight"": 0.043871047052260526, ""diff_weight"": 0.04386519144939186, ""gross_amount"": 0.0652149140392012, ""gross_amount_pct_nav"": 0.04386519144939186, ""fee"": 1.956447421176036e-05, ""fee_pct_nav"": 1.3159557434817558e-05, ""name"": ""中国电信""}, {""ts_code"": ""00883.HK"", ""side"": ""buy"", ""current_weight"": 0.0, ""target_weight"": 0.038808766889147917, ""post_trade_weight"": 0.03881394750546844, ""diff_weight"": 0.038808766889147917, ""gross_amount"": 0.057697466100498855, ""gross_amount_pct_nav"": 0.038808766889147917, ""fee"": 1.7309239830149656e-05, ""fee_pct_nav"": 1.1642630066744375e-05, ""name"": ""中国海洋石油""}, {""ts_code"": ""00941.HK"", ""side"": ""buy"", ""current_weight"": 0.0, ""target_weight"": 0.06517680680617234, ""post_trade_weight"": 0.06518550731526154, ""diff_weight"": 0.06517680680617234, ""gross_amount"": 0.0968991519874714, ""gross_amount_pct_nav"": 0.06517680680617234, ""fee"": 2.9069745596241417e-05, ""fee_pct_nav"": 1.95530420418517e-05, ""name"": ""中国移动""}, {""ts_code"": ""01211.HK"", ""side"": ""sell"", ""current_weight"": 0.06498786238773142, ""target_weight"": 0.05457064786175591, ""post_trade_weight"": 0.054577932545387876, ""diff_weight"": -0.010417214525975516, ""gross_amount"": 0.015487399630369783, ""gross_amount_pct_nav"": 0.010417214525975516, ""fee"": 4.646219889110934e-06, ""fee_pct_nav"": 3.1251643577926542e-06, ""name"": ""比亚迪股份""}, {""ts_code"": ""01772.HK"", ""side"": ""sell"", ""current_weight"": 0.0380998094159827, ""target_weight"": 0.0, ""post_trade_weight"": 0.0, ""diff_weight"": -0.0380998094159827, ""gross_amount"": 0.056643450395967826, ""gross_amount_pct_nav"": 0.0380998094159827, ""fee"": 1.6993035118790347e-05, ""fee_pct_nav"": 1.1429942824794809e-05, ""name"": ""赣锋锂业""}, {""ts_code"": ""01816.HK"", ""side"": ""buy"", ""current_weight"": 0.0, ""target_weight"": 0.0372217306555635, ""post_trade_weight"": 0.037226699417025645, ""diff_weight"": 0.0372217306555635, ""gross_amount"": 0.05533800001519261, ""gross_amount_pct_nav"": 0.0372217306555635, ""fee"": 1.6601400004557783e-05, ""fee_pct_nav"": 1.1166519196669049e-05, ""name"": ""中广核电力""}, {""ts_code"": ""01919.HK"", ""side"": ""sell"", ""current_weight"": 0.04013939190728605, ""target_weight"": 0.0, ""post_trade_weight"": 0.0, ""diff_weight"": -0.04013939190728605, ""gross_amount"": 0.05967572251085568, ""gross_amount_pct_nav"": 0.04013939190728605, ""fee"": 1.79027167532567e-05, ""fee_pct_nav"": 1.2041817572185813e-05, ""name"": ""中远海控""}, {""ts_code"": ""02331.HK"", ""side"": ""sell"", ""current_weight"": 0.038220603217909495, ""target_weight"": 0.0, ""post_trade_weight"": 0.0, ""diff_weight"": -0.038220603217909495, ""gross_amount"": 0.05682303601155126, ""gross_amount_pct_nav"": 0.038220603217909495, ""fee"": 1.7046910803465376e-05, ""fee_pct_nav"": 1.1466180965372846e-05, ""name"": ""李宁""}, {""ts_code"": ""02333.HK"", ""side"": ""sell"", ""current_weight"": 0.05228923510255007, ""target_weight"": 0.0, ""post_trade_weight"": 0.0, ""diff_weight"": -0.05228923510255007, ""gross_amount"": 0.07773904227279192, ""gross_amount_pct_nav"": 0.05228923510255007, ""fee"": 2.3321712681837575e-05, ""fee_pct_nav"": 1.568677053076502e-05, ""name"": ""长城汽车""}, {""ts_code"": ""02359.HK"", ""side"": ""sell"", ""current_weight"": 0.04446026860857294, ""target_weight"": 0.0, ""post_trade_weight"": 0.0, ""diff_weight"": -0.04446026860857294, ""gross_amount"": 0.06609962249482162, ""gross_amount_pct_nav"": 0.04446026860857294, ""fee"": 1.9829886748446484e-05, ""fee_pct_nav"": 1.3338080582571879e-05, ""name"": ""药明康德""}, {""ts_code"": ""03328.HK"", ""side"": ""buy"", ""current_weight"": 0.0, ""target_weight"": 0.03621117938502183, ""post_trade_weight"": 0.0362160132471088, ""diff_weight"": 0.03621117938502183, ""gross_amount"": 0.0538356011412104, ""gross_amount_pct_nav"": 0.03621117938502183, ""fee"": 1.6150680342363117e-05, ""fee_pct_nav"": 1.0863353815506547e-05, ""name"": ""交通银行""}]",,,,
2022-01-07,0.00000000,0.00000000,0.00000000,0.00000000,0.00000000,0.00000000,0.00000000,0.00000000,weekly_portfolio_overlay,,2022-01-07,2022-01-07,2022-01-10,caution
2022-01-14,0.00000000,0.00000000,0.00000000,0.00000000,0.00000000,0.00000000,0.00000000,0.00000000,weekly_portfolio_overlay,,2022-01-14,2022-01-14,2022-01-17,caution
2022-01-21,0.14155159,0.28310317,0.44436798,0.00000000,0.00013331,0.00013331,0.00000000,0.00000000,weekly_portfolio_overlay,"[{""ts_code"": ""00005.HK"", ""side"": ""buy"", ""current_weight"": 0.06269727506867334, ""target_weight"": 0.0824476133234409, ""post_trade_weight"": 0.08245461627246614, ""diff_weight"": 0.01975033825476756, ""gross_amount"": 0.031000775916204662, ""gross_amount_pct_nav"": 0.01975033825476756, ""fee"": 9.300232774861399e-06, ""fee_pct_nav"": 5.925101476430268e-06, ""name"": ""汇丰控股""}, {""ts_code"": ""00669.HK"", ""side"": ""buy"", ""current_weight"": 0.03857451337712822, ""target_weight"": 0.05825362845196815, ""post_trade_weight"": 0.058258576408302364, ""diff_weight"": 0.019679115074839926, ""gross_amount"": 0.03088898168703782, ""gross_amount_pct_nav"": 0.019679115074839926, ""fee"": 9.266694506111345e-06, ""fee_pct_nav"": 5.903734522451977e-06, ""name"": ""创科实业""}, {""ts_code"": ""00728.HK"", ""side"": ""buy"", ""current_weight"": 0.04725825557636213, ""target_weight"": 0.06266760148924455, ""post_trade_weight"": 0.0626729243603511, ""diff_weight"": 0.015409345912882417, ""gross_amount"": 0.024187012571556282, ""gross_amount_pct_nav"": 0.015409345912882417, ""fee"": 7.256103771466884e-06, ""fee_pct_nav"": 4.622803773864724e-06, ""name"": ""中国电信""}, {""ts_code"": ""00857.HK"", ""side"": ""buy"", ""current_weight"": 0.06966152053176104, ""target_weight"": 0.08791892119068101, ""post_trade_weight"": 0.08792638886255937, ""diff_weight"": 0.01825740065891997, ""gross_amount"": 0.028657412310542044, ""gross_amount_pct_nav"": 0.01825740065891997, ""fee"": 8.597223693162612e-06, ""fee_pct_nav"": 5.477220197675991e-06, ""name"": ""中国石油股份""}, {""ts_code"": ""00883.HK"", ""side"": ""buy"", ""current_weight"": 0.04249439758560456, ""target_weight"": 0.05544378714279676, ""post_trade_weight"": 0.05544849643636483, ""diff_weight"": 0.012949389557192199, ""gross_amount"": 0.020325784740281683, ""gross_amount_pct_nav"": 0.012949389557192199, ""fee"": 6.097735422084504e-06, ""fee_pct_nav"": 3.884816867157659e-06, ""name"": ""中国海洋石油""}, {""ts_code"": ""00941.HK"", ""side"": ""buy"", ""current_weight"": 0.06855759558645182, ""target_weight"": 0.09311424435438813, ""post_trade_weight"": 0.09312215330748516, ""diff_weight"": 0.024556648767936305, ""gross_amount"": 0.038544917858506625, ""gross_amount_pct_nav"": 0.024556648767936305, ""fee"": 1.1563475357551986e-05, ""fee_pct_nav"": 7.3669946303808905e-06, ""name"": ""中国移动""}, {""ts_code"": ""01088.HK"", ""side"": ""buy"", ""current_weight"": 0.044490290999343145, ""target_weight"": 0.05600321031607973, ""post_trade_weight"": 0.05600796712602588, ""diff_weight"": 0.011512919316736587, ""gross_amount"": 0.018071054139710246, ""gross_amount_pct_nav"": 0.011512919316736587, ""fee"": 5.421316241913074e-06, ""fee_pct_nav"": 3.4538757950209756e-06, ""name"": ""中国神华""}, {""ts_code"": ""01211.HK"", ""side"": ""buy"", ""current_weight"": 0.049154408179610934, ""target_weight"": 0.07796185312803021, ""post_trade_weight"": 0.0779684750648136, ""diff_weight"": 0.02880744494841927, ""gross_amount"": 0.04521710636266052, ""gross_amount_pct_nav"": 0.02880744494841927, ""fee"": 1.3565131908798154e-05, ""fee_pct_nav"": 8.64223348452578e-06, ""name"": ""比亚迪股份""}, {""ts_code"": ""01288.HK"", ""side"": ""buy"", ""current_weight"": 0.047561758379052195, ""target_weight"": 0.07164674259925805, ""post_trade_weight"": 0.07165282814213822, ""diff_weight"": 0.024084984220205857, ""gross_amount"": 0.03780457778112693, ""gross_amount_pct_nav"": 0.024084984220205857, ""fee"": 1.134137333433808e-05, ""fee_pct_nav"": 7.225495266061756e-06, ""name"": ""农业银行""}, {""ts_code"": ""01658.HK"", ""side"": ""buy"", ""current_weight"": 0.056601349355983974, ""target_weight"": 0.0718792553100794, ""post_trade_weight"": 0.07188536060216268, ""diff_weight"": 0.015277905954095419, ""gross_amount"": 0.02398070011977803, ""gross_amount_pct_nav"": 0.015277905954095419, ""fee"": 7.194210035933408e-06, ""fee_pct_nav"": 4.583371786228625e-06, ""name"": ""邮储银行""}, {""ts_code"": ""01816.HK"", ""side"": ""buy"", ""current_weight"": 0.032916162986343374, ""target_weight"": 0.05317648245429439, ""post_trade_weight"": 0.053180999167161604, ""diff_weight"": 0.020260319467951017, ""gross_amount"": 0.0318012590829959, ""gross_amount_pct_nav"": 0.020260319467951017, ""fee"": 9.54037772489877e-06, ""fee_pct_nav"": 6.078095840385305e-06, ""name"": ""中广核电力""}, {""ts_code"": ""03328.HK"", ""side"": ""buy"", ""current_weight"": 0.03793728487213652, ""target_weight"": 0.05173276769518253, ""post_trade_weight"": 0.05173716178156661, ""diff_weight"": 0.013795482823046013, ""gross_amount"": 0.021653840361436034, ""gross_amount_pct_nav"": 0.013795482823046013, ""fee"": 6.4961521084308095e-06, ""fee_pct_nav"": 4.138644846913804e-06, ""name"": ""交通银行""}, {""ts_code"": ""03968.HK"", ""side"": ""buy"", ""current_weight"": 0.0648511609391873, ""target_weight"": 0.0943955743965006, ""post_trade_weight"": 0.09440359218342081, ""diff_weight"": 0.0295444134573133, ""gross_amount"": 0.0463738762015775, ""gross_amount_pct_nav"": 0.0295444134573133, ""fee"": 1.3912162860473249e-05, ""fee_pct_nav"": 8.86332403719399e-06, ""name"": ""招商银行""}, {""ts_code"": ""03988.HK"", ""side"": ""buy"", ""current_weight"": 0.05405592355375018, ""target_weight"": 0.08327338719643601, ""post_trade_weight"": 0.08328046028517914, ""diff_weight"": 0.029217463642685834, ""gross_amount"": 0.04586068509525991, ""gross_amount_pct_nav"": 0.029217463642685834, ""fee"": 1.3758205528577972e-05, ""fee_pct_nav"": 8.76523909280575e-06, ""name"": ""中国银行""}]",2022-01-21,2022-01-21,2022-01-24,risk_on
2022-01-28,0.15003151,0.30006301,0.00000000,0.46099805,0.00013830,0.00000000,0.00013830,0.00000000,weekly_portfolio_overlay,"[{""ts_code"": ""00005.HK"", ""side"": ""sell"", ""current_weight"": 0.08715350913546309, ""target_weight"": 0.057713035658797616, ""post_trade_weight"": 0.05771823139072649, ""diff_weight"": -0.029440473476665473, ""gross_amount"": 0.04523050259931871, ""gross_amount_pct_nav"": 0.029440473476665473, ""fee"": 1.3569150779795613e-05, ""fee_pct_nav"": 8.83214204299964e-06, ""name"": ""汇丰控股""}, {""ts_code"": ""00669.HK"", ""side"": ""sell"", ""current_weight"": 0.05728193781523702, ""target_weight"": 0.040777332424575215, ""post_trade_weight"": 0.0407810034858118, ""diff_weight"": -0.01650460539066181, ""gross_amount"": 0.02535664372431863, ""gross_amount_pct_nav"": 0.01650460539066181, ""fee"": 7.606993117295589e-06, ""fee_pct_nav"": 4.951381617198543e-06, ""name"": ""创科实业""}, {""ts_code"": ""00728.HK"", ""side"": ""sell"", ""current_weight"": 0.06402572067208953, ""target_weight"": 0.04386709782867427, ""post_trade_weight"": 0.04387104705224592, ""diff_weight"": -0.020158622843415255, ""gross_amount"": 0.030970447660784398, ""gross_amount_pct_nav"": 0.020158622843415255, ""fee"": 9.291134298235318e-06, ""fee_pct_nav"": 6.047586853024576e-06, ""name"": ""中国电信""}, {""ts_code"": ""00857.HK"", ""side"": ""sell"", ""current_weight"": 0.08869441652631155, ""target_weight"": 0.06154293167778296, ""post_trade_weight"": 0.061548472203791754, ""diff_weight"": -0.027151484848528595, ""gross_amount"": 0.04171384359664283, ""gross_amount_pct_nav"": 0.027151484848528595, ""fee"": 1.2514153078992849e-05, ""fee_pct_nav"": 8.145445454558577e-06, ""name"": ""中国石油股份""}, {""ts_code"": ""00883.HK"", ""side"": ""sell"", ""current_weight"": 0.056727567193992225, ""target_weight"": 0.038810453516442335, ""post_trade_weight"": 0.03881394750545552, ""diff_weight"": -0.017917113677549886, ""gross_amount"": 0.02752673313515261, ""gross_amount_pct_nav"": 0.017917113677549886, ""fee"": 8.258019940545783e-06, ""fee_pct_nav"": 5.375134103264966e-06, ""name"": ""中国海洋石油""}, {""ts_code"": ""00941.HK"", ""side"": ""sell"", ""current_weight"": 0.0954853557955554, ""target_weight"": 0.06517963938731659, ""post_trade_weight"": 0.06518550731523982, ""diff_weight"": -0.03030571640823881, ""gross_amount"": 0.04655980773758657, ""gross_amount_pct_nav"": 0.03030571640823881, ""fee"": 1.396794232127597e-05, ""fee_pct_nav"": 9.091714922471643e-06, ""name"": ""中国移动""}, {""ts_code"": ""01088.HK"", ""side"": ""sell"", ""current_weight"": 0.05162235885076977, ""target_weight"": 0.03920204774514827, ""post_trade_weight"": 0.039205576988218256, ""diff_weight"": -0.012420311105621494, ""gross_amount"": 0.019081789367023073, ""gross_amount_pct_nav"": 0.012420311105621494, ""fee"": 5.724536810106921e-06, ""fee_pct_nav"": 3.7260933316864476e-06, ""name"": ""中国神华""}, {""ts_code"": ""01211.HK"", ""side"": ""sell"", ""current_weight"": 0.0699233766438587, ""target_weight"": 0.05457301949970102, ""post_trade_weight"": 0.05457793254536969, ""diff_weight"": -0.015350357144157677, ""gross_amount"": 0.023583328891079156, ""gross_amount_pct_nav"": 0.015350357144157677, ""fee"": 7.074998667323746e-06, ""fee_pct_nav"": 4.605107143247303e-06, ""name"": ""比亚迪股份""}, {""ts_code"": ""01288.HK"", ""side"": ""sell"", ""current_weight"": 0.07319945585459317, ""target_weight"": 0.05015246462315793, ""post_trade_weight"": 0.050156979699496916, ""diff_weight"": -0.023046991231435235, ""gross_amount"": 0.03540795624860228, ""gross_amount_pct_nav"": 0.023046991231435235, ""fee"": 1.0622386874580683e-05, ""fee_pct_nav"": 6.914097369430569e-06, ""name"": ""农业银行""}, {""ts_code"": ""01658.HK"", ""side"": ""sell"", ""current_weight"": 0.07397997986162545, ""target_weight"": 0.05031522269255302, ""post_trade_weight"": 0.05031975242151404, ""diff_weight"": -0.02366475716907243, ""gross_amount"": 0.036357053207597065, ""gross_amount_pct_nav"": 0.02366475716907243, ""fee"": 1.0907115962279119e-05, ""fee_pct_nav"": 7.099427150721729e-06, ""name"": ""邮储银行""}, {""ts_code"": ""01816.HK"", ""side"": ""sell"", ""current_weight"": 0.051846880569278254, ""target_weight"": 0.037223348310333325, ""post_trade_weight"": 0.03722669941701326, ""diff_weight"": -0.014623532258944928, ""gross_amount"": 0.022466680584253475, ""gross_amount_pct_nav"": 0.014623532258944928, ""fee"": 6.7400041752760415e-06, ""fee_pct_nav"": 4.387059677683478e-06, ""name"": ""中广核电力""}, {""ts_code"": ""03328.HK"", ""side"": ""sell"", ""current_weight"": 0.052600413473230564, ""target_weight"": 0.03621275312127809, ""post_trade_weight"": 0.03621601324709675, ""diff_weight"": -0.016387660351952472, ""gross_amount"": 0.025176976679170307, ""gross_amount_pct_nav"": 0.016387660351952472, ""fee"": 7.553093003751091e-06, ""fee_pct_nav"": 4.916298105585741e-06, ""name"": ""交通银行""}, {""ts_code"": ""03968.HK"", ""side"": ""sell"", ""current_weight"": 0.09238095694060304, ""target_weight"": 0.06607656585286538, ""post_trade_weight"": 0.0660825145283948, ""diff_weight"": -0.02630439108773765, ""gross_amount"": 0.040412421709535976, ""gross_amount_pct_nav"": 0.02630439108773765, ""fee"": 1.2123726512860792e-05, ""fee_pct_nav"": 7.891317326321295e-06, ""name"": ""招商银行""}, {""ts_code"": ""03988.HK"", ""side"": ""sell"", ""current_weight"": 0.08507807066738977, ""target_weight"": 0.05829107442859571, ""post_trade_weight"": 0.0582963221996256, ""diff_weight"": -0.026786996238794065, ""gross_amount"": 0.04115386608734474, ""gross_amount_pct_nav"": 0.026786996238794065, ""fee"": 1.2346159826203421e-05, ""fee_pct_nav"": 8.036098871638218e-06, ""name"": ""中国银行""}]",2022-01-28,2022-01-28,2022-01-31,caution
2022-02-04,0.20541810,0.41083620,0.30904916,0.33665987,0.00019371,0.00009271,0.00010100,0.00000000,rebalance,"[{""ts_code"": ""00386.HK"", ""side"": ""buy"", ""current_weight"": 0.0, ""target_weight"": 0.039177328300011686, ""post_trade_weight"": 0.03918215753462197, ""diff_weight"": 0.039177328300011686, ""gross_amount"": 0.061574794508562944, ""gross_amount_pct_nav"": 0.039177328300011686, ""fee"": 1.8472438352568882e-05, ""fee_pct_nav"": 1.1753198490003506e-05, ""name"": ""中国石油化工股份""}, {""ts_code"": ""00669.HK"", ""side"": ""sell"", ""current_weight"": 0.043097209119628235, ""target_weight"": 0.0, ""post_trade_weight"": 0.0, ""diff_weight"": -0.043097209119628235, ""gross_amount"": 0.06773564994305346, ""gross_amount_pct_nav"": 0.043097209119628235, ""fee"": 2.0320694982916036e-05, ""fee_pct_nav"": 1.292916273588847e-05, ""name"": ""创科实业""}, {""ts_code"": ""00728.HK"", ""side"": ""sell"", ""current_weight"": 0.04395226258687731, ""target_weight"": 0.0, ""post_trade_weight"": 0.0, ""diff_weight"": -0.04395226258687731, ""gross_amount"": 0.06907953284227812, ""gross_amount_pct_nav"": 0.04395226258687731, ""fee"": 2.0723859852683434e-05, ""fee_pct_nav"": 1.3185678776063192e-05, ""name"": ""中国电信""}, {""ts_code"": ""00939.HK"", ""side"": ""buy"", ""current_weight"": 0.0, ""target_weight"": 0.06143995937275781, ""post_trade_weight"": 0.06144753283402054, ""diff_weight"": 0.06143995937275781, ""gross_amount"": 0.09656485107972229, ""gross_amount_pct_nav"": 0.06143995937275781, ""fee"": 2.8969455323916686e-05, ""fee_pct_nav"": 1.8431987811827344e-05, ""name"": ""建设银行""}, {""ts_code"": ""01211.HK"", ""side"": ""sell"", ""current_weight"": 0.0571040922282042, ""target_weight"": 0.0, ""post_trade_weight"": 0.0, ""diff_weight"": -0.0571040922282042, ""gross_amount"": 0.0897501921933929, ""gross_amount_pct_nav"": 0.0571040922282042, ""fee"": 2.692505765801787e-05, ""fee_pct_nav"": 1.7131227668461258e-05, ""name"": ""比亚迪股份""}, {""ts_code"": ""01398.HK"", ""side"": ""buy"", ""current_weight"": 0.0, ""target_weight"": 0.05778667571625384, ""post_trade_weight"": 0.057793798851661256, ""diff_weight"": 0.05778667571625384, ""gross_amount"": 0.09082300496127074, ""gross_amount_pct_nav"": 0.05778667571625384, ""fee"": 2.724690148838122e-05, ""fee_pct_nav"": 1.733600271487615e-05, ""name"": ""工商银行""}, {""ts_code"": ""01658.HK"", ""side"": ""sell"", ""current_weight"": 0.049634546085752206, ""target_weight"": 0.03771881477731535, ""post_trade_weight"": 0.03772346422672104, ""diff_weight"": -0.01191573130843686, ""gross_amount"": 0.01872789030220906, ""gross_amount_pct_nav"": 0.01191573130843686, ""fee"": 5.618367090662718e-06, ""fee_pct_nav"": 3.5747193925310578e-06, ""name"": ""邮储银行""}, {""ts_code"": ""02388.HK"", ""side"": ""buy"", ""current_weight"": 0.0, ""target_weight"": 0.03823039978969924, ""post_trade_weight"": 0.038235112300169974, ""diff_weight"": 0.03823039978969924, ""gross_amount"": 0.06008651210221082, ""gross_amount_pct_nav"": 0.03823039978969924, ""fee"": 1.8025953630663244e-05, ""fee_pct_nav"": 1.146911993690977e-05, ""name"": ""中银香港""}, {""ts_code"": ""03328.HK"", ""side"": ""sell"", ""current_weight"": 0.035909884737037254, ""target_weight"": 0.0, ""post_trade_weight"": 0.0, ""diff_weight"": -0.035909884737037254, ""gross_amount"": 0.05643937117346999, ""gross_amount_pct_nav"": 0.035909884737037254, ""fee"": 1.6931811352040997e-05, ""fee_pct_nav"": 1.0772965421111175e-05, ""name"": ""交通银行""}, {""ts_code"": ""03968.HK"", ""side"": ""sell"", ""current_weight"": 0.06667885942337529, ""target_weight"": 0.04445620279647799, ""post_trade_weight"": 0.04446168273710952, ""diff_weight"": -0.0222226566268973, ""gross_amount"": 0.034927228951320485, ""gross_amount_pct_nav"": 0.0222226566268973, ""fee"": 1.0478168685396145e-05, ""fee_pct_nav"": 6.666796988069189e-06, ""name"": ""招商银行""}]",,,,
2022-02-11,0.00000000,0.00000000,0.00000000,0.00000000,0.00000000,0.00000000,0.00000000,0.00000000,weekly_portfolio_overlay,,2022-02-11,2022-02-11,2022-02-14,caution
2022-02-18,0.00000000,0.00000000,0.00000000,0.00000000,0.00000000,0.00000000,0.00000000,0.00000000,weekly_portfolio_overlay,,2022-02-18,2022-02-18,2022-02-21,caution
2022-02-25,0.00000000,0.00000000,0.00000000,0.00000000,0.00000000,0.00000000,0.00000000,0.00000000,weekly_portfolio_overlay,,2022-02-25,2022-02-25,2022-02-28,caution
2022-03-01,0.08016106,0.16032212,0.12194735,0.12749770,0.00007483,0.00003658,0.00003825,0.00000000,rebalance,"[{""ts_code"": ""00728.HK"", ""side"": ""buy"", ""current_weight"": 0.0, ""target_weight"": 0.04012739138750826, ""post_trade_weight"": 0.0401293214728847, ""diff_weight"": 0.04012739138750826, ""gross_amount"": 0.0624341747737773, ""gross_amount_pct_nav"": 0.04012739138750826, ""fee"": 1.873025243213319e-05, ""fee_pct_nav"": 1.2038217416252478e-05, ""name"": ""中国电信""}, {""ts_code"": ""01088.HK"", ""side"": ""sell"", ""current_weight"": 0.044211817705826, ""target_weight"": 0.0, ""post_trade_weight"": 0.0, ""diff_weight"": -0.044211817705826, ""gross_amount"": 0.06878913027402071, ""gross_amount_pct_nav"": 0.044211817705826, ""fee"": 2.0636739082206213e-05, ""fee_pct_nav"": 1.32635453117478e-05, ""name"": ""中国神华""}, {""ts_code"": ""01816.HK"", ""side"": ""sell"", ""current_weight"": 0.037732890162822434, ""target_weight"": 0.0, ""post_trade_weight"": 0.0, ""diff_weight"": -0.037732890162822434, ""gross_amount"": 0.058708572316484305, ""gross_amount_pct_nav"": 0.037732890162822434, ""fee"": 1.761257169494529e-05, ""fee_pct_nav"": 1.1319867048846731e-05, ""name"": ""中广核电力""}, {""ts_code"": ""03328.HK"", ""side"": ""buy"", ""current_weight"": 0.0, ""target_weight"": 0.038250021460687234, ""post_trade_weight"": 0.03825186124654215, ""diff_weight"": 0.038250021460687234, ""gross_amount"": 0.05951317647128944, ""gross_amount_pct_nav"": 0.038250021460687234, ""fee"": 1.785395294138683e-05, ""fee_pct_nav"": 1.1475006438206169e-05, ""name"": ""交通银行""}]",,,,
2022-03-04,0.01175339,0.02350678,0.01557838,0.02042861,0.00001080,0.00000467,0.00000613,0.00000000,weekly_portfolio_overlay,"[{""ts_code"": ""00005.HK"", ""side"": ""buy"", ""current_weight"": 0.05021862673230418, ""target_weight"": 0.06038880375456923, ""post_trade_weight"": 0.06038922962138107, ""diff_weight"": 0.010170177022265053, ""gross_amount"": 0.015578376611539324, ""gross_amount_pct_nav"": 0.010170177022265053, ""fee"": 4.673512983461797e-06, ""fee_pct_nav"": 3.051053106679516e-06, ""name"": ""汇丰控股""}, {""ts_code"": ""00857.HK"", ""side"": ""sell"", ""current_weight"": 0.07135889140163065, ""target_weight"": 0.05802229331938652, ""post_trade_weight"": 0.05802270249737209, ""diff_weight"": -0.01333659808224413, ""gross_amount"": 0.020428606816487865, ""gross_amount_pct_nav"": 0.01333659808224413, ""fee"": 6.128582044946359e-06, ""fee_pct_nav"": 4.000979424673238e-06, ""name"": ""中国石油股份""}]",2022-03-04,2022-03-04,2022-03-07,caution
2022-03-11,0.00000000,0.00000000,0.00000000,0.00000000,0.00000000,0.00000000,0.00000000,0.00000000,weekly_portfolio_overlay,,2022-03-11,2022-03-11,2022-03-14,caution
2022-03-18,0.00526787,0.01053574,0.00000000,0.01613141,0.00000484,0.00000000,0.00000484,0.00000000,weekly_portfolio_overlay,"[{""ts_code"": ""00941.HK"", ""side"": ""sell"", ""current_weight"": 0.06608234907252704, ""target_weight"": 0.05554660911496496, ""post_trade_weight"": 0.05554678468290862, ""diff_weight"": -0.010535739957562086, ""gross_amount"": 0.016131414039735836, ""gross_amount_pct_nav"": 0.010535739957562086, ""fee"": 4.839424211920751e-06, ""fee_pct_nav"": 3.1607219872686254e-06, ""name"": ""中国移动""}]",2022-03-18,2022-03-18,2022-03-21,caution
2022-03-25,0.00000000,0.00000000,0.00000000,0.00000000,0.00000000,0.00000000,0.00000000,0.00000000,weekly_portfolio_overlay,,2022-03-25,2022-03-25,2022-03-28,caution
2022-04-01,0.03978541,0.07957082,0.06877946,0.05766059,0.00003793,0.00002063,0.00001730,0.00000000,rebalance,"[{""ts_code"": ""01088.HK"", ""side"": ""buy"", ""current_weight"": 0.0, ""target_weight"": 0.04328405533331076, ""post_trade_weight"": 0.04328508860229142, ""diff_weight"": 0.04328405533331076, ""gross_amount"": 0.06877946426224035, ""gross_amount_pct_nav"": 0.04328405533331076, ""fee"": 2.0633839278672104e-05, ""fee_pct_nav"": 1.2985216599993228e-05, ""name"": ""中国神华""}, {""ts_code"": ""02388.HK"", ""side"": ""sell"", ""current_weight"": 0.03628676331866782, ""target_weight"": 0.0, ""post_trade_weight"": 0.0, ""diff_weight"": -0.03628676331866782, ""gross_amount"": 0.05766058937060755, ""gross_amount_pct_nav"": 0.03628676331866782, ""fee"": 1.7298176811182265e-05, ""fee_pct_nav"": 1.0886028995600346e-05, ""name"": ""中银香港""}]",,,,
2022-04-08,0.34084755,0.68169510,0.00000000,1.07844832,0.00032353,0.00000000,0.00032353,0.00000000,weekly_portfolio_overlay,"[{""ts_code"": ""00005.HK"", ""side"": ""sell"", ""current_weight"": 0.07004136882062206, ""target_weight"": 0.0, ""post_trade_weight"": 0.0, ""diff_weight"": -0.07004136882062206, ""gross_amount"": 0.11080613016568719, ""gross_amount_pct_nav"": 0.07004136882062206, ""fee"": 3.3241839049706154e-05, ""fee_pct_nav"": 2.101241064618662e-05, ""name"": ""汇丰控股""}, {""ts_code"": ""00386.HK"", ""side"": ""sell"", ""current_weight"": 0.03733572179997829, ""target_weight"": 0.0, ""post_trade_weight"": 0.0, ""diff_weight"": -0.03733572179997829, ""gross_amount"": 0.05906547686401335, ""gross_amount_pct_nav"": 0.03733572179997829, ""fee"": 1.7719643059204005e-05, ""fee_pct_nav"": 1.1200716539993485e-05, ""name"": ""中国石油化工股份""}, {""ts_code"": ""00728.HK"", ""side"": ""sell"", ""current_weight"": 0.03994443369839174, ""target_weight"": 0.0, ""post_trade_weight"": 0.0, ""diff_weight"": -0.03994443369839174, ""gross_amount"": 0.06319248458884341, ""gross_amount_pct_nav"": 0.03994443369839174, ""fee"": 1.8957745376653023e-05, ""fee_pct_nav"": 1.1983330109517523e-05, ""name"": ""中国电信""}, {""ts_code"": ""00857.HK"", ""side"": ""sell"", ""current_weight"": 0.05060815929547481, ""target_weight"": 0.0, ""post_trade_weight"": 0.0, ""diff_weight"": -0.05060815929547481, ""gross_amount"": 0.08006260272699237, ""gross_amount_pct_nav"": 0.05060815929547481, ""fee"": 2.401878081809771e-05, ""fee_pct_nav"": 1.5182447788642444e-05, ""name"": ""中国石油股份""}, {""ts_code"": ""00883.HK"", ""side"": ""sell"", ""current_weight"": 0.044954888285955986, ""target_weight"": 0.0, ""post_trade_weight"": 0.0, ""diff_weight"": -0.044954888285955986, ""gross_amount"": 0.07111907272621638, ""gross_amount_pct_nav"": 0.044954888285955986, ""fee"": 2.1335721817864914e-05, ""fee_pct_nav"": 1.3486466485786796e-05, ""name"": ""中国海洋石油""}, {""ts_code"": ""00939.HK"", ""side"": ""sell"", ""current_weight"": 0.05898760878470185, ""target_weight"": 0.0, ""post_trade_weight"": 0.0, ""diff_weight"": -0.05898760878470185, ""gross_amount"": 0.09331897373250472, ""gross_amount_pct_nav"": 0.05898760878470185, ""fee"": 2.7995692119751416e-05, ""fee_pct_nav"": 1.7696282635410554e-05, ""name"": ""建设银行""}, {""ts_code"": ""00941.HK"", ""side"": ""sell"", ""current_weight"": 0.055333860585898384, ""target_weight"": 0.0, ""post_trade_weight"": 0.0, ""diff_weight"": -0.055333860585898384, ""gross_amount"": 0.08753870836467455, ""gross_amount_pct_nav"": 0.055333860585898384, ""fee"": 2.626161250940236e-05, ""fee_pct_nav"": 1.6600158175769514e-05, ""name"": ""中国移动""}, {""ts_code"": ""01088.HK"", ""side"": ""sell"", ""current_weight"": 0.04248381361381633, ""target_weight"": 0.0, ""post_trade_weight"": 0.0, ""diff_weight"": -0.04248381361381633, ""gross_amount"": 0.06720980843882823, ""gross_amount_pct_nav"": 0.04248381361381633, ""fee"": 2.0162942531648467e-05, ""fee_pct_nav"": 1.2745144084144896e-05, ""name"": ""中国神华""}, {""ts_code"": ""01288.HK"", ""side"": ""sell"", ""current_weight"": 0.049124440085777675, ""target_weight"": 0.0, ""post_trade_weight"": 0.0, ""diff_weight"": -0.049124440085777675, ""gross_amount"": 0.07771534443311068, ""gross_amount_pct_nav"": 0.049124440085777675, ""fee"": 2.33146033299332e-05, ""fee_pct_nav"": 1.4737332025733303e-05, ""name"": ""农业银行""}, {""ts_code"": ""01398.HK"", ""side"": ""sell"", ""current_weight"": 0.05740988858989543, ""target_weight"": 0.0, ""post_trade_weight"": 0.0, ""diff_weight"": -0.05740988858989543, ""gross_amount"": 0.09082300496127076, ""gross_amount_pct_nav"": 0.05740988858989543, ""fee"": 2.7246901488381224e-05, ""fee_pct_nav"": 1.7222966576968626e-05, ""name"": ""工商银行""}, {""ts_code"": ""01658.HK"", ""side"": ""sell"", ""current_weight"": 0.03788167137025263, ""target_weight"": 0.0, ""post_trade_weight"": 0.0, ""diff_weight"": -0.03788167137025263, ""gross_amount"": 0.05992917442113347, ""gross_amount_pct_nav"": 0.03788167137025263, ""fee"": 1.797875232634004e-05, ""fee_pct_nav"": 1.136450141107579e-05, ""name"": ""邮储银行""}, {""ts_code"": ""03328.HK"", ""side"": ""sell"", ""current_weight"": 0.04010884378411831, ""target_weight"": 0.0, ""post_trade_weight"": 0.0, ""diff_weight"": -0.04010884378411831, ""gross_amount"": 0.06345258295165847, ""gross_amount_pct_nav"": 0.04010884378411831, ""fee"": 1.9035774885497537e-05, ""fee_pct_nav"": 1.203265313523549e-05, ""name"": ""交通银行""}, {""ts_code"": ""03968.HK"", ""side"": ""sell"", ""current_weight"": 0.03873153633472801, ""target_weight"": 0.0, ""post_trade_weight"": 0.0, ""diff_weight"": -0.03873153633472801, ""gross_amount"": 0.061273669102813504, ""gross_amount_pct_nav"": 0.03873153633472801, ""fee"": 1.838210073084405e-05, ""fee_pct_nav"": 1.1619460900418405e-05, ""name"": ""招商银行""}, {""ts_code"": ""03988.HK"", ""side"": ""sell"", ""current_weight"": 0.05874886993981867, ""target_weight"": 0.0, ""post_trade_weight"": 0.0, ""diff_weight"": -0.05874886993981867, ""gross_amount"": 0.09294128654610093, ""gross_amount_pct_nav"": 0.05874886993981867, ""fee"": 2.7882385963830274e-05, ""fee_pct_nav"": 1.76246609819456e-05, ""name"": ""中国银行""}]",2022-04-08,2022-04-08,2022-04-11,risk_off
2022-04-14,0.00000000,0.00000000,0.00000000,0.00000000,0.00000000,0.00000000,0.00000000,0.00000000,weekly_portfolio_overlay,,2022-04-14,2022-04-14,2022-04-19,risk_off
2022-04-22,0.00000000,0.00000000,0.00000000,0.00000000,0.00000000,0.00000000,0.00000000,0.00000000,weekly_portfolio_overlay,,2022-04-22,2022-04-22,2022-04-25,risk_off
2022-05-03,0.00000000,0.00000000,0.00000000,0.00000000,0.00000000,0.00000000,0.00000000,0.00000000,rebalance,,,,,
2022-05-06,0.00000000,0.00000000,0.00000000,0.00000000,0.00000000,0.00000000,0.00000000,0.00000000,weekly_portfolio_overlay,,2022-05-06,2022-05-06,2022-05-10,risk_off
2022-05-13,0.00000000,0.00000000,0.00000000,0.00000000,0.00000000,0.00000000,0.00000000,0.00000000,weekly_portfolio_overlay,,2022-05-13,2022-05-13,2022-05-16,risk_off
2022-05-20,0.00000000,0.00000000,0.00000000,0.00000000,0.00000000,0.00000000,0.00000000,0.00000000,weekly_portfolio_overlay,,2022-05-20,2022-05-20,2022-05-23,risk_off
2022-05-27,0.00000000,0.00000000,0.00000000,0.00000000,0.00000000,0.00000000,0.00000000,0.00000000,weekly_portfolio_overlay,,2022-05-27,2022-05-27,2022-05-30,risk_off
2022-06-01,0.00000000,0.00000000,0.00000000,0.00000000,0.00000000,0.00000000,0.00000000,0.00000000,rebalance,,,,,
2022-06-02,0.00000000,0.00000000,0.00000000,0.00000000,0.00000000,0.00000000,0.00000000,0.00000000,weekly_portfolio_overlay,,2022-06-02,2022-06-02,2022-06-06,risk_off
2022-06-10,0.00000000,0.00000000,0.00000000,0.00000000,0.00000000,0.00000000,0.00000000,0.00000000,weekly_portfolio_overlay,,2022-06-10,2022-06-10,2022-06-13,risk_off
2022-06-17,0.00000000,0.00000000,0.00000000,0.00000000,0.00000000,0.00000000,0.00000000,0.00000000,weekly_portfolio_overlay,,2022-06-17,2022-06-17,2022-06-20,risk_off
2022-06-24,0.34992652,0.69985303,1.10694791,0.00000000,0.00033208,0.00033208,0.00000000,0.00000000,weekly_portfolio_overlay,"[{""ts_code"": ""00001.HK"", ""side"": ""buy"", ""current_weight"": 0.0, ""target_weight"": 0.02804230344216152, ""post_trade_weight"": 0.028048192325884375, ""diff_weight"": 0.02804230344216152, ""gross_amount"": 0.044354125521351415, ""gross_amount_pct_nav"": 0.02804230344216152, ""fee"": 1.3306237656405424e-05, ""fee_pct_nav"": 8.412691032648455e-06, ""name"": ""长和""}, {""ts_code"": ""00005.HK"", ""side"": ""buy"", ""current_weight"": 0.0, ""target_weight"": 0.059453045406380314, ""post_trade_weight"": 0.05946553054591565, ""diff_weight"": 0.059453045406380314, ""gross_amount"": 0.09403606390680781, ""gross_amount_pct_nav"": 0.059453045406380314, ""fee"": 2.8210819172042342e-05, ""fee_pct_nav"": 1.7835913621914092e-05, ""name"": ""汇丰控股""}, {""ts_code"": ""00386.HK"", ""side"": ""buy"", ""current_weight"": 0.0, ""target_weight"": 0.04405674674573318, ""post_trade_weight"": 0.04406599866254978, ""diff_weight"": 0.04405674674573318, ""gross_amount"": 0.06968395015242074, ""gross_amount_pct_nav"": 0.04405674674573318, ""fee"": 2.090518504572622e-05, ""fee_pct_nav"": 1.3217024023719953e-05, ""name"": ""中国石油化工股份""}, {""ts_code"": ""00728.HK"", ""side"": ""buy"", ""current_weight"": 0.0, ""target_weight"": 0.04285680503554867, ""post_trade_weight"": 0.04286580496460614, ""diff_weight"": 0.04285680503554867, ""gross_amount"": 0.06778601885937978, ""gross_amount_pct_nav"": 0.04285680503554867, ""fee"": 2.033580565781393e-05, ""fee_pct_nav"": 1.2857041510664601e-05, ""name"": ""中国电信""}, {""ts_code"": ""00857.HK"", ""side"": ""buy"", ""current_weight"": 0.0, ""target_weight"": 0.06354719256708322, ""post_trade_weight"": 0.0635605374775223, ""diff_weight"": 0.06354719256708322, ""gross_amount"": 0.1005117201396577, ""gross_amount_pct_nav"": 0.06354719256708322, ""fee"": 3.0153516041897308e-05, ""fee_pct_nav"": 1.9064157770124963e-05, ""name"": ""中国石油股份""}, {""ts_code"": ""00883.HK"", ""side"": ""buy"", ""current_weight"": 0.0, ""target_weight"": 0.051443477978370365, ""post_trade_weight"": 0.05145428110874582, ""diff_weight"": 0.051443477978370365, ""gross_amount"": 0.08136744130929492, ""gross_amount_pct_nav"": 0.051443477978370365, ""fee"": 2.4410232392788473e-05, ""fee_pct_nav"": 1.5433043393511108e-05, ""name"": ""中国海洋石油""}, {""ts_code"": ""00939.HK"", ""side"": ""buy"", ""current_weight"": 0.0, ""target_weight"": 0.07574737738412989, ""post_trade_weight"": 0.07576328433338055, ""diff_weight"": 0.07574737738412989, ""gross_amount"": 0.11980858460284544, ""gross_amount_pct_nav"": 0.07574737738412989, ""fee"": 3.594257538085363e-05, ""fee_pct_nav"": 2.2724213215238963e-05, ""name"": ""建设银行""}, {""ts_code"": ""00941.HK"", ""side"": ""buy"", ""current_weight"": 0.0, ""target_weight"": 0.064662977949258, ""post_trade_weight"": 0.06467655717462735, ""diff_weight"": 0.064662977949258, ""gross_amount"": 0.1022765425265898, ""gross_amount_pct_nav"": 0.064662977949258, ""fee"": 3.068296275797693e-05, ""fee_pct_nav"": 1.9398893384777397e-05, ""name"": ""中国移动""}, {""ts_code"": ""01038.HK"", ""side"": ""buy"", ""current_weight"": 0.0, ""target_weight"": 0.028210686885818057, ""post_trade_weight"": 0.02821661113006408, ""diff_weight"": 0.028210686885818057, ""gross_amount"": 0.04462045529740079, ""gross_amount_pct_nav"": 0.028210686885818057, ""fee"": 1.3386136589220235e-05, ""fee_pct_nav"": 8.463206065745417e-06, ""name"": ""长江基建集团""}, {""ts_code"": ""01088.HK"", ""side"": ""buy"", ""current_weight"": 0.0, ""target_weight"": 0.05169239857615806, ""post_trade_weight"": 0.05170325397985905, ""diff_weight"": 0.05169239857615806, ""gross_amount"": 0.08176115559392554, ""gross_amount_pct_nav"": 0.05169239857615806, ""fee"": 2.4528346678177657e-05, ""fee_pct_nav"": 1.5507719572847416e-05, ""name"": ""中国神华""}, {""ts_code"": ""01288.HK"", ""side"": ""buy"", ""current_weight"": 0.0, ""target_weight"": 0.06373528361582002, ""post_trade_weight"": 0.06374866802537935, ""diff_weight"": 0.06373528361582002, ""gross_amount"": 0.10080922116350625, ""gross_amount_pct_nav"": 0.06373528361582002, ""fee"": 3.0242766349051874e-05, ""fee_pct_nav"": 1.9120585084746006e-05, ""name"": ""农业银行""}, {""ts_code"": ""01816.HK"", ""side"": ""buy"", ""current_weight"": 0.0, ""target_weight"": 0.030386550262316944, ""post_trade_weight"": 0.03039293143787203, ""diff_weight"": 0.030386550262316944, ""gross_amount"": 0.04806198846237763, ""gross_amount_pct_nav"": 0.030386550262316944, ""fee"": 1.4418596538713287e-05, ""fee_pct_nav"": 9.115965078695081e-06, ""name"": ""中广核电力""}, {""ts_code"": ""02388.HK"", ""side"": ""buy"", ""current_weight"": 0.0, ""target_weight"": 0.0361532387611834, ""post_trade_weight"": 0.036160830941323246, ""diff_weight"": 0.0361532387611834, ""gross_amount"": 0.057183080317360455, ""gross_amount_pct_nav"": 0.0361532387611834, ""fee"": 1.7154924095208136e-05, ""fee_pct_nav"": 1.0845971628355019e-05, ""name"": ""中银香港""}, {""ts_code"": ""03988.HK"", ""side"": ""buy"", ""current_weight"": 0.0, ""target_weight"": 0.059864946253555644, ""post_trade_weight"": 0.05987751789226889, ""diff_weight"": 0.059864946253555644, ""gross_amount"": 0.09468756180945505, ""gross_amount_pct_nav"": 0.059864946253555644, ""fee"": 2.8406268542836513e-05, ""fee_pct_nav"": 1.7959483876066692e-05, ""name"": ""中国银行""}]",2022-06-24,2022-06-24,2022-06-27,caution
2022-07-04,0.17007123,0.34014246,0.27250669,0.27347810,0.00016380,0.00008175,0.00008204,0.00000000,rebalance,"[{""ts_code"": ""00001.HK"", ""side"": ""sell"", ""current_weight"": 0.02763212753513925, ""target_weight"": 0.0, ""post_trade_weight"": 0.0, ""diff_weight"": -0.02763212753513925, ""gross_amount"": 0.04435412552135141, ""gross_amount_pct_nav"": 0.02763212753513925, ""fee"": 1.330623765640542e-05, ""fee_pct_nav"": 8.289638260541773e-06, ""name"": ""长和""}, {""ts_code"": ""00728.HK"", ""side"": ""sell"", ""current_weight"": 0.04222993681433462, ""target_weight"": 0.0, ""post_trade_weight"": 0.0, ""diff_weight"": -0.04222993681433462, ""gross_amount"": 0.06778601885937979, ""gross_amount_pct_nav"": 0.04222993681433462, ""fee"": 2.0335805657813935e-05, ""fee_pct_nav"": 1.2668981044300385e-05, ""name"": ""中国电信""}, {""ts_code"": ""00883.HK"", ""side"": ""sell"", ""current_weight"": 0.051489779608707216, ""target_weight"": 0.03711718543268498, ""post_trade_weight"": 0.037120973358438086, ""diff_weight"": -0.014372594176022232, ""gross_amount"": 0.023070385924502494, ""gross_amount_pct_nav"": 0.014372594176022232, ""fee"": 6.9211157773507475e-06, ""fee_pct_nav"": 4.3117782528066695e-06, ""name"": ""中国海洋石油""}, {""ts_code"": ""00939.HK"", ""side"": ""sell"", ""current_weight"": 0.08140736371491154, ""target_weight"": 0.06716254869028106, ""post_trade_weight"": 0.06716940284004652, ""diff_weight"": -0.014244815024630488, ""gross_amount"": 0.022865279295900195, ""gross_amount_pct_nav"": 0.014244815024630488, ""fee"": 6.859583788770058e-06, ""fee_pct_nav"": 4.273444507389147e-06, ""name"": ""建设银行""}, {""ts_code"": ""01038.HK"", ""side"": ""sell"", ""current_weight"": 0.028004054867759243, ""target_weight"": 0.0, ""post_trade_weight"": 0.0, ""diff_weight"": -0.028004054867759243, ""gross_amount"": 0.0449511302787618, ""gross_amount_pct_nav"": 0.028004054867759243, ""fee"": 1.3485339083628538e-05, ""fee_pct_nav"": 8.401216460327772e-06, ""name"": ""长江基建集团""}, {""ts_code"": ""01088.HK"", ""side"": ""sell"", ""current_weight"": 0.05703981980094837, ""target_weight"": 0.04377993691110452, ""post_trade_weight"": 0.043784404791644534, ""diff_weight"": -0.01325988288984385, ""gross_amount"": 0.021284300651357363, ""gross_amount_pct_nav"": 0.01325988288984385, ""fee"": 6.385290195407208e-06, ""fee_pct_nav"": 3.977964866953155e-06, ""name"": ""中国神华""}, {""ts_code"": ""01211.HK"", ""side"": ""buy"", ""current_weight"": 0.0, ""target_weight"": 0.03961817218936185, ""post_trade_weight"": 0.039622215348695665, ""diff_weight"": 0.03961817218936185, ""gross_amount"": 0.06359370555086047, ""gross_amount_pct_nav"": 0.03961817218936185, ""fee"": 1.9078111665258138e-05, ""fee_pct_nav"": 1.1885451656808554e-05, ""name"": ""比亚迪股份""}, {""ts_code"": ""01299.HK"", ""side"": ""buy"", ""current_weight"": 0.0, ""target_weight"": 0.04143434465617199, ""post_trade_weight"": 0.041438573161629945, ""diff_weight"": 0.04143434465617199, ""gross_amount"": 0.06650896212887385, ""gross_amount_pct_nav"": 0.04143434465617199, ""fee"": 1.995268863866215e-05, ""fee_pct_nav"": 1.2430303396851595e-05, ""name"": ""友邦保险""}, {""ts_code"": ""01658.HK"", ""side"": ""buy"", ""current_weight"": 0.0, ""target_weight"": 0.047396594187063865, ""post_trade_weight"": 0.04740143115887726, ""diff_weight"": 0.047396594187063865, ""gross_amount"": 0.07607935672648491, ""gross_amount_pct_nav"": 0.047396594187063865, ""fee"": 2.2823807017945473e-05, ""fee_pct_nav"": 1.4218978256119159e-05, ""name"": ""邮储银行""}, {""ts_code"": ""01816.HK"", ""side"": ""sell"", ""current_weight"": 0.030630408754444227, ""target_weight"": 0.0, ""post_trade_weight"": 0.0, ""diff_weight"": -0.030630408754444227, ""gross_amount"": 0.04916686176036332, ""gross_amount_pct_nav"": 0.030630408754444227, ""fee"": 1.4750058528108994e-05, ""fee_pct_nav"": 9.189122626333266e-06, ""name"": ""中广核电力""}, {""ts_code"": ""03328.HK"", ""side"": ""buy"", ""current_weight"": 0.0, ""target_weight"": 0.041319528401028295, ""post_trade_weight"": 0.04132374518912555, ""diff_weight"": 0.041319528401028295, ""gross_amount"": 0.06632466308834362, ""gross_amount_pct_nav"": 0.041319528401028295, ""fee"": 1.9897398926503084e-05, ""fee_pct_nav"": 1.2395858520308487e-05, ""name"": ""交通银行""}]",,,,
2022-07-08,0.00000000,0.00000000,0.00000000,0.00000000,0.00000000,0.00000000,0.00000000,0.00000000,weekly_portfolio_overlay,,2022-07-08,2022-07-08,2022-07-11,caution
2022-07-15,0.34981183,0.69962366,0.00000000,1.10684770,0.00033205,0.00000000,0.00033205,0.00000000,weekly_portfolio_overlay,"[{""ts_code"": ""00005.HK"", ""side"": ""sell"", ""current_weight"": 0.056398379280959185, ""target_weight"": 0.0, ""post_trade_weight"": 0.0, ""diff_weight"": -0.056398379280959185, ""gross_amount"": 0.08922570844213183, ""gross_amount_pct_nav"": 0.056398379280959185, ""fee"": 2.6767712532639546e-05, ""fee_pct_nav"": 1.6919513784287754e-05, ""name"": ""汇丰控股""}, {""ts_code"": ""00386.HK"", ""side"": ""sell"", ""current_weight"": 0.0447878148314076, ""target_weight"": 0.0, ""post_trade_weight"": 0.0, ""diff_weight"": -0.0447878148314076, ""gross_amount"": 0.0708570806263672, ""gross_amount_pct_nav"": 0.0447878148314076, ""fee"": 2.125712418791016e-05, ""fee_pct_nav"": 1.343634444942228e-05, ""name"": ""中国石油化工股份""}, {""ts_code"": ""00857.HK"", ""side"": ""sell"", ""current_weight"": 0.061495830834915666, ""target_weight"": 0.0, ""post_trade_weight"": 0.0, ""diff_weight"": -0.061495830834915666, ""gross_amount"": 0.09729019064800201, ""gross_amount_pct_nav"": 0.061495830834915666, ""fee"": 2.91870571944006e-05, ""fee_pct_nav"": 1.8448749250474696e-05, ""name"": ""中国石油股份""}, {""ts_code"": ""00883.HK"", ""side"": ""sell"", ""current_weight"": 0.03608634349133477, ""target_weight"": 0.0, ""post_trade_weight"": 0.0, ""diff_weight"": -0.03608634349133477, ""gross_amount"": 0.05709081722118766, ""gross_amount_pct_nav"": 0.03608634349133477, ""fee"": 1.7127245166356296e-05, ""fee_pct_nav"": 1.0825903047400429e-05, ""name"": ""中国海洋石油""}, {""ts_code"": ""00939.HK"", ""side"": ""sell"", ""current_weight"": 0.06568773434859244, ""target_weight"": 0.0, ""post_trade_weight"": 0.0, ""diff_weight"": -0.06568773434859244, ""gross_amount"": 0.1039220401000154, ""gross_amount_pct_nav"": 0.06568773434859244, ""fee"": 3.117661203000462e-05, ""fee_pct_nav"": 1.9706320304577733e-05, ""name"": ""建设银行""}, {""ts_code"": ""00941.HK"", ""side"": ""sell"", ""current_weight"": 0.0660420281467825, ""target_weight"": 0.0, ""post_trade_weight"": 0.0, ""diff_weight"": -0.0660420281467825, ""gross_amount"": 0.10448255470244183, ""gross_amount_pct_nav"": 0.0660420281467825, ""fee"": 3.134476641073255e-05, ""fee_pct_nav"": 1.981260844403475e-05, ""name"": ""中国移动""}, {""ts_code"": ""01088.HK"", ""side"": ""sell"", ""current_weight"": 0.04500714062124397, ""target_weight"": 0.0, ""post_trade_weight"": 0.0, ""diff_weight"": -0.04500714062124397, ""gross_amount"": 0.07120406752966615, ""gross_amount_pct_nav"": 0.04500714062124397, ""fee"": 2.1361220258899845e-05, ""fee_pct_nav"": 1.3502142186373189e-05, ""name"": ""中国神华""}, {""ts_code"": ""01211.HK"", ""side"": ""sell"", ""current_weight"": 0.03739665645110112, ""target_weight"": 0.0, ""post_trade_weight"": 0.0, ""diff_weight"": -0.03739665645110112, ""gross_amount"": 0.059163812998843476, ""gross_amount_pct_nav"": 0.03739665645110112, ""fee"": 1.774914389965304e-05, ""fee_pct_nav"": 1.1218996935330336e-05, ""name"": ""比亚迪股份""}, {""ts_code"": ""01288.HK"", ""side"": ""sell"", ""current_weight"": 0.0658558595287024, ""target_weight"": 0.0, ""post_trade_weight"": 0.0, ""diff_weight"": -0.0658558595287024, ""gross_amount"": 0.10418802448633156, ""gross_amount_pct_nav"": 0.0658558595287024, ""fee"": 3.1256407345899464e-05, ""fee_pct_nav"": 1.9756757858610718e-05, ""name"": ""农业银行""}, {""ts_code"": ""01299.HK"", ""side"": ""sell"", ""current_weight"": 0.04127554316475428, ""target_weight"": 0.0, ""post_trade_weight"": 0.0, ""diff_weight"": -0.04127554316475428, ""gross_amount"": 0.0653004506009336, ""gross_amount_pct_nav"": 0.04127554316475428, ""fee"": 1.959013518028008e-05, ""fee_pct_nav"": 1.2382662949426281e-05, ""name"": ""友邦保险""}, {""ts_code"": ""01658.HK"", ""side"": ""sell"", ""current_weight"": 0.04278689185433149, ""target_weight"": 0.0, ""post_trade_weight"": 0.0, ""diff_weight"": -0.04278689185433149, ""gross_amount"": 0.06769149728081829, ""gross_amount_pct_nav"": 0.04278689185433149, ""fee"": 2.0307449184245484e-05, ""fee_pct_nav"": 1.2836067556299446e-05, ""name"": ""邮储银行""}, {""ts_code"": ""02388.HK"", ""side"": ""sell"", ""current_weight"": 0.033462515475559305, ""target_weight"": 0.0, ""post_trade_weight"": 0.0, ""diff_weight"": -0.033462515475559305, ""gross_amount"": 0.05293975975246855, ""gross_amount_pct_nav"": 0.033462515475559305, ""fee"": 1.588192792574056e-05, ""fee_pct_nav"": 1.003875464266779e-05, ""name"": ""中银香港""}, {""ts_code"": ""03328.HK"", ""side"": ""sell"", ""current_weight"": 0.039921839494870014, ""target_weight"": 0.0, ""post_trade_weight"": 0.0, ""diff_weight"": -0.039921839494870014, ""gross_amount"": 0.06315880804832721, ""gross_amount_pct_nav"": 0.039921839494870014, ""fee"": 1.8947642414498164e-05, ""fee_pct_nav"": 1.1976551848461005e-05, ""name"": ""交通银行""}, {""ts_code"": ""03988.HK"", ""side"": ""sell"", ""current_weight"": 0.06341908092106464, ""target_weight"": 0.0, ""post_trade_weight"": 0.0, ""diff_weight"": -0.06341908092106464, ""gross_amount"": 0.10033289069782364, ""gross_amount_pct_nav"": 0.06341908092106464, ""fee"": 3.009986720934709e-05, ""fee_pct_nav"": 1.9025724276319392e-05, ""name"": ""中国银行""}]",2022-07-15,2022-07-15,2022-07-18,risk_off
2022-07-22,0.34992652,0.69985303,1.10697820,0.00000000,0.00033209,0.00033209,0.00000000,0.00000000,weekly_portfolio_overlay,"[{""ts_code"": ""00005.HK"", ""side"": ""buy"", ""current_weight"": 0.0, ""target_weight"": 0.061157092909830714, ""post_trade_weight"": 0.061169935899341776, ""diff_weight"": 0.061157092909830714, ""gross_amount"": 0.0967339789182498, ""gross_amount_pct_nav"": 0.061157092909830714, ""fee"": 2.9020193675474936e-05, ""fee_pct_nav"": 1.8347127872949214e-05, ""name"": ""汇丰控股""}, {""ts_code"": ""00386.HK"", ""side"": ""buy"", ""current_weight"": 0.0, ""target_weight"": 0.045328574462639826, ""post_trade_weight"": 0.04533809346327698, ""diff_weight"": 0.045328574462639826, ""gross_amount"": 0.07169754410871415, ""gross_amount_pct_nav"": 0.045328574462639826, ""fee"": 2.1509263232614244e-05, ""fee_pct_nav"": 1.3598572338791948e-05, ""name"": ""中国石油化工股份""}, {""ts_code"": ""00857.HK"", ""side"": ""buy"", ""current_weight"": 0.0, ""target_weight"": 0.056159732314743964, ""post_trade_weight"": 0.05617152585853006, ""diff_weight"": 0.056159732314743964, ""gross_amount"": 0.0888295061669901, ""gross_amount_pct_nav"": 0.056159732314743964, ""fee"": 2.664885185009703e-05, ""fee_pct_nav"": 1.6847919694423188e-05, ""name"": ""中国石油股份""}, {""ts_code"": ""00883.HK"", ""side"": ""buy"", ""current_weight"": 0.0, ""target_weight"": 0.0371131795907238, ""post_trade_weight"": 0.03712097335843785, ""diff_weight"": 0.0371131795907238, ""gross_amount"": 0.05870301156092399, ""gross_amount_pct_nav"": 0.0371131795907238, ""fee"": 1.7610903468277194e-05, ""fee_pct_nav"": 1.113395387721714e-05, ""name"": ""中国海洋石油""}, {""ts_code"": ""00939.HK"", ""side"": ""buy"", ""current_weight"": 0.0, ""target_weight"": 0.06715530022699844, ""post_trade_weight"": 0.0671694028400461, ""diff_weight"": 0.06715530022699844, ""gross_amount"": 0.1062215204699988, ""gross_amount_pct_nav"": 0.06715530022699844, ""fee"": 3.1866456140999636e-05, ""fee_pct_nav"": 2.0146590068099525e-05, ""name"": ""建设银行""}, {""ts_code"": ""00941.HK"", ""side"": ""buy"", ""current_weight"": 0.0, ""target_weight"": 0.06402000418592901, ""post_trade_weight"": 0.06403344838680805, ""diff_weight"": 0.06402000418592901, ""gross_amount"": 0.10126233018300383, ""gross_amount_pct_nav"": 0.06402000418592901, ""fee"": 3.0378699054901147e-05, ""fee_pct_nav"": 1.92060012557787e-05, ""name"": ""中国移动""}, {""ts_code"": ""01088.HK"", ""side"": ""buy"", ""current_weight"": 0.0, ""target_weight"": 0.04377521199712487, ""post_trade_weight"": 0.04378440479164426, ""diff_weight"": 0.04377521199712487, ""gross_amount"": 0.06924054484923217, ""gross_amount_pct_nav"": 0.04377521199712487, ""fee"": 2.077216345476965e-05, ""fee_pct_nav"": 1.313256359913746e-05, ""name"": ""中国神华""}, {""ts_code"": ""01211.HK"", ""side"": ""buy"", ""current_weight"": 0.0, ""target_weight"": 0.03961389643044502, ""post_trade_weight"": 0.039622215348695415, ""diff_weight"": 0.03961389643044502, ""gross_amount"": 0.06265846919542545, ""gross_amount_pct_nav"": 0.03961389643044502, ""fee"": 1.8797540758627634e-05, ""fee_pct_nav"": 1.1884168929133508e-05, ""name"": ""比亚迪股份""}, {""ts_code"": ""01288.HK"", ""side"": ""buy"", ""current_weight"": 0.0, ""target_weight"": 0.060007895351502784, ""post_trade_weight"": 0.060020497009526594, ""diff_weight"": 0.060007895351502784, ""gross_amount"": 0.09491625922146661, ""gross_amount_pct_nav"": 0.060007895351502784, ""fee"": 2.8474877766439983e-05, ""fee_pct_nav"": 1.8002368605450834e-05, ""name"": ""农业银行""}, {""ts_code"": ""01299.HK"", ""side"": ""buy"", ""current_weight"": 0.0, ""target_weight"": 0.041429872888323144, ""post_trade_weight"": 0.04143857316162969, ""diff_weight"": 0.041429872888323144, ""gross_amount"": 0.0655308527577282, ""gross_amount_pct_nav"": 0.041429872888323144, ""fee"": 1.965925582731846e-05, ""fee_pct_nav"": 1.2428961866496944e-05, ""name"": ""友邦保险""}, {""ts_code"": ""01658.HK"", ""side"": ""buy"", ""current_weight"": 0.0, ""target_weight"": 0.04739147894829782, ""post_trade_weight"": 0.04740143115887697, ""diff_weight"": 0.04739147894829782, ""gross_amount"": 0.07496050102068219, ""gross_amount_pct_nav"": 0.04739147894829782, ""fee"": 2.2488150306204656e-05, ""fee_pct_nav"": 1.4217443684489347e-05, ""name"": ""邮储银行""}, {""ts_code"": ""02388.HK"", ""side"": ""buy"", ""current_weight"": 0.0, ""target_weight"": 0.037964854510922005, ""post_trade_weight"": 0.0379728271303693, ""diff_weight"": 0.037964854510922005, ""gross_amount"": 0.06005013091954235, ""gross_amount_pct_nav"": 0.037964854510922005, ""fee"": 1.8015039275862703e-05, ""fee_pct_nav"": 1.13894563532766e-05, ""name"": ""中银香港""}, {""ts_code"": ""03328.HK"", ""side"": ""buy"", ""current_weight"": 0.0, ""target_weight"": 0.04131506902463012, ""post_trade_weight"": 0.041323745189125294, ""diff_weight"": 0.04131506902463012, ""gross_amount"": 0.06534926409806793, ""gross_amount_pct_nav"": 0.04131506902463012, ""fee"": 1.960477922942038e-05, ""fee_pct_nav"": 1.2394520707389037e-05, ""name"": ""交通银行""}, {""ts_code"": ""03988.HK"", ""side"": ""buy"", ""current_weight"": 0.0, ""target_weight"": 0.05742086802140574, ""post_trade_weight"": 0.05743292640369023, ""diff_weight"": 0.05742086802140574, ""gross_amount"": 0.09082428173686782, ""gross_amount_pct_nav"": 0.05742086802140574, ""fee"": 2.7247284521060346e-05, ""fee_pct_nav"": 1.722626040642172e-05, ""name"": ""中国银行""}]",2022-07-22,2022-07-22,2022-07-25,caution
2022-08-01,0.05683665,0.11367331,0.08990840,0.09097521,0.00005427,0.00002697,0.00002729,0.00000000,rebalance,"[{""ts_code"": ""01288.HK"", ""side"": ""sell"", ""current_weight"": 0.0596485499959804, ""target_weight"": 0.0479669393762316, ""post_trade_weight"": 0.04796857520023299, ""diff_weight"": -0.011681610619748798, ""gross_amount"": 0.018588461610266005, ""gross_amount_pct_nav"": 0.011681610619748798, ""fee"": 5.576538483079801e-06, ""fee_pct_nav"": 3.504483185924639e-06, ""name"": ""农业银行""}, {""ts_code"": ""01398.HK"", ""side"": ""buy"", ""current_weight"": 0.0, ""target_weight"": 0.05650144511838534, ""post_trade_weight"": 0.056503371995964766, ""diff_weight"": 0.05650144511838534, ""gross_amount"": 0.08990840199142357, ""gross_amount_pct_nav"": 0.05650144511838534, ""fee"": 2.6972520597427067e-05, ""fee_pct_nav"": 1.6950433535515598e-05, ""name"": ""工商银行""}, {""ts_code"": ""01658.HK"", ""side"": ""sell"", ""current_weight"": 0.04549025326775897, ""target_weight"": 0.0, ""post_trade_weight"": 0.0, ""diff_weight"": -0.04549025326775897, ""gross_amount"": 0.07238674991267592, ""gross_amount_pct_nav"": 0.04549025326775897, ""fee"": 2.1716024973802774e-05, ""fee_pct_nav"": 1.364707598032769e-05, ""name"": ""邮储银行""}]",,,,
2022-08-05,0.00500528,0.01001057,0.01582162,0.00000000,0.00000475,0.00000475,0.00000000,0.00000000,weekly_portfolio_overlay,"[{""ts_code"": ""00883.HK"", ""side"": ""buy"", ""current_weight"": 0.03662898168368468, ""target_weight"": 0.04663955020465678, ""post_trade_weight"": 0.046639690271601364, ""diff_weight"": 0.010010568520972095, ""gross_amount"": 0.015821617045888102, ""gross_amount_pct_nav"": 0.010010568520972095, ""fee"": 4.74648511376643e-06, ""fee_pct_nav"": 3.003170556291628e-06, ""name"": ""中国海洋石油""}]",2022-08-05,2022-08-05,2022-08-08,caution
2022-08-12,0.35486249,0.70972498,0.00000000,1.12373925,0.00033712,0.00000000,0.00033712,0.00000000,weekly_portfolio_overlay,"[{""ts_code"": ""00005.HK"", ""side"": ""sell"", ""current_weight"": 0.06527325126661228, ""target_weight"": 0.0, ""post_trade_weight"": 0.0, ""diff_weight"": -0.06527325126661228, ""gross_amount"": 0.10335005379026828, ""gross_amount_pct_nav"": 0.06527325126661228, ""fee"": 3.100501613708048e-05, ""fee_pct_nav"": 1.9581975379983684e-05, ""name"": ""汇丰控股""}, {""ts_code"": ""00386.HK"", ""side"": ""sell"", ""current_weight"": 0.045730675476289874, ""target_weight"": 0.0, ""post_trade_weight"": 0.0, ""diff_weight"": -0.045730675476289874, ""gross_amount"": 0.07240742078305787, ""gross_amount_pct_nav"": 0.045730675476289874, ""fee"": 2.172222623491736e-05, ""fee_pct_nav"": 1.371920264288696e-05, ""name"": ""中国石油化工股份""}, {""ts_code"": ""00857.HK"", ""side"": ""sell"", ""current_weight"": 0.05346675936392139, ""target_weight"": 0.0, ""post_trade_weight"": 0.0, ""diff_weight"": -0.05346675936392139, ""gross_amount"": 0.08465630789068855, ""gross_amount_pct_nav"": 0.05346675936392139, ""fee"": 2.5396892367206562e-05, ""fee_pct_nav"": 1.6040027809176415e-05, ""name"": ""中国石油股份""}, {""ts_code"": ""00883.HK"", ""side"": ""sell"", ""current_weight"": 0.04762301710319737, ""target_weight"": 0.0, ""post_trade_weight"": 0.0, ""diff_weight"": -0.04762301710319737, ""gross_amount"": 0.0754036497916547, ""gross_amount_pct_nav"": 0.04762301710319737, ""fee"": 2.2621094937496408e-05, ""fee_pct_nav"": 1.4286905130959209e-05, ""name"": ""中国海洋石油""}, {""ts_code"": ""00939.HK"", ""side"": ""sell"", ""current_weight"": 0.06613968848582248, ""target_weight"": 0.0, ""post_trade_weight"": 0.0, ""diff_weight"": -0.06613968848582248, ""gross_amount"": 0.10472192253395177, ""gross_amount_pct_nav"": 0.06613968848582248, ""fee"": 3.141657676018553e-05, ""fee_pct_nav"": 1.9841906545746743e-05, ""name"": ""建设银行""}, {""ts_code"": ""00941.HK"", ""side"": ""sell"", ""current_weight"": 0.06730038713095902, ""target_weight"": 0.0, ""post_trade_weight"": 0.0, ""diff_weight"": -0.06730038713095902, ""gross_amount"": 0.10655970853482336, ""gross_amount_pct_nav"": 0.06730038713095902, ""fee"": 3.1967912560447e-05, ""fee_pct_nav"": 2.0190116139287706e-05, ""name"": ""中国移动""}, {""ts_code"": ""01088.HK"", ""side"": ""sell"", ""current_weight"": 0.04512747309910651, ""target_weight"": 0.0, ""post_trade_weight"": 0.0, ""diff_weight"": -0.04512747309910651, ""gross_amount"": 0.07145234352064783, ""gross_amount_pct_nav"": 0.04512747309910651, ""fee"": 2.1435703056194348e-05, ""fee_pct_nav"": 1.3538241929731951e-05, ""name"": ""中国神华""}, {""ts_code"": ""01211.HK"", ""side"": ""sell"", ""current_weight"": 0.039880666051660886, ""target_weight"": 0.0, ""post_trade_weight"": 0.0, ""diff_weight"": -0.039880666051660886, ""gross_amount"": 0.06314483960352593, ""gross_amount_pct_nav"": 0.039880666051660886, ""fee"": 1.8943451881057778e-05, ""fee_pct_nav"": 1.1964199815498265e-05, ""name"": ""比亚迪股份""}, {""ts_code"": ""01288.HK"", ""side"": ""sell"", ""current_weight"": 0.048206685235147505, ""target_weight"": 0.0, ""post_trade_weight"": 0.0, ""diff_weight"": -0.048206685235147505, ""gross_amount"": 0.0763277976112006, ""gross_amount_pct_nav"": 0.048206685235147505, ""fee"": 2.289833928336018e-05, ""fee_pct_nav"": 1.446200557054425e-05, ""name"": ""农业银行""}, {""ts_code"": ""01299.HK"", ""side"": ""sell"", ""current_weight"": 0.03984172395205054, ""target_weight"": 0.0, ""post_trade_weight"": 0.0, ""diff_weight"": -0.03984172395205054, ""gross_amount"": 0.06308318083808469, ""gross_amount_pct_nav"": 0.03984172395205054, ""fee"": 1.8924954251425403e-05, ""fee_pct_nav"": 1.1952517185615159e-05, ""name"": ""友邦保险""}, {""ts_code"": ""01398.HK"", ""side"": ""sell"", ""current_weight"": 0.05598407519672876, ""target_weight"": 0.0, ""post_trade_weight"": 0.0, ""diff_weight"": -0.05598407519672876, ""gross_amount"": 0.0886420864704176, ""gross_amount_pct_nav"": 0.05598407519672876, ""fee"": 2.659262594112528e-05, ""fee_pct_nav"": 1.6795222559018626e-05, ""name"": ""工商银行""}, {""ts_code"": ""02388.HK"", ""side"": ""sell"", ""current_weight"": 0.0362042540549214, ""target_weight"": 0.0, ""post_trade_weight"": 0.0, ""diff_weight"": -0.0362042540549214, ""gross_amount"": 0.057323812302982, ""gross_amount_pct_nav"": 0.0362042540549214, ""fee"": 1.71971436908946e-05, ""fee_pct_nav"": 1.0861276216476419e-05, ""name"": ""中银香港""}, {""ts_code"": ""03328.HK"", ""side"": ""sell"", ""current_weight"": 0.04158402663796415, ""target_weight"": 0.0, ""post_trade_weight"": 0.0, ""diff_weight"": -0.04158402663796415, ""gross_amount"": 0.06584184649076692, ""gross_amount_pct_nav"": 0.04158402663796415, ""fee"": 1.9752553947230076e-05, ""fee_pct_nav"": 1.2475207991389243e-05, ""name"": ""交通银行""}, {""ts_code"": ""03988.HK"", ""side"": ""sell"", ""current_weight"": 0.057362293927305075, ""target_weight"": 0.0, ""post_trade_weight"": 0.0, ""diff_weight"": -0.057362293927305075, ""gross_amount"": 0.09082428173686782, ""gross_amount_pct_nav"": 0.057362293927305075, ""fee"": 2.7247284521060346e-05, ""fee_pct_nav"": 1.720868817819152e-05, ""name"": ""中国银行""}]",2022-08-12,2022-08-12,2022-08-15,risk_off
2022-08-19,0.34992652,0.69985303,1.10787262,0.00000000,0.00033236,0.00033236,0.00000000,0.00000000,weekly_portfolio_overlay,"[{""ts_code"": ""00005.HK"", ""side"": ""buy"", ""current_weight"": 0.0, ""target_weight"": 0.058050117686195946, ""post_trade_weight"": 0.058062308210910046, ""diff_weight"": 0.058050117686195946, ""gross_amount"": 0.0918937738533234, ""gross_amount_pct_nav"": 0.058050117686195946, ""fee"": 2.7568132155997016e-05, ""fee_pct_nav"": 1.7415035305858784e-05, ""name"": ""汇丰控股""}, {""ts_code"": ""00386.HK"", ""side"": ""buy"", ""current_weight"": 0.0, ""target_weight"": 0.04834988632492733, ""post_trade_weight"": 0.04836003980105556, ""diff_weight"": 0.04834988632492733, ""gross_amount"": 0.07653823449238766, ""gross_amount_pct_nav"": 0.04834988632492733, ""fee"": 2.2961470347716293e-05, ""fee_pct_nav"": 1.4504965897478196e-05, ""name"": ""中国石油化工股份""}, {""ts_code"": ""00857.HK"", ""side"": ""buy"", ""current_weight"": 0.0, ""target_weight"": 0.05539014988144992, ""post_trade_weight"": 0.05540178181292503, ""diff_weight"": 0.05539014988144992, ""gross_amount"": 0.0876830247687513, ""gross_amount_pct_nav"": 0.05539014988144992, ""fee"": 2.6304907430625386e-05, ""fee_pct_nav"": 1.6617044964434974e-05, ""name"": ""中国石油股份""}, {""ts_code"": ""00883.HK"", ""side"": ""buy"", ""current_weight"": 0.0, ""target_weight"": 0.0466298979930227, ""post_trade_weight"": 0.04663969027160124, ""diff_weight"": 0.0466298979930227, ""gross_amount"": 0.07381547999847242, ""gross_amount_pct_nav"": 0.0466298979930227, ""fee"": 2.2144643999541723e-05, ""fee_pct_nav"": 1.398896939790681e-05, ""name"": ""中国海洋石油""}, {""ts_code"": ""00939.HK"", ""side"": ""buy"", ""current_weight"": 0.0, ""target_weight"": 0.06422754574756977, ""post_trade_weight"": 0.06424103353217676, ""diff_weight"": 0.06422754574756977, ""gross_amount"": 0.10167268903719474, ""gross_amount_pct_nav"": 0.06422754574756977, ""fee"": 3.050180671115842e-05, ""fee_pct_nav"": 1.926826372427093e-05, ""name"": ""建设银行""}, {""ts_code"": ""00941.HK"", ""side"": ""buy"", ""current_weight"": 0.0, ""target_weight"": 0.06584389757008549, ""post_trade_weight"": 0.06585772478857521, ""diff_weight"": 0.06584389757008549, ""gross_amount"": 0.10423138615558124, ""gross_amount_pct_nav"": 0.06584389757008549, ""fee"": 3.126941584667437e-05, ""fee_pct_nav"": 1.9753169271025645e-05, ""name"": ""中国移动""}, {""ts_code"": ""01088.HK"", ""side"": ""buy"", ""current_weight"": 0.0, ""target_weight"": 0.048610242259113416, ""post_trade_weight"": 0.04862045040998783, ""diff_weight"": 0.048610242259113416, ""gross_amount"": 0.07695037989865194, ""gross_amount_pct_nav"": 0.048610242259113416, ""fee"": 2.308511396959558e-05, ""fee_pct_nav"": 1.4583072677734024e-05, ""name"": ""中国神华""}, {""ts_code"": ""01211.HK"", ""side"": ""buy"", ""current_weight"": 0.0, ""target_weight"": 0.04316870928868768, ""post_trade_weight"": 0.043177774717638305, ""diff_weight"": 0.04316870928868768, ""gross_amount"": 0.06833639219060267, ""gross_amount_pct_nav"": 0.04316870928868768, ""fee"": 2.0500917657180797e-05, ""fee_pct_nav"": 1.2950612786606302e-05, ""name"": ""比亚迪股份""}, {""ts_code"": ""01288.HK"", ""side"": ""buy"", ""current_weight"": 0.0, ""target_weight"": 0.047958503914410866, ""post_trade_weight"": 0.04796857520023289, ""diff_weight"": 0.047958503914410866, ""gross_amount"": 0.07591867318647284, ""gross_amount_pct_nav"": 0.047958503914410866, ""fee"": 2.277560195594185e-05, ""fee_pct_nav"": 1.4387551174323259e-05, ""name"": ""农业银行""}, {""ts_code"": ""01299.HK"", ""side"": ""buy"", ""current_weight"": 0.0, ""target_weight"": 0.03738330370055445, ""post_trade_weight"": 0.03739115419433157, ""diff_weight"": 0.03738330370055445, ""gross_amount"": 0.05917805153676295, ""gross_amount_pct_nav"": 0.03738330370055445, ""fee"": 1.7753415461028882e-05, ""fee_pct_nav"": 1.1214991110166332e-05, ""name"": ""友邦保险""}, {""ts_code"": ""01398.HK"", ""side"": ""buy"", ""current_weight"": 0.0, ""target_weight"": 0.05649150877912104, ""post_trade_weight"": 0.05650337199596466, ""diff_weight"": 0.05649150877912104, ""gross_amount"": 0.08942648420532023, ""gross_amount_pct_nav"": 0.05649150877912104, ""fee"": 2.6827945261596067e-05, ""fee_pct_nav"": 1.694745263373631e-05, ""name"": ""工商银行""}, {""ts_code"": ""02388.HK"", ""side"": ""buy"", ""current_weight"": 0.0, ""target_weight"": 0.04113483146361118, ""post_trade_weight"": 0.04114346977821854, ""diff_weight"": 0.04113483146361118, ""gross_amount"": 0.06511674826303639, ""gross_amount_pct_nav"": 0.04113483146361118, ""fee"": 1.9535024478910915e-05, ""fee_pct_nav"": 1.2340449439083354e-05, ""name"": ""中银香港""}, {""ts_code"": ""03328.HK"", ""side"": ""buy"", ""current_weight"": 0.0, ""target_weight"": 0.03558505440736576, ""post_trade_weight"": 0.03559252726879131, ""diff_weight"": 0.03558505440736576, ""gross_amount"": 0.05633140935123857, ""gross_amount_pct_nav"": 0.03558505440736576, ""fee"": 1.689942280537157e-05, ""fee_pct_nav"": 1.0675516322209727e-05, ""name"": ""交通银行""}, {""ts_code"": ""03988.HK"", ""side"": ""buy"", ""current_weight"": 0.0, ""target_weight"": 0.05102938184740168, ""post_trade_weight"": 0.05104009801758964, ""diff_weight"": 0.05102938184740168, ""gross_amount"": 0.08077989610131499, ""gross_amount_pct_nav"": 0.05102938184740168, ""fee"": 2.4233968830394494e-05, ""fee_pct_nav"": 1.53088145542205e-05, ""name"": ""中国银行""}]",2022-08-19,2022-08-19,2022-08-22,caution
2022-08-26,0.00000000,0.00000000,0.00000000,0.00000000,0.00000000,0.00000000,0.00000000,0.00000000,weekly_portfolio_overlay,,2022-08-26,2022-08-26,2022-08-29,caution
2022-09-01,0.34943717,0.69887433,0.00000000,1.10195627,0.00033059,0.00000000,0.00033059,0.00000000,rebalance,"[{""ts_code"": ""00005.HK"", ""side"": ""sell"", ""current_weight"": 0.05703696986009646, ""target_weight"": 0.0, ""post_trade_weight"": 0.0, ""diff_weight"": -0.05703696986009646, ""gross_amount"": 0.0899335456722047, ""gross_amount_pct_nav"": 0.05703696986009646, ""fee"": 2.6980063701661407e-05, ""fee_pct_nav"": 1.7111090958028936e-05, ""name"": ""汇丰控股""}, {""ts_code"": ""00386.HK"", ""side"": ""sell"", ""current_weight"": 0.048228326454193726, ""target_weight"": 0.0, ""post_trade_weight"": 0.0, ""diff_weight"": -0.048228326454193726, ""gross_amount"": 0.07604443943114643, ""gross_amount_pct_nav"": 0.048228326454193726, ""fee"": 2.2813331829343927e-05, ""fee_pct_nav"": 1.4468497936258116e-05, ""name"": ""中国石油化工股份""}, {""ts_code"": ""00857.HK"", ""side"": ""sell"", ""current_weight"": 0.0594848993380914, ""target_weight"": 0.0, ""post_trade_weight"": 0.0, ""diff_weight"": -0.0594848993380914, ""gross_amount"": 0.09379334008364684, ""gross_amount_pct_nav"": 0.0594848993380914, ""fee"": 2.8138002025094052e-05, ""fee_pct_nav"": 1.784546980142742e-05, ""name"": ""中国石油股份""}, {""ts_code"": ""00883.HK"", ""side"": ""sell"", ""current_weight"": 0.05037985660920523, ""target_weight"": 0.0, ""post_trade_weight"": 0.0, ""diff_weight"": -0.05037985660920523, ""gross_amount"": 0.07943688359386172, ""gross_amount_pct_nav"": 0.05037985660920523, ""fee"": 2.3831065078158516e-05, ""fee_pct_nav"": 1.5113956982761567e-05, ""name"": ""中国海洋石油""}, {""ts_code"": ""00939.HK"", ""side"": ""sell"", ""current_weight"": 0.06355205014784363, ""target_weight"": 0.0, ""post_trade_weight"": 0.0, ""diff_weight"": -0.06355205014784363, ""gross_amount"": 0.1002062560222352, ""gross_amount_pct_nav"": 0.06355205014784363, ""fee"": 3.0061876806670555e-05, ""fee_pct_nav"": 1.9065615044353085e-05, ""name"": ""建设银行""}, {""ts_code"": ""00941.HK"", ""side"": ""sell"", ""current_weight"": 0.06510653735147824, ""target_weight"": 0.0, ""post_trade_weight"": 0.0, ""diff_weight"": -0.06510653735147824, ""gross_amount"": 0.10265730744147858, ""gross_amount_pct_nav"": 0.06510653735147824, ""fee"": 3.079719223244357e-05, ""fee_pct_nav"": 1.953196120544347e-05, ""name"": ""中国移动""}, {""ts_code"": ""01088.HK"", ""side"": ""sell"", ""current_weight"": 0.050740468661372315, ""target_weight"": 0.0, ""post_trade_weight"": 0.0, ""diff_weight"": -0.050740468661372315, ""gross_amount"": 0.0800054818301121, ""gross_amount_pct_nav"": 0.050740468661372315, ""fee"": 2.4001644549033625e-05, ""fee_pct_nav"": 1.5222140598411693e-05, ""name"": ""中国神华""}, {""ts_code"": ""01211.HK"", ""side"": ""sell"", ""current_weight"": 0.0362614376625699, ""target_weight"": 0.0, ""post_trade_weight"": 0.0, ""diff_weight"": -0.0362614376625699, ""gross_amount"": 0.0571755419014298, ""gross_amount_pct_nav"": 0.0362614376625699, ""fee"": 1.715266257042894e-05, ""fee_pct_nav"": 1.087843129877097e-05, ""name"": ""比亚迪股份""}, {""ts_code"": ""01288.HK"", ""side"": ""sell"", ""current_weight"": 0.048148563942293984, ""target_weight"": 0.0, ""post_trade_weight"": 0.0, ""diff_weight"": -0.048148563942293984, ""gross_amount"": 0.07591867318647283, ""gross_amount_pct_nav"": 0.048148563942293984, ""fee"": 2.2775601955941847e-05, ""fee_pct_nav"": 1.4444569182688194e-05, ""name"": ""农业银行""}, {""ts_code"": ""01299.HK"", ""side"": ""sell"", ""current_weight"": 0.03757849910301822, ""target_weight"": 0.0, ""post_trade_weight"": 0.0, ""diff_weight"": -0.03757849910301822, ""gross_amount"": 0.05925223015289538, ""gross_amount_pct_nav"": 0.03757849910301822, ""fee"": 1.777566904586861e-05, ""fee_pct_nav"": 1.1273549730905464e-05, ""name"": ""友邦保险""}, {""ts_code"": ""01398.HK"", ""side"": ""sell"", ""current_weight"": 0.05573188140070582, ""target_weight"": 0.0, ""post_trade_weight"": 0.0, ""diff_weight"": -0.05573188140070582, ""gross_amount"": 0.08787573592430312, ""gross_amount_pct_nav"": 0.05573188140070582, ""fee"": 2.6362720777290933e-05, ""fee_pct_nav"": 1.6719564420211744e-05, ""name"": ""工商银行""}, {""ts_code"": ""02388.HK"", ""side"": ""sell"", ""current_weight"": 0.04062197169432934, ""target_weight"": 0.0, ""post_trade_weight"": 0.0, ""diff_weight"": -0.04062197169432934, ""gross_amount"": 0.06405105242490866, ""gross_amount_pct_nav"": 0.04062197169432934, ""fee"": 1.9215315727472597e-05, ""fee_pct_nav"": 1.2186591508298798e-05, ""name"": ""中银香港""}, {""ts_code"": ""03328.HK"", ""side"": ""sell"", ""current_weight"": 0.034553252527996056, ""target_weight"": 0.0, ""post_trade_weight"": 0.0, ""diff_weight"": -0.034553252527996056, ""gross_amount"": 0.05448214591294034, ""gross_amount_pct_nav"": 0.034553252527996056, ""fee"": 1.6344643773882098e-05, ""fee_pct_nav"": 1.0365975758398813e-05, ""name"": ""交通银行""}, {""ts_code"": ""03988.HK"", ""side"": ""sell"", ""current_weight"": 0.0514496186537706, ""target_weight"": 0.0, ""post_trade_weight"": 0.0, ""diff_weight"": -0.0514496186537706, ""gross_amount"": 0.08112364034004398, ""gross_amount_pct_nav"": 0.0514496186537706, ""fee"": 2.433709210201319e-05, ""fee_pct_nav"": 1.5434885596131183e-05, ""name"": ""中国银行""}]",,,,
2022-09-02,0.00000000,0.00000000,0.00000000,0.00000000,0.00000000,0.00000000,0.00000000,0.00000000,weekly_portfolio_overlay,,2022-09-02,2022-09-02,2022-09-05,risk_off
2022-09-09,0.00000000,0.00000000,0.00000000,0.00000000,0.00000000,0.00000000,0.00000000,0.00000000,weekly_portfolio_overlay,,2022-09-09,2022-09-09,2022-09-13,risk_off
2022-09-16,0.00000000,0.00000000,0.00000000,0.00000000,0.00000000,0.00000000,0.00000000,0.00000000,weekly_portfolio_overlay,,2022-09-16,2022-09-16,2022-09-19,risk_off
2022-09-23,0.00000000,0.00000000,0.00000000,0.00000000,0.00000000,0.00000000,0.00000000,0.00000000,weekly_portfolio_overlay,,2022-09-23,2022-09-23,2022-09-26,risk_off
2022-10-03,0.00000000,0.00000000,0.00000000,0.00000000,0.00000000,0.00000000,0.00000000,0.00000000,rebalance,,,,,
2022-10-07,0.00000000,0.00000000,0.00000000,0.00000000,0.00000000,0.00000000,0.00000000,0.00000000,weekly_portfolio_overlay,,2022-10-07,2022-10-07,2022-10-10,risk_off
2022-10-14,0.00000000,0.00000000,0.00000000,0.00000000,0.00000000,0.00000000,0.00000000,0.00000000,weekly_portfolio_overlay,,2022-10-14,2022-10-14,2022-10-17,risk_off
2022-10-21,0.00000000,0.00000000,0.00000000,0.00000000,0.00000000,0.00000000,0.00000000,0.00000000,weekly_portfolio_overlay,,2022-10-21,2022-10-21,2022-10-24,risk_off
2022-10-28,0.00000000,0.00000000,0.00000000,0.00000000,0.00000000,0.00000000,0.00000000,0.00000000,weekly_portfolio_overlay,,2022-10-28,2022-10-28,2022-10-31,risk_off
2022-11-01,0.00000000,0.00000000,0.00000000,0.00000000,0.00000000,0.00000000,0.00000000,0.00000000,rebalance,,,,,
2022-11-04,0.00000000,0.00000000,0.00000000,0.00000000,0.00000000,0.00000000,0.00000000,0.00000000,weekly_portfolio_overlay,,2022-11-04,2022-11-04,2022-11-07,risk_off
2022-11-11,0.00000000,0.00000000,0.00000000,0.00000000,0.00000000,0.00000000,0.00000000,0.00000000,weekly_portfolio_overlay,,2022-11-11,2022-11-11,2022-11-14,risk_off
2022-11-18,0.25196190,0.50392381,0.79439972,0.00000000,0.00023832,0.00023832,0.00000000,0.00000000,weekly_portfolio_overlay,"[{""ts_code"": ""01093.HK"", ""side"": ""buy"", ""current_weight"": 0.0, ""target_weight"": 0.1259809516801059, ""post_trade_weight"": 0.12599999999999995, ""diff_weight"": 0.1259809516801059, ""gross_amount"": 0.1985999299011848, ""gross_amount_pct_nav"": 0.1259809516801059, ""fee"": 5.957997897035544e-05, ""fee_pct_nav"": 3.779428550403177e-05, ""name"": ""石药集团""}, {""ts_code"": ""01797.HK"", ""side"": ""buy"", ""current_weight"": 0.0, ""target_weight"": 0.1259809516801059, ""post_trade_weight"": 0.12599999999999995, ""diff_weight"": 0.1259809516801059, ""gross_amount"": 0.1985999299011848, ""gross_amount_pct_nav"": 0.1259809516801059, ""fee"": 5.957997897035544e-05, ""fee_pct_nav"": 3.779428550403177e-05, ""name"": ""东方甄选""}, {""ts_code"": ""02883.HK"", ""side"": ""buy"", ""current_weight"": 0.0, ""target_weight"": 0.1259809516801059, ""post_trade_weight"": 0.12599999999999995, ""diff_weight"": 0.1259809516801059, ""gross_amount"": 0.1985999299011848, ""gross_amount_pct_nav"": 0.1259809516801059, ""fee"": 5.957997897035544e-05, ""fee_pct_nav"": 3.779428550403177e-05, ""name"": ""中海油田服务""}, {""ts_code"": ""03969.HK"", ""side"": ""buy"", ""current_weight"": 0.0, ""target_weight"": 0.1259809516801059, ""post_trade_weight"": 0.12599999999999995, ""diff_weight"": 0.1259809516801059, ""gross_amount"": 0.1985999299011848, ""gross_amount_pct_nav"": 0.1259809516801059, ""fee"": 5.957997897035544e-05, ""fee_pct_nav"": 3.779428550403177e-05, ""name"": ""中国通号""}]",2022-11-18,2022-11-18,2022-11-21,caution
2022-11-25,0.00000000,0.00000000,0.00000000,0.00000000,0.00000000,0.00000000,0.00000000,0.00000000,weekly_portfolio_overlay,,2022-11-25,2022-11-25,2022-11-28,caution
2022-12-01,0.60302498,1.20604996,1.10807923,0.80175308,0.00057295,0.00033242,0.00024053,0.00000000,rebalance,"[{""ts_code"": ""00005.HK"", ""side"": ""buy"", ""current_weight"": 0.0, ""target_weight"": 0.05240822637575626, ""post_trade_weight"": 0.052427195320819645, ""diff_weight"": 0.05240822637575626, ""gross_amount"": 0.0829906947254811, ""gross_amount_pct_nav"": 0.05240822637575626, ""fee"": 2.4897208417644328e-05, ""fee_pct_nav"": 1.5722467912726878e-05, ""name"": ""汇丰控股""}, {""ts_code"": ""00016.HK"", ""side"": ""buy"", ""current_weight"": 0.0, ""target_weight"": 0.03150154683554339, ""post_trade_weight"": 0.03151294869270701, ""diff_weight"": 0.03150154683554339, ""gross_amount"": 0.04988406281992406, ""gross_amount_pct_nav"": 0.03150154683554339, ""fee"": 1.4965218845977217e-05, ""fee_pct_nav"": 9.450464050663016e-06, ""name"": ""新鸿基地产""}, {""ts_code"": ""00386.HK"", ""side"": ""buy"", ""current_weight"": 0.0, ""target_weight"": 0.0445378754715852, ""post_trade_weight"": 0.044553995775046776, ""diff_weight"": 0.0445378754715852, ""gross_amount"": 0.07052765343521859, ""gross_amount_pct_nav"": 0.0445378754715852, ""fee"": 2.1158296030565576e-05, ""fee_pct_nav"": 1.3361362641475559e-05, ""name"": ""中国石油化工股份""}, {""ts_code"": ""00728.HK"", ""side"": ""buy"", ""current_weight"": 0.0, ""target_weight"": 0.04146285620477488, ""post_trade_weight"": 0.04147786351747957, ""diff_weight"": 0.04146285620477488, ""gross_amount"": 0.06565822733754624, ""gross_amount_pct_nav"": 0.04146285620477488, ""fee"": 1.969746820126387e-05, ""fee_pct_nav"": 1.2438856861432462e-05, ""name"": ""中国电信""}, {""ts_code"": ""00857.HK"", ""side"": ""buy"", ""current_weight"": 0.0, ""target_weight"": 0.05388335370858613, ""post_trade_weight"": 0.053902856570007165, ""diff_weight"": 0.05388335370858613, ""gross_amount"": 0.0853266227014129, ""gross_amount_pct_nav"": 0.05388335370858613, ""fee"": 2.5597986810423868e-05, ""fee_pct_nav"": 1.6165006112575837e-05, ""name"": ""中国石油股份""}, {""ts_code"": ""00883.HK"", ""side"": ""buy"", ""current_weight"": 0.0, ""target_weight"": 0.04266916833687533, ""post_trade_weight"": 0.0426846122693656, ""diff_weight"": 0.04266916833687533, ""gross_amount"": 0.0675684748086399, ""gross_amount_pct_nav"": 0.04266916833687533, ""fee"": 2.0270542442591967e-05, ""fee_pct_nav"": 1.2800750501062597e-05, ""name"": ""中国海洋石油""}, {""ts_code"": ""00939.HK"", ""side"": ""buy"", ""current_weight"": 0.0, ""target_weight"": 0.06319394540001004, ""post_trade_weight"": 0.06321681819234681, ""diff_weight"": 0.06319394540001004, ""gross_amount"": 0.1000703476127754, ""gross_amount_pct_nav"": 0.06319394540001004, ""fee"": 3.002110428383262e-05, ""fee_pct_nav"": 1.8958183620003012e-05, ""name"": ""建设银行""}, {""ts_code"": ""00941.HK"", ""side"": ""buy"", ""current_weight"": 0.0, ""target_weight"": 0.0670605492830029, ""post_trade_weight"": 0.06708482157693914, ""diff_weight"": 0.0670605492830029, ""gross_amount"": 0.10619328221042976, ""gross_amount_pct_nav"": 0.0670605492830029, ""fee"": 3.185798466312892e-05, ""fee_pct_nav"": 2.0118164784900866e-05, ""name"": ""中国移动""}, {""ts_code"": ""00998.HK"", ""side"": ""buy"", ""current_weight"": 0.0, ""target_weight"": 0.031632456200205536, ""post_trade_weight"": 0.031643905439482964, ""diff_weight"": 0.031632456200205536, ""gross_amount"": 0.05009136346470239, ""gross_amount_pct_nav"": 0.031632456200205536, ""fee"": 1.5027409039410714e-05, ""fee_pct_nav"": 9.48973686006166e-06, ""name"": ""中信银行""}, {""ts_code"": ""01088.HK"", ""side"": ""buy"", ""current_weight"": 0.0, ""target_weight"": 0.04654898653509439, ""post_trade_weight"": 0.04656583475205197, ""diff_weight"": 0.04654898653509439, ""gross_amount"": 0.07371233484637846, ""gross_amount_pct_nav"": 0.04654898653509439, ""fee"": 2.2113700453913536e-05, ""fee_pct_nav"": 1.3964695960528318e-05, ""name"": ""中国神华""}, {""ts_code"": ""01093.HK"", ""side"": ""sell"", ""current_weight"": 0.114653668333425, ""target_weight"": 0.0, ""post_trade_weight"": 0.0, ""diff_weight"": -0.114653668333425, ""gross_amount"": 0.18155904608551116, ""gross_amount_pct_nav"": 0.114653668333425, ""fee"": 5.4467713825653344e-05, ""fee_pct_nav"": 3.43961005000275e-05, ""name"": ""石药集团""}, {""ts_code"": ""01288.HK"", ""side"": ""buy"", ""current_weight"": 0.0, ""target_weight"": 0.058569538796721596, ""post_trade_weight"": 0.058590737803836564, ""diff_weight"": 0.058569538796721596, ""gross_amount"": 0.09274739960937672, ""gross_amount_pct_nav"": 0.058569538796721596, ""fee"": 2.7824219882813014e-05, ""fee_pct_nav"": 1.7570861639016477e-05, ""name"": ""农业银行""}, {""ts_code"": ""01398.HK"", ""side"": ""buy"", ""current_weight"": 0.0, ""target_weight"": 0.07244807472327805, ""post_trade_weight"": 0.0724742970102053, ""diff_weight"": 0.07244807472327805, ""gross_amount"": 0.11472466192043787, ""gross_amount_pct_nav"": 0.07244807472327805, ""fee"": 3.441739857613136e-05, ""fee_pct_nav"": 2.1734422416983417e-05, ""name"": ""工商银行""}, {""ts_code"": ""01797.HK"", ""side"": ""sell"", ""current_weight"": 0.1263710540858111, ""target_weight"": 0.0, ""post_trade_weight"": 0.0, ""diff_weight"": -0.1263710540858111, ""gross_amount"": 0.20011403355989776, ""gross_amount_pct_nav"": 0.1263710540858111, ""fee"": 6.003421006796932e-05, ""fee_pct_nav"": 3.791131622574332e-05, ""name"": ""东方甄选""}, {""ts_code"": ""02883.HK"", ""side"": ""sell"", ""current_weight"": 0.13209982448549634, ""target_weight"": 0.0, ""post_trade_weight"": 0.0, ""diff_weight"": -0.13209982448549634, ""gross_amount"": 0.2091857894324183, ""gross_amount_pct_nav"": 0.13209982448549634, ""fee"": 6.275573682972548e-05, ""fee_pct_nav"": 3.96299473456489e-05, ""name"": ""中海油田服务""}, {""ts_code"": ""03969.HK"", ""side"": ""sell"", ""current_weight"": 0.1331786847001377, ""target_weight"": 0.0, ""post_trade_weight"": 0.0, ""diff_weight"": -0.1331786847001377, ""gross_amount"": 0.21089421127602004, ""gross_amount_pct_nav"": 0.1331786847001377, ""fee"": 6.326826338280601e-05, ""fee_pct_nav"": 3.995360541004131e-05, ""name"": ""中国通号""}, {""ts_code"": ""03988.HK"", ""side"": ""buy"", ""current_weight"": 0.0, ""target_weight"": 0.05745814275771294, ""post_trade_weight"": 0.057478939499537404, ""diff_weight"": 0.05745814275771294, ""gross_amount"": 0.09098745587971935, ""gross_amount_pct_nav"": 0.05745814275771294, ""fee"": 2.7296236763915803e-05, ""fee_pct_nav"": 1.723744282731388e-05, ""name"": ""中国银行""}, {""ts_code"": ""09633.HK"", ""side"": ""buy"", ""current_weight"": 0.0, ""target_weight"": 0.03637200887901718, ""post_trade_weight"": 0.03638517358017162, ""diff_weight"": 0.03637200887901718, ""gross_amount"": 0.057596650262283264, ""gross_amount_pct_nav"": 0.03637200887901718, ""fee"": 1.7278995078684978e-05, ""fee_pct_nav"": 1.0911602663705154e-05, ""name"": ""农夫山泉""}]",,,,
2022-12-02,0.00000000,0.00000000,0.00000000,0.00000000,0.00000000,0.00000000,0.00000000,0.00000000,weekly_portfolio_overlay,,2022-12-02,2022-12-02,2022-12-05,caution
2022-12-09,0.00000000,0.00000000,0.00000000,0.00000000,0.00000000,0.00000000,0.00000000,0.00000000,weekly_portfolio_overlay,,2022-12-09,2022-12-09,2022-12-12,caution
2022-12-16,0.00000000,0.00000000,0.00000000,0.00000000,0.00000000,0.00000000,0.00000000,0.00000000,weekly_portfolio_overlay,,2022-12-16,2022-12-16,2022-12-19,caution
2022-12-23,0.00000000,0.00000000,0.00000000,0.00000000,0.00000000,0.00000000,0.00000000,0.00000000,weekly_portfolio_overlay,,2022-12-23,2022-12-23,2022-12-28,caution
2023-01-03,0.07405652,0.14811304,0.13304920,0.10675579,0.00007194,0.00003991,0.00003203,0.00000000,rebalance,"[{""ts_code"": ""00998.HK"", ""side"": ""sell"", ""current_weight"": 0.03146817295465223, ""target_weight"": 0.0, ""post_trade_weight"": 0.0, ""diff_weight"": -0.03146817295465223, ""gross_amount"": 0.05094909229115277, ""gross_amount_pct_nav"": 0.03146817295465223, ""fee"": 1.528472768734583e-05, ""fee_pct_nav"": 9.440451886395668e-06, ""name"": ""中信银行""}, {""ts_code"": ""01299.HK"", ""side"": ""buy"", ""current_weight"": 0.0, ""target_weight"": 0.04226731325663038, ""post_trade_weight"": 0.04226919144215082, ""diff_weight"": 0.04226731325663038, ""gross_amount"": 0.06843362806968294, ""gross_amount_pct_nav"": 0.04226731325663038, ""fee"": 2.053008842090488e-05, ""fee_pct_nav"": 1.2680193976989113e-05, ""name"": ""友邦保险""}, {""ts_code"": ""02628.HK"", ""side"": ""buy"", ""current_weight"": 0.0, ""target_weight"": 0.03990912990433029, ""post_trade_weight"": 0.03991090330188374, ""diff_weight"": 0.03990912990433029, ""gross_amount"": 0.0646155703315061, ""gross_amount_pct_nav"": 0.03990912990433029, ""fee"": 1.9384671099451827e-05, ""fee_pct_nav"": 1.1972738971299086e-05, ""name"": ""中国人寿""}, {""ts_code"": ""09633.HK"", ""side"": ""sell"", ""current_weight"": 0.03446842290598268, ""target_weight"": 0.0, ""post_trade_weight"": 0.0, ""diff_weight"": -0.03446842290598268, ""gross_amount"": 0.05580669911462942, ""gross_amount_pct_nav"": 0.03446842290598268, ""fee"": 1.6742009734388825e-05, ""fee_pct_nav"": 1.0340526871794805e-05, ""name"": ""农夫山泉""}]",,,,
2023-01-06,0.13675053,0.27350106,0.44839123,0.00000000,0.00013452,0.00013452,0.00000000,0.00000000,weekly_portfolio_overlay,"[{""ts_code"": ""00005.HK"", ""side"": ""buy"", ""current_weight"": 0.057039912884392995, ""target_weight"": 0.07784436746767558, ""post_trade_weight"": 0.07785075514687151, ""diff_weight"": 0.02080445458328258, ""gross_amount"": 0.0341078571351906, ""gross_amount_pct_nav"": 0.02080445458328258, ""fee"": 1.0232357140557179e-05, ""fee_pct_nav"": 6.241336374984772e-06, ""name"": ""汇丰控股""}, {""ts_code"": ""00016.HK"", ""side"": ""buy"", ""current_weight"": 0.035497961192501065, ""target_weight"": 0.053831924081735816, ""post_trade_weight"": 0.053836341370651124, ""diff_weight"": 0.01833396288923475, ""gross_amount"": 0.030057610231723687, ""gross_amount_pct_nav"": 0.01833396288923475, ""fee"": 9.017283069517105e-06, ""fee_pct_nav"": 5.500188866770424e-06, ""name"": ""新鸿基地产""}, {""ts_code"": ""00386.HK"", ""side"": ""buy"", ""current_weight"": 0.045842229870732915, ""target_weight"": 0.06313502604374427, ""post_trade_weight"": 0.0631402067177675, ""diff_weight"": 0.01729279617301135, ""gross_amount"": 0.02835066975564897, ""gross_amount_pct_nav"": 0.01729279617301135, ""fee"": 8.50520092669469e-06, ""fee_pct_nav"": 5.187838851903405e-06, ""name"": ""中国石油化工股份""}, {""ts_code"": ""00728.HK"", ""side"": ""buy"", ""current_weight"": 0.041583919373724604, ""target_weight"": 0.058113113400767046, ""post_trade_weight"": 0.0581178819914507, ""diff_weight"": 0.01652919402704244, ""gross_amount"": 0.02709878243514402, ""gross_amount_pct_nav"": 0.01652919402704244, ""fee"": 8.129634730543205e-06, ""fee_pct_nav"": 4.958758208112732e-06, ""name"": ""中国电信""}, {""ts_code"": ""00857.HK"", ""side"": ""buy"", ""current_weight"": 0.05354721574515753, ""target_weight"": 0.07242371856524366, ""post_trade_weight"": 0.07242966144197863, ""diff_weight"": 0.01887650282008612, ""gross_amount"": 0.030947077166679257, ""gross_amount_pct_nav"": 0.01887650282008612, ""fee"": 9.284123150003776e-06, ""fee_pct_nav"": 5.662950846025836e-06, ""name"": ""中国石油股份""}, {""ts_code"": ""00883.HK"", ""side"": ""buy"", ""current_weight"": 0.040605273558000664, ""target_weight"": 0.06585640187347153, ""post_trade_weight"": 0.06586180585556878, ""diff_weight"": 0.025251128315470866, ""gross_amount"": 0.0413979551176753, ""gross_amount_pct_nav"": 0.025251128315470866, ""fee"": 1.2419386535302588e-05, ""fee_pct_nav"": 7.575338494641258e-06, ""name"": ""中国海洋石油""}, {""ts_code"": ""00939.HK"", ""side"": ""buy"", ""current_weight"": 0.06453997484617052, ""target_weight"": 0.07960733127838306, ""post_trade_weight"": 0.07961386362118952, ""diff_weight"": 0.015067356432212537, ""gross_amount"": 0.024702173207071576, ""gross_amount_pct_nav"": 0.015067356432212537, ""fee"": 7.410651962121472e-06, ""fee_pct_nav"": 4.520206929663761e-06, ""name"": ""建设银行""}, {""ts_code"": ""00941.HK"", ""side"": ""buy"", ""current_weight"": 0.06690729450251107, ""target_weight"": 0.09054539994184709, ""post_trade_weight"": 0.09055282983030673, ""diff_weight"": 0.023638105439336022, ""gross_amount"": 0.03875348522327056, ""gross_amount_pct_nav"": 0.023638105439336022, ""fee"": 1.1626045566981166e-05, ""fee_pct_nav"": 7.091431631800806e-06, ""name"": ""中国移动""}, {""ts_code"": ""01088.HK"", ""side"": ""buy"", ""current_weight"": 0.04418366996909627, ""target_weight"": 0.06222600308347341, ""post_trade_weight"": 0.06223110916575365, ""diff_weight"": 0.018042333114377144, ""gross_amount"": 0.02957949788047734, ""gross_amount_pct_nav"": 0.018042333114377144, ""fee"": 8.873849364143201e-06, ""fee_pct_nav"": 5.412699934313143e-06, ""name"": ""中国神华""}, {""ts_code"": ""01288.HK"", ""side"": ""buy"", ""current_weight"": 0.06098387409090021, ""target_weight"": 0.0817630698118448, ""post_trade_weight"": 0.08176977904819706, ""diff_weight"": 0.02077919572094458, ""gross_amount"": 0.034066446500531894, ""gross_amount_pct_nav"": 0.02077919572094458, ""fee"": 1.0219933950159566e-05, ""fee_pct_nav"": 6.2337587162833724e-06, ""name"": ""农业银行""}, {""ts_code"": ""01299.HK"", ""side"": ""buy"", ""current_weight"": 0.04126458176815898, ""target_weight"": 0.06037960463080176, ""post_trade_weight"": 0.06038455920307084, ""diff_weight"": 0.01911502286264278, ""gross_amount"": 0.03133811878244645, ""gross_amount_pct_nav"": 0.01911502286264278, ""fee"": 9.401435634733934e-06, ""fee_pct_nav"": 5.734506858792833e-06, ""name"": ""友邦保险""}, {""ts_code"": ""01398.HK"", ""side"": ""buy"", ""current_weight"": 0.07373752974218523, ""target_weight"": 0.09580196618827214, ""post_trade_weight"": 0.09580982741505396, ""diff_weight"": 0.022064436446086914, ""gross_amount"": 0.036173534040943006, ""gross_amount_pct_nav"": 0.022064436446086914, ""fee"": 1.08520602122829e-05, ""fee_pct_nav"": 6.619330933826074e-06, ""name"": ""工商银行""}, {""ts_code"": ""02628.HK"", ""side"": ""buy"", ""current_weight"": 0.041389886700989885, ""target_weight"": 0.05701089799940778, ""post_trade_weight"": 0.05701557614554653, ""diff_weight"": 0.01562101129841789, ""gross_amount"": 0.025609862519624355, ""gross_amount_pct_nav"": 0.01562101129841789, ""fee"": 7.682958755887306e-06, ""fee_pct_nav"": 4.686303389525367e-06, ""name"": ""中国人寿""}, {""ts_code"": ""03988.HK"", ""side"": ""buy"", ""current_weight"": 0.059293566311247096, ""target_weight"": 0.08137912531559192, ""post_trade_weight"": 0.08138580304659125, ""diff_weight"": 0.02208555900434482, ""gross_amount"": 0.03620816341305687, ""gross_amount_pct_nav"": 0.02208555900434482, ""fee"": 1.086244902391706e-05, ""fee_pct_nav"": 6.625667701303446e-06, ""name"": ""中国银行""}]",2023-01-06,2023-01-06,2023-01-09,risk_on
2023-01-13,0.00000000,0.00000000,0.00000000,0.00000000,0.00000000,0.00000000,0.00000000,0.00000000,weekly_portfolio_overlay,,2023-01-13,2023-01-13,2023-01-16,risk_on
2023-01-20,0.15003151,0.30006301,0.00000000,0.52821805,0.00015847,0.00000000,0.00015847,0.00000000,weekly_portfolio_overlay,"[{""ts_code"": ""00005.HK"", ""side"": ""sell"", ""current_weight"": 0.0787540597557614, ""target_weight"": 0.05449062297505414, ""post_trade_weight"": 0.05449552860281022, ""diff_weight"": -0.02426343678070726, ""gross_amount"": 0.04271231269775136, ""gross_amount_pct_nav"": 0.02426343678070726, ""fee"": 1.2813693809325407e-05, ""fee_pct_nav"": 7.2790310342121765e-06, ""name"": ""汇丰控股""}, {""ts_code"": ""00016.HK"", ""side"": ""sell"", ""current_weight"": 0.05183520584832974, ""target_weight"": 0.037682046557545146, ""post_trade_weight"": 0.0376854389594559, ""diff_weight"": -0.014153159290784596, ""gross_amount"": 0.0249146141477265, ""gross_amount_pct_nav"": 0.014153159290784596, ""fee"": 7.474384244317949e-06, ""fee_pct_nav"": 4.245947787235379e-06, ""name"": ""新鸿基地产""}, {""ts_code"": ""00386.HK"", ""side"": ""sell"", ""current_weight"": 0.06483375259133733, ""target_weight"": 0.04419416603389378, ""post_trade_weight"": 0.04419814470243739, ""diff_weight"": -0.020639586557443558, ""gross_amount"": 0.0363330423039987, ""gross_amount_pct_nav"": 0.020639586557443558, ""fee"": 1.0899912691199608e-05, ""fee_pct_nav"": 6.191875967233067e-06, ""name"": ""中国石油化工股份""}, {""ts_code"": ""00728.HK"", ""side"": ""sell"", ""current_weight"": 0.06138636382260185, ""target_weight"": 0.04067885519838907, ""post_trade_weight"": 0.04068251739401561, ""diff_weight"": -0.02070750862421278, ""gross_amount"": 0.03645260939505611, ""gross_amount_pct_nav"": 0.02070750862421278, ""fee"": 1.0935782818516831e-05, ""fee_pct_nav"": 6.212252587263834e-06, ""name"": ""中国电信""}, {""ts_code"": ""00857.HK"", ""side"": ""sell"", ""current_weight"": 0.07816567033929804, ""target_weight"": 0.05069619898226865, ""post_trade_weight"": 0.05070076300938519, ""diff_weight"": -0.027469471357029387, ""gross_amount"": 0.04835607835969408, ""gross_amount_pct_nav"": 0.027469471357029387, ""fee"": 1.4506823507908222e-05, ""fee_pct_nav"": 8.240841407108815e-06, ""name"": ""中国石油股份""}, {""ts_code"": ""00883.HK"", ""side"": ""sell"", ""current_weight"": 0.07081256216020947, ""target_weight"": 0.046099113933594664, ""post_trade_weight"": 0.04610326409889828, ""diff_weight"": -0.0247134482266148, ""gross_amount"": 0.043504493532185065, ""gross_amount_pct_nav"": 0.0247134482266148, ""fee"": 1.3051348059655519e-05, ""fee_pct_nav"": 7.414034467984439e-06, ""name"": ""中国海洋石油""}, {""ts_code"": ""00939.HK"", ""side"": ""sell"", ""current_weight"": 0.07746192121704848, ""target_weight"": 0.055724687807912045, ""post_trade_weight"": 0.05572970453483283, ""diff_weight"": -0.02173723340913644, ""gross_amount"": 0.03826529270961672, ""gross_amount_pct_nav"": 0.02173723340913644, ""fee"": 1.1479587812885014e-05, ""fee_pct_nav"": 6.521170022740932e-06, ""name"": ""建设银行""}, {""ts_code"": ""00941.HK"", ""side"": ""sell"", ""current_weight"": 0.08963418073162377, ""target_weight"": 0.06338127485467002, ""post_trade_weight"": 0.0633869808812149, ""diff_weight"": -0.02625290587695375, ""gross_amount"": 0.04621448870477768, ""gross_amount_pct_nav"": 0.02625290587695375, ""fee"": 1.3864346611433302e-05, ""fee_pct_nav"": 7.875871763086123e-06, ""name"": ""中国移动""}, {""ts_code"": ""01088.HK"", ""side"": ""sell"", ""current_weight"": 0.062483836462981626, ""target_weight"": 0.04355785503265973, ""post_trade_weight"": 0.04356177641602768, ""diff_weight"": -0.018925981430321898, ""gross_amount"": 0.0333164853878619, ""gross_amount_pct_nav"": 0.018925981430321898, ""fee"": 9.99494561635857e-06, ""fee_pct_nav"": 5.677794429096569e-06, ""name"": ""中国神华""}, {""ts_code"": ""01288.HK"", ""side"": ""sell"", ""current_weight"": 0.07906358127944757, ""target_weight"": 0.05723369275561667, ""post_trade_weight"": 0.05723884533373811, ""diff_weight"": -0.021829888523830897, ""gross_amount"": 0.03842839879667452, ""gross_amount_pct_nav"": 0.021829888523830897, ""fee"": 1.1528519639002355e-05, ""fee_pct_nav"": 6.548966557149268e-06, ""name"": ""农业银行""}, {""ts_code"": ""01299.HK"", ""side"": ""sell"", ""current_weight"": 0.05797575464484543, ""target_weight"": 0.04226538641586441, ""post_trade_weight"": 0.04226919144214972, ""diff_weight"": -0.015710368228981027, ""gross_amount"": 0.02765585792556037, ""gross_amount_pct_nav"": 0.015710368228981027, ""fee"": 8.29675737766811e-06, ""fee_pct_nav"": 4.713110468694307e-06, ""name"": ""友邦保险""}, {""ts_code"": ""01398.HK"", ""side"": ""sell"", ""current_weight"": 0.09225499952725232, ""target_weight"": 0.06706084190358057, ""post_trade_weight"": 0.06706687919053798, ""diff_weight"": -0.02519415762367174, ""gross_amount"": 0.04435071372223537, ""gross_amount_pct_nav"": 0.02519415762367174, ""fee"": 1.3305214116670609e-05, ""fee_pct_nav"": 7.558247287101521e-06, ""name"": ""工商银行""}, {""ts_code"": ""02628.HK"", ""side"": ""sell"", ""current_weight"": 0.056516794737231264, ""target_weight"": 0.039907310566111014, ""post_trade_weight"": 0.03991090330188269, ""diff_weight"": -0.016609484171120254, ""gross_amount"": 0.029238623039145595, ""gross_amount_pct_nav"": 0.016609484171120254, ""fee"": 8.771586911743678e-06, ""fee_pct_nav"": 4.982845251336076e-06, ""name"": ""中国人寿""}, {""ts_code"": ""03988.HK"", ""side"": ""sell"", ""current_weight"": 0.07882131688202962, ""target_weight"": 0.05696493375006177, ""post_trade_weight"": 0.05697006213261405, ""diff_weight"": -0.021856383131967843, ""gross_amount"": 0.038475038767663686, ""gross_amount_pct_nav"": 0.021856383131967843, ""fee"": 1.1542511630299105e-05, ""fee_pct_nav"": 6.556914939590352e-06, ""name"": ""中国银行""}]",2023-01-20,2023-01-20,2023-01-26,caution
2023-01-27,0.15044271,0.30088541,0.52790121,0.00000000,0.00015837,0.00015837,0.00000000,0.00000000,weekly_portfolio_overlay,"[{""ts_code"": ""00005.HK"", ""side"": ""buy"", ""current_weight"": 0.05462911141840328, ""target_weight"": 0.07784372789988933, ""post_trade_weight"": 0.0778507551468715, ""diff_weight"": 0.02321461648148605, ""gross_amount"": 0.040729871541978505, ""gross_amount_pct_nav"": 0.02321461648148605, ""fee"": 1.221896146259355e-05, ""fee_pct_nav"": 6.964384944445814e-06, ""name"": ""汇丰控股""}, {""ts_code"": ""00016.HK"", ""side"": ""buy"", ""current_weight"": 0.03844255680514576, ""target_weight"": 0.053831481799710354, ""post_trade_weight"": 0.05383634137065111, ""diff_weight"": 0.015388924994564596, ""gross_amount"": 0.026999754172016166, ""gross_amount_pct_nav"": 0.015388924994564596, ""fee"": 8.09992625160485e-06, ""fee_pct_nav"": 4.616677498369379e-06, ""name"": ""新鸿基地产""}, {""ts_code"": ""00386.HK"", ""side"": ""buy"", ""current_weight"": 0.04469568030287902, ""target_weight"": 0.06313450732761676, ""post_trade_weight"": 0.06314020671776749, ""diff_weight"": 0.01843882702473774, ""gross_amount"": 0.0323507845456448, ""gross_amount_pct_nav"": 0.01843882702473774, ""fee"": 9.705235363693439e-06, ""fee_pct_nav"": 5.5316481074213225e-06, ""name"": ""中国石油化工股份""}, {""ts_code"": ""00728.HK"", ""side"": ""buy"", ""current_weight"": 0.042746890434016645, ""target_weight"": 0.05811263594457468, ""post_trade_weight"": 0.058117881991450696, ""diff_weight"": 0.015365745510558033, ""gross_amount"": 0.026959085940139516, ""gross_amount_pct_nav"": 0.015365745510558033, ""fee"": 8.087725782041855e-06, ""fee_pct_nav"": 4.60972365316741e-06, ""name"": ""中国电信""}, {""ts_code"": ""00857.HK"", ""side"": ""buy"", ""current_weight"": 0.05100239079416048, ""target_weight"": 0.07242312353340179, ""post_trade_weight"": 0.07242966144197861, ""diff_weight"": 0.021420732739241298, ""gross_amount"": 0.03758251589037244, ""gross_amount_pct_nav"": 0.021420732739241298, ""fee"": 1.1274754767111731e-05, ""fee_pct_nav"": 6.426219821772389e-06, ""name"": ""中国石油股份""}, {""ts_code"": ""00883.HK"", ""side"": ""buy"", ""current_weight"": 0.0458373410087684, ""target_weight"": 0.06585586079857393, ""post_trade_weight"": 0.06586180585556876, ""diff_weight"": 0.02001851978980554, ""gross_amount"": 0.03512234372467826, ""gross_amount_pct_nav"": 0.02001851978980554, ""fee"": 1.0536703117403478e-05, ""fee_pct_nav"": 6.005555936941661e-06, ""name"": ""中国海洋石油""}, {""ts_code"": ""00939.HK"", ""side"": ""buy"", ""current_weight"": 0.05502748335224021, ""target_weight"": 0.07960667722612096, ""post_trade_weight"": 0.07961386362118951, ""diff_weight"": 0.024579193873880745, ""gross_amount"": 0.04312401240343314, ""gross_amount_pct_nav"": 0.024579193873880745, ""fee"": 1.293720372102994e-05, ""fee_pct_nav"": 7.373758162164223e-06, ""name"": ""建设银行""}, {""ts_code"": ""00941.HK"", ""side"": ""buy"", ""current_weight"": 0.06354325496884453, ""target_weight"": 0.09054465602262879, ""post_trade_weight"": 0.0905528298303067, ""diff_weight"": 0.027001401053784266, ""gross_amount"": 0.04737375684199442, ""gross_amount_pct_nav"": 0.027001401053784266, ""fee"": 1.4212127052598325e-05, ""fee_pct_nav"": 8.100420316135279e-06, ""name"": ""中国移动""}, {""ts_code"": ""01088.HK"", ""side"": ""buy"", ""current_weight"": 0.04273786054605298, ""target_weight"": 0.062225491835860604, ""post_trade_weight"": 0.06223110916575364, ""diff_weight"": 0.01948763128980762, ""gross_amount"": 0.03419090380943032, ""gross_amount_pct_nav"": 0.01948763128980762, ""fee"": 1.0257271142829096e-05, ""fee_pct_nav"": 5.846289386942286e-06, ""name"": ""中国神华""}, {""ts_code"": ""01288.HK"", ""side"": ""buy"", ""current_weight"": 0.05695430431162127, ""target_weight"": 0.08176239804807746, ""post_trade_weight"": 0.08176977904819704, ""diff_weight"": 0.024808093736456198, ""gross_amount"": 0.04352561550577644, ""gross_amount_pct_nav"": 0.024808093736456198, ""fee"": 1.305768465173293e-05, ""fee_pct_nav"": 7.442428120936858e-06, ""name"": ""农业银行""}, {""ts_code"": ""01299.HK"", ""side"": ""buy"", ""current_weight"": 0.04209769699266366, ""target_weight"": 0.06037910855316219, ""post_trade_weight"": 0.06038455920307083, ""diff_weight"": 0.018281411560498527, ""gross_amount"": 0.032074600287235994, ""gross_amount_pct_nav"": 0.018281411560498527, ""fee"": 9.622380086170798e-06, ""fee_pct_nav"": 5.4844234681495584e-06, ""name"": ""友邦保险""}, {""ts_code"": ""01398.HK"", ""side"": ""buy"", ""current_weight"": 0.066178943471396, ""target_weight"": 0.09580117908120936, ""post_trade_weight"": 0.09580982741505395, ""diff_weight"": 0.029622235609813356, ""gross_amount"": 0.05197199153111688, ""gross_amount_pct_nav"": 0.029622235609813356, ""fee"": 1.5591597459335064e-05, ""fee_pct_nav"": 8.886670682944007e-06, ""name"": ""工商银行""}, {""ts_code"": ""02628.HK"", ""side"": ""buy"", ""current_weight"": 0.03841511986939272, ""target_weight"": 0.057010429598995375, ""post_trade_weight"": 0.05701557614554652, ""diff_weight"": 0.01859530972960265, ""gross_amount"": 0.032625332284685504, ""gross_amount_pct_nav"": 0.01859530972960265, ""fee"": 9.78759968540565e-06, ""fee_pct_nav"": 5.578592918880795e-06, ""name"": ""中国人寿""}, {""ts_code"": ""03988.HK"", ""side"": ""buy"", ""current_weight"": 0.05671568719711904, ""target_weight"": 0.08137845670630499, ""post_trade_weight"": 0.08138580304659122, ""diff_weight"": 0.024662769509185944, ""gross_amount"": 0.04327064523248439, ""gross_amount_pct_nav"": 0.024662769509185944, ""fee"": 1.2981193569745315e-05, ""fee_pct_nav"": 7.398830852755783e-06, ""name"": ""中国银行""}]",2023-01-27,2023-01-27,2023-01-30,risk_on
2023-02-01,0.02253874,0.04507747,0.02824242,0.05036779,0.00002358,0.00000847,0.00001511,0.00000000,rebalance,"[{""ts_code"": ""00939.HK"", ""side"": ""sell"", ""current_weight"": 0.07898844659630382, ""target_weight"": 0.06769545618196691, ""post_trade_weight"": 0.06769637165634917, ""diff_weight"": -0.011292990414336908, ""gross_amount"": 0.01969374801852583, ""gross_amount_pct_nav"": 0.011292990414336908, ""fee"": 5.908124405557749e-06, ""fee_pct_nav"": 3.3878971243010723e-06, ""name"": ""建设银行""}, {""ts_code"": ""01299.HK"", ""side"": ""buy"", ""current_weight"": 0.05911852208165197, ""target_weight"": 0.07531358078898633, ""post_trade_weight"": 0.0753145992865006, ""diff_weight"": 0.016195058707334356, ""gross_amount"": 0.028242422389960276, ""gross_amount_pct_nav"": 0.016195058707334356, ""fee"": 8.472726716988083e-06, ""fee_pct_nav"": 4.8585176122003064e-06, ""name"": ""友邦保险""}, {""ts_code"": ""01398.HK"", ""side"": ""sell"", ""current_weight"": 0.09530964863178941, ""target_weight"": 0.07772022610229526, ""post_trade_weight"": 0.07772127714589543, ""diff_weight"": -0.017589422529494154, ""gross_amount"": 0.030674041363523002, ""gross_amount_pct_nav"": 0.017589422529494154, ""fee"": 9.2022124090569e-06, ""fee_pct_nav"": 5.276826758848246e-06, ""name"": ""工商银行""}]",,,,
2023-02-03,0.00000000,0.00000000,0.00000000,0.00000000,0.00000000,0.00000000,0.00000000,0.00000000,weekly_portfolio_overlay,,2023-02-03,2023-02-03,2023-02-06,risk_on
2023-02-10,0.00000000,0.00000000,0.00000000,0.00000000,0.00000000,0.00000000,0.00000000,0.00000000,weekly_portfolio_overlay,,2023-02-10,2023-02-10,2023-02-13,risk_on
2023-02-17,0.00000000,0.00000000,0.00000000,0.00000000,0.00000000,0.00000000,0.00000000,0.00000000,weekly_portfolio_overlay,,2023-02-17,2023-02-17,2023-02-20,risk_on
2023-02-24,0.00000000,0.00000000,0.00000000,0.00000000,0.00000000,0.00000000,0.00000000,0.00000000,weekly_portfolio_overlay,,2023-02-24,2023-02-24,2023-02-27,risk_on
2023-03-01,0.03888030,0.07776061,0.06791225,0.06743512,0.00004060,0.00002037,0.00002023,0.00000000,rebalance,"[{""ts_code"": ""00016.HK"", ""side"": ""buy"", ""current_weight"": 0.05142843426789671, ""target_weight"": 0.06299738461031146, ""post_trade_weight"": 0.06299885425910924, ""diff_weight"": 0.011568950342414756, ""gross_amount"": 0.02013650692522105, ""gross_amount_pct_nav"": 0.011568950342414756, ""fee"": 6.040952077566315e-06, ""fee_pct_nav"": 3.4706851027244267e-06, ""name"": ""新鸿基地产""}, {""ts_code"": ""00386.HK"", ""side"": ""buy"", ""current_weight"": 0.061288896009025526, ""target_weight"": 0.07408787069310836, ""post_trade_weight"": 0.07408959906883011, ""diff_weight"": 0.012798974684082842, ""gross_amount"": 0.022277443910954542, ""gross_amount_pct_nav"": 0.012798974684082842, ""fee"": 6.683233173286362e-06, ""fee_pct_nav"": 3.839692405224853e-06, ""name"": ""中国石油化工股份""}, {""ts_code"": ""00883.HK"", ""side"": ""buy"", ""current_weight"": 0.06571365065434555, ""target_weight"": 0.08036309096741077, ""post_trade_weight"": 0.08036496573603422, ""diff_weight"": 0.01464944031306522, ""gross_amount"": 0.025498299118213524, ""gross_amount_pct_nav"": 0.01464944031306522, ""fee"": 7.649489735464056e-06, ""fee_pct_nav"": 4.394832093919565e-06, ""name"": ""中国海洋石油""}, {""ts_code"": ""01288.HK"", ""side"": ""sell"", ""current_weight"": 0.08037326404259622, ""target_weight"": 0.06562372636351074, ""post_trade_weight"": 0.06562525728151873, ""diff_weight"": -0.014749537679085477, ""gross_amount"": 0.025672525063040477, ""gross_amount_pct_nav"": 0.014749537679085477, ""fee"": 7.701757518912142e-06, ""fee_pct_nav"": 4.424861303725642e-06, ""name"": ""农业银行""}, {""ts_code"": ""01299.HK"", ""side"": ""sell"", ""current_weight"": 0.07420200355202194, ""target_weight"": 0.06139183694275422, ""post_trade_weight"": 0.061393269136168514, ""diff_weight"": -0.012810166609267724, ""gross_amount"": 0.022296924181188366, ""gross_amount_pct_nav"": 0.012810166609267724, ""fee"": 6.689077254356509e-06, ""fee_pct_nav"": 3.843049982780317e-06, ""name"": ""友邦保险""}, {""ts_code"": ""03988.HK"", ""side"": ""sell"", ""current_weight"": 0.08012197249978584, ""target_weight"": 0.06893843229503051, ""post_trade_weight"": 0.0689400405409088, ""diff_weight"": -0.011183540204755335, ""gross_amount"": 0.019465675633156793, ""gross_amount_pct_nav"": 0.011183540204755335, ""fee"": 5.839702689947037e-06, ""fee_pct_nav"": 3.3550620614266e-06, ""name"": ""中国银行""}]",,,,
2023-03-03,0.00560744,0.01121488,0.02015393,0.00000000,0.00000605,0.00000605,0.00000000,0.00000000,weekly_portfolio_overlay,"[{""ts_code"": ""02628.HK"", ""side"": ""buy"", ""current_weight"": 0.05268453061669596, ""target_weight"": 0.06389940597582074, ""post_trade_weight"": 0.06389962096370612, ""diff_weight"": 0.011214875359124781, ""gross_amount"": 0.02015393093099145, ""gross_amount_pct_nav"": 0.011214875359124781, ""fee"": 6.0461792792974345e-06, ""fee_pct_nav"": 3.364462607737434e-06, ""name"": ""中国人寿""}]",2023-03-03,2023-03-03,2023-03-06,risk_on
2023-03-10,0.00000000,0.00000000,0.00000000,0.00000000,0.00000000,0.00000000,0.00000000,0.00000000,weekly_portfolio_overlay,,2023-03-10,2023-03-10,2023-03-13,risk_on
2023-03-17,0.01314128,0.02628256,0.02762901,0.01845311,0.00001382,0.00000829,0.00000554,0.00000000,weekly_portfolio_overlay,"[{""ts_code"": ""00005.HK"", ""side"": ""buy"", ""current_weight"": 0.07204755539348079, ""target_weight"": 0.08780553172910802, ""post_trade_weight"": 0.0878062240607451, ""diff_weight"": 0.015757976335627224, ""gross_amount"": 0.0276290093346713, ""gross_amount_pct_nav"": 0.015757976335627224, ""fee"": 8.28870280040139e-06, ""fee_pct_nav"": 4.727392900688167e-06, ""name"": ""汇丰控股""}, {""ts_code"": ""01088.HK"", ""side"": ""sell"", ""current_weight"": 0.06443795627967218, ""target_weight"": 0.05391337521879468, ""post_trade_weight"": 0.05391380031656007, ""diff_weight"": -0.010524581060877497, ""gross_amount"": 0.018453114929298117, ""gross_amount_pct_nav"": 0.010524581060877497, ""fee"": 5.5359344787894344e-06, ""fee_pct_nav"": 3.157374318263249e-06, ""name"": ""中国神华""}]",2023-03-17,2023-03-17,2023-03-20,risk_on
2023-03-24,0.00000000,0.00000000,0.00000000,0.00000000,0.00000000,0.00000000,0.00000000,0.00000000,weekly_portfolio_overlay,,2023-03-24,2023-03-24,2023-03-27,risk_on
2023-04-03,0.15130302,0.30260604,0.24156239,0.30215454,0.00016312,0.00007247,0.00009065,0.00000000,rebalance,"[{""ts_code"": ""00386.HK"", ""side"": ""sell"", ""current_weight"": 0.0808148161620238, ""target_weight"": 0.06987116514347406, ""post_trade_weight"": 0.06987750875042084, ""diff_weight"": -0.010943651018549728, ""gross_amount"": 0.019663349365887955, ""gross_amount_pct_nav"": 0.010943651018549728, ""fee"": 5.899004809766386e-06, ""fee_pct_nav"": 3.283095305564918e-06, ""name"": ""中国石油化工股份""}, {""ts_code"": ""00728.HK"", ""side"": ""buy"", ""current_weight"": 0.061553790835761235, ""target_weight"": 0.07193199445116573, ""post_trade_weight"": 0.0719385251609193, ""diff_weight"": 0.01037820361540449, ""gross_amount"": 0.018647363949573725, ""gross_amount_pct_nav"": 0.01037820361540449, ""fee"": 5.594209184872117e-06, ""fee_pct_nav"": 3.1134610846213467e-06, ""name"": ""中国电信""}, {""ts_code"": ""00883.HK"", ""side"": ""sell"", ""current_weight"": 0.08252599949328122, ""target_weight"": 0.06610868480086118, ""post_trade_weight"": 0.06611468681200962, ""diff_weight"": -0.016417314692420044, ""gross_amount"": 0.02949832682891612, ""gross_amount_pct_nav"": 0.016417314692420044, ""fee"": 8.849498048674836e-06, ""fee_pct_nav"": 4.9251944077260136e-06, ""name"": ""中国海洋石油""}, {""ts_code"": ""00939.HK"", ""side"": ""sell"", ""current_weight"": 0.06600836378380028, ""target_weight"": 0.0, ""post_trade_weight"": 0.0, ""diff_weight"": -0.06600836378380028, ""gross_amount"": 0.1186026049214695, ""gross_amount_pct_nav"": 0.06600836378380028, ""fee"": 3.5580781476440845e-05, ""fee_pct_nav"": 1.9802509135140082e-05, ""name"": ""建设银行""}, {""ts_code"": ""01288.HK"", ""side"": ""buy"", ""current_weight"": 0.06653355920880685, ""target_weight"": 0.07715012414448029, ""post_trade_weight"": 0.07715712860851724, ""diff_weight"": 0.01061656493567343, ""gross_amount"": 0.019075647153032782, ""gross_amount_pct_nav"": 0.01061656493567343, ""fee"": 5.722694145909834e-06, ""fee_pct_nav"": 3.1849694807020284e-06, ""name"": ""农业银行""}, {""ts_code"": ""01398.HK"", ""side"": ""sell"", ""current_weight"": 0.07479499249969579, ""target_weight"": 0.0, ""post_trade_weight"": 0.0, ""diff_weight"": -0.07479499249969579, ""gross_amount"": 0.13439025658325407, ""gross_amount_pct_nav"": 0.07479499249969579, ""fee"": 4.031707697497622e-05, ""fee_pct_nav"": 2.2438497749908738e-05, ""name"": ""工商银行""}, {""ts_code"": ""01766.HK"", ""side"": ""buy"", ""current_weight"": 0.0, ""target_weight"": 0.05166258350645894, ""post_trade_weight"": 0.05166727395527208, ""diff_weight"": 0.05166258350645894, ""gross_amount"": 0.09282637274433907, ""gross_amount_pct_nav"": 0.05166258350645894, ""fee"": 2.7847911823301718e-05, ""fee_pct_nav"": 1.549877505193768e-05, ""name"": ""中国中车""}, {""ts_code"": ""01928.HK"", ""side"": ""buy"", ""current_weight"": 0.0, ""target_weight"": 0.04968444833626007, ""post_trade_weight"": 0.04968895919007173, ""diff_weight"": 0.04968444833626007, ""gross_amount"": 0.0892720961250792, ""gross_amount_pct_nav"": 0.04968444833626007, ""fee"": 2.678162883752376e-05, ""fee_pct_nav"": 1.490533450087802e-05, ""name"": ""金沙中国有限公司""}, {""ts_code"": ""02628.HK"", ""side"": ""buy"", ""current_weight"": 0.05964906657718772, ""target_weight"": 0.0717489882137175, ""post_trade_weight"": 0.07175550230832466, ""diff_weight"": 0.012099921636529773, ""gross_amount"": 0.02174091498675018, ""gross_amount_pct_nav"": 0.012099921636529773, ""fee"": 6.5222744960250536e-06, ""fee_pct_nav"": 3.6299764909589315e-06, ""name"": ""中国人寿""}]",,,,
2023-04-06,0.00000000,0.00000000,0.00000000,0.00000000,0.00000000,0.00000000,0.00000000,0.00000000,weekly_portfolio_overlay,,2023-04-06,2023-04-06,2023-04-11,risk_on
2023-04-14,0.00533537,0.01067074,0.02034887,0.00000000,0.00000610,0.00000610,0.00000000,0.00000000,weekly_portfolio_overlay,"[{""ts_code"": ""01299.HK"", ""side"": ""buy"", ""current_weight"": 0.056293636038174874, ""target_weight"": 0.0669643753955026, ""post_trade_weight"": 0.06696458976400765, ""diff_weight"": 0.010670739357327716, ""gross_amount"": 0.02034886992368727, ""gross_amount_pct_nav"": 0.010670739357327716, ""fee"": 6.104660977106181e-06, ""fee_pct_nav"": 3.201221807198315e-06, ""name"": ""友邦保险""}]",2023-04-14,2023-04-14,2023-04-17,risk_on
2023-04-21,0.00000000,0.00000000,0.00000000,0.00000000,0.00000000,0.00000000,0.00000000,0.00000000,weekly_portfolio_overlay,,2023-04-21,2023-04-21,2023-04-24,risk_on
2023-05-02,0.06973962,0.13947924,0.15144310,0.11547063,0.00008007,0.00004543,0.00003464,0.00000000,rebalance,"[{""ts_code"": ""00005.HK"", ""side"": ""sell"", ""current_weight"": 0.09353014145471329, ""target_weight"": 0.07848178433012962, ""post_trade_weight"": 0.07848506844141312, ""diff_weight"": -0.015048357124583682, ""gross_amount"": 0.028797211895946084, ""gross_amount_pct_nav"": 0.015048357124583682, ""fee"": 8.639163568783824e-06, ""fee_pct_nav"": 4.514507137375104e-06, ""name"": ""汇丰控股""}, {""ts_code"": ""00857.HK"", ""side"": ""buy"", ""current_weight"": 0.08580362423777696, ""target_weight"": 0.10577186236954682, ""post_trade_weight"": 0.10577628844840894, ""diff_weight"": 0.019968238131769858, ""gross_amount"": 0.038212117104125115, ""gross_amount_pct_nav"": 0.019968238131769858, ""fee"": 1.1463635131237534e-05, ""fee_pct_nav"": 5.990471439530957e-06, ""name"": ""中国石油股份""}, {""ts_code"": ""01928.HK"", ""side"": ""sell"", ""current_weight"": 0.04529232252044933, ""target_weight"": 0.0, ""post_trade_weight"": 0.0, ""diff_weight"": -0.04529232252044933, ""gross_amount"": 0.08667342209404097, ""gross_amount_pct_nav"": 0.04529232252044933, ""fee"": 2.600202662821229e-05, ""fee_pct_nav"": 1.3587696756134799e-05, ""name"": ""金沙中国有限公司""}, {""ts_code"": ""02318.HK"", ""side"": ""buy"", ""current_weight"": 0.0, ""target_weight"": 0.05917032112930445, ""post_trade_weight"": 0.05917279714231725, ""diff_weight"": 0.05917032112930445, ""gross_amount"": 0.11323098338277215, ""gross_amount_pct_nav"": 0.05917032112930445, ""fee"": 3.396929501483164e-05, ""fee_pct_nav"": 1.775109633879133e-05, ""name"": ""中国平安""}]",,,,
2023-05-05,0.00000000,0.00000000,0.00000000,0.00000000,0.00000000,0.00000000,0.00000000,0.00000000,weekly_portfolio_overlay,,2023-05-05,2023-05-05,2023-05-08,risk_on
2023-05-12,0.00000000,0.00000000,0.00000000,0.00000000,0.00000000,0.00000000,0.00000000,0.00000000,weekly_portfolio_overlay,,2023-05-12,2023-05-12,2023-05-15,risk_on
2023-05-19,0.00000000,0.00000000,0.00000000,0.00000000,0.00000000,0.00000000,0.00000000,0.00000000,weekly_portfolio_overlay,,2023-05-19,2023-05-19,2023-05-22,risk_on
2023-05-25,0.15104673,0.30209345,0.00000000,0.55717734,0.00016715,0.00000000,0.00016715,0.00000000,weekly_portfolio_overlay,"[{""ts_code"": ""00005.HK"", ""side"": ""sell"", ""current_weight"": 0.08377290517234569, ""target_weight"": 0.0549345688456844, ""post_trade_weight"": 0.05493954790898768, ""diff_weight"": -0.02883833632666129, ""gross_amount"": 0.0531890621741556, ""gross_amount_pct_nav"": 0.02883833632666129, ""fee"": 1.5956718652246678e-05, ""fee_pct_nav"": 8.651500897998386e-06, ""name"": ""汇丰控股""}, {""ts_code"": ""00016.HK"", ""side"": ""sell"", ""current_weight"": 0.056747421552759934, ""target_weight"": 0.04249424210397085, ""post_trade_weight"": 0.04249809362271226, ""diff_weight"": -0.014253179448789089, ""gross_amount"": 0.026288383604853013, ""gross_amount_pct_nav"": 0.014253179448789089, ""fee"": 7.886515081455903e-06, ""fee_pct_nav"": 4.275953834636727e-06, ""name"": ""新鸿基地产""}, {""ts_code"": ""00386.HK"", ""side"": ""sell"", ""current_weight"": 0.07535475981350118, ""target_weight"": 0.0521079397518988, ""post_trade_weight"": 0.052112662620141505, ""diff_weight"": -0.023246820061602377, ""gross_amount"": 0.04287614041260915, ""gross_amount_pct_nav"": 0.023246820061602377, ""fee"": 1.2862842123782743e-05, ""fee_pct_nav"": 6.974046018480713e-06, ""name"": ""中国石油化工股份""}, {""ts_code"": ""00728.HK"", ""side"": ""sell"", ""current_weight"": 0.06642558549091211, ""target_weight"": 0.04617832423904686, ""post_trade_weight"": 0.04618250966917686, ""diff_weight"": -0.020247261251865246, ""gross_amount"": 0.037343792144701446, ""gross_amount_pct_nav"": 0.020247261251865246, ""fee"": 1.1203137643410432e-05, ""fee_pct_nav"": 6.074178375559574e-06, ""name"": ""中国电信""}, {""ts_code"": ""00857.HK"", ""side"": ""sell"", ""current_weight"": 0.10837753976109733, ""target_weight"": 0.07403669150582028, ""post_trade_weight"": 0.07404340191388424, ""diff_weight"": -0.034340848255277064, ""gross_amount"": 0.0633378254651433, ""gross_amount_pct_nav"": 0.034340848255277064, ""fee"": 1.9001347639542986e-05, ""fee_pct_nav"": 1.0302254476583117e-05, ""name"": ""中国石油股份""}, {""ts_code"": ""00883.HK"", ""side"": ""sell"", ""current_weight"": 0.066876973548052, ""target_weight"": 0.04022594651851061, ""post_trade_weight"": 0.04022959244744677, ""diff_weight"": -0.026651027029541394, ""gross_amount"": 0.04915481661710311, ""gross_amount_pct_nav"": 0.026651027029541394, ""fee"": 1.4746444985130931e-05, ""fee_pct_nav"": 7.995308108862417e-06, ""name"": ""中国海洋石油""}, {""ts_code"": ""00941.HK"", ""side"": ""sell"", ""current_weight"": 0.09755715413722867, ""target_weight"": 0.07329565608579604, ""post_trade_weight"": 0.07330229932918858, ""diff_weight"": -0.024261498051432635, ""gross_amount"": 0.04474759964231281, ""gross_amount_pct_nav"": 0.024261498051432635, ""fee"": 1.3424279892693843e-05, ""fee_pct_nav"": 7.2784494154297894e-06, ""name"": ""中国移动""}, {""ts_code"": ""01088.HK"", ""side"": ""sell"", ""current_weight"": 0.05341670072310984, ""target_weight"": 0.040281934317865566, ""post_trade_weight"": 0.04028558532132589, ""diff_weight"": -0.013134766405244278, ""gross_amount"": 0.024225596756275516, ""gross_amount_pct_nav"": 0.013134766405244278, ""fee"": 7.267679026882654e-06, ""fee_pct_nav"": 3.940429921573283e-06, ""name"": ""中国神华""}, {""ts_code"": ""01288.HK"", ""side"": ""sell"", ""current_weight"": 0.07881022542496509, ""target_weight"": 0.05597792065058118, ""post_trade_weight"": 0.05598299427937925, ""diff_weight"": -0.022832304774383912, ""gross_amount"": 0.042111613668269265, ""gross_amount_pct_nav"": 0.022832304774383912, ""fee"": 1.2633484100480779e-05, ""fee_pct_nav"": 6.849691432315173e-06, ""name"": ""农业银行""}, {""ts_code"": ""01299.HK"", ""side"": ""sell"", ""current_weight"": 0.06352414566411183, ""target_weight"": 0.04279031718921506, ""post_trade_weight"": 0.04279419554309185, ""diff_weight"": -0.020733828474896767, ""gross_amount"": 0.0382412105666443, ""gross_amount_pct_nav"": 0.020733828474896767, ""fee"": 1.1472363169993288e-05, ""fee_pct_nav"": 6.2201485424690285e-06, ""name"": ""友邦保险""}, {""ts_code"": ""01766.HK"", ""side"": ""sell"", ""current_weight"": 0.05283304574639836, ""target_weight"": 0.037643963117886425, ""post_trade_weight"": 0.037647375025530165, ""diff_weight"": -0.015189082628511935, ""gross_amount"": 0.028014551572775853, ""gross_amount_pct_nav"": 0.015189082628511935, ""fee"": 8.404365471832756e-06, ""fee_pct_nav"": 4.5567247885535806e-06, ""name"": ""中国中车""}, {""ts_code"": ""02318.HK"", ""side"": ""sell"", ""current_weight"": 0.055759326227866626, ""target_weight"": 0.04141720409956512, ""post_trade_weight"": 0.04142095799962094, ""diff_weight"": -0.014342122128301507, ""gross_amount"": 0.02645242835614986, ""gross_amount_pct_nav"": 0.014342122128301507, ""fee"": 7.935728506844957e-06, ""fee_pct_nav"": 4.302636638490452e-06, ""name"": ""中国平安""}, {""ts_code"": ""02628.HK"", ""side"": ""sell"", ""current_weight"": 0.07312759671055316, ""target_weight"": 0.0518202367503075, ""post_trade_weight"": 0.0518249335422291, ""diff_weight"": -0.021307359960245652, ""gross_amount"": 0.039299024772273594, ""gross_amount_pct_nav"": 0.021307359960245652, ""fee"": 1.1789707431682077e-05, ""fee_pct_nav"": 6.3922079880736946e-06, ""name"": ""中国人寿""}, {""ts_code"": ""03988.HK"", ""side"": ""sell"", ""current_weight"": 0.06944663237397046, ""target_weight"": 0.04673161519893778, ""post_trade_weight"": 0.046735850777285426, ""diff_weight"": -0.022715017175032683, ""gross_amount"": 0.04189528990591747, ""gross_amount_pct_nav"": 0.022715017175032683, ""fee"": 1.2568586971775239e-05, ""fee_pct_nav"": 6.814505152509804e-06, ""name"": ""中国银行""}]",2023-05-25,2023-05-25,2023-05-29,caution
2023-06-01,0.01101718,0.02203436,0.01905344,0.02093220,0.00001200,0.00000572,0.00000628,0.00000000,rebalance,"[{""ts_code"": ""00941.HK"", ""side"": ""buy"", ""current_weight"": 0.07361729192580795, ""target_weight"": 0.08411681974602812, ""post_trade_weight"": 0.08411737578776, ""diff_weight"": 0.010499527820220183, ""gross_amount"": 0.019053444209192527, ""gross_amount_pct_nav"": 0.010499527820220183, ""fee"": 5.716033262757758e-06, ""fee_pct_nav"": 3.149858346066055e-06, ""name"": ""中国移动""}, {""ts_code"": ""02318.HK"", ""side"": ""sell"", ""current_weight"": 0.041098055830016425, ""target_weight"": 0.029563224848213384, ""post_trade_weight"": 0.029563420271516285, ""diff_weight"": -0.011534830981803041, ""gross_amount"": 0.02093220403216578, ""gross_amount_pct_nav"": 0.011534830981803041, ""fee"": 6.279661209649733e-06, ""fee_pct_nav"": 3.460449294540912e-06, ""name"": ""中国平安""}]",,,,
2023-06-02,0.14309407,0.28618815,0.53046135,0.00000000,0.00015914,0.00015914,0.00000000,0.00000000,weekly_portfolio_overlay,"[{""ts_code"": ""00005.HK"", ""side"": ""buy"", ""current_weight"": 0.055034164917446095, ""target_weight"": 0.07864320977700381, ""post_trade_weight"": 0.07864996238308221, ""diff_weight"": 0.02360904485955771, ""gross_amount"": 0.04376032363917087, ""gross_amount_pct_nav"": 0.02360904485955771, ""fee"": 1.312809709175126e-05, ""fee_pct_nav"": 7.082713457867312e-06, ""name"": ""汇丰控股""}, {""ts_code"": ""00016.HK"", ""side"": ""buy"", ""current_weight"": 0.042994277947514106, ""target_weight"": 0.06289668963429772, ""post_trade_weight"": 0.06290209018407106, ""diff_weight"": 0.019902411686783614, ""gross_amount"": 0.036889928491159796, ""gross_amount_pct_nav"": 0.019902411686783614, ""fee"": 1.1066978547347938e-05, ""fee_pct_nav"": 5.970723506035084e-06, ""name"": ""新鸿基地产""}, {""ts_code"": ""00386.HK"", ""side"": ""buy"", ""current_weight"": 0.05048312776336299, ""target_weight"": 0.07064697569206559, ""post_trade_weight"": 0.0706530417109734, ""diff_weight"": 0.0201638479287026, ""gross_amount"": 0.0373745111850146, ""gross_amount_pct_nav"": 0.0201638479287026, ""fee"": 1.121235335550438e-05, ""fee_pct_nav"": 6.04915437861078e-06, ""name"": ""中国石油化工股份""}, {""ts_code"": ""00728.HK"", ""side"": ""buy"", ""current_weight"": 0.04797109670538077, ""target_weight"": 0.08103358665127068, ""post_trade_weight"": 0.0810405445042287, ""diff_weight"": 0.03306248994588991, ""gross_amount"": 0.0612826681026553, ""gross_amount_pct_nav"": 0.03306248994588991, ""fee"": 1.8384800430796587e-05, ""fee_pct_nav"": 9.91874698376697e-06, ""name"": ""中国电信""}, {""ts_code"": ""00857.HK"", ""side"": ""buy"", ""current_weight"": 0.07413539167383484, ""target_weight"": 0.09880804618903793, ""post_trade_weight"": 0.0988165302249157, ""diff_weight"": 0.02467265451520308, ""gross_amount"": 0.04573176733939943, ""gross_amount_pct_nav"": 0.02467265451520308, ""fee"": 1.3719530201819828e-05, ""fee_pct_nav"": 7.401796354560923e-06, ""name"": ""中国石油股份""}, {""ts_code"": ""00883.HK"", ""side"": ""buy"", ""current_weight"": 0.039397823336633095, ""target_weight"": 0.06557226584582947, ""post_trade_weight"": 0.0655778961307858, ""diff_weight"": 0.026174442509196368, ""gross_amount"": 0.048515392388422215, ""gross_amount_pct_nav"": 0.026174442509196368, ""fee"": 1.4554617716526664e-05, ""fee_pct_nav"": 7.852332752758909e-06, ""name"": ""中国海洋石油""}, {""ts_code"": ""00941.HK"", ""side"": ""buy"", ""current_weight"": 0.08522710317053789, ""target_weight"": 0.1201573625271563, ""post_trade_weight"": 0.12016767969679963, ""diff_weight"": 0.034930259356618414, ""gross_amount"": 0.06474465457364692, ""gross_amount_pct_nav"": 0.034930259356618414, ""fee"": 1.9423396372094076e-05, ""fee_pct_nav"": 1.0479077806985524e-05, ""name"": ""中国移动""}, {""ts_code"": ""01288.HK"", ""side"": ""buy"", ""current_weight"": 0.05527135912203936, ""target_weight"": 0.08525681479381061, ""post_trade_weight"": 0.08526413526925197, ""diff_weight"": 0.029985455671771258, ""gross_amount"": 0.055579260087411445, ""gross_amount_pct_nav"": 0.029985455671771258, ""fee"": 1.667377802622343e-05, ""fee_pct_nav"": 8.995636701531377e-06, ""name"": ""农业银行""}, {""ts_code"": ""01766.HK"", ""side"": ""buy"", ""current_weight"": 0.03878951485226024, ""target_weight"": 0.05495672292249567, ""post_trade_weight"": 0.05496144171642979, ""diff_weight"": 0.016167208070235434, ""gross_amount"": 0.029966576865091007, ""gross_amount_pct_nav"": 0.016167208070235434, ""fee"": 8.989973059527302e-06, ""fee_pct_nav"": 4.85016242107063e-06, ""name"": ""中国中车""}, {""ts_code"": ""02318.HK"", ""side"": ""buy"", ""current_weight"": 0.03041209492006613, ""target_weight"": 0.04222983151626274, ""post_trade_weight"": 0.04223345753073742, ""diff_weight"": 0.011817736596196612, ""gross_amount"": 0.021904654813796033, ""gross_amount_pct_nav"": 0.011817736596196612, ""fee"": 6.57139644413881e-06, ""fee_pct_nav"": 3.545320978858983e-06, ""name"": ""中国平安""}, {""ts_code"": ""02628.HK"", ""side"": ""buy"", ""current_weight"": 0.051108745809860426, ""target_weight"": 0.06646297956325568, ""post_trade_weight"": 0.06646868632829059, ""diff_weight"": 0.01535423375339526, ""gross_amount"": 0.02845969594606655, ""gross_amount_pct_nav"": 0.01535423375339526, ""fee"": 8.537908783819965e-06, ""fee_pct_nav"": 4.606270126018578e-06, ""name"": ""中国人寿""}, {""ts_code"": ""03988.HK"", ""side"": ""buy"", ""current_weight"": 0.04632797617096572, ""target_weight"": 0.0766763374124988, ""post_trade_weight"": 0.07668292113541078, ""diff_weight"": 0.030348361241533072, ""gross_amount"": 0.056251920302075126, ""gross_amount_pct_nav"": 0.030348361241533072, ""fee"": 1.6875576090622536e-05, ""fee_pct_nav"": 9.10450837245992e-06, ""name"": ""中国银行""}]",2023-06-02,2023-06-02,2023-06-05,risk_on
2023-06-09,0.00000000,0.00000000,0.00000000,0.00000000,0.00000000,0.00000000,0.00000000,0.00000000,weekly_portfolio_overlay,,2023-06-09,2023-06-09,2023-06-12,risk_on
2023-06-16,0.00000000,0.00000000,0.00000000,0.00000000,0.00000000,0.00000000,0.00000000,0.00000000,weekly_portfolio_overlay,,2023-06-16,2023-06-16,2023-06-19,risk_on
2023-06-23,0.13402347,0.26804694,0.00000000,0.49861010,0.00014958,0.00000000,0.00014958,0.00000000,weekly_portfolio_overlay,"[{""ts_code"": ""00005.HK"", ""side"": ""sell"", ""current_weight"": 0.07896481335331171, ""target_weight"": 0.05505054647301103, ""post_trade_weight"": 0.05505497366815767, ""diff_weight"": -0.023914266880300676, ""gross_amount"": 0.04448435450787197, ""gross_amount_pct_nav"": 0.023914266880300676, ""fee"": 1.334530635236159e-05, ""fee_pct_nav"": 7.174280064090202e-06, ""name"": ""汇丰控股""}, {""ts_code"": ""00016.HK"", ""side"": ""sell"", ""current_weight"": 0.058720076026188714, ""target_weight"": 0.044027922379179546, ""post_trade_weight"": 0.04403146312884983, ""diff_weight"": -0.014692153647009168, ""gross_amount"": 0.02732975150729197, ""gross_amount_pct_nav"": 0.014692153647009168, ""fee"": 8.19892545218759e-06, ""fee_pct_nav"": 4.40764609410275e-06, ""name"": ""新鸿基地产""}, {""ts_code"": ""00386.HK"", ""side"": ""sell"", ""current_weight"": 0.06797039137091358, ""target_weight"": 0.04945315214805705, ""post_trade_weight"": 0.04945712919768149, ""diff_weight"": -0.018517239222856533, ""gross_amount"": 0.0344450213849192, ""gross_amount_pct_nav"": 0.018517239222856533, ""fee"": 1.033350641547576e-05, ""fee_pct_nav"": 5.55517176685696e-06, ""name"": ""中国石油化工股份""}, {""ts_code"": ""00728.HK"", ""side"": ""sell"", ""current_weight"": 0.07531881577569871, ""target_weight"": 0.056723819392287496, ""post_trade_weight"": 0.056728381152960215, ""diff_weight"": -0.018594996383411215, ""gross_amount"": 0.03458966211812475, ""gross_amount_pct_nav"": 0.018594996383411215, ""fee"": 1.0376898635437426e-05, ""fee_pct_nav"": 5.578498915023365e-06, ""name"": ""中国电信""}, {""ts_code"": ""00857.HK"", ""side"": ""sell"", ""current_weight"": 0.10812462946117778, ""target_weight"": 0.06916600878907167, ""post_trade_weight"": 0.06917157115744113, ""diff_weight"": -0.0389586206721061, ""gross_amount"": 0.0724692545161513, ""gross_amount_pct_nav"": 0.0389586206721061, ""fee"": 2.1740776354845386e-05, ""fee_pct_nav"": 1.1687586201631829e-05, ""name"": ""中国石油股份""}, {""ts_code"": ""00883.HK"", ""side"": ""sell"", ""current_weight"": 0.0670659070069181, ""target_weight"": 0.04590083592114538, ""post_trade_weight"": 0.04590452729155015, ""diff_weight"": -0.02116507108577271, ""gross_amount"": 0.03937041139820156, ""gross_amount_pct_nav"": 0.02116507108577271, ""fee"": 1.1811123419460467e-05, ""fee_pct_nav"": 6.349521325731811e-06, ""name"": ""中国海洋石油""}, {""ts_code"": ""00941.HK"", ""side"": ""sell"", ""current_weight"": 0.1239021846598304, ""target_weight"": 0.08411061156623689, ""post_trade_weight"": 0.08411737578775992, ""diff_weight"": -0.0397915730935935, ""gross_amount"": 0.07401867900786166, ""gross_amount_pct_nav"": 0.0397915730935935, ""fee"": 2.2205603702358495e-05, ""fee_pct_nav"": 1.1937471928078048e-05, ""name"": ""中国移动""}, {""ts_code"": ""01288.HK"", ""side"": ""sell"", ""current_weight"": 0.08528400212914539, ""target_weight"": 0.059680095182482996, ""post_trade_weight"": 0.0596848946884765, ""diff_weight"": -0.025603906946662394, ""gross_amount"": 0.047627354796317106, ""gross_amount_pct_nav"": 0.025603906946662394, ""fee"": 1.428820643889513e-05, ""fee_pct_nav"": 7.681172083998718e-06, ""name"": ""农业银行""}, {""ts_code"": ""01766.HK"", ""side"": ""sell"", ""current_weight"": 0.05376033825776011, ""target_weight"": 0.03846991542979849, ""post_trade_weight"": 0.038473009201500936, ""diff_weight"": -0.01529042282796162, ""gross_amount"": 0.028442627702486817, ""gross_amount_pct_nav"": 0.01529042282796162, ""fee"": 8.532788310746044e-06, ""fee_pct_nav"": 4.587126848388485e-06, ""name"": ""中国中车""}, {""ts_code"": ""02318.HK"", ""side"": ""sell"", ""current_weight"": 0.0419919879446228, ""target_weight"": 0.029561042956225306, ""post_trade_weight"": 0.029563420271516257, ""diff_weight"": -0.012430944988397492, ""gross_amount"": 0.02312354238160847, ""gross_amount_pct_nav"": 0.012430944988397492, ""fee"": 6.93706271448254e-06, ""fee_pct_nav"": 3.729283496519247e-06, ""name"": ""中国平安""}, {""ts_code"": ""02628.HK"", ""side"": ""sell"", ""current_weight"": 0.0631673992756505, ""target_weight"": 0.04652433891694578, ""post_trade_weight"": 0.04652808042980351, ""diff_weight"": -0.016643060358704723, ""gross_amount"": 0.030958749469439023, ""gross_amount_pct_nav"": 0.016643060358704723, ""fee"": 9.287624840831707e-06, ""fee_pct_nav"": 4.992918107611417e-06, ""name"": ""中国人寿""}, {""ts_code"": ""03988.HK"", ""side"": ""sell"", ""current_weight"": 0.07611841098092935, ""target_weight"": 0.05367372832411184, ""post_trade_weight"": 0.05367804479478766, ""diff_weight"": -0.022444682656817507, ""gross_amount"": 0.04175069322091643, ""gross_amount_pct_nav"": 0.022444682656817507, ""fee"": 1.2525207966274928e-05, ""fee_pct_nav"": 6.733404797045252e-06, ""name"": ""中国银行""}]",2023-06-23,2023-06-23,2023-06-26,caution
2023-07-03,0.17539759,0.35079518,0.32730922,0.34263489,0.00020098,0.00009819,0.00010279,0.00000000,rebalance,"[{""ts_code"": ""00016.HK"", ""side"": ""sell"", ""current_weight"": 0.043817912300827135, ""target_weight"": 0.032916727773141675, ""post_trade_weight"": 0.03292019224655389, ""diff_weight"": -0.010901184527685457, ""gross_amount"": 0.0208189419557311, ""gross_amount_pct_nav"": 0.010901184527685457, ""fee"": 6.2456825867193295e-06, ""fee_pct_nav"": 3.270355358305637e-06, ""name"": ""新鸿基地产""}, {""ts_code"": ""00700.HK"", ""side"": ""buy"", ""current_weight"": 0.0, ""target_weight"": 0.08842473613261448, ""post_trade_weight"": 0.08843404280335723, ""diff_weight"": 0.08842473613261448, ""gross_amount"": 0.16887242338852526, ""gross_amount_pct_nav"": 0.08842473613261448, ""fee"": 5.066172701655757e-05, ""fee_pct_nav"": 2.6527420839784342e-05, ""name"": ""腾讯控股""}, {""ts_code"": ""00728.HK"", ""side"": ""sell"", ""current_weight"": 0.05684201503615498, ""target_weight"": 0.04272154303230912, ""post_trade_weight"": 0.04272603945889758, ""diff_weight"": -0.014120472003845856, ""gross_amount"": 0.026967095758171647, ""gross_amount_pct_nav"": 0.014120472003845856, ""fee"": 8.090128727451493e-06, ""fee_pct_nav"": 4.236141601153756e-06, ""name"": ""中国电信""}, {""ts_code"": ""00857.HK"", ""side"": ""sell"", ""current_weight"": 0.07044303395040136, ""target_weight"": 0.06015761454379048, ""post_trade_weight"": 0.06016394611045062, ""diff_weight"": -0.010285419406610881, ""gross_amount"": 0.019642961649970953, ""gross_amount_pct_nav"": 0.010285419406610881, ""fee"": 5.892888494991285e-06, ""fee_pct_nav"": 3.0856258219832643e-06, ""name"": ""中国石油股份""}, {""ts_code"": ""00939.HK"", ""side"": ""buy"", ""current_weight"": 0.0, ""target_weight"": 0.049390328896602456, ""post_trade_weight"": 0.04939552721043432, ""diff_weight"": 0.049390328896602456, ""gross_amount"": 0.09432501466803023, ""gross_amount_pct_nav"": 0.049390328896602456, ""fee"": 2.8297504400409065e-05, ""fee_pct_nav"": 1.4817098668980735e-05, ""name"": ""建设银行""}, {""ts_code"": ""00941.HK"", ""side"": ""sell"", ""current_weight"": 0.08353483307588958, ""target_weight"": 0.06526756153736545, ""post_trade_weight"": 0.06527443092405492, ""diff_weight"": -0.018267271538524133, ""gross_amount"": 0.034886600156548236, ""gross_amount_pct_nav"": 0.018267271538524133, ""fee"": 1.046598004696447e-05, ""fee_pct_nav"": 5.48018146155724e-06, ""name"": ""中国移动""}, {""ts_code"": ""01299.HK"", ""side"": ""sell"", ""current_weight"": 0.04369985369853348, ""target_weight"": 0.0, ""post_trade_weight"": 0.0, ""diff_weight"": -0.04369985369853348, ""gross_amount"": 0.08345741834872648, ""gross_amount_pct_nav"": 0.04369985369853348, ""fee"": 2.5037225504617944e-05, ""fee_pct_nav"": 1.3109956109560044e-05, ""name"": ""友邦保险""}, {""ts_code"": ""01339.HK"", ""side"": ""buy"", ""current_weight"": 0.0, ""target_weight"": 0.03357012171511218, ""post_trade_weight"": 0.0335736549579949, ""diff_weight"": 0.03357012171511218, ""gross_amount"": 0.06411178653648, ""gross_amount_pct_nav"": 0.03357012171511218, ""fee"": 1.9233535960944e-05, ""fee_pct_nav"": 1.0071036514533653e-05, ""name"": ""中国人民保险集团""}, {""ts_code"": ""01766.HK"", ""side"": ""sell"", ""current_weight"": 0.0381115412728598, ""target_weight"": 0.0, ""post_trade_weight"": 0.0, ""diff_weight"": -0.0381115412728598, ""gross_amount"": 0.0727849311777114, ""gross_amount_pct_nav"": 0.0381115412728598, ""fee"": 2.1835479353313418e-05, ""fee_pct_nav"": 1.1433462381857939e-05, ""name"": ""中国中车""}, {""ts_code"": ""02318.HK"", ""side"": ""sell"", ""current_weight"": 0.030481753039216884, ""target_weight"": 0.0, ""post_trade_weight"": 0.0, ""diff_weight"": -0.030481753039216884, ""gross_amount"": 0.05821365977437723, ""gross_amount_pct_nav"": 0.030481753039216884, ""fee"": 1.7464097932313166e-05, ""fee_pct_nav"": 9.144525911765064e-06, ""name"": ""中国平安""}, {""ts_code"": ""02628.HK"", ""side"": ""sell"", ""current_weight"": 0.04781791129671651, ""target_weight"": 0.034275415271454016, ""post_trade_weight"": 0.03427902274622244, ""diff_weight"": -0.013542496025262495, ""gross_amount"": 0.025863284670544023, ""gross_amount_pct_nav"": 0.013542496025262495, ""fee"": 7.758985401163207e-06, ""fee_pct_nav"": 4.062748807578748e-06, ""name"": ""中国人寿""}]",,,,
2023-07-07,0.13477734,0.26955468,0.50793181,0.00000000,0.00015238,0.00015238,0.00000000,0.00000000,weekly_portfolio_overlay,"[{""ts_code"": ""00005.HK"", ""side"": ""buy"", ""current_weight"": 0.055575869212412386, ""target_weight"": 0.08533893257519978, ""post_trade_weight"": 0.08534583418584836, ""diff_weight"": 0.0297630633627874, ""gross_amount"": 0.056083636335369474, ""gross_amount_pct_nav"": 0.0297630633627874, ""fee"": 1.682509090061084e-05, ""fee_pct_nav"": 8.928919008836218e-06, ""name"": ""汇丰控股""}, {""ts_code"": ""00016.HK"", ""side"": ""buy"", ""current_weight"": 0.031588710305343354, ""target_weight"": 0.04702504301287019, ""post_trade_weight"": 0.04702884606650366, ""diff_weight"": 0.015436332707526833, ""gross_amount"": 0.029087250172074572, ""gross_amount_pct_nav"": 0.015436332707526833, ""fee"": 8.72617505162237e-06, ""fee_pct_nav"": 4.630899812258049e-06, ""name"": ""新鸿基地产""}, {""ts_code"": ""00386.HK"", ""side"": ""buy"", ""current_weight"": 0.04881863866022538, ""target_weight"": 0.06680794047113725, ""post_trade_weight"": 0.0668133434259136, ""diff_weight"": 0.017989301810911865, ""gross_amount"": 0.03389790386804786, ""gross_amount_pct_nav"": 0.017989301810911865, ""fee"": 1.0169371160414357e-05, ""fee_pct_nav"": 5.396790543273559e-06, ""name"": ""中国石油化工股份""}, {""ts_code"": ""00700.HK"", ""side"": ""buy"", ""current_weight"": 0.08717737096929058, ""target_weight"": 0.12632413065768788, ""post_trade_weight"": 0.12633434686193382, ""diff_weight"": 0.03914675968839729, ""gross_amount"": 0.07376568088139704, ""gross_amount_pct_nav"": 0.03914675968839729, ""fee"": 2.212970426441911e-05, ""fee_pct_nav"": 1.1744027906519185e-05, ""name"": ""腾讯控股""}, {""ts_code"": ""00728.HK"", ""side"": ""buy"", ""current_weight"": 0.04354111942409703, ""target_weight"": 0.061032263368224135, ""post_trade_weight"": 0.06103719922699408, ""diff_weight"": 0.0174911439441271, ""gross_amount"": 0.032959206654733064, ""gross_amount_pct_nav"": 0.0174911439441271, ""fee"": 9.887761996419918e-06, ""fee_pct_nav"": 5.247343183238129e-06, ""name"": ""中国电信""}, {""ts_code"": ""00857.HK"", ""side"": ""buy"", ""current_weight"": 0.057962104416521505, ""target_weight"": 0.08594154409788138, ""post_trade_weight"": 0.0859484944434974, ""diff_weight"": 0.027979439681359873, ""gross_amount"": 0.05272268854955103, ""gross_amount_pct_nav"": 0.027979439681359873, ""fee"": 1.5816806564865307e-05, ""fee_pct_nav"": 8.393831904407961e-06, ""name"": ""中国石油股份""}, {""ts_code"": ""00939.HK"", ""side"": ""buy"", ""current_weight"": 0.051120895960126554, ""target_weight"": 0.07055933253115278, ""post_trade_weight"": 0.07056503887204618, ""diff_weight"": 0.019438436571026226, ""gross_amount"": 0.03662856186170088, ""gross_amount_pct_nav"": 0.019438436571026226, ""fee"": 1.0988568558510263e-05, ""fee_pct_nav"": 5.8315309713078675e-06, ""name"": ""建设银行""}, {""ts_code"": ""00941.HK"", ""side"": ""buy"", ""current_weight"": 0.06425879324766132, ""target_weight"": 0.09324164630799285, ""post_trade_weight"": 0.09324918703436041, ""diff_weight"": 0.02898285306033153, ""gross_amount"": 0.05461345733078647, ""gross_amount_pct_nav"": 0.02898285306033153, ""fee"": 1.638403719923594e-05, ""fee_pct_nav"": 8.69485591809946e-06, ""name"": ""中国移动""}, {""ts_code"": ""01288.HK"", ""side"": ""buy"", ""current_weight"": 0.06061012862579853, ""target_weight"": 0.08180607220333692, ""post_trade_weight"": 0.08181268810116925, ""diff_weight"": 0.021195943577538394, ""gross_amount"": 0.03994029703521566, ""gross_amount_pct_nav"": 0.021195943577538394, ""fee"": 1.1982089110564698e-05, ""fee_pct_nav"": 6.358783073261517e-06, ""name"": ""农业银行""}, {""ts_code"": ""01339.HK"", ""side"": ""buy"", ""current_weight"": 0.03252798820180629, ""target_weight"": 0.04795848568181562, ""post_trade_weight"": 0.047962364225705066, ""diff_weight"": 0.015430497480009332, ""gross_amount"": 0.029076254637977944, ""gross_amount_pct_nav"": 0.015430497480009332, ""fee"": 8.722876391393383e-06, ""fee_pct_nav"": 4.6291492440028e-06, ""name"": ""中国人民保险集团""}, {""ts_code"": ""02628.HK"", ""side"": ""buy"", ""current_weight"": 0.03358460825240385, ""target_weight"": 0.04896607246420342, ""post_trade_weight"": 0.0489700324946015, ""diff_weight"": 0.015381464211799567, ""gross_amount"": 0.02898385944501372, ""gross_amount_pct_nav"": 0.015381464211799567, ""fee"": 8.695157833504115e-06, ""fee_pct_nav"": 4.614439263539869e-06, ""name"": ""中国人寿""}, {""ts_code"": ""03988.HK"", ""side"": ""buy"", ""current_weight"": 0.05547978645847508, ""target_weight"": 0.07679922808128273, ""post_trade_weight"": 0.07680543906089465, ""diff_weight"": 0.02131944162280764, ""gross_amount"": 0.040173008949798666, ""gross_amount_pct_nav"": 0.02131944162280764, ""fee"": 1.2051902684939599e-05, ""fee_pct_nav"": 6.395832486842292e-06, ""name"": ""中国银行""}]",2023-07-07,2023-07-07,2023-07-10,risk_on
2023-07-14,0.00000000,0.00000000,0.00000000,0.00000000,0.00000000,0.00000000,0.00000000,0.00000000,weekly_portfolio_overlay,,2023-07-14,2023-07-14,2023-07-17,risk_on
2023-07-21,0.00000000,0.00000000,0.00000000,0.00000000,0.00000000,0.00000000,0.00000000,0.00000000,weekly_portfolio_overlay,,2023-07-21,2023-07-21,2023-07-24,risk_on
2023-07-28,0.00000000,0.00000000,0.00000000,0.00000000,0.00000000,0.00000000,0.00000000,0.00000000,weekly_portfolio_overlay,,2023-07-28,2023-07-28,2023-07-31,risk_on
2023-08-01,0.11448790,0.22897580,0.25799790,0.19593231,0.00013618,0.00007740,0.00005878,0.00000000,rebalance,"[{""ts_code"": ""00016.HK"", ""side"": ""sell"", ""current_weight"": 0.04655895652436364, ""target_weight"": 0.0, ""post_trade_weight"": 0.0, ""diff_weight"": -0.04655895652436364, ""gross_amount"": 0.0923002221565645, ""gross_amount_pct_nav"": 0.04655895652436364, ""fee"": 2.7690066646969347e-05, ""fee_pct_nav"": 1.396768695730909e-05, ""name"": ""新鸿基地产""}, {""ts_code"": ""00883.HK"", ""side"": ""buy"", ""current_weight"": 0.049666655887970444, ""target_weight"": 0.06118969345917623, ""post_trade_weight"": 0.06119389703559718, ""diff_weight"": 0.011523037571205786, ""gross_amount"": 0.022843701988556758, ""gross_amount_pct_nav"": 0.011523037571205786, ""fee"": 6.853110596567027e-06, ""fee_pct_nav"": 3.4569112713617354e-06, ""name"": ""中国海洋石油""}, {""ts_code"": ""00998.HK"", ""side"": ""buy"", ""current_weight"": 0.0, ""target_weight"": 0.04527800904130563, ""post_trade_weight"": 0.0452811195254482, ""diff_weight"": 0.04527800904130563, ""gross_amount"": 0.0897608238091106, ""gross_amount_pct_nav"": 0.04527800904130563, ""fee"": 2.692824714273318e-05, ""fee_pct_nav"": 1.3583402712391687e-05, ""name"": ""中信银行""}, {""ts_code"": ""01398.HK"", ""side"": ""buy"", ""current_weight"": 0.0, ""target_weight"": 0.07334070835654277, ""post_trade_weight"": 0.07334574667680417, ""diff_weight"": 0.07334070835654277, ""gross_amount"": 0.14539337175407685, ""gross_amount_pct_nav"": 0.07334070835654277, ""fee"": 4.361801152622305e-05, ""fee_pct_nav"": 2.2002212506962833e-05, ""name"": ""工商银行""}, {""ts_code"": ""02628.HK"", ""side"": ""sell"", ""current_weight"": 0.05227508645305967, ""target_weight"": 0.0, ""post_trade_weight"": 0.0, ""diff_weight"": -0.05227508645305967, ""gross_amount"": 0.10363209257806644, ""gross_amount_pct_nav"": 0.05227508645305967, ""fee"": 3.108962777341993e-05, ""fee_pct_nav"": 1.56825259359179e-05, ""name"": ""中国人寿""}]",,,,
2023-08-04,0.00518487,0.01036973,0.02009088,0.00000000,0.00000603,0.00000603,0.00000000,0.00000000,weekly_portfolio_overlay,"[{""ts_code"": ""01088.HK"", ""side"": ""buy"", ""current_weight"": 0.041436270372822576, ""target_weight"": 0.05180600374501267, ""post_trade_weight"": 0.05180616490984782, ""diff_weight"": 0.010369733372190092, ""gross_amount"": 0.0200908760412654, ""gross_amount_pct_nav"": 0.010369733372190092, ""fee"": 6.02726281237962e-06, ""fee_pct_nav"": 3.1109200116570274e-06, ""name"": ""中国神华""}]",2023-08-04,2023-08-04,2023-08-07,risk_on
2023-08-11,0.00000000,0.00000000,0.00000000,0.00000000,0.00000000,0.00000000,0.00000000,0.00000000,weekly_portfolio_overlay,,2023-08-11,2023-08-11,2023-08-14,risk_on
2023-08-18,0.16429997,0.32859994,0.00000000,0.60218685,0.00018066,0.00000000,0.00018066,0.00000000,weekly_portfolio_overlay,"[{""ts_code"": ""00005.HK"", ""side"": ""sell"", ""current_weight"": 0.08635095810082875, ""target_weight"": 0.06157636785981863, ""post_trade_weight"": 0.06158243865550391, ""diff_weight"": -0.02477459024101012, ""gross_amount"": 0.04540150736483216, ""gross_amount_pct_nav"": 0.02477459024101012, ""fee"": 1.3620452209449647e-05, ""fee_pct_nav"": 7.432377072303035e-06, ""name"": ""汇丰控股""}, {""ts_code"": ""00386.HK"", ""side"": ""sell"", ""current_weight"": 0.06500858249355465, ""target_weight"": 0.04340990130410412, ""post_trade_weight"": 0.04341418107328659, ""diff_weight"": -0.02159868118945054, ""gross_amount"": 0.039581388574098916, ""gross_amount_pct_nav"": 0.02159868118945054, ""fee"": 1.1874416572229674e-05, ""fee_pct_nav"": 6.479604356835162e-06, ""name"": ""中国石油化工股份""}, {""ts_code"": ""00700.HK"", ""side"": ""sell"", ""current_weight"": 0.12562802388729016, ""target_weight"": 0.09227192224655596, ""post_trade_weight"": 0.09228101930776492, ""diff_weight"": -0.0333561016407342, ""gross_amount"": 0.06112784427800641, ""gross_amount_pct_nav"": 0.0333561016407342, ""fee"": 1.8338353283401922e-05, ""fee_pct_nav"": 1.000683049222026e-05, ""name"": ""腾讯控股""}, {""ts_code"": ""00728.HK"", ""side"": ""sell"", ""current_weight"": 0.0625810431239639, ""target_weight"": 0.03940735476881739, ""post_trade_weight"": 0.0394112399281344, ""diff_weight"": -0.02317368835514651, ""gross_amount"": 0.04246772084992563, ""gross_amount_pct_nav"": 0.02317368835514651, ""fee"": 1.2740316254977687e-05, ""fee_pct_nav"": 6.952106506543952e-06, ""name"": ""中国电信""}, {""ts_code"": ""00857.HK"", ""side"": ""sell"", ""current_weight"": 0.09066158121620804, ""target_weight"": 0.05900936444538697, ""post_trade_weight"": 0.059015182160973595, ""diff_weight"": -0.03165221677082108, ""gross_amount"": 0.05800533283714583, ""gross_amount_pct_nav"": 0.03165221677082108, ""fee"": 1.7401599851143747e-05, ""fee_pct_nav"": 9.495665031246321e-06, ""name"": ""中国石油股份""}, {""ts_code"": ""00883.HK"", ""side"": ""sell"", ""current_weight"": 0.06608129182628968, ""target_weight"": 0.042831505179627895, ""post_trade_weight"": 0.0428357279249095, ""diff_weight"": -0.023249786646661785, ""gross_amount"": 0.04260717732969266, ""gross_amount_pct_nav"": 0.023249786646661785, ""fee"": 1.2782153198907796e-05, ""fee_pct_nav"": 6.9749359939985345e-06, ""name"": ""中国海洋石油""}, {""ts_code"": ""00939.HK"", ""side"": ""sell"", ""current_weight"": 0.06647618900999183, ""target_weight"": 0.04411699098612894, ""post_trade_weight"": 0.04412134046707161, ""diff_weight"": -0.02235919802386289, ""gross_amount"": 0.04097509923985576, ""gross_amount_pct_nav"": 0.02235919802386289, ""fee"": 1.2292529771956728e-05, ""fee_pct_nav"": 6.707759407158867e-06, ""name"": ""建设银行""}, {""ts_code"": ""00941.HK"", ""side"": ""sell"", ""current_weight"": 0.09739979166408562, ""target_weight"": 0.0614753582669013, ""post_trade_weight"": 0.061481419104081024, ""diff_weight"": -0.03592443339718431, ""gross_amount"": 0.06583452689198484, ""gross_amount_pct_nav"": 0.03592443339718431, ""fee"": 1.975035806759545e-05, ""fee_pct_nav"": 1.0777330019155292e-05, ""name"": ""中国移动""}, {""ts_code"": ""00998.HK"", ""side"": ""sell"", ""current_weight"": 0.04473361769522733, ""target_weight"": 0.03169365899944859, ""post_trade_weight"": 0.03169678366780744, ""diff_weight"": -0.01303995869577874, ""gross_amount"": 0.023896814236043118, ""gross_amount_pct_nav"": 0.01303995869577874, ""fee"": 7.169044270812935e-06, ""fee_pct_nav"": 3.911987608733621e-06, ""name"": ""中信银行""}, {""ts_code"": ""01088.HK"", ""side"": ""sell"", ""current_weight"": 0.052086283131200416, ""target_weight"": 0.036260740501335716, ""post_trade_weight"": 0.03626431543689348, ""diff_weight"": -0.015825542629864704, ""gross_amount"": 0.02900162962424732, ""gross_amount_pct_nav"": 0.015825542629864704, ""fee"": 8.700488887274196e-06, ""fee_pct_nav"": 4.747662788959412e-06, ""name"": ""中国神华""}, {""ts_code"": ""01288.HK"", ""side"": ""sell"", ""current_weight"": 0.08100090455822681, ""target_weight"": 0.05247034472118117, ""post_trade_weight"": 0.052475517756769494, ""diff_weight"": -0.02853055983704564, ""gross_amount"": 0.05228463558683659, ""gross_amount_pct_nav"": 0.02853055983704564, ""fee"": 1.5685390676050975e-05, ""fee_pct_nav"": 8.55916795111369e-06, ""name"": ""农业银行""}, {""ts_code"": ""01339.HK"", ""side"": ""sell"", ""current_weight"": 0.045534098279847945, ""target_weight"": 0.033062762238644315, ""post_trade_weight"": 0.03306602188648192, ""diff_weight"": -0.01247133604120363, ""gross_amount"": 0.022854765694034634, ""gross_amount_pct_nav"": 0.01247133604120363, ""fee"": 6.856429708210389e-06, ""fee_pct_nav"": 3.7414008123610883e-06, ""name"": ""中国人民保险集团""}, {""ts_code"": ""01398.HK"", ""side"": ""sell"", ""current_weight"": 0.07032224824448621, ""target_weight"": 0.0513369613780891, ""post_trade_weight"": 0.0513420226737527, ""diff_weight"": -0.018985286866397107, ""gross_amount"": 0.03479212504033065, ""gross_amount_pct_nav"": 0.018985286866397107, ""fee"": 1.0437637512099194e-05, ""fee_pct_nav"": 5.695586059919132e-06, ""name"": ""工商银行""}, {""ts_code"": ""03988.HK"", ""side"": ""sell"", ""current_weight"": 0.0746663202997603, ""target_weight"": 0.05100776111666177, ""post_trade_weight"": 0.051012789956570076, ""diff_weight"": -0.02365855918309852, ""gross_amount"": 0.04335628716937237, ""gross_amount_pct_nav"": 0.02365855918309852, ""fee"": 1.300688615081171e-05, ""fee_pct_nav"": 7.097567754929556e-06, ""name"": ""中国银行""}]",2023-08-18,2023-08-18,2023-08-21,caution
2023-08-25,0.00000000,0.00000000,0.00000000,0.00000000,0.00000000,0.00000000,0.00000000,0.00000000,weekly_portfolio_overlay,,2023-08-25,2023-08-25,2023-08-28,caution
2023-09-01,0.00000000,0.00000000,0.00000000,0.00000000,0.00000000,0.00000000,0.00000000,0.00000000,rebalance,,,,,
2023-09-08,0.04057312,0.08114624,0.05257476,0.10373167,0.00004689,0.00001577,0.00003112,0.00000000,weekly_portfolio_overlay,"[{""ts_code"": ""00700.HK"", ""side"": ""sell"", ""current_weight"": 0.08944263925190471, ""target_weight"": 0.07371250978588276, ""post_trade_weight"": 0.07371430427743383, ""diff_weight"": -0.015730129466021956, ""gross_amount"": 0.03029986733860665, ""gross_amount_pct_nav"": 0.015730129466021956, ""fee"": 9.089960201581995e-06, ""fee_pct_nav"": 4.719038839806586e-06, ""name"": ""腾讯控股""}, {""ts_code"": ""00981.HK"", ""side"": ""buy"", ""current_weight"": 0.0, ""target_weight"": 0.02729410406020136, ""post_trade_weight"": 0.027294768520538866, ""diff_weight"": 0.02729410406020136, ""gross_amount"": 0.0525747568662174, ""gross_amount_pct_nav"": 0.02729410406020136, ""fee"": 1.5772427059865218e-05, ""fee_pct_nav"": 8.188231218060408e-06, ""name"": ""中芯国际""}, {""ts_code"": ""01088.HK"", ""side"": ""sell"", ""current_weight"": 0.03812200480908839, ""target_weight"": 0.0, ""post_trade_weight"": 0.0, ""diff_weight"": -0.03812200480908839, ""gross_amount"": 0.07343179793225299, ""gross_amount_pct_nav"": 0.03812200480908839, ""fee"": 2.2029539379675895e-05, ""fee_pct_nav"": 1.1436601442726514e-05, ""name"": ""中国神华""}]",2023-09-08,2023-09-08,2023-09-11,caution
2023-09-15,0.00000000,0.00000000,0.00000000,0.00000000,0.00000000,0.00000000,0.00000000,0.00000000,weekly_portfolio_overlay,,2023-09-15,2023-09-15,2023-09-18,caution
2023-09-22,0.00546407,0.01092815,0.00000000,0.02129500,0.00000639,0.00000000,0.00000639,0.00000000,weekly_portfolio_overlay,"[{""ts_code"": ""01288.HK"", ""side"": ""sell"", ""current_weight"": 0.056936994732280234, ""target_weight"": 0.04600884656029176, ""post_trade_weight"": 0.046008997398234004, ""diff_weight"": -0.01092814817198847, ""gross_amount"": 0.021295000299717468, ""gross_amount_pct_nav"": 0.01092814817198847, ""fee"": 6.38850008991524e-06, ""fee_pct_nav"": 3.2784444515965414e-06, ""name"": ""农业银行""}]",2023-09-22,2023-09-22,2023-09-25,caution
2023-10-03,0.06589510,0.13179021,0.13509549,0.11652127,0.00007549,0.00004053,0.00003496,0.00000000,rebalance,"[{""ts_code"": ""00762.HK"", ""side"": ""buy"", ""current_weight"": 0.0, ""target_weight"": 0.03154545505901882, ""post_trade_weight"": 0.03154670232296658, ""diff_weight"": 0.03154545505901882, ""gross_amount"": 0.06022727472609667, ""gross_amount_pct_nav"": 0.03154545505901882, ""fee"": 1.8068182417829e-05, ""fee_pct_nav"": 9.463636517705645e-06, ""name"": ""中国联通""}, {""ts_code"": ""00981.HK"", ""side"": ""sell"", ""current_weight"": 0.027056567967639635, ""target_weight"": 0.0, ""post_trade_weight"": 0.0, ""diff_weight"": -0.027056567967639635, ""gross_amount"": 0.05165699303064751, ""gross_amount_pct_nav"": 0.027056567967639635, ""fee"": 1.5497097909194252e-05, ""fee_pct_nav"": 8.11697039029189e-06, ""name"": ""中芯国际""}, {""ts_code"": ""01088.HK"", ""side"": ""buy"", ""current_weight"": 0.0, ""target_weight"": 0.03921399106430626, ""post_trade_weight"": 0.03921554153163065, ""diff_weight"": 0.03921399106430626, ""gross_amount"": 0.0748682118713469, ""gross_amount_pct_nav"": 0.03921399106430626, ""fee"": 2.2460463561404068e-05, ""fee_pct_nav"": 1.1764197319291875e-05, ""name"": ""中国神华""}, {""ts_code"": ""01339.HK"", ""side"": ""sell"", ""current_weight"": 0.03397419491282934, ""target_weight"": 0.0, ""post_trade_weight"": 0.0, ""diff_weight"": -0.03397419491282934, ""gross_amount"": 0.0648642781276959, ""gross_amount_pct_nav"": 0.03397419491282934, ""fee"": 1.945928343830877e-05, ""fee_pct_nav"": 1.0192258473848802e-05, ""name"": ""中国人民保险集团""}]",,,,
2023-10-06,0.00000000,0.00000000,0.00000000,0.00000000,0.00000000,0.00000000,0.00000000,0.00000000,weekly_portfolio_overlay,,2023-10-06,2023-10-06,2023-10-09,caution
2023-10-13,0.00610633,0.01221266,0.00000000,0.02374461,0.00000712,0.00000000,0.00000712,0.00000000,weekly_portfolio_overlay,"[{""ts_code"": ""00939.HK"", ""side"": ""sell"", ""current_weight"": 0.04795449529499569, ""target_weight"": 0.03574183378490221, ""post_trade_weight"": 0.03574196473625732, ""diff_weight"": -0.01221266151009348, ""gross_amount"": 0.023744609047196247, ""gross_amount_pct_nav"": 0.01221266151009348, ""fee"": 7.123382714158874e-06, ""fee_pct_nav"": 3.6637984530280433e-06, ""name"": ""建设银行""}]",2023-10-13,2023-10-13,2023-10-16,caution
2023-10-20,0.00000000,0.00000000,0.00000000,0.00000000,0.00000000,0.00000000,0.00000000,0.00000000,weekly_portfolio_overlay,,2023-10-20,2023-10-20,2023-10-24,caution
2023-10-27,0.00517613,0.01035226,0.01943721,0.00000000,0.00000583,0.00000583,0.00000000,0.00000000,weekly_portfolio_overlay,"[{""ts_code"": ""00857.HK"", ""side"": ""buy"", ""current_weight"": 0.058102344744914915, ""target_weight"": 0.06845460449888043, ""post_trade_weight"": 0.06845481709749482, ""diff_weight"": 0.01035225975396551, ""gross_amount"": 0.019437210603393762, ""gross_amount_pct_nav"": 0.01035225975396551, ""fee"": 5.831163181018128e-06, ""fee_pct_nav"": 3.1056779261896527e-06, ""name"": ""中国石油股份""}]",2023-10-27,2023-10-27,2023-10-30,caution
2023-11-01,0.04064812,0.08129624,0.09275468,0.05991929,0.00004580,0.00002783,0.00001798,0.00000000,rebalance,"[{""ts_code"": ""00659.HK"", ""side"": ""buy"", ""current_weight"": 0.0, ""target_weight"": 0.03210580641269603, ""post_trade_weight"": 0.03210658945615761, ""diff_weight"": 0.03210580641269603, ""gross_amount"": 0.06029456219433275, ""gross_amount_pct_nav"": 0.03210580641269603, ""fee"": 1.8088368658299824e-05, ""fee_pct_nav"": 9.63174192380881e-06, ""name"": ""周大福创建""}, {""ts_code"": ""00700.HK"", ""side"": ""buy"", ""current_weight"": 0.06697030773140615, ""target_weight"": 0.08425475445951916, ""post_trade_weight"": 0.08425680938795604, ""diff_weight"": 0.017284446728113002, ""gross_amount"": 0.0324601143745365, ""gross_amount_pct_nav"": 0.017284446728113002, ""fee"": 9.738034312360948e-06, ""fee_pct_nav"": 5.1853340184339e-06, ""name"": ""腾讯控股""}, {""ts_code"": ""00998.HK"", ""side"": ""sell"", ""current_weight"": 0.03190598280747807, ""target_weight"": 0.0, ""post_trade_weight"": 0.0, ""diff_weight"": -0.03190598280747807, ""gross_amount"": 0.059919294349076384, ""gross_amount_pct_nav"": 0.03190598280747807, ""fee"": 1.7975788304722914e-05, ""fee_pct_nav"": 9.571794842243419e-06, ""name"": ""中信银行""}]",,,,
2023-11-03,0.00000000,0.00000000,0.00000000,0.00000000,0.00000000,0.00000000,0.00000000,0.00000000,weekly_portfolio_overlay,,2023-11-03,2023-11-03,2023-11-06,caution
2023-11-10,0.00000000,0.00000000,0.00000000,0.00000000,0.00000000,0.00000000,0.00000000,0.00000000,weekly_portfolio_overlay,,2023-11-10,2023-11-10,2023-11-13,caution
2023-11-17,0.00000000,0.00000000,0.00000000,0.00000000,0.00000000,0.00000000,0.00000000,0.00000000,weekly_portfolio_overlay,,2023-11-17,2023-11-17,2023-11-20,caution
2023-11-24,0.14118680,0.28237360,0.54068802,0.00000000,0.00016221,0.00016221,0.00000000,0.00000000,weekly_portfolio_overlay,"[{""ts_code"": ""00005.HK"", ""side"": ""buy"", ""current_weight"": 0.06190058709368597, ""target_weight"": 0.09016896867056531, ""post_trade_weight"": 0.09017660771847927, ""diff_weight"": 0.02826838157687935, ""gross_amount"": 0.05412820253733355, ""gross_amount_pct_nav"": 0.02826838157687935, ""fee"": 1.6238460761200064e-05, ""fee_pct_nav"": 8.480514473063804e-06, ""name"": ""汇丰控股""}, {""ts_code"": ""00659.HK"", ""side"": ""buy"", ""current_weight"": 0.02674834018029354, ""target_weight"": 0.045862670914593215, ""post_trade_weight"": 0.045866556365938, ""diff_weight"": 0.019114330734299672, ""gross_amount"": 0.036600056587532744, ""gross_amount_pct_nav"": 0.019114330734299672, ""fee"": 1.0980016976259823e-05, ""fee_pct_nav"": 5.734299220289902e-06, ""name"": ""周大福创建""}, {""ts_code"": ""00700.HK"", ""side"": ""buy"", ""current_weight"": 0.09294526171331019, ""target_weight"": 0.12035667402637582, ""post_trade_weight"": 0.12036687055421912, ""diff_weight"": 0.02741141231306562, ""gross_amount"": 0.052487280655979074, ""gross_amount_pct_nav"": 0.02741141231306562, ""fee"": 1.574618419679372e-05, ""fee_pct_nav"": 8.223423693919685e-06, ""name"": ""腾讯控股""}, {""ts_code"": ""00728.HK"", ""side"": ""buy"", ""current_weight"": 0.03819425162574846, ""target_weight"": 0.05358439362310008, ""post_trade_weight"": 0.05358893325304553, ""diff_weight"": 0.015390141997351624, ""gross_amount"": 0.029468992444629874, ""gross_amount_pct_nav"": 0.015390141997351624, ""fee"": 8.840697733388961e-06, ""fee_pct_nav"": 4.617042599205487e-06, ""name"": ""中国电信""}, {""ts_code"": ""00762.HK"", ""side"": ""buy"", ""current_weight"": 0.02840042426538075, ""target_weight"": 0.042004700452540296, ""post_trade_weight"": 0.042008259059498974, ""diff_weight"": 0.013604276187159545, ""gross_amount"": 0.02604942256173149, ""gross_amount_pct_nav"": 0.013604276187159545, ""fee"": 7.814826768519447e-06, ""fee_pct_nav"": 4.081282856147864e-06, ""name"": ""中国联通""}, {""ts_code"": ""00857.HK"", ""side"": ""buy"", ""current_weight"": 0.06698963044250461, ""target_weight"": 0.09101132135579457, ""post_trade_weight"": 0.09101903176720107, ""diff_weight"": 0.02402169091328996, ""gross_amount"": 0.0459966534521119, ""gross_amount_pct_nav"": 0.02402169091328996, ""fee"": 1.379899603563357e-05, ""fee_pct_nav"": 7.206507273986988e-06, ""name"": ""中国石油股份""}, {""ts_code"": ""00883.HK"", ""side"": ""buy"", ""current_weight"": 0.04544314869546175, ""target_weight"": 0.07067601340534363, ""post_trade_weight"": 0.07068200102459592, ""diff_weight"": 0.025232864709881876, ""gross_amount"": 0.04831580498866321, ""gross_amount_pct_nav"": 0.025232864709881876, ""fee"": 1.4494741496598962e-05, ""fee_pct_nav"": 7.569859412964562e-06, ""name"": ""中国海洋石油""}, {""ts_code"": ""00939.HK"", ""side"": ""buy"", ""current_weight"": 0.035699656073814943, ""target_weight"": 0.059611026436698335, ""post_trade_weight"": 0.05961607663849019, ""diff_weight"": 0.023911370362883388, ""gross_amount"": 0.04578541203101402, ""gross_amount_pct_nav"": 0.023911370362883388, ""fee"": 1.3735623609304205e-05, ""fee_pct_nav"": 7.173411108865015e-06, ""name"": ""建设银行""}, {""ts_code"": ""00941.HK"", ""side"": ""buy"", ""current_weight"": 0.06309090431899798, ""target_weight"": 0.09471353107656362, ""post_trade_weight"": 0.09472155513642214, ""diff_weight"": 0.031622626757565636, ""gross_amount"": 0.060550899995491514, ""gross_amount_pct_nav"": 0.031622626757565636, ""fee"": 1.8165269998647453e-05, ""fee_pct_nav"": 9.48678802726969e-06, ""name"": ""中国移动""}, {""ts_code"": ""01088.HK"", ""side"": ""buy"", ""current_weight"": 0.04061876063503575, ""target_weight"": 0.06456392095346794, ""post_trade_weight"": 0.06456939076079687, ""diff_weight"": 0.023945160318432194, ""gross_amount"": 0.045850112924933226, ""gross_amount_pct_nav"": 0.023945160318432194, ""fee"": 1.3755033877479967e-05, ""fee_pct_nav"": 7.183548095529658e-06, ""name"": ""中国神华""}, {""ts_code"": ""01288.HK"", ""side"": ""buy"", ""current_weight"": 0.04682197845258135, ""target_weight"": 0.07866466303021555, ""post_trade_weight"": 0.0786713274419182, ""diff_weight"": 0.03184268457763421, ""gross_amount"": 0.06097226597366756, ""gross_amount_pct_nav"": 0.03184268457763421, ""fee"": 1.8291679792100268e-05, ""fee_pct_nav"": 9.55280537329026e-06, ""name"": ""农业银行""}, {""ts_code"": ""01398.HK"", ""side"": ""buy"", ""current_weight"": 0.05543184832914715, ""target_weight"": 0.0734405044349149, ""post_trade_weight"": 0.07344672625978964, ""diff_weight"": 0.01800865610576775, ""gross_amount"": 0.03448291450528079, ""gross_amount_pct_nav"": 0.01800865610576775, ""fee"": 1.0344874351584237e-05, ""fee_pct_nav"": 5.402596831730324e-06, ""name"": ""工商银行""}]",2023-11-24,2023-11-24,2023-11-27,risk_on
2023-12-01,0.20670905,0.41341811,0.12490277,0.65645639,0.00023441,0.00003747,0.00019694,0.00000000,rebalance,"[{""ts_code"": ""00005.HK"", ""side"": ""sell"", ""current_weight"": 0.0903638004003371, ""target_weight"": 0.056103848066743206, ""post_trade_weight"": 0.056110807233860215, ""diff_weight"": -0.0342599523335939, ""gross_amount"": 0.06475122181661914, ""gross_amount_pct_nav"": 0.0342599523335939, ""fee"": 1.942536654498574e-05, ""fee_pct_nav"": 1.0277985700078168e-05, ""name"": ""汇丰控股""}, {""ts_code"": ""00386.HK"", ""side"": ""sell"", ""current_weight"": 0.04322637654729611, ""target_weight"": 0.02914760647769065, ""post_trade_weight"": 0.029151221970594055, ""diff_weight"": -0.014078770069605458, ""gross_amount"": 0.026608839230295916, ""gross_amount_pct_nav"": 0.014078770069605458, ""fee"": 7.982651769088774e-06, ""fee_pct_nav"": 4.223631020881637e-06, ""name"": ""中国石油化工股份""}, {""ts_code"": ""00659.HK"", ""side"": ""sell"", ""current_weight"": 0.044986780911315735, ""target_weight"": 0.0, ""post_trade_weight"": 0.0, ""diff_weight"": -0.044986780911315735, ""gross_amount"": 0.08502490024622525, ""gross_amount_pct_nav"": 0.044986780911315735, ""fee"": 2.5507470073867572e-05, ""fee_pct_nav"": 1.3496034273394721e-05, ""name"": ""周大福创建""}, {""ts_code"": ""00700.HK"", ""side"": ""sell"", ""current_weight"": 0.12049953246878206, ""target_weight"": 0.0785583786194936, ""post_trade_weight"": 0.07856812306491208, ""diff_weight"": -0.041941153849288475, ""gross_amount"": 0.07926867293032641, ""gross_amount_pct_nav"": 0.041941153849288475, ""fee"": 2.378060187909792e-05, ""fee_pct_nav"": 1.2582346154786542e-05, ""name"": ""腾讯控股""}, {""ts_code"": ""00728.HK"", ""side"": ""sell"", ""current_weight"": 0.05553547895734588, ""target_weight"": 0.032822073388057836, ""post_trade_weight"": 0.03282614466483661, ""diff_weight"": -0.022713405569288043, ""gross_amount"": 0.042928278122140714, ""gross_amount_pct_nav"": 0.022713405569288043, ""fee"": 1.2878483436642214e-05, ""fee_pct_nav"": 6.814021670786413e-06, ""name"": ""中国电信""}, {""ts_code"": ""00762.HK"", ""side"": ""sell"", ""current_weight"": 0.04221057605186749, ""target_weight"": 0.0, ""post_trade_weight"": 0.0, ""diff_weight"": -0.04221057605186749, ""gross_amount"": 0.07977788020042555, ""gross_amount_pct_nav"": 0.04221057605186749, ""fee"": 2.3933364060127662e-05, ""fee_pct_nav"": 1.2663172815560247e-05, ""name"": ""中国联通""}, {""ts_code"": ""00857.HK"", ""side"": ""sell"", ""current_weight"": 0.09146490194930916, ""target_weight"": 0.058731817487584534, ""post_trade_weight"": 0.058739102630173956, ""diff_weight"": -0.03273308446172462, ""gross_amount"": 0.06186544546487763, ""gross_amount_pct_nav"": 0.03273308446172462, ""fee"": 1.8559633639463286e-05, ""fee_pct_nav"": 9.819925338517386e-06, ""name"": ""中国石油股份""}, {""ts_code"": ""00883.HK"", ""side"": ""sell"", ""current_weight"": 0.07103191925850996, ""target_weight"": 0.04558177938493654, ""post_trade_weight"": 0.04558743338606411, ""diff_weight"": -0.025450139873573422, ""gross_amount"": 0.048100698920174684, ""gross_amount_pct_nav"": 0.025450139873573422, ""fee"": 1.4430209676052404e-05, ""fee_pct_nav"": 7.635041962072027e-06, ""name"": ""中国海洋石油""}, {""ts_code"": ""00939.HK"", ""side"": ""sell"", ""current_weight"": 0.059105194101420226, ""target_weight"": 0.048491076880925896, ""post_trade_weight"": 0.04849709175369, ""diff_weight"": -0.01061411722049433, ""gross_amount"": 0.020060654254264967, ""gross_amount_pct_nav"": 0.01061411722049433, ""fee"": 6.018196276279489e-06, ""fee_pct_nav"": 3.1842351661482988e-06, ""name"": ""建设银行""}, {""ts_code"": ""00941.HK"", ""side"": ""sell"", ""current_weight"": 0.0943619740701787, ""target_weight"": 0.06772474410494408, ""post_trade_weight"": 0.0677331447374929, ""diff_weight"": -0.026637229965234613, ""gross_amount"": 0.050344296141005995, ""gross_amount_pct_nav"": 0.026637229965234613, ""fee"": 1.5103288842301798e-05, ""fee_pct_nav"": 7.991168989570384e-06, ""name"": ""中国移动""}, {""ts_code"": ""01088.HK"", ""side"": ""sell"", ""current_weight"": 0.0647514761302911, ""target_weight"": 0.047171187960910736, ""post_trade_weight"": 0.04717703911357565, ""diff_weight"": -0.01758028816938036, ""gross_amount"": 0.03322669943528843, ""gross_amount_pct_nav"": 0.01758028816938036, ""fee"": 9.968009830586528e-06, ""fee_pct_nav"": 5.274086450814108e-06, ""name"": ""中国神华""}, {""ts_code"": ""01288.HK"", ""side"": ""sell"", ""current_weight"": 0.07822097836107966, ""target_weight"": 0.057862317905738606, ""post_trade_weight"": 0.05786949519489004, ""diff_weight"": -0.020358660455341054, ""gross_amount"": 0.03847781591162347, ""gross_amount_pct_nav"": 0.020358660455341054, ""fee"": 1.154334477348704e-05, ""fee_pct_nav"": 6.107598136602316e-06, ""name"": ""农业银行""}, {""ts_code"": ""01398.HK"", ""side"": ""sell"", ""current_weight"": 0.07250176094911738, ""target_weight"": 0.058734022848607716, ""post_trade_weight"": 0.05874130826475192, ""diff_weight"": -0.013767738100509666, ""gross_amount"": 0.026020989608472794, ""gross_amount_pct_nav"": 0.013767738100509666, ""fee"": 7.806296882541838e-06, ""fee_pct_nav"": 4.1303214301529e-06, ""name"": ""工商银行""}, {""ts_code"": ""01810.HK"", ""side"": ""buy"", ""current_weight"": 0.0, ""target_weight"": 0.03153968165694961, ""post_trade_weight"": 0.03154359386481113, ""diff_weight"": 0.03153968165694961, ""gross_amount"": 0.059609917232493315, ""gross_amount_pct_nav"": 0.03153968165694961, ""fee"": 1.7882975169747994e-05, ""fee_pct_nav"": 9.461904497084884e-06, ""name"": ""小米集团-W""}, {""ts_code"": ""02899.HK"", ""side"": ""buy"", ""current_weight"": 0.0, ""target_weight"": 0.03454652856997738, ""post_trade_weight"": 0.034550813749584755, ""diff_weight"": 0.03454652856997738, ""gross_amount"": 0.06529285016649992, ""gross_amount_pct_nav"": 0.03454652856997738, ""fee"": 1.9587855049949976e-05, ""fee_pct_nav"": 1.0363958570993214e-05, ""name"": ""紫金矿业""}]",,,,
2023-12-08,0.34820952,0.69641903,0.00000000,1.29692560,0.00038908,0.00000000,0.00038908,0.00000000,weekly_portfolio_overlay,"[{""ts_code"": ""00005.HK"", ""side"": ""sell"", ""current_weight"": 0.05799760018100412, ""target_weight"": 0.0, ""post_trade_weight"": 0.0, ""diff_weight"": -0.05799760018100412, ""gross_amount"": 0.10800763516748929, ""gross_amount_pct_nav"": 0.05799760018100412, ""fee"": 3.2402290550246784e-05, ""fee_pct_nav"": 1.7399280054301232e-05, ""name"": ""汇丰控股""}, {""ts_code"": ""00386.HK"", ""side"": ""sell"", ""current_weight"": 0.02835210534681918, ""target_weight"": 0.0, ""post_trade_weight"": 0.0, ""diff_weight"": -0.02835210534681918, ""gross_amount"": 0.05279949240955734, ""gross_amount_pct_nav"": 0.02835210534681918, ""fee"": 1.5839847722867203e-05, ""fee_pct_nav"": 8.505631604045754e-06, ""name"": ""中国石油化工股份""}, {""ts_code"": ""00700.HK"", ""side"": ""sell"", ""current_weight"": 0.07677828656599926, ""target_weight"": 0.0, ""post_trade_weight"": 0.0, ""diff_weight"": -0.07677828656599926, ""gross_amount"": 0.1429824878671699, ""gross_amount_pct_nav"": 0.07677828656599926, ""fee"": 4.289474636015097e-05, ""fee_pct_nav"": 2.3033485969799776e-05, ""name"": ""腾讯控股""}, {""ts_code"": ""00728.HK"", ""side"": ""sell"", ""current_weight"": 0.032562072426574926, ""target_weight"": 0.0, ""post_trade_weight"": 0.0, ""diff_weight"": -0.032562072426574926, ""gross_amount"": 0.060639620052740914, ""gross_amount_pct_nav"": 0.032562072426574926, ""fee"": 1.8191886015822273e-05, ""fee_pct_nav"": 9.768621727972477e-06, ""name"": ""中国电信""}, {""ts_code"": ""00857.HK"", ""side"": ""sell"", ""current_weight"": 0.05658953353669596, ""target_weight"": 0.0, ""post_trade_weight"": 0.0, ""diff_weight"": -0.05658953353669596, ""gross_amount"": 0.10538542411159534, ""gross_amount_pct_nav"": 0.05658953353669596, ""fee"": 3.16156272334786e-05, ""fee_pct_nav"": 1.6976860061008785e-05, ""name"": ""中国石油股份""}, {""ts_code"": ""00883.HK"", ""side"": ""sell"", ""current_weight"": 0.04469716039674251, ""target_weight"": 0.0, ""post_trade_weight"": 0.0, ""diff_weight"": -0.04469716039674251, ""gross_amount"": 0.0832385232852325, ""gross_amount_pct_nav"": 0.04469716039674251, ""fee"": 2.497155698556975e-05, ""fee_pct_nav"": 1.3409148119022752e-05, ""name"": ""中国海洋石油""}, {""ts_code"": ""00939.HK"", ""side"": ""sell"", ""current_weight"": 0.04885538204643675, ""target_weight"": 0.0, ""post_trade_weight"": 0.0, ""diff_weight"": -0.04885538204643675, ""gross_amount"": 0.09098228656999045, ""gross_amount_pct_nav"": 0.04885538204643675, ""fee"": 2.7294685970997134e-05, ""fee_pct_nav"": 1.4656614613931025e-05, ""name"": ""建设银行""}, {""ts_code"": ""00941.HK"", ""side"": ""sell"", ""current_weight"": 0.06863035104372943, ""target_weight"": 0.0, ""post_trade_weight"": 0.0, ""diff_weight"": -0.06863035104372943, ""gross_amount"": 0.12780876956656712, ""gross_amount_pct_nav"": 0.06863035104372943, ""fee"": 3.834263086997013e-05, ""fee_pct_nav"": 2.0589105313118827e-05, ""name"": ""中国移动""}, {""ts_code"": ""01088.HK"", ""side"": ""sell"", ""current_weight"": 0.04740597095843393, ""target_weight"": 0.0, ""post_trade_weight"": 0.0, ""diff_weight"": -0.04740597095843393, ""gross_amount"": 0.08828308068022682, ""gross_amount_pct_nav"": 0.04740597095843393, ""fee"": 2.6484924204068042e-05, ""fee_pct_nav"": 1.4221791287530176e-05, ""name"": ""中国神华""}, {""ts_code"": ""01288.HK"", ""side"": ""sell"", ""current_weight"": 0.057615598931440234, ""target_weight"": 0.0, ""post_trade_weight"": 0.0, ""diff_weight"": -0.057615598931440234, ""gross_amount"": 0.10729624277422378, ""gross_amount_pct_nav"": 0.057615598931440234, ""fee"": 3.218887283226713e-05, ""fee_pct_nav"": 1.728467967943207e-05, ""name"": ""农业银行""}, {""ts_code"": ""01398.HK"", ""side"": ""sell"", ""current_weight"": 0.05839177604543446, ""target_weight"": 0.0, ""post_trade_weight"": 0.0, ""diff_weight"": -0.05839177604543446, ""gross_amount"": 0.10874170007404324, ""gross_amount_pct_nav"": 0.05839177604543446, ""fee"": 3.262251002221297e-05, ""fee_pct_nav"": 1.7517532813630336e-05, ""name"": ""工商银行""}, {""ts_code"": ""01810.HK"", ""side"": ""sell"", ""current_weight"": 0.030742293107277354, ""target_weight"": 0.0, ""post_trade_weight"": 0.0, ""diff_weight"": -0.030742293107277354, ""gross_amount"": 0.057250685679756115, ""gross_amount_pct_nav"": 0.030742293107277354, ""fee"": 1.7175205703926834e-05, ""fee_pct_nav"": 9.222687932183206e-06, ""name"": ""小米集团-W""}, {""ts_code"": ""02899.HK"", ""side"": ""sell"", ""current_weight"": 0.0336817909552539, ""target_weight"": 0.0, ""post_trade_weight"": 0.0, ""diff_weight"": -0.0336817909552539, ""gross_amount"": 0.06272484685451206, ""gross_amount_pct_nav"": 0.0336817909552539, ""fee"": 1.8817454056353615e-05, ""fee_pct_nav"": 1.010453728657617e-05, ""name"": ""紫金矿业""}, {""ts_code"": ""03988.HK"", ""side"": ""sell"", ""current_weight"": 0.054119108943206796, ""target_weight"": 0.0, ""post_trade_weight"": 0.0, ""diff_weight"": -0.054119108943206796, ""gross_amount"": 0.10078480757971056, ""gross_amount_pct_nav"": 0.054119108943206796, ""fee"": 3.0235442273913166e-05, ""fee_pct_nav"": 1.6235732682962037e-05, ""name"": ""中国银行""}]",2023-12-08,2023-12-08,2023-12-11,risk_off
2023-12-15,0.34992652,0.69985303,1.30304837,0.00000000,0.00039091,0.00039091,0.00000000,0.00000000,weekly_portfolio_overlay,"[{""ts_code"": ""00005.HK"", ""side"": ""buy"", ""current_weight"": 0.0, ""target_weight"": 0.056099026438308025, ""post_trade_weight"": 0.05611080723386007, ""diff_weight"": 0.056099026438308025, ""gross_amount"": 0.10445013682095218, ""gross_amount_pct_nav"": 0.056099026438308025, ""fee"": 3.133504104628565e-05, ""fee_pct_nav"": 1.6829707931492407e-05, ""name"": ""汇丰控股""}, {""ts_code"": ""00386.HK"", ""side"": ""buy"", ""current_weight"": 0.0, ""target_weight"": 0.02914510149927913, ""post_trade_weight"": 0.029151221970593978, ""diff_weight"": 0.02914510149927913, ""gross_amount"": 0.054264931720481004, ""gross_amount_pct_nav"": 0.02914510149927913, ""fee"": 1.62794795161443e-05, ""fee_pct_nav"": 8.743530449783737e-06, ""name"": ""中国石油化工股份""}, {""ts_code"": ""00700.HK"", ""side"": ""buy"", ""current_weight"": 0.0, ""target_weight"": 0.078551627223195, ""post_trade_weight"": 0.07856812306491187, ""diff_weight"": 0.078551627223195, ""gross_amount"": 0.14625437787220552, ""gross_amount_pct_nav"": 0.078551627223195, ""fee"": 4.387631336166165e-05, ""fee_pct_nav"": 2.3565488166958495e-05, ""name"": ""腾讯控股""}, {""ts_code"": ""00728.HK"", ""side"": ""buy"", ""current_weight"": 0.0, ""target_weight"": 0.03281925262178595, ""post_trade_weight"": 0.03282614466483653, ""diff_weight"": 0.03281925262178595, ""gross_amount"": 0.06110579174625558, ""gross_amount_pct_nav"": 0.03281925262178595, ""fee"": 1.833173752387667e-05, ""fee_pct_nav"": 9.845775786535784e-06, ""name"": ""中国电信""}, {""ts_code"": ""00857.HK"", ""side"": ""buy"", ""current_weight"": 0.0, ""target_weight"": 0.05872677000847203, ""post_trade_weight"": 0.05873910263017381, ""diff_weight"": 0.05872677000847203, ""gross_amount"": 0.1093427025722641, ""gross_amount_pct_nav"": 0.05872677000847203, ""fee"": 3.280281077167923e-05, ""fee_pct_nav"": 1.7618031002541608e-05, ""name"": ""中国石油股份""}, {""ts_code"": ""00883.HK"", ""side"": ""buy"", ""current_weight"": 0.0, ""target_weight"": 0.045577862035036616, ""post_trade_weight"": 0.045587433386063976, ""diff_weight"": 0.045577862035036616, ""gross_amount"": 0.08486090094275153, ""gross_amount_pct_nav"": 0.045577862035036616, ""fee"": 2.5458270282825458e-05, ""fee_pct_nav"": 1.3673358610510984e-05, ""name"": ""中国海洋石油""}, {""ts_code"": ""00939.HK"", ""side"": ""buy"", ""current_weight"": 0.0, ""target_weight"": 0.04848690950269431, ""post_trade_weight"": 0.04849709175368988, ""diff_weight"": 0.04848690950269431, ""gross_amount"": 0.0902772232090503, ""gross_amount_pct_nav"": 0.04848690950269431, ""fee"": 2.7083166962715085e-05, ""fee_pct_nav"": 1.4546072850808291e-05, ""name"": ""建设银行""}, {""ts_code"": ""00941.HK"", ""side"": ""buy"", ""current_weight"": 0.0, ""target_weight"": 0.06771892376350239, ""post_trade_weight"": 0.06773314473749273, ""diff_weight"": 0.06771892376350239, ""gross_amount"": 0.12608509098181753, ""gross_amount_pct_nav"": 0.06771892376350239, ""fee"": 3.782552729454526e-05, ""fee_pct_nav"": 2.0315677129050717e-05, ""name"": ""中国移动""}, {""ts_code"": ""01088.HK"", ""side"": ""buy"", ""current_weight"": 0.0, ""target_weight"": 0.04716713401543229, ""post_trade_weight"": 0.04717703911357553, ""diff_weight"": 0.04716713401543229, ""gross_amount"": 0.08781994829771023, ""gross_amount_pct_nav"": 0.04716713401543229, ""fee"": 2.6345984489313066e-05, ""fee_pct_nav"": 1.4150140204629685e-05, ""name"": ""中国神华""}, {""ts_code"": ""01288.HK"", ""side"": ""buy"", ""current_weight"": 0.0, ""target_weight"": 0.05785734515240789, ""post_trade_weight"": 0.057869495194889896, ""diff_weight"": 0.05785734515240789, ""gross_amount"": 0.10772393035932201, ""gross_amount_pct_nav"": 0.05785734515240789, ""fee"": 3.23171791077966e-05, ""fee_pct_nav"": 1.7357203545722368e-05, ""name"": ""农业银行""}, {""ts_code"": ""01398.HK"", ""side"": ""buy"", ""current_weight"": 0.0, ""target_weight"": 0.05872897517996398, ""post_trade_weight"": 0.05874130826475177, ""diff_weight"": 0.05872897517996398, ""gross_amount"": 0.10934680835588764, ""gross_amount_pct_nav"": 0.05872897517996398, ""fee"": 3.280404250676629e-05, ""fee_pct_nav"": 1.761869255398919e-05, ""name"": ""工商银行""}, {""ts_code"": ""01810.HK"", ""side"": ""buy"", ""current_weight"": 0.0, ""target_weight"": 0.03153697110087987, ""post_trade_weight"": 0.03154359386481105, ""diff_weight"": 0.03153697110087987, ""gross_amount"": 0.05871832642279036, ""gross_amount_pct_nav"": 0.03153697110087987, ""fee"": 1.7615497926837108e-05, ""fee_pct_nav"": 9.46109133026396e-06, ""name"": ""小米集团-W""}, {""ts_code"": ""02899.HK"", ""side"": ""buy"", ""current_weight"": 0.0, ""target_weight"": 0.03454355960206823, ""post_trade_weight"": 0.03455081374958467, ""diff_weight"": 0.03454355960206823, ""gross_amount"": 0.06431625922575573, ""gross_amount_pct_nav"": 0.03454355960206823, ""fee"": 1.9294877767726717e-05, ""fee_pct_nav"": 1.0363067880620469e-05, ""name"": ""紫金矿业""}, {""ts_code"": ""03988.HK"", ""side"": ""buy"", ""current_weight"": 0.0, ""target_weight"": 0.052893572720491513, ""post_trade_weight"": 0.05290468037076282, ""diff_weight"": 0.052893572720491513, ""gross_amount"": 0.09848193914166885, ""gross_amount_pct_nav"": 0.052893572720491513, ""fee"": 2.954458174250065e-05, ""fee_pct_nav"": 1.5868071816147455e-05, ""name"": ""中国银行""}]",2023-12-15,2023-12-15,2023-12-18,caution
2023-12-22,0.00000000,0.00000000,0.00000000,0.00000000,0.00000000,0.00000000,0.00000000,0.00000000,weekly_portfolio_overlay,,2023-12-22,2023-12-22,2023-12-27,caution
2024-01-02,0.03272843,0.06545687,0.05510843,0.06938955,0.00003735,0.00001653,0.00002082,0.00000000,rebalance,"[{""ts_code"": ""02328.HK"", ""side"": ""buy"", ""current_weight"": 0.0, ""target_weight"": 0.028974165955054663, ""post_trade_weight"": 0.028974734933657733, ""diff_weight"": 0.028974165955054663, ""gross_amount"": 0.05510843188201311, ""gross_amount_pct_nav"": 0.028974165955054663, ""fee"": 1.653252956460393e-05, ""fee_pct_nav"": 8.692249786516397e-06, ""name"": ""中国财险""}, {""ts_code"": ""02899.HK"", ""side"": ""sell"", ""current_weight"": 0.03648270010130845, ""target_weight"": 0.0, ""post_trade_weight"": 0.0, ""diff_weight"": -0.03648270010130845, ""gross_amount"": 0.06938955193821994, ""gross_amount_pct_nav"": 0.03648270010130845, ""fee"": 2.0816865581465982e-05, ""fee_pct_nav"": 1.0944810030392535e-05, ""name"": ""紫金矿业""}]",,,,
2024-01-05,0.34983199,0.69966398,0.00000000,1.33414806,0.00040024,0.00000000,0.00040024,0.00000000,weekly_portfolio_overlay,"[{""ts_code"": ""00005.HK"", ""side"": ""sell"", ""current_weight"": 0.0568626000409579, ""target_weight"": 0.0, ""post_trade_weight"": 0.0, ""diff_weight"": -0.0568626000409579, ""gross_amount"": 0.10842794464195393, ""gross_amount_pct_nav"": 0.0568626000409579, ""fee"": 3.2528383392586176e-05, ""fee_pct_nav"": 1.705878001228737e-05, ""name"": ""汇丰控股""}, {""ts_code"": ""00386.HK"", ""side"": ""sell"", ""current_weight"": 0.029447207203819683, ""target_weight"": 0.0, ""post_trade_weight"": 0.0, ""diff_weight"": -0.029447207203819683, ""gross_amount"": 0.05615114592466884, ""gross_amount_pct_nav"": 0.029447207203819683, ""fee"": 1.684534377740065e-05, ""fee_pct_nav"": 8.834162161145904e-06, ""name"": ""中国石油化工股份""}, {""ts_code"": ""00700.HK"", ""side"": ""sell"", ""current_weight"": 0.0708901710502278, ""target_weight"": 0.0, ""post_trade_weight"": 0.0, ""diff_weight"": -0.0708901710502278, ""gross_amount"": 0.13517629402729048, ""gross_amount_pct_nav"": 0.0708901710502278, ""fee"": 4.055288820818714e-05, ""fee_pct_nav"": 2.126705131506834e-05, ""name"": ""腾讯控股""}, {""ts_code"": ""00728.HK"", ""side"": ""sell"", ""current_weight"": 0.03475495127576883, ""target_weight"": 0.0, ""post_trade_weight"": 0.0, ""diff_weight"": -0.03475495127576883, ""gross_amount"": 0.06627217064025387, ""gross_amount_pct_nav"": 0.03475495127576883, ""fee"": 1.9881651192076158e-05, ""fee_pct_nav"": 1.0426485382730648e-05, ""name"": ""中国电信""}, {""ts_code"": ""00857.HK"", ""side"": ""sell"", ""current_weight"": 0.06312474354620536, ""target_weight"": 0.0, ""post_trade_weight"": 0.0, ""diff_weight"": -0.06312474354620536, ""gross_amount"": 0.12036885745350084, ""gross_amount_pct_nav"": 0.06312474354620536, ""fee"": 3.611065723605025e-05, ""fee_pct_nav"": 1.8937423063861604e-05, ""name"": ""中国石油股份""}, {""ts_code"": ""00883.HK"", ""side"": ""sell"", ""current_weight"": 0.04966863159114109, ""target_weight"": 0.0, ""post_trade_weight"": 0.0, ""diff_weight"": -0.04966863159114109, ""gross_amount"": 0.09471018969809189, ""gross_amount_pct_nav"": 0.04966863159114109, ""fee"": 2.8413056909427563e-05, ""fee_pct_nav"": 1.4900589477342327e-05, ""name"": ""中国海洋石油""}, {""ts_code"": ""00939.HK"", ""side"": ""sell"", ""current_weight"": 0.047230599062505305, ""target_weight"": 0.0, ""post_trade_weight"": 0.0, ""diff_weight"": -0.047230599062505305, ""gross_amount"": 0.09006124899084682, ""gross_amount_pct_nav"": 0.047230599062505305, ""fee"": 2.7018374697254043e-05, ""fee_pct_nav"": 1.416917971875159e-05, ""name"": ""建设银行""}, {""ts_code"": ""00941.HK"", ""side"": ""sell"", ""current_weight"": 0.07014300726453956, ""target_weight"": 0.0, ""post_trade_weight"": 0.0, ""diff_weight"": -0.07014300726453956, ""gross_amount"": 0.13375157138824964, ""gross_amount_pct_nav"": 0.07014300726453956, ""fee"": 4.012547141647489e-05, ""fee_pct_nav"": 2.1042902179361866e-05, ""name"": ""中国移动""}, {""ts_code"": ""01088.HK"", ""side"": ""sell"", ""current_weight"": 0.05141632747243344, ""target_weight"": 0.0, ""post_trade_weight"": 0.0, ""diff_weight"": -0.05141632747243344, ""gross_amount"": 0.09804276809111721, ""gross_amount_pct_nav"": 0.05141632747243344, ""fee"": 2.9412830427335162e-05, ""fee_pct_nav"": 1.542489824173003e-05, ""name"": ""中国神华""}, {""ts_code"": ""01288.HK"", ""side"": ""sell"", ""current_weight"": 0.05858574354797362, ""target_weight"": 0.0, ""post_trade_weight"": 0.0, ""diff_weight"": -0.05858574354797362, ""gross_amount"": 0.1117137055578154, ""gross_amount_pct_nav"": 0.05858574354797362, ""fee"": 3.351411166734462e-05, ""fee_pct_nav"": 1.7575723064392086e-05, ""name"": ""农业银行""}, {""ts_code"": ""01398.HK"", ""side"": ""sell"", ""current_weight"": 0.05717729241053309, ""target_weight"": 0.0, ""post_trade_weight"": 0.0, ""diff_weight"": -0.05717729241053309, ""gross_amount"": 0.10902801299624948, ""gross_amount_pct_nav"": 0.05717729241053309, ""fee"": 3.270840389887484e-05, ""fee_pct_nav"": 1.7153187723159927e-05, ""name"": ""工商银行""}, {""ts_code"": ""01810.HK"", ""side"": ""sell"", ""current_weight"": 0.027810991545240703, ""target_weight"": 0.0, ""post_trade_weight"": 0.0, ""diff_weight"": -0.027810991545240703, ""gross_amount"": 0.05303114260574021, ""gross_amount_pct_nav"": 0.027810991545240703, ""fee"": 1.590934278172206e-05, ""fee_pct_nav"": 8.34329746357221e-06, ""name"": ""小米集团-W""}, {""ts_code"": ""02328.HK"", ""side"": ""sell"", ""current_weight"": 0.03052250820686753, ""target_weight"": 0.0, ""post_trade_weight"": 0.0, ""diff_weight"": -0.03052250820686753, ""gross_amount"": 0.05820157410677673, ""gross_amount_pct_nav"": 0.03052250820686753, ""fee"": 1.7460472232033017e-05, ""fee_pct_nav"": 9.156752462060258e-06, ""name"": ""中国财险""}, {""ts_code"": ""03988.HK"", ""side"": ""sell"", ""current_weight"": 0.052029208575274426, ""target_weight"": 0.0, ""post_trade_weight"": 0.0, ""diff_weight"": -0.052029208575274426, ""gross_amount"": 0.0992114349871627, ""gross_amount_pct_nav"": 0.052029208575274426, ""fee"": 2.9763430496148806e-05, ""fee_pct_nav"": 1.5608762572582324e-05, ""name"": ""中国银行""}]",2024-01-05,2024-01-05,2024-01-08,risk_off
2024-01-12,0.00000000,0.00000000,0.00000000,0.00000000,0.00000000,0.00000000,0.00000000,0.00000000,weekly_portfolio_overlay,,2024-01-12,2024-01-12,2024-01-15,risk_off
2024-01-19,0.00000000,0.00000000,0.00000000,0.00000000,0.00000000,0.00000000,0.00000000,0.00000000,weekly_portfolio_overlay,,2024-01-19,2024-01-19,2024-01-22,risk_off
2024-01-26,0.00000000,0.00000000,0.00000000,0.00000000,0.00000000,0.00000000,0.00000000,0.00000000,weekly_portfolio_overlay,,2024-01-26,2024-01-26,2024-01-29,risk_off
2024-02-01,0.00000000,0.00000000,0.00000000,0.00000000,0.00000000,0.00000000,0.00000000,0.00000000,rebalance,,,,,
2024-02-02,0.00000000,0.00000000,0.00000000,0.00000000,0.00000000,0.00000000,0.00000000,0.00000000,weekly_portfolio_overlay,,2024-02-02,2024-02-02,2024-02-05,risk_off
2024-02-09,0.00000000,0.00000000,0.00000000,0.00000000,0.00000000,0.00000000,0.00000000,0.00000000,weekly_portfolio_overlay,,2024-02-09,2024-02-09,2024-02-14,risk_off
2024-02-16,0.00000000,0.00000000,0.00000000,0.00000000,0.00000000,0.00000000,0.00000000,0.00000000,weekly_portfolio_overlay,,2024-02-16,2024-02-16,2024-02-19,risk_off
2024-02-23,0.00000000,0.00000000,0.00000000,0.00000000,0.00000000,0.00000000,0.00000000,0.00000000,weekly_portfolio_overlay,,2024-02-23,2024-02-23,2024-02-26,risk_off
2024-03-01,0.00000000,0.00000000,0.00000000,0.00000000,0.00000000,0.00000000,0.00000000,0.00000000,rebalance,,,,,
2024-03-08,0.00000000,0.00000000,0.00000000,0.00000000,0.00000000,0.00000000,0.00000000,0.00000000,weekly_portfolio_overlay,,2024-03-08,2024-03-08,2024-03-11,risk_off
2024-03-15,0.34992652,0.69985303,1.33422843,0.00000000,0.00040027,0.00040027,0.00000000,0.00000000,weekly_portfolio_overlay,"[{""ts_code"": ""00386.HK"", ""side"": ""buy"", ""current_weight"": 0.0, ""target_weight"": 0.042174623238600974, ""post_trade_weight"": 0.04218347990948108, ""diff_weight"": 0.042174623238600974, ""gross_amount"": 0.08040342616886911, ""gross_amount_pct_nav"": 0.042174623238600974, ""fee"": 2.412102785066073e-05, ""fee_pct_nav"": 1.265238697158029e-05, ""name"": ""中国石油化工股份""}, {""ts_code"": ""00728.HK"", ""side"": ""buy"", ""current_weight"": 0.0, ""target_weight"": 0.039708222701252384, ""post_trade_weight"": 0.039716561428019645, ""diff_weight"": 0.039708222701252384, ""gross_amount"": 0.0757013793388203, ""gross_amount_pct_nav"": 0.039708222701252384, ""fee"": 2.271041380164609e-05, ""fee_pct_nav"": 1.1912466810375713e-05, ""name"": ""中国电信""}, {""ts_code"": ""00857.HK"", ""side"": ""buy"", ""current_weight"": 0.0, ""target_weight"": 0.0735018894083021, ""post_trade_weight"": 0.07351732480507785, ""diff_weight"": 0.0735018894083021, ""gross_amount"": 0.14012700729721664, ""gross_amount_pct_nav"": 0.0735018894083021, ""fee"": 4.203810218916499e-05, ""fee_pct_nav"": 2.2050566822490627e-05, ""name"": ""中国石油股份""}, {""ts_code"": ""00883.HK"", ""side"": ""buy"", ""current_weight"": 0.0, ""target_weight"": 0.05217038064701647, ""post_trade_weight"": 0.05218133642695234, ""diff_weight"": 0.05217038064701647, ""gross_amount"": 0.0994597467966221, ""gross_amount_pct_nav"": 0.05217038064701647, ""fee"": 2.983792403898663e-05, ""fee_pct_nav"": 1.565111419410494e-05, ""name"": ""中国海洋石油""}, {""ts_code"": ""00939.HK"", ""side"": ""buy"", ""current_weight"": 0.0, ""target_weight"": 0.06430587137677979, ""post_trade_weight"": 0.06431937560976891, ""diff_weight"": 0.06430587137677979, ""gross_amount"": 0.12259534251714212, ""gross_amount_pct_nav"": 0.06430587137677979, ""fee"": 3.677860275514263e-05, ""fee_pct_nav"": 1.9291761413033937e-05, ""name"": ""建设银行""}, {""ts_code"": ""00998.HK"", ""side"": ""buy"", ""current_weight"": 0.0, ""target_weight"": 0.03305917357947814, ""post_trade_weight"": 0.03306611600592983, ""diff_weight"": 0.03305917357947814, ""gross_amount"": 0.063025360228199, ""gross_amount_pct_nav"": 0.03305917357947814, ""fee"": 1.89076080684597e-05, ""fee_pct_nav"": 9.917752073843442e-06, ""name"": ""中信银行""}, {""ts_code"": ""01088.HK"", ""side"": ""buy"", ""current_weight"": 0.0, ""target_weight"": 0.05003389232058966, ""post_trade_weight"": 0.050044399437976984, ""diff_weight"": 0.05003389232058966, ""gross_amount"": 0.09538665809485312, ""gross_amount_pct_nav"": 0.05003389232058966, ""fee"": 2.8615997428455936e-05, ""fee_pct_nav"": 1.5010167696176898e-05, ""name"": ""中国神华""}, {""ts_code"": ""01288.HK"", ""side"": ""buy"", ""current_weight"": 0.0, ""target_weight"": 0.07066390572543861, ""post_trade_weight"": 0.07067874514564094, ""diff_weight"": 0.07066390572543861, ""gross_amount"": 0.13471655916534758, ""gross_amount_pct_nav"": 0.07066390572543861, ""fee"": 4.041496774960427e-05, ""fee_pct_nav"": 2.119917171763158e-05, ""name"": ""农业银行""}, {""ts_code"": ""01398.HK"", ""side"": ""buy"", ""current_weight"": 0.0, ""target_weight"": 0.07868785072056383, ""post_trade_weight"": 0.07870437516921515, ""diff_weight"": 0.07868785072056383, ""gross_amount"": 0.1500137359853679, ""gross_amount_pct_nav"": 0.07868785072056383, ""fee"": 4.500412079561037e-05, ""fee_pct_nav"": 2.360635521616915e-05, ""name"": ""工商银行""}, {""ts_code"": ""01816.HK"", ""side"": ""buy"", ""current_weight"": 0.0, ""target_weight"": 0.03426216294873433, ""post_trade_weight"": 0.03426935800295357, ""diff_weight"": 0.03426216294873433, ""gross_amount"": 0.06531878834931606, ""gross_amount_pct_nav"": 0.03426216294873433, ""fee"": 1.959563650479482e-05, ""fee_pct_nav"": 1.0278648884620298e-05, ""name"": ""中广核电力""}, {""ts_code"": ""02328.HK"", ""side"": ""buy"", ""current_weight"": 0.0, ""target_weight"": 0.03358245285251921, ""post_trade_weight"": 0.03358950516761824, ""diff_weight"": 0.03358245285251921, ""gross_amount"": 0.06402296123005333, ""gross_amount_pct_nav"": 0.03358245285251921, ""fee"": 1.9206888369015997e-05, ""fee_pct_nav"": 1.0074735855755761e-05, ""name"": ""中国财险""}, {""ts_code"": ""03328.HK"", ""side"": ""buy"", ""current_weight"": 0.0, ""target_weight"": 0.033638263621324806, ""post_trade_weight"": 0.033645327656685285, ""diff_weight"": 0.033638263621324806, ""gross_amount"": 0.06412936116168287, ""gross_amount_pct_nav"": 0.033638263621324806, ""fee"": 1.923880834850486e-05, ""fee_pct_nav"": 1.0091479086397443e-05, ""name"": ""交通银行""}, {""ts_code"": ""03988.HK"", ""side"": ""buy"", ""current_weight"": 0.0, ""target_weight"": 0.062349793697609054, ""post_trade_weight"": 0.06236288715428555, ""diff_weight"": 0.062349793697609054, ""gross_amount"": 0.11886619604989333, ""gross_amount_pct_nav"": 0.062349793697609054, ""fee"": 3.5659858814968e-05, ""fee_pct_nav"": 1.8704938109282715e-05, ""name"": ""中国银行""}, {""ts_code"": ""09633.HK"", ""side"": ""buy"", ""current_weight"": 0.0, ""target_weight"": 0.03171454802530797, ""post_trade_weight"": 0.03172120808039328, ""diff_weight"": 0.03171454802530797, ""gross_amount"": 0.060461911092972484, ""gross_amount_pct_nav"": 0.03171454802530797, ""fee"": 1.8138573327891745e-05, ""fee_pct_nav"": 9.514364407592391e-06, ""name"": ""农夫山泉""}]",2024-03-15,2024-03-15,2024-03-18,caution
2024-03-22,0.00000000,0.00000000,0.00000000,0.00000000,0.00000000,0.00000000,0.00000000,0.00000000,weekly_portfolio_overlay,,2024-03-22,2024-03-22,2024-03-25,caution
2024-04-02,0.10090110,0.20180220,0.22150054,0.17451847,0.00011881,0.00006645,0.00005236,0.00000000,rebalance,"[{""ts_code"": ""00005.HK"", ""side"": ""buy"", ""current_weight"": 0.0, ""target_weight"": 0.05285537744787978, ""post_trade_weight"": 0.05285857754099291, ""diff_weight"": 0.05285537744787978, ""gross_amount"": 0.10372401637715285, ""gross_amount_pct_nav"": 0.05285537744787978, ""fee"": 3.111720491314585e-05, ""fee_pct_nav"": 1.585661323436393e-05, ""name"": ""汇丰控股""}, {""ts_code"": ""00857.HK"", ""side"": ""sell"", ""current_weight"": 0.08050620761002332, ""target_weight"": 0.06798522554551327, ""post_trade_weight"": 0.06798934166505621, ""diff_weight"": -0.012520982064510057, ""gross_amount"": 0.02457132294624026, ""gross_amount_pct_nav"": 0.012520982064510057, ""fee"": 7.371396883872077e-06, ""fee_pct_nav"": 3.7562946193530167e-06, ""name"": ""中国石油股份""}, {""ts_code"": ""00941.HK"", ""side"": ""buy"", ""current_weight"": 0.0, ""target_weight"": 0.06001621412757518, ""post_trade_weight"": 0.060019847768706495, ""diff_weight"": 0.06001621412757518, ""gross_amount"": 0.11777652677254759, ""gross_amount_pct_nav"": 0.06001621412757518, ""fee"": 3.533295803176427e-05, ""fee_pct_nav"": 1.800486423827255e-05, ""name"": ""中国移动""}, {""ts_code"": ""01398.HK"", ""side"": ""sell"", ""current_weight"": 0.07789764521736425, ""target_weight"": 0.06637594701773517, ""post_trade_weight"": 0.06637996570459703, ""diff_weight"": -0.011521698199629086, ""gross_amount"": 0.022610316498626742, ""gross_amount_pct_nav"": 0.011521698199629086, ""fee"": 6.783094949588022e-06, ""fee_pct_nav"": 3.4565094598887256e-06, ""name"": ""工商银行""}, {""ts_code"": ""03328.HK"", ""side"": ""sell"", ""current_weight"": 0.03288098738242977, ""target_weight"": 0.0, ""post_trade_weight"": 0.0, ""diff_weight"": -0.03288098738242977, ""gross_amount"": 0.06452603762247679, ""gross_amount_pct_nav"": 0.03288098738242977, ""fee"": 1.9357811286743034e-05, ""fee_pct_nav"": 9.86429621472893e-06, ""name"": ""交通银行""}, {""ts_code"": ""09633.HK"", ""side"": ""sell"", ""current_weight"": 0.03200693712929735, ""target_weight"": 0.0, ""post_trade_weight"": 0.0, ""diff_weight"": -0.03200693712929735, ""gross_amount"": 0.06281079109226781, ""gross_amount_pct_nav"": 0.03200693712929735, ""fee"": 1.884323732768034e-05, ""fee_pct_nav"": 9.602081138789203e-06, ""name"": ""农夫山泉""}]",,,,
2024-04-05,0.00000000,0.00000000,0.00000000,0.00000000,0.00000000,0.00000000,0.00000000,0.00000000,weekly_portfolio_overlay,,2024-04-05,2024-04-05,2024-04-08,caution
2024-04-12,0.00000000,0.00000000,0.00000000,0.00000000,0.00000000,0.00000000,0.00000000,0.00000000,weekly_portfolio_overlay,,2024-04-12,2024-04-12,2024-04-15,caution
2024-04-19,0.36805652,0.73611305,0.00000000,1.46368295,0.00043910,0.00000000,0.00043910,0.00000000,weekly_portfolio_overlay,"[{""ts_code"": ""00005.HK"", ""side"": ""sell"", ""current_weight"": 0.05342936535578496, ""target_weight"": 0.0, ""post_trade_weight"": 0.0, ""diff_weight"": -0.05342936535578496, ""gross_amount"": 0.10623864309086078, ""gross_amount_pct_nav"": 0.05342936535578496, ""fee"": 3.1871592927258236e-05, ""fee_pct_nav"": 1.6028809606735486e-05, ""name"": ""汇丰控股""}, {""ts_code"": ""00386.HK"", ""side"": ""sell"", ""current_weight"": 0.041180017336313095, ""target_weight"": 0.0, ""post_trade_weight"": 0.0, ""diff_weight"": -0.041180017336313095, ""gross_amount"": 0.0818821098685265, ""gross_amount_pct_nav"": 0.041180017336313095, ""fee"": 2.4564632960557947e-05, ""fee_pct_nav"": 1.2354005200893929e-05, ""name"": ""中国石油化工股份""}, {""ts_code"": ""00728.HK"", ""side"": ""sell"", ""current_weight"": 0.04335380174353878, ""target_weight"": 0.0, ""post_trade_weight"": 0.0, ""diff_weight"": -0.04335380174353878, ""gross_amount"": 0.08620445029420636, ""gross_amount_pct_nav"": 0.04335380174353878, ""fee"": 2.5861335088261905e-05, ""fee_pct_nav"": 1.3006140523061636e-05, ""name"": ""中国电信""}, {""ts_code"": ""00857.HK"", ""side"": ""sell"", ""current_weight"": 0.06855548631050176, ""target_weight"": 0.0, ""post_trade_weight"": 0.0, ""diff_weight"": -0.06855548631050176, ""gross_amount"": 0.13631533508891308, ""gross_amount_pct_nav"": 0.06855548631050176, ""fee"": 4.089460052667392e-05, ""fee_pct_nav"": 2.0566645893150527e-05, ""name"": ""中国石油股份""}, {""ts_code"": ""00883.HK"", ""side"": ""sell"", ""current_weight"": 0.052029211901177264, ""target_weight"": 0.0, ""post_trade_weight"": 0.0, ""diff_weight"": -0.052029211901177264, ""gross_amount"": 0.10345458600640962, ""gross_amount_pct_nav"": 0.052029211901177264, ""fee"": 3.1036375801922884e-05, ""fee_pct_nav"": 1.5608763570353176e-05, ""name"": ""中国海洋石油""}, {""ts_code"": ""00939.HK"", ""side"": ""sell"", ""current_weight"": 0.06318639795980777, ""target_weight"": 0.0, ""post_trade_weight"": 0.0, ""diff_weight"": -0.06318639795980777, ""gross_amount"": 0.1256394706609086, ""gross_amount_pct_nav"": 0.06318639795980777, ""fee"": 3.769184119827258e-05, ""fee_pct_nav"": 1.8955919387942328e-05, ""name"": ""建设银行""}, {""ts_code"": ""00941.HK"", ""side"": ""sell"", ""current_weight"": 0.06098365645409868, ""target_weight"": 0.0, ""post_trade_weight"": 0.0, ""diff_weight"": -0.06098365645409868, ""gross_amount"": 0.12125955210697964, ""gross_amount_pct_nav"": 0.06098365645409868, ""fee"": 3.637786563209389e-05, ""fee_pct_nav"": 1.8295096936229606e-05, ""name"": ""中国移动""}, {""ts_code"": ""00998.HK"", ""side"": ""sell"", ""current_weight"": 0.03292199598450758, ""target_weight"": 0.0, ""post_trade_weight"": 0.0, ""diff_weight"": -0.03292199598450758, ""gross_amount"": 0.06546190765970157, ""gross_amount_pct_nav"": 0.03292199598450758, ""fee"": 1.9638572297910468e-05, ""fee_pct_nav"": 9.876598795352273e-06, ""name"": ""中信银行""}, {""ts_code"": ""01088.HK"", ""side"": ""sell"", ""current_weight"": 0.05145268188746491, ""target_weight"": 0.0, ""post_trade_weight"": 0.0, ""diff_weight"": -0.05145268188746491, ""gross_amount"": 0.1023082170396421, ""gross_amount_pct_nav"": 0.05145268188746491, ""fee"": 3.069246511189263e-05, ""fee_pct_nav"": 1.5435804566239472e-05, ""name"": ""中国神华""}, {""ts_code"": ""01288.HK"", ""side"": ""sell"", ""current_weight"": 0.07315354010379273, ""target_weight"": 0.0, ""post_trade_weight"": 0.0, ""diff_weight"": -0.07315354010379273, ""gross_amount"": 0.14545807883301645, ""gross_amount_pct_nav"": 0.07315354010379273, ""fee"": 4.3637423649904934e-05, ""fee_pct_nav"": 2.1946062031137815e-05, ""name"": ""农业银行""}, {""ts_code"": ""01398.HK"", ""side"": ""sell"", ""current_weight"": 0.06655674668669752, ""target_weight"": 0.0, ""post_trade_weight"": 0.0, ""diff_weight"": -0.06655674668669752, ""gross_amount"": 0.13234105270485497, ""gross_amount_pct_nav"": 0.06655674668669752, ""fee"": 3.970231581145649e-05, ""fee_pct_nav"": 1.9967024006009254e-05, ""name"": ""工商银行""}, {""ts_code"": ""01816.HK"", ""side"": ""sell"", ""current_weight"": 0.0365314862618007, ""target_weight"": 0.0, ""post_trade_weight"": 0.0, ""diff_weight"": -0.0365314862618007, ""gross_amount"": 0.07263899738846356, ""gross_amount_pct_nav"": 0.0365314862618007, ""fee"": 2.1791699216539068e-05, ""fee_pct_nav"": 1.095944587854021e-05, ""name"": ""中广核电力""}, {""ts_code"": ""02328.HK"", ""side"": ""sell"", ""current_weight"": 0.029399867710452297, ""target_weight"": 0.0, ""post_trade_weight"": 0.0, ""diff_weight"": -0.029399867710452297, ""gross_amount"": 0.0584585280362325, ""gross_amount_pct_nav"": 0.029399867710452297, ""fee"": 1.7537558410869748e-05, ""fee_pct_nav"": 8.81996031313569e-06, ""name"": ""中国财险""}, {""ts_code"": ""03988.HK"", ""side"": ""sell"", ""current_weight"": 0.06337878933264479, ""target_weight"": 0.0, ""post_trade_weight"": 0.0, ""diff_weight"": -0.06337878933264479, ""gross_amount"": 0.12602202056125814, ""gross_amount_pct_nav"": 0.06337878933264479, ""fee"": 3.780660616837744e-05, ""fee_pct_nav"": 1.9013636799793437e-05, ""name"": ""中国银行""}]",2024-04-19,2024-04-19,2024-04-22,risk_off
2024-04-26,0.34992652,0.69985303,1.39127644,0.00000000,0.00041738,0.00041738,0.00000000,0.00000000,weekly_portfolio_overlay,"[{""ts_code"": ""00005.HK"", ""side"": ""buy"", ""current_weight"": 0.0, ""target_weight"": 0.05284747957028291, ""post_trade_weight"": 0.05285857754099267, ""diff_weight"": 0.05284747957028291, ""gross_amount"": 0.10505841915180986, ""gross_amount_pct_nav"": 0.05284747957028291, ""fee"": 3.1517525745542956e-05, ""fee_pct_nav"": 1.5854243871084874e-05, ""name"": ""汇丰控股""}, {""ts_code"": ""00386.HK"", ""side"": ""buy"", ""current_weight"": 0.0, ""target_weight"": 0.03619679356011194, ""post_trade_weight"": 0.03620439488675956, ""diff_weight"": 0.03619679356011194, ""gross_amount"": 0.0719576021545622, ""gross_amount_pct_nav"": 0.03619679356011194, ""fee"": 2.158728064636866e-05, ""fee_pct_nav"": 1.085903806803358e-05, ""name"": ""中国石油化工股份""}, {""ts_code"": ""00728.HK"", ""side"": ""buy"", ""current_weight"": 0.0, ""target_weight"": 0.03849327706888993, ""post_trade_weight"": 0.03850136065707439, ""diff_weight"": 0.03849327706888993, ""gross_amount"": 0.07652290837166484, ""gross_amount_pct_nav"": 0.03849327706888993, ""fee"": 2.295687251149945e-05, ""fee_pct_nav"": 1.1547983120666977e-05, ""name"": ""中国电信""}, {""ts_code"": ""00857.HK"", ""side"": ""buy"", ""current_weight"": 0.0, ""target_weight"": 0.0679750669010067, ""post_trade_weight"": 0.06798934166505591, ""diff_weight"": 0.0679750669010067, ""gross_amount"": 0.13513138428599705, ""gross_amount_pct_nav"": 0.0679750669010067, ""fee"": 4.053941528579911e-05, ""fee_pct_nav"": 2.0392520070302006e-05, ""name"": ""中国石油股份""}, {""ts_code"": ""00883.HK"", ""side"": ""buy"", ""current_weight"": 0.0, ""target_weight"": 0.052244570255530205, ""post_trade_weight"": 0.05225554161528387, ""diff_weight"": 0.052244570255530205, ""gross_amount"": 0.10385986247484323, ""gross_amount_pct_nav"": 0.052244570255530205, ""fee"": 3.115795874245297e-05, ""fee_pct_nav"": 1.5673371076659062e-05, ""name"": ""中国海洋石油""}, {""ts_code"": ""00939.HK"", ""side"": ""buy"", ""current_weight"": 0.0, ""target_weight"": 0.055571246004023446, ""post_trade_weight"": 0.055582915965684286, ""diff_weight"": 0.055571246004023446, ""gross_amount"": 0.11047314465990113, ""gross_amount_pct_nav"": 0.055571246004023446, ""fee"": 3.314194339797034e-05, ""fee_pct_nav"": 1.6671373801207032e-05, ""name"": ""建设银行""}, {""ts_code"": ""00941.HK"", ""side"": ""buy"", ""current_weight"": 0.0, ""target_weight"": 0.060007246246994356, ""post_trade_weight"": 0.060019847768706225, ""diff_weight"": 0.060007246246994356, ""gross_amount"": 0.11929171418626376, ""gross_amount_pct_nav"": 0.060007246246994356, ""fee"": 3.578751425587913e-05, ""fee_pct_nav"": 1.8002173874098308e-05, ""name"": ""中国移动""}, {""ts_code"": ""00998.HK"", ""side"": ""buy"", ""current_weight"": 0.0, ""target_weight"": 0.033021123692892534, ""post_trade_weight"": 0.03302805812886804, ""diff_weight"": 0.033021123692892534, ""gross_amount"": 0.06564451288879304, ""gross_amount_pct_nav"": 0.033021123692892534, ""fee"": 1.969335386663791e-05, ""fee_pct_nav"": 9.906337107867759e-06, ""name"": ""中信银行""}, {""ts_code"": ""01088.HK"", ""side"": ""buy"", ""current_weight"": 0.0, ""target_weight"": 0.04696478348563059, ""post_trade_weight"": 0.04697464609016257, ""diff_weight"": 0.04696478348563059, ""gross_amount"": 0.0933638831771625, ""gross_amount_pct_nav"": 0.04696478348563059, ""fee"": 2.8009164953148748e-05, ""fee_pct_nav"": 1.4089435045689174e-05, ""name"": ""中国神华""}, {""ts_code"": ""01288.HK"", ""side"": ""buy"", ""current_weight"": 0.0, ""target_weight"": 0.0663517556614441, ""post_trade_weight"": 0.06636568953013301, ""diff_weight"": 0.0663517556614441, ""gross_amount"": 0.13190431434800687, ""gross_amount_pct_nav"": 0.0663517556614441, ""fee"": 3.9571294304402054e-05, ""fee_pct_nav"": 1.990552669843323e-05, ""name"": ""农业银行""}, {""ts_code"": ""01398.HK"", ""side"": ""buy"", ""current_weight"": 0.0, ""target_weight"": 0.06636602883854065, ""post_trade_weight"": 0.06637996570459673, ""diff_weight"": 0.06636602883854065, ""gross_amount"": 0.13193268878391617, ""gross_amount_pct_nav"": 0.06636602883854065, ""fee"": 3.957980663517485e-05, ""fee_pct_nav"": 1.990980865156219e-05, ""name"": ""工商银行""}, {""ts_code"": ""01816.HK"", ""side"": ""buy"", ""current_weight"": 0.0, ""target_weight"": 0.03528261923727612, ""post_trade_weight"": 0.03529002858731594, ""diff_weight"": 0.03528261923727612, ""gross_amount"": 0.07014026460190598, ""gross_amount_pct_nav"": 0.03528261923727612, ""fee"": 2.104207938057179e-05, ""fee_pct_nav"": 1.0584785771182832e-05, ""name"": ""中广核电力""}, {""ts_code"": ""02328.HK"", ""side"": ""buy"", ""current_weight"": 0.0, ""target_weight"": 0.03149321341671758, ""post_trade_weight"": 0.03149982699153509, ""diff_weight"": 0.03149321341671758, ""gross_amount"": 0.06260709578724012, ""gross_amount_pct_nav"": 0.03149321341671758, ""fee"": 1.8782128736172036e-05, ""fee_pct_nav"": 9.447964025015275e-06, ""name"": ""中国财险""}, {""ts_code"": ""03988.HK"", ""side"": ""buy"", ""current_weight"": 0.0, ""target_weight"": 0.05703782692417618, ""post_trade_weight"": 0.057049804867830255, ""diff_weight"": 0.05703782692417618, ""gross_amount"": 0.11338864175233188, ""gross_amount_pct_nav"": 0.05703782692417618, ""fee"": 3.401659252569956e-05, ""fee_pct_nav"": 1.7111348077252852e-05, ""name"": ""中国银行""}]",2024-04-26,2024-04-26,2024-04-29,caution
2024-05-02,0.08666746,0.17333492,0.21694891,0.12554844,0.00010275,0.00006508,0.00003766,0.00000000,rebalance,"[{""ts_code"": ""00700.HK"", ""side"": ""buy"", ""current_weight"": 0.0, ""target_weight"": 0.0779134958564568, ""post_trade_weight"": 0.07791754760602991, ""diff_weight"": 0.0779134958564568, ""gross_amount"": 0.1539514685902467, ""gross_amount_pct_nav"": 0.0779134958564568, ""fee"": 4.6185440577074e-05, ""fee_pct_nav"": 2.3374048756937036e-05, ""name"": ""腾讯控股""}, {""ts_code"": ""01816.HK"", ""side"": ""sell"", ""current_weight"": 0.03423462380185293, ""target_weight"": 0.0, ""post_trade_weight"": 0.0, ""diff_weight"": -0.03423462380185293, ""gross_amount"": 0.06764515637496071, ""gross_amount_pct_nav"": 0.03423462380185293, ""fee"": 2.029354691248821e-05, ""fee_pct_nav"": 1.0270387140555878e-05, ""name"": ""中广核电力""}, {""ts_code"": ""02328.HK"", ""side"": ""sell"", ""current_weight"": 0.029304346248179843, ""target_weight"": 0.0, ""post_trade_weight"": 0.0, ""diff_weight"": -0.029304346248179843, ""gross_amount"": 0.0579032822413205, ""gross_amount_pct_nav"": 0.029304346248179843, ""fee"": 1.737098467239615e-05, ""fee_pct_nav"": 8.791303874453953e-06, ""name"": ""中国财险""}, {""ts_code"": ""03328.HK"", ""side"": ""buy"", ""current_weight"": 0.0, ""target_weight"": 0.03188245447190693, ""post_trade_weight"": 0.03188411246093536, ""diff_weight"": 0.03188245447190693, ""gross_amount"": 0.06299743881669236, ""gross_amount_pct_nav"": 0.03188245447190693, ""fee"": 1.8899231645007704e-05, ""fee_pct_nav"": 9.564736341572077e-06, ""name"": ""交通银行""}]",,,,
2024-05-03,0.00000000,0.00000000,0.00000000,0.00000000,0.00000000,0.00000000,0.00000000,0.00000000,weekly_portfolio_overlay,,2024-05-03,2024-05-03,2024-05-06,caution
2024-05-10,0.00000000,0.00000000,0.00000000,0.00000000,0.00000000,0.00000000,0.00000000,0.00000000,weekly_portfolio_overlay,,2024-05-10,2024-05-10,2024-05-13,caution
2024-05-17,0.00576046,0.01152093,0.00000000,0.02436441,0.00000731,0.00000000,0.00000731,0.00000000,weekly_portfolio_overlay,"[{""ts_code"": ""00939.HK"", ""side"": ""sell"", ""current_weight"": 0.06081461936503901, ""target_weight"": 0.04929369143189521, ""post_trade_weight"": 0.04929386180520402, ""diff_weight"": -0.011520927933143806, ""gross_amount"": 0.024364414742565232, ""gross_amount_pct_nav"": 0.011520927933143806, ""fee"": 7.309324422769569e-06, ""fee_pct_nav"": 3.4562783799431414e-06, ""name"": ""建设银行""}]",2024-05-17,2024-05-17,2024-05-20,caution
2024-05-24,0.12064705,0.24129410,0.50988169,0.00000000,0.00015296,0.00015296,0.00000000,0.00000000,weekly_portfolio_overlay,"[{""ts_code"": ""00005.HK"", ""side"": ""buy"", ""current_weight"": 0.05598011513511763, ""target_weight"": 0.08035202371796445, ""post_trade_weight"": 0.08035784067976369, ""diff_weight"": 0.02437190858284681, ""gross_amount"": 0.05150059673425225, ""gross_amount_pct_nav"": 0.02437190858284681, ""fee"": 1.5450179020275674e-05, ""fee_pct_nav"": 7.311572574854042e-06, ""name"": ""汇丰控股""}, {""ts_code"": ""00700.HK"", ""side"": ""buy"", ""current_weight"": 0.0776092723110105, ""target_weight"": 0.11130272470388679, ""post_trade_weight"": 0.11131078229432195, ""diff_weight"": 0.03369345239287629, ""gross_amount"": 0.07119807209073165, ""gross_amount_pct_nav"": 0.03369345239287629, ""fee"": 2.1359421627219493e-05, ""fee_pct_nav"": 1.0108035717862887e-05, ""name"": ""腾讯控股""}, {""ts_code"": ""00728.HK"", ""side"": ""buy"", ""current_weight"": 0.03758963321643411, ""target_weight"": 0.04952124560465676, ""post_trade_weight"": 0.04952483061945297, ""diff_weight"": 0.011931612388222651, ""gross_amount"": 0.025212845186352945, ""gross_amount_pct_nav"": 0.011931612388222651, ""fee"": 7.563853555905883e-06, ""fee_pct_nav"": 3.579483716466795e-06, ""name"": ""中国电信""}, {""ts_code"": ""00857.HK"", ""side"": ""buy"", ""current_weight"": 0.06956487737500266, ""target_weight"": 0.09145193570622308, ""post_trade_weight"": 0.09145855622916521, ""diff_weight"": 0.021887058331220413, ""gross_amount"": 0.04624982737743283, ""gross_amount_pct_nav"": 0.021887058331220413, ""fee"": 1.3874948213229848e-05, ""fee_pct_nav"": 6.566117499366123e-06, ""name"": ""中国石油股份""}, {""ts_code"": ""00883.HK"", ""side"": ""buy"", ""current_weight"": 0.050868886581054276, ""target_weight"": 0.07266361679527222, ""post_trade_weight"": 0.07266887716661741, ""diff_weight"": 0.02179473021421795, ""gross_amount"": 0.04605472763361042, ""gross_amount_pct_nav"": 0.02179473021421795, ""fee"": 1.3816418290083124e-05, ""fee_pct_nav"": 6.538419064265384e-06, ""name"": ""中国海洋石油""}, {""ts_code"": ""00939.HK"", ""side"": ""buy"", ""current_weight"": 0.04879083629774803, ""target_weight"": 0.07041470501404458, ""post_trade_weight"": 0.07041980257886273, ""diff_weight"": 0.02162386871629654, ""gross_amount"": 0.045693677982043365, ""gross_amount_pct_nav"": 0.02162386871629654, ""fee"": 1.3708103394613009e-05, ""fee_pct_nav"": 6.487160614888962e-06, ""name"": ""建设银行""}, {""ts_code"": ""00941.HK"", ""side"": ""buy"", ""current_weight"": 0.06067198187736682, ""target_weight"": 0.08032247144948063, ""post_trade_weight"": 0.08032828627188864, ""diff_weight"": 0.019650489572113815, ""gross_amount"": 0.0415237048688229, ""gross_amount_pct_nav"": 0.019650489572113815, ""fee"": 1.2457111460646867e-05, ""fee_pct_nav"": 5.895146871634143e-06, ""name"": ""中国移动""}, {""ts_code"": ""00998.HK"", ""side"": ""buy"", ""current_weight"": 0.034641174415053946, ""target_weight"": 0.047679943634204254, ""post_trade_weight"": 0.047683395350761944, ""diff_weight"": 0.013038769219150311, ""gross_amount"": 0.02755239267305691, ""gross_amount_pct_nav"": 0.013038769219150311, ""fee"": 8.265717801917073e-06, ""fee_pct_nav"": 3.911630765745093e-06, ""name"": ""中信银行""}, {""ts_code"": ""01088.HK"", ""side"": ""buy"", ""current_weight"": 0.05065391871533202, ""target_weight"": 0.06113777351424919, ""post_trade_weight"": 0.06114219948980734, ""diff_weight"": 0.01048385479891717, ""gross_amount"": 0.022153569811085405, ""gross_amount_pct_nav"": 0.01048385479891717, ""fee"": 6.6460709433256206e-06, ""fee_pct_nav"": 3.14515643967515e-06, ""name"": ""中国神华""}, {""ts_code"": ""01288.HK"", ""side"": ""buy"", ""current_weight"": 0.06635830870745636, ""target_weight"": 0.08224501522169897, ""post_trade_weight"": 0.08225096922372141, ""diff_weight"": 0.015886706514242618, ""gross_amount"": 0.0335704059796641, ""gross_amount_pct_nav"": 0.015886706514242618, ""fee"": 1.0071121793899228e-05, ""fee_pct_nav"": 4.766011954272784e-06, ""name"": ""农业银行""}, {""ts_code"": ""01398.HK"", ""side"": ""buy"", ""current_weight"": 0.06914182389503874, ""target_weight"": 0.08646961166341524, ""post_trade_weight"": 0.08647587149863244, ""diff_weight"": 0.0173277877683765, ""gross_amount"": 0.03661557350432296, ""gross_amount_pct_nav"": 0.0173277877683765, ""fee"": 1.0984672051296886e-05, ""fee_pct_nav"": 5.19833633051295e-06, ""name"": ""工商银行""}, {""ts_code"": ""03328.HK"", ""side"": ""buy"", ""current_weight"": 0.033041842104375836, ""target_weight"": 0.04554543489498404, ""post_trade_weight"": 0.04554873208704786, ""diff_weight"": 0.012503592790608205, ""gross_amount"": 0.026421504407399182, ""gross_amount_pct_nav"": 0.012503592790608205, ""fee"": 7.926451322219755e-06, ""fee_pct_nav"": 3.7510778371824614e-06, ""name"": ""交通银行""}, {""ts_code"": ""03988.HK"", ""side"": ""buy"", ""current_weight"": 0.05714185515493497, ""target_weight"": 0.07424212161850438, ""post_trade_weight"": 0.07424749626329076, ""diff_weight"": 0.01710026646356941, ""gross_amount"": 0.03613479527854348, ""gross_amount_pct_nav"": 0.01710026646356941, ""fee"": 1.0840438583563042e-05, ""fee_pct_nav"": 5.1300799390708225e-06, ""name"": ""中国银行""}]",2024-05-24,2024-05-24,2024-05-27,risk_on
2024-06-03,0.05179632,0.10359264,0.12044266,0.09728633,0.00006532,0.00003613,0.00002919,0.00000000,rebalance,"[{""ts_code"": ""00386.HK"", ""side"": ""buy"", ""current_weight"": 0.03675838146597179, ""target_weight"": 0.047846819772691424, ""post_trade_weight"": 0.04784830679243267, ""diff_weight"": 0.011088438306719638, ""gross_amount"": 0.023305463755667805, ""gross_amount_pct_nav"": 0.011088438306719638, ""fee"": 6.99163912670034e-06, ""fee_pct_nav"": 3.326531492015891e-06, ""name"": ""中国石油化工股份""}, {""ts_code"": ""00998.HK"", ""side"": ""sell"", ""current_weight"": 0.04628758017779954, ""target_weight"": 0.0, ""post_trade_weight"": 0.0, ""diff_weight"": -0.04628758017779954, ""gross_amount"": 0.09728633485903472, ""gross_amount_pct_nav"": 0.04628758017779954, ""fee"": 2.9185900457710412e-05, ""fee_pct_nav"": 1.388627405333986e-05, ""name"": ""中信银行""}, {""ts_code"": ""01816.HK"", ""side"": ""buy"", ""current_weight"": 0.0, ""target_weight"": 0.04621662257410318, ""post_trade_weight"": 0.04621805892933991, ""diff_weight"": 0.04621662257410318, ""gross_amount"": 0.09713719754903748, ""gross_amount_pct_nav"": 0.04621662257410318, ""fee"": 2.914115926471124e-05, ""fee_pct_nav"": 1.3864986772230953e-05, ""name"": ""中广核电力""}]",,,,
2024-06-07,0.00000000,0.00000000,0.00000000,0.00000000,0.00000000,0.00000000,0.00000000,0.00000000,weekly_portfolio_overlay,,2024-06-07,2024-06-07,2024-06-11,risk_on
2024-06-14,0.00000000,0.00000000,0.00000000,0.00000000,0.00000000,0.00000000,0.00000000,0.00000000,weekly_portfolio_overlay,,2024-06-14,2024-06-14,2024-06-17,risk_on
2024-06-21,0.00000000,0.00000000,0.00000000,0.00000000,0.00000000,0.00000000,0.00000000,0.00000000,weekly_portfolio_overlay,,2024-06-21,2024-06-21,2024-06-24,risk_on
2024-07-02,0.05400693,0.10801386,0.10568085,0.13663030,0.00007269,0.00003170,0.00004099,0.00000000,rebalance,"[{""ts_code"": ""00762.HK"", ""side"": ""buy"", ""current_weight"": 0.0, ""target_weight"": 0.047108835408540474, ""post_trade_weight"": 0.0471103619801248, ""diff_weight"": 0.047108835408540474, ""gross_amount"": 0.1056808482684279, ""gross_amount_pct_nav"": 0.047108835408540474, ""fee"": 3.1704254480528365e-05, ""fee_pct_nav"": 1.413265062256214e-05, ""name"": ""中国联通""}, {""ts_code"": ""00883.HK"", ""side"": ""sell"", ""current_weight"": 0.08329454995882783, ""target_weight"": 0.06879199770715098, ""post_trade_weight"": 0.06879422692610784, ""diff_weight"": -0.014502552251676853, ""gross_amount"": 0.032534067351122686, ""gross_amount_pct_nav"": 0.014502552251676853, ""fee"": 9.760220205336805e-06, ""fee_pct_nav"": 4.3507656755030554e-06, ""name"": ""中国海洋石油""}, {""ts_code"": ""03328.HK"", ""side"": ""sell"", ""current_weight"": 0.04640247030797798, ""target_weight"": 0.0, ""post_trade_weight"": 0.0, ""diff_weight"": -0.04640247030797798, ""gross_amount"": 0.10409623548045979, ""gross_amount_pct_nav"": 0.04640247030797798, ""fee"": 3.1228870644137934e-05, ""fee_pct_nav"": 1.3920741092393391e-05, ""name"": ""交通银行""}]",,,,
2024-07-05,0.00000000,0.00000000,0.00000000,0.00000000,0.00000000,0.00000000,0.00000000,0.00000000,weekly_portfolio_overlay,,2024-07-05,2024-07-05,2024-07-08,risk_on
2024-07-12,0.00000000,0.00000000,0.00000000,0.00000000,0.00000000,0.00000000,0.00000000,0.00000000,weekly_portfolio_overlay,,2024-07-12,2024-07-12,2024-07-15,risk_on
2024-07-19,0.00000000,0.00000000,0.00000000,0.00000000,0.00000000,0.00000000,0.00000000,0.00000000,weekly_portfolio_overlay,,2024-07-19,2024-07-19,2024-07-22,risk_on
2024-07-26,0.00000000,0.00000000,0.00000000,0.00000000,0.00000000,0.00000000,0.00000000,0.00000000,weekly_portfolio_overlay,,2024-07-26,2024-07-26,2024-07-29,risk_on
2024-08-01,0.02517670,0.05035339,0.05054993,0.05922734,0.00003293,0.00001516,0.00001777,0.00000000,rebalance,"[{""ts_code"": ""00700.HK"", ""side"": ""buy"", ""current_weight"": 0.10450790614385651, ""target_weight"": 0.11619801660326207, ""post_trade_weight"": 0.11619977191914756, ""diff_weight"": 0.011690110459405552, ""gross_amount"": 0.025486035064388762, ""gross_amount_pct_nav"": 0.011690110459405552, ""fee"": 7.645810519316628e-06, ""fee_pct_nav"": 3.507033137821665e-06, ""name"": ""腾讯控股""}, {""ts_code"": ""00939.HK"", ""side"": ""sell"", ""current_weight"": 0.07453278112635706, ""target_weight"": 0.05782605603851158, ""post_trade_weight"": 0.05782692957317015, ""diff_weight"": -0.016706725087845476, ""gross_amount"": 0.036422939105537316, ""gross_amount_pct_nav"": 0.016706725087845476, ""fee"": 1.0926881731661193e-05, ""fee_pct_nav"": 5.012017526353642e-06, ""name"": ""建设银行""}, {""ts_code"": ""01088.HK"", ""side"": ""buy"", ""current_weight"": 0.05855540825116517, ""target_weight"": 0.07005188856731413, ""post_trade_weight"": 0.07005294678841296, ""diff_weight"": 0.011496480316148965, ""gross_amount"": 0.025063894945379916, ""gross_amount_pct_nav"": 0.011496480316148965, ""fee"": 7.5191684836139744e-06, ""fee_pct_nav"": 3.448944094844689e-06, ""name"": ""中国神华""}, {""ts_code"": ""01398.HK"", ""side"": ""sell"", ""current_weight"": 0.09054450106327705, ""target_weight"": 0.08008442246621843, ""post_trade_weight"": 0.08008563224124768, ""diff_weight"": -0.010460078597058631, ""gross_amount"": 0.022804397856344527, ""gross_amount_pct_nav"": 0.010460078597058631, ""fee"": 6.841319356903358e-06, ""fee_pct_nav"": 3.1380235791175893e-06, ""name"": ""工商银行""}]",,,,
2024-08-02,0.00630914,0.01261827,0.02639558,0.00000000,0.00000792,0.00000792,0.00000000,0.00000000,weekly_portfolio_overlay,"[{""ts_code"": ""00005.HK"", ""side"": ""buy"", ""current_weight"": 0.07309891845677043, ""target_weight"": 0.08571719329029781, ""post_trade_weight"": 0.08571751777245701, ""diff_weight"": 0.012618274833527393, ""gross_amount"": 0.02639557547636001, ""gross_amount_pct_nav"": 0.012618274833527393, ""fee"": 7.918672642908003e-06, ""fee_pct_nav"": 3.7854824500582175e-06, ""name"": ""汇丰控股""}]",2024-08-02,2024-08-02,2024-08-05,risk_on
2024-08-09,0.00649889,0.01299778,0.02780716,0.00000000,0.00000834,0.00000834,0.00000000,0.00000000,weekly_portfolio_overlay,"[{""ts_code"": ""00762.HK"", ""side"": ""buy"", ""current_weight"": 0.040068696390314004, ""target_weight"": 0.053066472346513675, ""post_trade_weight"": 0.05306667927115605, ""diff_weight"": 0.012997775956199671, ""gross_amount"": 0.027807160329261477, ""gross_amount_pct_nav"": 0.012997775956199671, ""fee"": 8.342148098778442e-06, ""fee_pct_nav"": 3.8993327868599004e-06, ""name"": ""中国联通""}]",2024-08-09,2024-08-09,2024-08-12,risk_on
2024-08-16,0.00000000,0.00000000,0.00000000,0.00000000,0.00000000,0.00000000,0.00000000,0.00000000,weekly_portfolio_overlay,,2024-08-16,2024-08-16,2024-08-19,risk_on
2024-08-23,0.00000000,0.00000000,0.00000000,0.00000000,0.00000000,0.00000000,0.00000000,0.00000000,weekly_portfolio_overlay,,2024-08-23,2024-08-23,2024-08-26,risk_on
2024-09-02,0.08478603,0.16957206,0.19696961,0.18013751,0.00011313,0.00005909,0.00005404,0.00000000,rebalance,"[{""ts_code"": ""00700.HK"", ""side"": ""buy"", ""current_weight"": 0.11771388801079241, ""target_weight"": 0.1331020210662894, ""post_trade_weight"": 0.1331087925257898, ""diff_weight"": 0.01538813305549699, ""gross_amount"": 0.03422128960032411, ""gross_amount_pct_nav"": 0.01538813305549699, ""fee"": 1.0266386880097233e-05, ""fee_pct_nav"": 4.616439916649097e-06, ""name"": ""腾讯控股""}, {""ts_code"": ""00762.HK"", ""side"": ""sell"", ""current_weight"": 0.05703597587700752, ""target_weight"": 0.0, ""post_trade_weight"": 0.0, ""diff_weight"": -0.05703597587700752, ""gross_amount"": 0.1268409001329067, ""gross_amount_pct_nav"": 0.05703597587700752, ""fee"": 3.8052270039872e-05, ""fee_pct_nav"": 1.7110792763102252e-05, ""name"": ""中国联通""}, {""ts_code"": ""00857.HK"", ""side"": ""sell"", ""current_weight"": 0.0822622258337978, ""target_weight"": 0.06894059551987283, ""post_trade_weight"": 0.06894410281785943, ""diff_weight"": -0.013321630313924965, ""gross_amount"": 0.0296256451173868, ""gross_amount_pct_nav"": 0.013321630313924965, ""fee"": 8.887693535216039e-06, ""fee_pct_nav"": 3.996489094177489e-06, ""name"": ""中国石油股份""}, {""ts_code"": ""00939.HK"", ""side"": ""buy"", ""current_weight"": 0.05637726228049527, ""target_weight"": 0.07616394616276674, ""post_trade_weight"": 0.07616782094297443, ""diff_weight"": 0.01978668388227147, ""gross_amount"": 0.04400311830702508, ""gross_amount_pct_nav"": 0.01978668388227147, ""fee"": 1.3200935492107523e-05, ""fee_pct_nav"": 5.936005164681441e-06, ""name"": ""建设银行""}, {""ts_code"": ""01088.HK"", ""side"": ""sell"", ""current_weight"": 0.07113440253371324, ""target_weight"": 0.06049038851779621, ""post_trade_weight"": 0.06049346591821981, ""diff_weight"": -0.010644014015917034, ""gross_amount"": 0.02367096026756063, ""gross_amount_pct_nav"": 0.010644014015917034, ""fee"": 7.1012880802681885e-06, ""fee_pct_nav"": 3.1932042047751095e-06, ""name"": ""中国神华""}, {""ts_code"": ""01398.HK"", ""side"": ""buy"", ""current_weight"": 0.07887029237476872, ""target_weight"": 0.09138110356600321, ""post_trade_weight"": 0.09138575250699556, ""diff_weight"": 0.012510811191234483, ""gross_amount"": 0.027822484466838632, ""gross_amount_pct_nav"": 0.012510811191234483, ""fee"": 8.34674534005159e-06, ""fee_pct_nav"": 3.7532433573703448e-06, ""name"": ""工商银行""}, {""ts_code"": ""02388.HK"", ""side"": ""buy"", ""current_weight"": 0.0, ""target_weight"": 0.040884808022900704, ""post_trade_weight"": 0.040886888005003834, ""diff_weight"": 0.040884808022900704, ""gross_amount"": 0.09092271626190146, ""gross_amount_pct_nav"": 0.040884808022900704, ""fee"": 2.7276814878570435e-05, ""fee_pct_nav"": 1.226544240687021e-05, ""name"": ""中银香港""}]",,,,
2024-09-05,0.00657181,0.01314363,0.00000000,0.02759925,0.00000828,0.00000000,0.00000828,0.00000000,weekly_portfolio_overlay,"[{""ts_code"": ""00005.HK"", ""side"": ""sell"", ""current_weight"": 0.09336076817130612, ""target_weight"": 0.08021713850899764, ""post_trade_weight"": 0.08021745481355319, ""diff_weight"": -0.013143629662308469, ""gross_amount"": 0.02759925372296404, ""gross_amount_pct_nav"": 0.013143629662308469, ""fee"": 8.279776116889211e-06, ""fee_pct_nav"": 3.943088898692541e-06, ""name"": ""汇丰控股""}]",2024-09-05,2024-09-05,2024-09-09,risk_on
2024-09-13,0.00000000,0.00000000,0.00000000,0.00000000,0.00000000,0.00000000,0.00000000,0.00000000,weekly_portfolio_overlay,,2024-09-13,2024-09-13,2024-09-16,risk_on
2024-09-20,0.00000000,0.00000000,0.00000000,0.00000000,0.00000000,0.00000000,0.00000000,0.00000000,weekly_portfolio_overlay,,2024-09-20,2024-09-20,2024-09-23,risk_on
2024-09-27,0.00910014,0.01820029,0.00000000,0.04190038,0.00001257,0.00000000,0.00001257,0.00000000,weekly_portfolio_overlay,"[{""ts_code"": ""00700.HK"", ""side"": ""sell"", ""current_weight"": 0.15130835306540955, ""target_weight"": 0.13310806574028272, ""post_trade_weight"": 0.13310879252576355, ""diff_weight"": -0.01820028732512683, ""gross_amount"": 0.04190037728249596, ""gross_amount_pct_nav"": 0.01820028732512683, ""fee"": 1.2570113184748786e-05, ""fee_pct_nav"": 5.460086197538048e-06, ""name"": ""腾讯控股""}]",2024-09-27,2024-09-27,2024-09-30,risk_on
2024-10-02,0.06622371,0.13244742,0.17293493,0.14352984,0.00009494,0.00005188,0.00004306,0.00000000,rebalance,"[{""ts_code"": ""00700.HK"", ""side"": ""buy"", ""current_weight"": 0.13557842972570172, ""target_weight"": 0.15272225597673164, ""post_trade_weight"": 0.15272832451864005, ""diff_weight"": 0.017143826251029927, ""gross_amount"": 0.0409627984296983, ""gross_amount_pct_nav"": 0.017143826251029927, ""fee"": 1.2288839528909488e-05, ""fee_pct_nav"": 5.143147875308977e-06, ""name"": ""腾讯控股""}, {""ts_code"": ""00728.HK"", ""side"": ""sell"", ""current_weight"": 0.04955491687600793, ""target_weight"": 0.0, ""post_trade_weight"": 0.0, ""diff_weight"": -0.04955491687600793, ""gross_amount"": 0.11840461058513232, ""gross_amount_pct_nav"": 0.04955491687600793, ""fee"": 3.552138317553969e-05, ""fee_pct_nav"": 1.4866475062802378e-05, ""name"": ""中国电信""}, {""ts_code"": ""01288.HK"", ""side"": ""sell"", ""current_weight"": 0.08386354933516392, ""target_weight"": 0.0733480918587869, ""post_trade_weight"": 0.07335100640432252, ""diff_weight"": -0.010515457476377018, ""gross_amount"": 0.025125229262925985, ""gross_amount_pct_nav"": 0.010515457476377018, ""fee"": 7.537568778877795e-06, ""fee_pct_nav"": 3.1546372429131054e-06, ""name"": ""农业银行""}, {""ts_code"": ""01810.HK"", ""side"": ""buy"", ""current_weight"": 0.0, ""target_weight"": 0.055233222569570965, ""post_trade_weight"": 0.05523541730617799, ""diff_weight"": 0.055233222569570965, ""gross_amount"": 0.1319721356021137, ""gross_amount_pct_nav"": 0.055233222569570965, ""fee"": 3.959164068063411e-05, ""fee_pct_nav"": 1.6569966770871288e-05, ""name"": ""小米集团-W""}]",,,,
2024-10-04,0.00000000,0.00000000,0.00000000,0.00000000,0.00000000,0.00000000,0.00000000,0.00000000,weekly_portfolio_overlay,,2024-10-04,2024-10-04,2024-10-07,risk_on
2024-10-10,0.00000000,0.00000000,0.00000000,0.00000000,0.00000000,0.00000000,0.00000000,0.00000000,weekly_portfolio_overlay,,2024-10-10,2024-10-10,2024-10-14,risk_on
2024-10-18,0.00501124,0.01002248,0.02295637,0.00000000,0.00000689,0.00000689,0.00000000,0.00000000,weekly_portfolio_overlay,"[{""ts_code"": ""00700.HK"", ""side"": ""buy"", ""current_weight"": 0.14270538508147393, ""target_weight"": 0.15272786530364757, ""post_trade_weight"": 0.15272832451863114, ""diff_weight"": 0.010022480222173646, ""gross_amount"": 0.022956373206859948, ""gross_amount_pct_nav"": 0.010022480222173646, ""fee"": 6.886911962057984e-06, ""fee_pct_nav"": 3.0067440666520933e-06, ""name"": ""腾讯控股""}]",2024-10-18,2024-10-18,2024-10-21,risk_on
2024-10-25,0.00000000,0.00000000,0.00000000,0.00000000,0.00000000,0.00000000,0.00000000,0.00000000,weekly_portfolio_overlay,,2024-10-25,2024-10-25,2024-10-28,risk_on
2024-11-01,0.16080313,0.32160627,0.38035829,0.35936125,0.00022192,0.00011411,0.00010781,0.00000000,rebalance,"[{""ts_code"": ""00386.HK"", ""side"": ""sell"", ""current_weight"": 0.043124347485535786, ""target_weight"": 0.0, ""post_trade_weight"": 0.0, ""diff_weight"": -0.043124347485535786, ""gross_amount"": 0.09918936869175791, ""gross_amount_pct_nav"": 0.043124347485535786, ""fee"": 2.975681060752737e-05, ""fee_pct_nav"": 1.2937304245660734e-05, ""name"": ""中国石油化工股份""}, {""ts_code"": ""00700.HK"", ""side"": ""sell"", ""current_weight"": 0.1514408153180272, ""target_weight"": 0.14118015629303782, ""post_trade_weight"": 0.14119377893424215, ""diff_weight"": -0.010260659024989386, ""gross_amount"": 0.023600317463155718, ""gross_amount_pct_nav"": 0.010260659024989386, ""fee"": 7.080095238946714e-06, ""fee_pct_nav"": 3.0781977074968156e-06, ""name"": ""腾讯控股""}, {""ts_code"": ""00941.HK"", ""side"": ""sell"", ""current_weight"": 0.0779436327696837, ""target_weight"": 0.05866223635393776, ""post_trade_weight"": 0.05866789674289805, ""diff_weight"": -0.019281396415745947, ""gross_amount"": 0.04434871828761777, ""gross_amount_pct_nav"": 0.019281396415745947, ""fee"": 1.330461548628533e-05, ""fee_pct_nav"": 5.784418924723783e-06, ""name"": ""中国移动""}, {""ts_code"": ""01038.HK"", ""side"": ""buy"", ""current_weight"": 0.0, ""target_weight"": 0.049164707698157305, ""post_trade_weight"": 0.04916945165928098, ""diff_weight"": 0.049164707698157305, ""gross_amount"": 0.11308266913790836, ""gross_amount_pct_nav"": 0.049164707698157305, ""fee"": 3.39248007413725e-05, ""fee_pct_nav"": 1.4749412309447188e-05, ""name"": ""长江基建集团""}, {""ts_code"": ""01816.HK"", ""side"": ""sell"", ""current_weight"": 0.04045572304290665, ""target_weight"": 0.0, ""post_trade_weight"": 0.0, ""diff_weight"": -0.04045572304290665, ""gross_amount"": 0.09305132396357832, ""gross_amount_pct_nav"": 0.04045572304290665, ""fee"": 2.7915397189073494e-05, ""fee_pct_nav"": 1.2136716912871994e-05, ""name"": ""中广核电力""}, {""ts_code"": ""02388.HK"", ""side"": ""sell"", ""current_weight"": 0.04311658895230678, ""target_weight"": 0.0, ""post_trade_weight"": 0.0, ""diff_weight"": -0.04311658895230678, ""gross_amount"": 0.09917152345912647, ""gross_amount_pct_nav"": 0.04311658895230678, ""fee"": 2.9751457037737937e-05, ""fee_pct_nav"": 1.2934976685692033e-05, ""name"": ""中银香港""}, {""ts_code"": ""02628.HK"", ""side"": ""buy"", ""current_weight"": 0.0, ""target_weight"": 0.06023490025369638, ""post_trade_weight"": 0.06024071239086693, ""diff_weight"": 0.06023490025369638, ""gross_amount"": 0.1385449769733698, ""gross_amount_pct_nav"": 0.06023490025369638, ""fee"": 4.156349309201093e-05, ""fee_pct_nav"": 1.807047007610891e-05, ""name"": ""中国人寿""}, {""ts_code"": ""03690.HK"", ""side"": ""buy"", ""current_weight"": 0.0, ""target_weight"": 0.0559679430489393, ""post_trade_weight"": 0.05597334346233394, ""diff_weight"": 0.0559679430489393, ""gross_amount"": 0.12873064200826548, ""gross_amount_pct_nav"": 0.0559679430489393, ""fee"": 3.861919260247964e-05, ""fee_pct_nav"": 1.6790382914681788e-05, ""name"": ""美团-W""}]",,,,
2024-11-08,0.00000000,0.00000000,0.00000000,0.00000000,0.00000000,0.00000000,0.00000000,0.00000000,weekly_portfolio_overlay,,2024-11-08,2024-11-08,2024-11-11,risk_on
2024-11-15,0.00000000,0.00000000,0.00000000,0.00000000,0.00000000,0.00000000,0.00000000,0.00000000,weekly_portfolio_overlay,,2024-11-15,2024-11-15,2024-11-18,risk_on
2024-11-22,0.00000000,0.00000000,0.00000000,0.00000000,0.00000000,0.00000000,0.00000000,0.00000000,weekly_portfolio_overlay,,2024-11-22,2024-11-22,2024-11-25,risk_on
2024-12-02,0.13220072,0.26440145,0.26772595,0.31968768,0.00017622,0.00008032,0.00009591,0.00000000,rebalance,"[{""ts_code"": ""00700.HK"", ""side"": ""sell"", ""current_weight"": 0.1393983313104963, ""target_weight"": 0.11631864338875836, ""post_trade_weight"": 0.1163278705660296, ""diff_weight"": -0.023079687921737944, ""gross_amount"": 0.05127552556983961, ""gross_amount_pct_nav"": 0.023079687921737944, ""fee"": 1.538265767095188e-05, ""fee_pct_nav"": 6.923906376521383e-06, ""name"": ""腾讯控股""}, {""ts_code"": ""00857.HK"", ""side"": ""sell"", ""current_weight"": 0.05596846909051443, ""target_weight"": 0.0, ""post_trade_weight"": 0.0, ""diff_weight"": -0.05596846909051443, ""gross_amount"": 0.12434365133908397, ""gross_amount_pct_nav"": 0.05596846909051443, ""fee"": 3.730309540172519e-05, ""fee_pct_nav"": 1.6790540727154326e-05, ""name"": ""中国石油股份""}, {""ts_code"": ""00883.HK"", ""side"": ""sell"", ""current_weight"": 0.05272280661713565, ""target_weight"": 0.0, ""post_trade_weight"": 0.0, ""diff_weight"": -0.05272280661713565, ""gross_amount"": 0.11713284980185631, ""gross_amount_pct_nav"": 0.05272280661713565, ""fee"": 3.513985494055689e-05, ""fee_pct_nav"": 1.5816841985140693e-05, ""name"": ""中国海洋石油""}, {""ts_code"": ""00998.HK"", ""side"": ""buy"", ""current_weight"": 0.0, ""target_weight"": 0.04819884878713876, ""post_trade_weight"": 0.048202672244059094, ""diff_weight"": 0.04819884878713876, ""gross_amount"": 0.10708209364884963, ""gross_amount_pct_nav"": 0.04819884878713876, ""fee"": 3.2124628094654886e-05, ""fee_pct_nav"": 1.4459654636141626e-05, ""name"": ""中信银行""}, {""ts_code"": ""01088.HK"", ""side"": ""sell"", ""current_weight"": 0.058365069682268775, ""target_weight"": 0.04624103259229494, ""post_trade_weight"": 0.04624470074206443, ""diff_weight"": -0.012124037089973843, ""gross_amount"": 0.02693564904017233, ""gross_amount_pct_nav"": 0.012124037089973843, ""fee"": 8.080694712051699e-06, ""fee_pct_nav"": 3.6372111269921526e-06, ""name"": ""中国神华""}, {""ts_code"": ""03690.HK"", ""side"": ""buy"", ""current_weight"": 0.05170402659971319, ""target_weight"": 0.07071331690661334, ""post_trade_weight"": 0.07071892636260015, ""diff_weight"": 0.019009290306900142, ""gross_amount"": 0.04223243201992849, ""gross_amount_pct_nav"": 0.019009290306900142, ""fee"": 1.2669729605978546e-05, ""fee_pct_nav"": 5.702787092070042e-06, ""name"": ""美团-W""}, {""ts_code"": ""09992.HK"", ""side"": ""buy"", ""current_weight"": 0.0, ""target_weight"": 0.05329830947931848, ""post_trade_weight"": 0.053302537459765084, ""diff_weight"": 0.05329830947931848, ""gross_amount"": 0.11841142912344142, ""gross_amount_pct_nav"": 0.05329830947931848, ""fee"": 3.552342873703243e-05, ""fee_pct_nav"": 1.5989492843795545e-05, ""name"": ""泡泡玛特""}]",,,,
2024-12-06,0.00000000,0.00000000,0.00000000,0.00000000,0.00000000,0.00000000,0.00000000,0.00000000,weekly_portfolio_overlay,,2024-12-06,2024-12-06,2024-12-09,risk_on
2024-12-13,0.00000000,0.00000000,0.00000000,0.00000000,0.00000000,0.00000000,0.00000000,0.00000000,weekly_portfolio_overlay,,2024-12-13,2024-12-13,2024-12-16,risk_on
2024-12-20,0.00000000,0.00000000,0.00000000,0.00000000,0.00000000,0.00000000,0.00000000,0.00000000,weekly_portfolio_overlay,,2024-12-20,2024-12-20,2024-12-23,risk_on
2024-12-27,0.00646825,0.01293650,0.00000000,0.03052621,0.00000916,0.00000000,0.00000916,0.00000000,weekly_portfolio_overlay,"[{""ts_code"": ""01810.HK"", ""side"": ""sell"", ""current_weight"": 0.08027937402878084, ""target_weight"": 0.06734287705136721, ""post_trade_weight"": 0.06734313840665915, ""diff_weight"": -0.012936496977413635, ""gross_amount"": 0.030526213901143406, ""gross_amount_pct_nav"": 0.012936496977413635, ""fee"": 9.15786417034302e-06, ""fee_pct_nav"": 3.88094909322409e-06, ""name"": ""小米集团-W""}]",2024-12-27,2024-12-27,2024-12-30,risk_on
2025-01-02,0.14946145,0.29892290,0.35784077,0.33727188,0.00020853,0.00010735,0.00010118,0.00000000,rebalance,"[{""ts_code"": ""00700.HK"", ""side"": ""buy"", ""current_weight"": 0.11563360224650389, ""target_weight"": 0.12663451239919624, ""post_trade_weight"": 0.1266458696044446, ""diff_weight"": 0.011000910152692334, ""gross_amount"": 0.02558141836421357, ""gross_amount_pct_nav"": 0.011000910152692334, ""fee"": 7.67442550926407e-06, ""fee_pct_nav"": 3.3002730458077e-06, ""name"": ""腾讯控股""}, {""ts_code"": ""01038.HK"", ""side"": ""sell"", ""current_weight"": 0.04991157848620961, ""target_weight"": 0.0, ""post_trade_weight"": 0.0, ""diff_weight"": -0.04991157848620961, ""gross_amount"": 0.11606393950608956, ""gross_amount_pct_nav"": 0.04991157848620961, ""fee"": 3.4819181851826864e-05, ""fee_pct_nav"": 1.4973473545862883e-05, ""name"": ""长江基建集团""}, {""ts_code"": ""01088.HK"", ""side"": ""sell"", ""current_weight"": 0.04486778896296064, ""target_weight"": 0.0, ""post_trade_weight"": 0.0, ""diff_weight"": -0.04486778896296064, ""gross_amount"": 0.10433515632866387, ""gross_amount_pct_nav"": 0.04486778896296064, ""fee"": 3.1300546898599156e-05, ""fee_pct_nav"": 1.3460336688888188e-05, ""name"": ""中国神华""}, {""ts_code"": ""02318.HK"", ""side"": ""buy"", ""current_weight"": 0.0, ""target_weight"": 0.04804235256599177, ""post_trade_weight"": 0.048046661240209954, ""diff_weight"": 0.04804235256599177, ""gross_amount"": 0.11171725822075773, ""gross_amount_pct_nav"": 0.04804235256599177, ""fee"": 3.3515177466227315e-05, ""fee_pct_nav"": 1.4412705769797529e-05, ""name"": ""中国平安""}, {""ts_code"": ""02328.HK"", ""side"": ""buy"", ""current_weight"": 0.0, ""target_weight"": 0.044397101910841355, ""post_trade_weight"": 0.04440108366107106, ""diff_weight"": 0.044397101910841355, ""gross_amount"": 0.10324062485519893, ""gross_amount_pct_nav"": 0.044397101910841355, ""fee"": 3.0972187456559675e-05, ""fee_pct_nav"": 1.3319130573252405e-05, ""name"": ""中国财险""}, {""ts_code"": ""03968.HK"", ""side"": ""buy"", ""current_weight"": 0.0, ""target_weight"": 0.05044375876236083, ""post_trade_weight"": 0.050448282806485216, ""diff_weight"": 0.05044375876236083, ""gross_amount"": 0.11730146677432884, ""gross_amount_pct_nav"": 0.05044375876236083, ""fee"": 3.519044003229865e-05, ""fee_pct_nav"": 1.513312762870825e-05, ""name"": ""招商银行""}, {""ts_code"": ""09992.HK"", ""side"": ""sell"", ""current_weight"": 0.05025941083858747, ""target_weight"": 0.0, ""post_trade_weight"": 0.0, ""diff_weight"": -0.05025941083858747, ""gross_amount"": 0.11687278575637994, ""gross_amount_pct_nav"": 0.05025941083858747, ""fee"": 3.506183572691398e-05, ""fee_pct_nav"": 1.5077823251576239e-05, ""name"": ""泡泡玛特""}]",,,,
2025-01-03,0.00000000,0.00000000,0.00000000,0.00000000,0.00000000,0.00000000,0.00000000,0.00000000,weekly_portfolio_overlay,,2025-01-03,2025-01-03,2025-01-06,risk_on
2025-01-10,0.00556803,0.01113606,0.02497757,0.00000000,0.00000749,0.00000749,0.00000000,0.00000000,weekly_portfolio_overlay,"[{""ts_code"": ""00700.HK"", ""side"": ""buy"", ""current_weight"": 0.11550938613858482, ""target_weight"": 0.12664544650363055, ""post_trade_weight"": 0.12664586960444524, ""diff_weight"": 0.011136060365045735, ""gross_amount"": 0.024977567451260396, ""gross_amount_pct_nav"": 0.011136060365045735, ""fee"": 7.4932702353781185e-06, ""fee_pct_nav"": 3.34081810951372e-06, ""name"": ""腾讯控股""}]",2025-01-10,2025-01-10,2025-01-13,risk_on
2025-01-17,0.00000000,0.00000000,0.00000000,0.00000000,0.00000000,0.00000000,0.00000000,0.00000000,weekly_portfolio_overlay,,2025-01-17,2025-01-17,2025-01-20,risk_on
2025-01-24,0.00000000,0.00000000,0.00000000,0.00000000,0.00000000,0.00000000,0.00000000,0.00000000,weekly_portfolio_overlay,,2025-01-24,2025-01-24,2025-01-27,risk_on
2025-02-03,0.06729553,0.13459106,0.12369932,0.20015117,0.00009716,0.00003711,0.00006005,0.00000000,rebalance,"[{""ts_code"": ""00005.HK"", ""side"": ""sell"", ""current_weight"": 0.0843387758150452, ""target_weight"": 0.074174884985042, ""post_trade_weight"": 0.07417788008892612, ""diff_weight"": -0.010163890830003196, ""gross_amount"": 0.02445616316823168, ""gross_amount_pct_nav"": 0.010163890830003196, ""fee"": 7.336848950469504e-06, ""fee_pct_nav"": 3.049167249000959e-06, ""name"": ""汇丰控股""}, {""ts_code"": ""00700.HK"", ""side"": ""sell"", ""current_weight"": 0.1303752144083351, ""target_weight"": 0.1158068634841877, ""post_trade_weight"": 0.11581153964360066, ""diff_weight"": -0.014568350924147398, ""gross_amount"": 0.03505409230107753, ""gross_amount_pct_nav"": 0.014568350924147398, ""fee"": 1.051622769032326e-05, ""fee_pct_nav"": 4.370505277244219e-06, ""name"": ""腾讯控股""}, {""ts_code"": ""01398.HK"", ""side"": ""sell"", ""current_weight"": 0.10512856889356674, ""target_weight"": 0.09322745975381894, ""post_trade_weight"": 0.09323122418064443, ""diff_weight"": -0.011901109139747797, ""gross_amount"": 0.028636225228376833, ""gross_amount_pct_nav"": 0.011901109139747797, ""fee"": 8.59086756851305e-06, ""fee_pct_nav"": 3.570332741924339e-06, ""name"": ""工商银行""}, {""ts_code"": ""02328.HK"", ""side"": ""sell"", ""current_weight"": 0.04654873210520352, ""target_weight"": 0.0, ""post_trade_weight"": 0.0, ""diff_weight"": -0.04654873210520352, ""gross_amount"": 0.11200468469010542, ""gross_amount_pct_nav"": 0.04654873210520352, ""fee"": 3.360140540703163e-05, ""fee_pct_nav"": 1.3964619631561056e-05, ""name"": ""中国财险""}, {""ts_code"": ""09992.HK"", ""side"": ""buy"", ""current_weight"": 0.0, ""target_weight"": 0.05140897840303942, ""post_trade_weight"": 0.05141105424354695, ""diff_weight"": 0.05140897840303942, ""gross_amount"": 0.12369931802351278, ""gross_amount_pct_nav"": 0.05140897840303942, ""fee"": 3.710979540705383e-05, ""fee_pct_nav"": 1.5422693520911823e-05, ""name"": ""泡泡玛特""}]",,,,
2025-02-07,0.00000000,0.00000000,0.00000000,0.00000000,0.00000000,0.00000000,0.00000000,0.00000000,weekly_portfolio_overlay,,2025-02-07,2025-02-07,2025-02-10,risk_on
2025-02-14,0.00601306,0.01202612,0.00000000,0.03201177,0.00000960,0.00000000,0.00000960,0.00000000,weekly_portfolio_overlay,"[{""ts_code"": ""00700.HK"", ""side"": ""sell"", ""current_weight"": 0.12783724472947575, ""target_weight"": 0.11581112181443534, ""post_trade_weight"": 0.11581153964357856, ""diff_weight"": -0.012026122915040398, ""gross_amount"": 0.032011771583295046, ""gross_amount_pct_nav"": 0.012026122915040398, ""fee"": 9.603531474988513e-06, ""fee_pct_nav"": 3.607836874512119e-06, ""name"": ""腾讯控股""}]",2025-02-14,2025-02-14,2025-02-17,risk_on
2025-02-21,0.00669954,0.01339907,0.00000000,0.03623227,0.00001087,0.00000000,0.00001087,0.00000000,weekly_portfolio_overlay,"[{""ts_code"": ""01810.HK"", ""side"": ""sell"", ""current_weight"": 0.0880212635377775, ""target_weight"": 0.07462219085677797, ""post_trade_weight"": 0.0746224908184314, ""diff_weight"": -0.013399072680999533, ""gross_amount"": 0.03623226949618716, ""gross_amount_pct_nav"": 0.013399072680999533, ""fee"": 1.0869680848856147e-05, ""fee_pct_nav"": 4.0197218042998595e-06, ""name"": ""小米集团-W""}]",2025-02-21,2025-02-21,2025-02-24,risk_on
2025-03-03,0.06907380,0.13814759,0.22487151,0.14659671,0.00011144,0.00006746,0.00004398,0.00000000,rebalance,"[{""ts_code"": ""00005.HK"", ""side"": ""buy"", ""current_weight"": 0.07580414692497858, ""target_weight"": 0.08904998722111927, ""post_trade_weight"": 0.08905367798649898, ""diff_weight"": 0.01324584029614068, ""gross_amount"": 0.035617042688396494, ""gross_amount_pct_nav"": 0.01324584029614068, ""fee"": 1.0685112806518948e-05, ""fee_pct_nav"": 3.973752088842204e-06, ""name"": ""汇丰控股""}, {""ts_code"": ""00981.HK"", ""side"": ""buy"", ""current_weight"": 0.0, ""target_weight"": 0.04623585416724663, ""post_trade_weight"": 0.04623777045825562, ""diff_weight"": 0.04623585416724663, ""gross_amount"": 0.12432464492940527, ""gross_amount_pct_nav"": 0.04623585416724663, ""fee"": 3.729739347882158e-05, ""fee_pct_nav"": 1.3870756250173989e-05, ""name"": ""中芯国际""}, {""ts_code"": ""01398.HK"", ""side"": ""buy"", ""current_weight"": 0.08721656845344579, ""target_weight"": 0.0983328460615921, ""post_trade_weight"": 0.09833692156429859, ""diff_weight"": 0.011116277608146314, ""gross_amount"": 0.029890812908318964, ""gross_amount_pct_nav"": 0.011116277608146314, ""fee"": 8.967243872495688e-06, ""fee_pct_nav"": 3.3348832824438933e-06, ""name"": ""工商银行""}, {""ts_code"": ""03968.HK"", ""side"": ""buy"", ""current_weight"": 0.051483108492123716, ""target_weight"": 0.06451398076903987, ""post_trade_weight"": 0.06451665461520381, ""diff_weight"": 0.01303087227691616, ""gross_amount"": 0.03503901026869485, ""gross_amount_pct_nav"": 0.01303087227691616, ""fee"": 1.0511703080608456e-05, ""fee_pct_nav"": 3.909261683074848e-06, ""name"": ""招商银行""}, {""ts_code"": ""09992.HK"", ""side"": ""sell"", ""current_weight"": 0.05451874869707357, ""target_weight"": 0.0, ""post_trade_weight"": 0.0, ""diff_weight"": -0.05451874869707357, ""gross_amount"": 0.14659670932522068, ""gross_amount_pct_nav"": 0.05451874869707357, ""fee"": 4.3979012797566196e-05, ""fee_pct_nav"": 1.635562460912207e-05, ""name"": ""泡泡玛特""}]",,,,
2025-03-07,0.00000000,0.00000000,0.00000000,0.00000000,0.00000000,0.00000000,0.00000000,0.00000000,weekly_portfolio_overlay,,2025-03-07,2025-03-07,2025-03-10,risk_on
2025-03-14,0.00000000,0.00000000,0.00000000,0.00000000,0.00000000,0.00000000,0.00000000,0.00000000,weekly_portfolio_overlay,,2025-03-14,2025-03-14,2025-03-17,risk_on
2025-03-21,0.00000000,0.00000000,0.00000000,0.00000000,0.00000000,0.00000000,0.00000000,0.00000000,weekly_portfolio_overlay,,2025-03-21,2025-03-21,2025-03-24,risk_on
2025-03-28,0.00000000,0.00000000,0.00000000,0.00000000,0.00000000,0.00000000,0.00000000,0.00000000,weekly_portfolio_overlay,,2025-03-28,2025-03-28,2025-03-31,risk_on
2025-04-01,0.15629274,0.31258547,0.44951882,0.39670817,0.00025387,0.00013486,0.00011901,0.00000000,rebalance,"[{""ts_code"": ""00941.HK"", ""side"": ""buy"", ""current_weight"": 0.058472193584801345, ""target_weight"": 0.0725692827471484, ""post_trade_weight"": 0.07257608861638346, ""diff_weight"": 0.014097089162347051, ""gross_amount"": 0.03816344121566764, ""gross_amount_pct_nav"": 0.014097089162347051, ""fee"": 1.1449032364700292e-05, ""fee_pct_nav"": 4.229126748704115e-06, ""name"": ""中国移动""}, {""ts_code"": ""01211.HK"", ""side"": ""buy"", ""current_weight"": 0.0, ""target_weight"": 0.057090966884634144, ""post_trade_weight"": 0.05709632112874971, ""diff_weight"": 0.057090966884634144, ""gross_amount"": 0.15455586139490748, ""gross_amount_pct_nav"": 0.057090966884634144, ""fee"": 4.636675841847224e-05, ""fee_pct_nav"": 1.712729006539024e-05, ""name"": ""比亚迪股份""}, {""ts_code"": ""02318.HK"", ""side"": ""sell"", ""current_weight"": 0.04378776314871349, ""target_weight"": 0.0, ""post_trade_weight"": 0.0, ""diff_weight"": -0.04378776314871349, ""gross_amount"": 0.11854161562338321, ""gross_amount_pct_nav"": 0.04378776314871349, ""fee"": 3.556248468701496e-05, ""fee_pct_nav"": 1.3136328944614046e-05, ""name"": ""中国平安""}, {""ts_code"": ""02388.HK"", ""side"": ""buy"", ""current_weight"": 0.0, ""target_weight"": 0.04727243727230018, ""post_trade_weight"": 0.047276870691156186, ""diff_weight"": 0.04727243727230018, ""gross_amount"": 0.12797527632735775, ""gross_amount_pct_nav"": 0.04727243727230018, ""fee"": 3.8392582898207323e-05, ""fee_pct_nav"": 1.4181731181690053e-05, ""name"": ""中银香港""}, {""ts_code"": ""02628.HK"", ""side"": ""sell"", ""current_weight"": 0.04801304649420826, ""target_weight"": 0.0, ""post_trade_weight"": 0.0, ""diff_weight"": -0.04801304649420826, ""gross_amount"": 0.12998024318105145, ""gross_amount_pct_nav"": 0.04801304649420826, ""fee"": 3.899407295431543e-05, ""fee_pct_nav"": 1.4403913948262478e-05, ""name"": ""中国人寿""}, {""ts_code"": ""03328.HK"", ""side"": ""buy"", ""current_weight"": 0.0, ""target_weight"": 0.04758603276097184, ""post_trade_weight"": 0.0475904955902038, ""diff_weight"": 0.04758603276097184, ""gross_amount"": 0.12882423761713843, ""gross_amount_pct_nav"": 0.04758603276097184, ""fee"": 3.8647271285141525e-05, ""fee_pct_nav"": 1.427580982829155e-05, ""name"": ""交通银行""}, {""ts_code"": ""03690.HK"", ""side"": ""sell"", ""current_weight"": 0.05473813445061523, ""target_weight"": 0.0, ""post_trade_weight"": 0.0, ""diff_weight"": -0.05473813445061523, ""gross_amount"": 0.14818630657036758, ""gross_amount_pct_nav"": 0.05473813445061523, ""fee"": 4.445589197111027e-05, ""fee_pct_nav"": 1.642144033518457e-05, ""name"": ""美团-W""}]",,,,
2025-04-03,0.00000000,0.00000000,0.00000000,0.00000000,0.00000000,0.00000000,0.00000000,0.00000000,weekly_portfolio_overlay,,2025-04-03,2025-04-03,2025-04-07,risk_on
2025-04-11,0.00631533,0.01263065,0.03247905,0.00000000,0.00000974,0.00000974,0.00000000,0.00000000,weekly_portfolio_overlay,"[{""ts_code"": ""00700.HK"", ""side"": ""buy"", ""current_weight"": 0.11026497635437195, ""target_weight"": 0.12289562947926906, ""post_trade_weight"": 0.12289609515665356, ""diff_weight"": 0.012630653124897116, ""gross_amount"": 0.03247904574963989, ""gross_amount_pct_nav"": 0.012630653124897116, ""fee"": 9.743713724891965e-06, ""fee_pct_nav"": 3.7891959374691343e-06, ""name"": ""腾讯控股""}]",2025-04-11,2025-04-11,2025-04-14,risk_on
2025-04-17,0.00000000,0.00000000,0.00000000,0.00000000,0.00000000,0.00000000,0.00000000,0.00000000,weekly_portfolio_overlay,,2025-04-17,2025-04-17,2025-04-22,risk_on
2025-04-25,0.00000000,0.00000000,0.00000000,0.00000000,0.00000000,0.00000000,0.00000000,0.00000000,weekly_portfolio_overlay,,2025-04-25,2025-04-25,2025-04-28,risk_on
2025-05-02,0.00986359,0.01972717,0.00000000,0.05297252,0.00001589,0.00000000,0.00001589,0.00000000,rebalance,"[{""ts_code"": ""00005.HK"", ""side"": ""sell"", ""current_weight"": 0.08682264932568586, ""target_weight"": 0.06709547724862373, ""post_trade_weight"": 0.06709587433218131, ""diff_weight"": -0.01972717207706212, ""gross_amount"": 0.05297252031860872, ""gross_amount_pct_nav"": 0.01972717207706212, ""fee"": 1.5891756095582615e-05, ""fee_pct_nav"": 5.918151623118637e-06, ""name"": ""汇丰控股""}]",,,,
2025-05-09,0.00000000,0.00000000,0.00000000,0.00000000,0.00000000,0.00000000,0.00000000,0.00000000,weekly_portfolio_overlay,,2025-05-09,2025-05-09,2025-05-12,risk_on
2025-05-16,0.00000000,0.00000000,0.00000000,0.00000000,0.00000000,0.00000000,0.00000000,0.00000000,weekly_portfolio_overlay,,2025-05-16,2025-05-16,2025-05-19,risk_on
2025-05-23,0.01776808,0.03553615,0.09592982,0.00000000,0.00002878,0.00002878,0.00000000,0.00000000,weekly_portfolio_overlay,"[{""ts_code"": ""01211.HK"", ""side"": ""buy"", ""current_weight"": 0.020935638052195303, ""target_weight"": 0.05647179123809748, ""post_trade_weight"": 0.05647239328158301, ""diff_weight"": 0.035536153185902176, ""gross_amount"": 0.09592982001314138, ""gross_amount_pct_nav"": 0.035536153185902176, ""fee"": 2.877894600394241e-05, ""fee_pct_nav"": 1.066084595577065e-05, ""name"": ""比亚迪股份""}]",2025-05-23,2025-05-23,2025-05-26,risk_on
2025-06-02,0.16647530,0.33295061,0.43418074,0.55151125,0.00029571,0.00013025,0.00016545,0.00000000,rebalance,"[{""ts_code"": ""00700.HK"", ""side"": ""buy"", ""current_weight"": 0.11821417465386327, ""target_weight"": 0.13725839188682537, ""post_trade_weight"": 0.13727210333597667, ""diff_weight"": 0.019044217232962114, ""gross_amount"": 0.056379930737426864, ""gross_amount_pct_nav"": 0.019044217232962114, ""fee"": 1.691397922122806e-05, ""fee_pct_nav"": 5.713265169888634e-06, ""name"": ""腾讯控股""}, {""ts_code"": ""00728.HK"", ""side"": ""buy"", ""current_weight"": 0.0, ""target_weight"": 0.05018541498561483, ""post_trade_weight"": 0.05019042826572289, ""diff_weight"": 0.05018541498561483, ""gross_amount"": 0.14857267097440577, ""gross_amount_pct_nav"": 0.05018541498561483, ""fee"": 4.4571801292321724e-05, ""fee_pct_nav"": 1.5055624495684447e-05, ""name"": ""中国电信""}, {""ts_code"": ""00788.HK"", ""side"": ""buy"", ""current_weight"": 0.0, ""target_weight"": 0.0522542925427934, ""post_trade_weight"": 0.05225951249375805, ""diff_weight"": 0.0522542925427934, ""gross_amount"": 0.1546975314478547, ""gross_amount_pct_nav"": 0.0522542925427934, ""fee"": 4.6409259434356406e-05, ""fee_pct_nav"": 1.567628776283802e-05, ""name"": ""中国铁塔""}, {""ts_code"": ""00981.HK"", ""side"": ""buy"", ""current_weight"": 0.0327625027123021, ""target_weight"": 0.04762809495840366, ""post_trade_weight"": 0.04763285277461596, ""diff_weight"": 0.014865592246101554, ""gross_amount"": 0.0440092155510282, ""gross_amount_pct_nav"": 0.014865592246101554, ""fee"": 1.3202764665308459e-05, ""fee_pct_nav"": 4.459677673830466e-06, ""name"": ""中芯国际""}, {""ts_code"": ""01211.HK"", ""side"": ""sell"", ""current_weight"": 0.1405299434841576, ""target_weight"": 0.0, ""post_trade_weight"": 0.0, ""diff_weight"": -0.1405299434841576, ""gross_amount"": 0.41603539716286736, ""gross_amount_pct_nav"": 0.1405299434841576, ""fee"": 0.00012481061914886019, ""fee_pct_nav"": 4.215898304524727e-05, ""name"": ""比亚迪股份""}, {""ts_code"": ""01398.HK"", ""side"": ""buy"", ""current_weight"": 0.09109296900967416, ""target_weight"": 0.10140259373482248, ""post_trade_weight"": 0.10141272336324585, ""diff_weight"": 0.010309624725148311, ""gross_amount"": 0.030521387191838778, ""gross_amount_pct_nav"": 0.010309624725148311, ""fee"": 9.156416157551633e-06, ""fee_pct_nav"": 3.0928874175444927e-06, ""name"": ""工商银行""}, {""ts_code"": ""02388.HK"", ""side"": ""sell"", ""current_weight"": 0.04576152451030415, ""target_weight"": 0.0, ""post_trade_weight"": 0.0, ""diff_weight"": -0.04576152451030415, ""gross_amount"": 0.1354758534188761, ""gross_amount_pct_nav"": 0.04576152451030415, ""fee"": 4.064275602566283e-05, ""fee_pct_nav"": 1.3728457353091244e-05, ""name"": ""中银香港""}]",,,,
2025-06-06,0.00000000,0.00000000,0.00000000,0.00000000,0.00000000,0.00000000,0.00000000,0.00000000,weekly_portfolio_overlay,,2025-06-06,2025-06-06,2025-06-09,risk_on
2025-06-13,0.00000000,0.00000000,0.00000000,0.00000000,0.00000000,0.00000000,0.00000000,0.00000000,weekly_portfolio_overlay,,2025-06-13,2025-06-13,2025-06-16,risk_on
2025-06-20,0.00000000,0.00000000,0.00000000,0.00000000,0.00000000,0.00000000,0.00000000,0.00000000,weekly_portfolio_overlay,,2025-06-20,2025-06-20,2025-06-23,risk_on
2025-06-27,0.00000000,0.00000000,0.00000000,0.00000000,0.00000000,0.00000000,0.00000000,0.00000000,weekly_portfolio_overlay,,2025-06-27,2025-06-27,2025-06-30,risk_on
2025-07-02,0.10570873,0.21141746,0.35046997,0.32498186,0.00020264,0.00010514,0.00009749,0.00000000,rebalance,"[{""ts_code"": ""00388.HK"", ""side"": ""buy"", ""current_weight"": 0.0, ""target_weight"": 0.049665821818204926, ""post_trade_weight"": 0.04966897208454333, ""diff_weight"": 0.049665821818204926, ""gross_amount"": 0.15867596982304663, ""gross_amount_pct_nav"": 0.049665821818204926, ""fee"": 4.7602790946913985e-05, ""fee_pct_nav"": 1.4899746545461476e-05, ""name"": ""香港交易所""}, {""ts_code"": ""00700.HK"", ""side"": ""buy"", ""current_weight"": 0.12797928695041502, ""target_weight"": 0.13813407193541408, ""post_trade_weight"": 0.13814283367741437, ""diff_weight"": 0.010154784984999039, ""gross_amount"": 0.03244324359993994, ""gross_amount_pct_nav"": 0.010154784984999039, ""fee"": 9.732973079981981e-06, ""fee_pct_nav"": 3.046435495499711e-06, ""name"": ""腾讯控股""}, {""ts_code"": ""00788.HK"", ""side"": ""sell"", ""current_weight"": 0.047087123832584565, ""target_weight"": 0.0, ""post_trade_weight"": 0.0, ""diff_weight"": -0.047087123832584565, ""gross_amount"": 0.15043735846478126, ""gross_amount_pct_nav"": 0.047087123832584565, ""fee"": 4.5131207539434374e-05, ""fee_pct_nav"": 1.4126137149775369e-05, ""name"": ""中国铁塔""}, {""ts_code"": ""01398.HK"", ""side"": ""sell"", ""current_weight"": 0.10581270158101658, ""target_weight"": 0.09535929645345605, ""post_trade_weight"": 0.09536534502308952, ""diff_weight"": -0.010453405127560524, ""gross_amount"": 0.033397296890411654, ""gross_amount_pct_nav"": 0.010453405127560524, ""fee"": 1.0019189067123496e-05, ""fee_pct_nav"": 3.136021538268157e-06, ""name"": ""工商银行""}, {""ts_code"": ""02388.HK"", ""side"": ""buy"", ""current_weight"": 0.0, ""target_weight"": 0.04987703076613919, ""post_trade_weight"": 0.04988019442930492, ""diff_weight"": 0.04987703076613919, ""gross_amount"": 0.15935075548896085, ""gross_amount_pct_nav"": 0.04987703076613919, ""fee"": 4.7805226646688255e-05, ""fee_pct_nav"": 1.4963109229841757e-05, ""name"": ""中银香港""}, {""ts_code"": ""03328.HK"", ""side"": ""sell"", ""current_weight"": 0.04417929096867296, ""target_weight"": 0.0, ""post_trade_weight"": 0.0, ""diff_weight"": -0.04417929096867296, ""gross_amount"": 0.141147203125091, ""gross_amount_pct_nav"": 0.04417929096867296, ""fee"": 4.2344160937527295e-05, ""fee_pct_nav"": 1.3253787290601886e-05, ""name"": ""交通银行""}]",,,,
2025-07-04,0.00000000,0.00000000,0.00000000,0.00000000,0.00000000,0.00000000,0.00000000,0.00000000,weekly_portfolio_overlay,,2025-07-04,2025-07-04,2025-07-07,risk_on
2025-07-11,0.00000000,0.00000000,0.00000000,0.00000000,0.00000000,0.00000000,0.00000000,0.00000000,weekly_portfolio_overlay,,2025-07-11,2025-07-11,2025-07-14,risk_on
2025-07-18,0.00000000,0.00000000,0.00000000,0.00000000,0.00000000,0.00000000,0.00000000,0.00000000,weekly_portfolio_overlay,,2025-07-18,2025-07-18,2025-07-21,risk_on
2025-07-25,0.01656533,0.03313067,0.07313943,0.03556933,0.00003261,0.00002194,0.00001067,0.00000000,weekly_portfolio_overlay,"[{""ts_code"": ""00700.HK"", ""side"": ""sell"", ""current_weight"": 0.14898176139196678, ""target_weight"": 0.13814146064812924, ""post_trade_weight"": 0.1381428336773985, ""diff_weight"": -0.010840300743837536, ""gross_amount"": 0.03556933140625185, ""gross_amount_pct_nav"": 0.010840300743837536, ""fee"": 1.0670799421875552e-05, ""fee_pct_nav"": 3.25209022315126e-06, ""name"": ""腾讯控股""}, {""ts_code"": ""01288.HK"", ""side"": ""buy"", ""current_weight"": 0.07730747329928842, ""target_weight"": 0.08812397111830471, ""post_trade_weight"": 0.08812484700879479, ""diff_weight"": 0.010816497819016283, ""gross_amount"": 0.035491228949372455, ""gross_amount_pct_nav"": 0.010816497819016283, ""fee"": 1.0647368684811736e-05, ""fee_pct_nav"": 3.244949345704885e-06, ""name"": ""农业银行""}, {""ts_code"": ""01810.HK"", ""side"": ""buy"", ""current_weight"": 0.0676944484087924, ""target_weight"": 0.07916831691760327, ""post_trade_weight"": 0.07916910379516932, ""diff_weight"": 0.011473868508810882, ""gross_amount"": 0.03764820194067556, ""gross_amount_pct_nav"": 0.011473868508810882, ""fee"": 1.1294460582202666e-05, ""fee_pct_nav"": 3.4421605526432642e-06, ""name"": ""小米集团-W""}]",2025-07-25,2025-07-25,2025-07-28,risk_on
2025-08-01,0.10891501,0.21783002,0.35691828,0.33144008,0.00020651,0.00010708,0.00009943,0.00000000,rebalance,"[{""ts_code"": ""00700.HK"", ""side"": ""buy"", ""current_weight"": 0.13814376452286942, ""target_weight"": 0.14854138615322754, ""post_trade_weight"": 0.14855109381975565, ""diff_weight"": 0.010397621630358145, ""gross_amount"": 0.03285722305304012, ""gross_amount_pct_nav"": 0.010397621630358145, ""fee"": 9.857166915912035e-06, ""fee_pct_nav"": 3.1192864891074435e-06, ""name"": ""腾讯控股""}, {""ts_code"": ""00728.HK"", ""side"": ""sell"", ""current_weight"": 0.04919242566528036, ""target_weight"": 0.0, ""post_trade_weight"": 0.0, ""diff_weight"": -0.04919242566528036, ""gross_amount"": 0.1554515599880064, ""gross_amount_pct_nav"": 0.04919242566528036, ""fee"": 4.663546799640191e-05, ""fee_pct_nav"": 1.4757727699584105e-05, ""name"": ""中国电信""}, {""ts_code"": ""00981.HK"", ""side"": ""sell"", ""current_weight"": 0.05569131653864105, ""target_weight"": 0.0, ""post_trade_weight"": 0.0, ""diff_weight"": -0.05569131653864105, ""gross_amount"": 0.17598851686282815, ""gross_amount_pct_nav"": 0.05569131653864105, ""fee"": 5.279655505884844e-05, ""fee_pct_nav"": 1.6707394961592316e-05, ""name"": ""中芯国际""}, {""ts_code"": ""01339.HK"", ""side"": ""buy"", ""current_weight"": 0.0, ""target_weight"": 0.04726235897635546, ""post_trade_weight"": 0.04726544772644832, ""diff_weight"": 0.04726235897635546, ""gross_amount"": 0.14935241212902978, ""gross_amount_pct_nav"": 0.04726235897635546, ""fee"": 4.480572363870893e-05, ""fee_pct_nav"": 1.4178707692906637e-05, ""name"": ""中国人民保险集团""}, {""ts_code"": ""02628.HK"", ""side"": ""buy"", ""current_weight"": 0.0, ""target_weight"": 0.055286301829277344, ""post_trade_weight"": 0.055289914970339436, ""diff_weight"": 0.055286301829277344, ""gross_amount"": 0.1747086416068878, ""gross_amount_pct_nav"": 0.055286301829277344, ""fee"": 5.241259248206633e-05, ""fee_pct_nav"": 1.65858905487832e-05, ""name"": ""中国人寿""}]",,,,
2025-08-08,0.00000000,0.00000000,0.00000000,0.00000000,0.00000000,0.00000000,0.00000000,0.00000000,weekly_portfolio_overlay,,2025-08-08,2025-08-08,2025-08-11,risk_on
2025-08-15,0.00607789,0.01215578,0.03953229,0.00000000,0.00001186,0.00001186,0.00000000,0.00000000,weekly_portfolio_overlay,"[{""ts_code"": ""00939.HK"", ""side"": ""buy"", ""current_weight"": 0.0789824172429782, ""target_weight"": 0.09113820217120165, ""post_trade_weight"": 0.09113853452932899, ""diff_weight"": 0.012155784928223449, ""gross_amount"": 0.03953229136293407, ""gross_amount_pct_nav"": 0.012155784928223449, ""fee"": 1.1859687408880219e-05, ""fee_pct_nav"": 3.6467354784670344e-06, ""name"": ""建设银行""}]",2025-08-15,2025-08-15,2025-08-18,risk_on
2025-08-22,0.00705200,0.01410400,0.00000000,0.04675076,0.00001403,0.00000000,0.00001403,0.00000000,weekly_portfolio_overlay,"[{""ts_code"": ""00700.HK"", ""side"": ""sell"", ""current_weight"": 0.16265446476959552, ""target_weight"": 0.14855046527039106, ""post_trade_weight"": 0.1485510938197569, ""diff_weight"": -0.01410399949920446, ""gross_amount"": 0.04675076471039785, ""gross_amount_pct_nav"": 0.01410399949920446, ""fee"": 1.4025229413119354e-05, ""fee_pct_nav"": 4.231199849761338e-06, ""name"": ""腾讯控股""}]",2025-08-22,2025-08-22,2025-08-25,risk_on
2025-09-01,0.18564872,0.37129745,0.62443384,0.58250986,0.00036208,0.00018733,0.00017475,0.00000000,rebalance,"[{""ts_code"": ""00005.HK"", ""side"": ""sell"", ""current_weight"": 0.06536481862119595, ""target_weight"": 0.053951650048490424, ""post_trade_weight"": 0.053957660350944285, ""diff_weight"": -0.011413168572705525, ""gross_amount"": 0.0370997757002878, ""gross_amount_pct_nav"": 0.011413168572705525, ""fee"": 1.112993271008634e-05, ""fee_pct_nav"": 3.4239505718116576e-06, ""name"": ""汇丰控股""}, {""ts_code"": ""00700.HK"", ""side"": ""buy"", ""current_weight"": 0.14913819650030796, ""target_weight"": 0.16101818099025458, ""post_trade_weight"": 0.16103611868015752, ""diff_weight"": 0.01187998448994664, ""gross_amount"": 0.038617212835527104, ""gross_amount_pct_nav"": 0.01187998448994664, ""fee"": 1.158516385065813e-05, ""fee_pct_nav"": 3.563995346983992e-06, ""name"": ""腾讯控股""}, {""ts_code"": ""00941.HK"", ""side"": ""sell"", ""current_weight"": 0.06609225146084408, ""target_weight"": 0.0, ""post_trade_weight"": 0.0, ""diff_weight"": -0.06609225146084408, ""gross_amount"": 0.21484022505268913, ""gross_amount_pct_nav"": 0.06609225146084408, ""fee"": 6.445206751580673e-05, ""fee_pct_nav"": 1.982767543825322e-05, ""name"": ""中国移动""}, {""ts_code"": ""00998.HK"", ""side"": ""sell"", ""current_weight"": 0.04846287136462086, ""target_weight"": 0.0, ""post_trade_weight"": 0.0, ""diff_weight"": -0.04846287136462086, ""gross_amount"": 0.15753396140307094, ""gross_amount_pct_nav"": 0.04846287136462086, ""fee"": 4.726018842092128e-05, ""fee_pct_nav"": 1.4538861409386257e-05, ""name"": ""中信银行""}, {""ts_code"": ""01378.HK"", ""side"": ""buy"", ""current_weight"": 0.0, ""target_weight"": 0.054429582070438194, ""post_trade_weight"": 0.054435645615304507, ""diff_weight"": 0.054429582070438194, ""gross_amount"": 0.17692941915384122, ""gross_amount_pct_nav"": 0.054429582070438194, ""fee"": 5.307882574615236e-05, ""fee_pct_nav"": 1.6328874621131457e-05, ""name"": ""中国宏桥""}, {""ts_code"": ""02359.HK"", ""side"": ""buy"", ""current_weight"": 0.0, ""target_weight"": 0.05645551905570666, ""post_trade_weight"": 0.05646180829328158, ""diff_weight"": 0.05645551905570666, ""gross_amount"": 0.18351495298325698, ""gross_amount_pct_nav"": 0.05645551905570666, ""fee"": 5.505448589497709e-05, ""fee_pct_nav"": 1.6936655716711995e-05, ""name"": ""药明康德""}, {""ts_code"": ""02388.HK"", ""side"": ""sell"", ""current_weight"": 0.053231801633545704, ""target_weight"": 0.0, ""post_trade_weight"": 0.0, ""diff_weight"": -0.053231801633545704, ""gross_amount"": 0.1730359004290608, ""gross_amount_pct_nav"": 0.053231801633545704, ""fee"": 5.191077012871824e-05, ""fee_pct_nav"": 1.5969540490063708e-05, ""name"": ""中银香港""}, {""ts_code"": ""02628.HK"", ""side"": ""buy"", ""current_weight"": 0.057410369843450625, ""target_weight"": 0.07062796804438982, ""post_trade_weight"": 0.07063583611606634, ""diff_weight"": 0.013217598200939196, ""gross_amount"": 0.04296527519308585, ""gross_amount_pct_nav"": 0.013217598200939196, ""fee"": 1.2889582557925754e-05, ""fee_pct_nav"": 3.965279460281758e-06, ""name"": ""中国人寿""}, {""ts_code"": ""09992.HK"", ""side"": ""buy"", ""current_weight"": 0.0, ""target_weight"": 0.056114669752314765, ""post_trade_weight"": 0.0561209210187173, ""diff_weight"": 0.056114669752314765, ""gross_amount"": 0.18240698435711403, ""gross_amount_pct_nav"": 0.056114669752314765, ""fee"": 5.47220953071342e-05, ""fee_pct_nav"": 1.6834400925694426e-05, ""name"": ""泡泡玛特""}]",,,,
2025-09-05,0.00000000,0.00000000,0.00000000,0.00000000,0.00000000,0.00000000,0.00000000,0.00000000,weekly_portfolio_overlay,,2025-09-05,2025-09-05,2025-09-08,risk_on
2025-09-12,0.00000000,0.00000000,0.00000000,0.00000000,0.00000000,0.00000000,0.00000000,0.00000000,weekly_portfolio_overlay,,2025-09-12,2025-09-12,2025-09-15,risk_on
2025-09-19,0.00506710,0.01013420,0.00000000,0.03283256,0.00000985,0.00000000,0.00000985,0.00000000,weekly_portfolio_overlay,"[{""ts_code"": ""00700.HK"", ""side"": ""sell"", ""current_weight"": 0.17116982677313586, ""target_weight"": 0.16103562908860036, ""post_trade_weight"": 0.16103611868015869, ""diff_weight"": -0.010134197684535495, ""gross_amount"": 0.03283256280012525, ""gross_amount_pct_nav"": 0.010134197684535495, ""fee"": 9.849768840037576e-06, ""fee_pct_nav"": 3.0402593053606484e-06, ""name"": ""腾讯控股""}]",2025-09-19,2025-09-19,2025-09-22,risk_on
2025-09-26,0.00000000,0.00000000,0.00000000,0.00000000,0.00000000,0.00000000,0.00000000,0.00000000,weekly_portfolio_overlay,,2025-09-26,2025-09-26,2025-09-29,risk_on
2025-10-02,0.19221971,0.38443942,0.62630155,0.64034684,0.00037999,0.00018789,0.00019210,0.00000000,rebalance,"[{""ts_code"": ""00005.HK"", ""side"": ""buy"", ""current_weight"": 0.05897682349741169, ""target_weight"": 0.07696402938008144, ""post_trade_weight"": 0.07697290680587329, ""diff_weight"": 0.01798720588266975, ""gross_amount"": 0.05926412437231665, ""gross_amount_pct_nav"": 0.01798720588266975, ""fee"": 1.7779237311694994e-05, ""fee_pct_nav"": 5.396161764800925e-06, ""name"": ""汇丰控股""}, {""ts_code"": ""00700.HK"", ""side"": ""buy"", ""current_weight"": 0.1671163690503854, ""target_weight"": 0.17997924027155987, ""post_trade_weight"": 0.17999999999999997, ""diff_weight"": 0.012862871221174467, ""gross_amount"": 0.04238050116339864, ""gross_amount_pct_nav"": 0.012862871221174467, ""fee"": 1.2714150349019591e-05, ""fee_pct_nav"": 3.85886136635234e-06, ""name"": ""腾讯控股""}, {""ts_code"": ""00939.HK"", ""side"": ""sell"", ""current_weight"": 0.08634130580835268, ""target_weight"": 0.07118650876170186, ""post_trade_weight"": 0.07119471977864059, ""diff_weight"": -0.015154797046650825, ""gross_amount"": 0.04993192288276771, ""gross_amount_pct_nav"": 0.015154797046650825, ""fee"": 1.4979576864830311e-05, ""fee_pct_nav"": 4.546439113995247e-06, ""name"": ""建设银行""}, {""ts_code"": ""00981.HK"", ""side"": ""buy"", ""current_weight"": 0.0, ""target_weight"": 0.06017266492235528, ""post_trade_weight"": 0.06017960554607065, ""diff_weight"": 0.06017266492235528, ""gross_amount"": 0.19825648969793766, ""gross_amount_pct_nav"": 0.06017266492235528, ""fee"": 5.947694690938129e-05, ""fee_pct_nav"": 1.805179947670658e-05, ""name"": ""中芯国际""}, {""ts_code"": ""02359.HK"", ""side"": ""sell"", ""current_weight"": 0.05868751127756921, ""target_weight"": 0.0, ""post_trade_weight"": 0.0, ""diff_weight"": -0.05868751127756921, ""gross_amount"": 0.1933632155067859, ""gross_amount_pct_nav"": 0.05868751127756921, ""fee"": 5.8008964652035766e-05, ""fee_pct_nav"": 1.7606253383270763e-05, ""name"": ""药明康德""}, {""ts_code"": ""02611.HK"", ""side"": ""buy"", ""current_weight"": 0.0, ""target_weight"": 0.04877791805090793, ""post_trade_weight"": 0.048783544346091084, ""diff_weight"": 0.04877791805090793, ""gross_amount"": 0.1607131547194262, ""gross_amount_pct_nav"": 0.04877791805090793, ""fee"": 4.8213946415827856e-05, ""fee_pct_nav"": 1.4633375415272376e-05, ""name"": ""国泰海通""}, {""ts_code"": ""03968.HK"", ""side"": ""sell"", ""current_weight"": 0.05634475664294004, ""target_weight"": 0.0, ""post_trade_weight"": 0.0, ""diff_weight"": -0.05634475664294004, ""gross_amount"": 0.18564432337055617, ""gross_amount_pct_nav"": 0.05634475664294004, ""fee"": 5.5693297011166845e-05, ""fee_pct_nav"": 1.6903426992882008e-05, ""name"": ""招商银行""}, {""ts_code"": ""03988.HK"", ""side"": ""sell"", ""current_weight"": 0.06416408065309108, ""target_weight"": 0.0, ""post_trade_weight"": 0.0, ""diff_weight"": -0.06416408065309108, ""gross_amount"": 0.21140737927083436, ""gross_amount_pct_nav"": 0.06416408065309108, ""fee"": 6.34222137812503e-05, ""fee_pct_nav"": 1.9249224195927324e-05, ""name"": ""中国银行""}, {""ts_code"": ""09633.HK"", ""side"": ""buy"", ""current_weight"": 0.0, ""target_weight"": 0.05028760985970551, ""post_trade_weight"": 0.050293410290483044, ""diff_weight"": 0.05028760985970551, ""gross_amount"": 0.16568727708751735, ""gross_amount_pct_nav"": 0.05028760985970551, ""fee"": 4.97061831262552e-05, ""fee_pct_nav"": 1.5086282957911655e-05, ""name"": ""农夫山泉""}]",,,,
2025-10-03,0.00000000,0.00000000,0.00000000,0.00000000,0.00000000,0.00000000,0.00000000,0.00000000,weekly_portfolio_overlay,,2025-10-03,2025-10-03,2025-10-06,risk_on
2025-10-10,0.00000000,0.00000000,0.00000000,0.00000000,0.00000000,0.00000000,0.00000000,0.00000000,weekly_portfolio_overlay,,2025-10-10,2025-10-10,2025-10-13,risk_on
2025-10-17,0.01039157,0.02078313,0.03417209,0.03246540,0.00001999,0.00001025,0.00000974,0.00000000,weekly_portfolio_overlay,"[{""ts_code"": ""00981.HK"", ""side"": ""buy"", ""current_weight"": 0.049521519388111244, ""target_weight"": 0.060179230329841196, ""post_trade_weight"": 0.06017960554607067, ""diff_weight"": 0.010657710941729955, ""gross_amount"": 0.03417208979227579, ""gross_amount_pct_nav"": 0.010657710941729955, ""fee"": 1.0251626937682737e-05, ""fee_pct_nav"": 3.1973132825189864e-06, ""name"": ""中芯国际""}, {""ts_code"": ""01398.HK"", ""side"": ""sell"", ""current_weight"": 0.09116322672709641, ""target_weight"": 0.08103780435376208, ""post_trade_weight"": 0.08103830962275983, ""diff_weight"": -0.010125422373334332, ""gross_amount"": 0.03246539941062948, ""gross_amount_pct_nav"": 0.010125422373334332, ""fee"": 9.739619823188844e-06, ""fee_pct_nav"": 3.0376267120002997e-06, ""name"": ""工商银行""}]",2025-10-17,2025-10-17,2025-10-20,risk_on
2025-10-24,0.02281891,0.04563783,0.07490978,0.07656816,0.00004544,0.00002247,0.00002297,0.00000000,weekly_portfolio_overlay,"[{""ts_code"": ""01288.HK"", ""side"": ""sell"", ""current_weight"": 0.10094270927369522, ""target_weight"": 0.08918078122097156, ""post_trade_weight"": 0.08918200224284409, ""diff_weight"": -0.011761928052723657, ""gross_amount"": 0.039039381379909366, ""gross_amount_pct_nav"": 0.011761928052723657, ""fee"": 1.1711814413972808e-05, ""fee_pct_nav"": 3.5285784158170964e-06, ""name"": ""农业银行""}, {""ts_code"": ""01378.HK"", ""side"": ""sell"", ""current_weight"": 0.059362495430999085, ""target_weight"": 0.048055687880920496, ""post_trade_weight"": 0.048056345837098925, ""diff_weight"": -0.011306807550078587, ""gross_amount"": 0.037528776758206844, ""gross_amount_pct_nav"": 0.011306807550078587, ""fee"": 1.1258633027462053e-05, ""fee_pct_nav"": 3.392042265023576e-06, ""name"": ""中国宏桥""}, {""ts_code"": ""01810.HK"", ""side"": ""buy"", ""current_weight"": 0.06310714262277758, ""target_weight"": 0.07449834784454533, ""post_trade_weight"": 0.07449936784135339, ""diff_weight"": 0.011391205221767746, ""gross_amount"": 0.037808903696399304, ""gross_amount_pct_nav"": 0.011391205221767746, ""fee"": 1.134267110891979e-05, ""fee_pct_nav"": 3.4173615665303237e-06, ""name"": ""小米集团-W""}, {""ts_code"": ""09992.HK"", ""side"": ""buy"", ""current_weight"": 0.041591399785868934, ""target_weight"": 0.052769287290436825, ""post_trade_weight"": 0.05277000978303104, ""diff_weight"": 0.011177887504567887, ""gross_amount"": 0.03710087422372041, ""gross_amount_pct_nav"": 0.011177887504567887, ""fee"": 1.1130262267116121e-05, ""fee_pct_nav"": 3.353366251370365e-06, ""name"": ""泡泡玛特""}]",2025-10-24,2025-10-24,2025-10-27,risk_on
2025-11-03,0.20155160,0.40310319,0.68237196,0.63224976,0.00039439,0.00020471,0.00018967,0.00000000,rebalance,"[{""ts_code"": ""00388.HK"", ""side"": ""sell"", ""current_weight"": 0.04995817583635627, ""target_weight"": 0.0, ""post_trade_weight"": 0.0, ""diff_weight"": -0.04995817583635627, ""gross_amount"": 0.16292627872252674, ""gross_amount_pct_nav"": 0.04995817583635627, ""fee"": 4.8877883616758016e-05, ""fee_pct_nav"": 1.4987452750906878e-05, ""name"": ""香港交易所""}, {""ts_code"": ""00700.HK"", ""side"": ""buy"", ""current_weight"": 0.1687943313284492, ""target_weight"": 0.17997823242761374, ""post_trade_weight"": 0.17999999999999997, ""diff_weight"": 0.01118390109916454, ""gross_amount"": 0.03647353725757163, ""gross_amount_pct_nav"": 0.01118390109916454, ""fee"": 1.0942061177271488e-05, ""fee_pct_nav"": 3.355170329749362e-06, ""name"": ""腾讯控股""}, {""ts_code"": ""01336.HK"", ""side"": ""buy"", ""current_weight"": 0.0, ""target_weight"": 0.0525859202899203, ""post_trade_weight"": 0.052592280324747664, ""diff_weight"": 0.0525859202899203, ""gross_amount"": 0.17149601967254324, ""gross_amount_pct_nav"": 0.0525859202899203, ""fee"": 5.1448805901762966e-05, ""fee_pct_nav"": 1.5775776086976087e-05, ""name"": ""新华保险""}, {""ts_code"": ""01378.HK"", ""side"": ""buy"", ""current_weight"": 0.05198454190010918, ""target_weight"": 0.06284977628049981, ""post_trade_weight"": 0.06285737768338166, ""diff_weight"": 0.010865234380390639, ""gross_amount"": 0.035434284286994466, ""gross_amount_pct_nav"": 0.010865234380390639, ""fee"": 1.0630285286098339e-05, ""fee_pct_nav"": 3.2595703141171914e-06, ""name"": ""中国宏桥""}, {""ts_code"": ""01530.HK"", ""side"": ""buy"", ""current_weight"": 0.0, ""target_weight"": 0.0551284413187024, ""post_trade_weight"": 0.05513510886021983, ""diff_weight"": 0.0551284413187024, ""gross_amount"": 0.17978782542522204, ""gross_amount_pct_nav"": 0.0551284413187024, ""fee"": 5.3936347627566605e-05, ""fee_pct_nav"": 1.6538532395610718e-05, ""name"": ""三生制药""}, {""ts_code"": ""01810.HK"", ""side"": ""sell"", ""current_weight"": 0.07403256575678346, ""target_weight"": 0.053279846751482236, ""post_trade_weight"": 0.05328629071365059, ""diff_weight"": -0.02075271900530123, ""gross_amount"": 0.06767987870460632, ""gross_amount_pct_nav"": 0.02075271900530123, ""fee"": 2.0303963611381893e-05, ""fee_pct_nav"": 6.225815701590368e-06, ""name"": ""小米集团-W""}, {""ts_code"": ""02611.HK"", ""side"": ""sell"", ""current_weight"": 0.04676967353029939, ""target_weight"": 0.0, ""post_trade_weight"": 0.0, ""diff_weight"": -0.04676967353029939, ""gross_amount"": 0.15252776423061068, ""gross_amount_pct_nav"": 0.04676967353029939, ""fee"": 4.57583292691832e-05, ""fee_pct_nav"": 1.4030902059089817e-05, ""name"": ""国泰海通""}, {""ts_code"": ""02628.HK"", ""side"": ""sell"", ""current_weight"": 0.07401562946042985, ""target_weight"": 0.04977019357182585, ""post_trade_weight"": 0.04977621305694157, ""diff_weight"": -0.024245435888604006, ""gross_amount"": 0.07907051406911339, ""gross_amount_pct_nav"": 0.024245435888604006, ""fee"": 2.3721154220734015e-05, ""fee_pct_nav"": 7.2736307665812e-06, ""name"": ""中国人寿""}, {""ts_code"": ""03993.HK"", ""side"": ""buy"", ""current_weight"": 0.0, ""target_weight"": 0.057663387493621474, ""post_trade_weight"": 0.05767036162568385, ""diff_weight"": 0.057663387493621474, ""gross_amount"": 0.18805492765878493, ""gross_amount_pct_nav"": 0.057663387493621474, ""fee"": 5.6416478297635476e-05, ""fee_pct_nav"": 1.7299016248086442e-05, ""name"": ""洛阳钼业""}, {""ts_code"": ""09633.HK"", ""side"": ""buy"", ""current_weight"": 0.049069069522721345, ""target_weight"": 0.07087828069903336, ""post_trade_weight"": 0.07088685311406888, ""diff_weight"": 0.02180921117631202, ""gross_amount"": 0.07112536755684351, ""gross_amount_pct_nav"": 0.02180921117631202, ""fee"": 2.133761026705305e-05, ""fee_pct_nav"": 6.542763352893605e-06, ""name"": ""农夫山泉""}, {""ts_code"": ""09992.HK"", ""side"": ""sell"", ""current_weight"": 0.05214109231895157, ""target_weight"": 0.0, ""post_trade_weight"": 0.0, ""diff_weight"": -0.05214109231895157, ""gross_amount"": 0.17004532286930077, ""gross_amount_pct_nav"": 0.05214109231895157, ""fee"": 5.1013596860790224e-05, ""fee_pct_nav"": 1.5642327695685468e-05, ""name"": ""泡泡玛特""}]",,,,
2025-11-07,0.00000000,0.00000000,0.00000000,0.00000000,0.00000000,0.00000000,0.00000000,0.00000000,weekly_portfolio_overlay,,2025-11-07,2025-11-07,2025-11-10,risk_on
2025-11-14,0.00000000,0.00000000,0.00000000,0.00000000,0.00000000,0.00000000,0.00000000,0.00000000,weekly_portfolio_overlay,,2025-11-14,2025-11-14,2025-11-17,risk_on
2025-11-21,0.00558852,0.01117703,0.00000000,0.03579870,0.00001074,0.00000000,0.00001074,0.00000000,weekly_portfolio_overlay,"[{""ts_code"": ""00939.HK"", ""side"": ""sell"", ""current_weight"": 0.08124499933233609, ""target_weight"": 0.07006796537086628, ""post_trade_weight"": 0.07006820031726264, ""diff_weight"": -0.011177033961469816, ""gross_amount"": 0.03579869778674488, ""gross_amount_pct_nav"": 0.011177033961469816, ""fee"": 1.0739609336023463e-05, ""fee_pct_nav"": 3.3531101884409444e-06, ""name"": ""建设银行""}]",2025-11-21,2025-11-21,2025-11-24,risk_on
2025-12-01,0.20673668,0.41347336,0.67081727,0.67261796,0.00040303,0.00020125,0.00020179,0.00000000,rebalance,"[{""ts_code"": ""00005.HK"", ""side"": ""sell"", ""current_weight"": 0.07783398772540953, ""target_weight"": 0.05824233656900379, ""post_trade_weight"": 0.058249561961622225, ""diff_weight"": -0.019591651156405744, ""gross_amount"": 0.06365613095314371, ""gross_amount_pct_nav"": 0.019591651156405744, ""fee"": 1.909683928594311e-05, ""fee_pct_nav"": 5.8774953469217225e-06, ""name"": ""汇丰控股""}, {""ts_code"": ""00700.HK"", ""side"": ""sell"", ""current_weight"": 0.17820382271725893, ""target_weight"": 0.16763122108287673, ""post_trade_weight"": 0.16765201697567195, ""diff_weight"": -0.010572601634382206, ""gross_amount"": 0.03435192413241828, ""gross_amount_pct_nav"": 0.010572601634382206, ""fee"": 1.0305577239725481e-05, ""fee_pct_nav"": 3.1717804903146613e-06, ""name"": ""腾讯控股""}, {""ts_code"": ""00857.HK"", ""side"": ""buy"", ""current_weight"": 0.0, ""target_weight"": 0.08272559084571143, ""post_trade_weight"": 0.08273585356710388, ""diff_weight"": 0.08272559084571143, ""gross_amount"": 0.26878750555585557, ""gross_amount_pct_nav"": 0.08272559084571143, ""fee"": 8.063625166675667e-05, ""fee_pct_nav"": 2.4817677253713427e-05, ""name"": ""中国石油股份""}, {""ts_code"": ""01288.HK"", ""side"": ""buy"", ""current_weight"": 0.08809504337841545, ""target_weight"": 0.10428585227940557, ""post_trade_weight"": 0.10429878971069105, ""diff_weight"": 0.01619080890099012, ""gross_amount"": 0.05260629864276495, ""gross_amount_pct_nav"": 0.01619080890099012, ""fee"": 1.578188959282948e-05, ""fee_pct_nav"": 4.857242670297035e-06, ""name"": ""农业银行""}, {""ts_code"": ""01339.HK"", ""side"": ""sell"", ""current_weight"": 0.05126166191058671, ""target_weight"": 0.0, ""post_trade_weight"": 0.0, ""diff_weight"": -0.05126166191058671, ""gross_amount"": 0.16655661319230705, ""gross_amount_pct_nav"": 0.05126166191058671, ""fee"": 4.996698395769211e-05, ""fee_pct_nav"": 1.537849857317601e-05, ""name"": ""中国人民保险集团""}, {""ts_code"": ""01530.HK"", ""side"": ""sell"", ""current_weight"": 0.055159759045292675, ""target_weight"": 0.0, ""post_trade_weight"": 0.0, ""diff_weight"": -0.055159759045292675, ""gross_amount"": 0.1792220991022981, ""gross_amount_pct_nav"": 0.055159759045292675, ""fee"": 5.376662973068943e-05, ""fee_pct_nav"": 1.65479277135878e-05, ""name"": ""三生制药""}, {""ts_code"": ""01810.HK"", ""side"": ""sell"", ""current_weight"": 0.04819273624891324, ""target_weight"": 0.0, ""post_trade_weight"": 0.0, ""diff_weight"": -0.04819273624891324, ""gross_amount"": 0.15658522628645782, ""gross_amount_pct_nav"": 0.04819273624891324, ""fee"": 4.697556788593734e-05, ""fee_pct_nav"": 1.4457820874673969e-05, ""name"": ""小米集团-W""}, {""ts_code"": ""02400.HK"", ""side"": ""buy"", ""current_weight"": 0.0, ""target_weight"": 0.04447996026624118, ""post_trade_weight"": 0.04448547833429114, ""diff_weight"": 0.04447996026624118, ""gross_amount"": 0.14452187581814446, ""gross_amount_pct_nav"": 0.04447996026624118, ""fee"": 4.335656274544333e-05, ""fee_pct_nav"": 1.3343988079872351e-05, ""name"": ""心动公司""}, {""ts_code"": ""02628.HK"", ""side"": ""buy"", ""current_weight"": 0.05511787978612456, ""target_weight"": 0.07271397882301293, ""post_trade_weight"": 0.07272299952988694, ""diff_weight"": 0.01759609903688838, ""gross_amount"": 0.05717229117722533, ""gross_amount_pct_nav"": 0.01759609903688838, ""fee"": 1.7151687353167597e-05, ""fee_pct_nav"": 5.278829711066513e-06, ""name"": ""中国人寿""}, {""ts_code"": ""09633.HK"", ""side"": ""sell"", ""current_weight"": 0.06711598948455828, ""target_weight"": 0.04488061690239925, ""post_trade_weight"": 0.044886184674868226, ""diff_weight"": -0.02223537258215904, ""gross_amount"": 0.07224596730424468, ""gross_amount_pct_nav"": 0.02223537258215904, ""fee"": 2.16737901912734e-05, ""fee_pct_nav"": 6.670611774647711e-06, ""name"": ""农夫山泉""}, {""ts_code"": ""09995.HK"", ""side"": ""buy"", ""current_weight"": 0.0, ""target_weight"": 0.04546711766309525, ""post_trade_weight"": 0.045472758195321414, ""diff_weight"": 0.04546711766309525, ""gross_amount"": 0.1477292941221888, ""gross_amount_pct_nav"": 0.04546711766309525, ""fee"": 4.4318788236656635e-05, ""fee_pct_nav"": 1.3640135298928573e-05, ""name"": ""荣昌生物""}]",,,,
2025-12-05,0.00650941,0.01301882,0.00000000,0.04170178,0.00001251,0.00000000,0.00001251,0.00000000,weekly_portfolio_overlay,"[{""ts_code"": ""03993.HK"", ""side"": ""sell"", ""current_weight"": 0.06910077507001687, ""target_weight"": 0.05608195783733207, ""post_trade_weight"": 0.0560821768744153, ""diff_weight"": -0.013018817232684795, ""gross_amount"": 0.041701776337011554, ""gross_amount_pct_nav"": 0.013018817232684795, ""fee"": 1.2510532901103466e-05, ""fee_pct_nav"": 3.905645169805439e-06, ""name"": ""洛阳钼业""}]",2025-12-05,2025-12-05,2025-12-08,risk_on
2025-12-12,0.00000000,0.00000000,0.00000000,0.00000000,0.00000000,0.00000000,0.00000000,0.00000000,weekly_portfolio_overlay,,2025-12-12,2025-12-12,2025-12-15,risk_on
2025-12-19,0.00513217,0.01026433,0.00000000,0.03292033,0.00000988,0.00000000,0.00000988,0.00000000,weekly_portfolio_overlay,"[{""ts_code"": ""01336.HK"", ""side"": ""sell"", ""current_weight"": 0.060204543003862035, ""target_weight"": 0.04994020880726612, ""post_trade_weight"": 0.04994036258863758, ""diff_weight"": -0.010264334196595911, ""gross_amount"": 0.03292033241904263, ""gross_amount_pct_nav"": 0.010264334196595911, ""fee"": 9.876099725712788e-06, ""fee_pct_nav"": 3.079300258978773e-06, ""name"": ""新华保险""}]",2025-12-19,2025-12-19,2025-12-22,risk_on
2025-12-24,0.00000000,0.00000000,0.00000000,0.00000000,0.00000000,0.00000000,0.00000000,0.00000000,weekly_portfolio_overlay,,2025-12-24,2025-12-24,2025-12-29,risk_on
2026-01-02,0.21781321,0.43562642,0.75660270,0.68739424,0.00043320,0.00022698,0.00020622,0.00000000,rebalance,"[{""ts_code"": ""00358.HK"", ""side"": ""buy"", ""current_weight"": 0.0, ""target_weight"": 0.0453150920670966, ""post_trade_weight"": 0.04532101497653829, ""diff_weight"": 0.0453150920670966, ""gross_amount"": 0.1502086448326383, ""gross_amount_pct_nav"": 0.0453150920670966, ""fee"": 4.506259344979148e-05, ""fee_pct_nav"": 1.3594527620128978e-05, ""name"": ""江西铜业股份""}, {""ts_code"": ""00857.HK"", ""side"": ""buy"", ""current_weight"": 0.07868683814008148, ""target_weight"": 0.09058788801095072, ""post_trade_weight"": 0.090599728301519, ""diff_weight"": 0.011901049870869245, ""gross_amount"": 0.039449121509937846, ""gross_amount_pct_nav"": 0.011901049870869245, ""fee"": 1.1834736452981352e-05, ""fee_pct_nav"": 3.570314961260773e-06, ""name"": ""中国石油股份""}, {""ts_code"": ""01288.HK"", ""side"": ""sell"", ""current_weight"": 0.10169824805888579, ""target_weight"": 0.07807797245588638, ""post_trade_weight"": 0.07808817763785007, ""diff_weight"": -0.023620275602999414, ""gross_amount"": 0.07829553967686098, ""gross_amount_pct_nav"": 0.023620275602999414, ""fee"": 2.3488661903058292e-05, ""fee_pct_nav"": 7.086082680899823e-06, ""name"": ""农业银行""}, {""ts_code"": ""01336.HK"", ""side"": ""sell"", ""current_weight"": 0.04946473557895959, ""target_weight"": 0.0, ""post_trade_weight"": 0.0, ""diff_weight"": -0.04946473557895959, ""gross_amount"": 0.16396371626739498, ""gross_amount_pct_nav"": 0.04946473557895959, ""fee"": 4.918911488021849e-05, ""fee_pct_nav"": 1.4839420673687875e-05, ""name"": ""新华保险""}, {""ts_code"": ""01378.HK"", ""side"": ""sell"", ""current_weight"": 0.06915305014648207, ""target_weight"": 0.05375791837224606, ""post_trade_weight"": 0.053764944801362013, ""diff_weight"": -0.01539513177423601, ""gross_amount"": 0.05103116368833288, ""gross_amount_pct_nav"": 0.01539513177423601, ""fee"": 1.530934910649986e-05, ""fee_pct_nav"": 4.618539532270802e-06, ""name"": ""中国宏桥""}, {""ts_code"": ""02388.HK"", ""side"": ""buy"", ""current_weight"": 0.0, ""target_weight"": 0.050856630140250686, ""post_trade_weight"": 0.05086327735646695, ""diff_weight"": 0.050856630140250686, ""gross_amount"": 0.168577512383971, ""gross_amount_pct_nav"": 0.050856630140250686, ""fee"": 5.05732537151913e-05, ""fee_pct_nav"": 1.5256989042075204e-05, ""name"": ""中银香港""}, {""ts_code"": ""02400.HK"", ""side"": ""sell"", ""current_weight"": 0.03871564738302461, ""target_weight"": 0.0, ""post_trade_weight"": 0.0, ""diff_weight"": -0.03871564738302461, ""gross_amount"": 0.12833307099126476, ""gross_amount_pct_nav"": 0.03871564738302461, ""fee"": 3.849992129737942e-05, ""fee_pct_nav"": 1.1614694214907383e-05, ""name"": ""心动公司""}, {""ts_code"": ""02600.HK"", ""side"": ""buy"", ""current_weight"": 0.0, ""target_weight"": 0.04934061929802947, ""post_trade_weight"": 0.04934706836403746, ""diff_weight"": 0.04934061929802947, ""gross_amount"": 0.1635523006107176, ""gross_amount_pct_nav"": 0.04934061929802947, ""fee"": 4.906569018321527e-05, ""fee_pct_nav"": 1.4802185789408838e-05, ""name"": ""中国铝业""}, {""ts_code"": ""02899.HK"", ""side"": ""buy"", ""current_weight"": 0.0, ""target_weight"": 0.07083925706040764, ""post_trade_weight"": 0.07084851610602237, ""diff_weight"": 0.07083925706040764, ""gross_amount"": 0.2348151204953846, ""gross_amount_pct_nav"": 0.07083925706040764, ""fee"": 7.044453614861538e-05, ""fee_pct_nav"": 2.125177711812229e-05, ""name"": ""紫金矿业""}, {""ts_code"": ""09633.HK"", ""side"": ""sell"", ""current_weight"": 0.04304711713407883, ""target_weight"": 0.0, ""post_trade_weight"": 0.0, ""diff_weight"": -0.04304711713407883, ""gross_amount"": 0.14269085273153045, ""gross_amount_pct_nav"": 0.04304711713407883, ""fee"": 4.2807255819459134e-05, ""fee_pct_nav"": 1.2914135140223648e-05, ""name"": ""农夫山泉""}, {""ts_code"": ""09995.HK"", ""side"": ""sell"", ""current_weight"": 0.03713086336808512, ""target_weight"": 0.0, ""post_trade_weight"": 0.0, ""diff_weight"": -0.03713086336808512, ""gross_amount"": 0.12307989267080546, ""gross_amount_pct_nav"": 0.03713086336808512, ""fee"": 3.692396780124164e-05, ""fee_pct_nav"": 1.1139259010425535e-05, ""name"": ""荣昌生物""}]",,,,
2026-01-09,0.00684965,0.01369931,0.00000000,0.04608710,0.00001383,0.00000000,0.00001383,0.00000000,weekly_portfolio_overlay,"[{""ts_code"": ""02628.HK"", ""side"": ""sell"", ""current_weight"": 0.08255341416859042, ""target_weight"": 0.06885410485083655, ""post_trade_weight"": 0.06885438782810356, ""diff_weight"": -0.013699309317753875, ""gross_amount"": 0.04608709866965144, ""gross_amount_pct_nav"": 0.013699309317753875, ""fee"": 1.3826129600895431e-05, ""fee_pct_nav"": 4.109792795326162e-06, ""name"": ""中国人寿""}]",2026-01-09,2026-01-09,2026-01-12,risk_on
2026-01-16,0.00562853,0.01125707,0.03786928,0.00000000,0.00001136,0.00001136,0.00000000,0.00000000,weekly_portfolio_overlay,"[{""ts_code"": ""00700.HK"", ""side"": ""buy"", ""current_weight"": 0.15942295557287817, ""target_weight"": 0.17068002451329878, ""post_trade_weight"": 0.17068060092228618, ""diff_weight"": 0.011257068940420613, ""gross_amount"": 0.03786928466529893, ""gross_amount_pct_nav"": 0.011257068940420613, ""fee"": 1.1360785399589679e-05, ""fee_pct_nav"": 3.377120682126184e-06, ""name"": ""腾讯控股""}]",2026-01-16,2026-01-16,2026-01-19,risk_on
2026-01-23,0.00000000,0.00000000,0.00000000,0.00000000,0.00000000,0.00000000,0.00000000,0.00000000,weekly_portfolio_overlay,,2026-01-23,2026-01-23,2026-01-26,risk_on
2026-02-02,0.13159196,0.26318391,0.45443825,0.43435231,0.00026664,0.00013633,0.00013031,0.00000000,rebalance,"[{""ts_code"": ""00358.HK"", ""side"": ""sell"", ""current_weight"": 0.04415312817441814, ""target_weight"": 0.0, ""post_trade_weight"": 0.0, ""diff_weight"": -0.04415312817441814, ""gross_amount"": 0.14910821520016473, ""gross_amount_pct_nav"": 0.04415312817441814, ""fee"": 4.473246456004942e-05, ""fee_pct_nav"": 1.3245938452325442e-05, ""name"": ""江西铜业股份""}, {""ts_code"": ""00857.HK"", ""side"": ""sell"", ""current_weight"": 0.09340401449899745, ""target_weight"": 0.08024179626595844, ""post_trade_weight"": 0.08024813227118752, ""diff_weight"": -0.013162218233039008, ""gross_amount"": 0.04444973549893616, ""gross_amount_pct_nav"": 0.013162218233039008, ""fee"": 1.3334920649680847e-05, ""fee_pct_nav"": 3.948665469911702e-06, ""name"": ""中国石油股份""}, {""ts_code"": ""01288.HK"", ""side"": ""buy"", ""current_weight"": 0.07151066873930811, ""target_weight"": 0.08605086259952624, ""post_trade_weight"": 0.08605765729681329, ""diff_weight"": 0.014540193860218128, ""gross_amount"": 0.04910325598215873, ""gross_amount_pct_nav"": 0.014540193860218128, ""fee"": 1.4730976794647616e-05, ""fee_pct_nav"": 4.362058158065438e-06, ""name"": ""农业银行""}, {""ts_code"": ""01299.HK"", ""side"": ""buy"", ""current_weight"": 0.0, ""target_weight"": 0.05450190452565865, ""post_trade_weight"": 0.05450620807278918, ""diff_weight"": 0.05450190452565865, ""gross_amount"": 0.184056759845597, ""gross_amount_pct_nav"": 0.05450190452565865, ""fee"": 5.5217027953679095e-05, ""fee_pct_nav"": 1.6350571357697595e-05, ""name"": ""友邦保险""}, {""ts_code"": ""01378.HK"", ""side"": ""sell"", ""current_weight"": 0.05406889381459227, ""target_weight"": 0.04377515750079949, ""post_trade_weight"": 0.04377861404887961, ""diff_weight"": -0.010293736313792776, ""gross_amount"": 0.03476267057290988, ""gross_amount_pct_nav"": 0.010293736313792776, ""fee"": 1.0428801171872963e-05, ""fee_pct_nav"": 3.0881208941378325e-06, ""name"": ""中国宏桥""}, {""ts_code"": ""02318.HK"", ""side"": ""buy"", ""current_weight"": 0.0, ""target_weight"": 0.06552372925431901, ""post_trade_weight"": 0.06552890310025097, ""diff_weight"": 0.06552372925431901, ""gross_amount"": 0.2212782361370952, ""gross_amount_pct_nav"": 0.06552372925431901, ""fee"": 6.638347084112856e-05, ""fee_pct_nav"": 1.9657118776295702e-05, ""name"": ""中国平安""}, {""ts_code"": ""02600.HK"", ""side"": ""sell"", ""current_weight"": 0.049579685334909224, ""target_weight"": 0.0, ""post_trade_weight"": 0.0, ""diff_weight"": -0.049579685334909224, ""gross_amount"": 0.16743407989736436, ""gross_amount_pct_nav"": 0.049579685334909224, ""fee"": 5.023022396920931e-05, ""fee_pct_nav"": 1.4873905600472766e-05, ""name"": ""中国铝业""}, {""ts_code"": ""02899.HK"", ""side"": ""sell"", ""current_weight"": 0.074463827772866, ""target_weight"": 0.06303451086614831, ""post_trade_weight"": 0.06303948815989104, ""diff_weight"": -0.011429316906717706, ""gross_amount"": 0.038597605999412365, ""gross_amount_pct_nav"": 0.011429316906717706, ""fee"": 1.1579281799823709e-05, ""fee_pct_nav"": 3.4287950720153114e-06, ""name"": ""紫金矿业""}]",,,,
2026-02-06,0.01436126,0.02872252,0.06186628,0.03598599,0.00002936,0.00001856,0.00001080,0.00000000,weekly_portfolio_overlay,"[{""ts_code"": ""00700.HK"", ""side"": ""buy"", ""current_weight"": 0.15472280414153686, ""target_weight"": 0.17288237828089892, ""post_trade_weight"": 0.1728838679790218, ""diff_weight"": 0.01815957413936206, ""gross_amount"": 0.061866279052254836, ""gross_amount_pct_nav"": 0.01815957413936206, ""fee"": 1.855988371567645e-05, ""fee_pct_nav"": 5.447872241808617e-06, ""name"": ""腾讯控股""}, {""ts_code"": ""02628.HK"", ""side"": ""sell"", ""current_weight"": 0.07473223689612957, ""target_weight"": 0.06416929072387703, ""post_trade_weight"": 0.06416984365976841, ""diff_weight"": -0.010562946172252528, ""gross_amount"": 0.03598598571152831, ""gross_amount_pct_nav"": 0.010562946172252528, ""fee"": 1.0795795713458491e-05, ""fee_pct_nav"": 3.1688838516757585e-06, ""name"": ""中国人寿""}]",2026-02-06,2026-02-06,2026-02-09,risk_on
2026-02-13,0.00694257,0.01388515,0.00000000,0.04667010,0.00001400,0.00000000,0.00001400,0.00000000,weekly_portfolio_overlay,"[{""ts_code"": ""03993.HK"", ""side"": ""sell"", ""current_weight"": 0.06447052436404073, ""target_weight"": 0.05058537588006913, ""post_trade_weight"": 0.050585586596583444, ""diff_weight"": -0.013885148483971604, ""gross_amount"": 0.04667009861171559, ""gross_amount_pct_nav"": 0.013885148483971604, ""fee"": 1.4001029583514675e-05, ""fee_pct_nav"": 4.1655445451914806e-06, ""name"": ""洛阳钼业""}]",2026-02-13,2026-02-13,2026-02-16,risk_on
2026-02-20,0.00000000,0.00000000,0.00000000,0.00000000,0.00000000,0.00000000,0.00000000,0.00000000,weekly_portfolio_overlay,,2026-02-20,2026-02-20,2026-02-23,risk_on
2026-03-02,0.19075723,0.38151446,0.57534622,0.69876660,0.00038223,0.00017260,0.00020963,0.00000000,rebalance,"[{""ts_code"": ""00016.HK"", ""side"": ""buy"", ""current_weight"": 0.0, ""target_weight"": 0.05327916058231953, ""post_trade_weight"": 0.05328525931133565, ""diff_weight"": 0.05327916058231953, ""gross_amount"": 0.17793208185088724, ""gross_amount_pct_nav"": 0.05327916058231953, ""fee"": 5.3379624555266166e-05, ""fee_pct_nav"": 1.598374817469586e-05, ""name"": ""新鸿基地产""}, {""ts_code"": ""00700.HK"", ""side"": ""sell"", ""current_weight"": 0.1618740641318149, ""target_weight"": 0.1323727027298685, ""post_trade_weight"": 0.13238785509402473, ""diff_weight"": -0.029501361401946383, ""gross_amount"": 0.09852329868398241, ""gross_amount_pct_nav"": 0.029501361401946383, ""fee"": 2.955698960519472e-05, ""fee_pct_nav"": 8.850408420583914e-06, ""name"": ""腾讯控股""}, {""ts_code"": ""00883.HK"", ""side"": ""buy"", ""current_weight"": 0.0, ""target_weight"": 0.06127029966684424, ""post_trade_weight"": 0.06127731312107889, ""diff_weight"": 0.06127029966684424, ""gross_amount"": 0.20461943949933561, ""gross_amount_pct_nav"": 0.06127029966684424, ""fee"": 6.138583184980068e-05, ""fee_pct_nav"": 1.8381089900053272e-05, ""name"": ""中国海洋石油""}, {""ts_code"": ""00981.HK"", ""side"": ""sell"", ""current_weight"": 0.051983488197850584, ""target_weight"": 0.0, ""post_trade_weight"": 0.0, ""diff_weight"": -0.051983488197850584, ""gross_amount"": 0.17360503010597353, ""gross_amount_pct_nav"": 0.051983488197850584, ""fee"": 5.208150903179205e-05, ""fee_pct_nav"": 1.559504645935517e-05, ""name"": ""中芯国际""}, {""ts_code"": ""01088.HK"", ""side"": ""buy"", ""current_weight"": 0.0, ""target_weight"": 0.057729553963421144, ""post_trade_weight"": 0.057736162117566145, ""diff_weight"": 0.057729553963421144, ""gross_amount"": 0.1927946988797598, ""gross_amount_pct_nav"": 0.057729553963421144, ""fee"": 5.7838409663927934e-05, ""fee_pct_nav"": 1.731886618902634e-05, ""name"": ""中国神华""}, {""ts_code"": ""01288.HK"", ""side"": ""sell"", ""current_weight"": 0.08253710609216813, ""target_weight"": 0.06781555291557403, ""post_trade_weight"": 0.0678233155881798, ""diff_weight"": -0.014721553176594094, ""gross_amount"": 0.04916437451642544, ""gross_amount_pct_nav"": 0.014721553176594094, ""fee"": 1.474931235492763e-05, ""fee_pct_nav"": 4.4164659529782275e-06, ""name"": ""农业银行""}, {""ts_code"": ""01378.HK"", ""side"": ""sell"", ""current_weight"": 0.04825331321851102, ""target_weight"": 0.0, ""post_trade_weight"": 0.0, ""diff_weight"": -0.04825331321851102, ""gross_amount"": 0.161147667931198, ""gross_amount_pct_nav"": 0.04825331321851102, ""fee"": 4.8344300379359396e-05, ""fee_pct_nav"": 1.4475993965553305e-05, ""name"": ""中国宏桥""}, {""ts_code"": ""02899.HK"", ""side"": ""sell"", ""current_weight"": 0.07418235676413679, ""target_weight"": 0.06402083485354504, ""post_trade_weight"": 0.06402816315449593, ""diff_weight"": -0.010161521910591744, ""gross_amount"": 0.03393560875516105, ""gross_amount_pct_nav"": 0.010161521910591744, ""fee"": 1.0180682626548314e-05, ""fee_pct_nav"": 3.048456573177523e-06, ""name"": ""紫金矿业""}, {""ts_code"": ""03993.HK"", ""side"": ""sell"", ""current_weight"": 0.05461420390884367, ""target_weight"": 0.0, ""post_trade_weight"": 0.0, ""diff_weight"": -0.05461420390884367, ""gross_amount"": 0.18239061753075309, ""gross_amount_pct_nav"": 0.05461420390884367, ""fee"": 5.471718525922592e-05, ""fee_pct_nav"": 1.63842611726531e-05, ""name"": ""洛阳钼业""}]",,,,
2026-03-06,0.01190876,0.02381753,0.07819910,0.00000000,0.00002346,0.00002346,0.00000000,0.00000000,weekly_portfolio_overlay,"[{""ts_code"": ""00005.HK"", ""side"": ""buy"", ""current_weight"": 0.06775631022074662, ""target_weight"": 0.08145203922228655, ""post_trade_weight"": 0.0814526212222865, ""diff_weight"": 0.013695729001539944, ""gross_amount"": 0.044966622483065766, ""gross_amount_pct_nav"": 0.013695729001539944, ""fee"": 1.3489986744919728e-05, ""fee_pct_nav"": 4.108718700461983e-06, ""name"": ""汇丰控股""}, {""ts_code"": ""02628.HK"", ""side"": ""buy"", ""current_weight"": 0.05430859759751493, ""target_weight"": 0.06443039552988987, ""post_trade_weight"": 0.06443085590498364, ""diff_weight"": 0.010121797932374946, ""gross_amount"": 0.03323248192365691, ""gross_amount_pct_nav"": 0.010121797932374946, ""fee"": 9.969744577097072e-06, ""fee_pct_nav"": 3.0365393797124838e-06, ""name"": ""中国人寿""}]",2026-03-06,2026-03-06,2026-03-09,risk_on
2026-03-13,0.01221283,0.02442566,0.04123398,0.04000931,0.00002437,0.00001237,0.00001200,0.00000000,weekly_portfolio_overlay,"[{""ts_code"": ""00700.HK"", ""side"": ""sell"", ""current_weight"": 0.1444156161508014, ""target_weight"": 0.1323868849959196, ""post_trade_weight"": 0.13238785509401363, ""diff_weight"": -0.012028731154881773, ""gross_amount"": 0.04000930817633486, ""gross_amount_pct_nav"": 0.012028731154881773, ""fee"": 1.2002792452900456e-05, ""fee_pct_nav"": 3.6086193464645316e-06, ""name"": ""腾讯控股""}, {""ts_code"": ""02899.HK"", ""side"": ""buy"", ""current_weight"": 0.05163076832809728, ""target_weight"": 0.06402769397550889, ""post_trade_weight"": 0.06402816315449056, ""diff_weight"": 0.012396925647411615, ""gross_amount"": 0.04123397657491962, ""gross_amount_pct_nav"": 0.012396925647411615, ""fee"": 1.2370192972475884e-05, ""fee_pct_nav"": 3.7190776942234844e-06, ""name"": ""紫金矿业""}]",2026-03-13,2026-03-13,2026-03-16,risk_on
2026-03-20,0.01183054,0.02366108,0.00000000,0.07549725,0.00002265,0.00000000,0.00002265,0.00000000,weekly_portfolio_overlay,"[{""ts_code"": ""00857.HK"", ""side"": ""sell"", ""current_weight"": 0.10210180417430494, ""target_weight"": 0.09030954091060335, ""post_trade_weight"": 0.09031018196154189, ""diff_weight"": -0.011792263263701587, ""gross_amount"": 0.037626491298986264, ""gross_amount_pct_nav"": 0.011792263263701587, ""fee"": 1.1287947389695879e-05, ""fee_pct_nav"": 3.5376789791104765e-06, ""name"": ""中国石油股份""}, {""ts_code"": ""00883.HK"", ""side"": ""sell"", ""current_weight"": 0.07314569513017909, ""target_weight"": 0.06127687815484767, ""post_trade_weight"": 0.06127731312107445, ""diff_weight"": -0.01186881697533141, ""gross_amount"": 0.03787075717909183, ""gross_amount_pct_nav"": 0.01186881697533141, ""fee"": 1.1361227153727548e-05, ""fee_pct_nav"": 3.5606450925994227e-06, ""name"": ""中国海洋石油""}]",2026-03-20,2026-03-20,2026-03-23,risk_on
2026-03-27,0.01393096,0.02786193,0.04892932,0.04128104,0.00002706,0.00001468,0.00001238,0.00000000,weekly_portfolio_overlay,"[{""ts_code"": ""00700.HK"", ""side"": ""buy"", ""current_weight"": 0.11727467966357275, ""target_weight"": 0.13238674851968052, ""post_trade_weight"": 0.1323878550940135, ""diff_weight"": 0.015112068856107755, ""gross_amount"": 0.0489293172921858, ""gross_amount_pct_nav"": 0.015112068856107755, ""fee"": 1.467879518765574e-05, ""fee_pct_nav"": 4.533620656832326e-06, ""name"": ""腾讯控股""}, {""ts_code"": ""01398.HK"", ""side"": ""sell"", ""current_weight"": 0.09152135696653796, ""target_weight"": 0.07877149613623965, ""post_trade_weight"": 0.07877215455950913, ""diff_weight"": -0.012749860830298302, ""gross_amount"": 0.04128104443785291, ""gross_amount_pct_nav"": 0.012749860830298302, ""fee"": 1.2384313331355872e-05, ""fee_pct_nav"": 3.82495824908949e-06, ""name"": ""工商银行""}]",2026-03-27,2026-03-27,2026-03-30,risk_on
2026-04-01,0.13976366,0.27952733,0.48010675,0.44198750,0.00027663,0.00014403,0.00013260,0.00000000,rebalance,"[{""ts_code"": ""00016.HK"", ""side"": ""buy"", ""current_weight"": 0.05007030933090404, ""target_weight"": 0.0640769123804024, ""post_trade_weight"": 0.06408228620544693, ""diff_weight"": 0.014006603049498365, ""gross_amount"": 0.04620445630061143, ""gross_amount_pct_nav"": 0.014006603049498365, ""fee"": 1.3861336890183427e-05, ""fee_pct_nav"": 4.2019809148495094e-06, ""name"": ""新鸿基地产""}, {""ts_code"": ""00700.HK"", ""side"": ""sell"", ""current_weight"": 0.13398585188196505, ""target_weight"": 0.0, ""post_trade_weight"": 0.0, ""diff_weight"": -0.13398585188196505, ""gross_amount"": 0.4419874980609353, ""gross_amount_pct_nav"": 0.13398585188196505, ""fee"": 0.0001325962494182806, ""fee_pct_nav"": 4.019575556458951e-05, ""name"": ""腾讯控股""}, {""ts_code"": ""00857.HK"", ""side"": ""buy"", ""current_weight"": 0.08564841593187583, ""target_weight"": 0.10968071954500656, ""post_trade_weight"": 0.10968991794386342, ""diff_weight"": 0.02403230361313073, ""gross_amount"": 0.07927686093279362, ""gross_amount_pct_nav"": 0.02403230361313073, ""fee"": 2.3783058279838084e-05, ""fee_pct_nav"": 7.209691083939218e-06, ""name"": ""中国石油股份""}, {""ts_code"": ""00883.HK"", ""side"": ""buy"", ""current_weight"": 0.05239166399441307, ""target_weight"": 0.06380314179305577, ""post_trade_weight"": 0.0638084926582668, ""diff_weight"": 0.011411477798642702, ""gross_amount"": 0.03764375454987051, ""gross_amount_pct_nav"": 0.011411477798642702, ""fee"": 1.1293126364961152e-05, ""fee_pct_nav"": 3.4234433395928103e-06, ""name"": ""中国海洋石油""}, {""ts_code"": ""00939.HK"", ""side"": ""buy"", ""current_weight"": 0.06968863539650247, ""target_weight"": 0.08241873970769263, ""post_trade_weight"": 0.08242565177431889, ""diff_weight"": 0.012730104311190175, ""gross_amount"": 0.041993590185286006, ""gross_amount_pct_nav"": 0.012730104311190175, ""fee"": 1.2598077055585801e-05, ""fee_pct_nav"": 3.8190312933570524e-06, ""name"": ""建设银行""}, {""ts_code"": ""01398.HK"", ""side"": ""buy"", ""current_weight"": 0.07892086289037434, ""target_weight"": 0.09274330774797492, ""post_trade_weight"": 0.09275108568688259, ""diff_weight"": 0.013822444857600586, ""gross_amount"": 0.04559696217088771, ""gross_amount_pct_nav"": 0.013822444857600586, ""fee"": 1.3679088651266313e-05, ""fee_pct_nav"": 4.146733457280176e-06, ""name"": ""工商银行""}, {""ts_code"": ""02318.HK"", ""side"": ""buy"", ""current_weight"": 0.057496428425506216, ""target_weight"": 0.06781304163239237, ""post_trade_weight"": 0.06781872878877881, ""diff_weight"": 0.010316613206886144, ""gross_amount"": 0.03403205633823922, ""gross_amount_pct_nav"": 0.010316613206886144, ""fee"": 1.0209616901471765e-05, ""fee_pct_nav"": 3.0949839620658433e-06, ""name"": ""中国平安""}, {""ts_code"": ""02628.HK"", ""side"": ""buy"", ""current_weight"": 0.05654356472708632, ""target_weight"": 0.0699500640122533, ""post_trade_weight"": 0.06995593039051483, ""diff_weight"": 0.013406499285166984, ""gross_amount"": 0.044224856532066925, ""gross_amount_pct_nav"": 0.013406499285166984, ""fee"": 1.3267456959620076e-05, ""fee_pct_nav"": 4.021949785550095e-06, ""name"": ""中国人寿""}, {""ts_code"": ""06869.HK"", ""side"": ""buy"", ""current_weight"": 0.0, ""target_weight"": 0.04581542864203169, ""post_trade_weight"": 0.04581927096352808, ""diff_weight"": 0.04581542864203169, ""gross_amount"": 0.15113421599110347, ""gross_amount_pct_nav"": 0.04581542864203169, ""fee"": 4.534026479733104e-05, ""fee_pct_nav"": 1.3744628592609505e-05, ""name"": ""长飞光纤光缆""}]",,,,
2026-04-02,0.00000000,0.00000000,0.00000000,0.00000000,0.00000000,0.00000000,0.00000000,0.00000000,weekly_portfolio_overlay,,2026-04-02,2026-04-02,2026-04-08,risk_on
2026-04-10,0.00000000,0.00000000,0.00000000,0.00000000,0.00000000,0.00000000,0.00000000,0.00000000,weekly_portfolio_overlay,,2026-04-10,2026-04-10,2026-04-13,risk_on
2026-04-17,0.00000000,0.00000000,0.00000000,0.00000000,0.00000000,0.00000000,0.00000000,0.00000000,weekly_portfolio_overlay,,2026-04-17,2026-04-17,2026-04-20,risk_on
2026-04-24,0.00518875,0.01037750,0.03602472,0.00000000,0.00001081,0.00001081,0.00000000,0.00000000,weekly_portfolio_overlay,"[{""ts_code"": ""02388.HK"", ""side"": ""buy"", ""current_weight"": 0.05273700269664176, ""target_weight"": 0.06311450745231235, ""post_trade_weight"": 0.06311470394425445, ""diff_weight"": 0.010377504755670586, ""gross_amount"": 0.03602471915681593, ""gross_amount_pct_nav"": 0.010377504755670586, ""fee"": 1.0807415747044779e-05, ""fee_pct_nav"": 3.1132514267011757e-06, ""name"": ""中银香港""}]",2026-04-24,2026-04-24,2026-04-27,risk_on
