date,one_way_turnover,two_way_turnover,buy_amount,sell_amount,trading_cost,buy_cost,sell_commission,sell_stamp_duty,event_type,trade_details_json
2023-01-09,0.49985004,0.99970009,0.99970009,0.00000000,0.00029991,0.00029991,0.00000000,0.00000000,rebalance,"[{""ts_code"": ""00005.HK"", ""side"": ""buy"", ""current_weight"": 0.0, ""target_weight"": 0.10022895350517573, ""post_trade_weight"": 0.10025902219122729, ""diff_weight"": 0.10022895350517573, ""gross_amount"": 0.10022895350517573, ""gross_amount_pct_nav"": 0.10022895350517573, ""fee"": 3.0068686051552716e-05, ""fee_pct_nav"": 3.0068686051552716e-05, ""name"": ""汇丰控股""}, {""ts_code"": ""00016.HK"", ""side"": ""buy"", ""current_weight"": 0.0, ""target_weight"": 0.0986105503309523, ""post_trade_weight"": 0.09864013349605158, ""diff_weight"": 0.0986105503309523, ""gross_amount"": 0.0986105503309523, ""gross_amount_pct_nav"": 0.0986105503309523, ""fee"": 2.9583165099285688e-05, ""fee_pct_nav"": 2.9583165099285688e-05, ""name"": ""新鸿基地产""}, {""ts_code"": ""00386.HK"", ""side"": ""buy"", ""current_weight"": 0.0, ""target_weight"": 0.1023328776316662, ""post_trade_weight"": 0.1023635774949557, ""diff_weight"": 0.1023328776316662, ""gross_amount"": 0.1023328776316662, ""gross_amount_pct_nav"": 0.1023328776316662, ""fee"": 3.0699863289499855e-05, ""fee_pct_nav"": 3.0699863289499855e-05, ""name"": ""中国石油化工股份""}, {""ts_code"": ""00728.HK"", ""side"": ""buy"", ""current_weight"": 0.0, ""target_weight"": 0.10055263414002041, ""post_trade_weight"": 0.10058279993026242, ""diff_weight"": 0.10055263414002041, ""gross_amount"": 0.10055263414002041, ""gross_amount_pct_nav"": 0.10055263414002041, ""fee"": 3.016579024200612e-05, ""fee_pct_nav"": 3.016579024200612e-05, ""name"": ""中国电信""}, {""ts_code"": ""00762.HK"", ""side"": ""buy"", ""current_weight"": 0.0, ""target_weight"": 0.09683030683930653, ""post_trade_weight"": 0.09685935593135833, ""diff_weight"": 0.09683030683930653, ""gross_amount"": 0.09683030683930653, ""gross_amount_pct_nav"": 0.09683030683930653, ""fee"": 2.9049092051791956e-05, ""fee_pct_nav"": 2.9049092051791956e-05, ""name"": ""中国联通""}, {""ts_code"": ""00857.HK"", ""side"": ""buy"", ""current_weight"": 0.0, ""target_weight"": 0.09343166017343733, ""post_trade_weight"": 0.09345968967148936, ""diff_weight"": 0.09343166017343733, ""gross_amount"": 0.09343166017343733, ""gross_amount_pct_nav"": 0.09343166017343733, ""fee"": 2.80294980520312e-05, ""fee_pct_nav"": 2.80294980520312e-05, ""name"": ""中国石油股份""}, {""ts_code"": ""00941.HK"", ""side"": ""buy"", ""current_weight"": 0.0, ""target_weight"": 0.10702624683691417, ""post_trade_weight"": 0.10705835471096524, ""diff_weight"": 0.10702624683691417, ""gross_amount"": 0.10702624683691417, ""gross_amount_pct_nav"": 0.10702624683691417, ""fee"": 3.210787405107425e-05, ""fee_pct_nav"": 3.210787405107425e-05, ""name"": ""中国移动""}, {""ts_code"": ""01288.HK"", ""side"": ""buy"", ""current_weight"": 0.0, ""target_weight"": 0.10443680175815667, ""post_trade_weight"": 0.10446813279868412, ""diff_weight"": 0.10443680175815667, ""gross_amount"": 0.10443680175815667, ""gross_amount_pct_nav"": 0.10443680175815667, ""fee"": 3.1331040527447e-05, ""fee_pct_nav"": 3.1331040527447e-05, ""name"": ""农业银行""}, {""ts_code"": ""02883.HK"", ""side"": ""buy"", ""current_weight"": 0.0, ""target_weight"": 0.08970933287272345, ""post_trade_weight"": 0.08973624567258527, ""diff_weight"": 0.08970933287272345, ""gross_amount"": 0.08970933287272345, ""gross_amount_pct_nav"": 0.08970933287272345, ""fee"": 2.6912799861817035e-05, ""fee_pct_nav"": 2.6912799861817035e-05, ""name"": ""中海油田服务""}, {""ts_code"": ""03988.HK"", ""side"": ""buy"", ""current_weight"": 0.0, ""target_weight"": 0.10654072588464712, ""post_trade_weight"": 0.10657268810241252, ""diff_weight"": 0.10654072588464712, ""gross_amount"": 0.10654072588464712, ""gross_amount_pct_nav"": 0.10654072588464712, ""fee"": 3.196221776539413e-05, ""fee_pct_nav"": 3.196221776539413e-05, ""name"": ""中国银行""}]"
2023-01-16,0.20002955,0.40005909,0.21455753,0.20249987,0.00012512,0.00006437,0.00006075,0.00000000,rebalance,"[{""ts_code"": ""00016.HK"", ""side"": ""sell"", ""current_weight"": 0.09407208535632859, ""target_weight"": 0.0, ""post_trade_weight"": 0.0, ""diff_weight"": -0.09407208535632859, ""gross_amount"": 0.09806915907423333, ""gross_amount_pct_nav"": 0.09407208535632859, ""fee"": 2.9420747722269998e-05, ""fee_pct_nav"": 2.8221625606898574e-05, ""name"": ""新鸿基地产""}, {""ts_code"": ""00883.HK"", ""side"": ""buy"", ""current_weight"": 0.0, ""target_weight"": 0.10698340565085435, ""post_trade_weight"": 0.10699624709729338, ""diff_weight"": 0.10698340565085435, ""gross_amount"": 0.11152907461693733, ""gross_amount_pct_nav"": 0.10698340565085435, ""fee"": 3.3458722385081194e-05, ""fee_pct_nav"": 3.20950216952563e-05, ""name"": ""中国海洋石油""}, {""ts_code"": ""01088.HK"", ""side"": ""buy"", ""current_weight"": 0.0, ""target_weight"": 0.0988292497583134, ""post_trade_weight"": 0.09884111244402302, ""diff_weight"": 0.0988292497583134, ""gross_amount"": 0.10302845290420841, ""gross_amount_pct_nav"": 0.0988292497583134, ""fee"": 3.090853587126252e-05, ""fee_pct_nav"": 2.964877492749402e-05, ""name"": ""中国神华""}, {""ts_code"": ""01288.HK"", ""side"": ""sell"", ""current_weight"": 0.10231169111193827, ""target_weight"": 0.09167648143152309, ""post_trade_weight"": 0.09168748555518937, ""diff_weight"": -0.010635209680415186, ""gross_amount"": 0.011087094178744039, ""gross_amount_pct_nav"": 0.010635209680415186, ""fee"": 3.3261282536232114e-06, ""fee_pct_nav"": 3.190562904124555e-06, ""name"": ""农业银行""}, {""ts_code"": ""02883.HK"", ""side"": ""sell"", ""current_weight"": 0.08953914157562166, ""target_weight"": 0.0, ""post_trade_weight"": 0.0, ""diff_weight"": -0.08953914157562166, ""gross_amount"": 0.09334361288249264, ""gross_amount_pct_nav"": 0.08953914157562166, ""fee"": 2.800308386474779e-05, ""fee_pct_nav"": 2.6861742472686498e-05, ""name"": ""中海油田服务""}]"
2023-01-26,0.14730522,0.29461044,0.09383609,0.22553800,0.00009581,0.00002815,0.00006766,0.00000000,rebalance,"[{""ts_code"": ""00005.HK"", ""side"": ""sell"", ""current_weight"": 0.10043615370524739, ""target_weight"": 0.08656022209070424, ""post_trade_weight"": 0.0865678732305454, ""diff_weight"": -0.01387593161454315, ""gross_amount"": 0.015042281137587765, ""gross_amount_pct_nav"": 0.01387593161454315, ""fee"": 4.512684341276329e-06, ""fee_pct_nav"": 4.162779484362944e-06, ""name"": ""汇丰控股""}, {""ts_code"": ""00016.HK"", ""side"": ""buy"", ""current_weight"": 0.0, ""target_weight"": 0.08656022209070424, ""post_trade_weight"": 0.0865678732305454, ""diff_weight"": 0.08656022209070424, ""gross_amount"": 0.09383609203260528, ""gross_amount_pct_nav"": 0.08656022209070424, ""fee"": 2.815082760978158e-05, ""fee_pct_nav"": 2.596806662721127e-05, ""name"": ""新鸿基地产""}, {""ts_code"": ""00386.HK"", ""side"": ""sell"", ""current_weight"": 0.10408714638506535, ""target_weight"": 0.09108876971150356, ""post_trade_weight"": 0.09109682113394899, ""diff_weight"": -0.012998376673561778, ""gross_amount"": 0.014090962804331794, ""gross_amount_pct_nav"": 0.012998376673561778, ""fee"": 4.227288841299538e-06, ""fee_pct_nav"": 3.8995130020685335e-06, ""name"": ""中国石油化工股份""}, {""ts_code"": ""00728.HK"", ""side"": ""sell"", ""current_weight"": 0.10520644309035344, ""target_weight"": 0.0880289402379905, ""post_trade_weight"": 0.08803672119921684, ""diff_weight"": -0.01717750285236295, ""gross_amount"": 0.01862136787097926, ""gross_amount_pct_nav"": 0.01717750285236295, ""fee"": 5.5864103612937775e-06, ""fee_pct_nav"": 5.153250855708883e-06, ""name"": ""中国电信""}, {""ts_code"": ""00762.HK"", ""side"": ""sell"", ""current_weight"": 0.09725363571089483, ""target_weight"": 0.08521389712235851, ""post_trade_weight"": 0.08522142925926328, ""diff_weight"": -0.012039738588536322, ""gross_amount"": 0.01305174583607878, ""gross_amount_pct_nav"": 0.012039738588536322, ""fee"": 3.915523750823634e-06, ""fee_pct_nav"": 3.6119215765608963e-06, ""name"": ""中国联通""}, {""ts_code"": ""00857.HK"", ""side"": ""sell"", ""current_weight"": 0.09988043447029282, ""target_weight"": 0.08496911076447748, ""post_trade_weight"": 0.08497662126448471, ""diff_weight"": -0.014911323705815339, ""gross_amount"": 0.016164703714838552, ""gross_amount_pct_nav"": 0.014911323705815339, ""fee"": 4.849411114451565e-06, ""fee_pct_nav"": 4.473397111744601e-06, ""name"": ""中国石油股份""}, {""ts_code"": ""00883.HK"", ""side"": ""sell"", ""current_weight"": 0.11255104501559673, ""target_weight"": 0.09316945375349242, ""post_trade_weight"": 0.09317768908956683, ""diff_weight"": -0.019381591262104307, ""gross_amount"": 0.02101072221722579, ""gross_amount_pct_nav"": 0.019381591262104307, ""fee"": 6.303216665167736e-06, ""fee_pct_nav"": 5.814477378631292e-06, ""name"": ""中国海洋石油""}, {""ts_code"": ""00941.HK"", ""side"": ""sell"", ""current_weight"": 0.10494184080467003, ""target_weight"": 0.0941485991850166, ""post_trade_weight"": 0.09415692106868112, ""diff_weight"": -0.010793241619653438, ""gross_amount"": 0.011700473837632522, ""gross_amount_pct_nav"": 0.010793241619653438, ""fee"": 3.510142151289756e-06, ""fee_pct_nav"": 3.237972485896031e-06, ""name"": ""中国移动""}, {""ts_code"": ""01288.HK"", ""side"": ""sell"", ""current_weight"": 0.08963067161106707, ""target_weight"": 0.0, ""post_trade_weight"": 0.0, ""diff_weight"": -0.08963067161106707, ""gross_amount"": 0.09716462997780975, ""gross_amount_pct_nav"": 0.08963067161106707, ""fee"": 2.9149388993342923e-05, ""fee_pct_nav"": 2.688920148332012e-05, ""name"": ""农业银行""}, {""ts_code"": ""03988.HK"", ""side"": ""sell"", ""current_weight"": 0.10221095361386616, ""target_weight"": 0.08496911076447748, ""post_trade_weight"": 0.08497662126448471, ""diff_weight"": -0.017241842849388688, ""gross_amount"": 0.018691116003972247, ""gross_amount_pct_nav"": 0.017241842849388688, ""fee"": 5.607334801191673e-06, ""fee_pct_nav"": 5.1725528548166055e-06, ""name"": ""中国银行""}]"
2023-01-30,0.14362707,0.28725415,0.21129838,0.10075213,0.00009362,0.00006339,0.00003023,0.00000000,rebalance,"[{""ts_code"": ""00005.HK"", ""side"": ""buy"", ""current_weight"": 0.08631066090487494, ""target_weight"": 0.0998098513286776, ""post_trade_weight"": 0.09981845330812429, ""diff_weight"": 0.013499190423802676, ""gross_amount"": 0.014664468043423348, ""gross_amount_pct_nav"": 0.013499190423802676, ""fee"": 4.399340413027004e-06, ""fee_pct_nav"": 4.049757127140802e-06, ""name"": ""汇丰控股""}, {""ts_code"": ""00016.HK"", ""side"": ""buy"", ""current_weight"": 0.08782938904158363, ""target_weight"": 0.09883237646095164, ""post_trade_weight"": 0.09884089419802536, ""diff_weight"": 0.011002987419368003, ""gross_amount"": 0.011952787710069107, ""gross_amount_pct_nav"": 0.011002987419368003, ""fee"": 3.585836313020732e-06, ""fee_pct_nav"": 3.3008962258104007e-06, ""name"": ""新鸿基地产""}, {""ts_code"": ""00019.HK"", ""side"": ""buy"", ""current_weight"": 0.0, ""target_weight"": 0.09199005238686989, ""post_trade_weight"": 0.0919979804273328, ""diff_weight"": 0.09199005238686989, ""gross_amount"": 0.09993082112253726, ""gross_amount_pct_nav"": 0.09199005238686989, ""fee"": 2.9979246336761176e-05, ""fee_pct_nav"": 2.7597015716060964e-05, ""name"": ""太古股份公司A""}, {""ts_code"": ""00386.HK"", ""side"": ""buy"", ""current_weight"": 0.09162398192778522, ""target_weight"": 0.10497650420094344, ""post_trade_weight"": 0.1049855514615044, ""diff_weight"": 0.013352522273158217, ""gross_amount"": 0.01450513919920457, ""gross_amount_pct_nav"": 0.013352522273158217, ""fee"": 4.351541759761371e-06, ""fee_pct_nav"": 4.0057566819474645e-06, ""name"": ""中国石油化工股份""}, {""ts_code"": ""00762.HK"", ""side"": ""buy"", ""current_weight"": 0.08437563597356641, ""target_weight"": 0.0972963445259537, ""post_trade_weight"": 0.0973047298821556, ""diff_weight"": 0.01292070855238729, ""gross_amount"": 0.014036050438311812, ""gross_amount_pct_nav"": 0.01292070855238729, ""fee"": 4.2108151314935436e-06, ""fee_pct_nav"": 3.876212565716187e-06, ""name"": ""中国联通""}, {""ts_code"": ""00857.HK"", ""side"": ""buy"", ""current_weight"": 0.08501977001294254, ""target_weight"": 0.09701706599231771, ""post_trade_weight"": 0.0970254272792702, ""diff_weight"": 0.01199729597937518, ""gross_amount"": 0.013032927010705783, ""gross_amount_pct_nav"": 0.01199729597937518, ""fee"": 3.909878103211735e-06, ""fee_pct_nav"": 3.5991887938125537e-06, ""name"": ""中国石油股份""}, {""ts_code"": ""00883.HK"", ""side"": ""buy"", ""current_weight"": 0.09213912944658173, ""target_weight"": 0.10637289686912338, ""post_trade_weight"": 0.10638206447593145, ""diff_weight"": 0.014233767422541658, ""gross_amount"": 0.015462455225265556, ""gross_amount_pct_nav"": 0.014233767422541658, ""fee"": 4.6387365675796665e-06, ""fee_pct_nav"": 4.270130226762497e-06, ""name"": ""中国海洋石油""}, {""ts_code"": ""00941.HK"", ""side"": ""buy"", ""current_weight"": 0.09387848373708009, ""target_weight"": 0.10651253613594136, ""post_trade_weight"": 0.10652171577737413, ""diff_weight"": 0.012634052398861262, ""gross_amount"": 0.013724649541601672, ""gross_amount_pct_nav"": 0.012634052398861262, ""fee"": 4.117394862480501e-06, ""fee_pct_nav"": 3.7902157196583785e-06, ""name"": ""中国移动""}, {""ts_code"": ""01088.HK"", ""side"": ""sell"", ""current_weight"": 0.0927460958668606, ""target_weight"": 0.0, ""post_trade_weight"": 0.0, ""diff_weight"": -0.0927460958668606, ""gross_amount"": 0.10075212781602705, ""gross_amount_pct_nav"": 0.0927460958668606, ""fee"": 3.022563834480811e-05, ""fee_pct_nav"": 2.7823828760058177e-05, ""name"": ""中国神华""}, {""ts_code"": ""03988.HK"", ""side"": ""buy"", ""current_weight"": 0.08413959008828803, ""target_weight"": 0.09701706599231771, ""post_trade_weight"": 0.0970254272792702, ""diff_weight"": 0.01287747590402969, ""gross_amount"": 0.013989085859669029, ""gross_amount_pct_nav"": 0.01287747590402969, ""fee"": 4.196725757900708e-06, ""fee_pct_nav"": 3.863242771208906e-06, ""name"": ""中国银行""}]"
2023-02-06,0.10417988,0.20835976,0.11529732,0.10608645,0.00006642,0.00003459,0.00003183,0.00000000,rebalance,"[{""ts_code"": ""00005.HK"", ""side"": ""sell"", ""current_weight"": 0.09984538320653841, ""target_weight"": 0.0, ""post_trade_weight"": 0.0, ""diff_weight"": -0.09984538320653841, ""gross_amount"": 0.10608645421818613, ""gross_amount_pct_nav"": 0.09984538320653841, ""fee"": 3.182593626545584e-05, ""fee_pct_nav"": 2.995361496196152e-05, ""name"": ""汇丰控股""}, {""ts_code"": ""00728.HK"", ""side"": ""buy"", ""current_weight"": 0.09645727817962987, ""target_weight"": 0.11039172418604279, ""post_trade_weight"": 0.11039862497523598, ""diff_weight"": 0.013934446006412913, ""gross_amount"": 0.014805451397359212, ""gross_amount_pct_nav"": 0.013934446006412913, ""fee"": 4.4416354192077634e-06, ""fee_pct_nav"": 4.180333801923874e-06, ""name"": ""中国电信""}, {""ts_code"": ""01088.HK"", ""side"": ""buy"", ""current_weight"": 0.0, ""target_weight"": 0.09457992752418566, ""post_trade_weight"": 0.09458583988896267, ""diff_weight"": 0.09457992752418566, ""gross_amount"": 0.10049186881779455, ""gross_amount_pct_nav"": 0.09457992752418566, ""fee"": 3.0147560645338363e-05, ""fee_pct_nav"": 2.8373978257255696e-05, ""name"": ""中国神华""}]"
2023-02-13,0.10058284,0.20116568,0.11124452,0.10294081,0.00006426,0.00003337,0.00003088,0.00000000,rebalance,"[{""ts_code"": ""00005.HK"", ""side"": ""buy"", ""current_weight"": 0.0, ""target_weight"": 0.10448231943140907, ""post_trade_weight"": 0.1044886252888988, ""diff_weight"": 0.10448231943140907, ""gross_amount"": 0.11124452490618568, ""gross_amount_pct_nav"": 0.10448231943140907, ""fee"": 3.33733574718557e-05, ""fee_pct_nav"": 3.134469582942272e-05, ""name"": ""汇丰控股""}, {""ts_code"": ""03988.HK"", ""side"": ""sell"", ""current_weight"": 0.09668335681002602, ""target_weight"": 0.0, ""post_trade_weight"": 0.0, ""diff_weight"": -0.09668335681002602, ""gross_amount"": 0.10294080523094994, ""gross_amount_pct_nav"": 0.09668335681002602, ""fee"": 3.0882241569284975e-05, ""fee_pct_nav"": 2.90050070430078e-05, ""name"": ""中国银行""}]"
2023-02-20,0.00584812,0.01169625,0.00000000,0.01274962,0.00000382,0.00000000,0.00000382,0.00000000,rebalance,"[{""ts_code"": ""00762.HK"", ""side"": ""sell"", ""current_weight"": 0.10493213166937274, ""target_weight"": 0.09323588512475868, ""post_trade_weight"": 0.0932362122788764, ""diff_weight"": -0.011696246544614047, ""gross_amount"": 0.012749623600044807, ""gross_amount_pct_nav"": 0.011696246544614047, ""fee"": 3.824887080013442e-06, ""fee_pct_nav"": 3.508873963384214e-06, ""name"": ""中国联通""}]"
2023-02-27,0.00000000,0.00000000,0.00000000,0.00000000,0.00000000,0.00000000,0.00000000,0.00000000,rebalance,
2023-03-06,0.08415790,0.16831580,0.09882749,0.09272829,0.00005747,0.00002965,0.00002782,0.00000000,rebalance,"[{""ts_code"": ""00019.HK"", ""side"": ""sell"", ""current_weight"": 0.0814782868596721, ""target_weight"": 0.0, ""post_trade_weight"": 0.0, ""diff_weight"": -0.0814782868596721, ""gross_amount"": 0.09272828631321789, ""gross_amount_pct_nav"": 0.0814782868596721, ""fee"": 2.7818485893965363e-05, ""fee_pct_nav"": 2.4443486057901626e-05, ""name"": ""太古股份公司A""}, {""ts_code"": ""01766.HK"", ""side"": ""buy"", ""current_weight"": 0.0, ""target_weight"": 0.08683751764994667, ""post_trade_weight"": 0.08684190270936258, ""diff_weight"": 0.08683751764994667, ""gross_amount"": 0.09882748533043681, ""gross_amount_pct_nav"": 0.08683751764994667, ""fee"": 2.964824559913104e-05, ""fee_pct_nav"": 2.6051255294983997e-05, ""name"": ""中国中车""}]"
2023-03-13,0.00835409,0.01670819,0.00000000,0.01918501,0.00000576,0.00000000,0.00000576,0.00000000,rebalance,"[{""ts_code"": ""00728.HK"", ""side"": ""sell"", ""current_weight"": 0.1159381685700271, ""target_weight"": 0.09922998208207734, ""post_trade_weight"": 0.09923047947048422, ""diff_weight"": -0.016708186487949774, ""gross_amount"": 0.019185005661379748, ""gross_amount_pct_nav"": 0.016708186487949774, ""fee"": 5.755501698413924e-06, ""fee_pct_nav"": 5.012455946384932e-06, ""name"": ""中国电信""}]"
2023-03-20,0.18873708,0.37747415,0.22408848,0.19100031,0.00012453,0.00006723,0.00005730,0.00000000,rebalance,"[{""ts_code"": ""00762.HK"", ""side"": ""sell"", ""current_weight"": 0.08590494168120852, ""target_weight"": 0.0, ""post_trade_weight"": 0.0, ""diff_weight"": -0.08590494168120852, ""gross_amount"": 0.09446521887023551, ""gross_amount_pct_nav"": 0.08590494168120852, ""fee"": 2.833956566107065e-05, ""fee_pct_nav"": 2.5771482504362556e-05, ""name"": ""中国联通""}, {""ts_code"": ""01288.HK"", ""side"": ""buy"", ""current_weight"": 0.0, ""target_weight"": 0.10023680242066237, ""post_trade_weight"": 0.10024815474679735, ""diff_weight"": 0.10023680242066237, ""gross_amount"": 0.11022522446565747, ""gross_amount_pct_nav"": 0.10023680242066237, ""fee"": 3.3067567339697235e-05, ""fee_pct_nav"": 3.0071040726198707e-05, ""name"": ""农业银行""}, {""ts_code"": ""01766.HK"", ""side"": ""sell"", ""current_weight"": 0.08778724935069598, ""target_weight"": 0.0, ""post_trade_weight"": 0.0, ""diff_weight"": -0.08778724935069598, ""gross_amount"": 0.09653509520679267, ""gross_amount_pct_nav"": 0.08778724935069598, ""fee"": 2.8960528562037797e-05, ""fee_pct_nav"": 2.6336174805208794e-05, ""name"": ""中国中车""}, {""ts_code"": ""03988.HK"", ""side"": ""buy"", ""current_weight"": 0.0, ""target_weight"": 0.10354515768938624, ""post_trade_weight"": 0.10355688470353075, ""diff_weight"": 0.10354515768938624, ""gross_amount"": 0.11386325155052843, ""gross_amount_pct_nav"": 0.10354515768938624, ""fee"": 3.4158975465158525e-05, ""fee_pct_nav"": 3.1063547306815866e-05, ""name"": ""中国银行""}]"
2023-03-27,0.20999864,0.41999729,0.23179855,0.22543678,0.00013717,0.00006954,0.00006763,0.00000000,rebalance,"[{""ts_code"": ""00005.HK"", ""side"": ""sell"", ""current_weight"": 0.09693720253847977, ""target_weight"": 0.0, ""post_trade_weight"": 0.0, ""diff_weight"": -0.09693720253847977, ""gross_amount"": 0.1055319054154931, ""gross_amount_pct_nav"": 0.09693720253847977, ""fee"": 3.165957162464793e-05, ""fee_pct_nav"": 2.9081160761543934e-05, ""name"": ""汇丰控股""}, {""ts_code"": ""00016.HK"", ""side"": ""buy"", ""current_weight"": 0.09502392430704021, ""target_weight"": 0.1104055775542853, ""post_trade_weight"": 0.11041949032015523, ""diff_weight"": 0.015381653247245093, ""gross_amount"": 0.016745430372594267, ""gross_amount_pct_nav"": 0.015381653247245093, ""fee"": 5.023629111778279e-06, ""fee_pct_nav"": 4.614495974173527e-06, ""name"": ""新鸿基地产""}, {""ts_code"": ""00998.HK"", ""side"": ""buy"", ""current_weight"": 0.0, ""target_weight"": 0.09866065931771789, ""post_trade_weight"": 0.09867309204697004, ""diff_weight"": 0.09866065931771789, ""gross_amount"": 0.10740816832644359, ""gross_amount_pct_nav"": 0.09866065931771789, ""fee"": 3.222245049793308e-05, ""fee_pct_nav"": 2.9598197795315364e-05, ""name"": ""中信银行""}, {""ts_code"": ""01288.HK"", ""side"": ""sell"", ""current_weight"": 0.10001855317046088, ""target_weight"": 0.0, ""post_trade_weight"": 0.0, ""diff_weight"": -0.10001855317046088, ""gross_amount"": 0.1088864565571677, ""gross_amount_pct_nav"": 0.10001855317046088, ""fee"": 3.2665936967150303e-05, ""fee_pct_nav"": 3.000556595113826e-05, ""name"": ""农业银行""}, {""ts_code"": ""01997.HK"", ""side"": ""buy"", ""current_weight"": 0.0, ""target_weight"": 0.09887815780358027, ""post_trade_weight"": 0.09889061794091793, ""diff_weight"": 0.09887815780358027, ""gross_amount"": 0.10764495079011052, ""gross_amount_pct_nav"": 0.09887815780358027, ""fee"": 3.2293485237033155e-05, ""fee_pct_nav"": 2.966344734107408e-05, ""name"": ""九龙仓置业""}, {""ts_code"": ""03988.HK"", ""side"": ""sell"", ""current_weight"": 0.1037792538579351, ""target_weight"": 0.09365819414288365, ""post_trade_weight"": 0.09366999648616897, ""diff_weight"": -0.010121059715051452, ""gross_amount"": 0.01101841902369094, ""gross_amount_pct_nav"": 0.010121059715051452, ""fee"": 3.3055257071072815e-06, ""fee_pct_nav"": 3.0363179145154352e-06, ""name"": ""中国银行""}]"
2023-04-03,0.38090253,0.76180506,0.43037210,0.43060122,0.00025829,0.00012911,0.00012918,0.00000000,rebalance,"[{""ts_code"": ""00267.HK"", ""side"": ""buy"", ""current_weight"": 0.0, ""target_weight"": 0.08270708522041986, ""post_trade_weight"": 0.08272599154419162, ""diff_weight"": 0.08270708522041986, ""gross_amount"": 0.09347351078027798, ""gross_amount_pct_nav"": 0.08270708522041986, ""fee"": 2.804205323408339e-05, ""fee_pct_nav"": 2.4812125566125957e-05, ""name"": ""中信股份""}, {""ts_code"": ""00728.HK"", ""side"": ""buy"", ""current_weight"": 0.09396447678958098, ""target_weight"": 0.10599550030925553, ""post_trade_weight"": 0.1060197302194483, ""diff_weight"": 0.012031023519674567, ""gross_amount"": 0.013597166478143838, ""gross_amount_pct_nav"": 0.012031023519674567, ""fee"": 4.079149943443151e-06, ""fee_pct_nav"": 3.60930705590237e-06, ""name"": ""中国电信""}, {""ts_code"": ""00998.HK"", ""side"": ""sell"", ""current_weight"": 0.09854577544130365, ""target_weight"": 0.0, ""post_trade_weight"": 0.0, ""diff_weight"": -0.09854577544130365, ""gross_amount"": 0.11137400838772768, ""gross_amount_pct_nav"": 0.09854577544130365, ""fee"": 3.34122025163183e-05, ""fee_pct_nav"": 2.9563732632391096e-05, ""name"": ""中信银行""}, {""ts_code"": ""01088.HK"", ""side"": ""sell"", ""current_weight"": 0.09077780337637427, ""target_weight"": 0.0, ""post_trade_weight"": 0.0, ""diff_weight"": -0.09077780337637427, ""gross_amount"": 0.10259483767197858, ""gross_amount_pct_nav"": 0.09077780337637427, ""fee"": 3.077845130159357e-05, ""fee_pct_nav"": 2.723334101291228e-05, ""name"": ""中国神华""}, {""ts_code"": ""01099.HK"", ""side"": ""buy"", ""current_weight"": 0.0, ""target_weight"": 0.08375375556149114, ""post_trade_weight"": 0.08377290114757396, ""diff_weight"": 0.08375375556149114, ""gross_amount"": 0.09465643182203376, ""gross_amount_pct_nav"": 0.08375375556149114, ""fee"": 2.8396929546610126e-05, ""fee_pct_nav"": 2.512612666844734e-05, ""name"": ""国药控股""}, {""ts_code"": ""01766.HK"", ""side"": ""buy"", ""current_weight"": 0.0, ""target_weight"": 0.10416382721238081, ""post_trade_weight"": 0.10418763841352922, ""diff_weight"": 0.10416382721238081, ""gross_amount"": 0.11772339213627123, ""gross_amount_pct_nav"": 0.10416382721238081, ""fee"": 3.5317017640881364e-05, ""fee_pct_nav"": 3.124914816371424e-05, ""name"": ""中国中车""}, {""ts_code"": ""01928.HK"", ""side"": ""buy"", ""current_weight"": 0.0, ""target_weight"": 0.09814547275122104, ""post_trade_weight"": 0.09816790819408089, ""diff_weight"": 0.09814547275122104, ""gross_amount"": 0.11092159614617557, ""gross_amount_pct_nav"": 0.09814547275122104, ""fee"": 3.327647884385267e-05, ""fee_pct_nav"": 2.944364182536631e-05, ""name"": ""金沙中国有限公司""}, {""ts_code"": ""01997.HK"", ""side"": ""sell"", ""current_weight"": 0.10075748336634671, ""target_weight"": 0.0, ""post_trade_weight"": 0.0, ""diff_weight"": -0.10075748336634671, ""gross_amount"": 0.11387362621398009, ""gross_amount_pct_nav"": 0.10075748336634671, ""fee"": 3.4162087864194025e-05, ""fee_pct_nav"": 3.0227245009904015e-05, ""name"": ""九龙仓置业""}, {""ts_code"": ""03988.HK"", ""side"": ""sell"", ""current_weight"": 0.0909228370236669, ""target_weight"": 0.0, ""post_trade_weight"": 0.0, ""diff_weight"": -0.0909228370236669, ""gross_amount"": 0.10275875112821489, ""gross_amount_pct_nav"": 0.0909228370236669, ""fee"": 3.082762533846446e-05, ""fee_pct_nav"": 2.7276851107100065e-05, ""name"": ""中国银行""}]"
2023-04-11,0.29529847,0.59059695,0.34534426,0.34146213,0.00020604,0.00010360,0.00010244,0.00000000,rebalance,"[{""ts_code"": ""00267.HK"", ""side"": ""sell"", ""current_weight"": 0.08217459931104783, ""target_weight"": 0.0, ""post_trade_weight"": 0.0, ""diff_weight"": -0.08217459931104783, ""gross_amount"": 0.09556100853963903, ""gross_amount_pct_nav"": 0.08217459931104783, ""fee"": 2.8668302561891706e-05, ""fee_pct_nav"": 2.465237979331435e-05, ""name"": ""中信股份""}, {""ts_code"": ""00386.HK"", ""side"": ""sell"", ""current_weight"": 0.11074193958925256, ""target_weight"": 0.09954371739064127, ""post_trade_weight"": 0.0995613575808347, ""diff_weight"": -0.011198222198611286, ""gross_amount"": 0.013022435352555456, ""gross_amount_pct_nav"": 0.011198222198611286, ""fee"": 3.906730605766636e-06, ""fee_pct_nav"": 3.3594666595833855e-06, ""name"": ""中国石油化工股份""}, {""ts_code"": ""00728.HK"", ""side"": ""sell"", ""current_weight"": 0.10515864498059264, ""target_weight"": 0.09515807038161105, ""post_trade_weight"": 0.0951749333891817, ""diff_weight"": -0.010000574598981599, ""gross_amount"": 0.01162968852500501, ""gross_amount_pct_nav"": 0.010000574598981599, ""fee"": 3.488906557501503e-06, ""fee_pct_nav"": 3.0001723796944793e-06, ""name"": ""中国电信""}, {""ts_code"": ""00883.HK"", ""side"": ""sell"", ""current_weight"": 0.10708101521051162, ""target_weight"": 0.09379700751673957, ""post_trade_weight"": 0.09381362932970318, ""diff_weight"": -0.013284007693772061, ""gross_amount"": 0.015447999543753366, ""gross_amount_pct_nav"": 0.013284007693772061, ""fee"": 4.634399863126009e-06, ""fee_pct_nav"": 3.985202308131618e-06, ""name"": ""中国海洋石油""}, {""ts_code"": ""00998.HK"", ""side"": ""buy"", ""current_weight"": 0.0, ""target_weight"": 0.09818265452576982, ""post_trade_weight"": 0.09820005352135619, ""diff_weight"": 0.09818265452576982, ""gross_amount"": 0.11417680848150011, ""gross_amount_pct_nav"": 0.09818265452576982, ""fee"": 3.425304254445003e-05, ""fee_pct_nav"": 2.945479635773095e-05, ""name"": ""中信银行""}, {""ts_code"": ""01099.HK"", ""side"": ""sell"", ""current_weight"": 0.08256844074086964, ""target_weight"": 0.0, ""post_trade_weight"": 0.0, ""diff_weight"": -0.08256844074086964, ""gross_amount"": 0.0960190075387702, ""gross_amount_pct_nav"": 0.08256844074086964, ""fee"": 2.8805702261631055e-05, ""fee_pct_nav"": 2.4770532222260887e-05, ""name"": ""国药控股""}, {""ts_code"": ""01288.HK"", ""side"": ""buy"", ""current_weight"": 0.0, ""target_weight"": 0.10211461391317622, ""post_trade_weight"": 0.10213270969318299, ""diff_weight"": 0.10211461391317622, ""gross_amount"": 0.11874929204391087, ""gross_amount_pct_nav"": 0.10211461391317622, ""fee"": 3.562478761317326e-05, ""fee_pct_nav"": 3.063438417395287e-05, ""name"": ""农业银行""}, {""ts_code"": ""01928.HK"", ""side"": ""sell"", ""current_weight"": 0.09440347308723478, ""target_weight"": 0.0, ""post_trade_weight"": 0.0, ""diff_weight"": -0.09440347308723478, ""gross_amount"": 0.1097819907063176, ""gross_amount_pct_nav"": 0.09440347308723478, ""fee"": 3.293459721189527e-05, ""fee_pct_nav"": 2.8321041926170427e-05, ""name"": ""金沙中国有限公司""}, {""ts_code"": ""03988.HK"", ""side"": ""buy"", ""current_weight"": 0.0, ""target_weight"": 0.09667036245369043, ""post_trade_weight"": 0.09668749345526895, ""diff_weight"": 0.09667036245369043, ""gross_amount"": 0.11241816095749596, ""gross_amount_pct_nav"": 0.09667036245369043, ""fee"": 3.3725448287248786e-05, ""fee_pct_nav"": 2.900110873610713e-05, ""name"": ""中国银行""}]"
2023-04-17,0.09452814,0.18905629,0.11356287,0.11541028,0.00006869,0.00003407,0.00003462,0.00000000,rebalance,"[{""ts_code"": ""00762.HK"", ""side"": ""buy"", ""current_weight"": 0.0, ""target_weight"": 0.09376546914321182, ""post_trade_weight"": 0.09377078753030468, ""diff_weight"": 0.09376546914321182, ""gross_amount"": 0.11356287162019306, ""gross_amount_pct_nav"": 0.09376546914321182, ""fee"": 3.406886148605791e-05, ""fee_pct_nav"": 2.812964074296354e-05, ""name"": ""中国联通""}, {""ts_code"": ""03988.HK"", ""side"": ""sell"", ""current_weight"": 0.09529081846081883, ""target_weight"": 0.0, ""post_trade_weight"": 0.0, ""diff_weight"": -0.09529081846081883, ""gross_amount"": 0.11541027930997684, ""gross_amount_pct_nav"": 0.09529081846081883, ""fee"": 3.462308379299305e-05, ""fee_pct_nav"": 2.8587245538245646e-05, ""name"": ""中国银行""}]"
2023-04-24,0.20167751,0.40335503,0.23501345,0.24426340,0.00014378,0.00007050,0.00007328,0.00000000,rebalance,"[{""ts_code"": ""00267.HK"", ""side"": ""buy"", ""current_weight"": 0.0, ""target_weight"": 0.09603860398221142, ""post_trade_weight"": 0.09605022668471713, ""diff_weight"": 0.09603860398221142, ""gross_amount"": 0.11411554684390651, ""gross_amount_pct_nav"": 0.09603860398221142, ""fee"": 3.423466405317195e-05, ""fee_pct_nav"": 2.8811581194663426e-05, ""name"": ""中信股份""}, {""ts_code"": ""00762.HK"", ""side"": ""sell"", ""current_weight"": 0.09120717654703724, ""target_weight"": 0.0, ""post_trade_weight"": 0.0, ""diff_weight"": -0.09120717654703724, ""gross_amount"": 0.10837472012485429, ""gross_amount_pct_nav"": 0.09120717654703724, ""fee"": 3.2512416037456286e-05, ""fee_pct_nav"": 2.7362152964111172e-05, ""name"": ""中国联通""}, {""ts_code"": ""00998.HK"", ""side"": ""sell"", ""current_weight"": 0.09918984383790273, ""target_weight"": 0.0, ""post_trade_weight"": 0.0, ""diff_weight"": -0.09918984383790273, ""gross_amount"": 0.11785993133574205, ""gross_amount_pct_nav"": 0.09918984383790273, ""fee"": 3.535797940072261e-05, ""fee_pct_nav"": 2.9756953151370816e-05, ""name"": ""中信银行""}, {""ts_code"": ""01099.HK"", ""side"": ""buy"", ""current_weight"": 0.0, ""target_weight"": 0.10174656994235519, ""post_trade_weight"": 0.10175888342947788, ""diff_weight"": 0.10174656994235519, ""gross_amount"": 0.12089789925116202, ""gross_amount_pct_nav"": 0.10174656994235519, ""fee"": 3.626936977534861e-05, ""fee_pct_nav"": 3.052397098270656e-05, ""name"": ""国药控股""}, {""ts_code"": ""01766.HK"", ""side"": ""sell"", ""current_weight"": 0.11213705181588533, ""target_weight"": 0.09696422008385636, ""post_trade_weight"": 0.09697595480548914, ""diff_weight"": -0.015172831732028975, ""gross_amount"": 0.01802875009086731, ""gross_amount_pct_nav"": 0.015172831732028975, ""fee"": 5.408625027260193e-06, ""fee_pct_nav"": 4.551849519608692e-06, ""name"": ""中国中车""}]"
2023-05-02,0.38464314,0.76928628,0.45144263,0.47440259,0.00027775,0.00013543,0.00014232,0.00000000,rebalance,"[{""ts_code"": ""00016.HK"", ""side"": ""buy"", ""current_weight"": 0.09866707651646, ""target_weight"": 0.11016319913791436, ""post_trade_weight"": 0.11018862911795957, ""diff_weight"": 0.011496122621454354, ""gross_amount"": 0.013835720841639323, ""gross_amount_pct_nav"": 0.011496122621454354, ""fee"": 4.150716252491797e-06, ""fee_pct_nav"": 3.448836786436306e-06, ""name"": ""新鸿基地产""}, {""ts_code"": ""00267.HK"", ""side"": ""sell"", ""current_weight"": 0.09861600970941625, ""target_weight"": 0.0, ""post_trade_weight"": 0.0, ""diff_weight"": -0.09861600970941625, ""gross_amount"": 0.11868554518630087, ""gross_amount_pct_nav"": 0.09861600970941625, ""fee"": 3.5605663555890257e-05, ""fee_pct_nav"": 2.9584802912824873e-05, ""name"": ""中信股份""}, {""ts_code"": ""00762.HK"", ""side"": ""buy"", ""current_weight"": 0.0, ""target_weight"": 0.08858210226038442, ""post_trade_weight"": 0.08860255047821462, ""diff_weight"": 0.08858210226038442, ""gross_amount"": 0.10660961776390467, ""gross_amount_pct_nav"": 0.08858210226038442, ""fee"": 3.19828853291714e-05, ""fee_pct_nav"": 2.6574630678115323e-05, ""name"": ""中国联通""}, {""ts_code"": ""00883.HK"", ""side"": ""sell"", ""current_weight"": 0.09342983855385036, ""target_weight"": 0.0, ""post_trade_weight"": 0.0, ""diff_weight"": -0.09342983855385036, ""gross_amount"": 0.11244392627633361, ""gross_amount_pct_nav"": 0.09342983855385036, ""fee"": 3.373317788290008e-05, ""fee_pct_nav"": 2.8028951566155102e-05, ""name"": ""中国海洋石油""}, {""ts_code"": ""01099.HK"", ""side"": ""sell"", ""current_weight"": 0.1019192986713817, ""target_weight"": 0.0, ""post_trade_weight"": 0.0, ""diff_weight"": -0.1019192986713817, ""gross_amount"": 0.1226610928941628, ""gross_amount_pct_nav"": 0.1019192986713817, ""fee"": 3.6798327868248836e-05, ""fee_pct_nav"": 3.057578960141451e-05, ""name"": ""国药控股""}, {""ts_code"": ""01288.HK"", ""side"": ""sell"", ""current_weight"": 0.10021672573557872, ""target_weight"": 0.0, ""post_trade_weight"": 0.0, ""diff_weight"": -0.10021672573557872, ""gross_amount"": 0.12061202603675653, ""gross_amount_pct_nav"": 0.10021672573557872, ""fee"": 3.6183607811026955e-05, ""fee_pct_nav"": 3.006501772067361e-05, ""name"": ""农业银行""}, {""ts_code"": ""01919.HK"", ""side"": ""buy"", ""current_weight"": 0.0, ""target_weight"": 0.08771885838528322, ""post_trade_weight"": 0.08773910733262481, ""diff_weight"": 0.08771885838528322, ""gross_amount"": 0.10557069345286212, ""gross_amount_pct_nav"": 0.08771885838528322, ""fee"": 3.167120803585863e-05, ""fee_pct_nav"": 2.631565751558496e-05, ""name"": ""中远海控""}, {""ts_code"": ""01928.HK"", ""side"": ""buy"", ""current_weight"": 0.0, ""target_weight"": 0.0969987300426211, ""post_trade_weight"": 0.09702112114771516, ""diff_weight"": 0.0969987300426211, ""gross_amount"": 0.11673912979656954, ""gross_amount_pct_nav"": 0.0969987300426211, ""fee"": 3.502173893897086e-05, ""fee_pct_nav"": 2.909961901278633e-05, ""name"": ""金沙中国有限公司""}, {""ts_code"": ""02628.HK"", ""side"": ""buy"", ""current_weight"": 0.0, ""target_weight"": 0.09030859001058682, ""post_trade_weight"": 0.09032943676939423, ""diff_weight"": 0.09030859001058682, ""gross_amount"": 0.10868746638598978, ""gross_amount_pct_nav"": 0.09030859001058682, ""fee"": 3.260623991579693e-05, ""fee_pct_nav"": 2.7092577003176044e-05, ""name"": ""中国人寿""}]"
2023-05-08,0.28419624,0.56839249,0.35532685,0.34754083,0.00021086,0.00010660,0.00010426,0.00000000,rebalance,"[{""ts_code"": ""00267.HK"", ""side"": ""buy"", ""current_weight"": 0.0, ""target_weight"": 0.09224706140704561, ""post_trade_weight"": 0.09226279385072743, ""diff_weight"": 0.09224706140704561, ""gross_amount"": 0.11407166552096308, ""gross_amount_pct_nav"": 0.09224706140704561, ""fee"": 3.422149965628892e-05, ""fee_pct_nav"": 2.767411842211368e-05, ""name"": ""中信股份""}, {""ts_code"": ""00762.HK"", ""side"": ""sell"", ""current_weight"": 0.09248269271308318, ""target_weight"": 0.0, ""post_trade_weight"": 0.0, ""diff_weight"": -0.09248269271308318, ""gross_amount"": 0.11436304451037047, ""gross_amount_pct_nav"": 0.09248269271308318, ""fee"": 3.430891335311114e-05, ""fee_pct_nav"": 2.774480781392495e-05, ""name"": ""中国联通""}, {""ts_code"": ""00941.HK"", ""side"": ""sell"", ""current_weight"": 0.11532765123315314, ""target_weight"": 0.1025516210685798, ""post_trade_weight"": 0.1025691109222221, ""diff_weight"": -0.01277603016457333, ""gross_amount"": 0.015798693393474672, ""gross_amount_pct_nav"": 0.01277603016457333, ""fee"": 4.739608018042401e-06, ""fee_pct_nav"": 3.832809049371998e-06, ""name"": ""中国移动""}, {""ts_code"": ""01288.HK"", ""side"": ""buy"", ""current_weight"": 0.0, ""target_weight"": 0.0988180849593283, ""post_trade_weight"": 0.09883493807023129, ""diff_weight"": 0.0988180849593283, ""gross_amount"": 0.12219731840738783, ""gross_amount_pct_nav"": 0.0988180849593283, ""fee"": 3.665919552221635e-05, ""fee_pct_nav"": 2.9645425487798486e-05, ""name"": ""农业银行""}, {""ts_code"": ""01339.HK"", ""side"": ""buy"", ""current_weight"": 0.0, ""target_weight"": 0.09627928040503725, ""post_trade_weight"": 0.09629570053087752, ""diff_weight"": 0.09627928040503725, ""gross_amount"": 0.11905786161036008, ""gross_amount_pct_nav"": 0.09627928040503725, ""fee"": 3.571735848310802e-05, ""fee_pct_nav"": 2.8883784121511175e-05, ""name"": ""中国人民保险集团""}, {""ts_code"": ""01919.HK"", ""side"": ""sell"", ""current_weight"": 0.08887755649498362, ""target_weight"": 0.0, ""post_trade_weight"": 0.0, ""diff_weight"": -0.08887755649498362, ""gross_amount"": 0.10990497412248108, ""gross_amount_pct_nav"": 0.08887755649498362, ""fee"": 3.297149223674432e-05, ""fee_pct_nav"": 2.666326694849508e-05, ""name"": ""中远海控""}, {""ts_code"": ""01928.HK"", ""side"": ""sell"", ""current_weight"": 0.0869117817774385, ""target_weight"": 0.0, ""post_trade_weight"": 0.0, ""diff_weight"": -0.0869117817774385, ""gross_amount"": 0.1074741194952545, ""gross_amount_pct_nav"": 0.0869117817774385, ""fee"": 3.2242235848576346e-05, ""fee_pct_nav"": 2.607353453323155e-05, ""name"": ""金沙中国有限公司""}]"
2023-05-15,0.39807999,0.79615998,0.47028718,0.47410071,0.00028332,0.00014109,0.00014223,0.00000000,rebalance,"[{""ts_code"": ""00005.HK"", ""side"": ""buy"", ""current_weight"": 0.0, ""target_weight"": 0.11016245628248804, ""post_trade_weight"": 0.11018877465026121, ""diff_weight"": 0.11016245628248804, ""gross_amount"": 0.13067234196561886, ""gross_amount_pct_nav"": 0.11016245628248804, ""fee"": 3.9201702589685656e-05, ""fee_pct_nav"": 3.304873688474641e-05, ""name"": ""汇丰控股""}, {""ts_code"": ""00016.HK"", ""side"": ""sell"", ""current_weight"": 0.10998967556285454, ""target_weight"": 0.0, ""post_trade_weight"": 0.0, ""diff_weight"": -0.10998967556285454, ""gross_amount"": 0.13046739318322134, ""gross_amount_pct_nav"": 0.10998967556285454, ""fee"": 3.91402179549664e-05, ""fee_pct_nav"": 3.2996902668856356e-05, ""name"": ""新鸿基地产""}, {""ts_code"": ""00267.HK"", ""side"": ""sell"", ""current_weight"": 0.09246466476296164, ""target_weight"": 0.0, ""post_trade_weight"": 0.0, ""diff_weight"": -0.09246466476296164, ""gross_amount"": 0.10967960139395273, ""gross_amount_pct_nav"": 0.09246466476296164, ""fee"": 3.290388041818582e-05, ""fee_pct_nav"": 2.773939942888849e-05, ""name"": ""中信股份""}, {""ts_code"": ""01088.HK"", ""side"": ""buy"", ""current_weight"": 0.0, ""target_weight"": 0.0917248138224617, ""post_trade_weight"": 0.09174672734423281, ""diff_weight"": 0.0917248138224617, ""gross_amount"": 0.10880200608278172, ""gross_amount_pct_nav"": 0.0917248138224617, ""fee"": 3.2640601824834514e-05, ""fee_pct_nav"": 2.751744414673851e-05, ""name"": ""中国神华""}, {""ts_code"": ""01099.HK"", ""side"": ""buy"", ""current_weight"": 0.0, ""target_weight"": 0.09902685044029391, ""post_trade_weight"": 0.09905050845553119, ""diff_weight"": 0.09902685044029391, ""gross_amount"": 0.11746352524430138, ""gross_amount_pct_nav"": 0.09902685044029391, ""fee"": 3.523905757329041e-05, ""fee_pct_nav"": 2.9708055132088172e-05, ""name"": ""国药控股""}, {""ts_code"": ""01288.HK"", ""side"": ""sell"", ""current_weight"": 0.09858677716392601, ""target_weight"": 0.0, ""post_trade_weight"": 0.0, ""diff_weight"": -0.09858677716392601, ""gross_amount"": 0.11694151976620985, ""gross_amount_pct_nav"": 0.09858677716392601, ""fee"": 3.5082455929862956e-05, ""fee_pct_nav"": 2.9576033149177802e-05, ""name"": ""农业银行""}, {""ts_code"": ""01339.HK"", ""side"": ""sell"", ""current_weight"": 0.09864635851385056, ""target_weight"": 0.0, ""post_trade_weight"": 0.0, ""diff_weight"": -0.09864635851385056, ""gross_amount"": 0.11701219388509614, ""gross_amount_pct_nav"": 0.09864635851385056, ""fee"": 3.510365816552884e-05, ""fee_pct_nav"": 2.9593907554155165e-05, ""name"": ""中国人民保险集团""}, {""ts_code"": ""01919.HK"", ""side"": ""buy"", ""current_weight"": 0.0, ""target_weight"": 0.0955583830468236, ""post_trade_weight"": 0.09558121242766444, ""diff_weight"": 0.0955583830468236, ""gross_amount"": 0.11334930364257953, ""gross_amount_pct_nav"": 0.0955583830468236, ""fee"": 3.400479109277386e-05, ""fee_pct_nav"": 2.8667514914047078e-05, ""name"": ""中远海控""}]"
2023-05-22,0.18624731,0.37249463,0.22492852,0.21624732,0.00013235,0.00006748,0.00006487,0.00000000,rebalance,"[{""ts_code"": ""00728.HK"", ""side"": ""sell"", ""current_weight"": 0.09128717335545758, ""target_weight"": 0.0, ""post_trade_weight"": 0.0, ""diff_weight"": -0.09128717335545758, ""gross_amount"": 0.10811886133935557, ""gross_amount_pct_nav"": 0.09128717335545758, ""fee"": 3.243565840180667e-05, ""fee_pct_nav"": 2.7386152006637276e-05, ""name"": ""中国电信""}, {""ts_code"": ""00998.HK"", ""side"": ""buy"", ""current_weight"": 0.0, ""target_weight"": 0.09576132798461132, ""post_trade_weight"": 0.09577203035468862, ""diff_weight"": 0.09576132798461132, ""gross_amount"": 0.11341796838998908, ""gross_amount_pct_nav"": 0.09576132798461132, ""fee"": 3.402539051699672e-05, ""fee_pct_nav"": 2.872839839538339e-05, ""name"": ""中信银行""}, {""ts_code"": ""01339.HK"", ""side"": ""buy"", ""current_weight"": 0.0, ""target_weight"": 0.09415085286973428, ""post_trade_weight"": 0.09416137525169903, ""diff_weight"": 0.09415085286973428, ""gross_amount"": 0.11151055106907075, ""gross_amount_pct_nav"": 0.09415085286973428, ""fee"": 3.3453165320721224e-05, ""fee_pct_nav"": 2.8245255860920282e-05, ""name"": ""中国人民保险集团""}, {""ts_code"": ""02628.HK"", ""side"": ""sell"", ""current_weight"": 0.09129527488219387, ""target_weight"": 0.0, ""post_trade_weight"": 0.0, ""diff_weight"": -0.09129527488219387, ""gross_amount"": 0.10812845663969887, ""gross_amount_pct_nav"": 0.09129527488219387, ""fee"": 3.243853699190966e-05, ""fee_pct_nav"": 2.738858246465816e-05, ""name"": ""中国人寿""}]"
2023-05-29,0.21879615,0.43759230,0.18997882,0.30886989,0.00014965,0.00005699,0.00009266,0.00000000,rebalance,"[{""ts_code"": ""00005.HK"", ""side"": ""sell"", ""current_weight"": 0.1136623929451563, ""target_weight"": 0.0963390356433117, ""post_trade_weight"": 0.09635168447000822, ""diff_weight"": -0.017323357301844606, ""gross_amount"": 0.0197483691793148, ""gross_amount_pct_nav"": 0.017323357301844606, ""fee"": 5.92451075379444e-06, ""fee_pct_nav"": 5.1970071905533814e-06, ""name"": ""汇丰控股""}, {""ts_code"": ""00386.HK"", ""side"": ""sell"", ""current_weight"": 0.10795069379141928, ""target_weight"": 0.0898320838925439, ""post_trade_weight"": 0.08984387838948232, ""diff_weight"": -0.018118609898875367, ""gross_amount"": 0.020654945289437524, ""gross_amount_pct_nav"": 0.018118609898875367, ""fee"": 6.196483586831256e-06, ""fee_pct_nav"": 5.43558296966261e-06, ""name"": ""中国石油化工股份""}, {""ts_code"": ""00762.HK"", ""side"": ""buy"", ""current_weight"": 0.0, ""target_weight"": 0.08242138884305841, ""post_trade_weight"": 0.08243221035332786, ""diff_weight"": 0.08242138884305841, ""gross_amount"": 0.09395915507505337, ""gross_amount_pct_nav"": 0.08242138884305841, ""fee"": 2.8187746522516008e-05, ""fee_pct_nav"": 2.472641665291752e-05, ""name"": ""中国联通""}, {""ts_code"": ""00857.HK"", ""side"": ""sell"", ""current_weight"": 0.11797926134835122, ""target_weight"": 0.09290481110818427, ""post_trade_weight"": 0.09291700903861957, ""diff_weight"": -0.025074450240166954, ""gross_amount"": 0.028584499625742207, ""gross_amount_pct_nav"": 0.025074450240166954, ""fee"": 8.575349887722662e-06, ""fee_pct_nav"": 7.522335072050086e-06, ""name"": ""中国石油股份""}, {""ts_code"": ""00998.HK"", ""side"": ""sell"", ""current_weight"": 0.09476559226739785, ""target_weight"": 0.08422887544049394, ""post_trade_weight"": 0.08423993426458508, ""diff_weight"": -0.010536716826903915, ""gross_amount"": 0.012011700169310718, ""gross_amount_pct_nav"": 0.010536716826903915, ""fee"": 3.603510050793215e-06, ""fee_pct_nav"": 3.1610150480711743e-06, ""name"": ""中信银行""}, {""ts_code"": ""01099.HK"", ""side"": ""sell"", ""current_weight"": 0.10111901710210189, ""target_weight"": 0.08892834059382618, ""post_trade_weight"": 0.08894001643385374, ""diff_weight"": -0.01219067650827571, ""gross_amount"": 0.013897189559519976, ""gross_amount_pct_nav"": 0.01219067650827571, ""fee"": 4.169156867855992e-06, ""fee_pct_nav"": 3.6572029524827127e-06, ""name"": ""国药控股""}, {""ts_code"": ""01288.HK"", ""side"": ""buy"", ""current_weight"": 0.0, ""target_weight"": 0.08422887544049394, ""post_trade_weight"": 0.08423993426458508, ""diff_weight"": 0.08422887544049394, ""gross_amount"": 0.09601966286178704, ""gross_amount_pct_nav"": 0.08422887544049394, ""fee"": 2.8805898858536108e-05, ""fee_pct_nav"": 2.526866263214818e-05, ""name"": ""农业银行""}, {""ts_code"": ""01339.HK"", ""side"": ""sell"", ""current_weight"": 0.09396094551990006, ""target_weight"": 0.0, ""post_trade_weight"": 0.0, ""diff_weight"": -0.09396094551990006, ""gross_amount"": 0.10711407772942998, ""gross_amount_pct_nav"": 0.09396094551990006, ""fee"": 3.213422331882899e-05, ""fee_pct_nav"": 2.818828365597002e-05, ""name"": ""中国人民保险集团""}, {""ts_code"": ""01766.HK"", ""side"": ""sell"", ""current_weight"": 0.0937372839768303, ""target_weight"": 0.0, ""post_trade_weight"": 0.0, ""diff_weight"": -0.0937372839768303, ""gross_amount"": 0.106859106903233, ""gross_amount_pct_nav"": 0.0937372839768303, ""fee"": 3.20577320709699e-05, ""fee_pct_nav"": 2.812118519304909e-05, ""name"": ""中国中车""}]"
2023-06-05,0.14585456,0.29170911,0.21580392,0.12194306,0.00010132,0.00006474,0.00003658,0.00000000,rebalance,"[{""ts_code"": ""00005.HK"", ""side"": ""buy"", ""current_weight"": 0.09549851551791884, ""target_weight"": 0.11638947301668812, ""post_trade_weight"": 0.11639965946908121, ""diff_weight"": 0.020890957498769274, ""gross_amount"": 0.024187992872023903, ""gross_amount_pct_nav"": 0.020890957498769274, ""fee"": 7.2563978616071704e-06, ""fee_pct_nav"": 6.267287249630781e-06, ""name"": ""汇丰控股""}, {""ts_code"": ""00386.HK"", ""side"": ""buy"", ""current_weight"": 0.0861155326070702, ""target_weight"": 0.10280812161081793, ""post_trade_weight"": 0.10281711941800159, ""diff_weight"": 0.016692589003747735, ""gross_amount"": 0.01932703294533346, ""gross_amount_pct_nav"": 0.016692589003747735, ""fee"": 5.798109883600037e-06, ""fee_pct_nav"": 5.0077767011243205e-06, ""name"": ""中国石油化工股份""}, {""ts_code"": ""00941.HK"", ""side"": ""buy"", ""current_weight"": 0.1029367081001768, ""target_weight"": 0.1229286422121071, ""post_trade_weight"": 0.1229394009751566, ""diff_weight"": 0.019991934111930308, ""gross_amount"": 0.023147084561625744, ""gross_amount_pct_nav"": 0.019991934111930308, ""fee"": 6.944125368487722e-06, ""fee_pct_nav"": 5.997580233579092e-06, ""name"": ""中国移动""}, {""ts_code"": ""00998.HK"", ""side"": ""buy"", ""current_weight"": 0.08224216132844923, ""target_weight"": 0.10331113462585016, ""post_trade_weight"": 0.10332017645693047, ""diff_weight"": 0.021068973297400925, ""gross_amount"": 0.024394103332430694, ""gross_amount_pct_nav"": 0.021068973297400925, ""fee"": 7.318230999729207e-06, ""fee_pct_nav"": 6.320691989220277e-06, ""name"": ""中信银行""}, {""ts_code"": ""01099.HK"", ""side"": ""buy"", ""current_weight"": 0.08820913513241689, ""target_weight"": 0.100796069550689, ""post_trade_weight"": 0.10080489126228608, ""diff_weight"": 0.012586934418272107, ""gross_amount"": 0.014573419145950298, ""gross_amount_pct_nav"": 0.012586934418272107, ""fee"": 4.372025743785089e-06, ""fee_pct_nav"": 3.776080325481632e-06, ""name"": ""国药控股""}, {""ts_code"": ""01288.HK"", ""side"": ""buy"", ""current_weight"": 0.08229094499222983, ""target_weight"": 0.09677196543043118, ""post_trade_weight"": 0.09678043495085509, ""diff_weight"": 0.014481020438201351, ""gross_amount"": 0.01676643203929172, ""gross_amount_pct_nav"": 0.014481020438201351, ""fee"": 5.029929611787516e-06, ""fee_pct_nav"": 4.344306131460405e-06, ""name"": ""农业银行""}, {""ts_code"": ""01919.HK"", ""side"": ""sell"", ""current_weight"": 0.10532115436389482, ""target_weight"": 0.0, ""post_trade_weight"": 0.0, ""diff_weight"": -0.10532115436389482, ""gross_amount"": 0.12194306226401043, ""gross_amount_pct_nav"": 0.10532115436389482, ""fee"": 3.658291867920313e-05, ""fee_pct_nav"": 3.159634630916844e-05, ""name"": ""中远海控""}, {""ts_code"": ""03328.HK"", ""side"": ""buy"", ""current_weight"": 0.0, ""target_weight"": 0.08067554894939985, ""post_trade_weight"": 0.0806826097051311, ""diff_weight"": 0.08067554894939985, ""gross_amount"": 0.09340785854595983, ""gross_amount_pct_nav"": 0.08067554894939985, ""fee"": 2.8022357563787946e-05, ""fee_pct_nav"": 2.420266468481995e-05, ""name"": ""交通银行""}]"
2023-06-12,0.18759890,0.37519780,0.24861968,0.19919279,0.00013434,0.00007459,0.00005976,0.00000000,rebalance,"[{""ts_code"": ""00762.HK"", ""side"": ""buy"", ""current_weight"": 0.07972887252461329, ""target_weight"": 0.09895114384812198, ""post_trade_weight"": 0.0989622829774496, ""diff_weight"": 0.019222271323508684, ""gross_amount"": 0.02294249299709436, ""gross_amount_pct_nav"": 0.019222271323508684, ""fee"": 6.882747899128307e-06, ""fee_pct_nav"": 5.7666813970526045e-06, ""name"": ""中国联通""}, {""ts_code"": ""00883.HK"", ""side"": ""buy"", ""current_weight"": 0.0, ""target_weight"": 0.09713534346696062, ""post_trade_weight"": 0.0971462781879864, ""diff_weight"": 0.09713534346696062, ""gross_amount"": 0.11593463122828929, ""gross_amount_pct_nav"": 0.09713534346696062, ""fee"": 3.478038936848678e-05, ""fee_pct_nav"": 2.9140603040088184e-05, ""name"": ""中国海洋石油""}, {""ts_code"": ""01088.HK"", ""side"": ""sell"", ""current_weight"": 0.08668378211037767, ""target_weight"": 0.0, ""post_trade_weight"": 0.0, ""diff_weight"": -0.08668378211037767, ""gross_amount"": 0.10346030552574592, ""gross_amount_pct_nav"": 0.08668378211037767, ""fee"": 3.103809165772377e-05, ""fee_pct_nav"": 2.6005134633113295e-05, ""name"": ""中国神华""}, {""ts_code"": ""03328.HK"", ""side"": ""sell"", ""current_weight"": 0.08020906310585335, ""target_weight"": 0.0, ""post_trade_weight"": 0.0, ""diff_weight"": -0.08020906310585335, ""gross_amount"": 0.09573248850977331, ""gross_amount_pct_nav"": 0.08020906310585335, ""fee"": 2.871974655293199e-05, ""fee_pct_nav"": 2.4062718931756003e-05, ""name"": ""交通银行""}, {""ts_code"": ""03988.HK"", ""side"": ""buy"", ""current_weight"": 0.0, ""target_weight"": 0.09194734237792823, ""post_trade_weight"": 0.09195769307523449, ""diff_weight"": 0.09194734237792823, ""gross_amount"": 0.10974255971650722, ""gross_amount_pct_nav"": 0.09194734237792823, ""fee"": 3.292276791495216e-05, ""fee_pct_nav"": 2.7584202713378468e-05, ""name"": ""中国银行""}]"
2023-06-19,0.29815308,0.59630617,0.34151672,0.35862170,0.00021004,0.00010246,0.00010759,0.00000000,rebalance,"[{""ts_code"": ""00763.HK"", ""side"": ""buy"", ""current_weight"": 0.0, ""target_weight"": 0.09081447212737967, ""post_trade_weight"": 0.0908307210031348, ""diff_weight"": 0.09081447212737967, ""gross_amount"": 0.10662760886698104, ""gross_amount_pct_nav"": 0.09081447212737967, ""fee"": 3.198828266009431e-05, ""fee_pct_nav"": 2.7244341638213903e-05, ""name"": ""中兴通讯""}, {""ts_code"": ""00857.HK"", ""side"": ""buy"", ""current_weight"": 0.09683597266068418, ""target_weight"": 0.1081311229816945, ""post_trade_weight"": 0.10815047021943572, ""diff_weight"": 0.011295150321010316, ""gross_amount"": 0.013261926676544938, ""gross_amount_pct_nav"": 0.011295150321010316, ""fee"": 3.978578002963481e-06, ""fee_pct_nav"": 3.3885450963030946e-06, ""name"": ""中国石油股份""}, {""ts_code"": ""00941.HK"", ""side"": ""sell"", ""current_weight"": 0.12812360654794308, ""target_weight"": 0.1119509724348522, ""post_trade_weight"": 0.11197100313479624, ""diff_weight"": -0.01617263411309087, ""gross_amount"": 0.01898870592057919, ""gross_amount_pct_nav"": 0.01617263411309087, ""fee"": 5.696611776173757e-06, ""fee_pct_nav"": 4.851790233927262e-06, ""name"": ""中国移动""}, {""ts_code"": ""00998.HK"", ""side"": ""sell"", ""current_weight"": 0.09959992881870738, ""target_weight"": 0.0, ""post_trade_weight"": 0.0, ""diff_weight"": -0.09959992881870738, ""gross_amount"": 0.1169428396650717, ""gross_amount_pct_nav"": 0.09959992881870738, ""fee"": 3.508285189952151e-05, ""fee_pct_nav"": 2.9879978645612214e-05, ""name"": ""中信银行""}, {""ts_code"": ""01288.HK"", ""side"": ""sell"", ""current_weight"": 0.09654208308605758, ""target_weight"": 0.0, ""post_trade_weight"": 0.0, ""diff_weight"": -0.09654208308605758, ""gross_amount"": 0.11335254429563742, ""gross_amount_pct_nav"": 0.09654208308605758, ""fee"": 3.400576328869122e-05, ""fee_pct_nav"": 2.8962624925817272e-05, ""name"": ""农业银行""}, {""ts_code"": ""01339.HK"", ""side"": ""buy"", ""current_weight"": 0.0, ""target_weight"": 0.09208775527843223, ""post_trade_weight"": 0.09210423197492162, ""diff_weight"": 0.09208775527843223, ""gross_amount"": 0.10812260338301938, ""gross_amount_pct_nav"": 0.09208775527843223, ""fee"": 3.243678101490581e-05, ""fee_pct_nav"": 2.7626326583529665e-05, ""name"": ""中国人民保险集团""}, {""ts_code"": ""01928.HK"", ""side"": ""buy"", ""current_weight"": 0.0, ""target_weight"": 0.09667157462222144, ""post_trade_weight"": 0.09668887147335421, ""diff_weight"": 0.09667157462222144, ""gross_amount"": 0.1135045836407574, ""gross_amount_pct_nav"": 0.09667157462222144, ""fee"": 3.405137509222722e-05, ""fee_pct_nav"": 2.900147238666643e-05, ""name"": ""金沙中国有限公司""}, {""ts_code"": ""03988.HK"", ""side"": ""sell"", ""current_weight"": 0.09312256969567247, ""target_weight"": 0.0, ""post_trade_weight"": 0.0, ""diff_weight"": -0.09312256969567247, ""gross_amount"": 0.10933760562161235, ""gross_amount_pct_nav"": 0.09312256969567247, ""fee"": 3.28012816864837e-05, ""fee_pct_nav"": 2.7936770908701738e-05, ""name"": ""中国银行""}]"
2023-06-26,0.13262872,0.26525744,0.08409043,0.21971713,0.00009114,0.00002523,0.00006592,0.00000000,rebalance,"[{""ts_code"": ""00005.HK"", ""side"": ""sell"", ""current_weight"": 0.11856177436434168, ""target_weight"": 0.1012308817386611, ""post_trade_weight"": 0.10123893805309736, ""diff_weight"": -0.01733089262568058, ""gross_amount"": 0.019849607598015365, ""gross_amount_pct_nav"": 0.01733089262568058, ""fee"": 5.954882279404609e-06, ""fee_pct_nav"": 5.1992677877041746e-06, ""name"": ""汇丰控股""}, {""ts_code"": ""00763.HK"", ""side"": ""sell"", ""current_weight"": 0.09538161817793732, ""target_weight"": 0.0, ""post_trade_weight"": 0.0, ""diff_weight"": -0.09538161817793732, ""gross_amount"": 0.10924351871468801, ""gross_amount_pct_nav"": 0.09538161817793732, ""fee"": 3.2773055614406404e-05, ""fee_pct_nav"": 2.8614485453381196e-05, ""name"": ""中兴通讯""}, {""ts_code"": ""00857.HK"", ""side"": ""sell"", ""current_weight"": 0.11411148939202385, ""target_weight"": 0.0952979362887762, ""post_trade_weight"": 0.09530552043826382, ""diff_weight"": -0.01881355310324765, ""gross_amount"": 0.02154774452127939, ""gross_amount_pct_nav"": 0.01881355310324765, ""fee"": 6.464323356383816e-06, ""fee_pct_nav"": 5.644065930974294e-06, ""name"": ""中国石油股份""}, {""ts_code"": ""00883.HK"", ""side"": ""sell"", ""current_weight"": 0.09562607226732416, ""target_weight"": 0.0834320453890064, ""post_trade_weight"": 0.08343868520859674, ""diff_weight"": -0.012194026878317743, ""gross_amount"": 0.013966196306334472, ""gross_amount_pct_nav"": 0.012194026878317743, ""fee"": 4.189858891900341e-06, ""fee_pct_nav"": 3.658208063495323e-06, ""name"": ""中国海洋石油""}, {""ts_code"": ""01088.HK"", ""side"": ""buy"", ""current_weight"": 0.0, ""target_weight"": 0.07342019994232563, ""post_trade_weight"": 0.07342604298356512, ""diff_weight"": 0.07342019994232563, ""gross_amount"": 0.08409042685219242, ""gross_amount_pct_nav"": 0.07342019994232563, ""fee"": 2.5227128055657726e-05, ""fee_pct_nav"": 2.2026059982697688e-05, ""name"": ""中国神华""}, {""ts_code"": ""01099.HK"", ""side"": ""sell"", ""current_weight"": 0.09609021889518629, ""target_weight"": 0.08194880902653516, ""post_trade_weight"": 0.08195533080488833, ""diff_weight"": -0.014141409868651133, ""gross_amount"": 0.016196594303486078, ""gross_amount_pct_nav"": 0.014141409868651133, ""fee"": 4.858978291045823e-06, ""fee_pct_nav"": 4.242422960595339e-06, ""name"": ""国药控股""}, {""ts_code"": ""01339.HK"", ""side"": ""sell"", ""current_weight"": 0.09714719672404845, ""target_weight"": 0.07749909993912149, ""post_trade_weight"": 0.07750526759376318, ""diff_weight"": -0.019648096784926957, ""gross_amount"": 0.022503573223385073, ""gross_amount_pct_nav"": 0.019648096784926957, ""fee"": 6.751071967015521e-06, ""fee_pct_nav"": 5.894429035478086e-06, ""name"": ""中国人民保险集团""}, {""ts_code"": ""01928.HK"", ""side"": ""sell"", ""current_weight"": 0.09479321447214603, ""target_weight"": 0.08046557266406396, ""post_trade_weight"": 0.08047197640117995, ""diff_weight"": -0.014327641808082088, ""gross_amount"": 0.016409891506334373, ""gross_amount_pct_nav"": 0.014327641808082088, ""fee"": 4.922967451900311e-06, ""fee_pct_nav"": 4.2982925424246255e-06, ""name"": ""金沙中国有限公司""}]"
2023-07-03,0.25895101,0.51790201,0.30296286,0.30891329,0.00018356,0.00009089,0.00009267,0.00000000,rebalance,"[{""ts_code"": ""00386.HK"", ""side"": ""sell"", ""current_weight"": 0.10226351267286843, ""target_weight"": 0.09116407601446802, ""post_trade_weight"": 0.09117824243311037, ""diff_weight"": -0.011099436658400411, ""gross_amount"": 0.013113446965611175, ""gross_amount_pct_nav"": 0.011099436658400411, ""fee"": 3.9340340896833526e-06, ""fee_pct_nav"": 3.3298309975201235e-06, ""name"": ""中国石油化工股份""}, {""ts_code"": ""00941.HK"", ""side"": ""sell"", ""current_weight"": 0.11107226037819133, ""target_weight"": 0.09601432391983838, ""post_trade_weight"": 0.09602924404153299, ""diff_weight"": -0.015057936458352935, ""gross_amount"": 0.017790222804569905, ""gross_amount_pct_nav"": 0.015057936458352935, ""fee"": 5.337066841370971e-06, ""fee_pct_nav"": 4.51738093750588e-06, ""name"": ""中国移动""}, {""ts_code"": ""00998.HK"", ""side"": ""buy"", ""current_weight"": 0.0, ""target_weight"": 0.08213257991481283, ""post_trade_weight"": 0.0821453428863924, ""diff_weight"": 0.08213257991481283, ""gross_amount"": 0.09703566622424753, ""gross_amount_pct_nav"": 0.08213257991481283, ""fee"": 2.9110699867274256e-05, ""fee_pct_nav"": 2.4639773974443847e-05, ""name"": ""中信银行""}, {""ts_code"": ""01088.HK"", ""side"": ""sell"", ""current_weight"": 0.07551225772189117, ""target_weight"": 0.0, ""post_trade_weight"": 0.0, ""diff_weight"": -0.07551225772189117, ""gross_amount"": 0.08921407611620973, ""gross_amount_pct_nav"": 0.07551225772189117, ""fee"": 2.6764222834862914e-05, ""fee_pct_nav"": 2.265367731656735e-05, ""name"": ""中国神华""}, {""ts_code"": ""01099.HK"", ""side"": ""sell"", ""current_weight"": 0.08065953259819095, ""target_weight"": 0.0, ""post_trade_weight"": 0.0, ""diff_weight"": -0.08065953259819095, ""gross_amount"": 0.0952953321461448, ""gross_amount_pct_nav"": 0.08065953259819095, ""fee"": 2.8588599643843438e-05, ""fee_pct_nav"": 2.419785977945728e-05, ""name"": ""国药控股""}, {""ts_code"": ""01288.HK"", ""side"": ""buy"", ""current_weight"": 0.0, ""target_weight"": 0.08748457760349738, ""post_trade_weight"": 0.08749817224741045, ""diff_weight"": 0.08748457760349738, ""gross_amount"": 0.10335879234412332, ""gross_amount_pct_nav"": 0.08748457760349738, ""fee"": 3.1007637703236994e-05, ""fee_pct_nav"": 2.6245373281049215e-05, ""name"": ""农业银行""}, {""ts_code"": ""01928.HK"", ""side"": ""sell"", ""current_weight"": 0.07914011608976765, ""target_weight"": 0.0, ""post_trade_weight"": 0.0, ""diff_weight"": -0.07914011608976765, ""gross_amount"": 0.09350021511317329, ""gross_amount_pct_nav"": 0.07914011608976765, ""fee"": 2.8050064533951985e-05, ""fee_pct_nav"": 2.3742034826930294e-05, ""name"": ""金沙中国有限公司""}, {""ts_code"": ""03988.HK"", ""side"": ""buy"", ""current_weight"": 0.0, ""target_weight"": 0.0868155778924118, ""post_trade_weight"": 0.08682906857728319, ""diff_weight"": 0.0868155778924118, ""gross_amount"": 0.10256840157913884, ""gross_amount_pct_nav"": 0.0868155778924118, ""fee"": 3.0770520473741646e-05, ""fee_pct_nav"": 2.604467336772354e-05, ""name"": ""中国银行""}]"
2023-07-10,0.12595286,0.25190572,0.19887946,0.09365070,0.00008776,0.00005966,0.00002810,0.00000000,rebalance,"[{""ts_code"": ""00386.HK"", ""side"": ""buy"", ""current_weight"": 0.08822946062867357, ""target_weight"": 0.10269472520447505, ""post_trade_weight"": 0.10270248660749974, ""diff_weight"": 0.014465264575801471, ""gross_amount"": 0.01679805525183249, ""gross_amount_pct_nav"": 0.014465264575801471, ""fee"": 5.039416575549747e-06, ""fee_pct_nav"": 4.3395793727404415e-06, ""name"": ""中国石油化工股份""}, {""ts_code"": ""00883.HK"", ""side"": ""buy"", ""current_weight"": 0.08662212633095792, ""target_weight"": 0.0992302606199203, ""post_trade_weight"": 0.0992377601876282, ""diff_weight"": 0.012608134288962366, ""gross_amount"": 0.014641428457714808, ""gross_amount_pct_nav"": 0.012608134288962366, ""fee"": 4.3924285373144425e-06, ""fee_pct_nav"": 3.78244028668871e-06, ""name"": ""中国海洋石油""}, {""ts_code"": ""00941.HK"", ""side"": ""buy"", ""current_weight"": 0.09489166824985872, ""target_weight"": 0.10875753822744588, ""post_trade_weight"": 0.10876575784227495, ""diff_weight"": 0.013865869977587177, ""gross_amount"": 0.01610199722083752, ""gross_amount_pct_nav"": 0.013865869977587177, ""fee"": 4.830599166251256e-06, ""fee_pct_nav"": 4.159760993276153e-06, ""name"": ""中国移动""}, {""ts_code"": ""00998.HK"", ""side"": ""sell"", ""current_weight"": 0.08064517881089431, ""target_weight"": 0.0, ""post_trade_weight"": 0.0, ""diff_weight"": -0.08064517881089431, ""gross_amount"": 0.09365070112340168, ""gross_amount_pct_nav"": 0.08064517881089431, ""fee"": 2.80952103370205e-05, ""fee_pct_nav"": 2.419355364326829e-05, ""name"": ""中信银行""}, {""ts_code"": ""01088.HK"", ""side"": ""buy"", ""current_weight"": 0.0, ""target_weight"": 0.09386034051386041, ""post_trade_weight"": 0.09386743423682732, ""diff_weight"": 0.09386034051386041, ""gross_amount"": 0.1089970513602086, ""gross_amount_pct_nav"": 0.09386034051386041, ""fee"": 3.2699115408062575e-05, ""fee_pct_nav"": 2.8158102154158122e-05, ""name"": ""中国神华""}, {""ts_code"": ""01339.HK"", ""side"": ""buy"", ""current_weight"": 0.0767294682233171, ""target_weight"": 0.09541934957691005, ""post_trade_weight"": 0.09542656112576951, ""diff_weight"": 0.01868988135359296, ""gross_amount"": 0.021703969393899125, ""gross_amount_pct_nav"": 0.01868988135359296, ""fee"": 6.511190818169737e-06, ""fee_pct_nav"": 5.606964406077887e-06, ""name"": ""中国人民保险集团""}, {""ts_code"": ""03988.HK"", ""side"": ""buy"", ""current_weight"": 0.09012037568150882, ""target_weight"": 0.10789142208130717, ""post_trade_weight"": 0.10789957623730703, ""diff_weight"": 0.017771046399798342, ""gross_amount"": 0.020636955358982884, ""gross_amount_pct_nav"": 0.017771046399798342, ""fee"": 6.1910866076948645e-06, ""fee_pct_nav"": 5.331313919939502e-06, ""name"": ""中国银行""}]"
2023-07-17,0.00000000,0.00000000,0.00000000,0.00000000,0.00000000,0.00000000,0.00000000,0.00000000,rebalance,
2023-07-24,0.19625533,0.39251066,0.23595035,0.23046246,0.00013992,0.00007079,0.00006914,0.00000000,rebalance,"[{""ts_code"": ""00728.HK"", ""side"": ""buy"", ""current_weight"": 0.0, ""target_weight"": 0.10481016870130377, ""post_trade_weight"": 0.10482251188720731, ""diff_weight"": 0.10481016870130377, ""gross_amount"": 0.12454389240658113, ""gross_amount_pct_nav"": 0.10481016870130377, ""fee"": 3.736316772197434e-05, ""fee_pct_nav"": 3.144305061039113e-05, ""name"": ""中国电信""}, {""ts_code"": ""01088.HK"", ""side"": ""sell"", ""current_weight"": 0.08841525970849942, ""target_weight"": 0.0, ""post_trade_weight"": 0.0, ""diff_weight"": -0.08841525970849942, ""gross_amount"": 0.10506213975875703, ""gross_amount_pct_nav"": 0.08841525970849942, ""fee"": 3.151864192762711e-05, ""fee_pct_nav"": 2.6524577912549825e-05, ""name"": ""中国神华""}, {""ts_code"": ""01339.HK"", ""side"": ""sell"", ""current_weight"": 0.09253570068768692, ""target_weight"": 0.0, ""post_trade_weight"": 0.0, ""diff_weight"": -0.09253570068768692, ""gross_amount"": 0.10995837992646522, ""gross_amount_pct_nav"": 0.09253570068768692, ""fee"": 3.298751397793956e-05, ""fee_pct_nav"": 2.7760710206306073e-05, ""name"": ""中国人民保险集团""}, {""ts_code"": ""02899.HK"", ""side"": ""buy"", ""current_weight"": 0.0, ""target_weight"": 0.09375433020011043, ""post_trade_weight"": 0.09376537137236747, ""diff_weight"": 0.09375433020011043, ""gross_amount"": 0.11140645376089718, ""gross_amount_pct_nav"": 0.09375433020011043, ""fee"": 3.342193612826915e-05, ""fee_pct_nav"": 2.8126299060033124e-05, ""name"": ""紫金矿业""}, {""ts_code"": ""03988.HK"", ""side"": ""sell"", ""current_weight"": 0.10461828195084895, ""target_weight"": 0.09162308422397676, ""post_trade_weight"": 0.09163387440565135, ""diff_weight"": -0.012995197726872194, ""gross_amount"": 0.015441941631734873, ""gross_amount_pct_nav"": 0.012995197726872194, ""fee"": 4.632582489520462e-06, ""fee_pct_nav"": 3.898559318061658e-06, ""name"": ""中国银行""}]"
2023-07-31,0.19032567,0.38065135,0.22904354,0.23113295,0.00013805,0.00006871,0.00006934,0.00000000,rebalance,"[{""ts_code"": ""00762.HK"", ""side"": ""sell"", ""current_weight"": 0.09258751367404446, ""target_weight"": 0.0, ""post_trade_weight"": 0.0, ""diff_weight"": -0.09258751367404446, ""gross_amount"": 0.11193076827279144, ""gross_amount_pct_nav"": 0.09258751367404446, ""fee"": 3.357923048183743e-05, ""fee_pct_nav"": 2.7776254102213337e-05, ""name"": ""中国联通""}, {""ts_code"": ""01339.HK"", ""side"": ""buy"", ""current_weight"": 0.0, ""target_weight"": 0.09499039973352953, ""post_trade_weight"": 0.09500124843948574, ""diff_weight"": 0.09499039973352953, ""gross_amount"": 0.11483566194621928, ""gross_amount_pct_nav"": 0.09499039973352953, ""fee"": 3.445069858386578e-05, ""fee_pct_nav"": 2.849711992005886e-05, ""name"": ""中国人民保险集团""}, {""ts_code"": ""01928.HK"", ""side"": ""buy"", ""current_weight"": 0.0, ""target_weight"": 0.09447110822951951, ""post_trade_weight"": 0.09448189762799991, ""diff_weight"": 0.09447110822951951, ""gross_amount"": 0.11420788078335098, ""gross_amount_pct_nav"": 0.09447110822951951, ""fee"": 3.4262364235005294e-05, ""fee_pct_nav"": 2.8341332468855854e-05, ""name"": ""金沙中国有限公司""}, {""ts_code"": ""02899.HK"", ""side"": ""sell"", ""current_weight"": 0.09860232538568575, ""target_weight"": 0.0, ""post_trade_weight"": 0.0, ""diff_weight"": -0.09860232538568575, ""gross_amount"": 0.11920218608265241, ""gross_amount_pct_nav"": 0.09860232538568575, ""fee"": 3.576065582479572e-05, ""fee_pct_nav"": 2.958069761570572e-05, ""name"": ""紫金矿业""}]"
2023-08-07,0.18834802,0.37669604,0.22482306,0.22450591,0.00013480,0.00006745,0.00006735,0.00000000,rebalance,"[{""ts_code"": ""00762.HK"", ""side"": ""buy"", ""current_weight"": 0.0, ""target_weight"": 0.0954997547973791, ""post_trade_weight"": 0.09551054833087941, ""diff_weight"": 0.0954997547973791, ""gross_amount"": 0.11391361099405889, ""gross_amount_pct_nav"": 0.0954997547973791, ""fee"": 3.4174083298217663e-05, ""fee_pct_nav"": 2.8649926439213725e-05, ""name"": ""中国联通""}, {""ts_code"": ""01099.HK"", ""side"": ""buy"", ""current_weight"": 0.0, ""target_weight"": 0.09298120517802101, ""post_trade_weight"": 0.09299171406105551, ""diff_weight"": 0.09298120517802101, ""gross_amount"": 0.11090944535805806, ""gross_amount_pct_nav"": 0.09298120517802101, ""fee"": 3.327283360741742e-05, ""fee_pct_nav"": 2.7894361553406305e-05, ""name"": ""国药控股""}, {""ts_code"": ""01339.HK"", ""side"": ""sell"", ""current_weight"": 0.09214678310853, ""target_weight"": 0.0, ""post_trade_weight"": 0.0, ""diff_weight"": -0.09214678310853, ""gross_amount"": 0.1099141335770956, ""gross_amount_pct_nav"": 0.09214678310853, ""fee"": 3.297424007312868e-05, ""fee_pct_nav"": 2.7644034932558997e-05, ""name"": ""中国人民保险集团""}, {""ts_code"": ""01928.HK"", ""side"": ""sell"", ""current_weight"": 0.09606829342491205, ""target_weight"": 0.0, ""post_trade_weight"": 0.0, ""diff_weight"": -0.09606829342491205, ""gross_amount"": 0.11459177281959755, ""gross_amount_pct_nav"": 0.09606829342491205, ""fee"": 3.437753184587926e-05, ""fee_pct_nav"": 2.882048802747361e-05, ""name"": ""金沙中国有限公司""}]"
2023-08-14,0.18091777,0.36183553,0.21805221,0.21756128,0.00013068,0.00006542,0.00006527,0.00000000,rebalance,"[{""ts_code"": ""00019.HK"", ""side"": ""buy"", ""current_weight"": 0.0, ""target_weight"": 0.08946814282158357, ""post_trade_weight"": 0.08947785570182522, ""diff_weight"": 0.08946814282158357, ""gross_amount"": 0.1077106195092532, ""gross_amount_pct_nav"": 0.08946814282158357, ""fee"": 3.231318585277596e-05, ""fee_pct_nav"": 2.6840442846475067e-05, ""name"": ""太古股份公司A""}, {""ts_code"": ""01099.HK"", ""side"": ""sell"", ""current_weight"": 0.09434063313423086, ""target_weight"": 0.0, ""post_trade_weight"": 0.0, ""diff_weight"": -0.09434063313423086, ""gross_amount"": 0.11357660636867269, ""gross_amount_pct_nav"": 0.09434063313423086, ""fee"": 3.4072981910601806e-05, ""fee_pct_nav"": 2.8302189940269257e-05, ""name"": ""国药控股""}, {""ts_code"": ""01288.HK"", ""side"": ""sell"", ""current_weight"": 0.08637324132854902, ""target_weight"": 0.0, ""post_trade_weight"": 0.0, ""diff_weight"": -0.08637324132854902, ""gross_amount"": 0.10398467028730911, ""gross_amount_pct_nav"": 0.08637324132854902, ""fee"": 3.119540108619273e-05, ""fee_pct_nav"": 2.5911972398564704e-05, ""name"": ""农业银行""}, {""ts_code"": ""01816.HK"", ""side"": ""buy"", ""current_weight"": 0.0, ""target_weight"": 0.09165351418026402, ""post_trade_weight"": 0.09166346430976134, ""diff_weight"": 0.09165351418026402, ""gross_amount"": 0.11034158619166952, ""gross_amount_pct_nav"": 0.09165351418026402, ""fee"": 3.310247585750085e-05, ""fee_pct_nav"": 2.7496054254079205e-05, ""name"": ""中广核电力""}]"
2023-08-21,0.03146516,0.06293033,0.00000000,0.07275965,0.00002183,0.00000000,0.00002183,0.00000000,rebalance,"[{""ts_code"": ""00762.HK"", ""side"": ""sell"", ""current_weight"": 0.09719838305267575, ""target_weight"": 0.08411379389997789, ""post_trade_weight"": 0.08411538192258276, ""diff_weight"": -0.013084589152697874, ""gross_amount"": 0.015128319599645224, ""gross_amount_pct_nav"": 0.013084589152697874, ""fee"": 4.538495879893567e-06, ""fee_pct_nav"": 3.925376745809362e-06, ""name"": ""中国联通""}, {""ts_code"": ""00883.HK"", ""side"": ""sell"", ""current_weight"": 0.1089950357994654, ""target_weight"": 0.08811847919827384, ""post_trade_weight"": 0.08812014282715545, ""diff_weight"": -0.020876556601191563, ""gross_amount"": 0.024137343306479722, ""gross_amount_pct_nav"": 0.020876556601191563, ""fee"": 7.241202991943916e-06, ""fee_pct_nav"": 6.262966980357468e-06, ""name"": ""中国海洋石油""}, {""ts_code"": ""00941.HK"", ""side"": ""sell"", ""current_weight"": 0.11097233991477794, ""target_weight"": 0.09672855258961019, ""post_trade_weight"": 0.0967303787719868, ""diff_weight"": -0.014243787325167755, ""gross_amount"": 0.016468577228508807, ""gross_amount_pct_nav"": 0.014243787325167755, ""fee"": 4.940573168552641e-06, ""fee_pct_nav"": 4.2731361975503255e-06, ""name"": ""中国移动""}, {""ts_code"": ""01816.HK"", ""side"": ""sell"", ""current_weight"": 0.09543520760949913, ""target_weight"": 0.08070981139642633, ""post_trade_weight"": 0.08071133515369598, ""diff_weight"": -0.014725396213072797, ""gross_amount"": 0.01702541039256386, ""gross_amount_pct_nav"": 0.014725396213072797, ""fee"": 5.1076231177691575e-06, ""fee_pct_nav"": 4.417618863921838e-06, ""name"": ""中广核电力""}]"
2023-08-28,0.18706650,0.37413300,0.19631726,0.24819379,0.00013335,0.00005890,0.00007446,0.00000000,rebalance,"[{""ts_code"": ""00019.HK"", ""side"": ""sell"", ""current_weight"": 0.09032080505849345, ""target_weight"": 0.0, ""post_trade_weight"": 0.0, ""diff_weight"": -0.09032080505849345, ""gross_amount"": 0.1073110252984973, ""gross_amount_pct_nav"": 0.09032080505849345, ""fee"": 3.219330758954919e-05, ""fee_pct_nav"": 2.7096241517548036e-05, ""name"": ""太古股份公司A""}, {""ts_code"": ""00285.HK"", ""side"": ""buy"", ""current_weight"": 0.0, ""target_weight"": 0.08011158422110239, ""post_trade_weight"": 0.08012057694666934, ""diff_weight"": 0.08011158422110239, ""gross_amount"": 0.09518135091340174, ""gross_amount_pct_nav"": 0.08011158422110239, ""fee"": 2.855440527402052e-05, ""fee_pct_nav"": 2.4033475266330717e-05, ""name"": ""比亚迪电子""}, {""ts_code"": ""00386.HK"", ""side"": ""sell"", ""current_weight"": 0.10184358782129233, ""target_weight"": 0.08672715104128584, ""post_trade_weight"": 0.08673688638076389, ""diff_weight"": -0.015116436780006494, ""gross_amount"": 0.017959985284363558, ""gross_amount_pct_nav"": 0.015116436780006494, ""fee"": 5.387995585309067e-06, ""fee_pct_nav"": 4.534931034001948e-06, ""name"": ""中国石油化工股份""}, {""ts_code"": ""00728.HK"", ""side"": ""sell"", ""current_weight"": 0.10407426524890036, ""target_weight"": 0.08973422686864192, ""post_trade_weight"": 0.08974429975989777, ""diff_weight"": -0.014340038380258428, ""gross_amount"": 0.017037538808569633, ""gross_amount_pct_nav"": 0.014340038380258428, ""fee"": 5.111261642570889e-06, ""fee_pct_nav"": 4.302011514077529e-06, ""name"": ""中国电信""}, {""ts_code"": ""01919.HK"", ""side"": ""buy"", ""current_weight"": 0.0, ""target_weight"": 0.08512337726669592, ""post_trade_weight"": 0.08513293257855915, ""diff_weight"": 0.08512337726669592, ""gross_amount"": 0.10113591088392256, ""gross_amount_pct_nav"": 0.08512337726669592, ""fee"": 3.0340773265176765e-05, ""fee_pct_nav"": 2.553701318000877e-05, ""name"": ""中远海控""}, {""ts_code"": ""03988.HK"", ""side"": ""sell"", ""current_weight"": 0.08912075923004037, ""target_weight"": 0.0, ""post_trade_weight"": 0.0, ""diff_weight"": -0.08912075923004037, ""gross_amount"": 0.10588523920001107, ""gross_amount_pct_nav"": 0.08912075923004037, ""fee"": 3.176557176000332e-05, ""fee_pct_nav"": 2.673622776901211e-05, ""name"": ""中国银行""}]"
2023-09-18,0.08402313,0.16804627,0.10034533,0.10281106,0.00006095,0.00003010,0.00003084,0.00000000,rebalance,"[{""ts_code"": ""00285.HK"", ""side"": ""sell"", ""current_weight"": 0.08504293240723221, ""target_weight"": 0.0, ""post_trade_weight"": 0.0, ""diff_weight"": -0.08504293240723221, ""gross_amount"": 0.10281106484264896, ""gross_amount_pct_nav"": 0.08504293240723221, ""fee"": 3.0843319452794684e-05, ""fee_pct_nav"": 2.551287972216966e-05, ""name"": ""比亚迪电子""}, {""ts_code"": ""01088.HK"", ""side"": ""buy"", ""current_weight"": 0.0, ""target_weight"": 0.08300333406590815, ""post_trade_weight"": 0.08300751879699507, ""diff_weight"": 0.08300333406590815, ""gross_amount"": 0.10034533052014583, ""gross_amount_pct_nav"": 0.08300333406590815, ""fee"": 3.0103599156043745e-05, ""fee_pct_nav"": 2.4901000219772443e-05, ""name"": ""中国神华""}]"
2023-09-25,0.15863368,0.31726736,0.19224579,0.19311981,0.00011561,0.00005767,0.00005794,0.00000000,rebalance,"[{""ts_code"": ""00762.HK"", ""side"": ""sell"", ""current_weight"": 0.08058838030728556, ""target_weight"": 0.0, ""post_trade_weight"": 0.0, ""diff_weight"": -0.08058838030728556, ""gross_amount"": 0.09788586480915266, ""gross_amount_pct_nav"": 0.08058838030728556, ""fee"": 2.9365759442745796e-05, ""fee_pct_nav"": 2.4176514092185665e-05, ""name"": ""中国联通""}, {""ts_code"": ""01288.HK"", ""side"": ""buy"", ""current_weight"": 0.0, ""target_weight"": 0.07811328573869308, ""post_trade_weight"": 0.07812072128508545, ""diff_weight"": 0.07811328573869308, ""gross_amount"": 0.09487951610965897, ""gross_amount_pct_nav"": 0.07811328573869308, ""fee"": 2.846385483289769e-05, ""fee_pct_nav"": 2.3433985721607925e-05, ""name"": ""农业银行""}, {""ts_code"": ""01816.HK"", ""side"": ""sell"", ""current_weight"": 0.07840507955737162, ""target_weight"": 0.0, ""post_trade_weight"": 0.0, ""diff_weight"": -0.07840507955737162, ""gross_amount"": 0.09523394053385517, ""gross_amount_pct_nav"": 0.07840507955737162, ""fee"": 2.857018216015655e-05, ""fee_pct_nav"": 2.3521523867211486e-05, ""name"": ""中广核电力""}, {""ts_code"": ""02328.HK"", ""side"": ""buy"", ""current_weight"": 0.0, ""target_weight"": 0.08016060976007015, ""post_trade_weight"": 0.08016824018973488, ""diff_weight"": 0.08016060976007015, ""gross_amount"": 0.09736627762059764, ""gross_amount_pct_nav"": 0.08016060976007015, ""fee"": 2.920988328617929e-05, ""fee_pct_nav"": 2.4048182928021042e-05, ""name"": ""中国财险""}]"
2023-10-03,0.08033046,0.16066092,0.09203569,0.09799445,0.00005701,0.00002761,0.00002940,0.00000000,rebalance,"[{""ts_code"": ""00762.HK"", ""side"": ""buy"", ""current_weight"": 0.0, ""target_weight"": 0.07781154494263566, ""post_trade_weight"": 0.07781529550574051, ""diff_weight"": 0.07781154494263566, ""gross_amount"": 0.09203568843101614, ""gross_amount_pct_nav"": 0.07781154494263566, ""fee"": 2.761070652930484e-05, ""fee_pct_nav"": 2.3343463482790694e-05, ""name"": ""中国联通""}, {""ts_code"": ""02328.HK"", ""side"": ""sell"", ""current_weight"": 0.0828493757021112, ""target_weight"": 0.0, ""post_trade_weight"": 0.0, ""diff_weight"": -0.0828493757021112, ""gross_amount"": 0.09799444715363374, ""gross_amount_pct_nav"": 0.0828493757021112, ""fee"": 2.939833414609012e-05, ""fee_pct_nav"": 2.485481271063336e-05, ""name"": ""中国财险""}]"
2023-10-09,0.08493769,0.16987537,0.10163297,0.10190645,0.00006106,0.00003049,0.00003057,0.00000000,rebalance,"[{""ts_code"": ""00386.HK"", ""side"": ""sell"", ""current_weight"": 0.08505181028727699, ""target_weight"": 0.0, ""post_trade_weight"": 0.0, ""diff_weight"": -0.08505181028727699, ""gross_amount"": 0.10190645184334621, ""gross_amount_pct_nav"": 0.08505181028727699, ""fee"": 3.057193555300386e-05, ""fee_pct_nav"": 2.551554308618309e-05, ""name"": ""中国石油化工股份""}, {""ts_code"": ""02328.HK"", ""side"": ""buy"", ""current_weight"": 0.0, ""target_weight"": 0.08482356365954966, ""post_trade_weight"": 0.08482788671024247, ""diff_weight"": 0.08482356365954966, ""gross_amount"": 0.1016329737845214, ""gross_amount_pct_nav"": 0.08482356365954966, ""fee"": 3.0489892135356416e-05, ""fee_pct_nav"": 2.5447069097864897e-05, ""name"": ""中国财险""}]"
2023-10-16,0.08346155,0.16692311,0.09866231,0.10064731,0.00005979,0.00002960,0.00003019,0.00000000,rebalance,"[{""ts_code"": ""00285.HK"", ""side"": ""buy"", ""current_weight"": 0.0, ""target_weight"": 0.08263032953738138, ""post_trade_weight"": 0.08263446761800473, ""diff_weight"": 0.08263032953738138, ""gross_amount"": 0.09866231220049283, ""gross_amount_pct_nav"": 0.08263032953738138, ""fee"": 2.9598693660147846e-05, ""fee_pct_nav"": 2.4789098861214407e-05, ""name"": ""比亚迪电子""}, {""ts_code"": ""02328.HK"", ""side"": ""sell"", ""current_weight"": 0.08429277743571206, ""target_weight"": 0.0, ""post_trade_weight"": 0.0, ""diff_weight"": -0.08429277743571206, ""gross_amount"": 0.10064730916807668, ""gross_amount_pct_nav"": 0.08429277743571206, ""fee"": 3.0194192750423003e-05, ""fee_pct_nav"": 2.528783323071362e-05, ""name"": ""中国财险""}]"
2023-10-24,0.07874389,0.15748777,0.09042088,0.09138946,0.00005454,0.00002713,0.00002742,0.00000000,rebalance,"[{""ts_code"": ""00285.HK"", ""side"": ""sell"", ""current_weight"": 0.07916338812856569, ""target_weight"": 0.0, ""post_trade_weight"": 0.0, ""diff_weight"": -0.07916338812856569, ""gross_amount"": 0.09138946075024666, ""gross_amount_pct_nav"": 0.07916338812856569, ""fee"": 2.7416838225073997e-05, ""fee_pct_nav"": 2.3749016438569706e-05, ""name"": ""比亚迪电子""}, {""ts_code"": ""03988.HK"", ""side"": ""buy"", ""current_weight"": 0.0, ""target_weight"": 0.07832438452016857, ""post_trade_weight"": 0.07832808523487242, ""diff_weight"": 0.07832438452016857, ""gross_amount"": 0.09042088058773015, ""gross_amount_pct_nav"": 0.07832438452016857, ""fee"": 2.7126264176319042e-05, ""fee_pct_nav"": 2.349731535605057e-05, ""name"": ""中国银行""}]"
2023-10-30,0.15660173,0.31320346,0.18288249,0.17161674,0.00010635,0.00005486,0.00005149,0.00000000,rebalance,"[{""ts_code"": ""00728.HK"", ""side"": ""sell"", ""current_weight"": 0.08013983659889456, ""target_weight"": 0.0, ""post_trade_weight"": 0.0, ""diff_weight"": -0.08013983659889456, ""gross_amount"": 0.09070624787171935, ""gross_amount_pct_nav"": 0.08013983659889456, ""fee"": 2.7211874361515805e-05, ""fee_pct_nav"": 2.4041950979668367e-05, ""name"": ""中国电信""}, {""ts_code"": ""00762.HK"", ""side"": ""sell"", ""current_weight"": 0.07148519563469061, ""target_weight"": 0.0, ""post_trade_weight"": 0.0, ""diff_weight"": -0.07148519563469061, ""gross_amount"": 0.08091049532397022, ""gross_amount_pct_nav"": 0.07148519563469061, ""fee"": 2.4273148597191067e-05, ""fee_pct_nav"": 2.1445558690407182e-05, ""name"": ""中国联通""}, {""ts_code"": ""00998.HK"", ""side"": ""buy"", ""current_weight"": 0.0, ""target_weight"": 0.07810970743349326, ""post_trade_weight"": 0.07811704739240524, ""diff_weight"": 0.07810970743349326, ""gross_amount"": 0.08840844683912981, ""gross_amount_pct_nav"": 0.07810970743349326, ""fee"": 2.652253405173894e-05, ""fee_pct_nav"": 2.3432912230047975e-05, ""name"": ""中信银行""}, {""ts_code"": ""01810.HK"", ""side"": ""buy"", ""current_weight"": 0.0, ""target_weight"": 0.08346872261522964, ""post_trade_weight"": 0.08347656616009189, ""diff_weight"": 0.08346872261522964, ""gross_amount"": 0.09447404642171733, ""gross_amount_pct_nav"": 0.08346872261522964, ""fee"": 2.83422139265152e-05, ""fee_pct_nav"": 2.504061678456889e-05, ""name"": ""小米集团-W""}]"
2023-11-06,0.16555005,0.33110009,0.19356500,0.18450426,0.00011342,0.00005807,0.00005535,0.00000000,rebalance,"[{""ts_code"": ""00659.HK"", ""side"": ""buy"", ""current_weight"": 0.0, ""target_weight"": 0.08256428094070721, ""post_trade_weight"": 0.08257248286773448, ""diff_weight"": 0.08256428094070721, ""gross_amount"": 0.09427667633133092, ""gross_amount_pct_nav"": 0.08256428094070721, ""fee"": 2.8283002899399274e-05, ""fee_pct_nav"": 2.476928428221216e-05, ""name"": ""周大福创建""}, {""ts_code"": ""00998.HK"", ""side"": ""sell"", ""current_weight"": 0.0795891419577541, ""target_weight"": 0.0, ""post_trade_weight"": 0.0, ""diff_weight"": -0.0795891419577541, ""gross_amount"": 0.09087949038432287, ""gross_amount_pct_nav"": 0.0795891419577541, ""fee"": 2.726384711529686e-05, ""fee_pct_nav"": 2.387674258732623e-05, ""name"": ""中信银行""}, {""ts_code"": ""01919.HK"", ""side"": ""buy"", ""current_weight"": 0.08722021890734735, ""target_weight"": 0.0985669084264061, ""post_trade_weight"": 0.09857670005277293, ""diff_weight"": 0.011346689519058744, ""gross_amount"": 0.012956307049880586, ""gross_amount_pct_nav"": 0.011346689519058744, ""fee"": 3.886892114964175e-06, ""fee_pct_nav"": 3.4040068557176223e-06, ""name"": ""中远海控""}, {""ts_code"": ""03988.HK"", ""side"": ""sell"", ""current_weight"": 0.08199336377599069, ""target_weight"": 0.0, ""post_trade_weight"": 0.0, ""diff_weight"": -0.08199336377599069, ""gross_amount"": 0.0936247700573741, ""gross_amount_pct_nav"": 0.08199336377599069, ""fee"": 2.8087431017212227e-05, ""fee_pct_nav"": 2.4598009132797204e-05, ""name"": ""中国银行""}, {""ts_code"": ""06881.HK"", ""side"": ""buy"", ""current_weight"": 0.0, ""target_weight"": 0.07560661681649032, ""post_trade_weight"": 0.0756141275698917, ""diff_weight"": 0.07560661681649032, ""gross_amount"": 0.08633201259554463, ""gross_amount_pct_nav"": 0.07560661681649032, ""fee"": 2.5899603778663385e-05, ""fee_pct_nav"": 2.2681985044947095e-05, ""name"": ""中国银河""}]"
2023-11-13,0.08139784,0.16279568,0.08842378,0.09878679,0.00005616,0.00002653,0.00002964,0.00000000,rebalance,"[{""ts_code"": ""01810.HK"", ""side"": ""sell"", ""current_weight"": 0.09305352840860433, ""target_weight"": 0.0820376598579231, ""post_trade_weight"": 0.08204166666666667, ""diff_weight"": -0.011015868550681217, ""gross_amount"": 0.012667947315555539, ""gross_amount_pct_nav"": 0.011015868550681217, ""fee"": 3.8003841946666612e-06, ""fee_pct_nav"": 3.3047605652043646e-06, ""name"": ""小米集团-W""}, {""ts_code"": ""06881.HK"", ""side"": ""sell"", ""current_weight"": 0.07488773643550063, ""target_weight"": 0.0, ""post_trade_weight"": 0.0, ""diff_weight"": -0.07488773643550063, ""gross_amount"": 0.08611884713234576, ""gross_amount_pct_nav"": 0.07488773643550063, ""fee"": 2.5835654139703724e-05, ""fee_pct_nav"": 2.2466320930650187e-05, ""name"": ""中国银河""}, {""ts_code"": ""06886.HK"", ""side"": ""buy"", ""current_weight"": 0.0, ""target_weight"": 0.07689207784042514, ""post_trade_weight"": 0.07689583333333334, ""diff_weight"": 0.07689207784042514, ""gross_amount"": 0.08842378488674553, ""gross_amount_pct_nav"": 0.07689207784042514, ""fee"": 2.6527135466023658e-05, ""fee_pct_nav"": 2.306762335212754e-05, ""name"": ""HTSC""}]"
2023-11-20,0.16607605,0.33215211,0.19089296,0.20058615,0.00011744,0.00005727,0.00006018,0.00000000,rebalance,"[{""ts_code"": ""00700.HK"", ""side"": ""buy"", ""current_weight"": 0.0, ""target_weight"": 0.08087608997567118, ""post_trade_weight"": 0.08088414972787218, ""diff_weight"": 0.08087608997567118, ""gross_amount"": 0.09532168739690498, ""gross_amount_pct_nav"": 0.08087608997567118, ""fee"": 2.859650621907149e-05, ""fee_pct_nav"": 2.4262826992701352e-05, ""name"": ""腾讯控股""}, {""ts_code"": ""01810.HK"", ""side"": ""sell"", ""current_weight"": 0.07984667936390506, ""target_weight"": 0.0, ""post_trade_weight"": 0.0, ""diff_weight"": -0.07984667936390506, ""gross_amount"": 0.0941084096955801, ""gross_amount_pct_nav"": 0.07984667936390506, ""fee"": 2.8232522908674026e-05, ""fee_pct_nav"": 2.3954003809171516e-05, ""name"": ""小米集团-W""}, {""ts_code"": ""01919.HK"", ""side"": ""sell"", ""current_weight"": 0.10527303588151585, ""target_weight"": 0.09061705710667851, ""post_trade_weight"": 0.09062608760043364, ""diff_weight"": -0.014655978774837342, ""gross_amount"": 0.017273740949778474, ""gross_amount_pct_nav"": 0.014655978774837342, ""fee"": 5.182122284933542e-06, ""fee_pct_nav"": 4.396793632451202e-06, ""name"": ""中远海控""}, {""ts_code"": ""06881.HK"", ""side"": ""buy"", ""current_weight"": 0.0, ""target_weight"": 0.08108785013069307, ""post_trade_weight"": 0.08109593098597134, ""diff_weight"": 0.08108785013069307, ""gross_amount"": 0.09557127086843765, ""gross_amount_pct_nav"": 0.08108785013069307, ""fee"": 2.8671381260531294e-05, ""fee_pct_nav"": 2.432635503920792e-05, ""name"": ""中国银河""}, {""ts_code"": ""06886.HK"", ""side"": ""sell"", ""current_weight"": 0.07568550770429376, ""target_weight"": 0.0, ""post_trade_weight"": 0.0, ""diff_weight"": -0.07568550770429376, ""gross_amount"": 0.08920399475339326, ""gross_amount_pct_nav"": 0.07568550770429376, ""fee"": 2.6761198426017977e-05, ""fee_pct_nav"": 2.2705652311288126e-05, ""name"": ""HTSC""}]"
2023-11-27,0.12304264,0.24608529,0.20440723,0.07939260,0.00008514,0.00006132,0.00002382,0.00000000,rebalance,"[{""ts_code"": ""00659.HK"", ""side"": ""sell"", ""current_weight"": 0.06884201144742343, ""target_weight"": 0.0, ""post_trade_weight"": 0.0, ""diff_weight"": -0.06884201144742343, ""gross_amount"": 0.07939260150800599, ""gross_amount_pct_nav"": 0.06884201144742343, ""fee"": 2.3817780452401794e-05, ""fee_pct_nav"": 2.0652603434227023e-05, ""name"": ""周大福创建""}, {""ts_code"": ""00857.HK"", ""side"": ""buy"", ""current_weight"": 0.08769222999808983, ""target_weight"": 0.10514581149763877, ""post_trade_weight"": 0.10515357452195345, ""diff_weight"": 0.017453581499548943, ""gross_amount"": 0.020128482764328895, ""gross_amount_pct_nav"": 0.017453581499548943, ""fee"": 6.038544829298668e-06, ""fee_pct_nav"": 5.236074449864682e-06, ""name"": ""中国石油股份""}, {""ts_code"": ""00883.HK"", ""side"": ""buy"", ""current_weight"": 0.08754010820713244, ""target_weight"": 0.10146495860028755, ""post_trade_weight"": 0.10147244986341522, ""diff_weight"": 0.013924850393155105, ""gross_amount"": 0.01605894533117598, ""gross_amount_pct_nav"": 0.013924850393155105, ""fee"": 4.817683599352793e-06, ""fee_pct_nav"": 4.1774551179465305e-06, ""name"": ""中国海洋石油""}, {""ts_code"": ""00941.HK"", ""side"": ""buy"", ""current_weight"": 0.09637594896960282, ""target_weight"": 0.11380664184434751, ""post_trade_weight"": 0.11381504430674924, ""diff_weight"": 0.01743069287474468, ""gross_amount"": 0.020102086274308567, ""gross_amount_pct_nav"": 0.01743069287474468, ""fee"": 6.030625882292569e-06, ""fee_pct_nav"": 5.229207862423403e-06, ""name"": ""中国移动""}, {""ts_code"": ""01088.HK"", ""side"": ""buy"", ""current_weight"": 0.08949201534746394, ""target_weight"": 0.10038235480694896, ""post_trade_weight"": 0.10038976614031575, ""diff_weight"": 0.01089033945948503, ""gross_amount"": 0.012559371273660955, ""gross_amount_pct_nav"": 0.01089033945948503, ""fee"": 3.767811382098286e-06, ""fee_pct_nav"": 3.267101837845509e-06, ""name"": ""中国神华""}, {""ts_code"": ""01288.HK"", ""side"": ""buy"", ""current_weight"": 0.08227084904742006, ""target_weight"": 0.09626846039226232, ""post_trade_weight"": 0.09627556799253775, ""diff_weight"": 0.013997611344842257, ""gross_amount"": 0.016142857481927897, ""gross_amount_pct_nav"": 0.013997611344842257, ""fee"": 4.842857244578369e-06, ""fee_pct_nav"": 4.199283403452677e-06, ""name"": ""农业银行""}, {""ts_code"": ""02338.HK"", ""side"": ""buy"", ""current_weight"": 0.0, ""target_weight"": 0.09258760749491113, ""post_trade_weight"": 0.09259444333399956, ""diff_weight"": 0.09258760749491113, ""gross_amount"": 0.10677740048367323, ""gross_amount_pct_nav"": 0.09258760749491113, ""fee"": 3.2033220145101967e-05, ""fee_pct_nav"": 2.7776282248473335e-05, ""name"": ""潍柴动力""}, {""ts_code"": ""06881.HK"", ""side"": ""buy"", ""current_weight"": 0.07989684751073987, ""target_weight"": 0.09085544142556935, ""post_trade_weight"": 0.09086214937704037, ""diff_weight"": 0.010958593914829486, ""gross_amount"": 0.01263808627138363, ""gross_amount_pct_nav"": 0.010958593914829486, ""fee"": 3.791425881415089e-06, ""fee_pct_nav"": 3.2875781744488456e-06, ""name"": ""中国银河""}]"
2023-12-04,0.37988657,0.75977314,0.38368559,0.48316219,0.00026005,0.00011511,0.00014495,0.00000000,rebalance,"[{""ts_code"": ""00005.HK"", ""side"": ""sell"", ""current_weight"": 0.103624789640084, ""target_weight"": 0.0927573306974846, ""post_trade_weight"": 0.09277847787613402, ""diff_weight"": -0.01086745894259941, ""gross_amount"": 0.012399007240381052, ""gross_amount_pct_nav"": 0.01086745894259941, ""fee"": 3.719702172114315e-06, ""fee_pct_nav"": 3.260237682779823e-06, ""name"": ""汇丰控股""}, {""ts_code"": ""00288.HK"", ""side"": ""buy"", ""current_weight"": 0.0, ""target_weight"": 0.0768866834629163, ""post_trade_weight"": 0.07690421238940358, ""diff_weight"": 0.0768866834629163, ""gross_amount"": 0.08772230472467367, ""gross_amount_pct_nav"": 0.0768866834629163, ""fee"": 2.63166914174021e-05, ""fee_pct_nav"": 2.3066005038874888e-05, ""name"": ""万洲国际""}, {""ts_code"": ""00700.HK"", ""side"": ""sell"", ""current_weight"": 0.08104198713368549, ""target_weight"": 0.0, ""post_trade_weight"": 0.0, ""diff_weight"": -0.08104198713368549, ""gross_amount"": 0.09246321431282856, ""gross_amount_pct_nav"": 0.08104198713368549, ""fee"": 2.7738964293848565e-05, ""fee_pct_nav"": 2.4312596140105647e-05, ""name"": ""腾讯控股""}, {""ts_code"": ""00728.HK"", ""side"": ""buy"", ""current_weight"": 0.0, ""target_weight"": 0.08684632432950766, ""post_trade_weight"": 0.08686612389383139, ""diff_weight"": 0.08684632432950766, ""gross_amount"": 0.09908555531238865, ""gross_amount_pct_nav"": 0.08684632432950766, ""fee"": 2.9725666593716593e-05, ""fee_pct_nav"": 2.6053897298852295e-05, ""name"": ""中国电信""}, {""ts_code"": ""00857.HK"", ""side"": ""sell"", ""current_weight"": 0.10564170688513994, ""target_weight"": 0.08846577812895337, ""post_trade_weight"": 0.08848594690268141, ""diff_weight"": -0.017175928756186565, ""gross_amount"": 0.019596528142694497, ""gross_amount_pct_nav"": 0.017175928756186565, ""fee"": 5.878958442808349e-06, ""fee_pct_nav"": 5.1527786268559685e-06, ""name"": ""中国石油股份""}, {""ts_code"": ""00883.HK"", ""side"": ""sell"", ""current_weight"": 0.10207021774974567, ""target_weight"": 0.091461767657928, ""post_trade_weight"": 0.09148261946905399, ""diff_weight"": -0.010608450091817677, ""gross_amount"": 0.01210349633639439, ""gross_amount_pct_nav"": 0.010608450091817677, ""fee"": 3.6310489009183167e-06, ""fee_pct_nav"": 3.182535027545303e-06, ""name"": ""中国海洋石油""}, {""ts_code"": ""00941.HK"", ""side"": ""sell"", ""current_weight"": 0.11404322745946026, ""target_weight"": 0.09551040215654236, ""post_trade_weight"": 0.0955321769911791, ""diff_weight"": -0.018532825302917905, ""gross_amount"": 0.021144651783762125, ""gross_amount_pct_nav"": 0.018532825302917905, ""fee"": 6.343395535128637e-06, ""fee_pct_nav"": 5.559847590875371e-06, ""name"": ""中国移动""}, {""ts_code"": ""01088.HK"", ""side"": ""sell"", ""current_weight"": 0.10244759540588663, ""target_weight"": 0.08903258695875939, ""post_trade_weight"": 0.08905288495577891, ""diff_weight"": -0.01341500844712725, ""gross_amount"": 0.015305582265758094, ""gross_amount_pct_nav"": 0.01341500844712725, ""fee"": 4.591674679727428e-06, ""fee_pct_nav"": 4.024502534138175e-06, ""name"": ""中国神华""}, {""ts_code"": ""01171.HK"", ""side"": ""buy"", ""current_weight"": 0.0, ""target_weight"": 0.08708924239942449, ""post_trade_weight"": 0.08710909734515886, ""diff_weight"": 0.08708924239942449, ""gross_amount"": 0.09936270776574752, ""gross_amount_pct_nav"": 0.08708924239942449, ""fee"": 2.9808812329724252e-05, ""fee_pct_nav"": 2.6126772719827344e-05, ""name"": ""兖矿能源""}, {""ts_code"": ""01919.HK"", ""side"": ""sell"", ""current_weight"": 0.09321786047183374, ""target_weight"": 0.0, ""post_trade_weight"": 0.0, ""diff_weight"": -0.09321786047183374, ""gross_amount"": 0.10635503046553373, ""gross_amount_pct_nav"": 0.09321786047183374, ""fee"": 3.1906509139660115e-05, ""fee_pct_nav"": 2.796535814155012e-05, ""name"": ""中远海控""}, {""ts_code"": ""02338.HK"", ""side"": ""sell"", ""current_weight"": 0.08951901253990806, ""target_weight"": 0.0, ""post_trade_weight"": 0.0, ""diff_weight"": -0.08951901253990806, ""gross_amount"": 0.10213490481047005, ""gross_amount_pct_nav"": 0.08951901253990806, ""fee"": 3.0640471443141014e-05, ""fee_pct_nav"": 2.6855703761972417e-05, ""name"": ""潍柴动力""}, {""ts_code"": ""03988.HK"", ""side"": ""buy"", ""current_weight"": 0.0, ""target_weight"": 0.08546978859997877, ""post_trade_weight"": 0.08548927433630885, ""diff_weight"": 0.08546978859997877, ""gross_amount"": 0.09751502474335487, ""gross_amount_pct_nav"": 0.08546978859997877, ""fee"": 2.925450742300646e-05, ""fee_pct_nav"": 2.564093657999363e-05, ""name"": ""中国银行""}, {""ts_code"": ""06881.HK"", ""side"": ""sell"", ""current_weight"": 0.08910256992881094, ""target_weight"": 0.0, ""post_trade_weight"": 0.0, ""diff_weight"": -0.08910256992881094, ""gross_amount"": 0.10165977304531047, ""gross_amount_pct_nav"": 0.08910256992881094, ""fee"": 3.0497931913593138e-05, ""fee_pct_nav"": 2.6730770978643276e-05, ""name"": ""中国银河""}]"
2023-12-11,0.18274943,0.36549887,0.07200054,0.33636678,0.00012251,0.00002160,0.00010091,0.00000000,rebalance,"[{""ts_code"": ""00002.HK"", ""side"": ""buy"", ""current_weight"": 0.0, ""target_weight"": 0.06444226518265786, ""post_trade_weight"": 0.06444933202997721, ""diff_weight"": 0.06444226518265786, ""gross_amount"": 0.07200053877327821, ""gross_amount_pct_nav"": 0.06444226518265786, ""fee"": 2.160016163198346e-05, ""fee_pct_nav"": 1.9332679554797356e-05, ""name"": ""中电控股""}, {""ts_code"": ""00005.HK"", ""side"": ""sell"", ""current_weight"": 0.09567895544285498, ""target_weight"": 0.07490380938253727, ""post_trade_weight"": 0.07491202346041059, ""diff_weight"": -0.020775146060317717, ""gross_amount"": 0.023211811459398643, ""gross_amount_pct_nav"": 0.020775146060317717, ""fee"": 6.963543437819592e-06, ""fee_pct_nav"": 6.2325438180953145e-06, ""name"": ""汇丰控股""}, {""ts_code"": ""00288.HK"", ""side"": ""sell"", ""current_weight"": 0.07426081313638819, ""target_weight"": 0.0, ""post_trade_weight"": 0.0, ""diff_weight"": -0.07426081313638819, ""gross_amount"": 0.08297067988542052, ""gross_amount_pct_nav"": 0.07426081313638819, ""fee"": 2.4891203965626154e-05, ""fee_pct_nav"": 2.2278243940916457e-05, ""name"": ""万洲国际""}, {""ts_code"": ""00728.HK"", ""side"": ""sell"", ""current_weight"": 0.08693532660480269, ""target_weight"": 0.057284366519582484, ""post_trade_weight"": 0.0572906484196807, ""diff_weight"": -0.0296509600852202, ""gross_amount"": 0.03312864771636462, ""gross_amount_pct_nav"": 0.0296509600852202, ""fee"": 9.938594314909384e-06, ""fee_pct_nav"": 8.895288025566058e-06, ""name"": ""中国电信""}, {""ts_code"": ""00857.HK"", ""side"": ""sell"", ""current_weight"": 0.08559273474936847, ""target_weight"": 0.06485522087475837, ""post_trade_weight"": 0.06486233300749433, ""diff_weight"": -0.020737513874610095, ""gross_amount"": 0.023169765487884686, ""gross_amount_pct_nav"": 0.020737513874610095, ""fee"": 6.950929646365405e-06, ""fee_pct_nav"": 6.221254162383028e-06, ""name"": ""中国石油股份""}, {""ts_code"": ""00883.HK"", ""side"": ""sell"", ""current_weight"": 0.08995185037902534, ""target_weight"": 0.06953538538523073, ""post_trade_weight"": 0.0695430107526882, ""diff_weight"": -0.020416464993794604, ""gross_amount"": 0.02281106157942099, ""gross_amount_pct_nav"": 0.020416464993794604, ""fee"": 6.8433184738262965e-06, ""fee_pct_nav"": 6.124939498138381e-06, ""name"": ""中国海洋石油""}, {""ts_code"": ""00941.HK"", ""side"": ""sell"", ""current_weight"": 0.09660195738250006, ""target_weight"": 0.06884712589839655, ""post_trade_weight"": 0.06885467579015968, ""diff_weight"": -0.02775483148410352, ""gross_amount"": 0.031010126890368528, ""gross_amount_pct_nav"": 0.02775483148410352, ""fee"": 9.303038067110557e-06, ""fee_pct_nav"": 8.326449445231054e-06, ""name"": ""中国移动""}, {""ts_code"": ""01088.HK"", ""side"": ""sell"", ""current_weight"": 0.08826812828948646, ""target_weight"": 0.06623173984842672, ""post_trade_weight"": 0.06623900293255135, ""diff_weight"": -0.02203638844105975, ""gross_amount"": 0.0246209818335269, ""gross_amount_pct_nav"": 0.02203638844105975, ""fee"": 7.38629455005807e-06, ""fee_pct_nav"": 6.6109165323179244e-06, ""name"": ""中国神华""}, {""ts_code"": ""01171.HK"", ""side"": ""sell"", ""current_weight"": 0.08727550597665679, ""target_weight"": 0.058110277903783494, ""post_trade_weight"": 0.05811665037471492, ""diff_weight"": -0.029165228072873292, ""gross_amount"": 0.03258594539996905, ""gross_amount_pct_nav"": 0.029165228072873292, ""fee"": 9.775783619990713e-06, ""fee_pct_nav"": 8.749568421861985e-06, ""name"": ""兖矿能源""}, {""ts_code"": ""01288.HK"", ""side"": ""sell"", ""current_weight"": 0.0956874857463455, ""target_weight"": 0.0625151386195222, ""post_trade_weight"": 0.0625219941348974, ""diff_weight"": -0.0331723471268233, ""gross_amount"": 0.037063049517822313, ""gross_amount_pct_nav"": 0.0331723471268233, ""fee"": 1.1118914855346694e-05, ""fee_pct_nav"": 9.95170413804699e-06, ""name"": ""农业银行""}, {""ts_code"": ""03988.HK"", ""side"": ""sell"", ""current_weight"": 0.08629030502439985, ""target_weight"": 0.06320339810635635, ""post_trade_weight"": 0.0632103290974259, ""diff_weight"": -0.023086906918043503, ""gross_amount"": 0.025794713019414342, ""gross_amount_pct_nav"": 0.023086906918043503, ""fee"": 7.738413905824302e-06, ""fee_pct_nav"": 6.9260720754130515e-06, ""name"": ""中国银行""}]"
2023-12-18,0.16983782,0.33967563,0.31900637,0.06308352,0.00011463,0.00009570,0.00001893,0.00000000,rebalance,"[{""ts_code"": ""00002.HK"", ""side"": ""buy"", ""current_weight"": 0.06684659098572086, ""target_weight"": 0.0885422308462804, ""post_trade_weight"": 0.08855125445725837, ""diff_weight"": 0.021695639860559536, ""gross_amount"": 0.024404708383041332, ""gross_amount_pct_nav"": 0.021695639860559536, ""fee"": 7.321412514912399e-06, ""fee_pct_nav"": 6.50869195816786e-06, ""name"": ""中电控股""}, {""ts_code"": ""00005.HK"", ""side"": ""buy"", ""current_weight"": 0.074465672528987, ""target_weight"": 0.10015414134035908, ""post_trade_weight"": 0.10016434835683753, ""diff_weight"": 0.025688468811372076, ""gross_amount"": 0.02889610973346142, ""gross_amount_pct_nav"": 0.025688468811372076, ""fee"": 8.668832920038426e-06, ""fee_pct_nav"": 7.706540643411623e-06, ""name"": ""汇丰控股""}, {""ts_code"": ""00288.HK"", ""side"": ""buy"", ""current_weight"": 0.0, ""target_weight"": 0.07972305831913204, ""post_trade_weight"": 0.07973118314112229, ""diff_weight"": 0.07972305831913204, ""gross_amount"": 0.08967783398818074, ""gross_amount_pct_nav"": 0.07972305831913204, ""fee"": 2.6903350196454222e-05, ""fee_pct_nav"": 2.3916917495739613e-05, ""name"": ""万洲国际""}, {""ts_code"": ""00728.HK"", ""side"": ""sell"", ""current_weight"": 0.056080874858763265, ""target_weight"": 0.0, ""post_trade_weight"": 0.0, ""diff_weight"": -0.056080874858763265, ""gross_amount"": 0.06308352302998886, ""gross_amount_pct_nav"": 0.056080874858763265, ""fee"": 1.8925056908996656e-05, ""fee_pct_nav"": 1.6824262457628978e-05, ""name"": ""中国电信""}, {""ts_code"": ""00857.HK"", ""side"": ""buy"", ""current_weight"": 0.06537968771099154, ""target_weight"": 0.08766031359356558, ""post_trade_weight"": 0.08766924732564477, ""diff_weight"": 0.022280625882574043, ""gross_amount"": 0.025062739829321584, ""gross_amount_pct_nav"": 0.022280625882574043, ""fee"": 7.518821948796475e-06, ""fee_pct_nav"": 6.684187764772212e-06, ""name"": ""中国石油股份""}, {""ts_code"": ""00883.HK"", ""side"": ""buy"", ""current_weight"": 0.06837675750789263, ""target_weight"": 0.09060003776928167, ""post_trade_weight"": 0.09060927109769011, ""diff_weight"": 0.022223280261389058, ""gross_amount"": 0.02499823363494065, ""gross_amount_pct_nav"": 0.022223280261389058, ""fee"": 7.499470090482194e-06, ""fee_pct_nav"": 6.666984078416716e-06, ""name"": ""中国海洋石油""}, {""ts_code"": ""00941.HK"", ""side"": ""buy"", ""current_weight"": 0.0677252616287863, ""target_weight"": 0.09133496881321071, ""post_trade_weight"": 0.09134427704070146, ""diff_weight"": 0.02360970718442442, ""gross_amount"": 0.02655777946850625, ""gross_amount_pct_nav"": 0.02360970718442442, ""fee"": 7.967333840551874e-06, ""fee_pct_nav"": 7.0829121553273254e-06, ""name"": ""中国移动""}, {""ts_code"": ""01088.HK"", ""side"": ""buy"", ""current_weight"": 0.06685698197546625, ""target_weight"": 0.08707236875842234, ""post_trade_weight"": 0.08708124257123567, ""diff_weight"": 0.020215386782956098, ""gross_amount"": 0.022739620608530325, ""gross_amount_pct_nav"": 0.020215386782956098, ""fee"": 6.821886182559097e-06, ""fee_pct_nav"": 6.064616034886828e-06, ""name"": ""中国神华""}, {""ts_code"": ""01171.HK"", ""side"": ""buy"", ""current_weight"": 0.05748808239449149, ""target_weight"": 0.07920860658838173, ""post_trade_weight"": 0.07921667898101437, ""diff_weight"": 0.021720524193890253, ""gross_amount"": 0.024432699947343914, ""gross_amount_pct_nav"": 0.021720524193890253, ""fee"": 7.329809984203174e-06, ""fee_pct_nav"": 6.516157258167075e-06, ""name"": ""兖矿能源""}, {""ts_code"": ""01288.HK"", ""side"": ""buy"", ""current_weight"": 0.06448213429942384, ""target_weight"": 0.08207483765970494, ""post_trade_weight"": 0.08208320215875857, ""diff_weight"": 0.017592703360281098, ""gross_amount"": 0.01978945068854672, ""gross_amount_pct_nav"": 0.017592703360281098, ""fee"": 5.936835206564015e-06, ""fee_pct_nav"": 5.2778110080843296e-06, ""name"": ""农业银行""}, {""ts_code"": ""03988.HK"", ""side"": ""buy"", ""current_weight"": 0.0646944001638479, ""target_weight"": 0.09353976194499779, ""post_trade_weight"": 0.09354929486973546, ""diff_weight"": 0.02884536178114988, ""gross_amount"": 0.03244719432092072, ""gross_amount_pct_nav"": 0.02884536178114988, ""fee"": 9.734158296276215e-06, ""fee_pct_nav"": 8.653608534344963e-06, ""name"": ""中国银行""}]"
2023-12-27,0.07664430,0.15328860,0.08804255,0.08874369,0.00005304,0.00002641,0.00002662,0.00000000,rebalance,"[{""ts_code"": ""00288.HK"", ""side"": ""sell"", ""current_weight"": 0.07694827486335667, ""target_weight"": 0.0, ""post_trade_weight"": 0.0, ""diff_weight"": -0.07694827486335667, ""gross_amount"": 0.0887436898841372, ""gross_amount_pct_nav"": 0.07694827486335667, ""fee"": 2.6623106965241154e-05, ""fee_pct_nav"": 2.3084482459006998e-05, ""name"": ""万洲国际""}, {""ts_code"": ""01919.HK"", ""side"": ""buy"", ""current_weight"": 0.0, ""target_weight"": 0.07634032596912475, ""post_trade_weight"": 0.07634383676110053, ""diff_weight"": 0.07634032596912475, ""gross_amount"": 0.0880425483935589, ""gross_amount_pct_nav"": 0.07634032596912475, ""fee"": 2.641276451806767e-05, ""fee_pct_nav"": 2.2902097790737424e-05, ""name"": ""中远海控""}]"
2024-01-02,0.24156563,0.48313126,0.27926643,0.28569216,0.00016949,0.00008378,0.00008571,0.00000000,rebalance,"[{""ts_code"": ""00002.HK"", ""side"": ""sell"", ""current_weight"": 0.08571101669083288, ""target_weight"": 0.0, ""post_trade_weight"": 0.0, ""diff_weight"": -0.08571101669083288, ""gross_amount"": 0.10022778095828798, ""gross_amount_pct_nav"": 0.08571101669083288, ""fee"": 3.0068334287486392e-05, ""fee_pct_nav"": 2.5713305007249864e-05, ""name"": ""中电控股""}, {""ts_code"": ""00728.HK"", ""side"": ""buy"", ""current_weight"": 0.0, ""target_weight"": 0.08203889882931253, ""post_trade_weight"": 0.08205079122007126, ""diff_weight"": 0.08203889882931253, ""gross_amount"": 0.09593372123426137, ""gross_amount_pct_nav"": 0.08203889882931253, ""fee"": 2.878011637027841e-05, ""fee_pct_nav"": 2.461166964879376e-05, ""name"": ""中国电信""}, {""ts_code"": ""00939.HK"", ""side"": ""buy"", ""current_weight"": 0.0, ""target_weight"": 0.08076164651220948, ""post_trade_weight"": 0.08077335375197435, ""diff_weight"": 0.08076164651220948, ""gross_amount"": 0.09444014234079383, ""gross_amount_pct_nav"": 0.08076164651220948, ""fee"": 2.8332042702238148e-05, ""fee_pct_nav"": 2.422849395366284e-05, ""name"": ""建设银行""}, {""ts_code"": ""01171.HK"", ""side"": ""sell"", ""current_weight"": 0.0822316827060347, ""target_weight"": 0.0, ""post_trade_weight"": 0.0, ""diff_weight"": -0.0822316827060347, ""gross_amount"": 0.09615915666735272, ""gross_amount_pct_nav"": 0.0822316827060347, ""fee"": 2.8847747000205816e-05, ""fee_pct_nav"": 2.466950481181041e-05, ""name"": ""兖矿能源""}, {""ts_code"": ""01919.HK"", ""side"": ""sell"", ""current_weight"": 0.07637045345141805, ""target_weight"": 0.0, ""post_trade_weight"": 0.0, ""diff_weight"": -0.07637045345141805, ""gross_amount"": 0.08930521857912493, ""gross_amount_pct_nav"": 0.07637045345141805, ""fee"": 2.679156557373748e-05, ""fee_pct_nav"": 2.291113603542541e-05, ""name"": ""中远海控""}, {""ts_code"": ""02328.HK"", ""side"": ""buy"", ""current_weight"": 0.0, ""target_weight"": 0.0760175664772552, ""post_trade_weight"": 0.07602858601332865, ""diff_weight"": 0.0760175664772552, ""gross_amount"": 0.08889256359362867, ""gross_amount_pct_nav"": 0.0760175664772552, ""fee"": 2.66677690780886e-05, ""fee_pct_nav"": 2.2805269943176562e-05, ""name"": ""中国财险""}]"
2024-01-08,0.23370316,0.46740633,0.14058865,0.41442008,0.00016650,0.00004218,0.00012433,0.00000000,rebalance,"[{""ts_code"": ""00005.HK"", ""side"": ""sell"", ""current_weight"": 0.09849111475308013, ""target_weight"": 0.06443345928545881, ""post_trade_weight"": 0.06444249553449306, ""diff_weight"": -0.03405765546762132, ""gross_amount"": 0.04044082236064912, ""gross_amount_pct_nav"": 0.03405765546762132, ""fee"": 1.2132246708194736e-05, ""fee_pct_nav"": 1.0217296640286396e-05, ""name"": ""汇丰控股""}, {""ts_code"": ""00728.HK"", ""side"": ""sell"", ""current_weight"": 0.08302338373781999, ""target_weight"": 0.06117047611761865, ""post_trade_weight"": 0.061179054760793675, ""diff_weight"": -0.021852907620201336, ""gross_amount"": 0.025948631607141018, ""gross_amount_pct_nav"": 0.021852907620201336, ""fee"": 7.784589482142305e-06, ""fee_pct_nav"": 6.555872286060401e-06, ""name"": ""中国电信""}, {""ts_code"": ""00857.HK"", ""side"": ""sell"", ""current_weight"": 0.09141622495446858, ""target_weight"": 0.06660878139735224, ""post_trade_weight"": 0.0666181227169593, ""diff_weight"": -0.024807443557116345, ""gross_amount"": 0.029456913705317958, ""gross_amount_pct_nav"": 0.024807443557116345, ""fee"": 8.837074111595387e-06, ""fee_pct_nav"": 7.442233067134903e-06, ""name"": ""中国石油股份""}, {""ts_code"": ""00883.HK"", ""side"": ""sell"", ""current_weight"": 0.09578850073877677, ""target_weight"": 0.06864814587725232, ""post_trade_weight"": 0.06865777320052141, ""diff_weight"": -0.02714035486152445, ""gross_amount"": 0.03222706480201962, ""gross_amount_pct_nav"": 0.02714035486152445, ""fee"": 9.668119440605884e-06, ""fee_pct_nav"": 8.142106458457334e-06, ""name"": ""中国海洋石油""}, {""ts_code"": ""00939.HK"", ""side"": ""sell"", ""current_weight"": 0.07896564134495829, ""target_weight"": 0.0, ""post_trade_weight"": 0.0, ""diff_weight"": -0.07896564134495829, ""gross_amount"": 0.09376556989550244, ""gross_amount_pct_nav"": 0.07896564134495829, ""fee"": 2.812967096865073e-05, ""fee_pct_nav"": 2.3689692403487484e-05, ""name"": ""建设银行""}, {""ts_code"": ""00941.HK"", ""side"": ""sell"", ""current_weight"": 0.0917842514946504, ""target_weight"": 0.07095942562113912, ""post_trade_weight"": 0.07096937708189181, ""diff_weight"": -0.02082482587351128, ""gross_amount"": 0.024727864331200805, ""gross_amount_pct_nav"": 0.02082482587351128, ""fee"": 7.418359299360241e-06, ""fee_pct_nav"": 6.247447762053383e-06, ""name"": ""中国移动""}, {""ts_code"": ""01088.HK"", ""side"": ""sell"", ""current_weight"": 0.0920870743728049, ""target_weight"": 0.07082346798914575, ""post_trade_weight"": 0.07083340038298766, ""diff_weight"": -0.021263606383659147, ""gross_amount"": 0.025248882129477457, ""gross_amount_pct_nav"": 0.021263606383659147, ""fee"": 7.574664638843236e-06, ""fee_pct_nav"": 6.379081915097743e-06, ""name"": ""中国神华""}, {""ts_code"": ""01171.HK"", ""side"": ""buy"", ""current_weight"": 0.0, ""target_weight"": 0.06117047611761865, ""post_trade_weight"": 0.061179054760793675, ""diff_weight"": 0.06117047611761865, ""gross_amount"": 0.07263519242364692, ""gross_amount_pct_nav"": 0.06117047611761865, ""fee"": 2.1790557727094075e-05, ""fee_pct_nav"": 1.8351142835285592e-05, ""name"": ""兖矿能源""}, {""ts_code"": ""01288.HK"", ""side"": ""sell"", ""current_weight"": 0.08063066254503147, ""target_weight"": 0.06348175586150545, ""post_trade_weight"": 0.06349065864216409, ""diff_weight"": -0.01714890668352603, ""gross_amount"": 0.020362995612752954, ""gross_amount_pct_nav"": 0.01714890668352603, ""fee"": 6.1088986838258856e-06, ""fee_pct_nav"": 5.144672005057808e-06, ""name"": ""农业银行""}, {""ts_code"": ""01816.HK"", ""side"": ""buy"", ""current_weight"": 0.0, ""target_weight"": 0.05722770478981181, ""post_trade_weight"": 0.0572357304925736, ""diff_weight"": 0.05722770478981181, ""gross_amount"": 0.06795345750422226, ""gross_amount_pct_nav"": 0.05722770478981181, ""fee"": 2.0386037251266675e-05, ""fee_pct_nav"": 1.716831143694354e-05, ""name"": ""中广核电力""}, {""ts_code"": ""02328.HK"", ""side"": ""sell"", ""current_weight"": 0.07906365328774914, ""target_weight"": 0.0, ""post_trade_weight"": 0.0, ""diff_weight"": -0.07906365328774914, ""gross_amount"": 0.0938819514700179, ""gross_amount_pct_nav"": 0.07906365328774914, ""fee"": 2.816458544100537e-05, ""fee_pct_nav"": 2.371909598632474e-05, ""name"": ""中国财险""}, {""ts_code"": ""03988.HK"", ""side"": ""sell"", ""current_weight"": 0.08926831331348882, ""target_weight"": 0.06538516270941219, ""post_trade_weight"": 0.06539433242682205, ""diff_weight"": -0.02388315060407663, ""gross_amount"": 0.028359387565897842, ""gross_amount_pct_nav"": 0.02388315060407663, ""fee"": 8.507816269769352e-06, ""fee_pct_nav"": 7.164945181222988e-06, ""name"": ""中国银行""}]"
2024-01-15,0.00000000,0.00000000,0.00000000,0.00000000,0.00000000,0.00000000,0.00000000,0.00000000,rebalance,
2024-01-22,0.00000000,0.00000000,0.00000000,0.00000000,0.00000000,0.00000000,0.00000000,0.00000000,rebalance,
2024-01-29,0.12204642,0.24409284,0.15003659,0.14763207,0.00008930,0.00004501,0.00004429,0.00000000,rebalance,"[{""ts_code"": ""00939.HK"", ""side"": ""buy"", ""current_weight"": 0.0, ""target_weight"": 0.06259960159023234, ""post_trade_weight"": 0.06260418596036928, ""diff_weight"": 0.06259960159023234, ""gross_amount"": 0.07633955677248497, ""gross_amount_pct_nav"": 0.06259960159023234, ""fee"": 2.290186703174549e-05, ""fee_pct_nav"": 1.87798804770697e-05, ""name"": ""建设银行""}, {""ts_code"": ""01171.HK"", ""side"": ""sell"", ""current_weight"": 0.062043714886424635, ""target_weight"": 0.0, ""post_trade_weight"": 0.0, ""diff_weight"": -0.062043714886424635, ""gross_amount"": 0.07566165877463223, ""gross_amount_pct_nav"": 0.062043714886424635, ""fee"": 2.2698497632389667e-05, ""fee_pct_nav"": 1.861311446592739e-05, ""name"": ""兖矿能源""}, {""ts_code"": ""01398.HK"", ""side"": ""buy"", ""current_weight"": 0.0, ""target_weight"": 0.06043269230441659, ""post_trade_weight"": 0.06043711798481802, ""diff_weight"": 0.06043269230441659, ""gross_amount"": 0.0736970336534374, ""gross_amount_pct_nav"": 0.06043269230441659, ""fee"": 2.2109110096031217e-05, ""fee_pct_nav"": 1.8129807691324977e-05, ""name"": ""工商银行""}, {""ts_code"": ""01816.HK"", ""side"": ""sell"", ""current_weight"": 0.059016835097067316, ""target_weight"": 0.0, ""post_trade_weight"": 0.0, ""diff_weight"": -0.059016835097067316, ""gross_amount"": 0.07197041065718118, ""gross_amount_pct_nav"": 0.059016835097067316, ""fee"": 2.1591123197154352e-05, ""fee_pct_nav"": 1.7705050529120192e-05, ""name"": ""中广核电力""}]"
2024-02-05,0.18276273,0.36552546,0.21737532,0.22450442,0.00013256,0.00006521,0.00006735,0.00000000,rebalance,"[{""ts_code"": ""00006.HK"", ""side"": ""buy"", ""current_weight"": 0.0, ""target_weight"": 0.06077125180810733, ""post_trade_weight"": 0.060777916570809325, ""diff_weight"": 0.06077125180810733, ""gross_amount"": 0.07346570525692048, ""gross_amount_pct_nav"": 0.06077125180810733, ""fee"": 2.2039711577076142e-05, ""fee_pct_nav"": 1.82313755424322e-05, ""name"": ""电能实业""}, {""ts_code"": ""00728.HK"", ""side"": ""sell"", ""current_weight"": 0.06363761627643225, ""target_weight"": 0.0, ""post_trade_weight"": 0.0, ""diff_weight"": -0.06363761627643225, ""gross_amount"": 0.07693082208310992, ""gross_amount_pct_nav"": 0.06363761627643225, ""fee"": 2.3079246624932974e-05, ""fee_pct_nav"": 1.9091284882929673e-05, ""name"": ""中国电信""}, {""ts_code"": ""00939.HK"", ""side"": ""sell"", ""current_weight"": 0.06212999374032399, ""target_weight"": 0.0, ""post_trade_weight"": 0.0, ""diff_weight"": -0.06212999374032399, ""gross_amount"": 0.0751082735987352, ""gross_amount_pct_nav"": 0.06212999374032399, ""fee"": 2.253248207962056e-05, ""fee_pct_nav"": 1.8638998122097197e-05, ""name"": ""建设银行""}, {""ts_code"": ""01171.HK"", ""side"": ""buy"", ""current_weight"": 0.0, ""target_weight"": 0.059660299059286236, ""post_trade_weight"": 0.05966684198417473, ""diff_weight"": 0.059660299059286236, ""gross_amount"": 0.07212268656352624, ""gross_amount_pct_nav"": 0.059660299059286236, ""fee"": 2.1636805969057872e-05, ""fee_pct_nav"": 1.7898089717785868e-05, ""name"": ""兖矿能源""}, {""ts_code"": ""01398.HK"", ""side"": ""sell"", ""current_weight"": 0.05994373431052057, ""target_weight"": 0.0, ""post_trade_weight"": 0.0, ""diff_weight"": -0.05994373431052057, ""gross_amount"": 0.07246532835560836, ""gross_amount_pct_nav"": 0.05994373431052057, ""fee"": 2.1739598506682504e-05, ""fee_pct_nav"": 1.798312029315617e-05, ""name"": ""工商银行""}, {""ts_code"": ""02328.HK"", ""side"": ""buy"", ""current_weight"": 0.0, ""target_weight"": 0.059382560872080964, ""post_trade_weight"": 0.059389073337516085, ""diff_weight"": 0.059382560872080964, ""gross_amount"": 0.0717869318901777, ""gross_amount_pct_nav"": 0.059382560872080964, ""fee"": 2.1536079567053306e-05, ""fee_pct_nav"": 1.781476826162429e-05, ""name"": ""中国财险""}]"
2024-02-14,0.12261293,0.24522586,0.15299347,0.14304014,0.00008881,0.00004590,0.00004291,0.00000000,rebalance,"[{""ts_code"": ""00006.HK"", ""side"": ""sell"", ""current_weight"": 0.05967761858736139, ""target_weight"": 0.0, ""post_trade_weight"": 0.0, ""diff_weight"": -0.05967761858736139, ""gross_amount"": 0.07204207960300088, ""gross_amount_pct_nav"": 0.05967761858736139, ""fee"": 2.1612623880900262e-05, ""fee_pct_nav"": 1.7903285576208414e-05, ""name"": ""电能实业""}, {""ts_code"": ""00728.HK"", ""side"": ""buy"", ""current_weight"": 0.0, ""target_weight"": 0.060926496577639204, ""post_trade_weight"": 0.060930979133232796, ""diff_weight"": 0.060926496577639204, ""gross_amount"": 0.07354970959427343, ""gross_amount_pct_nav"": 0.060926496577639204, ""fee"": 2.2064912878282024e-05, ""fee_pct_nav"": 1.8277948973291758e-05, ""name"": ""中国电信""}, {""ts_code"": ""01816.HK"", ""side"": ""buy"", ""current_weight"": 0.0, ""target_weight"": 0.06580896239927195, ""post_trade_weight"": 0.06581380417336173, ""diff_weight"": 0.06580896239927195, ""gross_amount"": 0.07944376166449946, ""gross_amount_pct_nav"": 0.06580896239927195, ""fee"": 2.3833128499349836e-05, ""fee_pct_nav"": 1.9742688719781582e-05, ""name"": ""中广核电力""}, {""ts_code"": ""02328.HK"", ""side"": ""sell"", ""current_weight"": 0.058812786047050196, ""target_weight"": 0.0, ""post_trade_weight"": 0.0, ""diff_weight"": -0.058812786047050196, ""gross_amount"": 0.07099806450676915, ""gross_amount_pct_nav"": 0.058812786047050196, ""fee"": 2.1299419352030745e-05, ""fee_pct_nav"": 1.764383581411506e-05, ""name"": ""中国财险""}]"
2024-02-19,0.19143173,0.38286347,0.22545101,0.24781686,0.00014198,0.00006764,0.00007435,0.00000000,rebalance,"[{""ts_code"": ""00728.HK"", ""side"": ""sell"", ""current_weight"": 0.061002652032117036, ""target_weight"": 0.0, ""post_trade_weight"": 0.0, ""diff_weight"": -0.061002652032117036, ""gross_amount"": 0.0754070254931187, ""gross_amount_pct_nav"": 0.061002652032117036, ""fee"": 2.2622107647935607e-05, ""fee_pct_nav"": 1.830079560963511e-05, ""name"": ""中国电信""}, {""ts_code"": ""00939.HK"", ""side"": ""buy"", ""current_weight"": 0.0, ""target_weight"": 0.05933896418817821, ""post_trade_weight"": 0.05934578058760944, ""diff_weight"": 0.05933896418817821, ""gross_amount"": 0.07335049602298292, ""gross_amount_pct_nav"": 0.05933896418817821, ""fee"": 2.2005148806894873e-05, ""fee_pct_nav"": 1.780168925645346e-05, ""name"": ""建设银行""}, {""ts_code"": ""01088.HK"", ""side"": ""sell"", ""current_weight"": 0.07515238236424787, ""target_weight"": 0.06495509330160391, ""post_trade_weight"": 0.06496255483833772, ""diff_weight"": -0.010197289062643966, ""gross_amount"": 0.012605144378028912, ""gross_amount_pct_nav"": 0.010197289062643966, ""fee"": 3.7815433134086735e-06, ""fee_pct_nav"": 3.0591867187931898e-06, ""name"": ""中国神华""}, {""ts_code"": ""01171.HK"", ""side"": ""sell"", ""current_weight"": 0.06170674091769657, ""target_weight"": 0.0, ""post_trade_weight"": 0.0, ""diff_weight"": -0.06170674091769657, ""gross_amount"": 0.07627736877780679, ""gross_amount_pct_nav"": 0.06170674091769657, ""fee"": 2.2883210633342034e-05, ""fee_pct_nav"": 1.851202227530897e-05, ""name"": ""兖矿能源""}, {""ts_code"": ""01398.HK"", ""side"": ""buy"", ""current_weight"": 0.0, ""target_weight"": 0.06308305026379535, ""post_trade_weight"": 0.06309029675476163, ""diff_weight"": 0.06308305026379535, ""gross_amount"": 0.07797866192639068, ""gross_amount_pct_nav"": 0.06308305026379535, ""fee"": 2.33935985779172e-05, ""fee_pct_nav"": 1.89249150791386e-05, ""name"": ""工商银行""}, {""ts_code"": ""01816.HK"", ""side"": ""sell"", ""current_weight"": 0.06757179418952233, ""target_weight"": 0.0, ""post_trade_weight"": 0.0, ""diff_weight"": -0.06757179418952233, ""gross_amount"": 0.08352731950706717, ""gross_amount_pct_nav"": 0.06757179418952233, ""fee"": 2.505819585212015e-05, ""fee_pct_nav"": 2.0271538256856698e-05, ""name"": ""中广核电力""}, {""ts_code"": ""02328.HK"", ""side"": ""buy"", ""current_weight"": 0.0, ""target_weight"": 0.0599629785341144, ""post_trade_weight"": 0.05996986661546814, ""diff_weight"": 0.0599629785341144, ""gross_amount"": 0.07412185700688421, ""gross_amount_pct_nav"": 0.0599629785341144, ""fee"": 2.2236557102065263e-05, ""fee_pct_nav"": 1.7988893560234317e-05, ""name"": ""中国财险""}]"
2024-02-26,0.06007405,0.12014810,0.07895652,0.07289904,0.00004556,0.00002369,0.00002187,0.00000000,rebalance,"[{""ts_code"": ""00005.HK"", ""side"": ""sell"", ""current_weight"": 0.05767770863039199, ""target_weight"": 0.0, ""post_trade_weight"": 0.0, ""diff_weight"": -0.05767770863039199, ""gross_amount"": 0.07289904160929243, ""gross_amount_pct_nav"": 0.05767770863039199, ""fee"": 2.1869712482787727e-05, ""fee_pct_nav"": 1.7303312589117595e-05, ""name"": ""汇丰控股""}, {""ts_code"": ""01816.HK"", ""side"": ""buy"", ""current_weight"": 0.0, ""target_weight"": 0.06247038838903748, ""post_trade_weight"": 0.06247264017968749, ""diff_weight"": 0.06247038838903748, ""gross_amount"": 0.0789565249844453, ""gross_amount_pct_nav"": 0.06247038838903748, ""fee"": 2.368695749533359e-05, ""fee_pct_nav"": 1.8741116516711243e-05, ""name"": ""中广核电力""}]"
2024-03-04,0.06759057,0.13518115,0.07745986,0.09315103,0.00005118,0.00002324,0.00002795,0.00000000,rebalance,"[{""ts_code"": ""00883.HK"", ""side"": ""sell"", ""current_weight"": 0.07879875528206663, ""target_weight"": 0.06836794080899523, ""post_trade_weight"": 0.06837071353849337, ""diff_weight"": -0.010430814473071405, ""gross_amount"": 0.013164635285443066, ""gross_amount_pct_nav"": 0.010430814473071405, ""fee"": 3.94939058563292e-06, ""fee_pct_nav"": 3.1292443419214218e-06, ""name"": ""中国海洋石油""}, {""ts_code"": ""00998.HK"", ""side"": ""buy"", ""current_weight"": 0.0, ""target_weight"": 0.0613742367000095, ""post_trade_weight"": 0.06137672579291636, ""diff_weight"": 0.0613742367000095, ""gross_amount"": 0.0774598612758347, ""gross_amount_pct_nav"": 0.0613742367000095, ""fee"": 2.3237958382750406e-05, ""fee_pct_nav"": 1.841227101000285e-05, ""name"": ""中信银行""}, {""ts_code"": ""01816.HK"", ""side"": ""sell"", ""current_weight"": 0.06337609850563318, ""target_weight"": 0.0, ""post_trade_weight"": 0.0, ""diff_weight"": -0.06337609850563318, ""gross_amount"": 0.07998639270163373, ""gross_amount_pct_nav"": 0.06337609850563318, ""fee"": 2.3995917810490115e-05, ""fee_pct_nav"": 1.901282955168995e-05, ""name"": ""中广核电力""}]"
2024-03-11,0.12512195,0.25024390,0.16047968,0.15821585,0.00009561,0.00004814,0.00004746,0.00000000,rebalance,"[{""ts_code"": ""00005.HK"", ""side"": ""buy"", ""current_weight"": 0.0, ""target_weight"": 0.06338801717712078, ""post_trade_weight"": 0.06339277627382005, ""diff_weight"": 0.06338801717712078, ""gross_amount"": 0.08072715192704996, ""gross_amount_pct_nav"": 0.06338801717712078, ""fee"": 2.4218145578114987e-05, ""fee_pct_nav"": 1.9016405153136235e-05, ""name"": ""汇丰控股""}, {""ts_code"": ""00998.HK"", ""side"": ""sell"", ""current_weight"": 0.06082249775796632, ""target_weight"": 0.0, ""post_trade_weight"": 0.0, ""diff_weight"": -0.06082249775796632, ""gross_amount"": 0.0774598612758347, ""gross_amount_pct_nav"": 0.06082249775796632, ""fee"": 2.3237958382750406e-05, ""fee_pct_nav"": 1.8246749327389893e-05, ""name"": ""中信银行""}, {""ts_code"": ""01171.HK"", ""side"": ""buy"", ""current_weight"": 0.0, ""target_weight"": 0.06262273000245118, ""post_trade_weight"": 0.06262743164230246, ""diff_weight"": 0.06262273000245118, ""gross_amount"": 0.0797525283819602, ""gross_amount_pct_nav"": 0.06262273000245118, ""fee"": 2.392575851458806e-05, ""fee_pct_nav"": 1.8786819000735353e-05, ""name"": ""兖矿能源""}, {""ts_code"": ""01398.HK"", ""side"": ""sell"", ""current_weight"": 0.06341065660212525, ""target_weight"": 0.0, ""post_trade_weight"": 0.0, ""diff_weight"": -0.06341065660212525, ""gross_amount"": 0.08075598413198816, ""gross_amount_pct_nav"": 0.06341065660212525, ""fee"": 2.4226795239596445e-05, ""fee_pct_nav"": 1.9023196980637572e-05, ""name"": ""工商银行""}]"
2024-03-18,0.23812120,0.47624241,0.44404388,0.15599380,0.00018001,0.00013321,0.00004680,0.00000000,rebalance,"[{""ts_code"": ""00005.HK"", ""side"": ""sell"", ""current_weight"": 0.06544721548808537, ""target_weight"": 0.0, ""post_trade_weight"": 0.0, ""diff_weight"": -0.06544721548808537, ""gross_amount"": 0.08245967860019168, ""gross_amount_pct_nav"": 0.06544721548808537, ""fee"": 2.4737903580057504e-05, ""fee_pct_nav"": 1.963416464642561e-05, ""name"": ""汇丰控股""}, {""ts_code"": ""00857.HK"", ""side"": ""buy"", ""current_weight"": 0.07331728767734992, ""target_weight"": 0.09806238290212184, ""post_trade_weight"": 0.09807639534369027, ""diff_weight"": 0.024745095224771925, ""gross_amount"": 0.03117737834908038, ""gross_amount_pct_nav"": 0.024745095224771925, ""fee"": 9.353213504724114e-06, ""fee_pct_nav"": 7.423528567431577e-06, ""name"": ""中国石油股份""}, {""ts_code"": ""00883.HK"", ""side"": ""buy"", ""current_weight"": 0.0716147954581272, ""target_weight"": 0.09198703273026679, ""post_trade_weight"": 0.09200017704598745, ""diff_weight"": 0.020372237272139597, ""gross_amount"": 0.025667832088796805, ""gross_amount_pct_nav"": 0.020372237272139597, ""fee"": 7.70034962663904e-06, ""fee_pct_nav"": 6.111671181641878e-06, ""name"": ""中国海洋石油""}, {""ts_code"": ""00939.HK"", ""side"": ""buy"", ""current_weight"": 0.05888195307864075, ""target_weight"": 0.08097546054377952, ""post_trade_weight"": 0.0809870313814011, ""diff_weight"": 0.022093507465138777, ""gross_amount"": 0.027836532251825766, ""gross_amount_pct_nav"": 0.022093507465138777, ""fee"": 8.350959675547728e-06, ""fee_pct_nav"": 6.628052239541631e-06, ""name"": ""建设银行""}, {""ts_code"": ""00941.HK"", ""side"": ""buy"", ""current_weight"": 0.06754043060464293, ""target_weight"": 0.08325371685822516, ""post_trade_weight"": 0.08326561324303966, ""diff_weight"": 0.015713286253582228, ""gross_amount"": 0.01979782523305494, ""gross_amount_pct_nav"": 0.015713286253582228, ""fee"": 5.939347569916482e-06, ""fee_pct_nav"": 4.713985876074669e-06, ""name"": ""中国移动""}, {""ts_code"": ""00998.HK"", ""side"": ""buy"", ""current_weight"": 0.0, ""target_weight"": 0.0818614491105084, ""post_trade_weight"": 0.0818731465498161, ""diff_weight"": 0.0818614491105084, ""gross_amount"": 0.1031406566812205, ""gross_amount_pct_nav"": 0.0818614491105084, ""fee"": 3.0942197004366145e-05, ""fee_pct_nav"": 2.4558434733152513e-05, ""name"": ""中信银行""}, {""ts_code"": ""01088.HK"", ""side"": ""buy"", ""current_weight"": 0.06037098222063275, ""target_weight"": 0.0881899388728574, ""post_trade_weight"": 0.0882025406099232, ""diff_weight"": 0.02781895665222465, ""gross_amount"": 0.035050264666381725, ""gross_amount_pct_nav"": 0.02781895665222465, ""fee"": 1.0515079399914517e-05, ""fee_pct_nav"": 8.345686995667396e-06, ""name"": ""中国神华""}, {""ts_code"": ""01171.HK"", ""side"": ""sell"", ""current_weight"": 0.058363115504555085, ""target_weight"": 0.0, ""post_trade_weight"": 0.0, ""diff_weight"": -0.058363115504555085, ""gross_amount"": 0.07353412533628124, ""gross_amount_pct_nav"": 0.058363115504555085, ""fee"": 2.206023760088437e-05, ""fee_pct_nav"": 1.7508934651366524e-05, ""name"": ""兖矿能源""}, {""ts_code"": ""01288.HK"", ""side"": ""buy"", ""current_weight"": 0.06431498333490158, ""target_weight"": 0.09059476498255002, ""post_trade_weight"": 0.0906077103527639, ""diff_weight"": 0.02627978164764844, ""gross_amount"": 0.03311099383201126, ""gross_amount_pct_nav"": 0.02627978164764844, ""fee"": 9.933298149603376e-06, ""fee_pct_nav"": 7.88393449429453e-06, ""name"": ""农业银行""}, {""ts_code"": ""01816.HK"", ""side"": ""buy"", ""current_weight"": 0.0, ""target_weight"": 0.08236772829149631, ""post_trade_weight"": 0.08237949807462468, ""diff_weight"": 0.08236772829149631, ""gross_amount"": 0.10377853895374946, ""gross_amount_pct_nav"": 0.08236772829149631, ""fee"": 3.113356168612483e-05, ""fee_pct_nav"": 2.471031848744889e-05, ""name"": ""中广核电力""}, {""ts_code"": ""02328.HK"", ""side"": ""buy"", ""current_weight"": 0.0636631571576919, ""target_weight"": 0.08603825235365875, ""post_trade_weight"": 0.0860505466294868, ""diff_weight"": 0.02237509519596684, ""gross_amount"": 0.02819131638753994, ""gross_amount_pct_nav"": 0.02237509519596684, ""fee"": 8.457394916261982e-06, ""fee_pct_nav"": 6.712528558790052e-06, ""name"": ""中国财险""}, {""ts_code"": ""03988.HK"", ""side"": ""buy"", ""current_weight"": 0.06773860673984299, ""target_weight"": 0.09654354535915807, ""post_trade_weight"": 0.09655734076926456, ""diff_weight"": 0.02880493861931509, ""gross_amount"": 0.03629254450220856, ""gross_amount_pct_nav"": 0.02880493861931509, ""fee"": 1.0887763350662568e-05, ""fee_pct_nav"": 8.641481585794527e-06, ""name"": ""中国银行""}]"
2024-03-25,0.09114976,0.18229952,0.11802186,0.11296588,0.00006930,0.00003541,0.00003389,0.00000000,rebalance,"[{""ts_code"": ""00005.HK"", ""side"": ""buy"", ""current_weight"": 0.0, ""target_weight"": 0.09314489279459766, ""post_trade_weight"": 0.09314998715385216, ""diff_weight"": 0.09314489279459766, ""gross_amount"": 0.11802185947394148, ""gross_amount_pct_nav"": 0.09314489279459766, ""fee"": 3.540655784218244e-05, ""fee_pct_nav"": 2.7943467838379297e-05, ""name"": ""汇丰控股""}, {""ts_code"": ""00857.HK"", ""side"": ""sell"", ""current_weight"": 0.09958136976944582, ""target_weight"": 0.08880022810324982, ""post_trade_weight"": 0.0888050848404285, ""diff_weight"": -0.01078114166619599, ""gross_amount"": 0.013660549156488344, ""gross_amount_pct_nav"": 0.01078114166619599, ""fee"": 4.098164746946503e-06, ""fee_pct_nav"": 3.2343424998587968e-06, ""name"": ""中国石油股份""}, {""ts_code"": ""01816.HK"", ""side"": ""sell"", ""current_weight"": 0.07837348091063767, ""target_weight"": 0.0, ""post_trade_weight"": 0.0, ""diff_weight"": -0.07837348091063767, ""gross_amount"": 0.099305326067812, ""gross_amount_pct_nav"": 0.07837348091063767, ""fee"": 2.97915978203436e-05, ""fee_pct_nav"": 2.35120442731913e-05, ""name"": ""中广核电力""}]"
2024-04-02,0.00000000,0.00000000,0.00000000,0.00000000,0.00000000,0.00000000,0.00000000,0.00000000,rebalance,
2024-04-08,0.16162985,0.32325971,0.21163347,0.21105130,0.00012681,0.00006349,0.00006332,0.00000000,rebalance,"[{""ts_code"": ""00939.HK"", ""side"": ""sell"", ""current_weight"": 0.07908269686478604, ""target_weight"": 0.0, ""post_trade_weight"": 0.0, ""diff_weight"": -0.07908269686478604, ""gross_amount"": 0.10340618251518818, ""gross_amount_pct_nav"": 0.07908269686478604, ""fee"": 3.1021854754556454e-05, ""fee_pct_nav"": 2.372480905943581e-05, ""name"": ""建设银行""}, {""ts_code"": ""01919.HK"", ""side"": ""buy"", ""current_weight"": 0.0, ""target_weight"": 0.07996748658600639, ""post_trade_weight"": 0.0799752424180088, ""diff_weight"": 0.07996748658600639, ""gross_amount"": 0.10456310724116846, ""gross_amount_pct_nav"": 0.07996748658600639, ""fee"": 3.1368932172350535e-05, ""fee_pct_nav"": 2.3990245975801914e-05, ""name"": ""中远海控""}, {""ts_code"": ""02328.HK"", ""side"": ""sell"", ""current_weight"": 0.08232454077154545, ""target_weight"": 0.0, ""post_trade_weight"": 0.0, ""diff_weight"": -0.08232454077154545, ""gross_amount"": 0.10764512119581106, ""gross_amount_pct_nav"": 0.08232454077154545, ""fee"": 3.229353635874331e-05, ""fee_pct_nav"": 2.4697362231463633e-05, ""name"": ""中国财险""}, {""ts_code"": ""02899.HK"", ""side"": ""buy"", ""current_weight"": 0.0, ""target_weight"": 0.08188498165312261, ""post_trade_weight"": 0.08189292345782768, ""diff_weight"": 0.08188498165312261, ""gross_amount"": 0.1070703667649706, ""gross_amount_pct_nav"": 0.08188498165312261, ""fee"": 3.212111002949118e-05, ""fee_pct_nav"": 2.4565494495936782e-05, ""name"": ""紫金矿业""}]"
2024-04-15,0.08057779,0.16115558,0.10923744,0.10420396,0.00006403,0.00003277,0.00003126,0.00000000,rebalance,"[{""ts_code"": ""00998.HK"", ""side"": ""sell"", ""current_weight"": 0.07867756385049125, ""target_weight"": 0.0, ""post_trade_weight"": 0.0, ""diff_weight"": -0.07867756385049125, ""gross_amount"": 0.10420396242020216, ""gross_amount_pct_nav"": 0.07867756385049125, ""fee"": 3.126118872606065e-05, ""fee_pct_nav"": 2.360326915514738e-05, ""name"": ""中信银行""}, {""ts_code"": ""01816.HK"", ""side"": ""buy"", ""current_weight"": 0.0, ""target_weight"": 0.08247801532353755, ""post_trade_weight"": 0.08248200305402963, ""diff_weight"": 0.08247801532353755, ""gross_amount"": 0.10923744443331669, ""gross_amount_pct_nav"": 0.08247801532353755, ""fee"": 3.2771233329995e-05, ""fee_pct_nav"": 2.474340459706126e-05, ""name"": ""中广核电力""}]"
2024-04-22,0.18532607,0.37065213,0.08375797,0.40750004,0.00014738,0.00002513,0.00012225,0.00000000,rebalance,"[{""ts_code"": ""00005.HK"", ""side"": ""sell"", ""current_weight"": 0.09225468432418205, ""target_weight"": 0.061292676035277695, ""post_trade_weight"": 0.06129949227149407, ""diff_weight"": -0.030962008288904344, ""gross_amount"": 0.04103668416001581, ""gross_amount_pct_nav"": 0.030962008288904344, ""fee"": 1.2311005248004742e-05, ""fee_pct_nav"": 9.288602486671301e-06, ""name"": ""汇丰控股""}, {""ts_code"": ""00857.HK"", ""side"": ""sell"", ""current_weight"": 0.09575984787611992, ""target_weight"": 0.06290968467844307, ""post_trade_weight"": 0.06291668073896454, ""diff_weight"": -0.03285016319767685, ""gross_amount"": 0.04353922262307307, ""gross_amount_pct_nav"": 0.03285016319767685, ""fee"": 1.3061766786921919e-05, ""fee_pct_nav"": 9.855048959303054e-06, ""name"": ""中国石油股份""}, {""ts_code"": ""00883.HK"", ""side"": ""sell"", ""current_weight"": 0.09095704287378009, ""target_weight"": 0.06452669332160844, ""post_trade_weight"": 0.064533869206435, ""diff_weight"": -0.026430349552171658, ""gross_amount"": 0.03503047659863749, ""gross_amount_pct_nav"": 0.026430349552171658, ""fee"": 1.0509142979591246e-05, ""fee_pct_nav"": 7.929104865651496e-06, ""name"": ""中国海洋石油""}, {""ts_code"": ""00941.HK"", ""side"": ""sell"", ""current_weight"": 0.08357253150945168, ""target_weight"": 0.06433645701064782, ""post_trade_weight"": 0.06434361173967378, ""diff_weight"": -0.01923607449880387, ""gross_amount"": 0.025495268469675966, ""gross_amount_pct_nav"": 0.01923607449880387, ""fee"": 7.648580540902789e-06, ""fee_pct_nav"": 5.77082234964116e-06, ""name"": ""中国移动""}, {""ts_code"": ""00998.HK"", ""side"": ""buy"", ""current_weight"": 0.0, ""target_weight"": 0.06319503914488402, ""post_trade_weight"": 0.06320206693910638, ""diff_weight"": 0.06319503914488402, ""gross_amount"": 0.08375796678530671, ""gross_amount_pct_nav"": 0.06319503914488402, ""fee"": 2.512739003559201e-05, ""fee_pct_nav"": 1.8958511743465204e-05, ""name"": ""中信银行""}, {""ts_code"": ""01088.HK"", ""side"": ""sell"", ""current_weight"": 0.08991854049720006, ""target_weight"": 0.06956795556206523, ""post_trade_weight"": 0.0695756920756077, ""diff_weight"": -0.020350584935134836, ""gross_amount"": 0.02697242758487281, ""gross_amount_pct_nav"": 0.020350584935134836, ""fee"": 8.091728275461842e-06, ""fee_pct_nav"": 6.105175480540451e-06, ""name"": ""中国神华""}, {""ts_code"": ""01288.HK"", ""side"": ""sell"", ""current_weight"": 0.09298808262714887, ""target_weight"": 0.06852165585178174, ""post_trade_weight"": 0.0685292760084209, ""diff_weight"": -0.024466426775367138, ""gross_amount"": 0.03242751628823444, ""gross_amount_pct_nav"": 0.024466426775367138, ""fee"": 9.728254886470331e-06, ""fee_pct_nav"": 7.3399280326101406e-06, ""name"": ""农业银行""}, {""ts_code"": ""01816.HK"", ""side"": ""sell"", ""current_weight"": 0.08679246318287112, ""target_weight"": 0.0636706299222856, ""post_trade_weight"": 0.06367771060600946, ""diff_weight"": -0.02312183326058553, ""gross_amount"": 0.030645407748153983, ""gross_amount_pct_nav"": 0.02312183326058553, ""fee"": 9.193622324446194e-06, ""fee_pct_nav"": 6.936549978175659e-06, ""name"": ""中广核电力""}, {""ts_code"": ""01919.HK"", ""side"": ""sell"", ""current_weight"": 0.0833738950396063, ""target_weight"": 0.06443157516612814, ""post_trade_weight"": 0.06443874047305441, ""diff_weight"": -0.018942319873478154, ""gross_amount"": 0.025105929520226902, ""gross_amount_pct_nav"": 0.018942319873478154, ""fee"": 7.53177885606807e-06, ""fee_pct_nav"": 5.682695962043445e-06, ""name"": ""中远海控""}, {""ts_code"": ""02899.HK"", ""side"": ""sell"", ""current_weight"": 0.0812713869368006, ""target_weight"": 0.0, ""post_trade_weight"": 0.0, ""diff_weight"": -0.0812713869368006, ""gross_amount"": 0.10771614702290168, ""gross_amount_pct_nav"": 0.0812713869368006, ""fee"": 3.2314844106870504e-05, ""fee_pct_nav"": 2.4381416081040176e-05, ""name"": ""紫金矿业""}, {""ts_code"": ""03988.HK"", ""side"": ""sell"", ""current_weight"": 0.09730129983359705, ""target_weight"": 0.06747535614149827, ""post_trade_weight"": 0.06748285994123412, ""diff_weight"": -0.029825943692098778, ""gross_amount"": 0.03953095741227146, ""gross_amount_pct_nav"": 0.029825943692098778, ""fee"": 1.1859287223681436e-05, ""fee_pct_nav"": 8.947783107629633e-06, ""name"": ""中国银行""}]"
2024-04-29,0.23707121,0.47414241,0.47100217,0.16942055,0.00019213,0.00014130,0.00005083,0.00000000,rebalance,"[{""ts_code"": ""00005.HK"", ""side"": ""buy"", ""current_weight"": 0.06217650286399399, ""target_weight"": 0.09145521157449396, ""post_trade_weight"": 0.09146822226356839, ""diff_weight"": 0.02927870871049998, ""gross_amount"": 0.03954666321034804, ""gross_amount_pct_nav"": 0.02927870871049998, ""fee"": 1.1863998963104411e-05, ""fee_pct_nav"": 8.783612613149993e-06, ""name"": ""汇丰控股""}, {""ts_code"": ""00386.HK"", ""side"": ""buy"", ""current_weight"": 0.0, ""target_weight"": 0.08156529872970031, ""post_trade_weight"": 0.08157690245050271, ""diff_weight"": 0.08156529872970031, ""gross_amount"": 0.11017000204514157, ""gross_amount_pct_nav"": 0.08156529872970031, ""fee"": 3.3051000613542467e-05, ""fee_pct_nav"": 2.446958961891009e-05, ""name"": ""中国石油化工股份""}, {""ts_code"": ""00857.HK"", ""side"": ""buy"", ""current_weight"": 0.06181847755713454, ""target_weight"": 0.09596200730123539, ""post_trade_weight"": 0.09597565914040847, ""diff_weight"": 0.034143529744100856, ""gross_amount"": 0.04611756225158331, ""gross_amount_pct_nav"": 0.034143529744100856, ""fee"": 1.3835268675474993e-05, ""fee_pct_nav"": 1.0243058923230256e-05, ""name"": ""中国石油股份""}, {""ts_code"": ""00883.HK"", ""side"": ""buy"", ""current_weight"": 0.06889072761680429, ""target_weight"": 0.09395898697823919, ""post_trade_weight"": 0.09397235386181287, ""diff_weight"": 0.02506825936143491, ""gross_amount"": 0.0338596220222238, ""gross_amount_pct_nav"": 0.02506825936143491, ""fee"": 1.0157886606667138e-05, ""fee_pct_nav"": 7.520477808430472e-06, ""name"": ""中国海洋石油""}, {""ts_code"": ""00939.HK"", ""side"": ""buy"", ""current_weight"": 0.0, ""target_weight"": 0.08294237520176018, ""post_trade_weight"": 0.08295417482953717, ""diff_weight"": 0.08294237520176018, ""gross_amount"": 0.11203001506668292, ""gross_amount_pct_nav"": 0.08294237520176018, ""fee"": 3.360900452000487e-05, ""fee_pct_nav"": 2.4882712560528052e-05, ""name"": ""建设银行""}, {""ts_code"": ""00941.HK"", ""side"": ""buy"", ""current_weight"": 0.0630374822453611, ""target_weight"": 0.08682322707756529, ""post_trade_weight"": 0.08683557880681611, ""diff_weight"": 0.02378574483220419, ""gross_amount"": 0.03212733353056377, ""gross_amount_pct_nav"": 0.02378574483220419, ""fee"": 9.63820005916913e-06, ""fee_pct_nav"": 7.135723449661256e-06, ""name"": ""中国移动""}, {""ts_code"": ""00998.HK"", ""side"": ""sell"", ""current_weight"": 0.06416514925255704, ""target_weight"": 0.0, ""post_trade_weight"": 0.0, ""diff_weight"": -0.06416514925255704, ""gross_amount"": 0.08666767282747616, ""gross_amount_pct_nav"": 0.06416514925255704, ""fee"": 2.6000301848242844e-05, ""fee_pct_nav"": 1.9249544775767108e-05, ""name"": ""中信银行""}, {""ts_code"": ""01088.HK"", ""side"": ""buy"", ""current_weight"": 0.06934434288105765, ""target_weight"": 0.08557133937569268, ""post_trade_weight"": 0.08558351300769387, ""diff_weight"": 0.016226996494635028, ""gross_amount"": 0.02191775503605778, ""gross_amount_pct_nav"": 0.016226996494635028, ""fee"": 6.575326510817333e-06, ""fee_pct_nav"": 4.868098948390508e-06, ""name"": ""中国神华""}, {""ts_code"": ""01288.HK"", ""side"": ""buy"", ""current_weight"": 0.06889281563037483, ""target_weight"": 0.0858217169160672, ""post_trade_weight"": 0.08583392616751832, ""diff_weight"": 0.016928901285692376, ""gross_amount"": 0.022865815712235074, ""gross_amount_pct_nav"": 0.016928901285692376, ""fee"": 6.859744713670522e-06, ""fee_pct_nav"": 5.078670385707713e-06, ""name"": ""农业银行""}, {""ts_code"": ""01816.HK"", ""side"": ""sell"", ""current_weight"": 0.06126679676465135, ""target_weight"": 0.0, ""post_trade_weight"": 0.0, ""diff_weight"": -0.06126679676465135, ""gross_amount"": 0.0827528768971838, ""gross_amount_pct_nav"": 0.06126679676465135, ""fee"": 2.482586306915514e-05, ""fee_pct_nav"": 1.8380039029395405e-05, ""name"": ""中广核电力""}, {""ts_code"": ""01919.HK"", ""side"": ""buy"", ""current_weight"": 0.06619788490542873, ""target_weight"": 0.09007813510243409, ""post_trade_weight"": 0.09009094988453394, ""diff_weight"": 0.02388025019700537, ""gross_amount"": 0.032254981640674, ""gross_amount_pct_nav"": 0.02388025019700537, ""fee"": 9.676494492202199e-06, ""fee_pct_nav"": 7.164075059101609e-06, ""name"": ""中远海控""}, {""ts_code"": ""03988.HK"", ""side"": ""buy"", ""current_weight"": 0.0708061261079889, ""target_weight"": 0.08569652814587994, ""post_trade_weight"": 0.08570871958760609, ""diff_weight"": 0.014890402037891033, ""gross_amount"": 0.02011242095003926, ""gross_amount_pct_nav"": 0.014890402037891033, ""fee"": 6.033726285011778e-06, ""fee_pct_nav"": 4.467120611367309e-06, ""name"": ""中国银行""}]"
2024-05-06,0.16658150,0.33316300,0.22710213,0.22965511,0.00013703,0.00006813,0.00006890,0.00000000,rebalance,"[{""ts_code"": ""00019.HK"", ""side"": ""buy"", ""current_weight"": 0.0, ""target_weight"": 0.08186854144251583, ""post_trade_weight"": 0.08187672493102298, ""diff_weight"": 0.08186854144251583, ""gross_amount"": 0.11223950235703976, ""gross_amount_pct_nav"": 0.08186854144251583, ""fee"": 3.367185070711193e-05, ""fee_pct_nav"": 2.456056243275475e-05, ""name"": ""太古股份公司A""}, {""ts_code"": ""00386.HK"", ""side"": ""sell"", ""current_weight"": 0.08197338406886857, ""target_weight"": 0.0, ""post_trade_weight"": 0.0, ""diff_weight"": -0.08197338406886857, ""gross_amount"": 0.11238323869336987, ""gross_amount_pct_nav"": 0.08197338406886857, ""fee"": 3.371497160801096e-05, ""fee_pct_nav"": 2.4592015220660572e-05, ""name"": ""中国石油化工股份""}, {""ts_code"": ""00941.HK"", ""side"": ""sell"", ""current_weight"": 0.08553919736867248, ""target_weight"": 0.0, ""post_trade_weight"": 0.0, ""diff_weight"": -0.08553919736867248, ""gross_amount"": 0.11727186994557219, ""gross_amount_pct_nav"": 0.08553919736867248, ""fee"": 3.518156098367165e-05, ""fee_pct_nav"": 2.566175921060174e-05, ""name"": ""中国移动""}, {""ts_code"": ""01398.HK"", ""side"": ""buy"", ""current_weight"": 0.0, ""target_weight"": 0.08378187364701506, ""post_trade_weight"": 0.08379024839008507, ""diff_weight"": 0.08378187364701506, ""gross_amount"": 0.11486262780538403, ""gross_amount_pct_nav"": 0.08378187364701506, ""fee"": 3.445878834161521e-05, ""fee_pct_nav"": 2.5134562094104514e-05, ""name"": ""工商银行""}]"
2024-05-13,0.17661438,0.35322876,0.24411837,0.26936097,0.00015404,0.00007324,0.00008081,0.00000000,rebalance,"[{""ts_code"": ""00019.HK"", ""side"": ""sell"", ""current_weight"": 0.07845082067857535, ""target_weight"": 0.0, ""post_trade_weight"": 0.0, ""diff_weight"": -0.07845082067857535, ""gross_amount"": 0.11404188852627686, ""gross_amount_pct_nav"": 0.07845082067857535, ""fee"": 3.421256655788306e-05, ""fee_pct_nav"": 2.3535246203572606e-05, ""name"": ""太古股份公司A""}, {""ts_code"": ""00998.HK"", ""side"": ""buy"", ""current_weight"": 0.0, ""target_weight"": 0.08438307955272983, ""post_trade_weight"": 0.0843920224596256, ""diff_weight"": 0.08438307955272983, ""gross_amount"": 0.12266545676155599, ""gross_amount_pct_nav"": 0.08438307955272983, ""fee"": 3.679963702846679e-05, ""fee_pct_nav"": 2.5314923865818945e-05, ""name"": ""中信银行""}, {""ts_code"": ""01398.HK"", ""side"": ""sell"", ""current_weight"": 0.08357019077512085, ""target_weight"": 0.0, ""post_trade_weight"": 0.0, ""diff_weight"": -0.08357019077512085, ""gross_amount"": 0.12148378178915302, ""gross_amount_pct_nav"": 0.08357019077512085, ""fee"": 3.64451345367459e-05, ""fee_pct_nav"": 2.5071057232536247e-05, ""name"": ""工商银行""}, {""ts_code"": ""01816.HK"", ""side"": ""buy"", ""current_weight"": 0.0, ""target_weight"": 0.08354895349308873, ""post_trade_weight"": 0.0835578079994221, ""diff_weight"": 0.08354895349308873, ""gross_amount"": 0.12145290971249204, ""gross_amount_pct_nav"": 0.08354895349308873, ""fee"": 3.6435872913747605e-05, ""fee_pct_nav"": 2.5064686047926617e-05, ""name"": ""中广核电力""}, {""ts_code"": ""01919.HK"", ""side"": ""sell"", ""current_weight"": 0.10849292354506028, ""target_weight"": 0.08521720561237094, ""post_trade_weight"": 0.08522623691982911, ""diff_weight"": -0.023275717932689347, ""gross_amount"": 0.03383529715672855, ""gross_amount_pct_nav"": 0.023275717932689347, ""fee"": 1.0150589147018564e-05, ""fee_pct_nav"": 6.982715379806804e-06, ""name"": ""中远海控""}]"
2024-05-20,0.17050021,0.34100043,0.25119009,0.25274035,0.00015118,0.00007536,0.00007582,0.00000000,rebalance,"[{""ts_code"": ""00939.HK"", ""side"": ""sell"", ""current_weight"": 0.08825483892558621, ""target_weight"": 0.0, ""post_trade_weight"": 0.0, ""diff_weight"": -0.08825483892558621, ""gross_amount"": 0.13042300261494427, ""gross_amount_pct_nav"": 0.08825483892558621, ""fee"": 3.912690078448328e-05, ""fee_pct_nav"": 2.647645167767586e-05, ""name"": ""建设银行""}, {""ts_code"": ""01398.HK"", ""side"": ""buy"", ""current_weight"": 0.0, ""target_weight"": 0.08577815227143286, ""post_trade_weight"": 0.08578692828522387, ""diff_weight"": 0.08577815227143286, ""gross_amount"": 0.12676295503111265, ""gross_amount_pct_nav"": 0.08577815227143286, ""fee"": 3.802888650933379e-05, ""fee_pct_nav"": 2.5733445681429854e-05, ""name"": ""工商银行""}, {""ts_code"": ""01816.HK"", ""side"": ""sell"", ""current_weight"": 0.08276988881137812, ""target_weight"": 0.0, ""post_trade_weight"": 0.0, ""diff_weight"": -0.08276988881137812, ""gross_amount"": 0.12231734323357739, ""gross_amount_pct_nav"": 0.08276988881137812, ""fee"": 3.669520297007321e-05, ""fee_pct_nav"": 2.483096664341343e-05, ""name"": ""中广核电力""}, {""ts_code"": ""02899.HK"", ""side"": ""buy"", ""current_weight"": 0.0, ""target_weight"": 0.08419754847337668, ""post_trade_weight"": 0.08420616277465277, ""diff_weight"": 0.08419754847337668, ""gross_amount"": 0.12442713870878173, ""gross_amount_pct_nav"": 0.08419754847337668, ""fee"": 3.7328141612634514e-05, ""fee_pct_nav"": 2.5259264542013e-05, ""name"": ""紫金矿业""}]"
2024-05-27,0.30463664,0.60927328,0.53528436,0.36643348,0.00027052,0.00016059,0.00010993,0.00000000,rebalance,"[{""ts_code"": ""00836.HK"", ""side"": ""buy"", ""current_weight"": 0.0, ""target_weight"": 0.09616492307751186, ""post_trade_weight"": 0.09618250350631109, ""diff_weight"": 0.09616492307751186, ""gross_amount"": 0.1423230427264406, ""gross_amount_pct_nav"": 0.09616492307751186, ""fee"": 4.269691281793218e-05, ""fee_pct_nav"": 2.8849476923253556e-05, ""name"": ""华润电力""}, {""ts_code"": ""00883.HK"", ""side"": ""buy"", ""current_weight"": 0.08874929875492057, ""target_weight"": 0.10114954827690442, ""post_trade_weight"": 0.10116803997194924, ""diff_weight"": 0.012400249521983849, ""gross_amount"": 0.018352234744817675, ""gross_amount_pct_nav"": 0.012400249521983849, ""fee"": 5.505670423445302e-06, ""fee_pct_nav"": 3.720074856595154e-06, ""name"": ""中国海洋石油""}, {""ts_code"": ""00939.HK"", ""side"": ""buy"", ""current_weight"": 0.0, ""target_weight"": 0.09417107299775483, ""post_trade_weight"": 0.09418828892005585, ""diff_weight"": 0.09417107299775483, ""gross_amount"": 0.13937216624247933, ""gross_amount_pct_nav"": 0.09417107299775483, ""fee"": 4.18116498727438e-05, ""fee_pct_nav"": 2.825132189932645e-05, ""name"": ""建设银行""}, {""ts_code"": ""00998.HK"", ""side"": ""sell"", ""current_weight"": 0.0843335732058435, ""target_weight"": 0.0, ""post_trade_weight"": 0.0, ""diff_weight"": -0.0843335732058435, ""gross_amount"": 0.12481277329129878, ""gross_amount_pct_nav"": 0.0843335732058435, ""fee"": 3.744383198738963e-05, ""fee_pct_nav"": 2.530007196175305e-05, ""name"": ""中信银行""}, {""ts_code"": ""01088.HK"", ""side"": ""buy"", ""current_weight"": 0.08953329919187714, ""target_weight"": 0.10300098049382167, ""post_trade_weight"": 0.10301981065918626, ""diff_weight"": 0.01346768130194453, ""gross_amount"": 0.019932022197093308, ""gross_amount_pct_nav"": 0.01346768130194453, ""fee"": 5.979606659127992e-06, ""fee_pct_nav"": 4.0403043905833585e-06, ""name"": ""中国神华""}, {""ts_code"": ""01288.HK"", ""side"": ""buy"", ""current_weight"": 0.08326368395582782, ""target_weight"": 0.09929811605998716, ""post_trade_weight"": 0.0993162692847122, ""diff_weight"": 0.016034432104159342, ""gross_amount"": 0.023730785534087764, ""gross_amount_pct_nav"": 0.016034432104159342, ""fee"": 7.119235660226329e-06, ""fee_pct_nav"": 4.810329631247802e-06, ""name"": ""农业银行""}, {""ts_code"": ""01398.HK"", ""side"": ""sell"", ""current_weight"": 0.08428863933879505, ""target_weight"": 0.0, ""post_trade_weight"": 0.0, ""diff_weight"": -0.08428863933879505, ""gross_amount"": 0.12474627165561766, ""gross_amount_pct_nav"": 0.08428863933879505, ""fee"": 3.7423881496685294e-05, ""fee_pct_nav"": 2.528659180163851e-05, ""name"": ""工商银行""}, {""ts_code"": ""01816.HK"", ""side"": ""buy"", ""current_weight"": 0.0, ""target_weight"": 0.10200405545394313, ""post_trade_weight"": 0.10202270336605862, ""diff_weight"": 0.10200405545394313, ""gross_amount"": 0.15096489528661294, ""gross_amount_pct_nav"": 0.10200405545394313, ""fee"": 4.528946858598388e-05, ""fee_pct_nav"": 3.060121663618293e-05, ""name"": ""中广核电力""}, {""ts_code"": ""01919.HK"", ""side"": ""buy"", ""current_weight"": 0.08929591095238808, ""target_weight"": 0.09929811605998716, ""post_trade_weight"": 0.0993162692847122, ""diff_weight"": 0.010002205107599093, ""gross_amount"": 0.014803155031279214, ""gross_amount_pct_nav"": 0.010002205107599093, ""fee"": 4.440946509383764e-06, ""fee_pct_nav"": 3.0006615322797273e-06, ""name"": ""中远海控""}, {""ts_code"": ""02899.HK"", ""side"": ""sell"", ""current_weight"": 0.07896979236542977, ""target_weight"": 0.0, ""post_trade_weight"": 0.0, ""diff_weight"": -0.07896979236542977, ""gross_amount"": 0.11687443584667613, ""gross_amount_pct_nav"": 0.07896979236542977, ""fee"": 3.506233075400284e-05, ""fee_pct_nav"": 2.3690937709628928e-05, ""name"": ""紫金矿业""}, {""ts_code"": ""03988.HK"", ""side"": ""buy"", ""current_weight"": 0.0832856397773878, ""target_weight"": 0.10072229468838505, ""post_trade_weight"": 0.10074070827489454, ""diff_weight"": 0.017436654910997253, ""gross_amount"": 0.025806060073523762, ""gross_amount_pct_nav"": 0.017436654910997253, ""fee"": 7.741818022057128e-06, ""fee_pct_nav"": 5.230996473299175e-06, ""name"": ""中国银行""}]"
2024-06-03,0.29373781,0.58747562,0.43032382,0.45024988,0.00026417,0.00012910,0.00013507,0.00000000,rebalance,"[{""ts_code"": ""00728.HK"", ""side"": ""buy"", ""current_weight"": 0.0, ""target_weight"": 0.09254324060043047, ""post_trade_weight"": 0.0925595535447218, ""diff_weight"": 0.09254324060043047, ""gross_amount"": 0.13871408628784682, ""gross_amount_pct_nav"": 0.09254324060043047, ""fee"": 4.161422588635404e-05, ""fee_pct_nav"": 2.7762972180129137e-05, ""name"": ""中国电信""}, {""ts_code"": ""00836.HK"", ""side"": ""sell"", ""current_weight"": 0.09392814842347276, ""target_weight"": 0.0, ""post_trade_weight"": 0.0, ""diff_weight"": -0.09392814842347276, ""gross_amount"": 0.1407899399322599, ""gross_amount_pct_nav"": 0.09392814842347276, ""fee"": 4.223698197967797e-05, ""fee_pct_nav"": 2.8178444527041824e-05, ""name"": ""华润电力""}, {""ts_code"": ""00939.HK"", ""side"": ""sell"", ""current_weight"": 0.08953849117444618, ""target_weight"": 0.0, ""post_trade_weight"": 0.0, ""diff_weight"": -0.08953849117444618, ""gross_amount"": 0.13421023415942454, ""gross_amount_pct_nav"": 0.08953849117444618, ""fee"": 4.026307024782736e-05, ""fee_pct_nav"": 2.6861547352333853e-05, ""name"": ""建设银行""}, {""ts_code"": ""00941.HK"", ""side"": ""buy"", ""current_weight"": 0.0, ""target_weight"": 0.10256102855748553, ""post_trade_weight"": 0.10257910737485204, ""diff_weight"": 0.10256102855748553, ""gross_amount"": 0.1537298593910185, ""gross_amount_pct_nav"": 0.10256102855748553, ""fee"": 4.6118957817305546e-05, ""fee_pct_nav"": 3.0768308567245656e-05, ""name"": ""中国移动""}, {""ts_code"": ""00998.HK"", ""side"": ""buy"", ""current_weight"": 0.0, ""target_weight"": 0.09198669682503852, ""post_trade_weight"": 0.09200291166527011, ""diff_weight"": 0.09198669682503852, ""gross_amount"": 0.13787987667100393, ""gross_amount_pct_nav"": 0.09198669682503852, ""fee"": 4.1363963001301176e-05, ""fee_pct_nav"": 2.759600904751155e-05, ""name"": ""中信银行""}, {""ts_code"": ""01816.HK"", ""side"": ""sell"", ""current_weight"": 0.10348521519499032, ""target_weight"": 0.0, ""post_trade_weight"": 0.0, ""diff_weight"": -0.10348521519499032, ""gross_amount"": 0.15511513295772258, ""gross_amount_pct_nav"": 0.10348521519499032, ""fee"": 4.653453988731677e-05, ""fee_pct_nav"": 3.104556455849709e-05, ""name"": ""中广核电力""}, {""ts_code"": ""01919.HK"", ""side"": ""sell"", ""current_weight"": 0.10727464051424701, ""target_weight"": 0.09384184274301169, ""post_trade_weight"": 0.09385838459677573, ""diff_weight"": -0.013432797771235324, ""gross_amount"": 0.020134569062385588, ""gross_amount_pct_nav"": 0.013432797771235324, ""fee"": 6.040370718715676e-06, ""fee_pct_nav"": 4.029839331370597e-06, ""name"": ""中远海控""}]"
2024-06-11,0.19386305,0.38772611,0.30165986,0.27406381,0.00017272,0.00009050,0.00008222,0.00000000,rebalance,"[{""ts_code"": ""00728.HK"", ""side"": ""sell"", ""current_weight"": 0.09378232370784197, ""target_weight"": 0.0, ""post_trade_weight"": 0.0, ""diff_weight"": -0.09378232370784197, ""gross_amount"": 0.13925475361947498, ""gross_amount_pct_nav"": 0.09378232370784197, ""fee"": 4.177642608584249e-05, ""fee_pct_nav"": 2.8134697112352587e-05, ""name"": ""中国电信""}, {""ts_code"": ""00836.HK"", ""side"": ""buy"", ""current_weight"": 0.0, ""target_weight"": 0.09218029838042598, ""post_trade_weight"": 0.09219102184026737, ""diff_weight"": 0.09218029838042598, ""gross_amount"": 0.13687595094706032, ""gross_amount_pct_nav"": 0.09218029838042598, ""fee"": 4.106278528411809e-05, ""fee_pct_nav"": 2.765408951412779e-05, ""name"": ""华润电力""}, {""ts_code"": ""00998.HK"", ""side"": ""sell"", ""current_weight"": 0.09078832959247055, ""target_weight"": 0.0, ""post_trade_weight"": 0.0, ""diff_weight"": -0.09078832959247055, ""gross_amount"": 0.13480905536430005, ""gross_amount_pct_nav"": 0.09078832959247055, ""fee"": 4.044271660929001e-05, ""fee_pct_nav"": 2.7236498877741165e-05, ""name"": ""中信银行""}, {""ts_code"": ""01816.HK"", ""side"": ""buy"", ""current_weight"": 0.0, ""target_weight"": 0.09939662909791085, ""post_trade_weight"": 0.09940819204334743, ""diff_weight"": 0.09939662909791085, ""gross_amount"": 0.14759127891473334, ""gross_amount_pct_nav"": 0.09939662909791085, ""fee"": 4.427738367442e-05, ""fee_pct_nav"": 2.9818988729373248e-05, ""name"": ""中广核电力""}, {""ts_code"": ""01919.HK"", ""side"": ""buy"", ""current_weight"": 0.0894056941215175, ""target_weight"": 0.10098422185575752, ""post_trade_weight"": 0.10099596948802506, ""diff_weight"": 0.011578527734240033, ""gross_amount"": 0.017192632504296007, ""gross_amount_pct_nav"": 0.011578527734240033, ""fee"": 5.1577897512888016e-06, ""fee_pct_nav"": 3.47355832027201e-06, ""name"": ""中远海控""}]"
2024-06-17,0.10983256,0.21966511,0.17648538,0.15109330,0.00009827,0.00005295,0.00004533,0.00000000,rebalance,"[{""ts_code"": ""00005.HK"", ""side"": ""buy"", ""current_weight"": 0.09150924468693951, ""target_weight"": 0.10371116874991909, ""post_trade_weight"": 0.10371800371805867, ""diff_weight"": 0.012201924062979588, ""gross_amount"": 0.018196290135821996, ""gross_amount_pct_nav"": 0.012201924062979588, ""fee"": 5.4588870407465985e-06, ""fee_pct_nav"": 3.6605772188938763e-06, ""name"": ""汇丰控股""}, {""ts_code"": ""00762.HK"", ""side"": ""buy"", ""current_weight"": 0.0, ""target_weight"": 0.09162845296421916, ""post_trade_weight"": 0.09163449163454018, ""diff_weight"": 0.09162845296421916, ""gross_amount"": 0.13664221365645127, ""gross_amount_pct_nav"": 0.09162845296421916, ""fee"": 4.099266409693538e-05, ""fee_pct_nav"": 2.7488535889265748e-05, ""name"": ""中国联通""}, {""ts_code"": ""00857.HK"", ""side"": ""buy"", ""current_weight"": 0.08900948974111787, ""target_weight"": 0.10352528081475447, ""post_trade_weight"": 0.10353210353215837, ""diff_weight"": 0.014515791073636607, ""gross_amount"": 0.021646876719077696, ""gross_amount_pct_nav"": 0.014515791073636607, ""fee"": 6.494063015723308e-06, ""fee_pct_nav"": 4.354737322090982e-06, ""name"": ""中国石油股份""}, {""ts_code"": ""01919.HK"", ""side"": ""sell"", ""current_weight"": 0.10131894610483244, ""target_weight"": 0.0, ""post_trade_weight"": 0.0, ""diff_weight"": -0.10131894610483244, ""gross_amount"": 0.1510932972589773, ""gross_amount_pct_nav"": 0.10131894610483244, ""fee"": 4.532798917769319e-05, ""fee_pct_nav"": 3.039568383144973e-05, ""name"": ""中远海控""}]"
2024-06-24,0.09161618,0.18323236,0.14193622,0.14354988,0.00008565,0.00004258,0.00004306,0.00000000,rebalance,"[{""ts_code"": ""00762.HK"", ""side"": ""sell"", ""current_weight"": 0.09213402202861043, ""target_weight"": 0.0, ""post_trade_weight"": 0.0, ""diff_weight"": -0.09213402202861043, ""gross_amount"": 0.14354987690606652, ""gross_amount_pct_nav"": 0.09213402202861043, ""fee"": 4.306496307181995e-05, ""fee_pct_nav"": 2.7640206608583123e-05, ""name"": ""中国联通""}, {""ts_code"": ""00939.HK"", ""side"": ""buy"", ""current_weight"": 0.0, ""target_weight"": 0.09109833317941754, ""post_trade_weight"": 0.09110334110334485, ""diff_weight"": 0.09109833317941754, ""gross_amount"": 0.14193621668000522, ""gross_amount_pct_nav"": 0.09109833317941754, ""fee"": 4.258086500400156e-05, ""fee_pct_nav"": 2.732949995382526e-05, ""name"": ""建设银行""}]"
2024-07-02,0.19811849,0.39623697,0.30685031,0.33056447,0.00019122,0.00009206,0.00009917,0.00000000,rebalance,"[{""ts_code"": ""00762.HK"", ""side"": ""buy"", ""current_weight"": 0.0, ""target_weight"": 0.0998359952235164, ""post_trade_weight"": 0.09984786424809831, ""diff_weight"": 0.0998359952235164, ""gross_amount"": 0.16060323254345185, ""gross_amount_pct_nav"": 0.0998359952235164, ""fee"": 4.818096976303555e-05, ""fee_pct_nav"": 2.9950798567054913e-05, ""name"": ""中国联通""}, {""ts_code"": ""00836.HK"", ""side"": ""sell"", ""current_weight"": 0.09138906887304739, ""target_weight"": 0.0, ""post_trade_weight"": 0.0, ""diff_weight"": -0.09138906887304739, ""gross_amount"": 0.14701491027647218, ""gross_amount_pct_nav"": 0.09138906887304739, ""fee"": 4.4104473082941646e-05, ""fee_pct_nav"": 2.7416720661914214e-05, ""name"": ""华润电力""}, {""ts_code"": ""00883.HK"", ""side"": ""sell"", ""current_weight"": 0.11324684855249828, ""target_weight"": 0.09922752455408096, ""post_trade_weight"": 0.09923932124049148, ""diff_weight"": -0.014019323998417325, ""gross_amount"": 0.02255247465785226, ""gross_amount_pct_nav"": 0.014019323998417325, ""fee"": 6.765742397355678e-06, ""fee_pct_nav"": 4.205797199525197e-06, ""name"": ""中国海洋石油""}, {""ts_code"": ""00939.HK"", ""side"": ""sell"", ""current_weight"": 0.08955135092186675, ""target_weight"": 0.0, ""post_trade_weight"": 0.0, ""diff_weight"": -0.08955135092186675, ""gross_amount"": 0.1440586273967156, ""gross_amount_pct_nav"": 0.08955135092186675, ""fee"": 4.321758821901468e-05, ""fee_pct_nav"": 2.6865405276560024e-05, ""name"": ""建设银行""}, {""ts_code"": ""01398.HK"", ""side"": ""buy"", ""current_weight"": 0.0, ""target_weight"": 0.09091175873846383, ""post_trade_weight"": 0.09092256680319877, ""diff_weight"": 0.09091175873846383, ""gross_amount"": 0.14624707548534052, ""gross_amount_pct_nav"": 0.09091175873846383, ""fee"": 4.387412264560215e-05, ""fee_pct_nav"": 2.7273527621539146e-05, ""name"": ""工商银行""}, {""ts_code"": ""01816.HK"", ""side"": ""sell"", ""current_weight"": 0.1017454671433955, ""target_weight"": 0.09121599407318151, ""post_trade_weight"": 0.09122683830700212, ""diff_weight"": -0.010529473070213987, ""gross_amount"": 0.016938453994168823, ""gross_amount_pct_nav"": 0.010529473070213987, ""fee"": 5.081536198250646e-06, ""fee_pct_nav"": 3.1588419210641954e-06, ""name"": ""中广核电力""}]"
2024-07-08,0.10431043,0.20862086,0.16469308,0.17425834,0.00010169,0.00004941,0.00005228,0.00000000,rebalance,"[{""ts_code"": ""00728.HK"", ""side"": ""buy"", ""current_weight"": 0.0, ""target_weight"": 0.101366773999257, ""post_trade_weight"": 0.10137311856350673, ""diff_weight"": 0.101366773999257, ""gross_amount"": 0.16469307512049022, ""gross_amount_pct_nav"": 0.101366773999257, ""fee"": 4.940792253614706e-05, ""fee_pct_nav"": 3.0410032199777097e-05, ""name"": ""中国电信""}, {""ts_code"": ""00857.HK"", ""side"": ""sell"", ""current_weight"": 0.11430891547365785, ""target_weight"": 0.10188166123368927, ""post_trade_weight"": 0.10188803802482176, ""diff_weight"": -0.012427254239968573, ""gross_amount"": 0.02019086368576331, ""gross_amount_pct_nav"": 0.012427254239968573, ""fee"": 6.057259105728993e-06, ""fee_pct_nav"": 3.7281762719905713e-06, ""name"": ""中国石油股份""}, {""ts_code"": ""01398.HK"", ""side"": ""sell"", ""current_weight"": 0.09482683495175845, ""target_weight"": 0.0, ""post_trade_weight"": 0.0, ""diff_weight"": -0.09482683495175845, ""gross_amount"": 0.15406747631391282, ""gross_amount_pct_nav"": 0.09482683495175845, ""fee"": 4.6220242894173844e-05, ""fee_pct_nav"": 2.8448050485527535e-05, ""name"": ""工商银行""}]"
2024-07-15,0.19270216,0.38540432,0.31746265,0.30159253,0.00018572,0.00009524,0.00009048,0.00000000,rebalance,"[{""ts_code"": ""00005.HK"", ""side"": ""sell"", ""current_weight"": 0.09614448126606708, ""target_weight"": 0.0, ""post_trade_weight"": 0.0, ""diff_weight"": -0.09614448126606708, ""gross_amount"": 0.1544319447131343, ""gross_amount_pct_nav"": 0.09614448126606708, ""fee"": 4.632958341394028e-05, ""fee_pct_nav"": 2.884334437982012e-05, ""name"": ""汇丰控股""}, {""ts_code"": ""00939.HK"", ""side"": ""buy"", ""current_weight"": 0.0, ""target_weight"": 0.09347103146054656, ""post_trade_weight"": 0.09348183995214339, ""diff_weight"": 0.09347103146054656, ""gross_amount"": 0.1501377195311716, ""gross_amount_pct_nav"": 0.09347103146054656, ""fee"": 4.5041315859351476e-05, ""fee_pct_nav"": 2.8041309438163964e-05, ""name"": ""建设银行""}, {""ts_code"": ""01398.HK"", ""side"": ""buy"", ""current_weight"": 0.0, ""target_weight"": 0.10417125093928557, ""post_trade_weight"": 0.10418329674719863, ""diff_weight"": 0.10417125093928557, ""gross_amount"": 0.16732493278770866, ""gross_amount_pct_nav"": 0.10417125093928557, ""fee"": 5.019747983631259e-05, ""fee_pct_nav"": 3.125137528178567e-05, ""name"": ""工商银行""}, {""ts_code"": ""01816.HK"", ""side"": ""sell"", ""current_weight"": 0.09161756022450328, ""target_weight"": 0.0, ""post_trade_weight"": 0.0, ""diff_weight"": -0.09161756022450328, ""gross_amount"": 0.14716058383203665, ""gross_amount_pct_nav"": 0.09161756022450328, ""fee"": 4.414817514961099e-05, ""fee_pct_nav"": 2.7485268067350983e-05, ""name"": ""中广核电力""}]"
2024-07-22,0.09155690,0.18311380,0.13684020,0.14479474,0.00008449,0.00004105,0.00004344,0.00000000,rebalance,"[{""ts_code"": ""00939.HK"", ""side"": ""sell"", ""current_weight"": 0.09414284644424394, ""target_weight"": 0.0, ""post_trade_weight"": 0.0, ""diff_weight"": -0.09414284644424394, ""gross_amount"": 0.14479474018842528, ""gross_amount_pct_nav"": 0.09414284644424394, ""fee"": 4.343842205652758e-05, ""fee_pct_nav"": 2.8242853933273178e-05, ""name"": ""建设银行""}, {""ts_code"": ""00998.HK"", ""side"": ""buy"", ""current_weight"": 0.0, ""target_weight"": 0.08897095431178663, ""post_trade_weight"": 0.08897584212317461, ""diff_weight"": 0.08897095431178663, ""gross_amount"": 0.13684020295180974, ""gross_amount_pct_nav"": 0.08897095431178663, ""fee"": 4.105206088554292e-05, ""fee_pct_nav"": 2.6691286293535986e-05, ""name"": ""中信银行""}]"
2024-07-29,0.09207391,0.18414781,0.14105979,0.13954693,0.00008418,0.00004232,0.00004186,0.00000000,rebalance,"[{""ts_code"": ""00939.HK"", ""side"": ""buy"", ""current_weight"": 0.0, ""target_weight"": 0.09257031257693335, ""post_trade_weight"": 0.09257542684568168, ""diff_weight"": 0.09257031257693335, ""gross_amount"": 0.14105979001042374, ""gross_amount_pct_nav"": 0.09257031257693335, ""fee"": 4.2317937003127115e-05, ""fee_pct_nav"": 2.777109377308e-05, ""name"": ""建设银行""}, {""ts_code"": ""00998.HK"", ""side"": ""sell"", ""current_weight"": 0.09157750153848819, ""target_weight"": 0.0, ""post_trade_weight"": 0.0, ""diff_weight"": -0.09157750153848819, ""gross_amount"": 0.13954693224096643, ""gross_amount_pct_nav"": 0.09157750153848819, ""fee"": 4.186407967228992e-05, ""fee_pct_nav"": 2.7473250461546454e-05, ""name"": ""中信银行""}]"
2024-08-05,0.30075460,0.60150920,0.44505847,0.43345551,0.00026355,0.00013352,0.00013004,0.00000000,rebalance,"[{""ts_code"": ""00386.HK"", ""side"": ""buy"", ""current_weight"": 0.0, ""target_weight"": 0.09371320415078786, ""post_trade_weight"": 0.09373011800923546, ""diff_weight"": 0.09371320415078786, ""gross_amount"": 0.13686966032530068, ""gross_amount_pct_nav"": 0.09371320415078786, ""fee"": 4.10608980975902e-05, ""fee_pct_nav"": 2.811396124523636e-05, ""name"": ""中国石油化工股份""}, {""ts_code"": ""00728.HK"", ""side"": ""sell"", ""current_weight"": 0.1054960924462279, ""target_weight"": 0.0, ""post_trade_weight"": 0.0, ""diff_weight"": -0.1054960924462279, ""gross_amount"": 0.1540787605077351, ""gross_amount_pct_nav"": 0.1054960924462279, ""fee"": 4.622362815232053e-05, ""fee_pct_nav"": 3.164882773386837e-05, ""name"": ""中国电信""}, {""ts_code"": ""00857.HK"", ""side"": ""sell"", ""current_weight"": 0.08678790409187855, ""target_weight"": 0.0, ""post_trade_weight"": 0.0, ""diff_weight"": -0.08678790409187855, ""gross_amount"": 0.12675514684448363, ""gross_amount_pct_nav"": 0.08678790409187855, ""fee"": 3.8026544053345084e-05, ""fee_pct_nav"": 2.6036371227563557e-05, ""name"": ""中国石油股份""}, {""ts_code"": ""00939.HK"", ""side"": ""sell"", ""current_weight"": 0.09392878595092012, ""target_weight"": 0.0, ""post_trade_weight"": 0.0, ""diff_weight"": -0.09392878595092012, ""gross_amount"": 0.1371845210540934, ""gross_amount_pct_nav"": 0.09392878595092012, ""fee"": 4.1155356316228016e-05, ""fee_pct_nav"": 2.8178635785276033e-05, ""name"": ""建设银行""}, {""ts_code"": ""00941.HK"", ""side"": ""sell"", ""current_weight"": 0.10534983127915758, ""target_weight"": 0.09478022552495932, ""post_trade_weight"": 0.09479733196511027, ""diff_weight"": -0.010569605754198266, ""gross_amount"": 0.015437081278554254, ""gross_amount_pct_nav"": 0.010569605754198266, ""fee"": 4.631124383566276e-06, ""fee_pct_nav"": 3.1708817262594796e-06, ""name"": ""中国移动""}, {""ts_code"": ""00998.HK"", ""side"": ""buy"", ""current_weight"": 0.0, ""target_weight"": 0.09771453430393076, ""post_trade_weight"": 0.09773217034376597, ""diff_weight"": 0.09771453430393076, ""gross_amount"": 0.1427136681561379, ""gross_amount_pct_nav"": 0.09771453430393076, ""fee"": 4.281410044684136e-05, ""fee_pct_nav"": 2.9314360291179223e-05, ""name"": ""中信银行""}, {""ts_code"": ""01288.HK"", ""side"": ""buy"", ""current_weight"": 0.10383537507866844, ""target_weight"": 0.11985522781798816, ""post_trade_weight"": 0.11987685992816823, ""diff_weight"": 0.016019852739319725, ""gross_amount"": 0.02339725573104945, ""gross_amount_pct_nav"": 0.016019852739319725, ""fee"": 7.019176719314834e-06, ""fee_pct_nav"": 4.805955821795917e-06, ""name"": ""农业银行""}, {""ts_code"": ""02328.HK"", ""side"": ""buy"", ""current_weight"": 0.0, ""target_weight"": 0.0867775652186735, ""post_trade_weight"": 0.0867932272960492, ""diff_weight"": 0.0867775652186735, ""gross_amount"": 0.12674004675184947, ""gross_amount_pct_nav"": 0.0867775652186735, ""fee"": 3.8022014025554836e-05, ""fee_pct_nav"": 2.6033269565602045e-05, ""name"": ""中国财险""}, {""ts_code"": ""03988.HK"", ""side"": ""buy"", ""current_weight"": 0.1002838922977868, ""target_weight"": 0.11078554613753093, ""post_trade_weight"": 0.11080554130323238, ""diff_weight"": 0.010501653839744133, ""gross_amount"": 0.015337836401228044, ""gross_amount_pct_nav"": 0.010501653839744133, ""fee"": 4.601350920368413e-06, ""fee_pct_nav"": 3.15049615192324e-06, ""name"": ""中国银行""}]"
2024-08-12,0.37931391,0.75862782,0.57136790,0.55079208,0.00033665,0.00017141,0.00016524,0.00000000,rebalance,"[{""ts_code"": ""00006.HK"", ""side"": ""buy"", ""current_weight"": 0.0, ""target_weight"": 0.10426723831066954, ""post_trade_weight"": 0.10429097372095976, ""diff_weight"": 0.10426723831066954, ""gross_amount"": 0.15423178380504196, ""gross_amount_pct_nav"": 0.10426723831066954, ""fee"": 4.6269535141512585e-05, ""fee_pct_nav"": 3.1280171493200864e-05, ""name"": ""电能实业""}, {""ts_code"": ""00762.HK"", ""side"": ""sell"", ""current_weight"": 0.08806934943248482, ""target_weight"": 0.0, ""post_trade_weight"": 0.0, ""diff_weight"": -0.08806934943248482, ""gross_amount"": 0.13027191552777273, ""gross_amount_pct_nav"": 0.08806934943248482, ""fee"": 3.908157465833182e-05, ""fee_pct_nav"": 2.6420804829745442e-05, ""name"": ""中国联通""}, {""ts_code"": ""00883.HK"", ""side"": ""sell"", ""current_weight"": 0.09103419744536081, ""target_weight"": 0.0, ""post_trade_weight"": 0.0, ""diff_weight"": -0.09103419744536081, ""gross_amount"": 0.13465750974840635, ""gross_amount_pct_nav"": 0.09103419744536081, ""fee"": 4.03972529245219e-05, ""fee_pct_nav"": 2.7310259233608244e-05, ""name"": ""中国海洋石油""}, {""ts_code"": ""00939.HK"", ""side"": ""buy"", ""current_weight"": 0.0, ""target_weight"": 0.09821724233646555, ""post_trade_weight"": 0.09823960052473445, ""diff_weight"": 0.09821724233646555, ""gross_amount"": 0.1452826480435808, ""gross_amount_pct_nav"": 0.09821724233646555, ""fee"": 4.358479441307423e-05, ""fee_pct_nav"": 2.946517270093966e-05, ""name"": ""建设银行""}, {""ts_code"": ""00998.HK"", ""side"": ""sell"", ""current_weight"": 0.0977555755148643, ""target_weight"": 0.0, ""post_trade_weight"": 0.0, ""diff_weight"": -0.0977555755148643, ""gross_amount"": 0.14459975187626303, ""gross_amount_pct_nav"": 0.0977555755148643, ""fee"": 4.337992556287891e-05, ""fee_pct_nav"": 2.932667265445929e-05, ""name"": ""中信银行""}, {""ts_code"": ""01038.HK"", ""side"": ""buy"", ""current_weight"": 0.0, ""target_weight"": 0.08941724819216881, ""post_trade_weight"": 0.08943760314840674, ""diff_weight"": 0.08941724819216881, ""gross_amount"": 0.1322657232996373, ""gross_amount_pct_nav"": 0.08941724819216881, ""fee"": 3.967971698989118e-05, ""fee_pct_nav"": 2.6825174457650642e-05, ""name"": ""长江基建集团""}, {""ts_code"": ""01288.HK"", ""side"": ""sell"", ""current_weight"": 0.12181201034157617, ""target_weight"": 0.11114223373590133, ""post_trade_weight"": 0.11116753417121575, ""diff_weight"": -0.010669776605674839, ""gross_amount"": 0.015782701310178865, ""gross_amount_pct_nav"": 0.010669776605674839, ""fee"": 4.734810393053659e-06, ""fee_pct_nav"": 3.200932981702452e-06, ""name"": ""农业银行""}, {""ts_code"": ""02328.HK"", ""side"": ""sell"", ""current_weight"": 0.08482994976735651, ""target_weight"": 0.0, ""post_trade_weight"": 0.0, ""diff_weight"": -0.08482994976735651, ""gross_amount"": 0.125480205332845, ""gross_amount_pct_nav"": 0.08482994976735651, ""fee"": 3.76440615998535e-05, ""fee_pct_nav"": 2.544898493020695e-05, ""name"": ""中国财险""}, {""ts_code"": ""03328.HK"", ""side"": ""buy"", ""current_weight"": 0.0, ""target_weight"": 0.09436724489833573, ""post_trade_weight"": 0.09438872667259107, ""diff_weight"": 0.09436724489833573, ""gross_amount"": 0.1395877434681055, ""gross_amount_pct_nav"": 0.09436724489833573, ""fee"": 4.187632304043165e-05, ""fee_pct_nav"": 2.8310173469500715e-05, ""name"": ""交通银行""}]"
2024-08-19,0.27403093,0.54806185,0.40838284,0.42906213,0.00025123,0.00012251,0.00012872,0.00000000,rebalance,"[{""ts_code"": ""00006.HK"", ""side"": ""sell"", ""current_weight"": 0.10018718903245105, ""target_weight"": 0.0, ""post_trade_weight"": 0.0, ""diff_weight"": -0.10018718903245105, ""gross_amount"": 0.15308720655973554, ""gross_amount_pct_nav"": 0.10018718903245105, ""fee"": 4.592616196792066e-05, ""fee_pct_nav"": 3.0056156709735312e-05, ""name"": ""电能实业""}, {""ts_code"": ""00386.HK"", ""side"": ""sell"", ""current_weight"": 0.09233263691690313, ""target_weight"": 0.0, ""post_trade_weight"": 0.0, ""diff_weight"": -0.09233263691690313, ""gross_amount"": 0.14108535828193208, ""gross_amount_pct_nav"": 0.09233263691690313, ""fee"": 4.232560748457962e-05, ""fee_pct_nav"": 2.769979107507094e-05, ""name"": ""中国石油化工股份""}, {""ts_code"": ""00998.HK"", ""side"": ""buy"", ""current_weight"": 0.0, ""target_weight"": 0.0922167058220233, ""post_trade_weight"": 0.09223187045294531, ""diff_weight"": 0.0922167058220233, ""gross_amount"": 0.14090821420153657, ""gross_amount_pct_nav"": 0.0922167058220233, ""fee"": 4.2272464260460965e-05, ""fee_pct_nav"": 2.7665011746606987e-05, ""name"": ""中信银行""}, {""ts_code"": ""01038.HK"", ""side"": ""sell"", ""current_weight"": 0.088277832908044, ""target_weight"": 0.0, ""post_trade_weight"": 0.0, ""diff_weight"": -0.088277832908044, ""gross_amount"": 0.13488956992956697, ""gross_amount_pct_nav"": 0.088277832908044, ""fee"": 4.046687097887008e-05, ""fee_pct_nav"": 2.6483349872413197e-05, ""name"": ""长江基建集团""}, {""ts_code"": ""01810.HK"", ""side"": ""buy"", ""current_weight"": 0.0, ""target_weight"": 0.08775839180009341, ""post_trade_weight"": 0.08777282328091995, ""diff_weight"": 0.08775839180009341, ""gross_amount"": 0.13409585778975744, ""gross_amount_pct_nav"": 0.08775839180009341, ""fee"": 4.022875733692723e-05, ""fee_pct_nav"": 2.6327517540028022e-05, ""name"": ""小米集团-W""}, {""ts_code"": ""02328.HK"", ""side"": ""buy"", ""current_weight"": 0.0, ""target_weight"": 0.0872890955872587, ""post_trade_weight"": 0.08730344989439097, ""diff_weight"": 0.0872890955872587, ""gross_amount"": 0.13337876764114912, ""gross_amount_pct_nav"": 0.0872890955872587, ""fee"": 4.001363029234473e-05, ""fee_pct_nav"": 2.6186728676177607e-05, ""name"": ""中国财险""}]"
2024-08-26,0.18022293,0.36044586,0.28027558,0.27796323,0.00016747,0.00008408,0.00008339,0.00000000,rebalance,"[{""ts_code"": ""00006.HK"", ""side"": ""buy"", ""current_weight"": 0.0, ""target_weight"": 0.08699776554040213, ""post_trade_weight"": 0.0870071739530598, ""diff_weight"": 0.08699776554040213, ""gross_amount"": 0.13473737455021384, ""gross_amount_pct_nav"": 0.08699776554040213, ""fee"": 4.042121236506415e-05, ""fee_pct_nav"": 2.6099329662120636e-05, ""name"": ""电能实业""}, {""ts_code"": ""00386.HK"", ""side"": ""buy"", ""current_weight"": 0.0, ""target_weight"": 0.09397168790137517, ""post_trade_weight"": 0.09398185051201721, ""diff_weight"": 0.09397168790137517, ""gross_amount"": 0.1455382035530939, ""gross_amount_pct_nav"": 0.09397168790137517, ""fee"": 4.366146106592817e-05, ""fee_pct_nav"": 2.8191506370412545e-05, ""name"": ""中国石油化工股份""}, {""ts_code"": ""01810.HK"", ""side"": ""sell"", ""current_weight"": 0.09198887779687286, ""target_weight"": 0.0, ""post_trade_weight"": 0.0, ""diff_weight"": -0.09198887779687286, ""gross_amount"": 0.14246733585835747, ""gross_amount_pct_nav"": 0.09198887779687286, ""fee"": 4.274020075750724e-05, ""fee_pct_nav"": 2.7596663339061856e-05, ""name"": ""小米集团-W""}, {""ts_code"": ""02328.HK"", ""side"": ""sell"", ""current_weight"": 0.08748752742718355, ""target_weight"": 0.0, ""post_trade_weight"": 0.0, ""diff_weight"": -0.08748752742718355, ""gross_amount"": 0.13549589093704037, ""gross_amount_pct_nav"": 0.08748752742718355, ""fee"": 4.064876728111211e-05, ""fee_pct_nav"": 2.624625822815506e-05, ""name"": ""中国财险""}]"
2024-09-02,0.28393236,0.56786473,0.43421621,0.41756631,0.00025553,0.00013026,0.00012527,0.00000000,rebalance,"[{""ts_code"": ""00386.HK"", ""side"": ""sell"", ""current_weight"": 0.09984768498400584, ""target_weight"": 0.0, ""post_trade_weight"": 0.0, ""diff_weight"": -0.09984768498400584, ""gross_amount"": 0.14976896528428846, ""gross_amount_pct_nav"": 0.09984768498400584, ""fee"": 4.4930689585286536e-05, ""fee_pct_nav"": 2.9954305495201752e-05, ""name"": ""中国石油化工股份""}, {""ts_code"": ""00700.HK"", ""side"": ""buy"", ""current_weight"": 0.0, ""target_weight"": 0.09934976154044269, ""post_trade_weight"": 0.09936668959193029, ""diff_weight"": 0.09934976154044269, ""gross_amount"": 0.1490220928961586, ""gross_amount_pct_nav"": 0.09934976154044269, ""fee"": 4.470662786884757e-05, ""fee_pct_nav"": 2.9804928462132804e-05, ""name"": ""腾讯控股""}, {""ts_code"": ""00883.HK"", ""side"": ""buy"", ""current_weight"": 0.0, ""target_weight"": 0.09823234533277801, ""post_trade_weight"": 0.09824908298945437, ""diff_weight"": 0.09823234533277801, ""gross_amount"": 0.14734599725868197, ""gross_amount_pct_nav"": 0.09823234533277801, ""fee"": 4.420379917760459e-05, ""fee_pct_nav"": 2.9469703599833403e-05, ""name"": ""中国海洋石油""}, {""ts_code"": ""00998.HK"", ""side"": ""sell"", ""current_weight"": 0.0875748441646797, ""target_weight"": 0.0, ""post_trade_weight"": 0.0, ""diff_weight"": -0.0875748441646797, ""gross_amount"": 0.13136001898870142, ""gross_amount_pct_nav"": 0.0875748441646797, ""fee"": 3.9408005696610426e-05, ""fee_pct_nav"": 2.627245324940391e-05, ""name"": ""中信银行""}, {""ts_code"": ""01038.HK"", ""side"": ""buy"", ""current_weight"": 0.0, ""target_weight"": 0.09190032015601153, ""post_trade_weight"": 0.09191597890875745, ""diff_weight"": 0.09190032015601153, ""gross_amount"": 0.1378481219796478, ""gross_amount_pct_nav"": 0.09190032015601153, ""fee"": 4.1354436593894336e-05, ""fee_pct_nav"": 2.7570096046803457e-05, ""name"": ""长江基建集团""}, {""ts_code"": ""03328.HK"", ""side"": ""sell"", ""current_weight"": 0.0909597731771784, ""target_weight"": 0.0, ""post_trade_weight"": 0.0, ""diff_weight"": -0.0909597731771784, ""gross_amount"": 0.13643732564677674, ""gross_amount_pct_nav"": 0.0909597731771784, ""fee"": 4.093119769403302e-05, ""fee_pct_nav"": 2.728793195315352e-05, ""name"": ""交通银行""}]"
2024-09-09,0.20595658,0.41191316,0.27870985,0.31575079,0.00017834,0.00008361,0.00009473,0.00000000,rebalance,"[{""ts_code"": ""00700.HK"", ""side"": ""sell"", ""current_weight"": 0.10145635183622087, ""target_weight"": 0.0, ""post_trade_weight"": 0.0, ""diff_weight"": -0.10145635183622087, ""gross_amount"": 0.14641874241147185, ""gross_amount_pct_nav"": 0.10145635183622087, ""fee"": 4.392562272344155e-05, ""fee_pct_nav"": 3.0436905550866258e-05, ""name"": ""腾讯控股""}, {""ts_code"": ""00788.HK"", ""side"": ""buy"", ""current_weight"": 0.0, ""target_weight"": 0.1013931592409918, ""post_trade_weight"": 0.10140569034263705, ""diff_weight"": 0.1013931592409918, ""gross_amount"": 0.14632754476681287, ""gross_amount_pct_nav"": 0.1013931592409918, ""fee"": 4.389826343004386e-05, ""fee_pct_nav"": 3.041794777229754e-05, ""name"": ""中国铁塔""}, {""ts_code"": ""00883.HK"", ""side"": ""sell"", ""current_weight"": 0.09210620966308039, ""target_weight"": 0.0, ""post_trade_weight"": 0.0, ""diff_weight"": -0.09210620966308039, ""gross_amount"": 0.13292489965464077, ""gross_amount_pct_nav"": 0.09210620966308039, ""fee"": 3.987746989639223e-05, ""fee_pct_nav"": 2.7631862898924115e-05, ""name"": ""中国海洋石油""}, {""ts_code"": ""01288.HK"", ""side"": ""sell"", ""current_weight"": 0.11391678020757967, ""target_weight"": 0.10358927898463208, ""post_trade_weight"": 0.10360208150300738, ""diff_weight"": -0.010327501222947597, ""gross_amount"": 0.014904337815713542, ""gross_amount_pct_nav"": 0.010327501222947597, ""fee"": 4.471301344714062e-06, ""fee_pct_nav"": 3.098250366884279e-06, ""name"": ""农业银行""}, {""ts_code"": ""01398.HK"", ""side"": ""sell"", ""current_weight"": 0.10838683843112049, ""target_weight"": 0.09348712816388684, ""post_trade_weight"": 0.09349868216530381, ""diff_weight"": -0.014899710267233648, ""gross_amount"": 0.02150281180172295, ""gross_amount_pct_nav"": 0.014899710267233648, ""fee"": 6.450843540516884e-06, ""fee_pct_nav"": 4.469913080170094e-06, ""name"": ""工商银行""}, {""ts_code"": ""02388.HK"", ""side"": ""buy"", ""current_weight"": 0.0, ""target_weight"": 0.09173023236897458, ""post_trade_weight"": 0.0917415692370075, ""diff_weight"": 0.09173023236897458, ""gross_amount"": 0.13238230058043882, ""gross_amount_pct_nav"": 0.09173023236897458, ""fee"": 3.9714690174131645e-05, ""fee_pct_nav"": 2.7519069710692373e-05, ""name"": ""中银香港""}]"
2024-09-16,0.28964401,0.57928802,0.42272699,0.41884751,0.00025247,0.00012682,0.00012565,0.00000000,rebalance,"[{""ts_code"": ""00002.HK"", ""side"": ""buy"", ""current_weight"": 0.0, ""target_weight"": 0.0969173842122646, ""post_trade_weight"": 0.09693423006376099, ""diff_weight"": 0.0969173842122646, ""gross_amount"": 0.14079904213134392, ""gross_amount_pct_nav"": 0.0969173842122646, ""fee"": 4.223971263940317e-05, ""fee_pct_nav"": 2.9075215263679375e-05, ""name"": ""中电控股""}, {""ts_code"": ""00288.HK"", ""side"": ""buy"", ""current_weight"": 0.0, ""target_weight"": 0.09464683817737644, ""post_trade_weight"": 0.09466328937025066, ""diff_weight"": 0.09464683817737644, ""gross_amount"": 0.13750045220936255, ""gross_amount_pct_nav"": 0.09464683817737644, ""fee"": 4.125013566280876e-05, ""fee_pct_nav"": 2.839405145321293e-05, ""name"": ""万洲国际""}, {""ts_code"": ""00700.HK"", ""side"": ""buy"", ""current_weight"": 0.0, ""target_weight"": 0.09941498485064158, ""post_trade_weight"": 0.0994322648266224, ""diff_weight"": 0.09941498485064158, ""gross_amount"": 0.14442749104552347, ""gross_amount_pct_nav"": 0.09941498485064158, ""fee"": 4.332824731365704e-05, ""fee_pct_nav"": 2.9824495455192475e-05, ""name"": ""腾讯控股""}, {""ts_code"": ""00788.HK"", ""side"": ""sell"", ""current_weight"": 0.09866729607799843, ""target_weight"": 0.0, ""post_trade_weight"": 0.0, ""diff_weight"": -0.09866729607799843, ""gross_amount"": 0.14334126834300034, ""gross_amount_pct_nav"": 0.09866729607799843, ""fee"": 4.30023805029001e-05, ""fee_pct_nav"": 2.9600188823399527e-05, ""name"": ""中国铁塔""}, {""ts_code"": ""01088.HK"", ""side"": ""sell"", ""current_weight"": 0.09819486118277487, ""target_weight"": 0.0, ""post_trade_weight"": 0.0, ""diff_weight"": -0.09819486118277487, ""gross_amount"": 0.14265492727779772, ""gross_amount_pct_nav"": 0.09819486118277487, ""fee"": 4.279647818333931e-05, ""fee_pct_nav"": 2.9458458354832457e-05, ""name"": ""中国神华""}, {""ts_code"": ""02388.HK"", ""side"": ""sell"", ""current_weight"": 0.09144665671071057, ""target_weight"": 0.0, ""post_trade_weight"": 0.0, ""diff_weight"": -0.09144665671071057, ""gross_amount"": 0.13285131223498822, ""gross_amount_pct_nav"": 0.09144665671071057, ""fee"": 3.985539367049646e-05, ""fee_pct_nav"": 2.7433997013213165e-05, ""name"": ""中银香港""}]"
2024-09-23,0.29849433,0.59698866,0.44168613,0.44481745,0.00026595,0.00013251,0.00013345,0.00000000,rebalance,"[{""ts_code"": ""00002.HK"", ""side"": ""sell"", ""current_weight"": 0.09596160434507407, ""target_weight"": 0.0, ""post_trade_weight"": 0.0, ""diff_weight"": -0.09596160434507407, ""gross_amount"": 0.14249903056616836, ""gross_amount_pct_nav"": 0.09596160434507407, ""fee"": 4.27497091698505e-05, ""fee_pct_nav"": 2.8788481303522217e-05, ""name"": ""中电控股""}, {""ts_code"": ""00288.HK"", ""side"": ""sell"", ""current_weight"": 0.0954300200138461, ""target_weight"": 0.0, ""post_trade_weight"": 0.0, ""diff_weight"": -0.0954300200138461, ""gross_amount"": 0.1417096497259757, ""gross_amount_pct_nav"": 0.0954300200138461, ""fee"": 4.2512894917792705e-05, ""fee_pct_nav"": 2.862900600415383e-05, ""name"": ""万洲国际""}, {""ts_code"": ""00788.HK"", ""side"": ""buy"", ""current_weight"": 0.0, ""target_weight"": 0.09977609416900746, ""post_trade_weight"": 0.09979396692910966, ""diff_weight"": 0.09977609416900746, ""gross_amount"": 0.14816339086656932, ""gross_amount_pct_nav"": 0.09977609416900746, ""fee"": 4.444901725997079e-05, ""fee_pct_nav"": 2.9932828250702232e-05, ""name"": ""中国铁塔""}, {""ts_code"": ""00941.HK"", ""side"": ""sell"", ""current_weight"": 0.09725045889929787, ""target_weight"": 0.0, ""post_trade_weight"": 0.0, ""diff_weight"": -0.09725045889929787, ""gross_amount"": 0.1444129265016432, ""gross_amount_pct_nav"": 0.09725045889929787, ""fee"": 4.332387795049296e-05, ""fee_pct_nav"": 2.9175137669789357e-05, ""name"": ""中国移动""}, {""ts_code"": ""01810.HK"", ""side"": ""buy"", ""current_weight"": 0.0, ""target_weight"": 0.10080607502464303, ""post_trade_weight"": 0.10082413228385695, ""diff_weight"": 0.10080607502464303, ""gross_amount"": 0.1496928700205651, ""gross_amount_pct_nav"": 0.10080607502464303, ""fee"": 4.490786100616953e-05, ""fee_pct_nav"": 3.0241822507392908e-05, ""name"": ""小米集团-W""}, {""ts_code"": ""02388.HK"", ""side"": ""buy"", ""current_weight"": 0.0, ""target_weight"": 0.09685781507803994, ""post_trade_weight"": 0.09687516509065901, ""diff_weight"": 0.09685781507803994, ""gross_amount"": 0.14382986659691452, ""gross_amount_pct_nav"": 0.09685781507803994, ""fee"": 4.314895997907435e-05, ""fee_pct_nav"": 2.905734452341198e-05, ""name"": ""中银香港""}, {""ts_code"": ""03988.HK"", ""side"": ""sell"", ""current_weight"": 0.11686257592403317, ""target_weight"": 0.10595597930282105, ""post_trade_weight"": 0.10597495905759344, ""diff_weight"": -0.010906596621212104, ""gross_amount"": 0.01619584682755204, ""gross_amount_pct_nav"": 0.010906596621212104, ""fee"": 4.858754048265612e-06, ""fee_pct_nav"": 3.271978986363631e-06, ""name"": ""中国银行""}]"
2024-09-30,0.47771828,0.95543656,0.75504034,0.70552771,0.00043817,0.00022651,0.00021166,0.00000000,rebalance,"[{""ts_code"": ""00005.HK"", ""side"": ""buy"", ""current_weight"": 0.0, ""target_weight"": 0.10184142439055688, ""post_trade_weight"": 0.10187062366603714, ""diff_weight"": 0.10184142439055688, ""gross_amount"": 0.15568415192586224, ""gross_amount_pct_nav"": 0.10184142439055688, ""fee"": 4.670524557775867e-05, ""fee_pct_nav"": 3.055242731716706e-05, ""name"": ""汇丰控股""}, {""ts_code"": ""00006.HK"", ""side"": ""sell"", ""current_weight"": 0.08346492859446598, ""target_weight"": 0.0, ""post_trade_weight"": 0.0, ""diff_weight"": -0.08346492859446598, ""gross_amount"": 0.12759215320820821, ""gross_amount_pct_nav"": 0.08346492859446598, ""fee"": 3.827764596246246e-05, ""fee_pct_nav"": 2.503947857833979e-05, ""name"": ""电能实业""}, {""ts_code"": ""00669.HK"", ""side"": ""buy"", ""current_weight"": 0.0, ""target_weight"": 0.09363806663929065, ""post_trade_weight"": 0.09366491390423812, ""diff_weight"": 0.09363806663929065, ""gross_amount"": 0.143143746073401, ""gross_amount_pct_nav"": 0.09363806663929065, ""fee"": 4.2943123822020297e-05, ""fee_pct_nav"": 2.8091419991787197e-05, ""name"": ""创科实业""}, {""ts_code"": ""00788.HK"", ""side"": ""sell"", ""current_weight"": 0.09884092914270563, ""target_weight"": 0.0, ""post_trade_weight"": 0.0, ""diff_weight"": -0.09884092914270563, ""gross_amount"": 0.1510973193985806, ""gross_amount_pct_nav"": 0.09884092914270563, ""fee"": 4.532919581957417e-05, ""fee_pct_nav"": 2.9652278742811683e-05, ""name"": ""中国铁塔""}, {""ts_code"": ""01038.HK"", ""side"": ""sell"", ""current_weight"": 0.08376859438378294, ""target_weight"": 0.0, ""post_trade_weight"": 0.0, ""diff_weight"": -0.08376859438378294, ""gross_amount"": 0.1280563646149282, ""gross_amount_pct_nav"": 0.08376859438378294, ""fee"": 3.841690938447846e-05, ""fee_pct_nav"": 2.513057831513488e-05, ""name"": ""长江基建集团""}, {""ts_code"": ""01088.HK"", ""side"": ""buy"", ""current_weight"": 0.0, ""target_weight"": 0.10615166320901882, ""post_trade_weight"": 0.10618209828664345, ""diff_weight"": 0.10615166320901882, ""gross_amount"": 0.16227317872969788, ""gross_amount_pct_nav"": 0.10615166320901882, ""fee"": 4.868195361890936e-05, ""fee_pct_nav"": 3.184549896270564e-05, ""name"": ""中国神华""}, {""ts_code"": ""01339.HK"", ""side"": ""buy"", ""current_weight"": 0.0, ""target_weight"": 0.0955846261056928, ""post_trade_weight"": 0.09561203147483448, ""diff_weight"": 0.0955846261056928, ""gross_amount"": 0.14611943559771381, ""gross_amount_pct_nav"": 0.0955846261056928, ""fee"": 4.383583067931414e-05, ""fee_pct_nav"": 2.867538783170784e-05, ""name"": ""中国人民保险集团""}, {""ts_code"": ""01398.HK"", ""side"": ""sell"", ""current_weight"": 0.09844053354793324, ""target_weight"": 0.0, ""post_trade_weight"": 0.0, ""diff_weight"": -0.09844053354793324, ""gross_amount"": 0.15048523792996388, ""gross_amount_pct_nav"": 0.09844053354793324, ""fee"": 4.514557137898916e-05, ""fee_pct_nav"": 2.953216006437997e-05, ""name"": ""工商银行""}, {""ts_code"": ""01919.HK"", ""side"": ""buy"", ""current_weight"": 0.0, ""target_weight"": 0.09669694580077974, ""post_trade_weight"": 0.09672467008660383, ""diff_weight"": 0.09669694580077974, ""gross_amount"": 0.14781982961160686, ""gross_amount_pct_nav"": 0.09669694580077974, ""fee"": 4.434594888348205e-05, ""fee_pct_nav"": 2.9009083740233917e-05, ""name"": ""中远海控""}, {""ts_code"": ""02388.HK"", ""side"": ""sell"", ""current_weight"": 0.09700884845108067, ""target_weight"": 0.0, ""post_trade_weight"": 0.0, ""diff_weight"": -0.09700884845108067, ""gross_amount"": 0.14829663264029694, ""gross_amount_pct_nav"": 0.09700884845108067, ""fee"": 4.4488989792089075e-05, ""fee_pct_nav"": 2.9102654535324195e-05, ""name"": ""中银香港""}]"
2024-10-07,0.39333012,0.78666023,0.64074020,0.65176003,0.00038775,0.00019222,0.00019553,0.00000000,rebalance,"[{""ts_code"": ""00005.HK"", ""side"": ""sell"", ""current_weight"": 0.09462024679016261, ""target_weight"": 0.0, ""post_trade_weight"": 0.0, ""diff_weight"": -0.09462024679016261, ""gross_amount"": 0.15546316661439896, ""gross_amount_pct_nav"": 0.09462024679016261, ""fee"": 4.663894998431969e-05, ""fee_pct_nav"": 2.8386074037048782e-05, ""name"": ""汇丰控股""}, {""ts_code"": ""00669.HK"", ""side"": ""sell"", ""current_weight"": 0.08749107179542555, ""target_weight"": 0.0, ""post_trade_weight"": 0.0, ""diff_weight"": -0.08749107179542555, ""gross_amount"": 0.14374977378751358, ""gross_amount_pct_nav"": 0.08749107179542555, ""fee"": 4.312493213625407e-05, ""fee_pct_nav"": 2.624732153862766e-05, ""name"": ""创科实业""}, {""ts_code"": ""00998.HK"", ""side"": ""buy"", ""current_weight"": 0.0, ""target_weight"": 0.09538220905062038, ""post_trade_weight"": 0.09540472438140521, ""diff_weight"": 0.09538220905062038, ""gross_amount"": 0.15671508752847277, ""gross_amount_pct_nav"": 0.09538220905062038, ""fee"": 4.7014526258541825e-05, ""fee_pct_nav"": 2.8614662715186108e-05, ""name"": ""中信银行""}, {""ts_code"": ""01088.HK"", ""side"": ""sell"", ""current_weight"": 0.10425982993462209, ""target_weight"": 0.09376209126739937, ""post_trade_weight"": 0.09378422416326095, ""diff_weight"": -0.010497738667222712, ""gross_amount"": 0.017248017743138444, ""gross_amount_pct_nav"": 0.010497738667222712, ""fee"": 5.174405322941533e-06, ""fee_pct_nav"": 3.1493216001668135e-06, ""name"": ""中国神华""}, {""ts_code"": ""01288.HK"", ""side"": ""sell"", ""current_weight"": 0.09980272988948762, ""target_weight"": 0.0, ""post_trade_weight"": 0.0, ""diff_weight"": -0.09980272988948762, ""gross_amount"": 0.16397810142886232, ""gross_amount_pct_nav"": 0.09980272988948762, ""fee"": 4.919343042865869e-05, ""fee_pct_nav"": 2.9940818966846282e-05, ""name"": ""农业银行""}, {""ts_code"": ""01339.HK"", ""side"": ""sell"", ""current_weight"": 0.11650026481903784, ""target_weight"": 0.10012683970148183, ""post_trade_weight"": 0.10015047502025624, ""diff_weight"": -0.016373425117556024, ""gross_amount"": 0.0269019010565891, ""gross_amount_pct_nav"": 0.016373425117556024, ""fee"": 8.070570316976729e-06, ""fee_pct_nav"": 4.912027535266806e-06, ""name"": ""中国人民保险集团""}, {""ts_code"": ""01898.HK"", ""side"": ""buy"", ""current_weight"": 0.0, ""target_weight"": 0.09862244461706235, ""post_trade_weight"": 0.09864572481769374, ""diff_weight"": 0.09862244461706235, ""gross_amount"": 0.16203886651684085, ""gross_amount_pct_nav"": 0.09862244461706235, ""fee"": 4.861165995505225e-05, ""fee_pct_nav"": 2.95867333851187e-05, ""name"": ""中煤能源""}, {""ts_code"": ""01919.HK"", ""side"": ""sell"", ""current_weight"": 0.08789842652895122, ""target_weight"": 0.0, ""post_trade_weight"": 0.0, ""diff_weight"": -0.08789842652895122, ""gross_amount"": 0.14441906666041962, ""gross_amount_pct_nav"": 0.08789842652895122, ""fee"": 4.332571999812588e-05, ""fee_pct_nav"": 2.6369527958685364e-05, ""name"": ""中远海控""}, {""ts_code"": ""02628.HK"", ""side"": ""buy"", ""current_weight"": 0.0, ""target_weight"": 0.1020941255811073, ""post_trade_weight"": 0.10211822528514569, ""diff_weight"": 0.1020941255811073, ""gross_amount"": 0.16774291543294947, ""gross_amount_pct_nav"": 0.1020941255811073, ""fee"": 5.032287462988484e-05, ""fee_pct_nav"": 3.0628237674332186e-05, ""name"": ""中国人寿""}, {""ts_code"": ""03690.HK"", ""side"": ""buy"", ""current_weight"": 0.0, ""target_weight"": 0.09387781396620089, ""post_trade_weight"": 0.09389997417884269, ""diff_weight"": 0.09387781396620089, ""gross_amount"": 0.154243332998159, ""gross_amount_pct_nav"": 0.09387781396620089, ""fee"": 4.62729998994477e-05, ""fee_pct_nav"": 2.8163344189860262e-05, ""name"": ""美团-W""}]"
2024-10-14,0.39151991,0.78303983,0.58473326,0.58518779,0.00035098,0.00017542,0.00017556,0.00000000,rebalance,"[{""ts_code"": ""00700.HK"", ""side"": ""sell"", ""current_weight"": 0.1115582514651118, ""target_weight"": 0.09831280929387132, ""post_trade_weight"": 0.09833590957395419, ""diff_weight"": -0.013245442171240466, ""gross_amount"": 0.019789697912762638, ""gross_amount_pct_nav"": 0.013245442171240466, ""fee"": 5.936909373828791e-06, ""fee_pct_nav"": 3.97363265137214e-06, ""name"": ""腾讯控股""}, {""ts_code"": ""00788.HK"", ""side"": ""buy"", ""current_weight"": 0.0, ""target_weight"": 0.09517375361213162, ""post_trade_weight"": 0.09519611631726403, ""diff_weight"": 0.09517375361213162, ""gross_amount"": 0.14219682581056456, ""gross_amount_pct_nav"": 0.09517375361213162, ""fee"": 4.265904774316936e-05, ""fee_pct_nav"": 2.855212608363948e-05, ""name"": ""中国铁塔""}, {""ts_code"": ""01088.HK"", ""side"": ""sell"", ""current_weight"": 0.09697851605481378, ""target_weight"": 0.0, ""post_trade_weight"": 0.0, ""diff_weight"": -0.09697851605481378, ""gross_amount"": 0.14489327815116881, ""gross_amount_pct_nav"": 0.09697851605481378, ""fee"": 4.346798344535064e-05, ""fee_pct_nav"": 2.9093554816444134e-05, ""name"": ""中国神华""}, {""ts_code"": ""01339.HK"", ""side"": ""sell"", ""current_weight"": 0.09017123975143634, ""target_weight"": 0.0, ""post_trade_weight"": 0.0, ""diff_weight"": -0.09017123975143634, ""gross_amount"": 0.13472268966413073, ""gross_amount_pct_nav"": 0.09017123975143634, ""fee"": 4.041680689923921e-05, ""fee_pct_nav"": 2.70513719254309e-05, ""name"": ""中国人民保险集团""}, {""ts_code"": ""01919.HK"", ""side"": ""buy"", ""current_weight"": 0.0, ""target_weight"": 0.101922723327872, ""post_trade_weight"": 0.10194667181914788, ""diff_weight"": 0.101922723327872, ""gross_amount"": 0.15228029982148747, ""gross_amount_pct_nav"": 0.101922723327872, ""fee"": 4.568408994644624e-05, ""fee_pct_nav"": 3.0576816998361596e-05, ""name"": ""中远海控""}, {""ts_code"": ""02333.HK"", ""side"": ""buy"", ""current_weight"": 0.0, ""target_weight"": 0.09485984804395765, ""post_trade_weight"": 0.09488213699159502, ""diff_weight"": 0.09485984804395765, ""gross_amount"": 0.14172782701935885, ""gross_amount_pct_nav"": 0.09485984804395765, ""fee"": 4.251834810580765e-05, ""fee_pct_nav"": 2.845795441318729e-05, ""name"": ""长城汽车""}, {""ts_code"": ""02628.HK"", ""side"": ""sell"", ""current_weight"": 0.08959907061089965, ""target_weight"": 0.0, ""post_trade_weight"": 0.0, ""diff_weight"": -0.08959907061089965, ""gross_amount"": 0.1338678254550059, ""gross_amount_pct_nav"": 0.08959907061089965, ""fee"": 4.016034763650176e-05, ""fee_pct_nav"": 2.687972118326989e-05, ""name"": ""中国人寿""}, {""ts_code"": ""03690.HK"", ""side"": ""sell"", ""current_weight"": 0.08890356447194776, ""target_weight"": 0.0, ""post_trade_weight"": 0.0, ""diff_weight"": -0.08890356447194776, ""gross_amount"": 0.13282868639053472, ""gross_amount_pct_nav"": 0.08890356447194776, ""fee"": 3.9848605917160415e-05, ""fee_pct_nav"": 2.6671069341584326e-05, ""name"": ""美团-W""}, {""ts_code"": ""03988.HK"", ""side"": ""sell"", ""current_weight"": 0.11391214946744241, ""target_weight"": 0.10113795940743707, ""post_trade_weight"": 0.10116172350497535, ""diff_weight"": -0.012774190060005337, ""gross_amount"": 0.019085611420101484, ""gross_amount_pct_nav"": 0.012774190060005337, ""fee"": 5.725683426030445e-06, ""fee_pct_nav"": 3.8322570180016e-06, ""name"": ""中国银行""}, {""ts_code"": ""09992.HK"", ""side"": ""buy"", ""current_weight"": 0.0, ""target_weight"": 0.09941147878248022, ""post_trade_weight"": 0.09943483721379574, ""diff_weight"": 0.09941147878248022, ""gross_amount"": 0.14852830949184173, ""gross_amount_pct_nav"": 0.09941147878248022, ""fee"": 4.455849284755251e-05, ""fee_pct_nav"": 2.9823443634744062e-05, ""name"": ""泡泡玛特""}]"
2024-10-21,0.29721015,0.59442031,0.43855870,0.43317065,0.00026152,0.00013157,0.00012995,0.00000000,rebalance,"[{""ts_code"": ""00788.HK"", ""side"": ""sell"", ""current_weight"": 0.09608059596043464, ""target_weight"": 0.0, ""post_trade_weight"": 0.0, ""diff_weight"": -0.09608059596043464, ""gross_amount"": 0.14090412739410488, ""gross_amount_pct_nav"": 0.09608059596043464, ""fee"": 4.227123821823146e-05, ""fee_pct_nav"": 2.882417878813039e-05, ""name"": ""中国铁塔""}, {""ts_code"": ""00998.HK"", ""side"": ""sell"", ""current_weight"": 0.09844601146170169, ""target_weight"": 0.0, ""post_trade_weight"": 0.0, ""diff_weight"": -0.09844601146170169, ""gross_amount"": 0.14437305682568097, ""gross_amount_pct_nav"": 0.09844601146170169, ""fee"": 4.331191704770429e-05, ""fee_pct_nav"": 2.9533803438510505e-05, ""name"": ""中信银行""}, {""ts_code"": ""01288.HK"", ""side"": ""buy"", ""current_weight"": 0.0, ""target_weight"": 0.10666080061602422, ""post_trade_weight"": 0.10667982441222049, ""diff_weight"": 0.10666080061602422, ""gross_amount"": 0.15642021042569634, ""gross_amount_pct_nav"": 0.10666080061602422, ""fee"": 4.6926063127708896e-05, ""fee_pct_nav"": 3.199824018480726e-05, ""name"": ""农业银行""}, {""ts_code"": ""01398.HK"", ""side"": ""buy"", ""current_weight"": 0.0, ""target_weight"": 0.0975200664005521, ""post_trade_weight"": 0.09753745987460756, ""diff_weight"": 0.0975200664005521, ""gross_amount"": 0.14301513976082542, ""gross_amount_pct_nav"": 0.0975200664005521, ""fee"": 4.290454192824762e-05, ""fee_pct_nav"": 2.9256019920165624e-05, ""name"": ""工商银行""}, {""ts_code"": ""01810.HK"", ""side"": ""sell"", ""current_weight"": 0.12045171981831447, ""target_weight"": 0.1035647454785256, ""post_trade_weight"": 0.10358321706883546, ""diff_weight"": -0.016886974339788873, ""gross_amount"": 0.024765087683827763, ""gross_amount_pct_nav"": 0.016886974339788873, ""fee"": 7.429526305148328e-06, ""fee_pct_nav"": 5.066092301936661e-06, ""name"": ""小米集团-W""}, {""ts_code"": ""02333.HK"", ""side"": ""sell"", ""current_weight"": 0.08395955345840282, ""target_weight"": 0.0, ""post_trade_weight"": 0.0, ""diff_weight"": -0.08395955345840282, ""gross_amount"": 0.1231283746546136, ""gross_amount_pct_nav"": 0.08395955345840282, ""fee"": 3.6938512396384075e-05, ""fee_pct_nav"": 2.5187866037520846e-05, ""name"": ""长城汽车""}, {""ts_code"": ""03328.HK"", ""side"": ""buy"", ""current_weight"": 0.0, ""target_weight"": 0.09486630485412469, ""post_trade_weight"": 0.09488322500884895, ""diff_weight"": 0.09486630485412469, ""gross_amount"": 0.13912334505166932, ""gross_amount_pct_nav"": 0.09486630485412469, ""fee"": 4.1737003515500794e-05, ""fee_pct_nav"": 2.8459891456237404e-05, ""name"": ""交通银行""}]"
2024-10-28,0.29188203,0.58376406,0.41879126,0.45288882,0.00026150,0.00012564,0.00013587,0.00000000,rebalance,"[{""ts_code"": ""00175.HK"", ""side"": ""buy"", ""current_weight"": 0.0, ""target_weight"": 0.09460786756272398, ""post_trade_weight"": 0.09462443906679507, ""diff_weight"": 0.09460786756272398, ""gross_amount"": 0.1412690494916253, ""gross_amount_pct_nav"": 0.09460786756272398, ""fee"": 4.2380714847487584e-05, ""fee_pct_nav"": 2.838236026881719e-05, ""name"": ""吉利汽车""}, {""ts_code"": ""00700.HK"", ""side"": ""sell"", ""current_weight"": 0.09412843786652478, ""target_weight"": 0.0, ""post_trade_weight"": 0.0, ""diff_weight"": -0.09412843786652478, ""gross_amount"": 0.14055316212173805, ""gross_amount_pct_nav"": 0.09412843786652478, ""fee"": 4.216594863652141e-05, ""fee_pct_nav"": 2.8238531359957427e-05, ""name"": ""腾讯控股""}, {""ts_code"": ""00998.HK"", ""side"": ""buy"", ""current_weight"": 0.0, ""target_weight"": 0.09262292285532482, ""post_trade_weight"": 0.09263914667669101, ""diff_weight"": 0.09262292285532482, ""gross_amount"": 0.13830511785114305, ""gross_amount_pct_nav"": 0.09262292285532482, ""fee"": 4.149153535534291e-05, ""fee_pct_nav"": 2.778687685659744e-05, ""name"": ""中信银行""}, {""ts_code"": ""01378.HK"", ""side"": ""buy"", ""current_weight"": 0.0, ""target_weight"": 0.0932336750729861, ""post_trade_weight"": 0.09325000587364611, ""diff_weight"": 0.0932336750729861, ""gross_amount"": 0.1392170968174453, ""gross_amount_pct_nav"": 0.0932336750729861, ""fee"": 4.176512904523358e-05, ""fee_pct_nav"": 2.7970102521895827e-05, ""name"": ""中国宏桥""}, {""ts_code"": ""03328.HK"", ""side"": ""sell"", ""current_weight"": 0.09271713519321827, ""target_weight"": 0.0, ""post_trade_weight"": 0.0, ""diff_weight"": -0.09271713519321827, ""gross_amount"": 0.1384457962933008, ""gross_amount_pct_nav"": 0.09271713519321827, ""fee"": 4.153373888799024e-05, ""fee_pct_nav"": 2.7815140557965478e-05, ""name"": ""交通银行""}, {""ts_code"": ""09992.HK"", ""side"": ""sell"", ""current_weight"": 0.11645402333889185, ""target_weight"": 0.0, ""post_trade_weight"": 0.0, ""diff_weight"": -0.11645402333889185, ""gross_amount"": 0.17388986360625597, ""gross_amount_pct_nav"": 0.11645402333889185, ""fee"": 5.2166959081876785e-05, ""fee_pct_nav"": 3.493620700166755e-05, ""name"": ""泡泡玛特""}]"
2024-11-04,0.28341533,0.56683067,0.44339718,0.41161693,0.00025650,0.00013302,0.00012349,0.00000000,rebalance,"[{""ts_code"": ""00006.HK"", ""side"": ""buy"", ""current_weight"": 0.0, ""target_weight"": 0.09305569054876592, ""post_trade_weight"": 0.09307151728583328, ""diff_weight"": 0.09305569054876592, ""gross_amount"": 0.1403663087937137, ""gross_amount_pct_nav"": 0.09305569054876592, ""fee"": 4.210989263811411e-05, ""fee_pct_nav"": 2.7916707164629773e-05, ""name"": ""电能实业""}, {""ts_code"": ""00175.HK"", ""side"": ""sell"", ""current_weight"": 0.09101424554300203, ""target_weight"": 0.0, ""post_trade_weight"": 0.0, ""diff_weight"": -0.09101424554300203, ""gross_amount"": 0.13728696890192846, ""gross_amount_pct_nav"": 0.09101424554300203, ""fee"": 4.118609067057854e-05, ""fee_pct_nav"": 2.730427366290061e-05, ""name"": ""吉利汽车""}, {""ts_code"": ""00788.HK"", ""side"": ""buy"", ""current_weight"": 0.0, ""target_weight"": 0.09407741688080473, ""post_trade_weight"": 0.0940934173911676, ""diff_weight"": 0.09407741688080473, ""gross_amount"": 0.14190749292742846, ""gross_amount_pct_nav"": 0.09407741688080473, ""fee"": 4.2572247878228534e-05, ""fee_pct_nav"": 2.8223225064241414e-05, ""name"": ""中国铁塔""}, {""ts_code"": ""00939.HK"", ""side"": ""buy"", ""current_weight"": 0.10585969924654323, ""target_weight"": 0.11635105091925091, ""post_trade_weight"": 0.11637083968745575, ""diff_weight"": 0.01049135167270768, ""gross_amount"": 0.01582527946297918, ""gross_amount_pct_nav"": 0.01049135167270768, ""fee"": 4.747583838893754e-06, ""fee_pct_nav"": 3.147405501812304e-06, ""name"": ""建设银行""}, {""ts_code"": ""00998.HK"", ""side"": ""sell"", ""current_weight"": 0.09041069124510594, ""target_weight"": 0.0, ""post_trade_weight"": 0.0, ""diff_weight"": -0.09041069124510594, ""gross_amount"": 0.13637656043090798, ""gross_amount_pct_nav"": 0.09041069124510594, ""fee"": 4.091296812927239e-05, ""fee_pct_nav"": 2.712320737353178e-05, ""name"": ""中信银行""}, {""ts_code"": ""01038.HK"", ""side"": ""buy"", ""current_weight"": 0.0, ""target_weight"": 0.09632521481129014, ""post_trade_weight"": 0.0963415976229031, ""diff_weight"": 0.09632521481129014, ""gross_amount"": 0.14529809802160096, ""gross_amount_pct_nav"": 0.09632521481129014, ""fee"": 4.358942940648028e-05, ""fee_pct_nav"": 2.8897564443387037e-05, ""name"": ""长江基建集团""}, {""ts_code"": ""01378.HK"", ""side"": ""sell"", ""current_weight"": 0.09145605632736409, ""target_weight"": 0.0, ""post_trade_weight"": 0.0, ""diff_weight"": -0.09145605632736409, ""gross_amount"": 0.1379534015361977, ""gross_amount_pct_nav"": 0.09145605632736409, ""fee"": 4.1386020460859305e-05, ""fee_pct_nav"": 2.7436816898209223e-05, ""name"": ""中国宏桥""}]"
2024-11-11,0.18967714,0.37935429,0.28991481,0.27422404,0.00016924,0.00008697,0.00008227,0.00000000,rebalance,"[{""ts_code"": ""00006.HK"", ""side"": ""sell"", ""current_weight"": 0.0916767753341619, ""target_weight"": 0.0, ""post_trade_weight"": 0.0, ""diff_weight"": -0.0916767753341619, ""gross_amount"": 0.13633279417320468, ""gross_amount_pct_nav"": 0.0916767753341619, ""fee"": 4.0899838251961404e-05, ""fee_pct_nav"": 2.7503032600248568e-05, ""name"": ""电能实业""}, {""ts_code"": ""00788.HK"", ""side"": ""sell"", ""current_weight"": 0.09272475190889519, ""target_weight"": 0.0, ""post_trade_weight"": 0.0, ""diff_weight"": -0.09272475190889519, ""gross_amount"": 0.1378912431275956, ""gross_amount_pct_nav"": 0.09272475190889519, ""fee"": 4.1367372938278673e-05, ""fee_pct_nav"": 2.7817425572668554e-05, ""name"": ""中国铁塔""}, {""ts_code"": ""01378.HK"", ""side"": ""buy"", ""current_weight"": 0.0, ""target_weight"": 0.10243474636664805, ""post_trade_weight"": 0.10244640541163107, ""diff_weight"": 0.10243474636664805, ""gross_amount"": 0.1523310035904452, ""gross_amount_pct_nav"": 0.10243474636664805, ""fee"": 4.569930107713356e-05, ""fee_pct_nav"": 3.073042390999441e-05, ""name"": ""中国宏桥""}, {""ts_code"": ""02328.HK"", ""side"": ""buy"", ""current_weight"": 0.0, ""target_weight"": 0.09251801530471614, ""post_trade_weight"": 0.09252854563490621, ""diff_weight"": 0.09251801530471614, ""gross_amount"": 0.13758380453365643, ""gross_amount_pct_nav"": 0.09251801530471614, ""fee"": 4.127514136009693e-05, ""fee_pct_nav"": 2.775540459141484e-05, ""name"": ""中国财险""}]"
2024-11-18,0.19512204,0.39024408,0.28703407,0.28533974,0.00017171,0.00008611,0.00008560,0.00000000,rebalance,"[{""ts_code"": ""00005.HK"", ""side"": ""buy"", ""current_weight"": 0.0, ""target_weight"": 0.10037919668596905, ""post_trade_weight"": 0.10039094977799816, ""diff_weight"": 0.10037919668596905, ""gross_amount"": 0.14722689569445924, ""gross_amount_pct_nav"": 0.10037919668596905, ""fee"": 4.416806870833777e-05, ""fee_pct_nav"": 3.011375900579071e-05, ""name"": ""汇丰控股""}, {""ts_code"": ""01378.HK"", ""side"": ""sell"", ""current_weight"": 0.08821130155811066, ""target_weight"": 0.0, ""post_trade_weight"": 0.0, ""diff_weight"": -0.08821130155811066, ""gross_amount"": 0.1293801556730706, ""gross_amount_pct_nav"": 0.08821130155811066, ""fee"": 3.881404670192118e-05, ""fee_pct_nav"": 2.6463390467433198e-05, ""name"": ""中国宏桥""}, {""ts_code"": ""01810.HK"", ""side"": ""sell"", ""current_weight"": 0.12298078881172773, ""target_weight"": 0.10819727685076172, ""post_trade_weight"": 0.10820994533779997, ""diff_weight"": -0.014783511960966025, ""gross_amount"": 0.021683084198054453, ""gross_amount_pct_nav"": 0.014783511960966025, ""fee"": 6.504925259416336e-06, ""fee_pct_nav"": 4.435053588289807e-06, ""name"": ""小米集团-W""}, {""ts_code"": ""02328.HK"", ""side"": ""sell"", ""current_weight"": 0.09154962681795278, ""target_weight"": 0.0, ""post_trade_weight"": 0.0, ""diff_weight"": -0.09154962681795278, ""gross_amount"": 0.13427650154005893, ""gross_amount_pct_nav"": 0.09154962681795278, ""fee"": 4.0282950462017676e-05, ""fee_pct_nav"": 2.746488804538583e-05, ""name"": ""中国财险""}, {""ts_code"": ""09992.HK"", ""side"": ""buy"", ""current_weight"": 0.0, ""target_weight"": 0.09532043893227969, ""post_trade_weight"": 0.09533159970989112, ""diff_weight"": 0.09532043893227969, ""gross_amount"": 0.1398071790127649, ""gross_amount_pct_nav"": 0.09532043893227969, ""fee"": 4.194215370382947e-05, ""fee_pct_nav"": 2.8596131679683903e-05, ""name"": ""泡泡玛特""}]"
2024-11-25,0.00000000,0.00000000,0.00000000,0.00000000,0.00000000,0.00000000,0.00000000,0.00000000,rebalance,
2024-12-02,0.09464793,0.18929585,0.13606812,0.14279483,0.00008366,0.00004082,0.00004284,0.00000000,rebalance,"[{""ts_code"": ""00998.HK"", ""side"": ""buy"", ""current_weight"": 0.0, ""target_weight"": 0.09236483930655641, ""post_trade_weight"": 0.09237008488879214, ""diff_weight"": 0.09236483930655641, ""gross_amount"": 0.13606812258009496, ""gross_amount_pct_nav"": 0.09236483930655641, ""fee"": 4.0820436774028483e-05, ""fee_pct_nav"": 2.770945179196692e-05, ""name"": ""中信银行""}, {""ts_code"": ""01919.HK"", ""side"": ""sell"", ""current_weight"": 0.09693101486705016, ""target_weight"": 0.0, ""post_trade_weight"": 0.0, ""diff_weight"": -0.09693101486705016, ""gross_amount"": 0.14279482660028367, ""gross_amount_pct_nav"": 0.09693101486705016, ""fee"": 4.2838447980085094e-05, ""fee_pct_nav"": 2.9079304460115045e-05, ""name"": ""中远海控""}]"
2024-12-09,0.10822338,0.21644677,0.14576775,0.18920605,0.00010049,0.00004373,0.00005676,0.00000000,rebalance,"[{""ts_code"": ""00175.HK"", ""side"": ""buy"", ""current_weight"": 0.0, ""target_weight"": 0.0941893325454903, ""post_trade_weight"": 0.0941954490356504, ""diff_weight"": 0.0941893325454903, ""gross_amount"": 0.14576774911074414, ""gross_amount_pct_nav"": 0.0941893325454903, ""fee"": 4.373032473322324e-05, ""fee_pct_nav"": 2.825679976364709e-05, ""name"": ""吉利汽车""}, {""ts_code"": ""00939.HK"", ""side"": ""sell"", ""current_weight"": 0.11637910779620075, ""target_weight"": 0.10216757866434598, ""post_trade_weight"": 0.10217421324782473, ""diff_weight"": -0.014211529131854778, ""gross_amount"": 0.02199381349232657, ""gross_amount_pct_nav"": 0.014211529131854778, ""fee"": 6.59814404769797e-06, ""fee_pct_nav"": 4.263458739556433e-06, ""name"": ""建设银行""}, {""ts_code"": ""01898.HK"", ""side"": ""sell"", ""current_weight"": 0.09750597810385467, ""target_weight"": 0.0, ""post_trade_weight"": 0.0, ""diff_weight"": -0.09750597810385467, ""gross_amount"": 0.15090060168093752, ""gross_amount_pct_nav"": 0.09750597810385467, ""fee"": 4.527018050428125e-05, ""fee_pct_nav"": 2.9251793431156397e-05, ""name"": ""中煤能源""}, {""ts_code"": ""09992.HK"", ""side"": ""sell"", ""current_weight"": 0.11390424411488896, ""target_weight"": 0.10336431558217432, ""post_trade_weight"": 0.10337102787965088, ""diff_weight"": -0.010539928532714639, ""gross_amount"": 0.01631163122702775, ""gross_amount_pct_nav"": 0.010539928532714639, ""fee"": 4.893489368108325e-06, ""fee_pct_nav"": 3.161978559814391e-06, ""name"": ""泡泡玛特""}]"
2024-12-16,0.00000000,0.00000000,0.00000000,0.00000000,0.00000000,0.00000000,0.00000000,0.00000000,rebalance,
2024-12-23,0.09821370,0.19642739,0.15930573,0.14794469,0.00009218,0.00004779,0.00004438,0.00000000,rebalance,"[{""ts_code"": ""00788.HK"", ""side"": ""buy"", ""current_weight"": 0.0, ""target_weight"": 0.08960994204377398, ""post_trade_weight"": 0.08961522290912705, ""diff_weight"": 0.08960994204377398, ""gross_amount"": 0.14016727623152156, ""gross_amount_pct_nav"": 0.08960994204377398, ""fee"": 4.205018286945646e-05, ""fee_pct_nav"": 2.6882982613132192e-05, ""name"": ""中国铁塔""}, {""ts_code"": ""01038.HK"", ""side"": ""sell"", ""current_weight"": 0.0945821005933998, ""target_weight"": 0.0, ""post_trade_weight"": 0.0, ""diff_weight"": -0.0945821005933998, ""gross_amount"": 0.1479446936139798, ""gross_amount_pct_nav"": 0.0945821005933998, ""fee"": 4.438340808419394e-05, ""fee_pct_nav"": 2.837463017801994e-05, ""name"": ""长江基建集团""}, {""ts_code"": ""01398.HK"", ""side"": ""buy"", ""current_weight"": 0.09903357269552633, ""target_weight"": 0.11126892195391991, ""post_trade_weight"": 0.11127547921956941, ""diff_weight"": 0.012235349258393573, ""gross_amount"": 0.019138452053150845, ""gross_amount_pct_nav"": 0.012235349258393573, ""fee"": 5.741535615945253e-06, ""fee_pct_nav"": 3.670604777518072e-06, ""name"": ""工商银行""}]"
2024-12-30,0.19075785,0.38151570,0.30190817,0.30471856,0.00018199,0.00009057,0.00009142,0.00000000,rebalance,"[{""ts_code"": ""00175.HK"", ""side"": ""sell"", ""current_weight"": 0.08703802347645027, ""target_weight"": 0.0, ""post_trade_weight"": 0.0, ""diff_weight"": -0.08703802347645027, ""gross_amount"": 0.13839428320241856, ""gross_amount_pct_nav"": 0.08703802347645027, ""fee"": 4.151828496072557e-05, ""fee_pct_nav"": 2.611140704293508e-05, ""name"": ""吉利汽车""}, {""ts_code"": ""01038.HK"", ""side"": ""buy"", ""current_weight"": 0.0, ""target_weight"": 0.09309868610677421, ""post_trade_weight"": 0.0931093429095045, ""diff_weight"": 0.09309868610677421, ""gross_amount"": 0.1480310031893138, ""gross_amount_pct_nav"": 0.09309868610677421, ""fee"": 4.440930095679414e-05, ""fee_pct_nav"": 2.7929605832032263e-05, ""name"": ""长江基建集团""}, {""ts_code"": ""01810.HK"", ""side"": ""sell"", ""current_weight"": 0.119384344082003, ""target_weight"": 0.1066865936682569, ""post_trade_weight"": 0.10669880584901084, ""diff_weight"": -0.01269775041374609, ""gross_amount"": 0.020189981304769317, ""gross_amount_pct_nav"": 0.01269775041374609, ""fee"": 6.0569943914307945e-06, ""fee_pct_nav"": 3.809325124123827e-06, ""name"": ""小米集团-W""}, {""ts_code"": ""03328.HK"", ""side"": ""buy"", ""current_weight"": 0.0, ""target_weight"": 0.09677541403517541, ""post_trade_weight"": 0.09678649170490033, ""diff_weight"": 0.09677541403517541, ""gross_amount"": 0.1538771622110553, ""gross_amount_pct_nav"": 0.09677541403517541, ""fee"": 4.6163148663316586e-05, ""fee_pct_nav"": 2.903262421055262e-05, ""name"": ""交通银行""}, {""ts_code"": ""09992.HK"", ""side"": ""sell"", ""current_weight"": 0.09190582200419124, ""target_weight"": 0.0, ""post_trade_weight"": 0.0, ""diff_weight"": -0.09190582200419124, ""gross_amount"": 0.14613429683224063, ""gross_amount_pct_nav"": 0.09190582200419124, ""fee"": 4.3840289049672185e-05, ""fee_pct_nav"": 2.7571746601257367e-05, ""name"": ""泡泡玛特""}]"
2025-01-06,0.08924702,0.17849405,0.14261080,0.13891578,0.00008446,0.00004278,0.00004167,0.00000000,rebalance,"[{""ts_code"": ""00788.HK"", ""side"": ""sell"", ""current_weight"": 0.08807566345952411, ""target_weight"": 0.0, ""post_trade_weight"": 0.0, ""diff_weight"": -0.08807566345952411, ""gross_amount"": 0.1389157826937401, ""gross_amount_pct_nav"": 0.08807566345952411, ""fee"": 4.167473480812203e-05, ""fee_pct_nav"": 2.6422699037857234e-05, ""name"": ""中国铁塔""}, {""ts_code"": ""09992.HK"", ""side"": ""buy"", ""current_weight"": 0.0, ""target_weight"": 0.0904183849223947, ""post_trade_weight"": 0.09042322692474718, ""diff_weight"": 0.0904183849223947, ""gross_amount"": 0.1426107986932239, ""gross_amount_pct_nav"": 0.0904183849223947, ""fee"": 4.278323960796717e-05, ""fee_pct_nav"": 2.712551547671841e-05, ""name"": ""泡泡玛特""}]"
2025-01-13,0.27234130,0.54468260,0.41080143,0.42165259,0.00024974,0.00012324,0.00012650,0.00000000,rebalance,"[{""ts_code"": ""01038.HK"", ""side"": ""sell"", ""current_weight"": 0.09088854389176125, ""target_weight"": 0.0, ""post_trade_weight"": 0.0, ""diff_weight"": -0.09088854389176125, ""gross_amount"": 0.13890756462469467, ""gross_amount_pct_nav"": 0.09088854389176125, ""fee"": 4.1672269387408394e-05, ""fee_pct_nav"": 2.7266563167528368e-05, ""name"": ""长江基建集团""}, {""ts_code"": ""01658.HK"", ""side"": ""buy"", ""current_weight"": 0.0, ""target_weight"": 0.08666260337860597, ""post_trade_weight"": 0.08667676677657961, ""diff_weight"": 0.08666260337860597, ""gross_amount"": 0.13244893870996657, ""gross_amount_pct_nav"": 0.08666260337860597, ""fee"": 3.973468161298997e-05, ""fee_pct_nav"": 2.599878101358179e-05, ""name"": ""邮储银行""}, {""ts_code"": ""01988.HK"", ""side"": ""buy"", ""current_weight"": 0.0, ""target_weight"": 0.08874763825323007, ""post_trade_weight"": 0.08876214241154975, ""diff_weight"": 0.08874763825323007, ""gross_amount"": 0.13563555722303797, ""gross_amount_pct_nav"": 0.08874763825323007, ""fee"": 4.069066716691139e-05, ""fee_pct_nav"": 2.662429147596902e-05, ""name"": ""民生银行""}, {""ts_code"": ""03328.HK"", ""side"": ""sell"", ""current_weight"": 0.09596376489310025, ""target_weight"": 0.0, ""post_trade_weight"": 0.0, ""diff_weight"": -0.09596376489310025, ""gross_amount"": 0.14666417023241207, ""gross_amount_pct_nav"": 0.09596376489310025, ""fee"": 4.3999251069723615e-05, ""fee_pct_nav"": 2.878912946793007e-05, ""name"": ""交通银行""}, {""ts_code"": ""03968.HK"", ""side"": ""buy"", ""current_weight"": 0.0, ""target_weight"": 0.093381049085728, ""post_trade_weight"": 0.09339631048926117, ""diff_weight"": 0.093381049085728, ""gross_amount"": 0.14271693169652988, ""gross_amount_pct_nav"": 0.093381049085728, ""fee"": 4.281507950895896e-05, ""fee_pct_nav"": 2.80143147257184e-05, ""name"": ""招商银行""}, {""ts_code"": ""09992.HK"", ""side"": ""sell"", ""current_weight"": 0.08903899924343325, ""target_weight"": 0.0, ""post_trade_weight"": 0.0, ""diff_weight"": -0.08903899924343325, ""gross_amount"": 0.13608085256877442, ""gross_amount_pct_nav"": 0.08903899924343325, ""fee"": 4.082425577063232e-05, ""fee_pct_nav"": 2.6711699773029977e-05, ""name"": ""泡泡玛特""}]"
2025-01-20,0.09233283,0.18466566,0.14073766,0.15271845,0.00008804,0.00004222,0.00004582,0.00000000,rebalance,"[{""ts_code"": ""01398.HK"", ""side"": ""sell"", ""current_weight"": 0.11105634342752971, ""target_weight"": 0.0999944600301304, ""post_trade_weight"": 0.10000000000000007, ""diff_weight"": -0.011061883397399308, ""gross_amount"": 0.017578672600199935, ""gross_amount_pct_nav"": 0.011061883397399308, ""fee"": 5.27360178005998e-06, ""fee_pct_nav"": 3.3185650192197916e-06, ""name"": ""工商银行""}, {""ts_code"": ""01658.HK"", ""side"": ""sell"", ""current_weight"": 0.08504057540056974, ""target_weight"": 0.0, ""post_trade_weight"": 0.0, ""diff_weight"": -0.08504057540056974, ""gross_amount"": 0.13513977493657986, ""gross_amount_pct_nav"": 0.08504057540056974, ""fee"": 4.054193248097396e-05, ""fee_pct_nav"": 2.551217262017092e-05, ""name"": ""邮储银行""}, {""ts_code"": ""02328.HK"", ""side"": ""buy"", ""current_weight"": 0.0, ""target_weight"": 0.08856320352428006, ""post_trade_weight"": 0.08856811017089766, ""diff_weight"": 0.08856320352428006, ""gross_amount"": 0.1407376577070237, ""gross_amount_pct_nav"": 0.08856320352428006, ""fee"": 4.222129731210711e-05, ""fee_pct_nav"": 2.6568961057284017e-05, ""name"": ""中国财险""}]"
2025-01-27,0.09509530,0.19019060,0.14881822,0.16689910,0.00009472,0.00004465,0.00005007,0.00000000,rebalance,"[{""ts_code"": ""01658.HK"", ""side"": ""buy"", ""current_weight"": 0.0, ""target_weight"": 0.08964926870878631, ""post_trade_weight"": 0.08965438413510313, ""diff_weight"": 0.08964926870878631, ""gross_amount"": 0.1488182205420431, ""gross_amount_pct_nav"": 0.08964926870878631, ""fee"": 4.464546616261293e-05, ""fee_pct_nav"": 2.6894780612635892e-05, ""name"": ""邮储银行""}, {""ts_code"": ""01810.HK"", ""side"": ""sell"", ""current_weight"": 0.11005107947641796, ""target_weight"": 0.09967855741533099, ""post_trade_weight"": 0.09968424511722937, ""diff_weight"": -0.010372522061086967, ""gross_amount"": 0.017218436891864586, ""gross_amount_pct_nav"": 0.010372522061086967, ""fee"": 5.1655310675593755e-06, ""fee_pct_nav"": 3.11175661832609e-06, ""name"": ""小米集团-W""}, {""ts_code"": ""01988.HK"", ""side"": ""sell"", ""current_weight"": 0.09016880861381747, ""target_weight"": 0.0, ""post_trade_weight"": 0.0, ""diff_weight"": -0.09016880861381747, ""gross_amount"": 0.14968065930234659, ""gross_amount_pct_nav"": 0.09016880861381747, ""fee"": 4.490419779070397e-05, ""fee_pct_nav"": 2.705064258414524e-05, ""name"": ""民生银行""}]"
2025-02-03,0.28494875,0.56989750,0.47009140,0.46478164,0.00028046,0.00014103,0.00013943,0.00000000,rebalance,"[{""ts_code"": ""00981.HK"", ""side"": ""buy"", ""current_weight"": 0.0, ""target_weight"": 0.09278716383872568, ""post_trade_weight"": 0.09280303030308427, ""diff_weight"": 0.09278716383872568, ""gross_amount"": 0.15221021027381185, ""gross_amount_pct_nav"": 0.09278716383872568, ""fee"": 4.566306308214355e-05, ""fee_pct_nav"": 2.78361491516177e-05, ""name"": ""中芯国际""}, {""ts_code"": ""01339.HK"", ""side"": ""buy"", ""current_weight"": 0.0, ""target_weight"": 0.08742191967118032, ""post_trade_weight"": 0.08743686868691955, ""diff_weight"": 0.08742191967118032, ""gross_amount"": 0.1434089396117207, ""gross_amount_pct_nav"": 0.08742191967118032, ""fee"": 4.30226818835162e-05, ""fee_pct_nav"": 2.622657590135409e-05, ""name"": ""中国人民保险集团""}, {""ts_code"": ""01398.HK"", ""side"": ""sell"", ""current_weight"": 0.10229183589665936, ""target_weight"": 0.09215595864254389, ""post_trade_weight"": 0.0921717171717708, ""diff_weight"": -0.010135877254115471, ""gross_amount"": 0.016627127550099402, ""gross_amount_pct_nav"": 0.010135877254115471, ""fee"": 4.988138265029821e-06, ""fee_pct_nav"": 3.0407631762346417e-06, ""name"": ""工商银行""}, {""ts_code"": ""01658.HK"", ""side"": ""sell"", ""current_weight"": 0.08709063448050448, ""target_weight"": 0.0, ""post_trade_weight"": 0.0, ""diff_weight"": -0.08709063448050448, ""gross_amount"": 0.14286549172036137, ""gross_amount_pct_nav"": 0.08709063448050448, ""fee"": 4.2859647516108404e-05, ""fee_pct_nav"": 2.6127190344151342e-05, ""name"": ""邮储银行""}, {""ts_code"": ""02328.HK"", ""side"": ""sell"", ""current_weight"": 0.09091550994753332, ""target_weight"": 0.0, ""post_trade_weight"": 0.0, ""diff_weight"": -0.09091550994753332, ""gross_amount"": 0.1491399059283385, ""gross_amount_pct_nav"": 0.09091550994753332, ""fee"": 4.474197177850155e-05, ""fee_pct_nav"": 2.7274652984259996e-05, ""name"": ""中国财险""}, {""ts_code"": ""03968.HK"", ""side"": ""sell"", ""current_weight"": 0.09518831458044281, ""target_weight"": 0.0, ""post_trade_weight"": 0.0, ""diff_weight"": -0.09518831458044281, ""gross_amount"": 0.15614911350326208, ""gross_amount_pct_nav"": 0.09518831458044281, ""fee"": 4.684473405097862e-05, ""fee_pct_nav"": 2.855649437413284e-05, ""name"": ""招商银行""}, {""ts_code"": ""09992.HK"", ""side"": ""buy"", ""current_weight"": 0.0, ""target_weight"": 0.10635807555663454, ""post_trade_weight"": 0.10637626262632452, ""diff_weight"": 0.10635807555663454, ""gross_amount"": 0.17447224783086598, ""gross_amount_pct_nav"": 0.10635807555663454, ""fee"": 5.234167434925979e-05, ""fee_pct_nav"": 3.190742266699036e-05, ""name"": ""泡泡玛特""}]"
2025-02-10,0.31718658,0.63437317,0.55905307,0.53721160,0.00032888,0.00016772,0.00016116,0.00000000,rebalance,"[{""ts_code"": ""00175.HK"", ""side"": ""buy"", ""current_weight"": 0.0, ""target_weight"": 0.10069761239682352, ""post_trade_weight"": 0.10071678000367577, ""diff_weight"": 0.10069761239682352, ""gross_amount"": 0.1740162421237544, ""gross_amount_pct_nav"": 0.10069761239682352, ""fee"": 5.220487263712632e-05, ""fee_pct_nav"": 3.0209283719047054e-05, ""name"": ""吉利汽车""}, {""ts_code"": ""00939.HK"", ""side"": ""sell"", ""current_weight"": 0.0963672350332933, ""target_weight"": 0.0, ""post_trade_weight"": 0.0, ""diff_weight"": -0.0963672350332933, ""gross_amount"": 0.1665328869791485, ""gross_amount_pct_nav"": 0.0963672350332933, ""fee"": 4.995986609374455e-05, ""fee_pct_nav"": 2.8910170509987988e-05, ""name"": ""建设银行""}, {""ts_code"": ""00981.HK"", ""side"": ""sell"", ""current_weight"": 0.10048171687592919, ""target_weight"": 0.0, ""post_trade_weight"": 0.0, ""diff_weight"": -0.10048171687592919, ""gross_amount"": 0.17364315157728413, ""gross_amount_pct_nav"": 0.10048171687592919, ""fee"": 5.209294547318523e-05, ""fee_pct_nav"": 3.014451506277875e-05, ""name"": ""中芯国际""}, {""ts_code"": ""00998.HK"", ""side"": ""buy"", ""current_weight"": 0.0900167910895135, ""target_weight"": 0.1005383582652957, ""post_trade_weight"": 0.10055749555841448, ""diff_weight"": 0.010521567175782197, ""gross_amount"": 0.018182393182939238, ""gross_amount_pct_nav"": 0.010521567175782197, ""fee"": 5.454717954881771e-06, ""fee_pct_nav"": 3.1564701527346587e-06, ""name"": ""中信银行""}, {""ts_code"": ""01211.HK"", ""side"": ""buy"", ""current_weight"": 0.0, ""target_weight"": 0.09799029216085053, ""post_trade_weight"": 0.09800894443423389, ""diff_weight"": 0.09799029216085053, ""gross_amount"": 0.16933770325400385, ""gross_amount_pct_nav"": 0.09799029216085053, ""fee"": 5.0801310976201154e-05, ""fee_pct_nav"": 2.939708764825516e-05, ""name"": ""比亚迪股份""}, {""ts_code"": ""01288.HK"", ""side"": ""sell"", ""current_weight"": 0.10137208355336452, ""target_weight"": 0.09066460211057066, ""post_trade_weight"": 0.09068185995221464, ""diff_weight"": -0.01070748144279386, ""gross_amount"": 0.018503672916713565, ""gross_amount_pct_nav"": 0.01070748144279386, ""fee"": 5.551101875014069e-06, ""fee_pct_nav"": 3.2122444328381575e-06, ""name"": ""农业银行""}, {""ts_code"": ""01339.HK"", ""side"": ""sell"", ""current_weight"": 0.08424989756670101, ""target_weight"": 0.0, ""post_trade_weight"": 0.0, ""diff_weight"": -0.08424989756670101, ""gross_amount"": 0.14559283209311746, ""gross_amount_pct_nav"": 0.08424989756670101, ""fee"": 4.3677849627935236e-05, ""fee_pct_nav"": 2.52749692700103e-05, ""name"": ""中国人民保险集团""}, {""ts_code"": ""01398.HK"", ""side"": ""buy"", ""current_weight"": 0.08996521070730129, ""target_weight"": 0.11088987681460422, ""post_trade_weight"": 0.1109109845003982, ""diff_weight"": 0.02092466610730292, ""gross_amount"": 0.03616006057162488, ""gross_amount_pct_nav"": 0.02092466610730292, ""fee"": 1.0848018171487462e-05, ""fee_pct_nav"": 6.277399832190876e-06, ""name"": ""工商银行""}, {""ts_code"": ""03690.HK"", ""side"": ""buy"", ""current_weight"": 0.0, ""target_weight"": 0.09337192234654366, ""post_trade_weight"": 0.09338969552165653, ""diff_weight"": 0.09337192234654366, ""gross_amount"": 0.16135666635854698, ""gross_amount_pct_nav"": 0.09337192234654366, ""fee"": 4.8406999907564086e-05, ""fee_pct_nav"": 2.8011576703963095e-05, ""name"": ""美团-W""}, {""ts_code"": ""09992.HK"", ""side"": ""sell"", ""current_weight"": 0.11147717483981472, ""target_weight"": 0.09241639755737673, ""post_trade_weight"": 0.09243398885008881, ""diff_weight"": -0.01906077728243798, ""gross_amount"": 0.03293906137095576, ""gross_amount_pct_nav"": 0.01906077728243798, ""fee"": 9.881718411286727e-06, ""fee_pct_nav"": 5.718233184731394e-06, ""name"": ""泡泡玛特""}]"
2025-02-17,0.21255365,0.42510731,0.37746296,0.38589133,0.00022901,0.00011324,0.00011577,0.00000000,rebalance,"[{""ts_code"": ""00175.HK"", ""side"": ""sell"", ""current_weight"": 0.09231471521547234, ""target_weight"": 0.0, ""post_trade_weight"": 0.0, ""diff_weight"": -0.09231471521547234, ""gross_amount"": 0.1657671651833507, ""gross_amount_pct_nav"": 0.09231471521547234, ""fee"": 4.97301495550052e-05, ""fee_pct_nav"": 2.76944145646417e-05, ""name"": ""吉利汽车""}, {""ts_code"": ""00939.HK"", ""side"": ""buy"", ""current_weight"": 0.0, ""target_weight"": 0.10298760447558682, ""post_trade_weight"": 0.10300074038588623, ""diff_weight"": 0.10298760447558682, ""gross_amount"": 0.1849321985459676, ""gross_amount_pct_nav"": 0.10298760447558682, ""fee"": 5.547965956379027e-05, ""fee_pct_nav"": 3.089628134267604e-05, ""name"": ""建设银行""}, {""ts_code"": ""00998.HK"", ""side"": ""sell"", ""current_weight"": 0.10082363586283279, ""target_weight"": 0.0, ""post_trade_weight"": 0.0, ""diff_weight"": -0.10082363586283279, ""gross_amount"": 0.18104641563860874, ""gross_amount_pct_nav"": 0.10082363586283279, ""fee"": 5.4313924691582616e-05, ""fee_pct_nav"": 3.0247090758849834e-05, ""name"": ""中信银行""}, {""ts_code"": ""01211.HK"", ""side"": ""sell"", ""current_weight"": 0.10144297494125502, ""target_weight"": 0.0913824473539192, ""post_trade_weight"": 0.0913941030443054, ""diff_weight"": -0.010060527587335812, ""gross_amount"": 0.018065431220894212, ""gross_amount_pct_nav"": 0.010060527587335812, ""fee"": 5.4196293662682636e-06, ""fee_pct_nav"": 3.0181582762007434e-06, ""name"": ""比亚迪股份""}, {""ts_code"": ""01288.HK"", ""side"": ""buy"", ""current_weight"": 0.09252885399007461, ""target_weight"": 0.10468592015192842, ""post_trade_weight"": 0.1046992726797761, ""diff_weight"": 0.012157066161853792, ""gross_amount"": 0.02183013173894488, ""gross_amount_pct_nav"": 0.012157066161853792, ""fee"": 6.549039521683463e-06, ""fee_pct_nav"": 3.647119848556137e-06, ""name"": ""农业银行""}, {""ts_code"": ""01810.HK"", ""side"": ""sell"", ""current_weight"": 0.11214176025396788, ""target_weight"": 0.1004401309610744, ""post_trade_weight"": 0.1004529419450514, ""diff_weight"": -0.011701629292893477, ""gross_amount"": 0.02101231544052143, ""gross_amount_pct_nav"": 0.011701629292893477, ""fee"": 6.303694632156428e-06, ""fee_pct_nav"": 3.5104887878680425e-06, ""name"": ""小米集团-W""}, {""ts_code"": ""03968.HK"", ""side"": ""buy"", ""current_weight"": 0.0, ""target_weight"": 0.095062131319326, ""post_trade_weight"": 0.09507425634773346, ""diff_weight"": 0.095062131319326, ""gross_amount"": 0.17070062977837092, ""gross_amount_pct_nav"": 0.095062131319326, ""fee"": 5.121018893351127e-05, ""fee_pct_nav"": 2.85186393957978e-05, ""name"": ""招商银行""}]"
2025-02-24,0.29330338,0.58660677,0.54581362,0.53292285,0.00032362,0.00016374,0.00015988,0.00000000,rebalance,"[{""ts_code"": ""00700.HK"", ""side"": ""buy"", ""current_weight"": 0.0, ""target_weight"": 0.09361097423147365, ""post_trade_weight"": 0.09362745098039214, ""diff_weight"": 0.09361097423147365, ""gross_amount"": 0.17214525580977882, ""gross_amount_pct_nav"": 0.09361097423147365, ""fee"": 5.1643576742933644e-05, ""fee_pct_nav"": 2.8083292269442093e-05, ""name"": ""腾讯控股""}, {""ts_code"": ""00981.HK"", ""side"": ""buy"", ""current_weight"": 0.0, ""target_weight"": 0.09790193565313217, ""post_trade_weight"": 0.0979191676670668, ""diff_weight"": 0.09790193565313217, ""gross_amount"": 0.18003608973887328, ""gross_amount_pct_nav"": 0.09790193565313217, ""fee"": 5.401082692166198e-05, ""fee_pct_nav"": 2.937058069593965e-05, ""name"": ""中芯国际""}, {""ts_code"": ""00998.HK"", ""side"": ""buy"", ""current_weight"": 0.0, ""target_weight"": 0.0940010616334426, ""post_trade_weight"": 0.09401760704281711, ""diff_weight"": 0.0940010616334426, ""gross_amount"": 0.17286260434878742, ""gross_amount_pct_nav"": 0.0940010616334426, ""fee"": 5.185878130463622e-05, ""fee_pct_nav"": 2.820031849003278e-05, ""name"": ""中信银行""}, {""ts_code"": ""01398.HK"", ""side"": ""sell"", ""current_weight"": 0.10689307874827486, ""target_weight"": 0.0940010616334426, ""post_trade_weight"": 0.09401760704281711, ""diff_weight"": -0.01289201711483226, ""gross_amount"": 0.023707686009646067, ""gross_amount_pct_nav"": 0.01289201711483226, ""fee"": 7.11230580289382e-06, ""fee_pct_nav"": 3.867605134449678e-06, ""name"": ""工商银行""}, {""ts_code"": ""03690.HK"", ""side"": ""sell"", ""current_weight"": 0.08979358360655108, ""target_weight"": 0.0, ""post_trade_weight"": 0.0, ""diff_weight"": -0.08979358360655108, ""gross_amount"": 0.16512529163305517, ""gross_amount_pct_nav"": 0.08979358360655108, ""fee"": 4.953758748991655e-05, ""fee_pct_nav"": 2.6938075081965322e-05, ""name"": ""美团-W""}, {""ts_code"": ""03968.HK"", ""side"": ""sell"", ""current_weight"": 0.09398440061185791, ""target_weight"": 0.0, ""post_trade_weight"": 0.0, ""diff_weight"": -0.09398440061185791, ""gross_amount"": 0.17283196567798736, ""gross_amount_pct_nav"": 0.09398440061185791, ""fee"": 5.1849589703396206e-05, ""fee_pct_nav"": 2.819532018355737e-05, ""name"": ""招商银行""}, {""ts_code"": ""03988.HK"", ""side"": ""buy"", ""current_weight"": 0.09648979929540254, ""target_weight"": 0.10778414983634578, ""post_trade_weight"": 0.1078031212484994, ""diff_weight"": 0.011294350540943241, ""gross_amount"": 0.020769668076184716, ""gross_amount_pct_nav"": 0.011294350540943241, ""fee"": 6.230900422855414e-06, ""fee_pct_nav"": 3.3883051622829722e-06, ""name"": ""中国银行""}, {""ts_code"": ""09992.HK"", ""side"": ""sell"", ""current_weight"": 0.09312844438684048, ""target_weight"": 0.0, ""post_trade_weight"": 0.0, ""diff_weight"": -0.09312844438684048, ""gross_amount"": 0.1712579108780315, ""gross_amount_pct_nav"": 0.09312844438684048, ""fee"": 5.1377373263409445e-05, ""fee_pct_nav"": 2.7938533316052144e-05, ""name"": ""泡泡玛特""}]"
2025-03-03,0.19625860,0.39251719,0.35751478,0.35811169,0.00021469,0.00010725,0.00010743,0.00000000,rebalance,"[{""ts_code"": ""00005.HK"", ""side"": ""buy"", ""current_weight"": 0.10444683781041916, ""target_weight"": 0.11692666263814129, ""post_trade_weight"": 0.11694043297735687, ""diff_weight"": 0.012479824827722127, ""gross_amount"": 0.022752870944892895, ""gross_amount_pct_nav"": 0.012479824827722127, ""fee"": 6.8258612834678675e-06, ""fee_pct_nav"": 3.7439474483166375e-06, ""name"": ""汇丰控股""}, {""ts_code"": ""00700.HK"", ""side"": ""sell"", ""current_weight"": 0.09176205901543127, ""target_weight"": 0.0, ""post_trade_weight"": 0.0, ""diff_weight"": -0.09176205901543127, ""gross_amount"": 0.16729804426243994, ""gross_amount_pct_nav"": 0.09176205901543127, ""fee"": 5.018941327873198e-05, ""fee_pct_nav"": 2.752861770462938e-05, ""name"": ""腾讯控股""}, {""ts_code"": ""01211.HK"", ""side"": ""sell"", ""current_weight"": 0.09213265036546087, ""target_weight"": 0.0, ""post_trade_weight"": 0.0, ""diff_weight"": -0.09213265036546087, ""gross_amount"": 0.16797369614673455, ""gross_amount_pct_nav"": 0.09213265036546087, ""fee"": 5.039210884402036e-05, ""fee_pct_nav"": 2.7639795109638256e-05, ""name"": ""比亚迪股份""}, {""ts_code"": ""01810.HK"", ""side"": ""sell"", ""current_weight"": 0.1116332493951372, ""target_weight"": 0.09910566057236829, ""post_trade_weight"": 0.09911733214952165, ""diff_weight"": -0.01252758882276891, ""gross_amount"": 0.022839952937638325, ""gross_amount_pct_nav"": 0.01252758882276891, ""fee"": 6.851985881291497e-06, ""fee_pct_nav"": 3.7582766468306724e-06, ""name"": ""小米集团-W""}, {""ts_code"": ""03968.HK"", ""side"": ""buy"", ""current_weight"": 0.0, ""target_weight"": 0.09469284101322452, ""post_trade_weight"": 0.09470399289691485, ""diff_weight"": 0.09469284101322452, ""gross_amount"": 0.172641364820536, ""gross_amount_pct_nav"": 0.09469284101322452, ""fee"": 5.1792409446160795e-05, ""fee_pct_nav"": 2.8407852303967353e-05, ""name"": ""招商银行""}, {""ts_code"": ""09992.HK"", ""side"": ""buy"", ""current_weight"": 0.0, ""target_weight"": 0.08892223082049802, ""post_trade_weight"": 0.08893270310504439, ""diff_weight"": 0.08892223082049802, ""gross_amount"": 0.1621205481583718, ""gross_amount_pct_nav"": 0.08892223082049802, ""fee"": 4.863616444751153e-05, ""fee_pct_nav"": 2.6676669246149404e-05, ""name"": ""泡泡玛特""}]"
2025-03-10,0.18849870,0.37699741,0.35169220,0.34594789,0.00020929,0.00010551,0.00010378,0.00000000,rebalance,"[{""ts_code"": ""00981.HK"", ""side"": ""sell"", ""current_weight"": 0.09207135873577901, ""target_weight"": 0.0, ""post_trade_weight"": 0.0, ""diff_weight"": -0.09207135873577901, ""gross_amount"": 0.17037960856197007, ""gross_amount_pct_nav"": 0.09207135873577901, ""fee"": 5.1113882568591014e-05, ""fee_pct_nav"": 2.76214076207337e-05, ""name"": ""中芯国际""}, {""ts_code"": ""00998.HK"", ""side"": ""sell"", ""current_weight"": 0.09487526246409635, ""target_weight"": 0.0, ""post_trade_weight"": 0.0, ""diff_weight"": -0.09487526246409635, ""gross_amount"": 0.17556827989511625, ""gross_amount_pct_nav"": 0.09487526246409635, ""fee"": 5.2670483968534874e-05, ""fee_pct_nav"": 2.84625787392289e-05, ""name"": ""中信银行""}, {""ts_code"": ""01378.HK"", ""side"": ""buy"", ""current_weight"": 0.0, ""target_weight"": 0.09681563688162065, ""post_trade_weight"": 0.09682658789338769, ""diff_weight"": 0.09681563688162065, ""gross_amount"": 0.17915897561483718, ""gross_amount_pct_nav"": 0.09681563688162065, ""fee"": 5.374769268445115e-05, ""fee_pct_nav"": 2.9044691064486192e-05, ""name"": ""中国宏桥""}, {""ts_code"": ""03690.HK"", ""side"": ""buy"", ""current_weight"": 0.0, ""target_weight"": 0.09323514883920639, ""post_trade_weight"": 0.09324569485475642, ""diff_weight"": 0.09323514883920639, ""gross_amount"": 0.17253322185705872, ""gross_amount_pct_nav"": 0.09323514883920639, ""fee"": 5.175996655711761e-05, ""fee_pct_nav"": 2.797054465176191e-05, ""name"": ""美团-W""}]"
2025-03-17,0.19283749,0.38567497,0.37184898,0.37152874,0.00022301,0.00011155,0.00011146,0.00000000,rebalance,"[{""ts_code"": ""00005.HK"", ""side"": ""sell"", ""current_weight"": 0.10949756811694092, ""target_weight"": 0.09732989496635389, ""post_trade_weight"": 0.09734115758086405, ""diff_weight"": -0.012167673150587026, ""gross_amount"": 0.023452849543703885, ""gross_amount_pct_nav"": 0.012167673150587026, ""fee"": 7.035854863111165e-06, ""fee_pct_nav"": 3.6503019451761072e-06, ""name"": ""汇丰控股""}, {""ts_code"": ""00998.HK"", ""side"": ""buy"", ""current_weight"": 0.0, ""target_weight"": 0.09782681735597103, ""post_trade_weight"": 0.09783813747229311, ""diff_weight"": 0.09782681735597103, ""gross_amount"": 0.18855845323871964, ""gross_amount_pct_nav"": 0.09782681735597103, ""fee"": 5.656753597161589e-05, ""fee_pct_nav"": 2.9348045206791304e-05, ""name"": ""中信银行""}, {""ts_code"": ""01398.HK"", ""side"": ""sell"", ""current_weight"": 0.09097168148678351, ""target_weight"": 0.0, ""post_trade_weight"": 0.0, ""diff_weight"": -0.09097168148678351, ""gross_amount"": 0.1753453706590034, ""gross_amount_pct_nav"": 0.09097168148678351, ""fee"": 5.2603611197701016e-05, ""fee_pct_nav"": 2.729150444603505e-05, ""name"": ""工商银行""}, {""ts_code"": ""01988.HK"", ""side"": ""buy"", ""current_weight"": 0.0, ""target_weight"": 0.09509374421307683, ""post_trade_weight"": 0.0951047480694333, ""diff_weight"": 0.09509374421307683, ""gross_amount"": 0.18329053122775216, ""gross_amount_pct_nav"": 0.09509374421307683, ""fee"": 5.4987159368325645e-05, ""fee_pct_nav"": 2.8528123263923047e-05, ""name"": ""民生银行""}, {""ts_code"": ""03690.HK"", ""side"": ""sell"", ""current_weight"": 0.08961505726036757, ""target_weight"": 0.0, ""post_trade_weight"": 0.0, ""diff_weight"": -0.08961505726036757, ""gross_amount"": 0.17273051542121773, ""gross_amount_pct_nav"": 0.08961505726036757, ""fee"": 5.1819154626365314e-05, ""fee_pct_nav"": 2.688451717811027e-05, ""name"": ""美团-W""}]"
2025-03-24,0.09548238,0.19096476,0.18141329,0.18972665,0.00011134,0.00005442,0.00005692,0.00000000,rebalance,"[{""ts_code"": ""01378.HK"", ""side"": ""sell"", ""current_weight"": 0.09762114067377564, ""target_weight"": 0.0, ""post_trade_weight"": 0.0, ""diff_weight"": -0.09762114067377564, ""gross_amount"": 0.18972665181708412, ""gross_amount_pct_nav"": 0.09762114067377564, ""fee"": 5.691799554512523e-05, ""fee_pct_nav"": 2.9286342202132693e-05, ""name"": ""中国宏桥""}, {""ts_code"": ""01398.HK"", ""side"": ""buy"", ""current_weight"": 0.0, ""target_weight"": 0.09334361819647131, ""post_trade_weight"": 0.09334896610531224, ""diff_weight"": 0.09334361819647131, ""gross_amount"": 0.18141328841966908, ""gross_amount_pct_nav"": 0.09334361819647131, ""fee"": 5.442398652590072e-05, ""fee_pct_nav"": 2.8003085458941392e-05, ""name"": ""工商银行""}]"
2025-03-31,0.20069322,0.40138644,0.37843735,0.38231244,0.00022822,0.00011353,0.00011469,0.00000000,rebalance,"[{""ts_code"": ""01378.HK"", ""side"": ""buy"", ""current_weight"": 0.0, ""target_weight"": 0.10410524763736627, ""post_trade_weight"": 0.10411778507743961, ""diff_weight"": 0.10410524763736627, ""gross_amount"": 0.1973112118988145, ""gross_amount_pct_nav"": 0.10410524763736627, ""fee"": 5.919336356964435e-05, ""fee_pct_nav"": 3.1231574291209876e-05, ""name"": ""中国宏桥""}, {""ts_code"": ""01398.HK"", ""side"": ""sell"", ""current_weight"": 0.09352261873800226, ""target_weight"": 0.0, ""post_trade_weight"": 0.0, ""diff_weight"": -0.09352261873800226, ""gross_amount"": 0.1772539008544915, ""gross_amount_pct_nav"": 0.09352261873800226, ""fee"": 5.3176170256347446e-05, ""fee_pct_nav"": 2.8056785621400678e-05, ""name"": ""工商银行""}, {""ts_code"": ""01988.HK"", ""side"": ""sell"", ""current_weight"": 0.08656696156789231, ""target_weight"": 0.0, ""post_trade_weight"": 0.0, ""diff_weight"": -0.08656696156789231, ""gross_amount"": 0.1640708080043817, ""gross_amount_pct_nav"": 0.08656696156789231, ""fee"": 4.9221242401314504e-05, ""fee_pct_nav"": 2.597008847036769e-05, ""name"": ""民生银行""}, {""ts_code"": ""02388.HK"", ""side"": ""buy"", ""current_weight"": 0.0, ""target_weight"": 0.09556568478891526, ""post_trade_weight"": 0.09557719380573527, ""diff_weight"": 0.09556568478891526, ""gross_amount"": 0.18112613446080472, ""gross_amount_pct_nav"": 0.09556568478891526, ""fee"": 5.4337840338241414e-05, ""fee_pct_nav"": 2.866970543667458e-05, ""name"": ""中银香港""}, {""ts_code"": ""09992.HK"", ""side"": ""sell"", ""current_weight"": 0.12191886831616762, ""target_weight"": 0.1002929427943078, ""post_trade_weight"": 0.10030502111685732, ""diff_weight"": -0.021625925521859834, ""gross_amount"": 0.04098772799633693, ""gross_amount_pct_nav"": 0.021625925521859834, ""fee"": 1.2296318398901078e-05, ""fee_pct_nav"": 6.487777656557949e-06, ""name"": ""泡泡玛特""}]"
2025-04-07,0.29420884,0.58841768,0.49430035,0.45856470,0.00028586,0.00014829,0.00013757,0.00000000,rebalance,"[{""ts_code"": ""01378.HK"", ""side"": ""sell"", ""current_weight"": 0.09305876856860582, ""target_weight"": 0.0, ""post_trade_weight"": 0.0, ""diff_weight"": -0.09305876856860582, ""gross_amount"": 0.1506964380877196, ""gross_amount_pct_nav"": 0.09305876856860582, ""fee"": 4.5208931426315875e-05, ""fee_pct_nav"": 2.7917630570581743e-05, ""name"": ""中国宏桥""}, {""ts_code"": ""01810.HK"", ""side"": ""buy"", ""current_weight"": 0.07982406365830522, ""target_weight"": 0.09224561820124391, ""post_trade_weight"": 0.09226190476190471, ""diff_weight"": 0.012421554542938704, ""gross_amount"": 0.020115074097001223, ""gross_amount_pct_nav"": 0.012421554542938704, ""fee"": 6.034522229100366e-06, ""fee_pct_nav"": 3.7264663628816105e-06, ""name"": ""小米集团-W""}, {""ts_code"": ""02328.HK"", ""side"": ""buy"", ""current_weight"": 0.0, ""target_weight"": 0.10100033816295793, ""post_trade_weight"": 0.10101817042606513, ""diff_weight"": 0.10100033816295793, ""gross_amount"": 0.16355676569685088, ""gross_amount_pct_nav"": 0.10100033816295793, ""fee"": 4.906702970905526e-05, ""fee_pct_nav"": 3.0300101448887378e-05, ""name"": ""中国财险""}, {""ts_code"": ""03328.HK"", ""side"": ""buy"", ""current_weight"": 0.0, ""target_weight"": 0.09143122564666589, ""post_trade_weight"": 0.09144736842105261, ""diff_weight"": 0.09143122564666589, ""gross_amount"": 0.14806084635419683, ""gross_amount_pct_nav"": 0.09143122564666589, ""fee"": 4.441825390625905e-05, ""fee_pct_nav"": 2.7429367693999767e-05, ""name"": ""交通银行""}, {""ts_code"": ""03618.HK"", ""side"": ""buy"", ""current_weight"": 0.0, ""target_weight"": 0.1003895437470244, ""post_trade_weight"": 0.10040726817042604, ""diff_weight"": 0.1003895437470244, ""gross_amount"": 0.16256766446221338, ""gross_amount_pct_nav"": 0.1003895437470244, ""fee"": 4.8770299338664006e-05, ""fee_pct_nav"": 3.0116863124107313e-05, ""name"": ""重庆农村商业银行""}, {""ts_code"": ""03968.HK"", ""side"": ""sell"", ""current_weight"": 0.09493505898250357, ""target_weight"": 0.0, ""post_trade_weight"": 0.0, ""diff_weight"": -0.09493505898250357, ""gross_amount"": 0.15373484367315426, ""gross_amount_pct_nav"": 0.09493505898250357, ""fee"": 4.6120453101946275e-05, ""fee_pct_nav"": 2.8480517694751066e-05, ""name"": ""招商银行""}, {""ts_code"": ""09992.HK"", ""side"": ""sell"", ""current_weight"": 0.09518118583588106, ""target_weight"": 0.0, ""post_trade_weight"": 0.0, ""diff_weight"": -0.09518118583588106, ""gross_amount"": 0.15413341374551, ""gross_amount_pct_nav"": 0.09518118583588106, ""fee"": 4.6240024123653e-05, ""fee_pct_nav"": 2.855435575076431e-05, ""name"": ""泡泡玛特""}]"
2025-04-14,0.20141949,0.40283897,0.34367454,0.36281572,0.00021195,0.00010310,0.00010884,0.00000000,rebalance,"[{""ts_code"": ""00005.HK"", ""side"": ""sell"", ""current_weight"": 0.09580261668703029, ""target_weight"": 0.0, ""post_trade_weight"": 0.0, ""diff_weight"": -0.09580261668703029, ""gross_amount"": 0.16801655407966865, ""gross_amount_pct_nav"": 0.09580261668703029, ""fee"": 5.0404966223900586e-05, ""fee_pct_nav"": 2.8740785006109083e-05, ""name"": ""汇丰控股""}, {""ts_code"": ""00322.HK"", ""side"": ""buy"", ""current_weight"": 0.0, ""target_weight"": 0.094504959720992, ""post_trade_weight"": 0.09451638218563752, ""diff_weight"": 0.094504959720992, ""gross_amount"": 0.1657407513996282, ""gross_amount_pct_nav"": 0.094504959720992, ""fee"": 4.972222541988846e-05, ""fee_pct_nav"": 2.83514879162976e-05, ""name"": ""康师傅控股""}, {""ts_code"": ""00941.HK"", ""side"": ""buy"", ""current_weight"": 0.0, ""target_weight"": 0.0906796422024464, ""post_trade_weight"": 0.09069060231512391, ""diff_weight"": 0.0906796422024464, ""gross_amount"": 0.15903199239123642, ""gross_amount_pct_nav"": 0.0906796422024464, ""fee"": 4.770959771737092e-05, ""fee_pct_nav"": 2.720389266073392e-05, ""name"": ""中国移动""}, {""ts_code"": ""02328.HK"", ""side"": ""sell"", ""current_weight"": 0.09938204623212603, ""target_weight"": 0.0, ""post_trade_weight"": 0.0, ""diff_weight"": -0.09938204623212603, ""gross_amount"": 0.17429408008610978, ""gross_amount_pct_nav"": 0.09938204623212603, ""fee"": 5.228822402583293e-05, ""fee_pct_nav"": 2.981461386963781e-05, ""name"": ""中国财险""}, {""ts_code"": ""03328.HK"", ""side"": ""buy"", ""current_weight"": 0.08946517657455468, ""target_weight"": 0.10024293599881041, ""post_trade_weight"": 0.10025505199140794, ""diff_weight"": 0.010777759424255745, ""gross_amount"": 0.01890180103408673, ""gross_amount_pct_nav"": 0.010777759424255745, ""fee"": 5.670540310226018e-06, ""fee_pct_nav"": 3.233327827276723e-06, ""name"": ""交通银行""}, {""ts_code"": ""03618.HK"", ""side"": ""sell"", ""current_weight"": 0.10449676543445603, ""target_weight"": 0.09280481860163843, ""post_trade_weight"": 0.09281603557652038, ""diff_weight"": -0.011691946832817603, ""gross_amount"": 0.020505083110101047, ""gross_amount_pct_nav"": 0.011691946832817603, ""fee"": 6.151524933030314e-06, ""fee_pct_nav"": 3.507584049845281e-06, ""name"": ""重庆农村商业银行""}]"
2025-04-22,0.09374611,0.18749222,0.17260685,0.16146665,0.00010022,0.00005178,0.00004844,0.00000000,rebalance,"[{""ts_code"": ""00941.HK"", ""side"": ""sell"", ""current_weight"": 0.09062000321748656, ""target_weight"": 0.0, ""post_trade_weight"": 0.0, ""diff_weight"": -0.09062000321748656, ""gross_amount"": 0.16146665240947333, ""gross_amount_pct_nav"": 0.09062000321748656, ""fee"": 4.8439995722841996e-05, ""fee_pct_nav"": 2.7186000965245967e-05, ""name"": ""中国移动""}, {""ts_code"": ""09992.HK"", ""side"": ""buy"", ""current_weight"": 0.0, ""target_weight"": 0.09687222063479341, ""post_trade_weight"": 0.09687766977771788, ""diff_weight"": 0.09687222063479341, ""gross_amount"": 0.17260684862074355, ""gross_amount_pct_nav"": 0.09687222063479341, ""fee"": 5.178205458622306e-05, ""fee_pct_nav"": 2.9061666190438018e-05, ""name"": ""泡泡玛特""}]"
2025-04-28,0.19750591,0.39501182,0.34947275,0.38225945,0.00021952,0.00010484,0.00011468,0.00000000,rebalance,"[{""ts_code"": ""00322.HK"", ""side"": ""sell"", ""current_weight"": 0.09144566459386108, ""target_weight"": 0.0, ""post_trade_weight"": 0.0, ""diff_weight"": -0.09144566459386108, ""gross_amount"": 0.16939679738638472, ""gross_amount_pct_nav"": 0.09144566459386108, ""fee"": 5.081903921591541e-05, ""fee_pct_nav"": 2.7433699378158322e-05, ""name"": ""康师傅控股""}, {""ts_code"": ""01339.HK"", ""side"": ""buy"", ""current_weight"": 0.0, ""target_weight"": 0.09730708971351146, ""post_trade_weight"": 0.09731862231535796, ""diff_weight"": 0.09730708971351146, ""gross_amount"": 0.18025468384605112, ""gross_amount_pct_nav"": 0.09730708971351146, ""fee"": 5.407640515381533e-05, ""fee_pct_nav"": 2.9192126914053435e-05, ""name"": ""中国人民保险集团""}, {""ts_code"": ""01810.HK"", ""side"": ""sell"", ""current_weight"": 0.10508613855364225, ""target_weight"": 0.09241309142514476, ""post_trade_weight"": 0.09242404400210445, ""diff_weight"": -0.012673047128497488, ""gross_amount"": 0.023475947233022904, ""gross_amount_pct_nav"": 0.012673047128497488, ""fee"": 7.04278416990687e-06, ""fee_pct_nav"": 3.801914138549246e-06, ""name"": ""小米集团-W""}, {""ts_code"": ""06818.HK"", ""side"": ""buy"", ""current_weight"": 0.0, ""target_weight"": 0.09134917875376071, ""post_trade_weight"": 0.0913600052383537, ""diff_weight"": 0.09134917875376071, ""gross_amount"": 0.1692180640109018, ""gross_amount_pct_nav"": 0.09134917875376071, ""fee"": 5.076541920327054e-05, ""fee_pct_nav"": 2.740475362612821e-05, ""name"": ""中国光大银行""}, {""ts_code"": ""09992.HK"", ""side"": ""sell"", ""current_weight"": 0.10223684016324143, ""target_weight"": 0.0, ""post_trade_weight"": 0.0, ""diff_weight"": -0.10223684016324143, ""gross_amount"": 0.1893867071279335, ""gross_amount_pct_nav"": 0.10223684016324143, ""fee"": 5.681601213838005e-05, ""fee_pct_nav"": 3.067105204897243e-05, ""name"": ""泡泡玛特""}]"
2025-05-06,0.38833128,0.77666256,0.72573380,0.72140819,0.00043414,0.00021772,0.00021642,0.00000000,rebalance,"[{""ts_code"": ""00322.HK"", ""side"": ""buy"", ""current_weight"": 0.0, ""target_weight"": 0.09408364285707449, ""post_trade_weight"": 0.09410556933869445, ""diff_weight"": 0.09408364285707449, ""gross_amount"": 0.1753044339321113, ""gross_amount_pct_nav"": 0.09408364285707449, ""fee"": 5.259133017963338e-05, ""fee_pct_nav"": 2.8225092857122343e-05, ""name"": ""康师傅控股""}, {""ts_code"": ""00981.HK"", ""side"": ""buy"", ""current_weight"": 0.0, ""target_weight"": 0.09871654951291527, ""post_trade_weight"": 0.09873955570764531, ""diff_weight"": 0.09871654951291527, ""gross_amount"": 0.18393684923937434, ""gross_amount_pct_nav"": 0.09871654951291527, ""fee"": 5.5181054771812295e-05, ""fee_pct_nav"": 2.9614964853874576e-05, ""name"": ""中芯国际""}, {""ts_code"": ""01339.HK"", ""side"": ""sell"", ""current_weight"": 0.09991566448743068, ""target_weight"": 0.0, ""post_trade_weight"": 0.0, ""diff_weight"": -0.09991566448743068, ""gross_amount"": 0.1861711395521578, ""gross_amount_pct_nav"": 0.09991566448743068, ""fee"": 5.5851341865647334e-05, ""fee_pct_nav"": 2.99746993462292e-05, ""name"": ""中国人民保险集团""}, {""ts_code"": ""02328.HK"", ""side"": ""buy"", ""current_weight"": 0.0, ""target_weight"": 0.09704870311681259, ""post_trade_weight"": 0.097071320614823, ""diff_weight"": 0.09704870311681259, ""gross_amount"": 0.18082917972875964, ""gross_amount_pct_nav"": 0.09704870311681259, ""fee"": 5.4248753918627885e-05, ""fee_pct_nav"": 2.911461093504377e-05, ""name"": ""中国财险""}, {""ts_code"": ""02388.HK"", ""side"": ""sell"", ""current_weight"": 0.10107782312073971, ""target_weight"": 0.0, ""post_trade_weight"": 0.0, ""diff_weight"": -0.10107782312073971, ""gross_amount"": 0.18833656974984955, ""gross_amount_pct_nav"": 0.10107782312073971, ""fee"": 5.650097092495486e-05, ""fee_pct_nav"": 3.0323346936221906e-05, ""name"": ""中银香港""}, {""ts_code"": ""03328.HK"", ""side"": ""sell"", ""current_weight"": 0.09749675096286387, ""target_weight"": 0.0, ""post_trade_weight"": 0.0, ""diff_weight"": -0.09749675096286387, ""gross_amount"": 0.18166401957595646, ""gross_amount_pct_nav"": 0.09749675096286387, ""fee"": 5.449920587278693e-05, ""fee_pct_nav"": 2.9249025288859156e-05, ""name"": ""交通银行""}, {""ts_code"": ""06818.HK"", ""side"": ""sell"", ""current_weight"": 0.08868029163075752, ""target_weight"": 0.0, ""post_trade_weight"": 0.0, ""diff_weight"": -0.08868029163075752, ""gross_amount"": 0.16523646250476293, ""gross_amount_pct_nav"": 0.08868029163075752, ""fee"": 4.9570938751428874e-05, ""fee_pct_nav"": 2.6604087489227256e-05, ""name"": ""中国光大银行""}, {""ts_code"": ""09992.HK"", ""side"": ""buy"", ""current_weight"": 0.0, ""target_weight"": 0.09964313084408344, ""post_trade_weight"": 0.09966635298143549, ""diff_weight"": 0.09964313084408344, ""gross_amount"": 0.18566333230082696, ""gross_amount_pct_nav"": 0.09964313084408344, ""fee"": 5.5698999690248084e-05, ""fee_pct_nav"": 2.989293925322503e-05, ""name"": ""泡泡玛特""}]"
2025-05-12,0.47359107,0.94718214,0.89205203,0.88134259,0.00053202,0.00026762,0.00026440,0.00000000,rebalance,"[{""ts_code"": ""00005.HK"", ""side"": ""buy"", ""current_weight"": 0.0, ""target_weight"": 0.09086018906380111, ""post_trade_weight"": 0.0908860147467665, ""diff_weight"": 0.09086018906380111, ""gross_amount"": 0.1701161416057883, ""gross_amount_pct_nav"": 0.09086018906380111, ""fee"": 5.1034842481736487e-05, ""fee_pct_nav"": 2.7258056719140332e-05, ""name"": ""汇丰控股""}, {""ts_code"": ""00322.HK"", ""side"": ""sell"", ""current_weight"": 0.08803738770161765, ""target_weight"": 0.0, ""post_trade_weight"": 0.0, ""diff_weight"": -0.08803738770161765, ""gross_amount"": 0.16483105381098942, ""gross_amount_pct_nav"": 0.08803738770161765, ""fee"": 4.9449316143296824e-05, ""fee_pct_nav"": 2.6411216310485293e-05, ""name"": ""康师傅控股""}, {""ts_code"": ""00981.HK"", ""side"": ""sell"", ""current_weight"": 0.09301072376455545, ""target_weight"": 0.0, ""post_trade_weight"": 0.0, ""diff_weight"": -0.09301072376455545, ""gross_amount"": 0.17414255481768243, ""gross_amount_pct_nav"": 0.09301072376455545, ""fee"": 5.2242766445304723e-05, ""fee_pct_nav"": 2.7903217129366635e-05, ""name"": ""中芯国际""}, {""ts_code"": ""01810.HK"", ""side"": ""sell"", ""current_weight"": 0.0974003668918588, ""target_weight"": 0.0, ""post_trade_weight"": 0.0, ""diff_weight"": -0.0974003668918588, ""gross_amount"": 0.18236121647288603, ""gross_amount_pct_nav"": 0.0974003668918588, ""fee"": 5.47083649418658e-05, ""fee_pct_nav"": 2.9220110067557636e-05, ""name"": ""小米集团-W""}, {""ts_code"": ""01988.HK"", ""side"": ""buy"", ""current_weight"": 0.0, ""target_weight"": 0.09180274721607888, ""post_trade_weight"": 0.09182884080744581, ""diff_weight"": 0.09180274721607888, ""gross_amount"": 0.17188087881090222, ""gross_amount_pct_nav"": 0.09180274721607888, ""fee"": 5.156426364327066e-05, ""fee_pct_nav"": 2.754082416482366e-05, ""name"": ""民生银行""}, {""ts_code"": ""02328.HK"", ""side"": ""sell"", ""current_weight"": 0.09723556042740207, ""target_weight"": 0.0, ""post_trade_weight"": 0.0, ""diff_weight"": -0.09723556042740207, ""gross_amount"": 0.18205265185141706, ""gross_amount_pct_nav"": 0.09723556042740207, ""fee"": 5.461579555542511e-05, ""fee_pct_nav"": 2.9170668128220616e-05, ""name"": ""中国财险""}, {""ts_code"": ""02388.HK"", ""side"": ""buy"", ""current_weight"": 0.0, ""target_weight"": 0.09981449151043986, ""post_trade_weight"": 0.09984286232322002, ""diff_weight"": 0.09981449151043986, ""gross_amount"": 0.18688114505437048, ""gross_amount_pct_nav"": 0.09981449151043986, ""fee"": 5.606434351631114e-05, ""fee_pct_nav"": 2.9944347453131957e-05, ""name"": ""中银香港""}, {""ts_code"": ""03328.HK"", ""side"": ""buy"", ""current_weight"": 0.0, ""target_weight"": 0.10154251478961576, ""post_trade_weight"": 0.10157137676779877, ""diff_weight"": 0.10154251478961576, ""gross_amount"": 0.19011649659707933, ""gross_amount_pct_nav"": 0.10154251478961576, ""fee"": 5.7034948979123795e-05, ""fee_pct_nav"": 3.0462754436884727e-05, ""name"": ""交通银行""}, {""ts_code"": ""03968.HK"", ""side"": ""buy"", ""current_weight"": 0.0, ""target_weight"": 0.09243111931759738, ""post_trade_weight"": 0.09245739151456535, ""diff_weight"": 0.09243111931759738, ""gross_amount"": 0.17305737028097815, ""gross_amount_pct_nav"": 0.09243111931759738, ""fee"": 5.191721108429344e-05, ""fee_pct_nav"": 2.7729335795279212e-05, ""name"": ""招商银行""}, {""ts_code"": ""09992.HK"", ""side"": ""sell"", ""current_weight"": 0.09504703866450179, ""target_weight"": 0.0, ""post_trade_weight"": 0.0, ""diff_weight"": -0.09504703866450179, ""gross_amount"": 0.17795511604436007, ""gross_amount_pct_nav"": 0.09504703866450179, ""fee"": 5.338653481330801e-05, ""fee_pct_nav"": 2.8514111599350534e-05, ""name"": ""泡泡玛特""}]"
2025-05-19,0.10202819,0.20405638,0.18837984,0.20110157,0.00011684,0.00005651,0.00006033,0.00000000,rebalance,"[{""ts_code"": ""01398.HK"", ""side"": ""buy"", ""current_weight"": 0.0, ""target_weight"": 0.09869561429651279, ""post_trade_weight"": 0.09870165650721494, ""diff_weight"": 0.09869561429651279, ""gross_amount"": 0.18837983924854265, ""gross_amount_pct_nav"": 0.09869561429651279, ""fee"": 5.651395177456279e-05, ""fee_pct_nav"": 2.960868428895383e-05, ""name"": ""工商银行""}, {""ts_code"": ""01988.HK"", ""side"": ""sell"", ""current_weight"": 0.09242128626392584, ""target_weight"": 0.0, ""post_trade_weight"": 0.0, ""diff_weight"": -0.09242128626392584, ""gross_amount"": 0.17640405983224172, ""gross_amount_pct_nav"": 0.09242128626392584, ""fee"": 5.2921217949672514e-05, ""fee_pct_nav"": 2.772638587917775e-05, ""name"": ""民生银行""}, {""ts_code"": ""03988.HK"", ""side"": ""sell"", ""current_weight"": 0.11387347604935585, ""target_weight"": 0.10093400052445185, ""post_trade_weight"": 0.10094017977063748, ""diff_weight"": -0.012939475524904008, ""gross_amount"": 0.024697514035616014, ""gross_amount_pct_nav"": 0.012939475524904008, ""fee"": 7.409254210684803e-06, ""fee_pct_nav"": 3.881842657471202e-06, ""name"": ""中国银行""}]"
2025-05-26,0.19935427,0.39870853,0.37124139,0.38872897,0.00022799,0.00011137,0.00011662,0.00000000,rebalance,"[{""ts_code"": ""00005.HK"", ""side"": ""sell"", ""current_weight"": 0.09197627359756769, ""target_weight"": 0.0, ""post_trade_weight"": 0.0, ""diff_weight"": -0.09197627359756769, ""gross_amount"": 0.17531413482152075, ""gross_amount_pct_nav"": 0.09197627359756769, ""fee"": 5.259424044645622e-05, ""fee_pct_nav"": 2.7592882079270302e-05, ""name"": ""汇丰控股""}, {""ts_code"": ""00762.HK"", ""side"": ""buy"", ""current_weight"": 0.0, ""target_weight"": 0.09295304598793394, ""post_trade_weight"": 0.0929641656697231, ""diff_weight"": 0.09295304598793394, ""gross_amount"": 0.17717594113130733, ""gross_amount_pct_nav"": 0.09295304598793394, ""fee"": 5.315278233939219e-05, ""fee_pct_nav"": 2.7885913796380176e-05, ""name"": ""中国联通""}, {""ts_code"": ""01211.HK"", ""side"": ""buy"", ""current_weight"": 0.0, ""target_weight"": 0.0914719948813729, ""post_trade_weight"": 0.09148293738965642, ""diff_weight"": 0.0914719948813729, ""gross_amount"": 0.17435293925030843, ""gross_amount_pct_nav"": 0.0914719948813729, ""fee"": 5.2305881775092526e-05, ""fee_pct_nav"": 2.744159846441187e-05, ""name"": ""比亚迪股份""}, {""ts_code"": ""03328.HK"", ""side"": ""sell"", ""current_weight"": 0.09946077952879978, ""target_weight"": 0.0, ""post_trade_weight"": 0.0, ""diff_weight"": -0.09946077952879978, ""gross_amount"": 0.18958020182529634, ""gross_amount_pct_nav"": 0.09946077952879978, ""fee"": 5.687406054758889e-05, ""fee_pct_nav"": 2.983823385863993e-05, ""name"": ""交通银行""}, {""ts_code"": ""03618.HK"", ""side"": ""sell"", ""current_weight"": 0.10368031343794572, ""target_weight"": 0.09117578466006071, ""post_trade_weight"": 0.09118669173364309, ""diff_weight"": -0.01250452877788501, ""gross_amount"": 0.023834632109988985, ""gross_amount_pct_nav"": 0.01250452877788501, ""fee"": 7.150389632996695e-06, ""fee_pct_nav"": 3.7513586333655027e-06, ""name"": ""重庆农村商业银行""}, {""ts_code"": ""03968.HK"", ""side"": ""buy"", ""current_weight"": 0.08868344693181514, ""target_weight"": 0.09902535552483413, ""post_trade_weight"": 0.09903720161799646, ""diff_weight"": 0.010341908593018999, ""gross_amount"": 0.019712505045826556, ""gross_amount_pct_nav"": 0.010341908593018999, ""fee"": 5.913751513747966e-06, ""fee_pct_nav"": 3.1025725779056994e-06, ""name"": ""招商银行""}]"
2025-06-02,0.38532715,0.77065429,0.86830860,0.84386336,0.00051365,0.00026049,0.00025316,0.00000000,rebalance,"[{""ts_code"": ""00762.HK"", ""side"": ""sell"", ""current_weight"": 0.07966246162032806, ""target_weight"": 0.0, ""post_trade_weight"": 0.0, ""diff_weight"": -0.07966246162032806, ""gross_amount"": 0.17698705420046368, ""gross_amount_pct_nav"": 0.07966246162032806, ""fee"": 5.30961162601391e-05, ""fee_pct_nav"": 2.3898738486098415e-05, ""name"": ""中国联通""}, {""ts_code"": ""00939.HK"", ""side"": ""buy"", ""current_weight"": 0.08911658309583206, ""target_weight"": 0.101677771101984, ""post_trade_weight"": 0.10170128406131294, ""diff_weight"": 0.012561188006151934, ""gross_amount"": 0.02790734327370728, ""gross_amount_pct_nav"": 0.012561188006151934, ""fee"": 8.372202982112183e-06, ""fee_pct_nav"": 3.7683564018455794e-06, ""name"": ""建设银行""}, {""ts_code"": ""00998.HK"", ""side"": ""buy"", ""current_weight"": 0.09223899016121702, ""target_weight"": 0.10740354187878068, ""post_trade_weight"": 0.10742837892118051, ""diff_weight"": 0.015164551717563661, ""gross_amount"": 0.03369126790926702, ""gross_amount_pct_nav"": 0.015164551717563661, ""fee"": 1.0107380372780106e-05, ""fee_pct_nav"": 4.5493655152690985e-06, ""name"": ""中信银行""}, {""ts_code"": ""01211.HK"", ""side"": ""sell"", ""current_weight"": 0.21416919174432708, ""target_weight"": 0.0, ""post_trade_weight"": 0.0, ""diff_weight"": -0.21416919174432708, ""gross_amount"": 0.4758222828711858, ""gross_amount_pct_nav"": 0.21416919174432708, ""fee"": 0.00014274668486135571, ""fee_pct_nav"": 6.425075752329812e-05, ""name"": ""比亚迪股份""}, {""ts_code"": ""01288.HK"", ""side"": ""buy"", ""current_weight"": 0.09240438321084939, ""target_weight"": 0.10639311174169892, ""post_trade_weight"": 0.10641771512238037, ""diff_weight"": 0.01398872853084953, ""gross_amount"": 0.031078927318174465, ""gross_amount_pct_nav"": 0.01398872853084953, ""fee"": 9.32367819545234e-06, ""fee_pct_nav"": 4.196618559254859e-06, ""name"": ""农业银行""}, {""ts_code"": ""01398.HK"", ""side"": ""buy"", ""current_weight"": 0.0860125959036605, ""target_weight"": 0.11043483229002597, ""post_trade_weight"": 0.11046037031758098, ""diff_weight"": 0.02442223638636547, ""gross_amount"": 0.05425917787490536, ""gross_amount_pct_nav"": 0.02442223638636547, ""fee"": 1.627775336247161e-05, ""fee_pct_nav"": 7.326670915909641e-06, ""name"": ""工商银行""}, {""ts_code"": ""01810.HK"", ""side"": ""buy"", ""current_weight"": 0.0, ""target_weight"": 0.09224708982255424, ""post_trade_weight"": 0.0922684219391782, ""diff_weight"": 0.09224708982255424, ""gross_amount"": 0.20494647484121034, ""gross_amount_pct_nav"": 0.09224708982255424, ""fee"": 6.148394245236309e-05, ""fee_pct_nav"": 2.7674126946766267e-05, ""name"": ""小米集团-W""}, {""ts_code"": ""01988.HK"", ""side"": ""buy"", ""current_weight"": 0.0, ""target_weight"": 0.09191027977686032, ""post_trade_weight"": 0.0919315340062448, ""diff_weight"": 0.09191027977686032, ""gross_amount"": 0.20419817989023836, ""gross_amount_pct_nav"": 0.09191027977686032, ""fee"": 6.12594539670715e-05, ""fee_pct_nav"": 2.757308393305809e-05, ""name"": ""民生银行""}, {""ts_code"": ""02388.HK"", ""side"": ""buy"", ""current_weight"": 0.08577307728139306, ""target_weight"": 0.09982531585066744, ""post_trade_weight"": 0.09984840043017933, ""diff_weight"": 0.014052238569274367, ""gross_amount"": 0.03122002833845855, ""gross_amount_pct_nav"": 0.014052238569274367, ""fee"": 9.366008501537564e-06, ""fee_pct_nav"": 4.21567157078231e-06, ""name"": ""中银香港""}, {""ts_code"": ""03328.HK"", ""side"": ""buy"", ""current_weight"": 0.0, ""target_weight"": 0.09460476014241169, ""post_trade_weight"": 0.0946266374697119, ""diff_weight"": 0.09460476014241169, ""gross_amount"": 0.21018453949801422, ""gross_amount_pct_nav"": 0.09460476014241169, ""fee"": 6.305536184940427e-05, ""fee_pct_nav"": 2.8381428042723507e-05, ""name"": ""交通银行""}, {""ts_code"": ""03618.HK"", ""side"": ""buy"", ""current_weight"": 0.07929752506724981, ""target_weight"": 0.09308911493678905, ""post_trade_weight"": 0.09311064177151165, ""diff_weight"": 0.01379158986953923, ""gross_amount"": 0.030640941970688923, ""gross_amount_pct_nav"": 0.01379158986953923, ""fee"": 9.192282591206675e-06, ""fee_pct_nav"": 4.137476960861768e-06, ""name"": ""重庆农村商业银行""}, {""ts_code"": ""03968.HK"", ""side"": ""sell"", ""current_weight"": 0.08599404912466761, ""target_weight"": 0.0, ""post_trade_weight"": 0.0, ""diff_weight"": -0.08599404912466761, ""gross_amount"": 0.1910540187156497, ""gross_amount_pct_nav"": 0.08599404912466761, ""fee"": 5.7316205614694905e-05, ""fee_pct_nav"": 2.579821473740028e-05, ""name"": ""招商银行""}, {""ts_code"": ""03988.HK"", ""side"": ""buy"", ""current_weight"": 0.08409705915965335, ""target_weight"": 0.10218298617052489, ""post_trade_weight"": 0.10220661596071302, ""diff_weight"": 0.01808592701087154, ""gross_amount"": 0.04018172272148235, ""gross_amount_pct_nav"": 0.01808592701087154, ""fee"": 1.2054516816444704e-05, ""fee_pct_nav"": 5.425778103261462e-06, ""name"": ""中国银行""}]"
2025-06-09,0.18883033,0.37766067,0.45625098,0.42804200,0.00026529,0.00013688,0.00012841,0.00000000,rebalance,"[{""ts_code"": ""03328.HK"", ""side"": ""sell"", ""current_weight"": 0.09421384404477717, ""target_weight"": 0.0, ""post_trade_weight"": 0.0, ""diff_weight"": -0.09421384404477717, ""gross_amount"": 0.22060184903581667, ""gross_amount_pct_nav"": 0.09421384404477717, ""fee"": 6.6180554710745e-05, ""fee_pct_nav"": 2.826415321343315e-05, ""name"": ""交通银行""}, {""ts_code"": ""03618.HK"", ""side"": ""sell"", ""current_weight"": 0.08859279537532759, ""target_weight"": 0.0, ""post_trade_weight"": 0.0, ""diff_weight"": -0.08859279537532759, ""gross_amount"": 0.2074401556289374, ""gross_amount_pct_nav"": 0.08859279537532759, ""fee"": 6.223204668868121e-05, ""fee_pct_nav"": 2.6577838612598272e-05, ""name"": ""重庆农村商业银行""}, {""ts_code"": ""03968.HK"", ""side"": ""buy"", ""current_weight"": 0.0, ""target_weight"": 0.10118410978198585, ""post_trade_weight"": 0.10119557505850414, ""diff_weight"": 0.10118410978198585, ""gross_amount"": 0.2369227361144548, ""gross_amount_pct_nav"": 0.10118410978198585, ""fee"": 7.107682083433644e-05, ""fee_pct_nav"": 3.0355232934595752e-05, ""name"": ""招商银行""}, {""ts_code"": ""09992.HK"", ""side"": ""buy"", ""current_weight"": 0.0, ""target_weight"": 0.09366991799821767, ""post_trade_weight"": 0.09368053183386447, ""diff_weight"": 0.09366991799821767, ""gross_amount"": 0.21932824542876353, ""gross_amount_pct_nav"": 0.09366991799821767, ""fee"": 6.579847362862906e-05, ""fee_pct_nav"": 2.8100975399465297e-05, ""name"": ""泡泡玛特""}]"
2025-06-16,0.09767210,0.19534419,0.24321737,0.23257058,0.00014274,0.00007297,0.00006977,0.00000000,rebalance,"[{""ts_code"": ""01339.HK"", ""side"": ""buy"", ""current_weight"": 0.0, ""target_weight"": 0.09985772202119662, ""post_trade_weight"": 0.09986357435198343, ""diff_weight"": 0.09985772202119662, ""gross_amount"": 0.24321737372037455, ""gross_amount_pct_nav"": 0.09985772202119662, ""fee"": 7.296521211611236e-05, ""fee_pct_nav"": 2.9957316606358987e-05, ""name"": ""中国人民保险集团""}, {""ts_code"": ""03988.HK"", ""side"": ""sell"", ""current_weight"": 0.09548647045248067, ""target_weight"": 0.0, ""post_trade_weight"": 0.0, ""diff_weight"": -0.09548647045248067, ""gross_amount"": 0.2325705824167587, ""gross_amount_pct_nav"": 0.09548647045248067, ""fee"": 6.977117472502761e-05, ""fee_pct_nav"": 2.8645941135744197e-05, ""name"": ""中国银行""}]"
2025-06-23,0.19091938,0.38183876,0.48100404,0.45015887,0.00027935,0.00014430,0.00013505,0.00000000,rebalance,"[{""ts_code"": ""01336.HK"", ""side"": ""buy"", ""current_weight"": 0.0, ""target_weight"": 0.09479470011408575, ""post_trade_weight"": 0.09480556024537112, ""diff_weight"": 0.09479470011408575, ""gross_amount"": 0.23116906560660658, ""gross_amount_pct_nav"": 0.09479470011408575, ""fee"": 6.935071968198197e-05, ""fee_pct_nav"": 2.8438410034225724e-05, ""name"": ""新华保险""}, {""ts_code"": ""01658.HK"", ""side"": ""buy"", ""current_weight"": 0.0, ""target_weight"": 0.09172228492577456, ""post_trade_weight"": 0.09173279306657661, ""diff_weight"": 0.09172228492577456, ""gross_amount"": 0.2236765860968591, ""gross_amount_pct_nav"": 0.09172228492577456, ""fee"": 6.710297582905772e-05, ""fee_pct_nav"": 2.7516685477732365e-05, ""name"": ""邮储银行""}, {""ts_code"": ""01810.HK"", ""side"": ""buy"", ""current_weight"": 0.08933501659139048, ""target_weight"": 0.10006169757976215, ""post_trade_weight"": 0.10007316112330461, ""diff_weight"": 0.010726680988371665, ""gross_amount"": 0.02615839090326494, ""gross_amount_pct_nav"": 0.010726680988371665, ""fee"": 7.847517270979481e-06, ""fee_pct_nav"": 3.218004296511499e-06, ""name"": ""小米集团-W""}, {""ts_code"": ""01988.HK"", ""side"": ""sell"", ""current_weight"": 0.09702273905523727, ""target_weight"": 0.0, ""post_trade_weight"": 0.0, ""diff_weight"": -0.09702273905523727, ""gross_amount"": 0.2366024250617371, ""gross_amount_pct_nav"": 0.09702273905523727, ""fee"": 7.098072751852112e-05, ""fee_pct_nav"": 2.910682171657118e-05, ""name"": ""民生银行""}, {""ts_code"": ""09992.HK"", ""side"": ""sell"", ""current_weight"": 0.08757235547204723, ""target_weight"": 0.0, ""post_trade_weight"": 0.0, ""diff_weight"": -0.08757235547204723, ""gross_amount"": 0.21355644949642763, ""gross_amount_pct_nav"": 0.08757235547204723, ""fee"": 6.406693484892828e-05, ""fee_pct_nav"": 2.6271706641614163e-05, ""name"": ""泡泡玛特""}]"
2025-06-30,0.18849255,0.37698510,0.46584624,0.46678797,0.00027979,0.00013975,0.00014004,0.00000000,rebalance,"[{""ts_code"": ""00388.HK"", ""side"": ""buy"", ""current_weight"": 0.0, ""target_weight"": 0.094288788612737, ""post_trade_weight"": 0.09429945345934006, ""diff_weight"": 0.094288788612737, ""gross_amount"": 0.2332637291473395, ""gross_amount_pct_nav"": 0.094288788612737, ""fee"": 6.997911874420185e-05, ""fee_pct_nav"": 2.8286636583821097e-05, ""name"": ""香港交易所""}, {""ts_code"": ""01336.HK"", ""side"": ""sell"", ""current_weight"": 0.09826936019502225, ""target_weight"": 0.0, ""post_trade_weight"": 0.0, ""diff_weight"": -0.09826936019502225, ""gross_amount"": 0.2431113789589774, ""gross_amount_pct_nav"": 0.09826936019502225, ""fee"": 7.29334136876932e-05, ""fee_pct_nav"": 2.948080805850667e-05, ""name"": ""新华保险""}, {""ts_code"": ""01658.HK"", ""side"": ""sell"", ""current_weight"": 0.09041351787179878, ""target_weight"": 0.0, ""post_trade_weight"": 0.0, ""diff_weight"": -0.09041351787179878, ""gross_amount"": 0.2236765860968591, ""gross_amount_pct_nav"": 0.09041351787179878, ""fee"": 6.710297582905772e-05, ""fee_pct_nav"": 2.7124055361539632e-05, ""name"": ""邮储银行""}, {""ts_code"": ""03988.HK"", ""side"": ""buy"", ""current_weight"": 0.0, ""target_weight"": 0.09401343103619747, ""post_trade_weight"": 0.09402406473756728, ""diff_weight"": 0.09401343103619747, ""gross_amount"": 0.2325825141683626, ""gross_amount_pct_nav"": 0.09401343103619747, ""fee"": 6.977475425050877e-05, ""fee_pct_nav"": 2.8204029310859237e-05, ""name"": ""中国银行""}]"
2025-07-07,0.40286264,0.80572528,0.98577624,1.01893627,0.00060141,0.00029573,0.00030568,0.00000000,rebalance,"[{""ts_code"": ""00388.HK"", ""side"": ""sell"", ""current_weight"": 0.09137942739385574, ""target_weight"": 0.0, ""post_trade_weight"": 0.0, ""diff_weight"": -0.09137942739385574, ""gross_amount"": 0.22735972836185286, ""gross_amount_pct_nav"": 0.09137942739385574, ""fee"": 6.820791850855585e-05, ""fee_pct_nav"": 2.741382821815672e-05, ""name"": ""香港交易所""}, {""ts_code"": ""00998.HK"", ""side"": ""sell"", ""current_weight"": 0.11396219926682494, ""target_weight"": 0.10171871542824462, ""post_trade_weight"": 0.10174330857501963, ""diff_weight"": -0.012243483838580316, ""gross_amount"": 0.030462821218439018, ""gross_amount_pct_nav"": 0.012243483838580316, ""fee"": 9.138846365531704e-06, ""fee_pct_nav"": 3.673045151574094e-06, ""name"": ""中信银行""}, {""ts_code"": ""01336.HK"", ""side"": ""buy"", ""current_weight"": 0.0, ""target_weight"": 0.10718533575547633, ""post_trade_weight"": 0.10721125059998912, ""diff_weight"": 0.10718533575547633, ""gross_amount"": 0.26668616248494553, ""gross_amount_pct_nav"": 0.10718533575547633, ""fee"": 8.000584874548365e-05, ""fee_pct_nav"": 3.2155600726642895e-05, ""name"": ""新华保险""}, {""ts_code"": ""01398.HK"", ""side"": ""sell"", ""current_weight"": 0.11050789814610537, ""target_weight"": 0.0, ""post_trade_weight"": 0.0, ""diff_weight"": -0.11050789814610537, ""gross_amount"": 0.27495297815826764, ""gross_amount_pct_nav"": 0.11050789814610537, ""fee"": 8.248589344748029e-05, ""fee_pct_nav"": 3.315236944383161e-05, ""name"": ""工商银行""}, {""ts_code"": ""01988.HK"", ""side"": ""buy"", ""current_weight"": 0.0, ""target_weight"": 0.0983101168712649, ""post_trade_weight"": 0.09833388590062696, ""diff_weight"": 0.0983101168712649, ""gross_amount"": 0.24460386877600096, ""gross_amount_pct_nav"": 0.0983101168712649, ""fee"": 7.338116063280028e-05, ""fee_pct_nav"": 2.949303506137947e-05, ""name"": ""民生银行""}, {""ts_code"": ""03692.HK"", ""side"": ""buy"", ""current_weight"": 0.0, ""target_weight"": 0.09483720513396476, ""post_trade_weight"": 0.09486013449652869, ""diff_weight"": 0.09483720513396476, ""gross_amount"": 0.23596297123771826, ""gross_amount_pct_nav"": 0.09483720513396476, ""fee"": 7.078889137131546e-05, ""fee_pct_nav"": 2.8451161540189424e-05, ""name"": ""翰森制药""}, {""ts_code"": ""03968.HK"", ""side"": ""sell"", ""current_weight"": 0.10007208015784669, ""target_weight"": 0.0, ""post_trade_weight"": 0.0, ""diff_weight"": -0.10007208015784669, ""gross_amount"": 0.24898778215394501, ""gross_amount_pct_nav"": 0.10007208015784669, ""fee"": 7.46963346461835e-05, ""fee_pct_nav"": 3.0021624047354007e-05, ""name"": ""招商银行""}, {""ts_code"": ""03988.HK"", ""side"": ""sell"", ""current_weight"": 0.09532351793192761, ""target_weight"": 0.0, ""post_trade_weight"": 0.0, ""diff_weight"": -0.09532351793192761, ""gross_amount"": 0.23717295852694875, ""gross_amount_pct_nav"": 0.09532351793192761, ""fee"": 7.115188755808461e-05, ""fee_pct_nav"": 2.8597055379578277e-05, ""name"": ""中国银行""}, {""ts_code"": ""09992.HK"", ""side"": ""buy"", ""current_weight"": 0.0, ""target_weight"": 0.09586621601909073, ""post_trade_weight"": 0.09588939417181708, ""diff_weight"": 0.09586621601909073, ""gross_amount"": 0.23852323717498722, ""gross_amount_pct_nav"": 0.09586621601909073, ""fee"": 7.155697115249615e-05, ""fee_pct_nav"": 2.8759864805727213e-05, ""name"": ""泡泡玛特""}]"
2025-07-14,0.30386414,0.60772827,0.77043733,0.77862277,0.00046472,0.00023113,0.00023359,0.00000000,rebalance,"[{""ts_code"": ""00388.HK"", ""side"": ""buy"", ""current_weight"": 0.0, ""target_weight"": 0.10151124310786587, ""post_trade_weight"": 0.10152975385842239, ""diff_weight"": 0.10151124310786587, ""gross_amount"": 0.25874560047051404, ""gross_amount_pct_nav"": 0.10151124310786587, ""fee"": 7.762368014115421e-05, ""fee_pct_nav"": 3.0453372932359762e-05, ""name"": ""香港交易所""}, {""ts_code"": ""00981.HK"", ""side"": ""buy"", ""current_weight"": 0.0, ""target_weight"": 0.10378649510855942, ""post_trade_weight"": 0.1038054207552491, ""diff_weight"": 0.10378649510855942, ""gross_amount"": 0.26454507082588763, ""gross_amount_pct_nav"": 0.10378649510855942, ""fee"": 7.936352124776628e-05, ""fee_pct_nav"": 3.1135948532567824e-05, ""name"": ""中芯国际""}, {""ts_code"": ""01288.HK"", ""side"": ""sell"", ""current_weight"": 0.10573203202068059, ""target_weight"": 0.0, ""post_trade_weight"": 0.0, ""diff_weight"": -0.10573203202068059, ""gross_amount"": 0.2695041187219855, ""gross_amount_pct_nav"": 0.10573203202068059, ""fee"": 8.085123561659564e-05, ""fee_pct_nav"": 3.171960960620417e-05, ""name"": ""农业银行""}, {""ts_code"": ""01988.HK"", ""side"": ""sell"", ""current_weight"": 0.10238664652055013, ""target_weight"": 0.0, ""post_trade_weight"": 0.0, ""diff_weight"": -0.10238664652055013, ""gross_amount"": 0.26097694721333975, ""gross_amount_pct_nav"": 0.10238664652055013, ""fee"": 7.829308416400192e-05, ""fee_pct_nav"": 3.0715993956165034e-05, ""name"": ""民生银行""}, {""ts_code"": ""02359.HK"", ""side"": ""buy"", ""current_weight"": 0.0, ""target_weight"": 0.09696073910647879, ""post_trade_weight"": 0.09697842006476898, ""diff_weight"": 0.09696073910647879, ""gross_amount"": 0.24714665975976688, ""gross_amount_pct_nav"": 0.09696073910647879, ""fee"": 7.414399792793005e-05, ""fee_pct_nav"": 2.9088221731943634e-05, ""name"": ""药明康德""}, {""ts_code"": ""03692.HK"", ""side"": ""sell"", ""current_weight"": 0.09735111599855996, ""target_weight"": 0.0, ""post_trade_weight"": 0.0, ""diff_weight"": -0.09735111599855996, ""gross_amount"": 0.24814170523708434, ""gross_amount_pct_nav"": 0.09735111599855996, ""fee"": 7.44425115711253e-05, ""fee_pct_nav"": 2.9205334799567985e-05, ""name"": ""翰森制药""}]"
2025-07-21,0.18800873,0.37601746,0.48803029,0.47198135,0.00028800,0.00014641,0.00014159,0.00000000,rebalance,"[{""ts_code"": ""00998.HK"", ""side"": ""sell"", ""current_weight"": 0.09634660144593292, ""target_weight"": 0.0, ""post_trade_weight"": 0.0, ""diff_weight"": -0.09634660144593292, ""gross_amount"": 0.24598288171711943, ""gross_amount_pct_nav"": 0.09634660144593292, ""fee"": 7.379486451513582e-05, ""fee_pct_nav"": 2.8903980433779872e-05, ""name"": ""中信银行""}, {""ts_code"": ""01988.HK"", ""side"": ""buy"", ""current_weight"": 0.0, ""target_weight"": 0.09563910027130851, ""post_trade_weight"": 0.09564989007999504, ""diff_weight"": 0.09563910027130851, ""gross_amount"": 0.24417655772498545, ""gross_amount_pct_nav"": 0.09563910027130851, ""fee"": 7.325296731749563e-05, ""fee_pct_nav"": 2.8691730081392552e-05, ""name"": ""民生银行""}, {""ts_code"": ""06618.HK"", ""side"": ""buy"", ""current_weight"": 0.0, ""target_weight"": 0.09551265785256273, ""post_trade_weight"": 0.09552343339627287, ""diff_weight"": 0.09551265785256273, ""gross_amount"": 0.24385373709542932, ""gross_amount_pct_nav"": 0.09551265785256273, ""fee"": 7.315612112862879e-05, ""fee_pct_nav"": 2.865379735576882e-05, ""name"": ""京东健康""}, {""ts_code"": ""09992.HK"", ""side"": ""sell"", ""current_weight"": 0.08851910291785303, ""target_weight"": 0.0, ""post_trade_weight"": 0.0, ""diff_weight"": -0.08851910291785303, ""gross_amount"": 0.22599846487545117, ""gross_amount_pct_nav"": 0.08851910291785303, ""fee"": 6.779953946263535e-05, ""fee_pct_nav"": 2.655573087535591e-05, ""name"": ""泡泡玛特""}]"
2025-07-28,0.49260779,0.98521558,1.27971221,1.32047679,0.00078006,0.00038391,0.00039614,0.00000000,rebalance,"[{""ts_code"": ""00388.HK"", ""side"": ""sell"", ""current_weight"": 0.10401032319277737, ""target_weight"": 0.0, ""post_trade_weight"": 0.0, ""diff_weight"": -0.10401032319277737, ""gross_amount"": 0.2745048934170184, ""gross_amount_pct_nav"": 0.10401032319277737, ""fee"": 8.235146802510551e-05, ""fee_pct_nav"": 3.120309695783321e-05, ""name"": ""香港交易所""}, {""ts_code"": ""00939.HK"", ""side"": ""sell"", ""current_weight"": 0.10315733343317539, ""target_weight"": 0.0, ""post_trade_weight"": 0.0, ""diff_weight"": -0.10315733343317539, ""gross_amount"": 0.272253675885357, ""gross_amount_pct_nav"": 0.10315733343317539, ""fee"": 8.167610276560708e-05, ""fee_pct_nav"": 3.094720002995261e-05, ""name"": ""建设银行""}, {""ts_code"": ""01336.HK"", ""side"": ""sell"", ""current_weight"": 0.11674321237493321, ""target_weight"": 0.09902445792183504, ""post_trade_weight"": 0.0990537347066976, ""diff_weight"": -0.01771875445309818, ""gross_amount"": 0.04676348129036284, ""gross_amount_pct_nav"": 0.01771875445309818, ""fee"": 1.402904438710885e-05, ""fee_pct_nav"": 5.315626335929454e-06, ""name"": ""新华保险""}, {""ts_code"": ""01801.HK"", ""side"": ""buy"", ""current_weight"": 0.0, ""target_weight"": 0.09513684582303138, ""post_trade_weight"": 0.09516497322737286, ""diff_weight"": 0.09513684582303138, ""gross_amount"": 0.2510859395588922, ""gross_amount_pct_nav"": 0.09513684582303138, ""fee"": 7.532578186766766e-05, ""fee_pct_nav"": 2.8541053746909413e-05, ""name"": ""信达生物""}, {""ts_code"": ""01988.HK"", ""side"": ""sell"", ""current_weight"": 0.08540203430570886, ""target_weight"": 0.0, ""post_trade_weight"": 0.0, ""diff_weight"": -0.08540203430570886, ""gross_amount"": 0.22539374559229422, ""gross_amount_pct_nav"": 0.08540203430570886, ""fee"": 6.761812367768826e-05, ""fee_pct_nav"": 2.562061029171266e-05, ""name"": ""民生银行""}, {""ts_code"": ""02269.HK"", ""side"": ""buy"", ""current_weight"": 0.0, ""target_weight"": 0.09228593028390866, ""post_trade_weight"": 0.09231321480920135, ""diff_weight"": 0.09228593028390866, ""gross_amount"": 0.24356178001217763, ""gross_amount_pct_nav"": 0.09228593028390866, ""fee"": 7.306853400365328e-05, ""fee_pct_nav"": 2.7685779085172596e-05, ""name"": ""药明生物""}, {""ts_code"": ""02388.HK"", ""side"": ""sell"", ""current_weight"": 0.09688048328507441, ""target_weight"": 0.0, ""post_trade_weight"": 0.0, ""diff_weight"": -0.09688048328507441, ""gross_amount"": 0.2556877617721442, ""gross_amount_pct_nav"": 0.09688048328507441, ""fee"": 7.670632853164325e-05, ""fee_pct_nav"": 2.9064144985522318e-05, ""name"": ""中银香港""}, {""ts_code"": ""02628.HK"", ""side"": ""buy"", ""current_weight"": 0.0, ""target_weight"": 0.10537422434988102, ""post_trade_weight"": 0.10540537845626134, ""diff_weight"": 0.10537422434988102, ""gross_amount"": 0.27810451247663964, ""gross_amount_pct_nav"": 0.10537422434988102, ""fee"": 8.343135374299188e-05, ""fee_pct_nav"": 3.1612267304964304e-05, ""name"": ""中国人寿""}, {""ts_code"": ""06618.HK"", ""side"": ""sell"", ""current_weight"": 0.09316174211541733, ""target_weight"": 0.0, ""post_trade_weight"": 0.0, ""diff_weight"": -0.09316174211541733, ""gross_amount"": 0.24587322974218237, ""gross_amount_pct_nav"": 0.09316174211541733, ""fee"": 7.37619689226547e-05, ""fee_pct_nav"": 2.7948522634625197e-05, ""name"": ""京东健康""}, {""ts_code"": ""06881.HK"", ""side"": ""buy"", ""current_weight"": 0.0, ""target_weight"": 0.09526643289299148, ""post_trade_weight"": 0.095294598610017, ""diff_weight"": 0.09526643289299148, ""gross_amount"": 0.25142794681101555, ""gross_amount_pct_nav"": 0.09526643289299148, ""fee"": 7.542838404330465e-05, ""fee_pct_nav"": 2.8579929867897442e-05, ""name"": ""中国银河""}, {""ts_code"": ""09992.HK"", ""side"": ""buy"", ""current_weight"": 0.0, ""target_weight"": 0.09682147773251294, ""post_trade_weight"": 0.09685010320174689, ""diff_weight"": 0.09682147773251294, ""gross_amount"": 0.25553203383649614, ""gross_amount_pct_nav"": 0.09682147773251294, ""fee"": 7.665961015094883e-05, ""fee_pct_nav"": 2.904644331975388e-05, ""name"": ""泡泡玛特""}]"
2025-08-04,0.20754208,0.41508415,0.53938117,0.53057733,0.00032099,0.00016181,0.00015917,0.00000000,rebalance,"[{""ts_code"": ""00981.HK"", ""side"": ""sell"", ""current_weight"": 0.11378641175149638, ""target_weight"": 0.09587423358295027, ""post_trade_weight"": 0.09588617383235386, ""diff_weight"": -0.01791217816854611, ""gross_amount"": 0.0461720527167688, ""gross_amount_pct_nav"": 0.01791217816854611, ""fee"": 1.3851615815030639e-05, ""fee_pct_nav"": 5.373653450563832e-06, ""name"": ""中芯国际""}, {""ts_code"": ""01378.HK"", ""side"": ""buy"", ""current_weight"": 0.0, ""target_weight"": 0.09803913563159755, ""post_trade_weight"": 0.09805134549953605, ""diff_weight"": 0.09803913563159755, ""gross_amount"": 0.2527145552090044, ""gross_amount_pct_nav"": 0.09803913563159755, ""fee"": 7.581436656270131e-05, ""fee_pct_nav"": 2.9411740689479264e-05, ""name"": ""中国宏桥""}, {""ts_code"": ""01801.HK"", ""side"": ""sell"", ""current_weight"": 0.0963699720124736, ""target_weight"": 0.0, ""post_trade_weight"": 0.0, ""diff_weight"": -0.0963699720124736, ""gross_amount"": 0.24841196789159836, ""gross_amount_pct_nav"": 0.0963699720124736, ""fee"": 7.45235903674795e-05, ""fee_pct_nav"": 2.891099160374208e-05, ""name"": ""信达生物""}, {""ts_code"": ""01810.HK"", ""side"": ""buy"", ""current_weight"": 0.09414578212331479, ""target_weight"": 0.10839973829298087, ""post_trade_weight"": 0.10841323847819363, ""diff_weight"": 0.014253956169666087, ""gross_amount"": 0.03674228837473392, ""gross_amount_pct_nav"": 0.014253956169666087, ""fee"": 1.1022686512420176e-05, ""fee_pct_nav"": 4.276186850899826e-06, ""name"": ""小米集团-W""}, {""ts_code"": ""06881.HK"", ""side"": ""sell"", ""current_weight"": 0.0915522274078901, ""target_weight"": 0.0, ""post_trade_weight"": 0.0, ""diff_weight"": -0.0915522274078901, ""gross_amount"": 0.2359933130654995, ""gross_amount_pct_nav"": 0.0915522274078901, ""fee"": 7.079799391964985e-05, ""fee_pct_nav"": 2.746566822236703e-05, ""name"": ""中国银河""}, {""ts_code"": ""09926.HK"", ""side"": ""buy"", ""current_weight"": 0.0, ""target_weight"": 0.09695668460727391, ""post_trade_weight"": 0.09696875966594495, ""diff_weight"": 0.09695668460727391, ""gross_amount"": 0.24992433141332138, ""gross_amount_pct_nav"": 0.09695668460727391, ""fee"": 7.49772994239964e-05, ""fee_pct_nav"": 2.9087005382182172e-05, ""name"": ""康方生物""}]"
2025-08-11,0.29411656,0.58823312,0.74831660,0.76784817,0.00045485,0.00022449,0.00023035,0.00000000,rebalance,"[{""ts_code"": ""00388.HK"", ""side"": ""buy"", ""current_weight"": 0.0, ""target_weight"": 0.09412044334782665, ""post_trade_weight"": 0.09413705570793046, ""diff_weight"": 0.09412044334782665, ""gross_amount"": 0.24259446864997478, ""gross_amount_pct_nav"": 0.09412044334782665, ""fee"": 7.277834059499242e-05, ""fee_pct_nav"": 2.8236133004347992e-05, ""name"": ""香港交易所""}, {""ts_code"": ""00981.HK"", ""side"": ""sell"", ""current_weight"": 0.09066872103677838, ""target_weight"": 0.0, ""post_trade_weight"": 0.0, ""diff_weight"": -0.09066872103677838, ""gross_amount"": 0.23369769011609684, ""gross_amount_pct_nav"": 0.09066872103677838, ""fee"": 7.010930703482904e-05, ""fee_pct_nav"": 2.7200616311033513e-05, ""name"": ""中芯国际""}, {""ts_code"": ""02269.HK"", ""side"": ""sell"", ""current_weight"": 0.08776291424616657, ""target_weight"": 0.0, ""post_trade_weight"": 0.0, ""diff_weight"": -0.08776291424616657, ""gross_amount"": 0.22620800318630999, ""gross_amount_pct_nav"": 0.08776291424616657, ""fee"": 6.7862400955893e-05, ""fee_pct_nav"": 2.632887427384997e-05, ""name"": ""药明生物""}, {""ts_code"": ""02359.HK"", ""side"": ""sell"", ""current_weight"": 0.11022069718622424, ""target_weight"": 0.0932574215407743, ""post_trade_weight"": 0.09327388157659523, ""diff_weight"": -0.016963275645449947, ""gross_amount"": 0.043722667418417044, ""gross_amount_pct_nav"": 0.016963275645449947, ""fee"": 1.3116800225525112e-05, ""fee_pct_nav"": 5.088982693634984e-06, ""name"": ""药明康德""}, {""ts_code"": ""06618.HK"", ""side"": ""buy"", ""current_weight"": 0.0, ""target_weight"": 0.10334813805400228, ""post_trade_weight"": 0.10336637911220752, ""diff_weight"": 0.10334813805400228, ""gross_amount"": 0.26637875625512397, ""gross_amount_pct_nav"": 0.10334813805400228, ""fee"": 7.991362687653719e-05, ""fee_pct_nav"": 3.100444141620068e-05, ""name"": ""京东健康""}, {""ts_code"": ""09863.HK"", ""side"": ""buy"", ""current_weight"": 0.0, ""target_weight"": 0.09285910378367318, ""post_trade_weight"": 0.09287549351597894, ""diff_weight"": 0.09285910378367318, ""gross_amount"": 0.23934337897732855, ""gross_amount_pct_nav"": 0.09285910378367318, ""fee"": 7.180301369319856e-05, ""fee_pct_nav"": 2.785773113510195e-05, ""name"": ""零跑汽车""}, {""ts_code"": ""09926.HK"", ""side"": ""sell"", ""current_weight"": 0.1025105206213506, ""target_weight"": 0.0, ""post_trade_weight"": 0.0, ""diff_weight"": -0.1025105206213506, ""gross_amount"": 0.26421980599120365, ""gross_amount_pct_nav"": 0.1025105206213506, ""fee"": 7.92659417973611e-05, ""fee_pct_nav"": 3.075315618640518e-05, ""name"": ""康方生物""}]"
2025-08-18,0.19242977,0.38485954,0.52506167,0.55416648,0.00032377,0.00015752,0.00016625,0.00000000,rebalance,"[{""ts_code"": ""00388.HK"", ""side"": ""sell"", ""current_weight"": 0.0871516060160066, ""target_weight"": 0.0, ""post_trade_weight"": 0.0, ""diff_weight"": -0.0871516060160066, ""gross_amount"": 0.24439167337592327, ""gross_amount_pct_nav"": 0.0871516060160066, ""fee"": 7.331750201277697e-05, ""fee_pct_nav"": 2.614548180480198e-05, ""name"": ""香港交易所""}, {""ts_code"": ""01776.HK"", ""side"": ""buy"", ""current_weight"": 0.0, ""target_weight"": 0.0908762832991278, ""post_trade_weight"": 0.09088677689196796, ""diff_weight"": 0.0908762832991278, ""gross_amount"": 0.25483646212531347, ""gross_amount_pct_nav"": 0.0908762832991278, ""fee"": 7.645093863759403e-05, ""fee_pct_nav"": 2.7262884989738333e-05, ""name"": ""广发证券""}, {""ts_code"": ""06618.HK"", ""side"": ""sell"", ""current_weight"": 0.12014269021454071, ""target_weight"": 0.10070313428567064, ""post_trade_weight"": 0.10071476259671681, ""diff_weight"": -0.01943955592887008, ""gross_amount"": 0.05451265697007174, ""gross_amount_pct_nav"": 0.01943955592887008, ""fee"": 1.635379709102152e-05, ""fee_pct_nav"": 5.831866778661023e-06, ""name"": ""京东健康""}, {""ts_code"": ""06881.HK"", ""side"": ""buy"", ""current_weight"": 0.0, ""target_weight"": 0.09636400527862575, ""post_trade_weight"": 0.09637513254526928, ""diff_weight"": 0.09636400527862575, ""gross_amount"": 0.2702252038697286, ""gross_amount_pct_nav"": 0.09636400527862575, ""fee"": 8.106756116091857e-05, ""fee_pct_nav"": 2.8909201583587724e-05, ""name"": ""中国银河""}, {""ts_code"": ""09863.HK"", ""side"": ""sell"", ""current_weight"": 0.09102808566843691, ""target_weight"": 0.0, ""post_trade_weight"": 0.0, ""diff_weight"": -0.09102808566843691, ""gross_amount"": 0.25526214831463134, ""gross_amount_pct_nav"": 0.09102808566843691, ""fee"": 7.65786444943894e-05, ""fee_pct_nav"": 2.7308425700531073e-05, ""name"": ""零跑汽车""}]"
2025-08-25,0.28224689,0.56449378,0.80837741,0.80048296,0.00048266,0.00024251,0.00024014,0.00000000,rebalance,"[{""ts_code"": ""00388.HK"", ""side"": ""buy"", ""current_weight"": 0.0, ""target_weight"": 0.09345369961462384, ""post_trade_weight"": 0.09346952850499078, ""diff_weight"": 0.09345369961462384, ""gross_amount"": 0.26635183216114783, ""gross_amount_pct_nav"": 0.09345369961462384, ""fee"": 7.990554964834434e-05, ""fee_pct_nav"": 2.803610988438715e-05, ""name"": ""香港交易所""}, {""ts_code"": ""00981.HK"", ""side"": ""buy"", ""current_weight"": 0.0, ""target_weight"": 0.09757240888071855, ""post_trade_weight"": 0.09758893538495948, ""diff_weight"": 0.09757240888071855, ""gross_amount"": 0.27809054088736457, ""gross_amount_pct_nav"": 0.09757240888071855, ""fee"": 8.342716226620937e-05, ""fee_pct_nav"": 2.9271722664215566e-05, ""name"": ""中芯国际""}, {""ts_code"": ""01776.HK"", ""side"": ""sell"", ""current_weight"": 0.09121203267315366, ""target_weight"": 0.0, ""post_trade_weight"": 0.0, ""diff_weight"": -0.09121203267315366, ""gross_amount"": 0.2599628705746316, ""gross_amount_pct_nav"": 0.09121203267315366, ""fee"": 7.798886117238946e-05, ""fee_pct_nav"": 2.7363609801946093e-05, ""name"": ""广发证券""}, {""ts_code"": ""06618.HK"", ""side"": ""sell"", ""current_weight"": 0.09676910168238852, ""target_weight"": 0.0, ""post_trade_weight"": 0.0, ""diff_weight"": -0.09676910168238852, ""gross_amount"": 0.2758010398302019, ""gross_amount_pct_nav"": 0.09676910168238852, ""fee"": 8.274031194906056e-05, ""fee_pct_nav"": 2.9030730504716554e-05, ""name"": ""京东健康""}, {""ts_code"": ""06881.HK"", ""side"": ""sell"", ""current_weight"": 0.09288081168146033, ""target_weight"": 0.0, ""post_trade_weight"": 0.0, ""diff_weight"": -0.09288081168146033, ""gross_amount"": 0.2647190476780257, ""gross_amount_pct_nav"": 0.09288081168146033, ""fee"": 7.94157143034077e-05, ""fee_pct_nav"": 2.7864243504438096e-05, ""name"": ""中国银河""}, {""ts_code"": ""09926.HK"", ""side"": ""buy"", ""current_weight"": 0.0, ""target_weight"": 0.09260573005983967, ""post_trade_weight"": 0.09262141532382079, ""diff_weight"": 0.09260573005983967, ""gross_amount"": 0.2639350391881033, ""gross_amount_pct_nav"": 0.09260573005983967, ""fee"": 7.918051175643098e-05, ""fee_pct_nav"": 2.77817190179519e-05, ""name"": ""康方生物""}]"
2025-09-01,0.29471763,0.58943525,0.86815542,0.81355368,0.00050451,0.00026045,0.00024407,0.00000000,rebalance,"[{""ts_code"": ""00388.HK"", ""side"": ""sell"", ""current_weight"": 0.09158132922110739, ""target_weight"": 0.0, ""post_trade_weight"": 0.0, ""diff_weight"": -0.09158132922110739, ""gross_amount"": 0.26128935098579803, ""gross_amount_pct_nav"": 0.09158132922110739, ""fee"": 7.83868052957394e-05, ""fee_pct_nav"": 2.7474398766332212e-05, ""name"": ""香港交易所""}, {""ts_code"": ""00981.HK"", ""side"": ""sell"", ""current_weight"": 0.10733516268258456, ""target_weight"": 0.0, ""post_trade_weight"": 0.0, ""diff_weight"": -0.10733516268258456, ""gross_amount"": 0.3062363828283868, ""gross_amount_pct_nav"": 0.10733516268258456, ""fee"": 9.187091484851602e-05, ""fee_pct_nav"": 3.2200548804775364e-05, ""name"": ""中芯国际""}, {""ts_code"": ""01336.HK"", ""side"": ""buy"", ""current_weight"": 0.08822792847923186, ""target_weight"": 0.10352800713097099, ""post_trade_weight"": 0.10354631728589538, ""diff_weight"": 0.015300078651739133, ""gross_amount"": 0.04365243063127755, ""gross_amount_pct_nav"": 0.015300078651739133, ""fee"": 1.3095729189383263e-05, ""fee_pct_nav"": 4.5900235955217395e-06, ""name"": ""新华保险""}, {""ts_code"": ""01776.HK"", ""side"": ""buy"", ""current_weight"": 0.0, ""target_weight"": 0.09124293971706204, ""post_trade_weight"": 0.09125907711222955, ""diff_weight"": 0.09124293971706204, ""gross_amount"": 0.2603238968408932, ""gross_amount_pct_nav"": 0.09124293971706204, ""fee"": 7.809716905226795e-05, ""fee_pct_nav"": 2.7372881915118612e-05, ""name"": ""广发证券""}, {""ts_code"": ""02269.HK"", ""side"": ""buy"", ""current_weight"": 0.0, ""target_weight"": 0.09883371307850171, ""post_trade_weight"": 0.09885119299189297, ""diff_weight"": 0.09883371307850171, ""gross_amount"": 0.2819810213002063, ""gross_amount_pct_nav"": 0.09883371307850171, ""fee"": 8.459430639006188e-05, ""fee_pct_nav"": 2.9650113923550507e-05, ""name"": ""药明生物""}, {""ts_code"": ""02359.HK"", ""side"": ""buy"", ""current_weight"": 0.09596103536994181, ""target_weight"": 0.10842205837716233, ""post_trade_weight"": 0.10844123410304678, ""diff_weight"": 0.012461023007220516, ""gross_amount"": 0.03555236249426841, ""gross_amount_pct_nav"": 0.012461023007220516, ""fee"": 1.0665708748280522e-05, ""fee_pct_nav"": 3.7383069021661545e-06, ""name"": ""药明康德""}, {""ts_code"": ""09863.HK"", ""side"": ""buy"", ""current_weight"": 0.0, ""target_weight"": 0.08644876706773176, ""post_trade_weight"": 0.08646405655665267, ""diff_weight"": 0.08644876706773176, ""gross_amount"": 0.2466457129718534, ""gross_amount_pct_nav"": 0.08644876706773176, ""fee"": 7.399371389155601e-05, ""fee_pct_nav"": 2.593463012031953e-05, ""name"": ""零跑汽车""}, {""ts_code"": ""09926.HK"", ""side"": ""sell"", ""current_weight"": 0.08623223978000555, ""target_weight"": 0.0, ""post_trade_weight"": 0.0, ""diff_weight"": -0.08623223978000555, ""gross_amount"": 0.24602794213404316, ""gross_amount_pct_nav"": 0.08623223978000555, ""fee"": 7.380838264021294e-05, ""fee_pct_nav"": 2.5869671934001663e-05, ""name"": ""康方生物""}]"
2025-09-08,0.29585257,0.59170513,0.83598414,0.82399948,0.00049800,0.00025080,0.00024720,0.00000000,rebalance,"[{""ts_code"": ""01177.HK"", ""side"": ""buy"", ""current_weight"": 0.0, ""target_weight"": 0.10160928215191803, ""post_trade_weight"": 0.10162732217434169, ""diff_weight"": 0.10160928215191803, ""gross_amount"": 0.28505709181294575, ""gross_amount_pct_nav"": 0.10160928215191803, ""fee"": 8.551712754388371e-05, ""fee_pct_nav"": 3.0482784645575405e-05, ""name"": ""中国生物制药""}, {""ts_code"": ""01776.HK"", ""side"": ""sell"", ""current_weight"": 0.08933027293451058, ""target_weight"": 0.0, ""post_trade_weight"": 0.0, ""diff_weight"": -0.08933027293451058, ""gross_amount"": 0.2506092679160573, ""gross_amount_pct_nav"": 0.08933027293451058, ""fee"": 7.518278037481719e-05, ""fee_pct_nav"": 2.6799081880353174e-05, ""name"": ""广发证券""}, {""ts_code"": ""01810.HK"", ""side"": ""sell"", ""current_weight"": 0.09996544826131717, ""target_weight"": 0.0, ""post_trade_weight"": 0.0, ""diff_weight"": -0.09996544826131717, ""gross_amount"": 0.2804454412003802, ""gross_amount_pct_nav"": 0.09996544826131717, ""fee"": 8.413363236011405e-05, ""fee_pct_nav"": 2.998963447839515e-05, ""name"": ""小米集团-W""}, {""ts_code"": ""01929.HK"", ""side"": ""buy"", ""current_weight"": 0.0, ""target_weight"": 0.10103334115868719, ""post_trade_weight"": 0.1010512789267871, ""diff_weight"": 0.10103334115868719, ""gross_amount"": 0.2834413332807599, ""gross_amount_pct_nav"": 0.10103334115868719, ""fee"": 8.503239998422796e-05, ""fee_pct_nav"": 3.0310002347606155e-05, ""name"": ""周大福""}, {""ts_code"": ""02359.HK"", ""side"": ""sell"", ""current_weight"": 0.11235328153687388, ""target_weight"": 0.09584987221960962, ""post_trade_weight"": 0.09586688969879584, ""diff_weight"": -0.01650340931726425, ""gross_amount"": 0.046299056201817845, ""gross_amount_pct_nav"": 0.01650340931726425, ""fee"": 1.3889716860545353e-05, ""fee_pct_nav"": 4.951022795179275e-06, ""name"": ""药明康德""}, {""ts_code"": ""06618.HK"", ""side"": ""buy"", ""current_weight"": 0.0, ""target_weight"": 0.09534592385053263, ""post_trade_weight"": 0.09536285185718557, ""diff_weight"": 0.09534592385053263, ""gross_amount"": 0.2674857177754244, ""gross_amount_pct_nav"": 0.09534592385053263, ""fee"": 8.024571533262731e-05, ""fee_pct_nav"": 2.8603777155159786e-05, ""name"": ""京东健康""}, {""ts_code"": ""09863.HK"", ""side"": ""sell"", ""current_weight"": 0.08791745429495708, ""target_weight"": 0.0, ""post_trade_weight"": 0.0, ""diff_weight"": -0.08791745429495708, ""gross_amount"": 0.2466457129718534, ""gross_amount_pct_nav"": 0.08791745429495708, ""fee"": 7.399371389155601e-05, ""fee_pct_nav"": 2.6375236288487123e-05, ""name"": ""零跑汽车""}]"
2025-09-15,0.19304951,0.38609901,0.53055073,0.56046825,0.00032731,0.00015917,0.00016814,0.00000000,rebalance,"[{""ts_code"": ""01776.HK"", ""side"": ""buy"", ""current_weight"": 0.0, ""target_weight"": 0.09367465365779186, ""post_trade_weight"": 0.09368550522212261, ""diff_weight"": 0.09367465365779186, ""gross_amount"": 0.2647010780850095, ""gross_amount_pct_nav"": 0.09367465365779186, ""fee"": 7.941032342550284e-05, ""fee_pct_nav"": 2.8102396097337556e-05, ""name"": ""广发证券""}, {""ts_code"": ""02269.HK"", ""side"": ""sell"", ""current_weight"": 0.10772197997579866, ""target_weight"": 0.0, ""post_trade_weight"": 0.0, ""diff_weight"": -0.10772197997579866, ""gross_amount"": 0.3043952992579215, ""gross_amount_pct_nav"": 0.10772197997579866, ""fee"": 9.131858977737645e-05, ""fee_pct_nav"": 3.23165939927396e-05, ""name"": ""药明生物""}, {""ts_code"": ""02359.HK"", ""side"": ""sell"", ""current_weight"": 0.09062126029650049, ""target_weight"": 0.0, ""post_trade_weight"": 0.0, ""diff_weight"": -0.09062126029650049, ""gross_amount"": 0.256072954222347, ""gross_amount_pct_nav"": 0.09062126029650049, ""fee"": 7.68218862667041e-05, ""fee_pct_nav"": 2.7186378088950146e-05, ""name"": ""药明康德""}, {""ts_code"": ""02899.HK"", ""side"": ""buy"", ""current_weight"": 0.0, ""target_weight"": 0.09408111911091312, ""post_trade_weight"": 0.09409201776147094, ""diff_weight"": 0.09408111911091312, ""gross_amount"": 0.2658496475159524, ""gross_amount_pct_nav"": 0.09408111911091312, ""fee"": 7.975489425478572e-05, ""fee_pct_nav"": 2.822433573327393e-05, ""name"": ""紫金矿业""}]"
2025-09-22,0.19224725,0.38449449,0.53109506,0.52533377,0.00031693,0.00015933,0.00015760,0.00000000,rebalance,"[{""ts_code"": ""02269.HK"", ""side"": ""buy"", ""current_weight"": 0.0, ""target_weight"": 0.09551924781412365, ""post_trade_weight"": 0.0955302670726201, ""diff_weight"": 0.09551924781412365, ""gross_amount"": 0.26244663737285845, ""gross_amount_pct_nav"": 0.09551924781412365, ""fee"": 7.873399121185753e-05, ""fee_pct_nav"": 2.865577434423709e-05, ""name"": ""药明生物""}, {""ts_code"": ""02628.HK"", ""side"": ""sell"", ""current_weight"": 0.09444102080232036, ""target_weight"": 0.0, ""post_trade_weight"": 0.0, ""diff_weight"": -0.09444102080232036, ""gross_amount"": 0.2594841239522857, ""gross_amount_pct_nav"": 0.09444102080232036, ""fee"": 7.784523718568571e-05, ""fee_pct_nav"": 2.8332306240696107e-05, ""name"": ""中国人寿""}, {""ts_code"": ""02899.HK"", ""side"": ""sell"", ""current_weight"": 0.09675779661941988, ""target_weight"": 0.0, ""post_trade_weight"": 0.0, ""diff_weight"": -0.09675779661941988, ""gross_amount"": 0.2658496475159524, ""gross_amount_pct_nav"": 0.09675779661941988, ""fee"": 7.975489425478572e-05, ""fee_pct_nav"": 2.9027338985825963e-05, ""name"": ""紫金矿业""}, {""ts_code"": ""09633.HK"", ""side"": ""buy"", ""current_weight"": 0.0, ""target_weight"": 0.09777642829446227, ""post_trade_weight"": 0.09778770794503422, ""diff_weight"": 0.09777642829446227, ""gross_amount"": 0.26864841806695783, ""gross_amount_pct_nav"": 0.09777642829446227, ""fee"": 8.059452542008734e-05, ""fee_pct_nav"": 2.9332928488338677e-05, ""name"": ""农夫山泉""}]"
2025-09-29,0.18993905,0.37987811,0.52301189,0.52339917,0.00031392,0.00015690,0.00015702,0.00000000,rebalance,"[{""ts_code"": ""01177.HK"", ""side"": ""sell"", ""current_weight"": 0.09257293662293112, ""target_weight"": 0.0, ""post_trade_weight"": 0.0, ""diff_weight"": -0.09257293662293112, ""gross_amount"": 0.2550011276373299, ""gross_amount_pct_nav"": 0.09257293662293112, ""fee"": 7.650033829119897e-05, ""fee_pct_nav"": 2.7771880986879333e-05, ""name"": ""中国生物制药""}, {""ts_code"": ""01347.HK"", ""side"": ""buy"", ""current_weight"": 0.0, ""target_weight"": 0.09687153740635161, ""post_trade_weight"": 0.0968825784774627, ""diff_weight"": 0.09687153740635161, ""gross_amount"": 0.26684204018717994, ""gross_amount_pct_nav"": 0.09687153740635161, ""fee"": 8.005261205615398e-05, ""fee_pct_nav"": 2.9061461221905484e-05, ""name"": ""华虹半导体""}, {""ts_code"": ""02899.HK"", ""side"": ""buy"", ""current_weight"": 0.0, ""target_weight"": 0.09299721777298332, ""post_trade_weight"": 0.09300781726300957, ""diff_weight"": 0.09299721777298332, ""gross_amount"": 0.25616985119353797, ""gross_amount_pct_nav"": 0.09299721777298332, ""fee"": 7.685095535806139e-05, ""fee_pct_nav"": 2.7899165331894996e-05, ""name"": ""紫金矿业""}, {""ts_code"": ""09633.HK"", ""side"": ""sell"", ""current_weight"": 0.09743641372157924, ""target_weight"": 0.0, ""post_trade_weight"": 0.0, ""diff_weight"": -0.09743641372157924, ""gross_amount"": 0.26839804675468665, ""gross_amount_pct_nav"": 0.09743641372157924, ""fee"": 8.051941402640599e-05, ""fee_pct_nav"": 2.923092411647377e-05, ""name"": ""农夫山泉""}]"
2025-10-06,0.50168109,1.00336218,1.41974170,1.43892632,0.00085760,0.00042592,0.00043168,0.00000000,rebalance,"[{""ts_code"": ""00005.HK"", ""side"": ""buy"", ""current_weight"": 0.0, ""target_weight"": 0.10082638264653683, ""post_trade_weight"": 0.10085674139839089, ""diff_weight"": 0.10082638264653683, ""gross_amount"": 0.2872633263379218, ""gross_amount_pct_nav"": 0.10082638264653683, ""fee"": 8.617899790137652e-05, ""fee_pct_nav"": 3.0247914793961045e-05, ""name"": ""汇丰控股""}, {""ts_code"": ""00981.HK"", ""side"": ""buy"", ""current_weight"": 0.0, ""target_weight"": 0.11133042571598867, ""post_trade_weight"": 0.1113639472277141, ""diff_weight"": 0.11133042571598867, ""gross_amount"": 0.31719027871809, ""gross_amount_pct_nav"": 0.11133042571598867, ""fee"": 9.5157083615427e-05, ""fee_pct_nav"": 3.3399127714796593e-05, ""name"": ""中芯国际""}, {""ts_code"": ""01177.HK"", ""side"": ""buy"", ""current_weight"": 0.0, ""target_weight"": 0.09710956740657699, ""post_trade_weight"": 0.09713880702801503, ""diff_weight"": 0.09710956740657699, ""gross_amount"": 0.2766737893418624, ""gross_amount_pct_nav"": 0.09710956740657699, ""fee"": 8.30021368025587e-05, ""fee_pct_nav"": 2.9132870221973093e-05, ""name"": ""中国生物制药""}, {""ts_code"": ""01336.HK"", ""side"": ""sell"", ""current_weight"": 0.1008700655089944, ""target_weight"": 0.0, ""post_trade_weight"": 0.0, ""diff_weight"": -0.1008700655089944, ""gross_amount"": 0.2873877826959121, ""gross_amount_pct_nav"": 0.1008700655089944, ""fee"": 8.621633480877362e-05, ""fee_pct_nav"": 3.0261019652698316e-05, ""name"": ""新华保险""}, {""ts_code"": ""01347.HK"", ""side"": ""sell"", ""current_weight"": 0.11885955036750513, ""target_weight"": 0.10034158065871598, ""post_trade_weight"": 0.10037179343703752, ""diff_weight"": -0.01851796970878915, ""gross_amount"": 0.05275934171138652, ""gross_amount_pct_nav"": 0.01851796970878915, ""fee"": 1.5827802513415956e-05, ""fee_pct_nav"": 5.5553909126367454e-06, ""name"": ""华虹半导体""}, {""ts_code"": ""01776.HK"", ""side"": ""sell"", ""current_weight"": 0.0999404859977486, ""target_weight"": 0.0, ""post_trade_weight"": 0.0, ""diff_weight"": -0.0999404859977486, ""gross_amount"": 0.2847393280406243, ""gross_amount_pct_nav"": 0.0999404859977486, ""fee"": 8.542179841218728e-05, ""fee_pct_nav"": 2.9982145799324577e-05, ""name"": ""广发证券""}, {""ts_code"": ""01929.HK"", ""side"": ""sell"", ""current_weight"": 0.09277459759790029, ""target_weight"": 0.0, ""post_trade_weight"": 0.0, ""diff_weight"": -0.09277459759790029, ""gross_amount"": 0.26432307503348085, ""gross_amount_pct_nav"": 0.09277459759790029, ""fee"": 7.929692251004425e-05, ""fee_pct_nav"": 2.7832379279370084e-05, ""name"": ""周大福""}, {""ts_code"": ""02269.HK"", ""side"": ""sell"", ""current_weight"": 0.09652872980247999, ""target_weight"": 0.0, ""post_trade_weight"": 0.0, ""diff_weight"": -0.09652872980247999, ""gross_amount"": 0.2750189313787439, ""gross_amount_pct_nav"": 0.09652872980247999, ""fee"": 8.250567941362316e-05, ""fee_pct_nav"": 2.8958618940743997e-05, ""name"": ""药明生物""}, {""ts_code"": ""02611.HK"", ""side"": ""buy"", ""current_weight"": 0.0, ""target_weight"": 0.09517035945529356, ""post_trade_weight"": 0.0951990151826015, ""diff_weight"": 0.09517035945529356, ""gross_amount"": 0.27114881351783127, ""gross_amount_pct_nav"": 0.09517035945529356, ""fee"": 8.134464405534938e-05, ""fee_pct_nav"": 2.8551107836588066e-05, ""name"": ""国泰海通""}, {""ts_code"": ""06618.HK"", ""side"": ""sell"", ""current_weight"": 0.09641603800329045, ""target_weight"": 0.0, ""post_trade_weight"": 0.0, ""diff_weight"": -0.09641603800329045, ""gross_amount"": 0.2746978624259909, ""gross_amount_pct_nav"": 0.09641603800329045, ""fee"": 8.240935872779727e-05, ""fee_pct_nav"": 2.892481140098713e-05, ""name"": ""京东健康""}, {""ts_code"": ""09995.HK"", ""side"": ""buy"", ""current_weight"": 0.0, ""target_weight"": 0.09387755415443796, ""post_trade_weight"": 0.0939058206189925, ""diff_weight"": 0.09387755415443796, ""gross_amount"": 0.2674654963018106, ""gross_amount_pct_nav"": 0.09387755415443796, ""fee"": 8.023964889054317e-05, ""fee_pct_nav"": 2.8163266246331386e-05, ""name"": ""荣昌生物""}]"
2025-10-13,0.18509107,0.37018214,0.49426047,0.50086043,0.00029854,0.00014828,0.00015026,0.00000000,rebalance,"[{""ts_code"": ""00005.HK"", ""side"": ""sell"", ""current_weight"": 0.09886341705354385, ""target_weight"": 0.0, ""post_trade_weight"": 0.0, ""diff_weight"": -0.09886341705354385, ""gross_amount"": 0.2657639069636679, ""gross_amount_pct_nav"": 0.09886341705354385, ""fee"": 7.972917208910037e-05, ""fee_pct_nav"": 2.965902511606315e-05, ""name"": ""汇丰控股""}, {""ts_code"": ""01378.HK"", ""side"": ""sell"", ""current_weight"": 0.11834191753141712, ""target_weight"": 0.10482695007083696, ""post_trade_weight"": 0.10483859288332129, ""diff_weight"": -0.01351496746058015, ""gross_amount"": 0.03633083563018391, ""gross_amount_pct_nav"": 0.01351496746058015, ""fee"": 1.0899250689055172e-05, ""fee_pct_nav"": 4.054490238174044e-06, ""name"": ""中国宏桥""}, {""ts_code"": ""01776.HK"", ""side"": ""buy"", ""current_weight"": 0.0, ""target_weight"": 0.09202586927754786, ""post_trade_weight"": 0.09203609031268224, ""diff_weight"": 0.09202586927754786, ""gross_amount"": 0.24738326157271143, ""gross_amount_pct_nav"": 0.09202586927754786, ""fee"": 7.421497847181342e-05, ""fee_pct_nav"": 2.7607760783264357e-05, ""name"": ""广发证券""}, {""ts_code"": ""09633.HK"", ""side"": ""buy"", ""current_weight"": 0.0, ""target_weight"": 0.09183761808941127, ""post_trade_weight"": 0.09184781821605521, ""diff_weight"": 0.09183761808941127, ""gross_amount"": 0.24687720612024172, ""gross_amount_pct_nav"": 0.09183761808941127, ""fee"": 7.406316183607251e-05, ""fee_pct_nav"": 2.755128542682338e-05, ""name"": ""农夫山泉""}, {""ts_code"": ""09995.HK"", ""side"": ""sell"", ""current_weight"": 0.0739402707857806, ""target_weight"": 0.0, ""post_trade_weight"": 0.0, ""diff_weight"": -0.0739402707857806, ""gross_amount"": 0.19876568938880526, ""gross_amount_pct_nav"": 0.0739402707857806, ""fee"": 5.9629706816641574e-05, ""fee_pct_nav"": 2.218208123573418e-05, ""name"": ""荣昌生物""}]"
2025-10-20,0.29830577,0.59661153,0.79252067,0.76103707,0.00046607,0.00023776,0.00022831,0.00000000,rebalance,"[{""ts_code"": ""00981.HK"", ""side"": ""sell"", ""current_weight"": 0.09605690909716302, ""target_weight"": 0.0, ""post_trade_weight"": 0.0, ""diff_weight"": -0.09605690909716302, ""gross_amount"": 0.2501291818996031, ""gross_amount_pct_nav"": 0.09605690909716302, ""fee"": 7.503875456988093e-05, ""fee_pct_nav"": 2.8817072729148904e-05, ""name"": ""中芯国际""}, {""ts_code"": ""01288.HK"", ""side"": ""buy"", ""current_weight"": 0.0, ""target_weight"": 0.10115071464110409, ""post_trade_weight"": 0.10116882218687322, ""diff_weight"": 0.10115071464110409, ""gross_amount"": 0.26339329195099837, ""gross_amount_pct_nav"": 0.10115071464110409, ""fee"": 7.90179875852995e-05, ""fee_pct_nav"": 3.0345214392331225e-05, ""name"": ""农业银行""}, {""ts_code"": ""01336.HK"", ""side"": ""buy"", ""current_weight"": 0.0, ""target_weight"": 0.09845391544025428, ""post_trade_weight"": 0.09847154021716574, ""diff_weight"": 0.09845391544025428, ""gross_amount"": 0.25637091132063944, ""gross_amount_pct_nav"": 0.09845391544025428, ""fee"": 7.691127339619183e-05, ""fee_pct_nav"": 2.9536174632076283e-05, ""name"": ""新华保险""}, {""ts_code"": ""01339.HK"", ""side"": ""sell"", ""current_weight"": 0.1170636822581615, ""target_weight"": 0.10402730045534385, ""post_trade_weight"": 0.10404592295456115, ""diff_weight"": -0.013036381802817652, ""gross_amount"": 0.03394632979467749, ""gross_amount_pct_nav"": 0.013036381802817652, ""fee"": 1.0183898938403245e-05, ""fee_pct_nav"": 3.910914540845295e-06, ""name"": ""中国人民保险集团""}, {""ts_code"": ""01347.HK"", ""side"": ""sell"", ""current_weight"": 0.09346898910497546, ""target_weight"": 0.0, ""post_trade_weight"": 0.0, ""diff_weight"": -0.09346898910497546, ""gross_amount"": 0.24339031931749844, ""gross_amount_pct_nav"": 0.09346898910497546, ""fee"": 7.301709579524952e-05, ""fee_pct_nav"": 2.8040696731492635e-05, ""name"": ""华虹半导体""}, {""ts_code"": ""01776.HK"", ""side"": ""sell"", ""current_weight"": 0.0896981740320482, ""target_weight"": 0.0, ""post_trade_weight"": 0.0, ""diff_weight"": -0.0896981740320482, ""gross_amount"": 0.23357123500434468, ""gross_amount_pct_nav"": 0.0896981740320482, ""fee"": 7.00713705013034e-05, ""fee_pct_nav"": 2.6909452209614457e-05, ""name"": ""广发证券""}, {""ts_code"": ""01929.HK"", ""side"": ""buy"", ""current_weight"": 0.0, ""target_weight"": 0.10474644690890378, ""post_trade_weight"": 0.10476519814648313, ""diff_weight"": 0.10474644690890378, ""gross_amount"": 0.27275646612481014, ""gross_amount_pct_nav"": 0.10474644690890378, ""fee"": 8.182693983744303e-05, ""fee_pct_nav"": 3.142393407267113e-05, ""name"": ""周大福""}]"
2025-10-27,0.28713566,0.57427131,0.77041920,0.74437179,0.00045444,0.00023113,0.00022331,0.00000000,rebalance,"[{""ts_code"": ""00981.HK"", ""side"": ""buy"", ""current_weight"": 0.0, ""target_weight"": 0.09044097273600009, ""post_trade_weight"": 0.09045655671761865, ""diff_weight"": 0.09044097273600009, ""gross_amount"": 0.23856175366092966, ""gross_amount_pct_nav"": 0.09044097273600009, ""fee"": 7.156852609827889e-05, ""fee_pct_nav"": 2.713229182080002e-05, ""name"": ""中芯国际""}, {""ts_code"": ""01177.HK"", ""side"": ""sell"", ""current_weight"": 0.0895984645461617, ""target_weight"": 0.0, ""post_trade_weight"": 0.0, ""diff_weight"": -0.0895984645461617, ""gross_amount"": 0.236339417642627, ""gross_amount_pct_nav"": 0.0895984645461617, ""fee"": 7.090182529278809e-05, ""fee_pct_nav"": 2.6879539363848507e-05, ""name"": ""中国生物制药""}, {""ts_code"": ""01929.HK"", ""side"": ""sell"", ""current_weight"": 0.10113326538500136, ""target_weight"": 0.0, ""post_trade_weight"": 0.0, ""diff_weight"": -0.10113326538500136, ""gross_amount"": 0.26676547602078743, ""gross_amount_pct_nav"": 0.10113326538500136, ""fee"": 8.002964280623622e-05, ""fee_pct_nav"": 3.0339979615500408e-05, ""name"": ""周大福""}, {""ts_code"": ""02328.HK"", ""side"": ""buy"", ""current_weight"": 0.0, ""target_weight"": 0.09861032130164762, ""post_trade_weight"": 0.09862731295253413, ""diff_weight"": 0.09861032130164762, ""gross_amount"": 0.2601105501978395, ""gross_amount_pct_nav"": 0.09861032130164762, ""fee"": 7.803316505935185e-05, ""fee_pct_nav"": 2.9583096390494285e-05, ""name"": ""中国财险""}, {""ts_code"": ""02628.HK"", ""side"": ""buy"", ""current_weight"": 0.0, ""target_weight"": 0.10302176952709734, ""post_trade_weight"": 0.10303952131938852, ""diff_weight"": 0.10302176952709734, ""gross_amount"": 0.27174690032777093, ""gross_amount_pct_nav"": 0.10302176952709734, ""fee"": 8.152407009833127e-05, ""fee_pct_nav"": 3.0906530858129196e-05, ""name"": ""中国人寿""}, {""ts_code"": ""09992.HK"", ""side"": ""sell"", ""current_weight"": 0.09146651728814532, ""target_weight"": 0.0, ""post_trade_weight"": 0.0, ""diff_weight"": -0.09146651728814532, ""gross_amount"": 0.24126689602523546, ""gross_amount_pct_nav"": 0.09146651728814532, ""fee"": 7.238006880757064e-05, ""fee_pct_nav"": 2.7439955186443595e-05, ""name"": ""泡泡玛特""}]"
2025-11-03,0.42626411,0.85252821,1.07763515,1.10555207,0.00065496,0.00032329,0.00033167,0.00000000,rebalance,"[{""ts_code"": ""00358.HK"", ""side"": ""buy"", ""current_weight"": 0.0, ""target_weight"": 0.08334618400082085, ""post_trade_weight"": 0.08336750594603448, ""diff_weight"": 0.08334618400082085, ""gross_amount"": 0.21343613214828028, ""gross_amount_pct_nav"": 0.08334618400082085, ""fee"": 6.403083964448408e-05, ""fee_pct_nav"": 2.500385520024625e-05, ""name"": ""江西铜业股份""}, {""ts_code"": ""00981.HK"", ""side"": ""buy"", ""current_weight"": 0.08196299439295147, ""target_weight"": 0.09347235588877105, ""post_trade_weight"": 0.09349626835069288, ""diff_weight"": 0.01150936149581958, ""gross_amount"": 0.029473618145971547, ""gross_amount_pct_nav"": 0.01150936149581958, ""fee"": 8.842085443791463e-06, ""fee_pct_nav"": 3.4528084487458734e-06, ""name"": ""中芯国际""}, {""ts_code"": ""01288.HK"", ""side"": ""sell"", ""current_weight"": 0.10995398640433011, ""target_weight"": 0.0, ""post_trade_weight"": 0.0, ""diff_weight"": -0.10995398640433011, ""gross_amount"": 0.28157442183788145, ""gross_amount_pct_nav"": 0.10995398640433011, ""fee"": 8.447232655136443e-05, ""fee_pct_nav"": 3.2986195921299026e-05, ""name"": ""农业银行""}, {""ts_code"": ""01339.HK"", ""side"": ""sell"", ""current_weight"": 0.10622629709736192, ""target_weight"": 0.08707687890690775, ""post_trade_weight"": 0.08709915525301389, ""diff_weight"": -0.019149418190454168, ""gross_amount"": 0.04903857087710464, ""gross_amount_pct_nav"": 0.019149418190454168, ""fee"": 1.4711571263131392e-05, ""fee_pct_nav"": 5.74482545713625e-06, ""name"": ""中国人民保险集团""}, {""ts_code"": ""01530.HK"", ""side"": ""buy"", ""current_weight"": 0.0, ""target_weight"": 0.10519739702218706, ""post_trade_weight"": 0.10522430902977101, ""diff_weight"": 0.10519739702218706, ""gross_amount"": 0.26939356374446, ""gross_amount_pct_nav"": 0.10519739702218706, ""fee"": 8.081806912333799e-05, ""fee_pct_nav"": 3.155921910665611e-05, ""name"": ""三生制药""}, {""ts_code"": ""02328.HK"", ""side"": ""sell"", ""current_weight"": 0.09800662339107993, ""target_weight"": 0.0, ""post_trade_weight"": 0.0, ""diff_weight"": -0.09800662339107993, ""gross_amount"": 0.2509791524624482, ""gross_amount_pct_nav"": 0.09800662339107993, ""fee"": 7.529374573873445e-05, ""fee_pct_nav"": 2.9401987017323977e-05, ""name"": ""中国财险""}, {""ts_code"": ""02600.HK"", ""side"": ""buy"", ""current_weight"": 0.0, ""target_weight"": 0.07535183777349175, ""post_trade_weight"": 0.07537111457393575, ""diff_weight"": 0.07535183777349175, ""gross_amount"": 0.1929639010765072, ""gross_amount_pct_nav"": 0.07535183777349175, ""fee"": 5.788917032295216e-05, ""fee_pct_nav"": 2.2605551332047522e-05, ""name"": ""中国铝业""}, {""ts_code"": ""02611.HK"", ""side"": ""sell"", ""current_weight"": 0.10118132848304996, ""target_weight"": 0.0, ""post_trade_weight"": 0.0, ""diff_weight"": -0.10118132848304996, ""gross_amount"": 0.25910906007207385, ""gross_amount_pct_nav"": 0.10118132848304996, ""fee"": 7.773271802162215e-05, ""fee_pct_nav"": 3.0354398544914987e-05, ""name"": ""国泰海通""}, {""ts_code"": ""02628.HK"", ""side"": ""sell"", ""current_weight"": 0.1034234863964023, ""target_weight"": 0.0, ""post_trade_weight"": 0.0, ""diff_weight"": -0.1034234863964023, ""gross_amount"": 0.26485086479209397, ""gross_amount_pct_nav"": 0.1034234863964023, ""fee"": 7.945525943762818e-05, ""fee_pct_nav"": 3.1027045918920684e-05, ""name"": ""中国人寿""}, {""ts_code"": ""02899.HK"", ""side"": ""buy"", ""current_weight"": 0.09866495745356292, ""target_weight"": 0.1163894817404478, ""post_trade_weight"": 0.11641925695070925, ""diff_weight"": 0.01772452428688489, ""gross_amount"": 0.045389647448330794, ""gross_amount_pct_nav"": 0.01772452428688489, ""fee"": 1.3616894234499237e-05, ""fee_pct_nav"": 5.317357286065467e-06, ""name"": ""紫金矿业""}, {""ts_code"": ""03993.HK"", ""side"": ""buy"", ""current_weight"": 0.0, ""target_weight"": 0.09933487645547905, ""post_trade_weight"": 0.09936028869023195, ""diff_weight"": 0.09933487645547905, ""gross_amount"": 0.2543805942918264, ""gross_amount_pct_nav"": 0.09933487645547905, ""fee"": 7.631417828754792e-05, ""fee_pct_nav"": 2.9800462936643713e-05, ""name"": ""洛阳钼业""}, {""ts_code"": ""09633.HK"", ""side"": ""buy"", ""current_weight"": 0.09336985864313381, ""target_weight"": 0.12171904589200054, ""post_trade_weight"": 0.1217501845321084, ""diff_weight"": 0.02834918724886673, ""gross_amount"": 0.07259769536522356, ""gross_amount_pct_nav"": 0.02834918724886673, ""fee"": 2.1779308609567066e-05, ""fee_pct_nav"": 8.504756174660018e-06, ""name"": ""农夫山泉""}]"
2025-11-10,0.42412372,0.84824744,1.10582463,1.12218442,0.00066840,0.00033175,0.00033666,0.00000000,rebalance,"[{""ts_code"": ""00005.HK"", ""side"": ""buy"", ""current_weight"": 0.0, ""target_weight"": 0.08790317463376418, ""post_trade_weight"": 0.08792554942041175, ""diff_weight"": 0.08790317463376418, ""gross_amount"": 0.23088671906074512, ""gross_amount_pct_nav"": 0.08790317463376418, ""fee"": 6.926601571822353e-05, ""fee_pct_nav"": 2.637095239012925e-05, ""name"": ""汇丰控股""}, {""ts_code"": ""00358.HK"", ""side"": ""sell"", ""current_weight"": 0.08218337393877354, ""target_weight"": 0.0, ""post_trade_weight"": 0.0, ""diff_weight"": -0.08218337393877354, ""gross_amount"": 0.2158630749017036, ""gross_amount_pct_nav"": 0.08218337393877354, ""fee"": 6.475892247051108e-05, ""fee_pct_nav"": 2.4655012181632063e-05, ""name"": ""江西铜业股份""}, {""ts_code"": ""00857.HK"", ""side"": ""buy"", ""current_weight"": 0.0, ""target_weight"": 0.11618061509091393, ""post_trade_weight"": 0.11621018758913226, ""diff_weight"": 0.11618061509091393, ""gross_amount"": 0.3051603215533574, ""gross_amount_pct_nav"": 0.11618061509091393, ""fee"": 9.154809646600722e-05, ""fee_pct_nav"": 3.485418452727417e-05, ""name"": ""中国石油股份""}, {""ts_code"": ""00981.HK"", ""side"": ""sell"", ""current_weight"": 0.09344629000453925, ""target_weight"": 0.0, ""post_trade_weight"": 0.0, ""diff_weight"": -0.09344629000453925, ""gross_amount"": 0.2454462810636611, ""gross_amount_pct_nav"": 0.09344629000453925, ""fee"": 7.363388431909833e-05, ""fee_pct_nav"": 2.8033887001361775e-05, ""name"": ""中芯国际""}, {""ts_code"": ""01288.HK"", ""side"": ""buy"", ""current_weight"": 0.0, ""target_weight"": 0.09550719223568681, ""post_trade_weight"": 0.09553150254141222, ""diff_weight"": 0.09550719223568681, ""gross_amount"": 0.25085945250413666, ""gross_amount_pct_nav"": 0.09550719223568681, ""fee"": 7.525783575124099e-05, ""fee_pct_nav"": 2.8652157670706037e-05, ""name"": ""农业银行""}, {""ts_code"": ""01378.HK"", ""side"": ""sell"", ""current_weight"": 0.129914138327422, ""target_weight"": 0.11095285298959215, ""post_trade_weight"": 0.11098109481844445, ""diff_weight"": -0.018961285337829828, ""gross_amount"": 0.04980376396035824, ""gross_amount_pct_nav"": 0.018961285337829828, ""fee"": 1.494112918810747e-05, ""fee_pct_nav"": 5.688385601348948e-06, ""name"": ""中国宏桥""}, {""ts_code"": ""01530.HK"", ""side"": ""sell"", ""current_weight"": 0.09359161212276822, ""target_weight"": 0.0, ""post_trade_weight"": 0.0, ""diff_weight"": -0.09359161212276822, ""gross_amount"": 0.24582798453710944, ""gross_amount_pct_nav"": 0.09359161212276822, ""fee"": 7.374839536113283e-05, ""fee_pct_nav"": 2.8077483636830463e-05, ""name"": ""三生制药""}, {""ts_code"": ""02600.HK"", ""side"": ""buy"", ""current_weight"": 0.08028904506013654, ""target_weight"": 0.10311120983760944, ""post_trade_weight"": 0.1031374556624127, ""diff_weight"": 0.02282216477747289, ""gross_amount"": 0.05994476046272884, ""gross_amount_pct_nav"": 0.02282216477747289, ""fee"": 1.7983428138818652e-05, ""fee_pct_nav"": 6.846649433241867e-06, ""name"": ""中国铝业""}, {""ts_code"": ""02628.HK"", ""side"": ""buy"", ""current_weight"": 0.0, ""target_weight"": 0.09859632438646788, ""post_trade_weight"": 0.09862142099681868, ""diff_weight"": 0.09859632438646788, ""gross_amount"": 0.2589733754655145, ""gross_amount_pct_nav"": 0.09859632438646788, ""fee"": 7.769201263965435e-05, ""fee_pct_nav"": 2.9578897315940363e-05, ""name"": ""中国人寿""}, {""ts_code"": ""02899.HK"", ""side"": ""sell"", ""current_weight"": 0.11869837313203488, ""target_weight"": 0.09669531998598722, ""post_trade_weight"": 0.09671993271656855, ""diff_weight"": -0.022003053146047658, ""gross_amount"": 0.0577932796099358, ""gross_amount_pct_nav"": 0.022003053146047658, ""fee"": 1.7337983882980737e-05, ""fee_pct_nav"": 6.600915943814296e-06, ""name"": ""紫金矿业""}, {""ts_code"": ""03993.HK"", ""side"": ""sell"", ""current_weight"": 0.0988120979643632, ""target_weight"": 0.0, ""post_trade_weight"": 0.0, ""diff_weight"": -0.0988120979643632, ""gross_amount"": 0.2595401269357295, ""gross_amount_pct_nav"": 0.0988120979643632, ""fee"": 7.786203808071883e-05, ""fee_pct_nav"": 2.9643629389308954e-05, ""name"": ""洛阳钼业""}, {""ts_code"": ""09633.HK"", ""side"": ""sell"", ""current_weight"": 0.12230196785416465, ""target_weight"": 0.10406171203784975, ""post_trade_weight"": 0.10408819980253775, ""diff_weight"": -0.018240255816314895, ""gross_amount"": 0.04790990584588034, ""gross_amount_pct_nav"": 0.018240255816314895, ""fee"": 1.4372971753764101e-05, ""fee_pct_nav"": 5.472076744894468e-06, ""name"": ""农夫山泉""}]"
2025-11-17,0.19940620,0.39881240,0.52954357,0.52012674,0.00031490,0.00015886,0.00015604,0.00000000,rebalance,"[{""ts_code"": ""02600.HK"", ""side"": ""sell"", ""current_weight"": 0.10420268665760615, ""target_weight"": 0.0, ""post_trade_weight"": 0.0, ""diff_weight"": -0.10420268665760615, ""gross_amount"": 0.2742604414658513, ""gross_amount_pct_nav"": 0.10420268665760615, ""fee"": 8.227813243975538e-05, ""fee_pct_nav"": 3.1260805997281845e-05, ""name"": ""中国铝业""}, {""ts_code"": ""02899.HK"", ""side"": ""sell"", ""current_weight"": 0.09341459775205459, ""target_weight"": 0.0, ""post_trade_weight"": 0.0, ""diff_weight"": -0.09341459775205459, ""gross_amount"": 0.24586629808323962, ""gross_amount_pct_nav"": 0.09341459775205459, ""fee"": 7.375988942497187e-05, ""fee_pct_nav"": 2.802437932561637e-05, ""name"": ""紫金矿业""}, {""ts_code"": ""03993.HK"", ""side"": ""buy"", ""current_weight"": 0.0, ""target_weight"": 0.09224481933608634, ""post_trade_weight"": 0.09225585717014882, ""diff_weight"": 0.09224481933608634, ""gross_amount"": 0.24278745285312717, ""gross_amount_pct_nav"": 0.09224481933608634, ""fee"": 7.283623585593814e-05, ""fee_pct_nav"": 2.76734458008259e-05, ""name"": ""洛阳钼业""}, {""ts_code"": ""06618.HK"", ""side"": ""buy"", ""current_weight"": 0.0, ""target_weight"": 0.10895030054868331, ""post_trade_weight"": 0.1089633373278452, ""diff_weight"": 0.10895030054868331, ""gross_amount"": 0.2867561143073268, ""gross_amount_pct_nav"": 0.10895030054868331, ""fee"": 8.602683429219802e-05, ""fee_pct_nav"": 3.2685090164604986e-05, ""name"": ""京东健康""}]"
2025-11-24,0.18756745,0.37513491,0.46638528,0.46248881,0.00027866,0.00013992,0.00013875,0.00000000,rebalance,"[{""ts_code"": ""01336.HK"", ""side"": ""sell"", ""current_weight"": 0.09912383171601606, ""target_weight"": 0.0, ""post_trade_weight"": 0.0, ""diff_weight"": -0.09912383171601606, ""gross_amount"": 0.24544119117741675, ""gross_amount_pct_nav"": 0.09912383171601606, ""fee"": 7.363235735322502e-05, ""fee_pct_nav"": 2.9737149514804814e-05, ""name"": ""新华保险""}, {""ts_code"": ""01339.HK"", ""side"": ""sell"", ""current_weight"": 0.0876568072550413, ""target_weight"": 0.0, ""post_trade_weight"": 0.0, ""diff_weight"": -0.0876568072550413, ""gross_amount"": 0.21704761423190944, ""gross_amount_pct_nav"": 0.0876568072550413, ""fee"": 6.511428426957282e-05, ""fee_pct_nav"": 2.6297042176512383e-05, ""name"": ""中国人民保险集团""}, {""ts_code"": ""01398.HK"", ""side"": ""buy"", ""current_weight"": 0.0, ""target_weight"": 0.09216779930873267, ""post_trade_weight"": 0.09217817308381633, ""diff_weight"": 0.09216779930873267, ""gross_amount"": 0.22821731221354, ""gross_amount_pct_nav"": 0.09216779930873267, ""fee"": 6.846519366406199e-05, ""fee_pct_nav"": 2.7650339792619797e-05, ""name"": ""工商银行""}, {""ts_code"": ""03692.HK"", ""side"": ""buy"", ""current_weight"": 0.0, ""target_weight"": 0.09618646754484615, ""post_trade_weight"": 0.09619729363365251, ""diff_weight"": 0.09618646754484615, ""gross_amount"": 0.23816796385546166, ""gross_amount_pct_nav"": 0.09618646754484615, ""fee"": 7.145038915663849e-05, ""fee_pct_nav"": 2.8855940263453842e-05, ""name"": ""翰森制药""}]"
2025-12-01,0.48575649,0.97151298,1.20470320,1.26287676,0.00074027,0.00036141,0.00037886,0.00000000,rebalance,"[{""ts_code"": ""00005.HK"", ""side"": ""sell"", ""current_weight"": 0.09090260469273762, ""target_weight"": 0.0, ""post_trade_weight"": 0.0, ""diff_weight"": -0.09090260469273762, ""gross_amount"": 0.2308867190607451, ""gross_amount_pct_nav"": 0.09090260469273762, ""fee"": 6.926601571822353e-05, ""fee_pct_nav"": 2.7270781407821286e-05, ""name"": ""汇丰控股""}, {""ts_code"": ""00857.HK"", ""side"": ""sell"", ""current_weight"": 0.12041923079560238, ""target_weight"": 0.09978159858749068, ""post_trade_weight"": 0.09981068880151445, ""diff_weight"": -0.020637632208111694, ""gross_amount"": 0.05241824704384901, ""gross_amount_pct_nav"": 0.020637632208111694, ""fee"": 1.57254741131547e-05, ""fee_pct_nav"": 6.191289662433507e-06, ""name"": ""中国石油股份""}, {""ts_code"": ""01339.HK"", ""side"": ""buy"", ""current_weight"": 0.0, ""target_weight"": 0.08464111674754463, ""post_trade_weight"": 0.08466579292267362, ""diff_weight"": 0.08464111674754463, ""gross_amount"": 0.21498294586314917, ""gross_amount_pct_nav"": 0.08464111674754463, ""fee"": 6.449488375894475e-05, ""fee_pct_nav"": 2.5392335024263387e-05, ""name"": ""中国人民保险集团""}, {""ts_code"": ""01398.HK"", ""side"": ""sell"", ""current_weight"": 0.08943629145901688, ""target_weight"": 0.0, ""post_trade_weight"": 0.0, ""diff_weight"": -0.08943629145901688, ""gross_amount"": 0.22716237856694427, ""gross_amount_pct_nav"": 0.08943629145901688, ""fee"": 6.814871357008327e-05, ""fee_pct_nav"": 2.683088743770506e-05, ""name"": ""工商银行""}, {""ts_code"": ""02099.HK"", ""side"": ""buy"", ""current_weight"": 0.0, ""target_weight"": 0.09258986971351629, ""post_trade_weight"": 0.09261686325906505, ""diff_weight"": 0.09258986971351629, ""gross_amount"": 0.23517226276051403, ""gross_amount_pct_nav"": 0.09258986971351629, ""fee"": 7.05516788281542e-05, ""fee_pct_nav"": 2.7776960914054886e-05, ""name"": ""中国黄金国际""}, {""ts_code"": ""02400.HK"", ""side"": ""buy"", ""current_weight"": 0.0, ""target_weight"": 0.09978159858749068, ""post_trade_weight"": 0.09981068880151445, ""diff_weight"": 0.09978159858749068, ""gross_amount"": 0.2534387875724156, ""gross_amount_pct_nav"": 0.09978159858749068, ""fee"": 7.603163627172468e-05, ""fee_pct_nav"": 2.9934479576247206e-05, ""name"": ""心动公司""}, {""ts_code"": ""02600.HK"", ""side"": ""buy"", ""current_weight"": 0.0, ""target_weight"": 0.0963749901735028, ""post_trade_weight"": 0.09640308722877525, ""diff_weight"": 0.0963749901735028, ""gross_amount"": 0.2447862231878306, ""gross_amount_pct_nav"": 0.0963749901735028, ""fee"": 7.343586695634918e-05, ""fee_pct_nav"": 2.8912497052050835e-05, ""name"": ""中国铝业""}, {""ts_code"": ""03692.HK"", ""side"": ""sell"", ""current_weight"": 0.09442242928576501, ""target_weight"": 0.0, ""post_trade_weight"": 0.0, ""diff_weight"": -0.09442242928576501, ""gross_amount"": 0.2398268451957484, ""gross_amount_pct_nav"": 0.09442242928576501, ""fee"": 7.194805355872451e-05, ""fee_pct_nav"": 2.83267287857295e-05, ""name"": ""翰森制药""}, {""ts_code"": ""06618.HK"", ""side"": ""sell"", ""current_weight"": 0.10330095031462336, ""target_weight"": 0.0, ""post_trade_weight"": 0.0, ""diff_weight"": -0.10330095031462336, ""gross_amount"": 0.2623777126587212, ""gross_amount_pct_nav"": 0.10330095031462336, ""fee"": 7.871331379761634e-05, ""fee_pct_nav"": 3.0990285094387e-05, ""name"": ""京东健康""}, {""ts_code"": ""09633.HK"", ""side"": ""sell"", ""current_weight"": 0.09850836575733797, ""target_weight"": 0.0, ""post_trade_weight"": 0.0, ""diff_weight"": -0.09850836575733797, ""gross_amount"": 0.25020485877853726, ""gross_amount_pct_nav"": 0.09850836575733797, ""fee"": 7.506145763356118e-05, ""fee_pct_nav"": 2.9552509727201394e-05, ""name"": ""农夫山泉""}, {""ts_code"": ""09995.HK"", ""side"": ""buy"", ""current_weight"": 0.0, ""target_weight"": 0.10091713472548663, ""post_trade_weight"": 0.10094655599242751, ""diff_weight"": 0.10091713472548663, ""gross_amount"": 0.2563229757006106, ""gross_amount_pct_nav"": 0.10091713472548663, ""fee"": 7.689689271018316e-05, ""fee_pct_nav"": 3.0275140417645983e-05, ""name"": ""荣昌生物""}]"
2025-12-08,0.48213531,0.96427061,1.23800742,1.21517745,0.00073596,0.00037140,0.00036455,0.00000000,rebalance,"[{""ts_code"": ""00358.HK"", ""side"": ""buy"", ""current_weight"": 0.0, ""target_weight"": 0.090644833406953, ""post_trade_weight"": 0.09067106283941037, ""diff_weight"": 0.090644833406953, ""gross_amount"": 0.23060801712604362, ""gross_amount_pct_nav"": 0.090644833406953, ""fee"": 6.918240513781308e-05, ""fee_pct_nav"": 2.71934500220859e-05, ""name"": ""江西铜业股份""}, {""ts_code"": ""01208.HK"", ""side"": ""buy"", ""current_weight"": 0.0, ""target_weight"": 0.08959458132648031, ""post_trade_weight"": 0.08962050685285751, ""diff_weight"": 0.08959458132648031, ""gross_amount"": 0.22793608822886136, ""gross_amount_pct_nav"": 0.08959458132648031, ""fee"": 6.83808264686584e-05, ""fee_pct_nav"": 2.6878374397944087e-05, ""name"": ""五矿资源""}, {""ts_code"": ""01288.HK"", ""side"": ""sell"", ""current_weight"": 0.09074870558590381, ""target_weight"": 0.0, ""post_trade_weight"": 0.0, ""diff_weight"": -0.09074870558590381, ""gross_amount"": 0.23087227661356308, ""gross_amount_pct_nav"": 0.09074870558590381, ""fee"": 6.926168298406892e-05, ""fee_pct_nav"": 2.722461167577114e-05, ""name"": ""农业银行""}, {""ts_code"": ""01336.HK"", ""side"": ""buy"", ""current_weight"": 0.0, ""target_weight"": 0.0914850350713312, ""post_trade_weight"": 0.09151150762865269, ""diff_weight"": 0.0914850350713312, ""gross_amount"": 0.23274556024378953, ""gross_amount_pct_nav"": 0.0914850350713312, ""fee"": 6.982366807313685e-05, ""fee_pct_nav"": 2.7445510521399354e-05, ""name"": ""新华保险""}, {""ts_code"": ""01339.HK"", ""side"": ""sell"", ""current_weight"": 0.08829815384665726, ""target_weight"": 0.0, ""post_trade_weight"": 0.0, ""diff_weight"": -0.08829815384665726, ""gross_amount"": 0.2246378685815541, ""gross_amount_pct_nav"": 0.08829815384665726, ""fee"": 6.739136057446622e-05, ""fee_pct_nav"": 2.6489446153997176e-05, ""name"": ""中国人民保险集团""}, {""ts_code"": ""01378.HK"", ""side"": ""sell"", ""current_weight"": 0.11699201939146246, ""target_weight"": 0.1021976062921529, ""post_trade_weight"": 0.10222717869149209, ""diff_weight"": -0.014794413099309577, ""gross_amount"": 0.03763822096796582, ""gross_amount_pct_nav"": 0.014794413099309577, ""fee"": 1.1291466290389744e-05, ""fee_pct_nav"": 4.438323929792872e-06, ""name"": ""中国宏桥""}, {""ts_code"": ""02099.HK"", ""side"": ""sell"", ""current_weight"": 0.09394696288087462, ""target_weight"": 0.0, ""post_trade_weight"": 0.0, ""diff_weight"": -0.09394696288087462, ""gross_amount"": 0.23900890994754356, ""gross_amount_pct_nav"": 0.09394696288087462, ""fee"": 7.170267298426306e-05, ""fee_pct_nav"": 2.818408886426238e-05, ""name"": ""中国黄金国际""}, {""ts_code"": ""02400.HK"", ""side"": ""sell"", ""current_weight"": 0.08785128941179066, ""target_weight"": 0.0, ""post_trade_weight"": 0.0, ""diff_weight"": -0.08785128941179066, ""gross_amount"": 0.2235010081850427, ""gross_amount_pct_nav"": 0.08785128941179066, ""fee"": 6.70503024555128e-05, ""fee_pct_nav"": 2.6355386823537192e-05, ""name"": ""心动公司""}, {""ts_code"": ""02600.HK"", ""side"": ""sell"", ""current_weight"": 0.10211968295464686, ""target_weight"": 0.09043478299085848, ""post_trade_weight"": 0.09046095164209982, ""diff_weight"": -0.011684899963788384, ""gross_amount"": 0.029727360178023382, ""gross_amount_pct_nav"": 0.011684899963788384, ""fee"": 8.918208053407014e-06, ""fee_pct_nav"": 3.5054699891365146e-06, ""name"": ""中国铝业""}, {""ts_code"": ""02899.HK"", ""side"": ""buy"", ""current_weight"": 0.0, ""target_weight"": 0.11059962293593463, ""post_trade_weight"": 0.11063162658391515, ""diff_weight"": 0.11059962293593463, ""gross_amount"": 0.2813746661725078, ""gross_amount_pct_nav"": 0.11059962293593463, ""fee"": 8.441239985175233e-05, ""fee_pct_nav"": 3.3179886880780385e-05, ""name"": ""紫金矿业""}, {""ts_code"": ""03692.HK"", ""side"": ""buy"", ""current_weight"": 0.0, ""target_weight"": 0.10429811045309835, ""post_trade_weight"": 0.10432829066459787, ""diff_weight"": 0.10429811045309835, ""gross_amount"": 0.26534309278941387, ""gross_amount_pct_nav"": 0.10429811045309835, ""fee"": 7.960292783682415e-05, ""fee_pct_nav"": 3.12894331359295e-05, ""name"": ""翰森制药""}, {""ts_code"": ""09995.HK"", ""side"": ""sell"", ""current_weight"": 0.09032400699259659, ""target_weight"": 0.0, ""post_trade_weight"": 0.0, ""diff_weight"": -0.09032400699259659, ""gross_amount"": 0.2297918079668935, ""gross_amount_pct_nav"": 0.09032400699259659, ""fee"": 6.893754239006805e-05, ""fee_pct_nav"": 2.7097202097778974e-05, ""name"": ""荣昌生物""}]"
2025-12-15,0.19859900,0.39719800,0.50694412,0.48098118,0.00029638,0.00015208,0.00014429,0.00000000,rebalance,"[{""ts_code"": ""00005.HK"", ""side"": ""buy"", ""current_weight"": 0.0, ""target_weight"": 0.11070420873657597, ""post_trade_weight"": 0.11071740175568105, ""diff_weight"": 0.11070420873657597, ""gross_amount"": 0.2753475316378809, ""gross_amount_pct_nav"": 0.11070420873657597, ""fee"": 8.260425949136427e-05, ""fee_pct_nav"": 3.321126262097279e-05, ""name"": ""汇丰控股""}, {""ts_code"": ""00358.HK"", ""side"": ""sell"", ""current_weight"": 0.0894642605025643, ""target_weight"": 0.0, ""post_trade_weight"": 0.0, ""diff_weight"": -0.0894642605025643, ""gross_amount"": 0.2225187604005755, ""gross_amount_pct_nav"": 0.0894642605025643, ""fee"": 6.675562812017265e-05, ""fee_pct_nav"": 2.6839278150769292e-05, ""name"": ""江西铜业股份""}, {""ts_code"": ""01208.HK"", ""side"": ""sell"", ""current_weight"": 0.08967386098302074, ""target_weight"": 0.0, ""post_trade_weight"": 0.0, ""diff_weight"": -0.08967386098302074, ""gross_amount"": 0.22304008633373062, ""gross_amount_pct_nav"": 0.08967386098302074, ""fee"": 6.691202590011918e-05, ""fee_pct_nav"": 2.690215829490622e-05, ""name"": ""五矿资源""}, {""ts_code"": ""02318.HK"", ""side"": ""buy"", ""current_weight"": 0.0, ""target_weight"": 0.09311402568225995, ""post_trade_weight"": 0.09312512241592344, ""diff_weight"": 0.09311402568225995, ""gross_amount"": 0.23159658901031155, ""gross_amount_pct_nav"": 0.09311402568225995, ""fee"": 6.947897670309346e-05, ""fee_pct_nav"": 2.793420770467798e-05, ""name"": ""中国平安""}, {""ts_code"": ""03993.HK"", ""side"": ""sell"", ""current_weight"": 0.10828146714977134, ""target_weight"": 0.09403982479038182, ""post_trade_weight"": 0.09405103185485804, ""diff_weight"": -0.014241642359389522, ""gross_amount"": 0.035422330504691873, ""gross_amount_pct_nav"": 0.014241642359389522, ""fee"": 1.0626699151407561e-05, ""fee_pct_nav"": 4.272492707816857e-06, ""name"": ""洛阳钼业""}]"
2025-12-22,0.20893738,0.41787475,0.52844198,0.53058709,0.00031771,0.00015853,0.00015918,0.00000000,rebalance,"[{""ts_code"": ""00358.HK"", ""side"": ""buy"", ""current_weight"": 0.0, ""target_weight"": 0.08734484104210871, ""post_trade_weight"": 0.08735579217615982, ""diff_weight"": 0.08734484104210871, ""gross_amount"": 0.2213599289905343, ""gross_amount_pct_nav"": 0.08734484104210871, ""fee"": 6.640797869716029e-05, ""fee_pct_nav"": 2.6203452312632613e-05, ""name"": ""江西铜业股份""}, {""ts_code"": ""02318.HK"", ""side"": ""buy"", ""current_weight"": 0.09138405196120775, ""target_weight"": 0.10210526350156078, ""post_trade_weight"": 0.10211806526998338, ""diff_weight"": 0.010721211540353028, ""gross_amount"": 0.02717099941965556, ""gross_amount_pct_nav"": 0.010721211540353028, ""fee"": 8.151299825896668e-06, ""fee_pct_nav"": 3.2163634621059084e-06, ""name"": ""中国平安""}, {""ts_code"": ""02388.HK"", ""side"": ""buy"", ""current_weight"": 0.0, ""target_weight"": 0.11044811097864239, ""post_trade_weight"": 0.1104619587577967, ""diff_weight"": 0.11044811097864239, ""gross_amount"": 0.27991104811312484, ""gross_amount_pct_nav"": 0.11044811097864239, ""fee"": 8.397331443393744e-05, ""fee_pct_nav"": 3.3134433293592715e-05, ""name"": ""中银香港""}, {""ts_code"": ""02600.HK"", ""side"": ""sell"", ""current_weight"": 0.09094210862165103, ""target_weight"": 0.0, ""post_trade_weight"": 0.0, ""diff_weight"": -0.09094210862165103, ""gross_amount"": 0.23047656239975362, ""gross_amount_pct_nav"": 0.09094210862165103, ""fee"": 6.914296871992608e-05, ""fee_pct_nav"": 2.7282632586495306e-05, ""name"": ""中国铝业""}, {""ts_code"": ""02899.HK"", ""side"": ""sell"", ""current_weight"": 0.1157362043654574, ""target_weight"": 0.09290673936016312, ""post_trade_weight"": 0.09291838783470203, ""diff_weight"": -0.022829465005294276, ""gross_amount"": 0.05785720933452196, ""gross_amount_pct_nav"": 0.022829465005294276, ""fee"": 1.7357162800356587e-05, ""fee_pct_nav"": 6.848839501588283e-06, ""name"": ""紫金矿业""}, {""ts_code"": ""03692.HK"", ""side"": ""sell"", ""current_weight"": 0.09558901686111237, ""target_weight"": 0.0, ""post_trade_weight"": 0.0, ""diff_weight"": -0.09558901686111237, ""gross_amount"": 0.2422533229461125, ""gross_amount_pct_nav"": 0.09558901686111237, ""fee"": 7.267599688383375e-05, ""fee_pct_nav"": 2.8676705058333715e-05, ""name"": ""翰森制药""}]"
2025-12-29,0.09990585,0.19981170,0.24264610,0.26410968,0.00015203,0.00007279,0.00007923,0.00000000,rebalance,"[{""ts_code"": ""00358.HK"", ""side"": ""sell"", ""current_weight"": 0.09114208706028415, ""target_weight"": 0.0, ""post_trade_weight"": 0.0, ""diff_weight"": -0.09114208706028415, ""gross_amount"": 0.23115152142613454, ""gross_amount_pct_nav"": 0.09114208706028415, ""fee"": 6.934545642784035e-05, ""fee_pct_nav"": 2.7342626118085242e-05, ""name"": ""江西铜业股份""}, {""ts_code"": ""02600.HK"", ""side"": ""buy"", ""current_weight"": 0.0, ""target_weight"": 0.08563207686634926, ""post_trade_weight"": 0.08563721026134878, ""diff_weight"": 0.08563207686634926, ""gross_amount"": 0.2171772173424555, ""gross_amount_pct_nav"": 0.08563207686634926, ""fee"": 6.515316520273664e-05, ""fee_pct_nav"": 2.5689623059904774e-05, ""name"": ""中国铝业""}, {""ts_code"": ""02628.HK"", ""side"": ""sell"", ""current_weight"": 0.10778502486632788, ""target_weight"": 0.09478976084904674, ""post_trade_weight"": 0.09479544322067843, ""diff_weight"": -0.012995264017281145, ""gross_amount"": 0.032958155181831456, ""gross_amount_pct_nav"": 0.012995264017281145, ""fee"": 9.887446554549435e-06, ""fee_pct_nav"": 3.898579205184342e-06, ""name"": ""中国人寿""}, {""ts_code"": ""03993.HK"", ""side"": ""buy"", ""current_weight"": 0.09323509717627913, ""target_weight"": 0.10327737039398585, ""post_trade_weight"": 0.10328356157322785, ""diff_weight"": 0.010042273217706727, ""gross_amount"": 0.02546887840427073, ""gross_amount_pct_nav"": 0.010042273217706727, ""fee"": 7.640663521281218e-06, ""fee_pct_nav"": 3.012681965312018e-06, ""name"": ""洛阳钼业""}]"
2026-01-05,0.10255152,0.20510304,0.28009263,0.26650110,0.00016398,0.00008403,0.00007995,0.00000000,rebalance,"[{""ts_code"": ""00700.HK"", ""side"": ""buy"", ""current_weight"": 0.0, ""target_weight"": 0.09438347464817735, ""post_trade_weight"": 0.09438928250674149, ""diff_weight"": 0.09438347464817735, ""gross_amount"": 0.2515292599562219, ""gross_amount_pct_nav"": 0.09438347464817735, ""fee"": 7.545877798686656e-05, ""fee_pct_nav"": 2.8315042394453205e-05, ""name"": ""腾讯控股""}, {""ts_code"": ""00857.HK"", ""side"": ""sell"", ""current_weight"": 0.08903439918366711, ""target_weight"": 0.0, ""post_trade_weight"": 0.0, ""diff_weight"": -0.08903439918366711, ""gross_amount"": 0.23727412686164653, ""gross_amount_pct_nav"": 0.08903439918366711, ""fee"": 7.118223805849395e-05, ""fee_pct_nav"": 2.6710319755100127e-05, ""name"": ""中国石油股份""}, {""ts_code"": ""01336.HK"", ""side"": ""sell"", ""current_weight"": 0.10340476599527859, ""target_weight"": 0.09243768080053424, ""post_trade_weight"": 0.09244336892526252, ""diff_weight"": -0.010967085194744354, ""gross_amount"": 0.029226968314035845, ""gross_amount_pct_nav"": 0.010967085194744354, ""fee"": 8.768090494210752e-06, ""fee_pct_nav"": 3.290125558423306e-06, ""name"": ""新华保险""}, {""ts_code"": ""02899.HK"", ""side"": ""buy"", ""current_weight"": 0.09144857159122824, ""target_weight"": 0.10216665003874996, ""post_trade_weight"": 0.10217293683265756, ""diff_weight"": 0.010718078447521723, ""gross_amount"": 0.02856337245589985, ""gross_amount_pct_nav"": 0.010718078447521723, ""fee"": 8.569011736769954e-06, ""fee_pct_nav"": 3.215423534256517e-06, ""name"": ""紫金矿业""}]"
2026-01-12,0.28560089,0.57120178,0.79074341,0.78921617,0.00047399,0.00023722,0.00023676,0.00000000,rebalance,"[{""ts_code"": ""00700.HK"", ""side"": ""sell"", ""current_weight"": 0.09071679395231232, ""target_weight"": 0.0, ""post_trade_weight"": 0.0, ""diff_weight"": -0.09071679395231232, ""gross_amount"": 0.25092510640948956, ""gross_amount_pct_nav"": 0.09071679395231232, ""fee"": 7.527753192284687e-05, ""fee_pct_nav"": 2.721503818569369e-05, ""name"": ""腾讯控股""}, {""ts_code"": ""01336.HK"", ""side"": ""sell"", ""current_weight"": 0.0915427689141589, ""target_weight"": 0.0, ""post_trade_weight"": 0.0, ""diff_weight"": -0.0915427689141589, ""gross_amount"": 0.25320977550066004, ""gross_amount_pct_nav"": 0.0915427689141589, ""fee"": 7.5962932650198e-05, ""fee_pct_nav"": 2.7462830674247665e-05, ""name"": ""新华保险""}, {""ts_code"": ""01347.HK"", ""side"": ""buy"", ""current_weight"": 0.0, ""target_weight"": 0.09580776484859717, ""post_trade_weight"": 0.09582418533219408, ""diff_weight"": 0.09580776484859717, ""gross_amount"": 0.2650068696445243, ""gross_amount_pct_nav"": 0.09580776484859717, ""fee"": 7.950206089335728e-05, ""fee_pct_nav"": 2.8742329454579147e-05, ""name"": ""华虹半导体""}, {""ts_code"": ""01787.HK"", ""side"": ""buy"", ""current_weight"": 0.0, ""target_weight"": 0.09468315903096129, ""post_trade_weight"": 0.09469938676847536, ""diff_weight"": 0.09468315903096129, ""gross_amount"": 0.26189617952680083, ""gross_amount_pct_nav"": 0.09468315903096129, ""fee"": 7.856885385804025e-05, ""fee_pct_nav"": 2.8404947709288387e-05, ""name"": ""山东黄金""}, {""ts_code"": ""02388.HK"", ""side"": ""sell"", ""current_weight"": 0.10306525657067608, ""target_weight"": 0.0, ""post_trade_weight"": 0.0, ""diff_weight"": -0.10306525657067608, ""gross_amount"": 0.2850812880987958, ""gross_amount_pct_nav"": 0.10306525657067608, ""fee"": 8.552438642963873e-05, ""fee_pct_nav"": 3.091957697120282e-05, ""name"": ""中银香港""}, {""ts_code"": ""03692.HK"", ""side"": ""buy"", ""current_weight"": 0.0, ""target_weight"": 0.09538603766698371, ""post_trade_weight"": 0.09540238587079956, ""diff_weight"": 0.09538603766698371, ""gross_amount"": 0.263840360850378, ""gross_amount_pct_nav"": 0.09538603766698371, ""fee"": 7.915210825511339e-05, ""fee_pct_nav"": 2.861581130009511e-05, ""name"": ""翰森制药""}]"
2026-01-19,0.39384618,0.78769235,1.10695383,1.10175728,0.00066261,0.00033209,0.00033053,0.00000000,rebalance,"[{""ts_code"": ""00358.HK"", ""side"": ""buy"", ""current_weight"": 0.0, ""target_weight"": 0.09619639172603364, ""post_trade_weight"": 0.09621912904763291, ""diff_weight"": 0.09619639172603364, ""gross_amount"": 0.2697373401672697, ""gross_amount_pct_nav"": 0.09619639172603364, ""fee"": 8.09212020501809e-05, ""fee_pct_nav"": 2.885891751781009e-05, ""name"": ""江西铜业股份""}, {""ts_code"": ""00981.HK"", ""side"": ""buy"", ""current_weight"": 0.0, ""target_weight"": 0.0998625906424019, ""post_trade_weight"": 0.09988619451982839, ""diff_weight"": 0.0998625906424019, ""gross_amount"": 0.2800174632205512, ""gross_amount_pct_nav"": 0.0998625906424019, ""fee"": 8.400523896616536e-05, ""fee_pct_nav"": 2.9958777192720567e-05, ""name"": ""中芯国际""}, {""ts_code"": ""01336.HK"", ""side"": ""buy"", ""current_weight"": 0.0, ""target_weight"": 0.09594355042145652, ""post_trade_weight"": 0.09596622798058495, ""diff_weight"": 0.09594355042145652, ""gross_amount"": 0.2690283661635951, ""gross_amount_pct_nav"": 0.09594355042145652, ""fee"": 8.070850984907852e-05, ""fee_pct_nav"": 2.8783065126436957e-05, ""name"": ""新华保险""}, {""ts_code"": ""01347.HK"", ""side"": ""sell"", ""current_weight"": 0.10591655721904762, ""target_weight"": 0.09543786781230228, ""post_trade_weight"": 0.09546042584648902, ""diff_weight"": -0.010478689406745333, ""gross_amount"": 0.029382534607579225, ""gross_amount_pct_nav"": 0.010478689406745333, ""fee"": 8.814760382273766e-06, ""fee_pct_nav"": 3.1436068220236e-06, ""name"": ""华虹半导体""}, {""ts_code"": ""01378.HK"", ""side"": ""sell"", ""current_weight"": 0.10137010047096762, ""target_weight"": 0.0, ""post_trade_weight"": 0.0, ""diff_weight"": -0.10137010047096762, ""gross_amount"": 0.2842445624301704, ""gross_amount_pct_nav"": 0.10137010047096762, ""fee"": 8.527336872905111e-05, ""fee_pct_nav"": 3.0411030141290282e-05, ""name"": ""中国宏桥""}, {""ts_code"": ""01787.HK"", ""side"": ""sell"", ""current_weight"": 0.0961111752570458, ""target_weight"": 0.0, ""post_trade_weight"": 0.0, ""diff_weight"": -0.0961111752570458, ""gross_amount"": 0.2694983908338197, ""gross_amount_pct_nav"": 0.0961111752570458, ""fee"": 8.084951725014591e-05, ""fee_pct_nav"": 2.8833352577113738e-05, ""name"": ""山东黄金""}, {""ts_code"": ""02318.HK"", ""side"": ""sell"", ""current_weight"": 0.09673935237811716, ""target_weight"": 0.0, ""post_trade_weight"": 0.0, ""diff_weight"": -0.09673935237811716, ""gross_amount"": 0.27125981683693107, ""gross_amount_pct_nav"": 0.09673935237811716, ""fee"": 8.137794505107931e-05, ""fee_pct_nav"": 2.9021805713435144e-05, ""name"": ""中国平安""}, {""ts_code"": ""02388.HK"", ""side"": ""buy"", ""current_weight"": 0.0, ""target_weight"": 0.10277026564503876, ""post_trade_weight"": 0.10279455679087995, ""diff_weight"": 0.10277026564503876, ""gross_amount"": 0.2881706642628089, ""gross_amount_pct_nav"": 0.10277026564503876, ""fee"": 8.645119927884267e-05, ""fee_pct_nav"": 3.083107969351163e-05, ""name"": ""中银香港""}, {""ts_code"": ""02600.HK"", ""side"": ""sell"", ""current_weight"": 0.08822023533124028, ""target_weight"": 0.0, ""post_trade_weight"": 0.0, ""diff_weight"": -0.08822023533124028, ""gross_amount"": 0.2473719772665792, ""gross_amount_pct_nav"": 0.08822023533124028, ""fee"": 7.421159317997375e-05, ""fee_pct_nav"": 2.646607059937208e-05, ""name"": ""中国铝业""}]"
2026-01-26,0.39115495,0.78230991,1.11450026,1.12590478,0.00067212,0.00033435,0.00033777,0.00000000,rebalance,"[{""ts_code"": ""00001.HK"", ""side"": ""buy"", ""current_weight"": 0.0, ""target_weight"": 0.09520673228848293, ""post_trade_weight"": 0.09522908188481234, ""diff_weight"": 0.09520673228848293, ""gross_amount"": 0.2726561941554773, ""gross_amount_pct_nav"": 0.09520673228848293, ""fee"": 8.179685824664319e-05, ""fee_pct_nav"": 2.856201968654488e-05, ""name"": ""长和""}, {""ts_code"": ""00358.HK"", ""side"": ""sell"", ""current_weight"": 0.096240430175676, ""target_weight"": 0.0, ""post_trade_weight"": 0.0, ""diff_weight"": -0.096240430175676, ""gross_amount"": 0.2756165324115432, ""gross_amount_pct_nav"": 0.096240430175676, ""fee"": 8.268495972346296e-05, ""fee_pct_nav"": 2.88721290527028e-05, ""name"": ""江西铜业股份""}, {""ts_code"": ""01336.HK"", ""side"": ""sell"", ""current_weight"": 0.09355305613182721, ""target_weight"": 0.0, ""post_trade_weight"": 0.0, ""diff_weight"": -0.09355305613182721, ""gross_amount"": 0.26792034159125744, ""gross_amount_pct_nav"": 0.09355305613182721, ""fee"": 8.037610247737723e-05, ""fee_pct_nav"": 2.8065916839548163e-05, ""name"": ""新华保险""}, {""ts_code"": ""01378.HK"", ""side"": ""buy"", ""current_weight"": 0.0, ""target_weight"": 0.09848682288852782, ""post_trade_weight"": 0.09850994247978377, ""diff_weight"": 0.09848682288852782, ""gross_amount"": 0.2820498262862755, ""gross_amount_pct_nav"": 0.09848682288852782, ""fee"": 8.461494788588265e-05, ""fee_pct_nav"": 2.9546046866558345e-05, ""name"": ""中国宏桥""}, {""ts_code"": ""01787.HK"", ""side"": ""buy"", ""current_weight"": 0.0, ""target_weight"": 0.09999019774688177, ""post_trade_weight"": 0.10001367025247905, ""diff_weight"": 0.09999019774688177, ""gross_amount"": 0.28635524101289145, ""gross_amount_pct_nav"": 0.09999019774688177, ""fee"": 8.590657230386742e-05, ""fee_pct_nav"": 2.999705932406453e-05, ""name"": ""山东黄金""}, {""ts_code"": ""02388.HK"", ""side"": ""sell"", ""current_weight"": 0.10047256917804155, ""target_weight"": 0.0, ""post_trade_weight"": 0.0, ""diff_weight"": -0.10047256917804155, ""gross_amount"": 0.28773667229855765, ""gross_amount_pct_nav"": 0.10047256917804155, ""fee"": 8.632100168956728e-05, ""fee_pct_nav"": 3.0141770753412464e-05, ""name"": ""中银香港""}, {""ts_code"": ""03692.HK"", ""side"": ""sell"", ""current_weight"": 0.09122162326459347, ""target_weight"": 0.0, ""post_trade_weight"": 0.0, ""diff_weight"": -0.09122162326459347, ""gross_amount"": 0.26124350690500026, ""gross_amount_pct_nav"": 0.09122162326459347, ""fee"": 7.837305207150007e-05, ""fee_pct_nav"": 2.736648697937804e-05, ""name"": ""翰森制药""}, {""ts_code"": ""03993.HK"", ""side"": ""sell"", ""current_weight"": 0.1126052954958112, ""target_weight"": 0.10094689083856152, ""post_trade_weight"": 0.10097058792601238, ""diff_weight"": -0.011658404657249682, ""gross_amount"": 0.0333877255038898, ""gross_amount_pct_nav"": 0.011658404657249682, ""fee"": 1.0016317651166938e-05, ""fee_pct_nav"": 3.4975213971749042e-06, ""name"": ""洛阳钼业""}, {""ts_code"": ""09988.HK"", ""side"": ""buy"", ""current_weight"": 0.0, ""target_weight"": 0.09548007317182, ""post_trade_weight"": 0.09550248693439328, ""diff_weight"": 0.09548007317182, ""gross_amount"": 0.2734389968330438, ""gross_amount_pct_nav"": 0.09548007317182, ""fee"": 8.203169904991313e-05, ""fee_pct_nav"": 2.8644021951545998e-05, ""name"": ""阿里巴巴-W""}]"
2026-02-02,0.39616360,0.79232720,1.11473919,1.04448655,0.00064777,0.00033442,0.00031335,0.00000000,rebalance,"[{""ts_code"": ""00001.HK"", ""side"": ""sell"", ""current_weight"": 0.09466373669144117, ""target_weight"": 0.0, ""post_trade_weight"": 0.0, ""diff_weight"": -0.09466373669144117, ""gross_amount"": 0.2579747067778747, ""gross_amount_pct_nav"": 0.09466373669144117, ""fee"": 7.73924120333624e-05, ""fee_pct_nav"": 2.8399121007432346e-05, ""name"": ""长和""}, {""ts_code"": ""00358.HK"", ""side"": ""buy"", ""current_weight"": 0.0, ""target_weight"": 0.09327045882494858, ""post_trade_weight"": 0.09329263431246365, ""diff_weight"": 0.09327045882494858, ""gross_amount"": 0.2541777887432518, ""gross_amount_pct_nav"": 0.09327045882494858, ""fee"": 7.625333662297554e-05, ""fee_pct_nav"": 2.7981137647484572e-05, ""name"": ""江西铜业股份""}, {""ts_code"": ""00700.HK"", ""side"": ""buy"", ""current_weight"": 0.0, ""target_weight"": 0.10259636601303705, ""post_trade_weight"": 0.10262075877857373, ""diff_weight"": 0.10259636601303705, ""gross_amount"": 0.279592464482566, ""gross_amount_pct_nav"": 0.10259636601303705, ""fee"": 8.38777393447698e-05, ""fee_pct_nav"": 3.077890980391111e-05, ""name"": ""腾讯控股""}, {""ts_code"": ""01787.HK"", ""side"": ""sell"", ""current_weight"": 0.08433258470269746, ""target_weight"": 0.0, ""post_trade_weight"": 0.0, ""diff_weight"": -0.08433258470269746, ""gross_amount"": 0.22982056879300916, ""gross_amount_pct_nav"": 0.08433258470269746, ""fee"": 6.894617063790275e-05, ""fee_pct_nav"": 2.5299775410809237e-05, ""name"": ""山东黄金""}, {""ts_code"": ""02318.HK"", ""side"": ""buy"", ""current_weight"": 0.0, ""target_weight"": 0.09845151837388663, ""post_trade_weight"": 0.0984749256825248, ""diff_weight"": 0.09845151837388663, ""gross_amount"": 0.2682970530428708, ""gross_amount_pct_nav"": 0.09845151837388663, ""fee"": 8.048911591286124e-05, ""fee_pct_nav"": 2.9535455512165985e-05, ""name"": ""中国平安""}, {""ts_code"": ""02388.HK"", ""side"": ""buy"", ""current_weight"": 0.0, ""target_weight"": 0.11473484838483479, ""post_trade_weight"": 0.11476212713128846, ""diff_weight"": 0.11473484838483479, ""gross_amount"": 0.3126718836988164, ""gross_amount_pct_nav"": 0.11473484838483479, ""fee"": 9.38015651096449e-05, ""fee_pct_nav"": 3.4420454515450436e-05, ""name"": ""中银香港""}, {""ts_code"": ""02628.HK"", ""side"": ""sell"", ""current_weight"": 0.10509334643884834, ""target_weight"": 0.0, ""post_trade_weight"": 0.0, ""diff_weight"": -0.10509334643884834, ""gross_amount"": 0.2863971588216286, ""gross_amount_pct_nav"": 0.10509334643884834, ""fee"": 8.591914764648857e-05, ""fee_pct_nav"": 3.15280039316545e-05, ""name"": ""中国人寿""}, {""ts_code"": ""09988.HK"", ""side"": ""sell"", ""current_weight"": 0.09918434047938725, ""target_weight"": 0.0, ""post_trade_weight"": 0.0, ""diff_weight"": -0.09918434047938725, ""gross_amount"": 0.2702941173295161, ""gross_amount_pct_nav"": 0.09918434047938725, ""fee"": 8.108823519885481e-05, ""fee_pct_nav"": 2.9755302143816167e-05, ""name"": ""阿里巴巴-W""}]"
2026-02-09,0.40294763,0.80589526,1.11225335,1.11425983,0.00066795,0.00033368,0.00033428,0.00000000,rebalance,"[{""ts_code"": ""00005.HK"", ""side"": ""sell"", ""current_weight"": 0.11947567969090109, ""target_weight"": 0.10591279304132355, ""post_trade_weight"": 0.10593840561913648, ""diff_weight"": -0.013562886649577542, ""gross_amount"": 0.03747130326555281, ""gross_amount_pct_nav"": 0.013562886649577542, ""fee"": 1.1241390979665843e-05, ""fee_pct_nav"": 4.068865994873262e-06, ""name"": ""汇丰控股""}, {""ts_code"": ""00016.HK"", ""side"": ""buy"", ""current_weight"": 0.0, ""target_weight"": 0.10616814658537718, ""post_trade_weight"": 0.10619382091458321, ""diff_weight"": 0.10616814658537718, ""gross_amount"": 0.293319476939391, ""gross_amount_pct_nav"": 0.10616814658537718, ""fee"": 8.799584308181729e-05, ""fee_pct_nav"": 3.185044397561315e-05, ""name"": ""新鸿基地产""}, {""ts_code"": ""00066.HK"", ""side"": ""buy"", ""current_weight"": 0.0, ""target_weight"": 0.09965663121200949, ""post_trade_weight"": 0.09968073088069158, ""diff_weight"": 0.09965663121200949, ""gross_amount"": 0.2753295774749307, ""gross_amount_pct_nav"": 0.09965663121200949, ""fee"": 8.25988732424792e-05, ""fee_pct_nav"": 2.9896989363602843e-05, ""name"": ""港铁公司""}, {""ts_code"": ""00288.HK"", ""side"": ""buy"", ""current_weight"": 0.0, ""target_weight"": 0.09991198475606312, ""post_trade_weight"": 0.09993614617613832, ""diff_weight"": 0.09991198475606312, ""gross_amount"": 0.27603506372843895, ""gross_amount_pct_nav"": 0.09991198475606312, ""fee"": 8.281051911853168e-05, ""fee_pct_nav"": 2.9973595426818933e-05, ""name"": ""万洲国际""}, {""ts_code"": ""00358.HK"", ""side"": ""sell"", ""current_weight"": 0.09208552894864008, ""target_weight"": 0.0, ""post_trade_weight"": 0.0, ""diff_weight"": -0.09208552894864008, ""gross_amount"": 0.254412270098181, ""gross_amount_pct_nav"": 0.09208552894864008, ""fee"": 7.63236810294543e-05, ""fee_pct_nav"": 2.7625658684592022e-05, ""name"": ""江西铜业股份""}, {""ts_code"": ""00700.HK"", ""side"": ""sell"", ""current_weight"": 0.09468968425798101, ""target_weight"": 0.0, ""post_trade_weight"": 0.0, ""diff_weight"": -0.09468968425798101, ""gross_amount"": 0.2616069843111729, ""gross_amount_pct_nav"": 0.09468968425798101, ""fee"": 7.848209529335186e-05, ""fee_pct_nav"": 2.84069052773943e-05, ""name"": ""腾讯控股""}, {""ts_code"": ""00981.HK"", ""side"": ""sell"", ""current_weight"": 0.09260017925235248, ""target_weight"": 0.0, ""post_trade_weight"": 0.0, ""diff_weight"": -0.09260017925235248, ""gross_amount"": 0.2558341368515035, ""gross_amount_pct_nav"": 0.09260017925235248, ""fee"": 7.675024105545105e-05, ""fee_pct_nav"": 2.7780053775705743e-05, ""name"": ""中芯国际""}, {""ts_code"": ""01347.HK"", ""side"": ""sell"", ""current_weight"": 0.0967682428773815, ""target_weight"": 0.0, ""post_trade_weight"": 0.0, ""diff_weight"": -0.0967682428773815, ""gross_amount"": 0.26734958928864727, ""gross_amount_pct_nav"": 0.0967682428773815, ""fee"": 8.020487678659417e-05, ""fee_pct_nav"": 2.9030472863214447e-05, ""name"": ""华虹半导体""}, {""ts_code"": ""02628.HK"", ""side"": ""buy"", ""current_weight"": 0.0, ""target_weight"": 0.09684774222741947, ""post_trade_weight"": 0.09687116263077754, ""diff_weight"": 0.09684774222741947, ""gross_amount"": 0.2675692286863399, ""gross_amount_pct_nav"": 0.09684774222741947, ""fee"": 8.027076860590198e-05, ""fee_pct_nav"": 2.905432266822584e-05, ""name"": ""中国人寿""}, {""ts_code"": ""02899.HK"", ""side"": ""sell"", ""current_weight"": 0.11109036343665168, ""target_weight"": 0.09748612608755357, ""post_trade_weight"": 0.09750970086939437, ""diff_weight"": -0.013604237349098122, ""gross_amount"": 0.037585546246565016, ""gross_amount_pct_nav"": 0.013604237349098122, ""fee"": 1.1275663873969505e-05, ""fee_pct_nav"": 4.081271204729436e-06, ""name"": ""紫金矿业""}]"
2026-02-16,0.19478145,0.38956290,0.50394540,0.58411867,0.00032642,0.00015118,0.00017524,0.00000000,rebalance,"[{""ts_code"": ""00066.HK"", ""side"": ""sell"", ""current_weight"": 0.0989549870561018, ""target_weight"": 0.0, ""post_trade_weight"": 0.0, ""diff_weight"": -0.0989549870561018, ""gross_amount"": 0.2763850577828849, ""gross_amount_pct_nav"": 0.0989549870561018, ""fee"": 8.291551733486547e-05, ""fee_pct_nav"": 2.968649611683054e-05, ""name"": ""港铁公司""}, {""ts_code"": ""01347.HK"", ""side"": ""buy"", ""current_weight"": 0.0, ""target_weight"": 0.0908932885908201, ""post_trade_weight"": 0.09090391242844516, ""diff_weight"": 0.0908932885908201, ""gross_amount"": 0.25386842610577853, ""gross_amount_pct_nav"": 0.0908932885908201, ""fee"": 7.616052783173355e-05, ""fee_pct_nav"": 2.726798657724603e-05, ""name"": ""华虹半导体""}, {""ts_code"": ""02318.HK"", ""side"": ""sell"", ""current_weight"": 0.09599127961618924, ""target_weight"": 0.0, ""post_trade_weight"": 0.0, ""diff_weight"": -0.09599127961618924, ""gross_amount"": 0.26810730972388713, ""gross_amount_pct_nav"": 0.09599127961618924, ""fee"": 8.043219291716613e-05, ""fee_pct_nav"": 2.879738388485677e-05, ""name"": ""中国平安""}, {""ts_code"": ""02388.HK"", ""side"": ""sell"", ""current_weight"": 0.12025975666078186, ""target_weight"": 0.1060722304661957, ""post_trade_weight"": 0.10608462845696565, ""diff_weight"": -0.014187526194586155, ""gross_amount"": 0.0396263024607722, ""gross_amount_pct_nav"": 0.014187526194586155, ""fee"": 1.188789073823166e-05, ""fee_pct_nav"": 4.256257858375847e-06, ""name"": ""中银香港""}, {""ts_code"": ""02600.HK"", ""side"": ""buy"", ""current_weight"": 0.0, ""target_weight"": 0.0895358222442418, ""post_trade_weight"": 0.08954628741776445, ""diff_weight"": 0.0895358222442418, ""gross_amount"": 0.2500769707602823, ""gross_amount_pct_nav"": 0.0895358222442418, ""fee"": 7.502309122808469e-05, ""fee_pct_nav"": 2.686074667327254e-05, ""name"": ""中国铝业""}]"
2026-02-23,0.18424660,0.36849320,0.54353281,0.50620984,0.00031492,0.00016306,0.00015186,0.00000000,rebalance,"[{""ts_code"": ""00857.HK"", ""side"": ""buy"", ""current_weight"": 0.0, ""target_weight"": 0.094817642642666, ""post_trade_weight"": 0.09482812569844888, ""diff_weight"": 0.094817642642666, ""gross_amount"": 0.2701111551441179, ""gross_amount_pct_nav"": 0.094817642642666, ""fee"": 8.103334654323536e-05, ""fee_pct_nav"": 2.8445292792799798e-05, ""name"": ""中国石油股份""}, {""ts_code"": ""01347.HK"", ""side"": ""sell"", ""current_weight"": 0.08777784900078273, ""target_weight"": 0.0, ""post_trade_weight"": 0.0, ""diff_weight"": -0.08777784900078273, ""gross_amount"": 0.250056587875962, ""gross_amount_pct_nav"": 0.08777784900078273, ""fee"": 7.50169763627886e-05, ""fee_pct_nav"": 2.633335470023481e-05, ""name"": ""华虹半导体""}, {""ts_code"": ""02338.HK"", ""side"": ""buy"", ""current_weight"": 0.0, ""target_weight"": 0.0959797331059022, ""post_trade_weight"": 0.09599034464261766, ""diff_weight"": 0.0959797331059022, ""gross_amount"": 0.2734216529445077, ""gross_amount_pct_nav"": 0.0959797331059022, ""fee"": 8.20264958833523e-05, ""fee_pct_nav"": 2.879391993177066e-05, ""name"": ""潍柴动力""}, {""ts_code"": ""02600.HK"", ""side"": ""sell"", ""current_weight"": 0.08991797301110145, ""target_weight"": 0.0, ""post_trade_weight"": 0.0, ""diff_weight"": -0.08991797301110145, ""gross_amount"": 0.2561532525099627, ""gross_amount_pct_nav"": 0.08991797301110145, ""fee"": 7.68459757529888e-05, ""fee_pct_nav"": 2.6975391903330434e-05, ""name"": ""中国铝业""}]"
2026-03-02,0.20944962,0.41889923,0.59922055,0.60134647,0.00036017,0.00017977,0.00018040,0.00000000,rebalance,"[{""ts_code"": ""00001.HK"", ""side"": ""buy"", ""current_weight"": 0.0, ""target_weight"": 0.0914760472653031, ""post_trade_weight"": 0.09148754448398576, ""diff_weight"": 0.0914760472653031, ""gross_amount"": 0.2621707483871611, ""gross_amount_pct_nav"": 0.0914760472653031, ""fee"": 7.865122451614832e-05, ""fee_pct_nav"": 2.7442814179590933e-05, ""name"": ""长和""}, {""ts_code"": ""00005.HK"", ""side"": ""buy"", ""current_weight"": 0.1023914122740318, ""target_weight"": 0.11590002378736007, ""post_trade_weight"": 0.11591459074733095, ""diff_weight"": 0.013508611513328272, ""gross_amount"": 0.03871573921257537, ""gross_amount_pct_nav"": 0.013508611513328272, ""fee"": 1.161472176377261e-05, ""fee_pct_nav"": 4.052583453998481e-06, ""name"": ""汇丰控股""}, {""ts_code"": ""00288.HK"", ""side"": ""sell"", ""current_weight"": 0.10005290501256986, ""target_weight"": 0.0, ""post_trade_weight"": 0.0, ""diff_weight"": -0.10005290501256986, ""gross_amount"": 0.2867520599067728, ""gross_amount_pct_nav"": 0.10005290501256986, ""fee"": 8.602561797203184e-05, ""fee_pct_nav"": 3.0015871503770954e-05, ""name"": ""万洲国际""}, {""ts_code"": ""01088.HK"", ""side"": ""buy"", ""current_weight"": 0.0, ""target_weight"": 0.09369640876730828, ""post_trade_weight"": 0.09370818505338076, ""diff_weight"": 0.09369640876730828, ""gross_amount"": 0.26853431408630485, ""gross_amount_pct_nav"": 0.09369640876730828, ""fee"": 8.056029422589144e-05, ""fee_pct_nav"": 2.8108922630192477e-05, ""name"": ""中国神华""}, {""ts_code"": ""02338.HK"", ""side"": ""sell"", ""current_weight"": 0.09780022237481549, ""target_weight"": 0.0, ""post_trade_weight"": 0.0, ""diff_weight"": -0.09780022237481549, ""gross_amount"": 0.28029586169232684, ""gross_amount_pct_nav"": 0.09780022237481549, ""fee"": 8.408875850769804e-05, ""fee_pct_nav"": 2.9340066712444644e-05, ""name"": ""潍柴动力""}, {""ts_code"": ""02628.HK"", ""side"": ""buy"", ""current_weight"": 0.08126341423222773, ""target_weight"": 0.09166107739047018, ""post_trade_weight"": 0.09167259786476865, ""diff_weight"": 0.010397663158242459, ""gross_amount"": 0.029799747728146503, ""gross_amount_pct_nav"": 0.010397663158242459, ""fee"": 8.93992431844395e-06, ""fee_pct_nav"": 3.1192989474727376e-06, ""name"": ""中国人寿""}, {""ts_code"": ""03993.HK"", ""side"": ""sell"", ""current_weight"": 0.10991947723339446, ""target_weight"": 0.09795210164615152, ""post_trade_weight"": 0.09796441281138786, ""diff_weight"": -0.011967375587242932, ""gross_amount"": 0.03429855036081969, ""gross_amount_pct_nav"": 0.011967375587242932, ""fee"": 1.0289565108245906e-05, ""fee_pct_nav"": 3.590212676172879e-06, ""name"": ""洛阳钼业""}]"
2026-03-09,0.20220798,0.40441597,0.53434390,0.56211779,0.00032894,0.00016030,0.00016864,0.00000000,rebalance,"[{""ts_code"": ""00001.HK"", ""side"": ""sell"", ""current_weight"": 0.0907559939084278, ""target_weight"": 0.0, ""post_trade_weight"": 0.0, ""diff_weight"": -0.0907559939084278, ""gross_amount"": 0.24605969681029644, ""gross_amount_pct_nav"": 0.0907559939084278, ""fee"": 7.381790904308892e-05, ""fee_pct_nav"": 2.722679817252834e-05, ""name"": ""长和""}, {""ts_code"": ""00005.HK"", ""side"": ""sell"", ""current_weight"": 0.1139220906590739, ""target_weight"": 0.09998786752102702, ""post_trade_weight"": 0.10000000000000817, ""diff_weight"": -0.013934223138046865, ""gross_amount"": 0.037778779923828665, ""gross_amount_pct_nav"": 0.013934223138046865, ""fee"": 1.1333633977148598e-05, ""fee_pct_nav"": 4.180266941414059e-06, ""name"": ""汇丰控股""}, {""ts_code"": ""01171.HK"", ""side"": ""buy"", ""current_weight"": 0.0, ""target_weight"": 0.0946995080856416, ""post_trade_weight"": 0.09471099887767327, ""diff_weight"": 0.0946995080856416, ""gross_amount"": 0.25675144135547107, ""gross_amount_pct_nav"": 0.0946995080856416, ""fee"": 7.702543240664131e-05, ""fee_pct_nav"": 2.840985242569248e-05, ""name"": ""兖矿能源""}, {""ts_code"": ""01378.HK"", ""side"": ""sell"", ""current_weight"": 0.10727433536558785, ""target_weight"": 0.09542893697328096, ""post_trade_weight"": 0.09544051627385738, ""diff_weight"": -0.011845398392306887, ""gross_amount"": 0.0321155111798907, ""gross_amount_pct_nav"": 0.011845398392306887, ""fee"": 9.634653353967209e-06, ""fee_pct_nav"": 3.553619517692066e-06, ""name"": ""中国宏桥""}, {""ts_code"": ""01919.HK"", ""side"": ""buy"", ""current_weight"": 0.0, ""target_weight"": 0.0903229347598054, ""post_trade_weight"": 0.09033389450056854, ""diff_weight"": 0.0903229347598054, ""gross_amount"": 0.24488557708308076, ""gross_amount_pct_nav"": 0.0903229347598054, ""fee"": 7.346567312492422e-05, ""fee_pct_nav"": 2.709688042794162e-05, ""name"": ""中远海控""}, {""ts_code"": ""02628.HK"", ""side"": ""sell"", ""current_weight"": 0.09079439082050621, ""target_weight"": 0.0, ""post_trade_weight"": 0.0, ""diff_weight"": -0.09079439082050621, ""gross_amount"": 0.24616379938399527, ""gross_amount_pct_nav"": 0.09079439082050621, ""fee"": 7.384913981519858e-05, ""fee_pct_nav"": 2.723831724615186e-05, ""name"": ""中国人寿""}, {""ts_code"": ""03993.HK"", ""side"": ""buy"", ""current_weight"": 0.08482427781503996, ""target_weight"": 0.0968877947485597, ""post_trade_weight"": 0.09689955106622562, ""diff_weight"": 0.012063516933519735, ""gross_amount"": 0.032706879086386115, ""gross_amount_pct_nav"": 0.012063516933519735, ""fee"": 9.812063725915834e-06, ""fee_pct_nav"": 3.6190550800559206e-06, ""name"": ""洛阳钼业""}]"
2026-03-16,0.20529696,0.41059391,0.53447358,0.57154086,0.00033180,0.00016034,0.00017146,0.00000000,rebalance,"[{""ts_code"": ""00005.HK"", ""side"": ""sell"", ""current_weight"": 0.0962999713906431, ""target_weight"": 0.0, ""post_trade_weight"": 0.0, ""diff_weight"": -0.0962999713906431, ""gross_amount"": 0.2594026753895069, ""gross_amount_pct_nav"": 0.0962999713906431, ""fee"": 7.782080261685206e-05, ""fee_pct_nav"": 2.8889991417192924e-05, ""name"": ""汇丰控股""}, {""ts_code"": ""00016.HK"", ""side"": ""sell"", ""current_weight"": 0.10963641883901278, ""target_weight"": 0.09911323961424374, ""post_trade_weight"": 0.09912544970604587, ""diff_weight"": -0.010523179224769029, ""gross_amount"": 0.028346226951980136, ""gross_amount_pct_nav"": 0.010523179224769029, ""fee"": 8.50386808559404e-06, ""fee_pct_nav"": 3.1569537674307088e-06, ""name"": ""新鸿基地产""}, {""ts_code"": ""00288.HK"", ""side"": ""buy"", ""current_weight"": 0.0, ""target_weight"": 0.08846785182445772, ""post_trade_weight"": 0.0884787504752991, ""diff_weight"": 0.08846785182445772, ""gross_amount"": 0.23830534025949465, ""gross_amount_pct_nav"": 0.08846785182445772, ""fee"": 7.149160207784839e-05, ""fee_pct_nav"": 2.6540355547337316e-05, ""name"": ""万洲国际""}, {""ts_code"": ""00883.HK"", ""side"": ""buy"", ""current_weight"": 0.0, ""target_weight"": 0.1099487236145616, ""post_trade_weight"": 0.10996226856591305, ""diff_weight"": 0.1099487236145616, ""gross_amount"": 0.29616824023324634, ""gross_amount_pct_nav"": 0.1099487236145616, ""fee"": 8.88504720699739e-05, ""fee_pct_nav"": 3.2984617084368475e-05, ""name"": ""中国海洋石油""}, {""ts_code"": ""01171.HK"", ""side"": ""sell"", ""current_weight"": 0.10334366367992394, ""target_weight"": 0.09207967982456368, ""post_trade_weight"": 0.09209102342858817, ""diff_weight"": -0.011263983855360251, ""gross_amount"": 0.03034172809638619, ""gross_amount_pct_nav"": 0.011263983855360251, ""fee"": 9.102518428915855e-06, ""fee_pct_nav"": 3.3791951566080748e-06, ""name"": ""兖矿能源""}, {""ts_code"": ""01919.HK"", ""side"": ""sell"", ""current_weight"": 0.09409020041083567, ""target_weight"": 0.0, ""post_trade_weight"": 0.0, ""diff_weight"": -0.09409020041083567, ""gross_amount"": 0.25345022809505385, ""gross_amount_pct_nav"": 0.09409020041083567, ""fee"": 7.603506842851615e-05, ""fee_pct_nav"": 2.8227060123250697e-05, ""name"": ""中远海控""}]"
2026-03-23,0.00000000,0.00000000,0.00000000,0.00000000,0.00000000,0.00000000,0.00000000,0.00000000,rebalance,
2026-03-30,0.09639857,0.19279714,0.26312158,0.24279928,0.00015178,0.00007894,0.00007284,0.00000000,rebalance,"[{""ts_code"": ""00288.HK"", ""side"": ""buy"", ""current_weight"": 0.09569221104432836, ""target_weight"": 0.10619665695470802, ""post_trade_weight"": 0.1062027996334618, ""diff_weight"": 0.010504445910379667, ""gross_amount"": 0.02756481923934645, ""gross_amount_pct_nav"": 0.010504445910379667, ""fee"": 8.269445771803933e-06, ""fee_pct_nav"": 3.151333773113899e-06, ""name"": ""万洲国际""}, {""ts_code"": ""00883.HK"", ""side"": ""sell"", ""current_weight"": 0.11079407148839839, ""target_weight"": 0.09859763999618161, ""post_trade_weight"": 0.09860334312889545, ""diff_weight"": -0.012196431492216765, ""gross_amount"": 0.03200477515104616, ""gross_amount_pct_nav"": 0.012196431492216765, ""fee"": 9.601432545313847e-06, ""fee_pct_nav"": 3.658929447665029e-06, ""name"": ""中国海洋石油""}, {""ts_code"": ""01898.HK"", ""side"": ""buy"", ""current_weight"": 0.0, ""target_weight"": 0.08976635001735361, ""post_trade_weight"": 0.08977154232629127, ""diff_weight"": 0.08976635001735361, ""gross_amount"": 0.23555675693082068, ""gross_amount_pct_nav"": 0.08976635001735361, ""fee"": 7.06670270792462e-05, ""fee_pct_nav"": 2.6929905005206083e-05, ""name"": ""中煤能源""}, {""ts_code"": ""03993.HK"", ""side"": ""sell"", ""current_weight"": 0.08032991085350041, ""target_weight"": 0.0, ""post_trade_weight"": 0.0, ""diff_weight"": -0.08032991085350041, ""gross_amount"": 0.2107945046393715, ""gross_amount_pct_nav"": 0.08032991085350041, ""fee"": 6.323835139181145e-05, ""fee_pct_nav"": 2.4098973256050125e-05, ""name"": ""洛阳钼业""}]"
2026-04-08,0.28875507,0.57751013,0.78675957,0.72550840,0.00045368,0.00023603,0.00021765,0.00000000,rebalance,"[{""ts_code"": ""00883.HK"", ""side"": ""buy"", ""current_weight"": 0.08930066725614708, ""target_weight"": 0.09965073255644555, ""post_trade_weight"": 0.09966800034051244, ""diff_weight"": 0.010350065300298463, ""gross_amount"": 0.027102679872368224, ""gross_amount_pct_nav"": 0.010350065300298463, ""fee"": 8.130803961710466e-06, ""fee_pct_nav"": 3.1050195900895386e-06, ""name"": ""中国海洋石油""}, {""ts_code"": ""00939.HK"", ""side"": ""buy"", ""current_weight"": 0.0, ""target_weight"": 0.09367577404477617, ""post_trade_weight"": 0.09369200646973691, ""diff_weight"": 0.09367577404477617, ""gross_amount"": 0.24529937174972763, ""gross_amount_pct_nav"": 0.09367577404477617, ""fee"": 7.358981152491829e-05, ""fee_pct_nav"": 2.810273221343285e-05, ""name"": ""建设银行""}, {""ts_code"": ""01171.HK"", ""side"": ""sell"", ""current_weight"": 0.08169769665475414, ""target_weight"": 0.0, ""post_trade_weight"": 0.0, ""diff_weight"": -0.08169769665475414, ""gross_amount"": 0.21393357959585035, ""gross_amount_pct_nav"": 0.08169769665475414, ""fee"": 6.41800738787551e-05, ""fee_pct_nav"": 2.450930899642624e-05, ""name"": ""兖矿能源""}, {""ts_code"": ""01398.HK"", ""side"": ""buy"", ""current_weight"": 0.0, ""target_weight"": 0.10518310154873198, ""post_trade_weight"": 0.10520132799863792, ""diff_weight"": 0.10518310154873198, ""gross_amount"": 0.27543245830302876, ""gross_amount_pct_nav"": 0.10518310154873198, ""fee"": 8.262973749090862e-05, ""fee_pct_nav"": 3.155493046461959e-05, ""name"": ""工商银行""}, {""ts_code"": ""01898.HK"", ""side"": ""sell"", ""current_weight"": 0.08613698694118009, ""target_weight"": 0.0, ""post_trade_weight"": 0.0, ""diff_weight"": -0.08613698694118009, ""gross_amount"": 0.2255583046582175, ""gross_amount_pct_nav"": 0.08613698694118009, ""fee"": 6.766749139746524e-05, ""fee_pct_nav"": 2.5841096082354023e-05, ""name"": ""中煤能源""}, {""ts_code"": ""02388.HK"", ""side"": ""sell"", ""current_weight"": 0.1140245793040287, ""target_weight"": 0.09743778495953098, ""post_trade_weight"": 0.09745466927726226, ""diff_weight"": -0.01658679434449773, ""gross_amount"": 0.04343417787081655, ""gross_amount_pct_nav"": 0.01658679434449773, ""fee"": 1.3030253361244964e-05, ""fee_pct_nav"": 4.976038303349319e-06, ""name"": ""中银香港""}, {""ts_code"": ""02899.HK"", ""side"": ""sell"", ""current_weight"": 0.09263818338580879, ""target_weight"": 0.0, ""post_trade_weight"": 0.0, ""diff_weight"": -0.09263818338580879, ""gross_amount"": 0.24258233696273535, ""gross_amount_pct_nav"": 0.09263818338580879, ""fee"": 7.27747010888206e-05, ""fee_pct_nav"": 2.7791455015742636e-05, ""name"": ""紫金矿业""}, {""ts_code"": ""03698.HK"", ""side"": ""buy"", ""current_weight"": 0.0, ""target_weight"": 0.09124153168817017, ""post_trade_weight"": 0.09125734230016173, ""diff_weight"": 0.09124153168817017, ""gross_amount"": 0.2389250649788371, ""gross_amount_pct_nav"": 0.09124153168817017, ""fee"": 7.167751949365112e-05, ""fee_pct_nav"": 2.7372459506451052e-05, ""name"": ""徽商银行""}]"
2026-04-13,0.10969742,0.21939483,0.30658499,0.27198437,0.00017357,0.00009198,0.00008160,0.00000000,rebalance,"[{""ts_code"": ""00006.HK"", ""side"": ""buy"", ""current_weight"": 0.0, ""target_weight"": 0.10358673068786241, ""post_trade_weight"": 0.10359354905468775, ""diff_weight"": 0.10358673068786241, ""gross_amount"": 0.27317009544504595, ""gross_amount_pct_nav"": 0.10358673068786241, ""fee"": 8.195102863351377e-05, ""fee_pct_nav"": 3.107601920635872e-05, ""name"": ""电能实业""}, {""ts_code"": ""00939.HK"", ""side"": ""sell"", ""current_weight"": 0.09203434787465982, ""target_weight"": 0.0, ""post_trade_weight"": 0.0, ""diff_weight"": -0.09203434787465982, ""gross_amount"": 0.24270513632581747, ""gross_amount_pct_nav"": 0.09203434787465982, ""fee"": 7.281154089774523e-05, ""fee_pct_nav"": 2.7610304362397944e-05, ""name"": ""建设银行""}, {""ts_code"": ""01398.HK"", ""side"": ""sell"", ""current_weight"": 0.10642678465094432, ""target_weight"": 0.09532403341980945, ""post_trade_weight"": 0.09533030791291114, ""diff_weight"": -0.011102751231134867, ""gross_amount"": 0.029279229041901722, ""gross_amount_pct_nav"": 0.011102751231134867, ""fee"": 8.783768712570515e-06, ""fee_pct_nav"": 3.33082536934046e-06, ""name"": ""工商银行""}, {""ts_code"": ""02388.HK"", ""side"": ""buy"", ""current_weight"": 0.09648824402114627, ""target_weight"": 0.10915924745003765, ""post_trade_weight"": 0.10916643261542079, ""diff_weight"": 0.012671003428891381, ""gross_amount"": 0.03341489004498854, ""gross_amount_pct_nav"": 0.012671003428891381, ""fee"": 1.0024467013496562e-05, ""fee_pct_nav"": 3.8013010286674135e-06, ""name"": ""中银香港""}]"
2026-04-20,0.21122100,0.42244200,0.51378591,0.59375781,0.00033226,0.00015414,0.00017813,0.00000000,rebalance,"[{""ts_code"": ""00006.HK"", ""side"": ""sell"", ""current_weight"": 0.10290983125445873, ""target_weight"": 0.0, ""post_trade_weight"": 0.0, ""diff_weight"": -0.10290983125445873, ""gross_amount"": 0.26980541374595374, ""gross_amount_pct_nav"": 0.10290983125445873, ""fee"": 8.094162412378611e-05, ""fee_pct_nav"": 3.0872949376337614e-05, ""name"": ""电能实业""}, {""ts_code"": ""00288.HK"", ""side"": ""sell"", ""current_weight"": 0.11035571779510359, ""target_weight"": 0.0957388263411345, ""post_trade_weight"": 0.0957509611092713, ""diff_weight"": -0.014616891453969091, ""gross_amount"": 0.03832205726454302, ""gross_amount_pct_nav"": 0.014616891453969091, ""fee"": 1.1496617179362905e-05, ""fee_pct_nav"": 4.385067436190727e-06, ""name"": ""万洲国际""}, {""ts_code"": ""00939.HK"", ""side"": ""buy"", ""current_weight"": 0.0, ""target_weight"": 0.09948199849883296, ""post_trade_weight"": 0.09949460770903226, ""diff_weight"": 0.09948199849883296, ""gross_amount"": 0.26081844113498204, ""gross_amount_pct_nav"": 0.09948199849883296, ""fee"": 7.824553234049461e-05, ""fee_pct_nav"": 2.984459954964989e-05, ""name"": ""建设银行""}, {""ts_code"": ""01288.HK"", ""side"": ""buy"", ""current_weight"": 0.0, ""target_weight"": 0.0964874607726742, ""post_trade_weight"": 0.09649969042922349, ""diff_weight"": 0.0964874607726742, ""gross_amount"": 0.25296746635117945, ""gross_amount_pct_nav"": 0.0964874607726742, ""fee"": 7.589023990535382e-05, ""fee_pct_nav"": 2.8946238231802253e-05, ""name"": ""农业银行""}, {""ts_code"": ""01378.HK"", ""side"": ""sell"", ""current_weight"": 0.09763801493804813, ""target_weight"": 0.0, ""post_trade_weight"": 0.0, ""diff_weight"": -0.09763801493804813, ""gross_amount"": 0.25598394921624484, ""gross_amount_pct_nav"": 0.09763801493804813, ""fee"": 7.679518476487344e-05, ""fee_pct_nav"": 2.9291404481414435e-05, ""name"": ""中国宏桥""}, {""ts_code"": ""02388.HK"", ""side"": ""sell"", ""current_weight"": 0.1119127491526605, ""target_weight"": 0.10060495014614251, ""post_trade_weight"": 0.10061770168896055, ""diff_weight"": -0.011307799006517984, ""gross_amount"": 0.0296463938607176, ""gross_amount_pct_nav"": 0.011307799006517984, ""fee"": 8.893918158215279e-06, ""fee_pct_nav"": 3.3923397019553947e-06, ""name"": ""中银香港""}]"
2026-04-27,0.19045748,0.38091495,0.52648100,0.49874694,0.00030757,0.00015794,0.00014962,0.00000000,rebalance,"[{""ts_code"": ""00001.HK"", ""side"": ""buy"", ""current_weight"": 0.0, ""target_weight"": 0.0974554301649634, ""post_trade_weight"": 0.09746656810698207, ""diff_weight"": 0.0974554301649634, ""gross_amount"": 0.2623000979910732, ""gross_amount_pct_nav"": 0.0974554301649634, ""fee"": 7.869002939732195e-05, ""fee_pct_nav"": 2.9236629049489018e-05, ""name"": ""长和""}, {""ts_code"": ""00006.HK"", ""side"": ""buy"", ""current_weight"": 0.0, ""target_weight"": 0.09815422806465701, ""post_trade_weight"": 0.0981654458705732, ""diff_weight"": 0.09815422806465701, ""gross_amount"": 0.26418090398880284, ""gross_amount_pct_nav"": 0.09815422806465701, ""fee"": 7.925427119664084e-05, ""fee_pct_nav"": 2.9446268419397097e-05, ""name"": ""电能实业""}, {""ts_code"": ""01288.HK"", ""side"": ""sell"", ""current_weight"": 0.09398796813196046, ""target_weight"": 0.0, ""post_trade_weight"": 0.0, ""diff_weight"": -0.09398796813196046, ""gross_amount"": 0.2529674663511794, ""gross_amount_pct_nav"": 0.09398796813196046, ""fee"": 7.589023990535381e-05, ""fee_pct_nav"": 2.8196390439588137e-05, ""name"": ""农业银行""}, {""ts_code"": ""03698.HK"", ""side"": ""sell"", ""current_weight"": 0.0913173285466483, ""target_weight"": 0.0, ""post_trade_weight"": 0.0, ""diff_weight"": -0.0913173285466483, ""gross_amount"": 0.24577947258068897, ""gross_amount_pct_nav"": 0.0913173285466483, ""fee"": 7.373384177420669e-05, ""fee_pct_nav"": 2.739519856399449e-05, ""name"": ""徽商银行""}]"
2026-05-04,0.37454615,0.74909229,0.99375688,1.01467859,0.00060253,0.00029813,0.00030440,0.00000000,rebalance,"[{""ts_code"": ""00001.HK"", ""side"": ""sell"", ""current_weight"": 0.0987381078455866, ""target_weight"": 0.0, ""post_trade_weight"": 0.0, ""diff_weight"": -0.0987381078455866, ""gross_amount"": 0.2647325563959363, ""gross_amount_pct_nav"": 0.0987381078455866, ""fee"": 7.941976691878087e-05, ""fee_pct_nav"": 2.9621432353675976e-05, ""name"": ""长和""}, {""ts_code"": ""00006.HK"", ""side"": ""sell"", ""current_weight"": 0.09800342500628319, ""target_weight"": 0.0, ""post_trade_weight"": 0.0, ""diff_weight"": -0.09800342500628319, ""gross_amount"": 0.26276275496432305, ""gross_amount_pct_nav"": 0.09800342500628319, ""fee"": 7.882882648929691e-05, ""fee_pct_nav"": 2.940102750188495e-05, ""name"": ""电能实业""}, {""ts_code"": ""00288.HK"", ""side"": ""sell"", ""current_weight"": 0.08486617190702475, ""target_weight"": 0.0, ""post_trade_weight"": 0.0, ""diff_weight"": -0.08486617190702475, ""gross_amount"": 0.22753969192541984, ""gross_amount_pct_nav"": 0.08486617190702475, ""fee"": 6.826190757762594e-05, ""fee_pct_nav"": 2.5459851572107424e-05, ""name"": ""万洲国际""}, {""ts_code"": ""00939.HK"", ""side"": ""sell"", ""current_weight"": 0.09684005804771768, ""target_weight"": 0.0, ""post_trade_weight"": 0.0, ""diff_weight"": -0.09684005804771768, ""gross_amount"": 0.25964358329203163, ""gross_amount_pct_nav"": 0.09684005804771768, ""fee"": 7.789307498760949e-05, ""fee_pct_nav"": 2.9052017414315306e-05, ""name"": ""建设银行""}, {""ts_code"": ""01113.HK"", ""side"": ""buy"", ""current_weight"": 0.0, ""target_weight"": 0.09059455915965062, ""post_trade_weight"": 0.09061492284174465, ""diff_weight"": 0.09059455915965062, ""gross_amount"": 0.2428984083774824, ""gross_amount_pct_nav"": 0.09059455915965062, ""fee"": 7.28695225132447e-05, ""fee_pct_nav"": 2.7178367747895178e-05, ""name"": ""长实集团""}, {""ts_code"": ""01171.HK"", ""side"": ""buy"", ""current_weight"": 0.0, ""target_weight"": 0.09683053484863531, ""post_trade_weight"": 0.09685230024213072, ""diff_weight"": 0.09683053484863531, ""gross_amount"": 0.259618050082077, ""gross_amount_pct_nav"": 0.09683053484863531, ""fee"": 7.78854150246231e-05, ""fee_pct_nav"": 2.9049160454590592e-05, ""name"": ""兖矿能源""}, {""ts_code"": ""01898.HK"", ""side"": ""buy"", ""current_weight"": 0.0, ""target_weight"": 0.09146469530229964, ""post_trade_weight"": 0.09148525457203108, ""diff_weight"": 0.09146469530229964, ""gross_amount"": 0.24523138163858862, ""gross_amount_pct_nav"": 0.09146469530229964, ""fee"": 7.356941449157659e-05, ""fee_pct_nav"": 2.7439408590689893e-05, ""name"": ""中煤能源""}, {""ts_code"": ""02601.HK"", ""side"": ""buy"", ""current_weight"": 0.0, ""target_weight"": 0.09175474068318265, ""post_trade_weight"": 0.09177536514879321, ""diff_weight"": 0.09175474068318265, ""gross_amount"": 0.24600903939229068, ""gross_amount_pct_nav"": 0.09175474068318265, ""fee"": 7.38027118176872e-05, ""fee_pct_nav"": 2.7526422204954792e-05, ""name"": ""中国太保""}]"
2026-05-11,0.30838156,0.61676311,0.79295151,0.80374621,0.00047901,0.00023789,0.00024112,0.00000000,rebalance,"[{""ts_code"": ""00001.HK"", ""side"": ""buy"", ""current_weight"": 0.0, ""target_weight"": 0.11024275602024526, ""post_trade_weight"": 0.11026315789473715, ""diff_weight"": 0.11024275602024526, ""gross_amount"": 0.2854002671997098, ""gross_amount_pct_nav"": 0.11024275602024526, ""fee"": 8.562008015991292e-05, ""fee_pct_nav"": 3.3072826806073575e-05, ""name"": ""长和""}, {""ts_code"": ""00016.HK"", ""side"": ""sell"", ""current_weight"": 0.1116179023059217, ""target_weight"": 0.09839344513194581, ""post_trade_weight"": 0.09841165413533862, ""diff_weight"": -0.013224457173975883, ""gross_amount"": 0.03423593301976885, ""gross_amount_pct_nav"": 0.013224457173975883, ""fee"": 1.0270779905930654e-05, ""fee_pct_nav"": 3.9673371521927646e-06, ""name"": ""新鸿基地产""}, {""ts_code"": ""00857.HK"", ""side"": ""sell"", ""current_weight"": 0.11600264636204112, ""target_weight"": 0.10266896967927035, ""post_trade_weight"": 0.1026879699248123, ""diff_weight"": -0.013333676682770775, ""gross_amount"": 0.03451868426909138, ""gross_amount_pct_nav"": 0.013333676682770775, ""fee"": 1.0355605280727413e-05, ""fee_pct_nav"": 4.000103004831232e-06, ""name"": ""中国石油股份""}, {""ts_code"": ""01171.HK"", ""side"": ""sell"", ""current_weight"": 0.09074171214855994, ""target_weight"": 0.0, ""post_trade_weight"": 0.0, ""diff_weight"": -0.09074171214855994, ""gross_amount"": 0.23491528902454362, ""gross_amount_pct_nav"": 0.09074171214855994, ""fee"": 7.047458670736308e-05, ""fee_pct_nav"": 2.722251364456798e-05, ""name"": ""兖矿能源""}, {""ts_code"": ""01398.HK"", ""side"": ""sell"", ""current_weight"": 0.09710176513518927, ""target_weight"": 0.0, ""post_trade_weight"": 0.0, ""diff_weight"": -0.09710176513518927, ""gross_amount"": 0.2513804146011845, ""gross_amount_pct_nav"": 0.09710176513518927, ""fee"": 7.541412438035533e-05, ""fee_pct_nav"": 2.9130529540556777e-05, ""name"": ""工商银行""}, {""ts_code"": ""01898.HK"", ""side"": ""sell"", ""current_weight"": 0.08318093385146273, ""target_weight"": 0.0, ""post_trade_weight"": 0.0, ""diff_weight"": -0.08318093385146273, ""gross_amount"": 0.2153416841535529, ""gross_amount_pct_nav"": 0.08318093385146273, ""fee"": 6.460250524606587e-05, ""fee_pct_nav"": 2.4954280155438817e-05, ""name"": ""中煤能源""}, {""ts_code"": ""02388.HK"", ""side"": ""sell"", ""current_weight"": 0.10541373552986014, ""target_weight"": 0.09252986860990073, ""post_trade_weight"": 0.09254699248120328, ""diff_weight"": -0.01288386691995941, ""gross_amount"": 0.0333542011671647, ""gross_amount_pct_nav"": 0.01288386691995941, ""fee"": 1.0006260350149409e-05, ""fee_pct_nav"": 3.8651600759878225e-06, ""name"": ""中银香港""}, {""ts_code"": ""02628.HK"", ""side"": ""buy"", ""current_weight"": 0.0, ""target_weight"": 0.10327975890031671, ""post_trade_weight"": 0.1032988721804514, ""diff_weight"": 0.10327975890031671, ""gross_amount"": 0.2673742189560186, ""gross_amount_pct_nav"": 0.10327975890031671, ""fee"": 8.021226568680557e-05, ""fee_pct_nav"": 3.098392767009501e-05, ""name"": ""中国人寿""}, {""ts_code"": ""02899.HK"", ""side"": ""buy"", ""current_weight"": 0.0, ""target_weight"": 0.09277418429831925, ""post_trade_weight"": 0.0927913533834589, ""diff_weight"": 0.09277418429831925, ""gross_amount"": 0.24017702336027402, ""gross_amount_pct_nav"": 0.09277418429831925, ""fee"": 7.20531070080822e-05, ""fee_pct_nav"": 2.7832255289495775e-05, ""name"": ""紫金矿业""}]"
