date,one_way_turnover,two_way_turnover,buy_amount,sell_amount,trading_cost,buy_cost,sell_commission,sell_stamp_duty,event_type,trade_details_json
2020-12-21,0.00000000,0.00000000,0.00000000,0.00000000,0.00000000,0.00000000,0.00000000,0.00000000,rebalance,
2021-01-04,0.00000000,0.00000000,0.00000000,0.00000000,0.00000000,0.00000000,0.00000000,0.00000000,rebalance,
2021-01-18,0.00000000,0.00000000,0.00000000,0.00000000,0.00000000,0.00000000,0.00000000,0.00000000,rebalance,
2021-02-01,0.49985004,0.99970009,0.99970009,0.00000000,0.00029991,0.00029991,0.00000000,0.00000000,rebalance,"[{""ts_code"": ""00002.HK"", ""side"": ""buy"", ""current_weight"": 0.0, ""target_weight"": 0.06814344344795802, ""post_trade_weight"": 0.0681638864809924, ""diff_weight"": 0.06814344344795802, ""gross_amount"": 0.06814344344795802, ""gross_amount_pct_nav"": 0.06814344344795802, ""fee"": 2.0443033034387404e-05, ""fee_pct_nav"": 2.0443033034387404e-05, ""name"": ""中电控股""}, {""ts_code"": ""00005.HK"", ""side"": ""buy"", ""current_weight"": 0.0, ""target_weight"": 0.10797395536578529, ""post_trade_weight"": 0.10800634755239502, ""diff_weight"": 0.10797395536578529, ""gross_amount"": 0.10797395536578529, ""gross_amount_pct_nav"": 0.10797395536578529, ""fee"": 3.239218660973558e-05, ""fee_pct_nav"": 3.239218660973558e-05, ""name"": ""汇丰控股""}, {""ts_code"": ""00012.HK"", ""side"": ""buy"", ""current_weight"": 0.0, ""target_weight"": 0.05026532289233634, ""post_trade_weight"": 0.05028040248920404, ""diff_weight"": 0.05026532289233634, ""gross_amount"": 0.05026532289233634, ""gross_amount_pct_nav"": 0.05026532289233634, ""fee"": 1.50795968677009e-05, ""fee_pct_nav"": 1.50795968677009e-05, ""name"": ""恒基地产""}, {""ts_code"": ""00016.HK"", ""side"": ""buy"", ""current_weight"": 0.0, ""target_weight"": 0.08199381284412117, ""post_trade_weight"": 0.08201841098797441, ""diff_weight"": 0.08199381284412117, ""gross_amount"": 0.08199381284412117, ""gross_amount_pct_nav"": 0.08199381284412117, ""fee"": 2.459814385323635e-05, ""fee_pct_nav"": 2.459814385323635e-05, ""name"": ""新鸿基地产""}, {""ts_code"": ""00066.HK"", ""side"": ""buy"", ""current_weight"": 0.0, ""target_weight"": 0.07266842452148294, ""post_trade_weight"": 0.07269022504883939, ""diff_weight"": 0.07266842452148294, ""gross_amount"": 0.07266842452148294, ""gross_amount_pct_nav"": 0.07266842452148294, ""fee"": 2.1800527356444877e-05, ""fee_pct_nav"": 2.1800527356444877e-05, ""name"": ""港铁公司""}, {""ts_code"": ""00267.HK"", ""side"": ""buy"", ""current_weight"": 0.0, ""target_weight"": 0.050373466100496235, ""post_trade_weight"": 0.050388578140326386, ""diff_weight"": 0.050373466100496235, ""gross_amount"": 0.050373466100496235, ""gross_amount_pct_nav"": 0.050373466100496235, ""fee"": 1.5112039830148869e-05, ""fee_pct_nav"": 1.5112039830148869e-05, ""name"": ""中信股份""}, {""ts_code"": ""00386.HK"", ""side"": ""buy"", ""current_weight"": 0.0, ""target_weight"": 0.07756686452617609, ""post_trade_weight"": 0.07759013458553395, ""diff_weight"": 0.07756686452617609, ""gross_amount"": 0.07756686452617609, ""gross_amount_pct_nav"": 0.07756686452617609, ""fee"": 2.3270059357852823e-05, ""fee_pct_nav"": 2.3270059357852823e-05, ""name"": ""中国石油化工股份""}, {""ts_code"": ""00388.HK"", ""side"": ""buy"", ""current_weight"": 0.0, ""target_weight"": 0.07554997324634795, ""post_trade_weight"": 0.07557263823832186, ""diff_weight"": 0.07554997324634795, ""gross_amount"": 0.07554997324634795, ""gross_amount_pct_nav"": 0.07554997324634795, ""fee"": 2.2664991973904384e-05, ""fee_pct_nav"": 2.2664991973904384e-05, ""name"": ""香港交易所""}, {""ts_code"": ""00941.HK"", ""side"": ""buy"", ""current_weight"": 0.0, ""target_weight"": 0.07571691479006092, ""post_trade_weight"": 0.07573962986449793, ""diff_weight"": 0.07571691479006092, ""gross_amount"": 0.07571691479006092, ""gross_amount_pct_nav"": 0.07571691479006092, ""fee"": 2.271507443701827e-05, ""fee_pct_nav"": 2.271507443701827e-05, ""name"": ""中国移动""}, {""ts_code"": ""00998.HK"", ""side"": ""buy"", ""current_weight"": 0.0, ""target_weight"": 0.05269090522035631, ""post_trade_weight"": 0.05270671249192242, ""diff_weight"": 0.05269090522035631, ""gross_amount"": 0.05269090522035631, ""gross_amount_pct_nav"": 0.05269090522035631, ""fee"": 1.5807271566106892e-05, ""fee_pct_nav"": 1.5807271566106892e-05, ""name"": ""中信银行""}, {""ts_code"": ""02313.HK"", ""side"": ""buy"", ""current_weight"": 0.0, ""target_weight"": 0.05073567495179262, ""post_trade_weight"": 0.05075089565427816, ""diff_weight"": 0.05073567495179262, ""gross_amount"": 0.05073567495179262, ""gross_amount_pct_nav"": 0.05073567495179262, ""fee"": 1.5220702485537785e-05, ""fee_pct_nav"": 1.5220702485537785e-05, ""name"": ""申洲国际""}, {""ts_code"": ""03328.HK"", ""side"": ""buy"", ""current_weight"": 0.0, ""target_weight"": 0.0653022299110008, ""post_trade_weight"": 0.06532182057997411, ""diff_weight"": 0.0653022299110008, ""gross_amount"": 0.0653022299110008, ""gross_amount_pct_nav"": 0.0653022299110008, ""fee"": 1.959066897330024e-05, ""fee_pct_nav"": 1.959066897330024e-05, ""name"": ""交通银行""}, {""ts_code"": ""03968.HK"", ""side"": ""buy"", ""current_weight"": 0.0, ""target_weight"": 0.1221775246960319, ""post_trade_weight"": 0.12221417795344071, ""diff_weight"": 0.1221775246960319, ""gross_amount"": 0.1221775246960319, ""gross_amount_pct_nav"": 0.1221775246960319, ""fee"": 3.665325740880956e-05, ""fee_pct_nav"": 3.665325740880956e-05, ""name"": ""招商银行""}, {""ts_code"": ""06186.HK"", ""side"": ""buy"", ""current_weight"": 0.0, ""target_weight"": 0.04854157745905348, ""post_trade_weight"": 0.048556139932291194, ""diff_weight"": 0.04854157745905348, ""gross_amount"": 0.04854157745905348, ""gross_amount_pct_nav"": 0.04854157745905348, ""fee"": 1.4562473237716042e-05, ""fee_pct_nav"": 1.4562473237716042e-05, ""name"": ""中国飞鹤""}]"
2021-02-16,0.49689074,0.99378147,0.52720922,0.52752564,0.00031642,0.00015816,0.00015826,0.00000000,rebalance,"[{""ts_code"": ""00002.HK"", ""side"": ""sell"", ""current_weight"": 0.06469793424151779, ""target_weight"": 0.048947609926673775, ""post_trade_weight"": 0.04896220724698276, ""diff_weight"": -0.01575032431484401, ""gross_amount"": 0.01671636737736911, ""gross_amount_pct_nav"": 0.01575032431484401, ""fee"": 5.014910213210733e-06, ""fee_pct_nav"": 4.725097294453203e-06, ""name"": ""中电控股""}, {""ts_code"": ""00005.HK"", ""side"": ""sell"", ""current_weight"": 0.11422009041692825, ""target_weight"": 0.07896764873664165, ""post_trade_weight"": 0.07899119873355433, ""diff_weight"": -0.03525244168028661, ""gross_amount"": 0.037414643298586986, ""gross_amount_pct_nav"": 0.03525244168028661, ""fee"": 1.1224392989576095e-05, ""fee_pct_nav"": 1.0575732504085982e-05, ""name"": ""汇丰控股""}, {""ts_code"": ""00012.HK"", ""side"": ""sell"", ""current_weight"": 0.048022200513303484, ""target_weight"": 0.0, ""post_trade_weight"": 0.0, ""diff_weight"": -0.048022200513303484, ""gross_amount"": 0.05096763279302766, ""gross_amount_pct_nav"": 0.048022200513303484, ""fee"": 1.5290289837908297e-05, ""fee_pct_nav"": 1.4406660153991043e-05, ""name"": ""恒基地产""}, {""ts_code"": ""00016.HK"", ""side"": ""sell"", ""current_weight"": 0.0810931839345093, ""target_weight"": 0.06039372764882152, ""post_trade_weight"": 0.060411738468725995, ""diff_weight"": -0.020699456285687784, ""gross_amount"": 0.021969053390046095, ""gross_amount_pct_nav"": 0.020699456285687784, ""fee"": 6.590716017013828e-06, ""fee_pct_nav"": 6.209836885706335e-06, ""name"": ""新鸿基地产""}, {""ts_code"": ""00066.HK"", ""side"": ""sell"", ""current_weight"": 0.06946576322837321, ""target_weight"": 0.050624911334748925, ""post_trade_weight"": 0.05064000886550629, ""diff_weight"": -0.018840851893624277, ""gross_amount"": 0.019996451860968753, ""gross_amount_pct_nav"": 0.018840851893624277, ""fee"": 5.998935558290625e-06, ""fee_pct_nav"": 5.652255568087283e-06, ""name"": ""港铁公司""}, {""ts_code"": ""00267.HK"", ""side"": ""sell"", ""current_weight"": 0.0492878466653466, ""target_weight"": 0.0, ""post_trade_weight"": 0.0, ""diff_weight"": -0.0492878466653466, ""gross_amount"": 0.052310907104361475, ""gross_amount_pct_nav"": 0.0492878466653466, ""fee"": 1.569327213130844e-05, ""fee_pct_nav"": 1.4786353999603979e-05, ""name"": ""中信股份""}, {""ts_code"": ""00386.HK"", ""side"": ""sell"", ""current_weight"": 0.08055878215380369, ""target_weight"": 0.057282566659557776, ""post_trade_weight"": 0.057299649658603145, ""diff_weight"": -0.023276215494245907, ""gross_amount"": 0.024703857620882216, ""gross_amount_pct_nav"": 0.023276215494245907, ""fee"": 7.4111572862646645e-06, ""fee_pct_nav"": 6.982864648273771e-06, ""name"": ""中国石油化工股份""}, {""ts_code"": ""00388.HK"", ""side"": ""sell"", ""current_weight"": 0.07739862246416393, ""target_weight"": 0.05505908317005994, ""post_trade_weight"": 0.05507550307440576, ""diff_weight"": -0.022339539294103997, ""gross_amount"": 0.023709730569132975, ""gross_amount_pct_nav"": 0.022339539294103997, ""fee"": 7.112919170739892e-06, ""fee_pct_nav"": 6.7018617882311985e-06, ""name"": ""香港交易所""}, {""ts_code"": ""00857.HK"", ""side"": ""buy"", ""current_weight"": 0.0, ""target_weight"": 0.06768622216761838, ""post_trade_weight"": 0.06770640777968333, ""diff_weight"": 0.06768622216761838, ""gross_amount"": 0.07183774337102213, ""gross_amount_pct_nav"": 0.06768622216761838, ""fee"": 2.1551323011306637e-05, ""fee_pct_nav"": 2.0305866650285515e-05, ""name"": ""中国石油股份""}, {""ts_code"": ""00939.HK"", ""side"": ""buy"", ""current_weight"": 0.0, ""target_weight"": 0.11604974993813365, ""post_trade_weight"": 0.11608435868356907, ""diff_weight"": 0.11604974993813365, ""gross_amount"": 0.12316763866185018, ""gross_amount_pct_nav"": 0.11604974993813365, ""fee"": 3.695029159855505e-05, ""fee_pct_nav"": 3.481492498144009e-05, ""name"": ""建设银行""}, {""ts_code"": ""00941.HK"", ""side"": ""sell"", ""current_weight"": 0.070462111117679, ""target_weight"": 0.05977704778879851, ""post_trade_weight"": 0.05979487470036796, ""diff_weight"": -0.010685063328880487, ""gross_amount"": 0.011340429599134241, ""gross_amount_pct_nav"": 0.010685063328880487, ""fee"": 3.402128879740272e-06, ""fee_pct_nav"": 3.2055189986641456e-06, ""name"": ""中国移动""}, {""ts_code"": ""00998.HK"", ""side"": ""sell"", ""current_weight"": 0.052636600534383605, ""target_weight"": 0.0, ""post_trade_weight"": 0.0, ""diff_weight"": -0.052636600534383605, ""gross_amount"": 0.05586505613724525, ""gross_amount_pct_nav"": 0.052636600534383605, ""fee"": 1.6759516841173575e-05, ""fee_pct_nav"": 1.579098016031508e-05, ""name"": ""中信银行""}, {""ts_code"": ""01288.HK"", ""side"": ""buy"", ""current_weight"": 0.0, ""target_weight"": 0.09042204183570839, ""post_trade_weight"": 0.0904490078001272, ""diff_weight"": 0.09042204183570839, ""gross_amount"": 0.09596806009340327, ""gross_amount_pct_nav"": 0.09042204183570839, ""fee"": 2.8790418028020975e-05, ""fee_pct_nav"": 2.7126612550712513e-05, ""name"": ""农业银行""}, {""ts_code"": ""01299.HK"", ""side"": ""buy"", ""current_weight"": 0.0, ""target_weight"": 0.0852143520857813, ""post_trade_weight"": 0.08523976499550627, ""diff_weight"": 0.0852143520857813, ""gross_amount"": 0.0904409577108132, ""gross_amount_pct_nav"": 0.0852143520857813, ""fee"": 2.7132287313243957e-05, ""fee_pct_nav"": 2.556430562573439e-05, ""name"": ""友邦保险""}, {""ts_code"": ""02313.HK"", ""side"": ""sell"", ""current_weight"": 0.05455995550253201, ""target_weight"": 0.0, ""post_trade_weight"": 0.0, ""diff_weight"": -0.05455995550253201, ""gross_amount"": 0.05790637970633236, ""gross_amount_pct_nav"": 0.05455995550253201, ""fee"": 1.7371913911899707e-05, ""fee_pct_nav"": 1.6367986650759603e-05, ""name"": ""申洲国际""}, {""ts_code"": ""02388.HK"", ""side"": ""buy"", ""current_weight"": 0.0, ""target_weight"": 0.05250122610691963, ""post_trade_weight"": 0.05251688319855793, ""diff_weight"": 0.05250122610691963, ""gross_amount"": 0.055721378545739664, ""gross_amount_pct_nav"": 0.05250122610691963, ""fee"": 1.6716413563721897e-05, ""fee_pct_nav"": 1.5750367832075888e-05, ""name"": ""中银香港""}, {""ts_code"": ""03328.HK"", ""side"": ""sell"", ""current_weight"": 0.06447704292501032, ""target_weight"": 0.0, ""post_trade_weight"": 0.0, ""diff_weight"": -0.06447704292501032, ""gross_amount"": 0.06843172974699124, ""gross_amount_pct_nav"": 0.06447704292501032, ""fee"": 2.052951892409737e-05, ""fee_pct_nav"": 1.9343112877503095e-05, ""name"": ""交通银行""}, {""ts_code"": ""03968.HK"", ""side"": ""sell"", ""current_weight"": 0.1268827558478948, ""target_weight"": 0.09190760178950222, ""post_trade_weight"": 0.09193501078259017, ""diff_weight"": -0.034975154058392584, ""gross_amount"": 0.037120348294616246, ""gross_amount_pct_nav"": 0.034975154058392584, ""fee"": 1.1136104488384873e-05, ""fee_pct_nav"": 1.0492546217517775e-05, ""name"": ""招商银行""}, {""ts_code"": ""03988.HK"", ""side"": ""buy"", ""current_weight"": 0.0, ""target_weight"": 0.08486807636960059, ""post_trade_weight"": 0.08489338601182071, ""diff_weight"": 0.08486807636960059, ""gross_amount"": 0.09007344324128046, ""gross_amount_pct_nav"": 0.08486807636960059, ""fee"": 2.7022032972384134e-05, ""fee_pct_nav"": 2.546042291088017e-05, ""name"": ""中国银行""}, {""ts_code"": ""06186.HK"", ""side"": ""sell"", ""current_weight"": 0.04623711045454656, ""target_weight"": 0.0, ""post_trade_weight"": 0.0, ""diff_weight"": -0.04623711045454656, ""gross_amount"": 0.049073054584517564, ""gross_amount_pct_nav"": 0.04623711045454656, ""fee"": 1.4721916375355269e-05, ""fee_pct_nav"": 1.3871133136363967e-05, ""name"": ""中国飞鹤""}]"
2021-03-01,0.28956724,0.57913447,0.32511767,0.28834967,0.00018404,0.00009754,0.00008650,0.00000000,rebalance,"[{""ts_code"": ""00002.HK"", ""side"": ""sell"", ""current_weight"": 0.05018626410038826, ""target_weight"": 0.0, ""post_trade_weight"": 0.0, ""diff_weight"": -0.05018626410038826, ""gross_amount"": 0.053161459201621956, ""gross_amount_pct_nav"": 0.05018626410038826, ""fee"": 1.5948437760486586e-05, ""fee_pct_nav"": 1.5055879230116477e-05, ""name"": ""中电控股""}, {""ts_code"": ""00003.HK"", ""side"": ""buy"", ""current_weight"": 0.0, ""target_weight"": 0.05300403799786825, ""post_trade_weight"": 0.05301324853782292, ""diff_weight"": 0.05300403799786825, ""gross_amount"": 0.056146279346644845, ""gross_amount_pct_nav"": 0.05300403799786825, ""fee"": 1.684388380399345e-05, ""fee_pct_nav"": 1.5901211399360473e-05, ""name"": ""香港中华煤气""}, {""ts_code"": ""00386.HK"", ""side"": ""sell"", ""current_weight"": 0.059365804378169594, ""target_weight"": 0.0, ""post_trade_weight"": 0.0, ""diff_weight"": -0.059365804378169594, ""gross_amount"": 0.06288519067903915, ""gross_amount_pct_nav"": 0.059365804378169594, ""fee"": 1.8865557203711742e-05, ""fee_pct_nav"": 1.7809741313450877e-05, ""name"": ""中国石油化工股份""}, {""ts_code"": ""00388.HK"", ""side"": ""sell"", ""current_weight"": 0.04928673049689809, ""target_weight"": 0.0, ""post_trade_weight"": 0.0, ""diff_weight"": -0.04928673049689809, ""gross_amount"": 0.05220859849721139, ""gross_amount_pct_nav"": 0.04928673049689809, ""fee"": 1.5662579549163417e-05, ""fee_pct_nav"": 1.4786019149069427e-05, ""name"": ""香港交易所""}, {""ts_code"": ""00857.HK"", ""side"": ""sell"", ""current_weight"": 0.06945542473484209, ""target_weight"": 0.0, ""post_trade_weight"": 0.0, ""diff_weight"": -0.06945542473484209, ""gross_amount"": 0.07357295456355889, ""gross_amount_pct_nav"": 0.06945542473484209, ""fee"": 2.2071886369067664e-05, ""fee_pct_nav"": 2.0836627420452624e-05, ""name"": ""中国石油股份""}, {""ts_code"": ""00939.HK"", ""side"": ""sell"", ""current_weight"": 0.11350608806990971, ""target_weight"": 0.10165038473455988, ""post_trade_weight"": 0.10166804857613441, ""diff_weight"": -0.011855703335349823, ""gross_amount"": 0.012558545659186793, ""gross_amount_pct_nav"": 0.011855703335349823, ""fee"": 3.7675636977560375e-06, ""fee_pct_nav"": 3.5567110006049465e-06, ""name"": ""建设银行""}, {""ts_code"": ""00941.HK"", ""side"": ""sell"", ""current_weight"": 0.07053286502393971, ""target_weight"": 0.05824010826506201, ""post_trade_weight"": 0.05825022867973987, ""diff_weight"": -0.012292756758877697, ""gross_amount"": 0.013021508945263043, ""gross_amount_pct_nav"": 0.012292756758877697, ""fee"": 3.9064526835789125e-06, ""fee_pct_nav"": 3.6878270276633085e-06, ""name"": ""中国移动""}, {""ts_code"": ""01088.HK"", ""side"": ""buy"", ""current_weight"": 0.0, ""target_weight"": 0.05010620805126885, ""post_trade_weight"": 0.050114915033768026, ""diff_weight"": 0.05010620805126885, ""gross_amount"": 0.05307665718526562, ""gross_amount_pct_nav"": 0.05010620805126885, ""fee"": 1.5922997155579686e-05, ""fee_pct_nav"": 1.5031862415380655e-05, ""name"": ""中国神华""}, {""ts_code"": ""01398.HK"", ""side"": ""buy"", ""current_weight"": 0.0, ""target_weight"": 0.10696833934746479, ""post_trade_weight"": 0.10698692729284895, ""diff_weight"": 0.10696833934746479, ""gross_amount"": 0.11330974939099937, ""gross_amount_pct_nav"": 0.10696833934746479, ""fee"": 3.399292481729981e-05, ""fee_pct_nav"": 3.2090501804239437e-05, ""name"": ""工商银行""}, {""ts_code"": ""02318.HK"", ""side"": ""buy"", ""current_weight"": 0.0, ""target_weight"": 0.09684378856259249, ""post_trade_weight"": 0.09686061715938643, ""diff_weight"": 0.09684378856259249, ""gross_amount"": 0.10258498429575143, ""gross_amount_pct_nav"": 0.09684378856259249, ""fee"": 3.077549528872543e-05, ""fee_pct_nav"": 2.905313656877774e-05, ""name"": ""中国平安""}, {""ts_code"": ""03968.HK"", ""side"": ""sell"", ""current_weight"": 0.08204436856029419, ""target_weight"": 0.06227495153363946, ""post_trade_weight"": 0.06228577308518424, ""diff_weight"": -0.01976941702665474, ""gross_amount"": 0.02094140848181257, ""gross_amount_pct_nav"": 0.01976941702665474, ""fee"": 6.28242254454377e-06, ""fee_pct_nav"": 5.930825107996421e-06, ""name"": ""招商银行""}]"
2021-03-15,0.05790761,0.11581522,0.05486095,0.07464279,0.00003885,0.00001646,0.00002239,0.00000000,rebalance,"[{""ts_code"": ""00066.HK"", ""side"": ""sell"", ""current_weight"": 0.04922417948340066, ""target_weight"": 0.0, ""post_trade_weight"": 0.0, ""diff_weight"": -0.04922417948340066, ""gross_amount"": 0.05504211735680035, ""gross_amount_pct_nav"": 0.04922417948340066, ""fee"": 1.65126352070401e-05, ""fee_pct_nav"": 1.4767253845020195e-05, ""name"": ""港铁公司""}, {""ts_code"": ""00386.HK"", ""side"": ""buy"", ""current_weight"": 0.0, ""target_weight"": 0.049062163332382086, ""post_trade_weight"": 0.04906386803525583, ""diff_weight"": 0.049062163332382086, ""gross_amount"": 0.05486095208209894, ""gross_amount_pct_nav"": 0.049062163332382086, ""fee"": 1.6458285624629682e-05, ""fee_pct_nav"": 1.4718648999714625e-05, ""name"": ""中国石油化工股份""}, {""ts_code"": ""01288.HK"", ""side"": ""sell"", ""current_weight"": 0.09696490962172186, ""target_weight"": 0.07943602750645275, ""post_trade_weight"": 0.07943878757276804, ""diff_weight"": -0.01752888211526911, ""gross_amount"": 0.01960066773378151, ""gross_amount_pct_nav"": 0.01752888211526911, ""fee"": 5.8802003201344524e-06, ""fee_pct_nav"": 5.258664634580733e-06, ""name"": ""农业银行""}]"
2021-03-29,0.04707137,0.09414275,0.05254828,0.05156235,0.00003123,0.00001576,0.00001547,0.00000000,rebalance,"[{""ts_code"": ""00386.HK"", ""side"": ""sell"", ""current_weight"": 0.046625607578122896, ""target_weight"": 0.0, ""post_trade_weight"": 0.0, ""diff_weight"": -0.046625607578122896, ""gross_amount"": 0.05156235053285881, ""gross_amount_pct_nav"": 0.046625607578122896, ""fee"": 1.546870515985764e-05, ""fee_pct_nav"": 1.3987682273436868e-05, ""name"": ""中国石油化工股份""}, {""ts_code"": ""03328.HK"", ""side"": ""buy"", ""current_weight"": 0.0, ""target_weight"": 0.04751713753898581, ""post_trade_weight"": 0.04751847959501967, ""diff_weight"": 0.04751713753898581, ""gross_amount"": 0.052548276137700224, ""gross_amount_pct_nav"": 0.04751713753898581, ""fee"": 1.5764482841310066e-05, ""fee_pct_nav"": 1.425514126169574e-05, ""name"": ""交通银行""}]"
2021-04-12,0.01492941,0.02985881,0.02165126,0.01096162,0.00000978,0.00000650,0.00000329,0.00000000,rebalance,"[{""ts_code"": ""00016.HK"", ""side"": ""sell"", ""current_weight"": 0.06318696776913947, ""target_weight"": 0.05315102893600408, ""post_trade_weight"": 0.05315150504823069, ""diff_weight"": -0.010035938833135383, ""gross_amount"": 0.01096161782180085, ""gross_amount_pct_nav"": 0.010035938833135383, ""fee"": 3.2884853465402545e-06, ""fee_pct_nav"": 3.0107816499406147e-06, ""name"": ""新鸿基地产""}, {""ts_code"": ""00941.HK"", ""side"": ""buy"", ""current_weight"": 0.050264902810556907, ""target_weight"": 0.07008777519869715, ""post_trade_weight"": 0.07008840302561556, ""diff_weight"": 0.01982287238814024, ""gross_amount"": 0.021651263012056145, ""gross_amount_pct_nav"": 0.01982287238814024, ""fee"": 6.495378903616843e-06, ""fee_pct_nav"": 5.946861716442072e-06, ""name"": ""中国移动""}]"
2021-04-26,0.05719402,0.11438805,0.05608835,0.06962166,0.00003771,0.00001683,0.00002089,0.00000000,rebalance,"[{""ts_code"": ""00002.HK"", ""side"": ""buy"", ""current_weight"": 0.0, ""target_weight"": 0.05103680233827705, ""post_trade_weight"": 0.05103855379840417, ""diff_weight"": 0.05103680233827705, ""gross_amount"": 0.05608834922199111, ""gross_amount_pct_nav"": 0.05103680233827705, ""fee"": 1.682650476659733e-05, ""fee_pct_nav"": 1.5311040701483114e-05, ""name"": ""中电控股""}, {""ts_code"": ""01088.HK"", ""side"": ""sell"", ""current_weight"": 0.05270058289503537, ""target_weight"": 0.0, ""post_trade_weight"": 0.0, ""diff_weight"": -0.05270058289503537, ""gross_amount"": 0.057916808306823525, ""gross_amount_pct_nav"": 0.05270058289503537, ""fee"": 1.7375042492047057e-05, ""fee_pct_nav"": 1.5810174868510608e-05, ""name"": ""中国神华""}, {""ts_code"": ""03988.HK"", ""side"": ""sell"", ""current_weight"": 0.09272362268297694, ""target_weight"": 0.08207296222835589, ""post_trade_weight"": 0.08207577877473558, ""diff_weight"": -0.010650660454621054, ""gross_amount"": 0.011704847005581484, ""gross_amount_pct_nav"": 0.010650660454621054, ""fee"": 3.511454101674445e-06, ""fee_pct_nav"": 3.195198136386316e-06, ""name"": ""中国银行""}]"
2021-05-10,0.06311606,0.12623211,0.06885519,0.07235159,0.00004236,0.00002066,0.00002171,0.00000000,rebalance,"[{""ts_code"": ""00016.HK"", ""side"": ""sell"", ""current_weight"": 0.0526877471465196, ""target_weight"": 0.0, ""post_trade_weight"": 0.0, ""diff_weight"": -0.0526877471465196, ""gross_amount"": 0.05893799260652211, ""gross_amount_pct_nav"": 0.0526877471465196, ""fee"": 1.768139778195663e-05, ""fee_pct_nav"": 1.580632414395588e-05, ""name"": ""新鸿基地产""}, {""ts_code"": ""00066.HK"", ""side"": ""buy"", ""current_weight"": 0.0, ""target_weight"": 0.05145716404719017, ""post_trade_weight"": 0.051459112784918944, ""diff_weight"": 0.05145716404719017, ""gross_amount"": 0.05756142781607291, ""gross_amount_pct_nav"": 0.05145716404719017, ""fee"": 1.726842834482187e-05, ""fee_pct_nav"": 1.5437149214157047e-05, ""name"": ""港铁公司""}, {""ts_code"": ""01299.HK"", ""side"": ""sell"", ""current_weight"": 0.07846342351858228, ""target_weight"": 0.06647230837665676, ""post_trade_weight"": 0.06647482575392871, ""diff_weight"": -0.011991115141925524, ""gross_amount"": 0.013413597920848785, ""gross_amount_pct_nav"": 0.011991115141925524, ""fee"": 4.024079376254635e-06, ""fee_pct_nav"": 3.5973345425776566e-06, ""name"": ""友邦保险""}, {""ts_code"": ""02318.HK"", ""side"": ""buy"", ""current_weight"": 0.08137108562924071, ""target_weight"": 0.09146717014235659, ""post_trade_weight"": 0.09147063410172358, ""diff_weight"": 0.010096084513115876, ""gross_amount"": 0.011293763476621768, ""gross_amount_pct_nav"": 0.010096084513115876, ""fee"": 3.3881290429865303e-06, ""fee_pct_nav"": 3.0288253539347628e-06, ""name"": ""中国平安""}]"
2021-05-24,0.16408492,0.32816984,0.18499663,0.17973289,0.00010942,0.00005550,0.00005392,0.00000000,rebalance,"[{""ts_code"": ""00016.HK"", ""side"": ""buy"", ""current_weight"": 0.0, ""target_weight"": 0.05013244338726502, ""post_trade_weight"": 0.05013737945994078, ""diff_weight"": 0.05013244338726502, ""gross_amount"": 0.055717436959251194, ""gross_amount_pct_nav"": 0.05013244338726502, ""fee"": 1.6715231087775358e-05, ""fee_pct_nav"": 1.5039733016179506e-05, ""name"": ""新鸿基地产""}, {""ts_code"": ""00066.HK"", ""side"": ""sell"", ""current_weight"": 0.051209519955601655, ""target_weight"": 0.0, ""post_trade_weight"": 0.0, ""diff_weight"": -0.051209519955601655, ""gross_amount"": 0.056914505000260095, ""gross_amount_pct_nav"": 0.051209519955601655, ""fee"": 1.7074351500078026e-05, ""fee_pct_nav"": 1.5362855986680493e-05, ""name"": ""港铁公司""}, {""ts_code"": ""00857.HK"", ""side"": ""buy"", ""current_weight"": 0.0, ""target_weight"": 0.05670884173548248, ""post_trade_weight"": 0.05671442532457672, ""diff_weight"": 0.05670884173548248, ""gross_amount"": 0.06302647748526734, ""gross_amount_pct_nav"": 0.05670884173548248, ""fee"": 1.8907943245580198e-05, ""fee_pct_nav"": 1.701265252064474e-05, ""name"": ""中国石油股份""}, {""ts_code"": ""00941.HK"", ""side"": ""buy"", ""current_weight"": 0.0735833837234967, ""target_weight"": 0.0842040200943624, ""post_trade_weight"": 0.08421231087643273, ""diff_weight"": 0.01062063637086571, ""gross_amount"": 0.011803825975319648, ""gross_amount_pct_nav"": 0.01062063637086571, ""fee"": 3.541147792595894e-06, ""fee_pct_nav"": 3.1861909112597124e-06, ""name"": ""中国移动""}, {""ts_code"": ""01339.HK"", ""side"": ""buy"", ""current_weight"": 0.0, ""target_weight"": 0.04899105593934324, ""post_trade_weight"": 0.0489958796302755, ""diff_weight"": 0.04899105593934324, ""gross_amount"": 0.054448893499591755, ""gross_amount_pct_nav"": 0.04899105593934324, ""fee"": 1.6334668049877525e-05, ""fee_pct_nav"": 1.4697316781802972e-05, ""name"": ""中国人民保险集团""}, {""ts_code"": ""02388.HK"", ""side"": ""sell"", ""current_weight"": 0.06114237722666171, ""target_weight"": 0.0, ""post_trade_weight"": 0.0, ""diff_weight"": -0.06114237722666171, ""gross_amount"": 0.06795392999996229, ""gross_amount_pct_nav"": 0.06114237722666171, ""fee"": 2.0386178999988684e-05, ""fee_pct_nav"": 1.834271316799851e-05, ""name"": ""中银香港""}, {""ts_code"": ""03328.HK"", ""side"": ""sell"", ""current_weight"": 0.04936496120599236, ""target_weight"": 0.0, ""post_trade_weight"": 0.0, ""diff_weight"": -0.04936496120599236, ""gross_amount"": 0.0548644535983151, ""gross_amount_pct_nav"": 0.04936496120599236, ""fee"": 1.645933607949453e-05, ""fee_pct_nav"": 1.4809488361797708e-05, ""name"": ""交通银行""}]"
2021-06-07,0.18126692,0.36253384,0.19767367,0.21127174,0.00012268,0.00005930,0.00006338,0.00000000,rebalance,"[{""ts_code"": ""00002.HK"", ""side"": ""sell"", ""current_weight"": 0.05141018322867956, ""target_weight"": 0.0, ""post_trade_weight"": 0.0, ""diff_weight"": -0.05141018322867956, ""gross_amount"": 0.05799171400060929, ""gross_amount_pct_nav"": 0.05141018322867956, ""fee"": 1.7397514200182785e-05, ""fee_pct_nav"": 1.542305496860387e-05, ""name"": ""中电控股""}, {""ts_code"": ""00003.HK"", ""side"": ""sell"", ""current_weight"": 0.059605742873791445, ""target_weight"": 0.0, ""post_trade_weight"": 0.0, ""diff_weight"": -0.059605742873791445, ""gross_amount"": 0.0672364690504051, ""gross_amount_pct_nav"": 0.059605742873791445, ""fee"": 2.0170940715121528e-05, ""fee_pct_nav"": 1.788172286213743e-05, ""name"": ""香港中华煤气""}, {""ts_code"": ""00005.HK"", ""side"": ""sell"", ""current_weight"": 0.08310371444463495, ""target_weight"": 0.07301247568337196, ""post_trade_weight"": 0.07302041739499983, ""diff_weight"": -0.010091238761262989, ""gross_amount"": 0.01138311897376322, ""gross_amount_pct_nav"": 0.010091238761262989, ""fee"": 3.414935692128966e-06, ""fee_pct_nav"": 3.0273716283788965e-06, ""name"": ""汇丰控股""}, {""ts_code"": ""00388.HK"", ""side"": ""buy"", ""current_weight"": 0.0, ""target_weight"": 0.053275962073797145, ""post_trade_weight"": 0.053281757005738936, ""diff_weight"": 0.053275962073797145, ""gross_amount"": 0.06009634982136019, ""gross_amount_pct_nav"": 0.053275962073797145, ""fee"": 1.8028904946408056e-05, ""fee_pct_nav"": 1.5982788622139143e-05, ""name"": ""香港交易所""}, {""ts_code"": ""01339.HK"", ""side"": ""sell"", ""current_weight"": 0.051014622004317264, ""target_weight"": 0.0, ""post_trade_weight"": 0.0, ""diff_weight"": -0.051014622004317264, ""gross_amount"": 0.05754551303511356, ""gross_amount_pct_nav"": 0.051014622004317264, ""fee"": 1.7263653910534066e-05, ""fee_pct_nav"": 1.5304386601295178e-05, ""name"": ""中国人民保险集团""}, {""ts_code"": ""02388.HK"", ""side"": ""buy"", ""current_weight"": 0.0, ""target_weight"": 0.04744400049874936, ""post_trade_weight"": 0.04744916107667672, ""diff_weight"": 0.04744400049874936, ""gross_amount"": 0.05351778062586968, ""gross_amount_pct_nav"": 0.04744400049874936, ""fee"": 1.6055334187760904e-05, ""fee_pct_nav"": 1.4233200149624807e-05, ""name"": ""中银香港""}, {""ts_code"": ""02628.HK"", ""side"": ""buy"", ""current_weight"": 0.0, ""target_weight"": 0.07451954950599608, ""post_trade_weight"": 0.07452765514502935, ""diff_weight"": 0.07451954950599608, ""gross_amount"": 0.08405954095092934, ""gross_amount_pct_nav"": 0.07451954950599608, ""fee"": 2.52178622852788e-05, ""fee_pct_nav"": 2.2355864851798824e-05, ""name"": ""中国人寿""}, {""ts_code"": ""03988.HK"", ""side"": ""sell"", ""current_weight"": 0.08611404877377173, ""target_weight"": 0.07094151078452453, ""post_trade_weight"": 0.07094922723319746, ""diff_weight"": -0.015172537989247194, ""gross_amount"": 0.017114926041441422, ""gross_amount_pct_nav"": 0.015172537989247194, ""fee"": 5.1344778124324265e-06, ""fee_pct_nav"": 4.551761396774158e-06, ""name"": ""中国银行""}]"
2021-06-21,0.05102361,0.10204721,0.05152160,0.06125133,0.00003383,0.00001546,0.00001838,0.00000000,rebalance,"[{""ts_code"": ""00857.HK"", ""side"": ""sell"", ""current_weight"": 0.0656990455463841, ""target_weight"": 0.05505787010944467, ""post_trade_weight"": 0.055059555711673945, ""diff_weight"": -0.010641175436939423, ""gross_amount"": 0.011759621792475833, ""gross_amount_pct_nav"": 0.010641175436939423, ""fee"": 3.5278865377427495e-06, ""fee_pct_nav"": 3.1923526310818267e-06, ""name"": ""中国石油股份""}, {""ts_code"": ""01658.HK"", ""side"": ""buy"", ""current_weight"": 0.0, ""target_weight"": 0.04662143175511637, ""post_trade_weight"": 0.04662285907493717, ""diff_weight"": 0.04662143175511637, ""gross_amount"": 0.05152160192385448, ""gross_amount_pct_nav"": 0.04662143175511637, ""fee"": 1.5456480577156343e-05, ""fee_pct_nav"": 1.3986429526534909e-05, ""name"": ""邮储银行""}, {""ts_code"": ""02388.HK"", ""side"": ""sell"", ""current_weight"": 0.044784603776808915, ""target_weight"": 0.0, ""post_trade_weight"": 0.0, ""diff_weight"": -0.044784603776808915, ""gross_amount"": 0.04949171317230259, ""gross_amount_pct_nav"": 0.044784603776808915, ""fee"": 1.4847513951690775e-05, ""fee_pct_nav"": 1.3435381133042674e-05, ""name"": ""中银香港""}]"
2021-07-05,0.16216573,0.32433146,0.16829718,0.19263653,0.00010828,0.00005049,0.00005779,0.00000000,rebalance,"[{""ts_code"": ""00388.HK"", ""side"": ""sell"", ""current_weight"": 0.05219212538036812, ""target_weight"": 0.0, ""post_trade_weight"": 0.0, ""diff_weight"": -0.05219212538036812, ""gross_amount"": 0.05808223869616897, ""gross_amount_pct_nav"": 0.05219212538036812, ""fee"": 1.742467160885069e-05, ""fee_pct_nav"": 1.5657637614110435e-05, ""name"": ""香港交易所""}, {""ts_code"": ""00857.HK"", ""side"": ""buy"", ""current_weight"": 0.061689337713041796, ""target_weight"": 0.07599903986323706, ""post_trade_weight"": 0.07600643524662483, ""diff_weight"": 0.014309702150195256, ""gross_amount"": 0.01592461563696644, ""gross_amount_pct_nav"": 0.014309702150195256, ""fee"": 4.777384691089932e-06, ""fee_pct_nav"": 4.292910645058576e-06, ""name"": ""中国石油股份""}, {""ts_code"": ""00883.HK"", ""side"": ""buy"", ""current_weight"": 0.0, ""target_weight"": 0.056116938062431114, ""post_trade_weight"": 0.056122398740253716, ""diff_weight"": 0.056116938062431114, ""gross_amount"": 0.06244998393313687, ""gross_amount_pct_nav"": 0.056116938062431114, ""fee"": 1.873499517994106e-05, ""fee_pct_nav"": 1.6835081418729334e-05, ""name"": ""中国海洋石油""}, {""ts_code"": ""01113.HK"", ""side"": ""buy"", ""current_weight"": 0.0, ""target_weight"": 0.05842020808816201, ""post_trade_weight"": 0.05842589289466987, ""diff_weight"": 0.05842020808816201, ""gross_amount"": 0.06501318821809886, ""gross_amount_pct_nav"": 0.05842020808816201, ""fee"": 1.9503956465429657e-05, ""fee_pct_nav"": 1.75260624264486e-05, ""name"": ""长实集团""}, {""ts_code"": ""01299.HK"", ""side"": ""sell"", ""current_weight"": 0.06471509507179951, ""target_weight"": 0.05264804523912952, ""post_trade_weight"": 0.0526531683627882, ""diff_weight"": -0.012067049832669988, ""gross_amount"": 0.013428870037995005, ""gross_amount_pct_nav"": 0.012067049832669988, ""fee"": 4.028661011398501e-06, ""fee_pct_nav"": 3.620114949800996e-06, ""name"": ""友邦保险""}, {""ts_code"": ""01398.HK"", ""side"": ""sell"", ""current_weight"": 0.10583515460129665, ""target_weight"": 0.09277043274793204, ""post_trade_weight"": 0.09277946013720506, ""diff_weight"": -0.013064721853364613, ""gross_amount"": 0.014539133780353944, ""gross_amount_pct_nav"": 0.013064721853364613, ""fee"": 4.3617401341061826e-06, ""fee_pct_nav"": 3.919416556009383e-06, ""name"": ""工商银行""}, {""ts_code"": ""02318.HK"", ""side"": ""sell"", ""current_weight"": 0.08300108161347479, ""target_weight"": 0.06010639769026378, ""post_trade_weight"": 0.06011224657803629, ""diff_weight"": -0.022894683923211003, ""gross_amount"": 0.025478450758808793, ""gross_amount_pct_nav"": 0.022894683923211003, ""fee"": 7.643535227642637e-06, ""fee_pct_nav"": 6.8684051769632995e-06, ""name"": ""中国平安""}, {""ts_code"": ""02628.HK"", ""side"": ""sell"", ""current_weight"": 0.07288269573977547, ""target_weight"": 0.0, ""post_trade_weight"": 0.0, ""diff_weight"": -0.07288269573977547, ""gross_amount"": 0.08110783187936998, ""gross_amount_pct_nav"": 0.07288269573977547, ""fee"": 2.4332349563810993e-05, ""fee_pct_nav"": 2.1864808721932642e-05, ""name"": ""中国人寿""}, {""ts_code"": ""03968.HK"", ""side"": ""buy"", ""current_weight"": 0.06561827915438573, ""target_weight"": 0.08800161210262303, ""post_trade_weight"": 0.08801017544317856, ""diff_weight"": 0.02238333294823731, ""gross_amount"": 0.0249093915536224, ""gross_amount_pct_nav"": 0.02238333294823731, ""fee"": 7.4728174660867195e-06, ""fee_pct_nav"": 6.714999884471192e-06, ""name"": ""招商银行""}]"
2021-07-19,0.12648717,0.25297435,0.13847119,0.13710521,0.00008267,0.00004154,0.00004113,0.00000000,rebalance,"[{""ts_code"": ""00388.HK"", ""side"": ""buy"", ""current_weight"": 0.0, ""target_weight"": 0.07306067286475765, ""post_trade_weight"": 0.07306621802844246, ""diff_weight"": 0.07306067286475765, ""gross_amount"": 0.07958829395478897, ""gross_amount_pct_nav"": 0.07306067286475765, ""fee"": 2.387648818643669e-05, ""fee_pct_nav"": 2.191820185942729e-05, ""name"": ""香港交易所""}, {""ts_code"": ""00883.HK"", ""side"": ""sell"", ""current_weight"": 0.050858383902106334, ""target_weight"": 0.0, ""post_trade_weight"": 0.0, ""diff_weight"": -0.050858383902106334, ""gross_amount"": 0.055402336843503874, ""gross_amount_pct_nav"": 0.050858383902106334, ""fee"": 1.6620701053051162e-05, ""fee_pct_nav"": 1.52575151706319e-05, ""name"": ""中国海洋石油""}, {""ts_code"": ""00939.HK"", ""side"": ""sell"", ""current_weight"": 0.1015758145579838, ""target_weight"": 0.08527115149728025, ""post_trade_weight"": 0.08527762341266379, ""diff_weight"": -0.016304663060703547, ""gross_amount"": 0.017761406590261736, ""gross_amount_pct_nav"": 0.016304663060703547, ""fee"": 5.32842197707852e-06, ""fee_pct_nav"": 4.891398918211064e-06, ""name"": ""建设银行""}, {""ts_code"": ""01113.HK"", ""side"": ""sell"", ""current_weight"": 0.05869715610115867, ""target_weight"": 0.0, ""post_trade_weight"": 0.0, ""diff_weight"": -0.05869715610115867, ""gross_amount"": 0.06394146578333251, ""gross_amount_pct_nav"": 0.05869715610115867, ""fee"": 1.9182439734999753e-05, ""fee_pct_nav"": 1.76091468303476e-05, ""name"": ""长实集团""}, {""ts_code"": ""03328.HK"", ""side"": ""buy"", ""current_weight"": 0.0, ""target_weight"": 0.05405347320457451, ""post_trade_weight"": 0.05405757575858749, ""diff_weight"": 0.05405347320457451, ""gross_amount"": 0.058882892067616814, ""gross_amount_pct_nav"": 0.05405347320457451, ""fee"": 1.7664867620285043e-05, ""fee_pct_nav"": 1.6216041961372353e-05, ""name"": ""交通银行""}]"
2021-08-02,0.15112816,0.30225632,0.16296665,0.16162167,0.00009738,0.00004889,0.00004849,0.00000000,rebalance,"[{""ts_code"": ""00005.HK"", ""side"": ""buy"", ""current_weight"": 0.06841341775661063, ""target_weight"": 0.08609466514713215, ""post_trade_weight"": 0.08610247265221295, ""diff_weight"": 0.01768124739052153, ""gross_amount"": 0.018987613478203963, ""gross_amount_pct_nav"": 0.01768124739052153, ""fee"": 5.696284043461188e-06, ""fee_pct_nav"": 5.3043742171564575e-06, ""name"": ""汇丰控股""}, {""ts_code"": ""00006.HK"", ""side"": ""buy"", ""current_weight"": 0.0, ""target_weight"": 0.05043183339411148, ""post_trade_weight"": 0.05043640681099841, ""diff_weight"": 0.05043183339411148, ""gross_amount"": 0.05415795267917028, ""gross_amount_pct_nav"": 0.05043183339411148, ""fee"": 1.6247385803751084e-05, ""fee_pct_nav"": 1.5129550018233445e-05, ""name"": ""电能实业""}, {""ts_code"": ""00267.HK"", ""side"": ""buy"", ""current_weight"": 0.0, ""target_weight"": 0.05324024927961863, ""post_trade_weight"": 0.05324507737803847, ""diff_weight"": 0.05324024927961863, ""gross_amount"": 0.0571738663272449, ""gross_amount_pct_nav"": 0.05324024927961863, ""fee"": 1.715215989817347e-05, ""fee_pct_nav"": 1.597207478388559e-05, ""name"": ""中信股份""}, {""ts_code"": ""00388.HK"", ""side"": ""sell"", ""current_weight"": 0.07347449884968059, ""target_weight"": 0.0, ""post_trade_weight"": 0.0, ""diff_weight"": -0.07347449884968059, ""gross_amount"": 0.07890310869188774, ""gross_amount_pct_nav"": 0.07347449884968059, ""fee"": 2.367093260756632e-05, ""fee_pct_nav"": 2.2042349654904172e-05, ""name"": ""香港交易所""}, {""ts_code"": ""01299.HK"", ""side"": ""buy"", ""current_weight"": 0.052275300496539355, ""target_weight"": 0.06736528183164522, ""post_trade_weight"": 0.0673713908603437, ""diff_weight"": 0.015089981335105869, ""gross_amount"": 0.016204893617285172, ""gross_amount_pct_nav"": 0.015089981335105869, ""fee"": 4.861468085185551e-06, ""fee_pct_nav"": 4.52699440053176e-06, ""name"": ""友邦保险""}, {""ts_code"": ""01658.HK"", ""side"": ""sell"", ""current_weight"": 0.052386037111633095, ""target_weight"": 0.0, ""post_trade_weight"": 0.0, ""diff_weight"": -0.052386037111633095, ""gross_amount"": 0.05625654131527867, ""gross_amount_pct_nav"": 0.052386037111633095, ""fee"": 1.68769623945836e-05, ""fee_pct_nav"": 1.571581113348993e-05, ""name"": ""邮储银行""}, {""ts_code"": ""03968.HK"", ""side"": ""sell"", ""current_weight"": 0.08728410228722414, ""target_weight"": 0.0626426967671787, ""post_trade_weight"": 0.06264837752768167, ""diff_weight"": -0.024641405520045432, ""gross_amount"": 0.02646201782262962, ""gross_amount_pct_nav"": 0.024641405520045432, ""fee"": 7.938605346788886e-06, ""fee_pct_nav"": 7.392421656013629e-06, ""name"": ""招商银行""}, {""ts_code"": ""03988.HK"", ""side"": ""buy"", ""current_weight"": 0.07117614871119608, ""target_weight"": 0.08648722058339287, ""post_trade_weight"": 0.0864950636874107, ""diff_weight"": 0.015311071872196783, ""gross_amount"": 0.016442319267707395, ""gross_amount_pct_nav"": 0.015311071872196783, ""fee"": 4.932695780312218e-06, ""fee_pct_nav"": 4.593321561659034e-06, ""name"": ""中国银行""}]"
2021-08-16,0.16519374,0.33038748,0.19738454,0.16390357,0.00010839,0.00005922,0.00004917,0.00000000,rebalance,"[{""ts_code"": ""00003.HK"", ""side"": ""buy"", ""current_weight"": 0.0, ""target_weight"": 0.05268777165434537, ""post_trade_weight"": 0.05269299438604498, ""diff_weight"": 0.05268777165434537, ""gross_amount"": 0.057615578391791676, ""gross_amount_pct_nav"": 0.05268777165434537, ""fee"": 1.72846735175375e-05, ""fee_pct_nav"": 1.5806331496303607e-05, ""name"": ""香港中华煤气""}, {""ts_code"": ""00006.HK"", ""side"": ""sell"", ""current_weight"": 0.04908998921385605, ""target_weight"": 0.0, ""post_trade_weight"": 0.0, ""diff_weight"": -0.04908998921385605, ""gross_amount"": 0.053681300859681855, ""gross_amount_pct_nav"": 0.04908998921385605, ""fee"": 1.6104390257904555e-05, ""fee_pct_nav"": 1.4726996764156815e-05, ""name"": ""电能实业""}, {""ts_code"": ""00016.HK"", ""side"": ""sell"", ""current_weight"": 0.04804509763907292, ""target_weight"": 0.0, ""post_trade_weight"": 0.0, ""diff_weight"": -0.04804509763907292, ""gross_amount"": 0.0525386821732665, ""gross_amount_pct_nav"": 0.04804509763907292, ""fee"": 1.5761604651979948e-05, ""fee_pct_nav"": 1.4413529291721873e-05, ""name"": ""新鸿基地产""}, {""ts_code"": ""00267.HK"", ""side"": ""sell"", ""current_weight"": 0.052749965160105786, ""target_weight"": 0.0, ""post_trade_weight"": 0.0, ""diff_weight"": -0.052749965160105786, ""gross_amount"": 0.05768358876106878, ""gross_amount_pct_nav"": 0.052749965160105786, ""fee"": 1.7305076628320633e-05, ""fee_pct_nav"": 1.5824989548031735e-05, ""name"": ""中信股份""}, {""ts_code"": ""00939.HK"", ""side"": ""buy"", ""current_weight"": 0.0867064803229286, ""target_weight"": 0.10002976879291314, ""post_trade_weight"": 0.10003968435069772, ""diff_weight"": 0.013323288469984531, ""gross_amount"": 0.014569395272869518, ""gross_amount_pct_nav"": 0.013323288469984531, ""fee"": 4.370818581860855e-06, ""fee_pct_nav"": 3.996986540995359e-06, ""name"": ""建设银行""}, {""ts_code"": ""01658.HK"", ""side"": ""buy"", ""current_weight"": 0.0, ""target_weight"": 0.05304562231297091, ""post_trade_weight"": 0.053050880516999674, ""diff_weight"": 0.05304562231297091, ""gross_amount"": 0.05800689827546137, ""gross_amount_pct_nav"": 0.05304562231297091, ""fee"": 1.740206948263841e-05, ""fee_pct_nav"": 1.5913686693891272e-05, ""name"": ""邮储银行""}, {""ts_code"": ""02688.HK"", ""side"": ""buy"", ""current_weight"": 0.0, ""target_weight"": 0.05069158732474451, ""post_trade_weight"": 0.050696612182538105, ""diff_weight"": 0.05069158732474451, ""gross_amount"": 0.0554326939934704, ""gross_amount_pct_nav"": 0.05069158732474451, ""fee"": 1.6629808198041117e-05, ""fee_pct_nav"": 1.520747619742335e-05, ""name"": ""新奥能源""}, {""ts_code"": ""03968.HK"", ""side"": ""buy"", ""current_weight"": 0.06682916944825547, ""target_weight"": 0.07758332836617368, ""post_trade_weight"": 0.07759101889655097, ""diff_weight"": 0.010754158917918215, ""gross_amount"": 0.011759978961304221, ""gross_amount_pct_nav"": 0.010754158917918215, ""fee"": 3.527993688391266e-06, ""fee_pct_nav"": 3.2262476753754643e-06, ""name"": ""招商银行""}]"
2021-08-30,0.10527927,0.21055854,0.12206952,0.10096052,0.00006691,0.00003662,0.00003029,0.00000000,rebalance,"[{""ts_code"": ""00267.HK"", ""side"": ""buy"", ""current_weight"": 0.0, ""target_weight"": 0.057067672312517935, ""post_trade_weight"": 0.05707127736596277, ""diff_weight"": 0.057067672312517935, ""gross_amount"": 0.060447822636085946, ""gross_amount_pct_nav"": 0.057067672312517935, ""fee"": 1.813434679082578e-05, ""fee_pct_nav"": 1.712030169375538e-05, ""name"": ""中信股份""}, {""ts_code"": ""01299.HK"", ""side"": ""buy"", ""current_weight"": 0.06917646184723986, ""target_weight"": 0.07923386066064422, ""post_trade_weight"": 0.07923886598661509, ""diff_weight"": 0.01005739881340437, ""gross_amount"": 0.010653104200987251, ""gross_amount_pct_nav"": 0.01005739881340437, ""fee"": 3.195931260296175e-06, ""fee_pct_nav"": 3.0172196440213107e-06, ""name"": ""友邦保险""}, {""ts_code"": ""01658.HK"", ""side"": ""sell"", ""current_weight"": 0.051291542442804684, ""target_weight"": 0.0, ""post_trade_weight"": 0.0, ""diff_weight"": -0.051291542442804684, ""gross_amount"": 0.054329569345933144, ""gross_amount_pct_nav"": 0.051291542442804684, ""fee"": 1.629887080377994e-05, ""fee_pct_nav"": 1.53874627328414e-05, ""name"": ""邮储银行""}, {""ts_code"": ""02688.HK"", ""side"": ""sell"", ""current_weight"": 0.0440234191607512, ""target_weight"": 0.0, ""post_trade_weight"": 0.0, ""diff_weight"": -0.0440234191607512, ""gross_amount"": 0.04663095103459183, ""gross_amount_pct_nav"": 0.0440234191607512, ""fee"": 1.3989285310377548e-05, ""fee_pct_nav"": 1.3207025748225357e-05, ""name"": ""新奥能源""}, {""ts_code"": ""06030.HK"", ""side"": ""buy"", ""current_weight"": 0.0, ""target_weight"": 0.04811850688543113, ""post_trade_weight"": 0.04812154660620435, ""diff_weight"": 0.04811850688543113, ""gross_amount"": 0.05096859310811245, ""gross_amount_pct_nav"": 0.04811850688543113, ""fee"": 1.5290577932433732e-05, ""fee_pct_nav"": 1.4435552065629336e-05, ""name"": ""中信证券""}]"
2021-09-13,0.17974379,0.35948758,0.18556598,0.21366874,0.00011977,0.00005567,0.00006410,0.00000000,rebalance,"[{""ts_code"": ""00003.HK"", ""side"": ""sell"", ""current_weight"": 0.05125617946377726, ""target_weight"": 0.0, ""post_trade_weight"": 0.0, ""diff_weight"": -0.05125617946377726, ""gross_amount"": 0.05692337657044196, ""gross_amount_pct_nav"": 0.05125617946377726, ""fee"": 1.7077012971132587e-05, ""fee_pct_nav"": 1.5376853839133176e-05, ""name"": ""香港中华煤气""}, {""ts_code"": ""00005.HK"", ""side"": ""sell"", ""current_weight"": 0.08000100106918037, ""target_weight"": 0.059496461173151605, ""post_trade_weight"": 0.05950287833679306, ""diff_weight"": -0.02050453989602877, ""gross_amount"": 0.022771647401659115, ""gross_amount_pct_nav"": 0.02050453989602877, ""fee"": 6.831494220497734e-06, ""fee_pct_nav"": 6.151361968808631e-06, ""name"": ""汇丰控股""}, {""ts_code"": ""00267.HK"", ""side"": ""sell"", ""current_weight"": 0.0603989789945833, ""target_weight"": 0.0, ""post_trade_weight"": 0.0, ""diff_weight"": -0.0603989789945833, ""gross_amount"": 0.06707706001007341, ""gross_amount_pct_nav"": 0.0603989789945833, ""fee"": 2.012311800302202e-05, ""fee_pct_nav"": 1.811969369837499e-05, ""name"": ""中信股份""}, {""ts_code"": ""00388.HK"", ""side"": ""buy"", ""current_weight"": 0.0, ""target_weight"": 0.05392344409066701, ""post_trade_weight"": 0.05392926016036289, ""diff_weight"": 0.05392344409066701, ""gross_amount"": 0.05988555030944963, ""gross_amount_pct_nav"": 0.05392344409066701, ""fee"": 1.7965665092834886e-05, ""fee_pct_nav"": 1.6177033227200103e-05, ""name"": ""香港交易所""}, {""ts_code"": ""00941.HK"", ""side"": ""sell"", ""current_weight"": 0.08796079988311906, ""target_weight"": 0.07600529131262461, ""post_trade_weight"": 0.07601348908409458, ""diff_weight"": -0.01195550857049445, ""gross_amount"": 0.013277382816453284, ""gross_amount_pct_nav"": 0.01195550857049445, ""fee"": 3.983214844935985e-06, ""fee_pct_nav"": 3.586652571148335e-06, ""name"": ""中国移动""}, {""ts_code"": ""01088.HK"", ""side"": ""buy"", ""current_weight"": 0.0, ""target_weight"": 0.04949205514923746, ""post_trade_weight"": 0.04949739325860704, ""diff_weight"": 0.04949205514923746, ""gross_amount"": 0.05496419986776579, ""gross_amount_pct_nav"": 0.04949205514923746, ""fee"": 1.6489259960329736e-05, ""fee_pct_nav"": 1.484761654477124e-05, ""name"": ""中国神华""}, {""ts_code"": ""01398.HK"", ""side"": ""buy"", ""current_weight"": 0.09066308536337056, ""target_weight"": 0.10221486258003704, ""post_trade_weight"": 0.102225887260948, ""diff_weight"": 0.011551777216666476, ""gross_amount"": 0.012829012451598343, ""gross_amount_pct_nav"": 0.011551777216666476, ""fee"": 3.848703735479503e-06, ""fee_pct_nav"": 3.4655331649999424e-06, ""name"": ""工商银行""}, {""ts_code"": ""01658.HK"", ""side"": ""buy"", ""current_weight"": 0.0, ""target_weight"": 0.05212406149038709, ""post_trade_weight"": 0.05212968348244587, ""diff_weight"": 0.05212406149038709, ""gross_amount"": 0.057887216949031685, ""gross_amount_pct_nav"": 0.05212406149038709, ""fee"": 1.7366165084709503e-05, ""fee_pct_nav"": 1.5637218447116125e-05, ""name"": ""邮储银行""}, {""ts_code"": ""02318.HK"", ""side"": ""sell"", ""current_weight"": 0.04828103067775544, ""target_weight"": 0.0, ""post_trade_weight"": 0.0, ""diff_weight"": -0.04828103067775544, ""gross_amount"": 0.05361927711411208, ""gross_amount_pct_nav"": 0.04828103067775544, ""fee"": 1.6085783134233622e-05, ""fee_pct_nav"": 1.448430920332663e-05, ""name"": ""中国平安""}]"
2021-09-27,0.11197486,0.22394972,0.12695643,0.10699385,0.00007019,0.00003809,0.00003210,0.00000000,rebalance,"[{""ts_code"": ""00386.HK"", ""side"": ""buy"", ""current_weight"": 0.0, ""target_weight"": 0.05714928624334109, ""post_trade_weight"": 0.05715312607128965, ""diff_weight"": 0.05714928624334109, ""gross_amount"": 0.05970130932126881, ""gross_amount_pct_nav"": 0.05714928624334109, ""fee"": 1.7910392796380643e-05, ""fee_pct_nav"": 1.7144785873002328e-05, ""name"": ""中国石油化工股份""}, {""ts_code"": ""00883.HK"", ""side"": ""buy"", ""current_weight"": 0.0, ""target_weight"": 0.049842552431528776, ""post_trade_weight"": 0.0498459013241998, ""diff_weight"": 0.049842552431528776, ""gross_amount"": 0.0520682905365765, ""gross_amount_pct_nav"": 0.049842552431528776, ""fee"": 1.562048716097295e-05, ""fee_pct_nav"": 1.4952765729458631e-05, ""name"": ""中国海洋石油""}, {""ts_code"": ""01088.HK"", ""side"": ""buy"", ""current_weight"": 0.046431244434057516, ""target_weight"": 0.060968888127991484, ""post_trade_weight"": 0.060972984592812224, ""diff_weight"": 0.014537643693933962, ""gross_amount"": 0.015186827693321754, ""gross_amount_pct_nav"": 0.014537643693933962, ""fee"": 4.556048307996526e-06, ""fee_pct_nav"": 4.3612931081801885e-06, ""name"": ""中国神华""}, {""ts_code"": ""01658.HK"", ""side"": ""sell"", ""current_weight"": 0.048204578701686714, ""target_weight"": 0.0, ""post_trade_weight"": 0.0, ""diff_weight"": -0.048204578701686714, ""gross_amount"": 0.05035717246785683, ""gross_amount_pct_nav"": 0.048204578701686714, ""fee"": 1.5107151740357048e-05, ""fee_pct_nav"": 1.4461373610506013e-05, ""name"": ""邮储银行""}, {""ts_code"": ""03328.HK"", ""side"": ""sell"", ""current_weight"": 0.05421565743188289, ""target_weight"": 0.0, ""post_trade_weight"": 0.0, ""diff_weight"": -0.05421565743188289, ""gross_amount"": 0.05663667820127719, ""gross_amount_pct_nav"": 0.05421565743188289, ""fee"": 1.6991003460383158e-05, ""fee_pct_nav"": 1.6264697229564867e-05, ""name"": ""交通银行""}]"
2021-10-11,0.13640062,0.27280124,0.15109252,0.14533399,0.00008893,0.00004533,0.00004360,0.00000000,rebalance,"[{""ts_code"": ""00005.HK"", ""side"": ""buy"", ""current_weight"": 0.06723036994652425, ""target_weight"": 0.07917289102895957, ""post_trade_weight"": 0.0791793710981873, ""diff_weight"": 0.01194252108243531, ""gross_amount"": 0.012976773148187112, ""gross_amount_pct_nav"": 0.01194252108243531, ""fee"": 3.893031944456134e-06, ""fee_pct_nav"": 3.582756324730593e-06, ""name"": ""汇丰控股""}, {""ts_code"": ""00388.HK"", ""side"": ""sell"", ""current_weight"": 0.051119959546007, ""target_weight"": 0.0, ""post_trade_weight"": 0.0, ""diff_weight"": -0.051119959546007, ""gross_amount"": 0.055547075344811604, ""gross_amount_pct_nav"": 0.051119959546007, ""fee"": 1.666412260344348e-05, ""fee_pct_nav"": 1.53359878638021e-05, ""name"": ""香港交易所""}, {""ts_code"": ""00883.HK"", ""side"": ""buy"", ""current_weight"": 0.0502951891210797, ""target_weight"": 0.06067516642233554, ""post_trade_weight"": 0.06068013250698536, ""diff_weight"": 0.010379977301255838, ""gross_amount"": 0.011278909184413252, ""gross_amount_pct_nav"": 0.010379977301255838, ""fee"": 3.3836727553239755e-06, ""fee_pct_nav"": 3.1139931903767516e-06, ""name"": ""中国海洋石油""}, {""ts_code"": ""00939.HK"", ""side"": ""sell"", ""current_weight"": 0.09748599524717035, ""target_weight"": 0.08616241296912573, ""post_trade_weight"": 0.08616946511025148, ""diff_weight"": -0.011323582278044619, ""gross_amount"": 0.012304232702016069, ""gross_amount_pct_nav"": 0.011323582278044619, ""fee"": 3.69126981060482e-06, ""fee_pct_nav"": 3.3970746834133853e-06, ""name"": ""建设银行""}, {""ts_code"": ""01398.HK"", ""side"": ""sell"", ""current_weight"": 0.10182056927138781, ""target_weight"": 0.08935833225923372, ""post_trade_weight"": 0.08936564597699227, ""diff_weight"": -0.012462237012154098, ""gross_amount"": 0.013541497771648661, ""gross_amount_pct_nav"": 0.012462237012154098, ""fee"": 4.062449331494598e-06, ""fee_pct_nav"": 3.7386711036462296e-06, ""name"": ""工商银行""}, {""ts_code"": ""02628.HK"", ""side"": ""buy"", ""current_weight"": 0.0, ""target_weight"": 0.06060301746259158, ""post_trade_weight"": 0.06060797764206038, ""diff_weight"": 0.06060301746259158, ""gross_amount"": 0.06585138969227632, ""gross_amount_pct_nav"": 0.06060301746259158, ""fee"": 1.9755416907682893e-05, ""fee_pct_nav"": 1.818090523877747e-05, ""name"": ""中国人寿""}, {""ts_code"": ""03328.HK"", ""side"": ""buy"", ""current_weight"": 0.0, ""target_weight"": 0.05612489031588768, ""post_trade_weight"": 0.05612948397376627, ""diff_weight"": 0.05612489031588768, ""gross_amount"": 0.060985445582955565, ""gross_amount_pct_nav"": 0.05612489031588768, ""fee"": 1.829563367488667e-05, ""fee_pct_nav"": 1.6837467094766303e-05, ""name"": ""交通银行""}, {""ts_code"": ""03968.HK"", ""side"": ""sell"", ""current_weight"": 0.07545175147170305, ""target_weight"": 0.06417723935858587, ""post_trade_weight"": 0.0641824920776477, ""diff_weight"": -0.01127451211311718, ""gross_amount"": 0.012250912938608319, ""gross_amount_pct_nav"": 0.01127451211311718, ""fee"": 3.6752738815824955e-06, ""fee_pct_nav"": 3.3823536339351534e-06, ""name"": ""招商银行""}, {""ts_code"": ""06030.HK"", ""side"": ""sell"", ""current_weight"": 0.04757054467091673, ""target_weight"": 0.0, ""post_trade_weight"": 0.0, ""diff_weight"": -0.04757054467091673, ""gross_amount"": 0.0516902723025636, ""gross_amount_pct_nav"": 0.04757054467091673, ""fee"": 1.5507081690769078e-05, ""fee_pct_nav"": 1.4271163401275017e-05, ""name"": ""中信证券""}]"
2021-10-25,0.13496493,0.26992986,0.13818885,0.15605866,0.00008827,0.00004146,0.00004682,0.00000000,rebalance,"[{""ts_code"": ""00728.HK"", ""side"": ""buy"", ""current_weight"": 0.0, ""target_weight"": 0.05552538865179055, ""post_trade_weight"": 0.055529885403996525, ""diff_weight"": 0.05552538865179055, ""gross_amount"": 0.0605276037276585, ""gross_amount_pct_nav"": 0.05552538865179055, ""fee"": 1.815828111829755e-05, ""fee_pct_nav"": 1.6657616595537164e-05, ""name"": ""中国电信""}, {""ts_code"": ""00857.HK"", ""side"": ""sell"", ""current_weight"": 0.08720310074102607, ""target_weight"": 0.0744918867689102, ""post_trade_weight"": 0.07449791953273752, ""diff_weight"": -0.012711213972115854, ""gross_amount"": 0.013856351857825203, ""gross_amount_pct_nav"": 0.012711213972115854, ""fee"": 4.15690555734756e-06, ""fee_pct_nav"": 3.8133641916347555e-06, ""name"": ""中国石油股份""}, {""ts_code"": ""01088.HK"", ""side"": ""sell"", ""current_weight"": 0.06252798390174226, ""target_weight"": 0.0, ""post_trade_weight"": 0.0, ""diff_weight"": -0.06252798390174226, ""gross_amount"": 0.06816105431027937, ""gross_amount_pct_nav"": 0.06252798390174226, ""fee"": 2.044831629308381e-05, ""fee_pct_nav"": 1.8758395170522677e-05, ""name"": ""中国神华""}, {""ts_code"": ""01211.HK"", ""side"": ""buy"", ""current_weight"": 0.0, ""target_weight"": 0.05871900049761876, ""post_trade_weight"": 0.058723755886125384, ""diff_weight"": 0.05871900049761876, ""gross_amount"": 0.06400892420028904, ""gross_amount_pct_nav"": 0.05871900049761876, ""fee"": 1.920267726008671e-05, ""fee_pct_nav"": 1.7615700149285625e-05, ""name"": ""比亚迪股份""}, {""ts_code"": ""01299.HK"", ""side"": ""sell"", ""current_weight"": 0.07518232939337588, ""target_weight"": 0.06320549819757934, ""post_trade_weight"": 0.06321061692741357, ""diff_weight"": -0.01197683119579654, ""gross_amount"": 0.013055809425817577, ""gross_amount_pct_nav"": 0.01197683119579654, ""fee"": 3.916742827745273e-06, ""fee_pct_nav"": 3.593049358738962e-06, ""name"": ""友邦保险""}, {""ts_code"": ""03328.HK"", ""side"": ""sell"", ""current_weight"": 0.05594539283815833, ""target_weight"": 0.0, ""post_trade_weight"": 0.0, ""diff_weight"": -0.05594539283815833, ""gross_amount"": 0.06098544558295557, ""gross_amount_pct_nav"": 0.05594539283815833, ""fee"": 1.829563367488667e-05, ""fee_pct_nav"": 1.6783617851447496e-05, ""name"": ""交通银行""}, {""ts_code"": ""03968.HK"", ""side"": ""buy"", ""current_weight"": 0.0676164822605987, ""target_weight"": 0.0801405280880021, ""post_trade_weight"": 0.08014701830995673, ""diff_weight"": 0.012524045827403393, ""gross_amount"": 0.013652321961435968, ""gross_amount_pct_nav"": 0.012524045827403393, ""fee"": 4.09569658843079e-06, ""fee_pct_nav"": 3.757213748221018e-06, ""name"": ""招商银行""}]"
2021-11-08,0.06920467,0.13840935,0.07397387,0.07185295,0.00004375,0.00002219,0.00002156,0.00000000,rebalance,"[{""ts_code"": ""00066.HK"", ""side"": ""buy"", ""current_weight"": 0.0, ""target_weight"": 0.058179346876571274, ""post_trade_weight"": 0.05818176274648099, ""diff_weight"": 0.058179346876571274, ""gross_amount"": 0.0612972285904465, ""gross_amount_pct_nav"": 0.058179346876571274, ""fee"": 1.8389168577133948e-05, ""fee_pct_nav"": 1.745380406297138e-05, ""name"": ""港铁公司""}, {""ts_code"": ""00728.HK"", ""side"": ""sell"", ""current_weight"": 0.0551509142012142, ""target_weight"": 0.0, ""post_trade_weight"": 0.0, ""diff_weight"": -0.0551509142012142, ""gross_amount"": 0.05810649957855216, ""gross_amount_pct_nav"": 0.0551509142012142, ""fee"": 1.7431949873565647e-05, ""fee_pct_nav"": 1.6545274260364258e-05, ""name"": ""中国电信""}, {""ts_code"": ""01398.HK"", ""side"": ""buy"", ""current_weight"": 0.08922826761365651, ""target_weight"": 0.10126011624592234, ""post_trade_weight"": 0.10126432102443957, ""diff_weight"": 0.012031848632265817, ""gross_amount"": 0.012676645847233575, ""gross_amount_pct_nav"": 0.012031848632265817, ""fee"": 3.802993754170072e-06, ""fee_pct_nav"": 3.6095545896797453e-06, ""name"": ""工商银行""}, {""ts_code"": ""03968.HK"", ""side"": ""sell"", ""current_weight"": 0.0791229497289831, ""target_weight"": 0.06607571398585152, ""post_trade_weight"": 0.06607845774867718, ""diff_weight"": -0.013047235743131573, ""gross_amount"": 0.013746448434989941, ""gross_amount_pct_nav"": 0.013047235743131573, ""fee"": 4.123934530496982e-06, ""fee_pct_nav"": 3.914170722939471e-06, ""name"": ""招商银行""}]"
2021-11-22,0.18332794,0.36665588,0.18094619,0.20368402,0.00011539,0.00005428,0.00006111,0.00000000,rebalance,"[{""ts_code"": ""00005.HK"", ""side"": ""sell"", ""current_weight"": 0.08302136484089523, ""target_weight"": 0.0698927753820034, ""post_trade_weight"": 0.06990046420686842, ""diff_weight"": -0.013128589458891829, ""gross_amount"": 0.013772183836082197, ""gross_amount_pct_nav"": 0.013128589458891829, ""fee"": 4.1316551508246585e-06, ""fee_pct_nav"": 3.938576837667548e-06, ""name"": ""汇丰控股""}, {""ts_code"": ""00066.HK"", ""side"": ""sell"", ""current_weight"": 0.056812505040805525, ""target_weight"": 0.0, ""post_trade_weight"": 0.0, ""diff_weight"": -0.056812505040805525, ""gross_amount"": 0.05959758784904259, ""gross_amount_pct_nav"": 0.056812505040805525, ""fee"": 1.7879276354712774e-05, ""fee_pct_nav"": 1.7043751512241657e-05, ""name"": ""港铁公司""}, {""ts_code"": ""00728.HK"", ""side"": ""buy"", ""current_weight"": 0.0, ""target_weight"": 0.057659712376240776, ""post_trade_weight"": 0.05766605545573368, ""diff_weight"": 0.057659712376240776, ""gross_amount"": 0.060486327283497905, ""gross_amount_pct_nav"": 0.057659712376240776, ""fee"": 1.814589818504937e-05, ""fee_pct_nav"": 1.729791371287223e-05, ""name"": ""中国电信""}, {""ts_code"": ""01299.HK"", ""side"": ""sell"", ""current_weight"": 0.061817207817642446, ""target_weight"": 0.0, ""post_trade_weight"": 0.0, ""diff_weight"": -0.061817207817642446, ""gross_amount"": 0.0648476329436332, ""gross_amount_pct_nav"": 0.061817207817642446, ""fee"": 1.945428988308996e-05, ""fee_pct_nav"": 1.8545162345292733e-05, ""name"": ""友邦保险""}, {""ts_code"": ""01658.HK"", ""side"": ""buy"", ""current_weight"": 0.0, ""target_weight"": 0.0568171029598039, ""post_trade_weight"": 0.056823353344791584, ""diff_weight"": 0.0568171029598039, ""gross_amount"": 0.05960241116885979, ""gross_amount_pct_nav"": 0.0568171029598039, ""fee"": 1.7880723350657934e-05, ""fee_pct_nav"": 1.704513088794117e-05, ""name"": ""邮储银行""}, {""ts_code"": ""02628.HK"", ""side"": ""sell"", ""current_weight"": 0.06240726421473337, ""target_weight"": 0.0, ""post_trade_weight"": 0.0, ""diff_weight"": -0.06240726421473337, ""gross_amount"": 0.06546661529507604, ""gross_amount_pct_nav"": 0.06240726421473337, ""fee"": 1.963998458852281e-05, ""fee_pct_nav"": 1.8722179264420007e-05, ""name"": ""中国人寿""}, {""ts_code"": ""03328.HK"", ""side"": ""buy"", ""current_weight"": 0.0, ""target_weight"": 0.05801349813936193, ""post_trade_weight"": 0.058019880138424955, ""diff_weight"": 0.05801349813936193, ""gross_amount"": 0.060857456458002876, ""gross_amount_pct_nav"": 0.05801349813936193, ""fee"": 1.825723693740086e-05, ""fee_pct_nav"": 1.7404049441808576e-05, ""name"": ""交通银行""}]"
2021-12-06,0.07455058,0.14910116,0.08281828,0.07283559,0.00004670,0.00002485,0.00002185,0.00000000,rebalance,"[{""ts_code"": ""00669.HK"", ""side"": ""buy"", ""current_weight"": 0.0, ""target_weight"": 0.05028161129932093, ""post_trade_weight"": 0.0502838605138497, ""diff_weight"": 0.05028161129932093, ""gross_amount"": 0.05249139310379229, ""gross_amount_pct_nav"": 0.05028161129932093, ""fee"": 1.5747417931137685e-05, ""fee_pct_nav"": 1.5084483389796278e-05, ""name"": ""创科实业""}, {""ts_code"": ""00939.HK"", ""side"": ""buy"", ""current_weight"": 0.08738333707001313, ""target_weight"": 0.10554487582212098, ""post_trade_weight"": 0.10554959709222353, ""diff_weight"": 0.018161538752107853, ""gross_amount"": 0.018959704062218974, ""gross_amount_pct_nav"": 0.018161538752107853, ""fee"": 5.687911218665692e-06, ""fee_pct_nav"": 5.4484616256323554e-06, ""name"": ""建设银行""}, {""ts_code"": ""00941.HK"", ""side"": ""buy"", ""current_weight"": 0.07640027939668807, ""target_weight"": 0.08728892673361482, ""post_trade_weight"": 0.08729283137225181, ""diff_weight"": 0.010888647336926752, ""gross_amount"": 0.011367182812196439, ""gross_amount_pct_nav"": 0.010888647336926752, ""fee"": 3.4101548436589312e-06, ""fee_pct_nav"": 3.266594201078025e-06, ""name"": ""中国移动""}, {""ts_code"": ""03328.HK"", ""side"": ""sell"", ""current_weight"": 0.05738697926489598, ""target_weight"": 0.0, ""post_trade_weight"": 0.0, ""diff_weight"": -0.05738697926489598, ""gross_amount"": 0.059909028565150894, ""gross_amount_pct_nav"": 0.05738697926489598, ""fee"": 1.7972708569545266e-05, ""fee_pct_nav"": 1.7216093779468792e-05, ""name"": ""交通银行""}, {""ts_code"": ""03988.HK"", ""side"": ""sell"", ""current_weight"": 0.09063806807982554, ""target_weight"": 0.07825568810090033, ""post_trade_weight"": 0.0782591886615643, ""diff_weight"": -0.0123823799789252, ""gross_amount"": 0.012926562181253487, ""gross_amount_pct_nav"": 0.0123823799789252, ""fee"": 3.877968654376045e-06, ""fee_pct_nav"": 3.7147139936775595e-06, ""name"": ""中国银行""}]"
2021-12-20,0.04983287,0.09966575,0.05339020,0.04869101,0.00003062,0.00001602,0.00001461,0.00000000,rebalance,"[{""ts_code"": ""00002.HK"", ""side"": ""buy"", ""current_weight"": 0.0, ""target_weight"": 0.05212687661859195, ""post_trade_weight"": 0.05212843524445986, ""diff_weight"": 0.05212687661859195, ""gross_amount"": 0.053390202484041846, ""gross_amount_pct_nav"": 0.05212687661859195, ""fee"": 1.6017060745212553e-05, ""fee_pct_nav"": 1.5638062985577584e-05, ""name"": ""中电控股""}, {""ts_code"": ""00669.HK"", ""side"": ""sell"", ""current_weight"": 0.047538872704790076, ""target_weight"": 0.0, ""post_trade_weight"": 0.0, ""diff_weight"": -0.047538872704790076, ""gross_amount"": 0.04869100556595734, ""gross_amount_pct_nav"": 0.047538872704790076, ""fee"": 1.4607301669787201e-05, ""fee_pct_nav"": 1.4261661811437022e-05, ""name"": ""创科实业""}]"
2022-01-03,0.18614945,0.37229890,0.08898400,0.30027454,0.00011678,0.00002670,0.00009008,0.00000000,rebalance,"[{""ts_code"": ""00002.HK"", ""side"": ""sell"", ""current_weight"": 0.05247481502866486, ""target_weight"": 0.0, ""post_trade_weight"": 0.0, ""diff_weight"": -0.05247481502866486, ""gross_amount"": 0.05486524242988074, ""gross_amount_pct_nav"": 0.05247481502866486, ""fee"": 1.645957272896422e-05, ""fee_pct_nav"": 1.5742444508599457e-05, ""name"": ""中电控股""}, {""ts_code"": ""00005.HK"", ""side"": ""sell"", ""current_weight"": 0.07211333221240943, ""target_weight"": 0.06033818246639537, ""post_trade_weight"": 0.06034492237088081, ""diff_weight"": -0.011775149746014056, ""gross_amount"": 0.012311552601191655, ""gross_amount_pct_nav"": 0.011775149746014056, ""fee"": 3.6934657803574964e-06, ""fee_pct_nav"": 3.5325449238042168e-06, ""name"": ""汇丰控股""}, {""ts_code"": ""00386.HK"", ""side"": ""sell"", ""current_weight"": 0.05460084456527489, ""target_weight"": 0.0, ""post_trade_weight"": 0.0, ""diff_weight"": -0.05460084456527489, ""gross_amount"": 0.057088120697778924, ""gross_amount_pct_nav"": 0.05460084456527489, ""fee"": 1.7126436209333677e-05, ""fee_pct_nav"": 1.638025336958247e-05, ""name"": ""中国石油化工股份""}, {""ts_code"": ""00883.HK"", ""side"": ""sell"", ""current_weight"": 0.0572898528077262, ""target_weight"": 0.04306383908886142, ""post_trade_weight"": 0.043068649412115634, ""diff_weight"": -0.014226013718864785, ""gross_amount"": 0.01487406274933914, ""gross_amount_pct_nav"": 0.014226013718864785, ""fee"": 4.462218824801741e-06, ""fee_pct_nav"": 4.2678041156594345e-06, ""name"": ""中国海洋石油""}, {""ts_code"": ""00939.HK"", ""side"": ""sell"", ""current_weight"": 0.10765179430555916, ""target_weight"": 0.06287080197025358, ""post_trade_weight"": 0.06287782477377336, ""diff_weight"": -0.044780992335305574, ""gross_amount"": 0.04682093685104094, ""gross_amount_pct_nav"": 0.044780992335305574, ""fee"": 1.404628105531228e-05, ""fee_pct_nav"": 1.3434297700591672e-05, ""name"": ""建设银行""}, {""ts_code"": ""00941.HK"", ""side"": ""sell"", ""current_weight"": 0.08884897990600683, ""target_weight"": 0.07102900595831238, ""post_trade_weight"": 0.0710369400507276, ""diff_weight"": -0.017819973947694457, ""gross_amount"": 0.01863174153544589, ""gross_amount_pct_nav"": 0.017819973947694457, ""fee"": 5.589522460633766e-06, ""fee_pct_nav"": 5.345992184308337e-06, ""name"": ""中国移动""}, {""ts_code"": ""01088.HK"", ""side"": ""buy"", ""current_weight"": 0.0, ""target_weight"": 0.043235432123647125, ""post_trade_weight"": 0.043240261614211614, ""diff_weight"": 0.043235432123647125, ""gross_amount"": 0.045204970493535966, ""gross_amount_pct_nav"": 0.043235432123647125, ""fee"": 1.356149114806079e-05, ""fee_pct_nav"": 1.2970629637094136e-05, ""name"": ""中国神华""}, {""ts_code"": ""01288.HK"", ""side"": ""sell"", ""current_weight"": 0.08223036784839081, ""target_weight"": 0.050315711963212134, ""post_trade_weight"": 0.05032133233623112, ""diff_weight"": -0.03191465588517869, ""gross_amount"": 0.033368489841270436, ""gross_amount_pct_nav"": 0.03191465588517869, ""fee"": 1.001054695238113e-05, ""fee_pct_nav"": 9.574396765553604e-06, ""name"": ""农业银行""}, {""ts_code"": ""01398.HK"", ""side"": ""sell"", ""current_weight"": 0.10660738010473905, ""target_weight"": 0.06428735659099251, ""post_trade_weight"": 0.06429453762670378, ""diff_weight"": -0.04232002351374655, ""gross_amount"": 0.04424786153989488, ""gross_amount_pct_nav"": 0.04232002351374655, ""fee"": 1.3274358461968462e-05, ""fee_pct_nav"": 1.2696007054123963e-05, ""name"": ""工商银行""}, {""ts_code"": ""01816.HK"", ""side"": ""buy"", ""current_weight"": 0.0, ""target_weight"": 0.04187161482466582, ""post_trade_weight"": 0.04187629197391086, ""diff_weight"": 0.04187161482466582, ""gross_amount"": 0.04377902612960063, ""gross_amount_pct_nav"": 0.04187161482466582, ""fee"": 1.3133707838880187e-05, ""fee_pct_nav"": 1.2561484447399746e-05, ""name"": ""中广核电力""}, {""ts_code"": ""03988.HK"", ""side"": ""sell"", ""current_weight"": 0.08029593694989108, ""target_weight"": 0.06301655155278611, ""post_trade_weight"": 0.0630235906368471, ""diff_weight"": -0.017279385397104968, ""gross_amount"": 0.018066527120364897, ""gross_amount_pct_nav"": 0.017279385397104968, ""fee"": 5.419958136109468e-06, ""fee_pct_nav"": 5.18381561913149e-06, ""name"": ""中国银行""}]"
2022-01-17,0.10526401,0.21052803,0.10659768,0.12704530,0.00007009,0.00003198,0.00003811,0.00000000,rebalance,"[{""ts_code"": ""00386.HK"", ""side"": ""buy"", ""current_weight"": 0.0, ""target_weight"": 0.043019844074443765, ""post_trade_weight"": 0.04302256131092759, ""diff_weight"": 0.043019844074443765, ""gross_amount"": 0.04774321290027943, ""gross_amount_pct_nav"": 0.043019844074443765, ""fee"": 1.4322963870083828e-05, ""fee_pct_nav"": 1.290595322233313e-05, ""name"": ""中国石油化工股份""}, {""ts_code"": ""00728.HK"", ""side"": ""sell"", ""current_weight"": 0.05985059802617739, ""target_weight"": 0.04425386438920541, ""post_trade_weight"": 0.044256659569370645, ""diff_weight"": -0.015596733636971984, ""gross_amount"": 0.017309178835942372, ""gross_amount_pct_nav"": 0.015596733636971984, ""fee"": 5.192753650782712e-06, ""fee_pct_nav"": 4.679020091091595e-06, ""name"": ""中国电信""}, {""ts_code"": ""00857.HK"", ""side"": ""sell"", ""current_weight"": 0.07225738961060278, ""target_weight"": 0.06148166366733031, ""post_trade_weight"": 0.061485546996598396, ""diff_weight"": -0.010775725943272472, ""gross_amount"": 0.011958848037070063, ""gross_amount_pct_nav"": 0.010775725943272472, ""fee"": 3.587654411121019e-06, ""fee_pct_nav"": 3.2327177829817416e-06, ""name"": ""中国石油股份""}, {""ts_code"": ""00939.HK"", ""side"": ""buy"", ""current_weight"": 0.06367037197360963, ""target_weight"": 0.07445220069561731, ""post_trade_weight"": 0.07445690327509856, ""diff_weight"": 0.010781828722007687, ""gross_amount"": 0.01196562087111229, ""gross_amount_pct_nav"": 0.010781828722007687, ""fee"": 3.5896862613336867e-06, ""fee_pct_nav"": 3.234548616602306e-06, ""name"": ""建设银行""}, {""ts_code"": ""01211.HK"", ""side"": ""sell"", ""current_weight"": 0.05108648246956789, ""target_weight"": 0.0, ""post_trade_weight"": 0.0, ""diff_weight"": -0.05108648246956789, ""gross_amount"": 0.056695528804110586, ""gross_amount_pct_nav"": 0.05108648246956789, ""fee"": 1.7008658641233174e-05, ""fee_pct_nav"": 1.5325944740870366e-05, ""name"": ""比亚迪股份""}, {""ts_code"": ""01816.HK"", ""side"": ""sell"", ""current_weight"": 0.037017409357455934, ""target_weight"": 0.0, ""post_trade_weight"": 0.0, ""diff_weight"": -0.037017409357455934, ""gross_amount"": 0.04108174015953045, ""gross_amount_pct_nav"": 0.037017409357455934, ""fee"": 1.2324522047859134e-05, ""fee_pct_nav"": 1.1105222807236778e-05, ""name"": ""中广核电力""}, {""ts_code"": ""02388.HK"", ""side"": ""buy"", ""current_weight"": 0.0, ""target_weight"": 0.04225000272217766, ""post_trade_weight"": 0.042252671333636124, ""diff_weight"": 0.04225000272217766, ""gross_amount"": 0.04688884672644864, ""gross_amount_pct_nav"": 0.04225000272217766, ""fee"": 1.406665401793459e-05, ""fee_pct_nav"": 1.2675000816653297e-05, ""name"": ""中银香港""}]"
2022-01-31,0.00000000,0.00000000,0.00000000,0.00000000,0.00000000,0.00000000,0.00000000,0.00000000,rebalance,
2022-02-14,0.04891949,0.09783899,0.04648742,0.06840567,0.00003447,0.00001395,0.00002052,0.00000000,rebalance,"[{""ts_code"": ""00728.HK"", ""side"": ""sell"", ""current_weight"": 0.04467019937817753, ""target_weight"": 0.0, ""post_trade_weight"": 0.0, ""diff_weight"": -0.04467019937817753, ""gross_amount"": 0.052456567564591695, ""gross_amount_pct_nav"": 0.04467019937817753, ""fee"": 1.5736970269377507e-05, ""fee_pct_nav"": 1.3401059813453258e-05, ""name"": ""中国电信""}, {""ts_code"": ""01658.HK"", ""side"": ""sell"", ""current_weight"": 0.06154499388791097, ""target_weight"": 0.047963291359091234, ""post_trade_weight"": 0.047964699204345596, ""diff_weight"": -0.01358170252881974, ""gross_amount"": 0.015949100435250517, ""gross_amount_pct_nav"": 0.01358170252881974, ""fee"": 4.784730130575155e-06, ""fee_pct_nav"": 4.074510758645922e-06, ""name"": ""邮储银行""}, {""ts_code"": ""03328.HK"", ""side"": ""buy"", ""current_weight"": 0.0, ""target_weight"": 0.03958708368825007, ""post_trade_weight"": 0.03958824567038944, ""diff_weight"": 0.03958708368825007, ""gross_amount"": 0.04648742470561495, ""gross_amount_pct_nav"": 0.03958708368825007, ""fee"": 1.3946227411684483e-05, ""fee_pct_nav"": 1.187612510647502e-05, ""name"": ""交通银行""}]"
2022-02-28,0.03996330,0.07992660,0.04524323,0.04527780,0.00002716,0.00001357,0.00001358,0.00000000,rebalance,"[{""ts_code"": ""00728.HK"", ""side"": ""buy"", ""current_weight"": 0.0, ""target_weight"": 0.03994803536318231, ""post_trade_weight"": 0.039948993259337366, ""diff_weight"": 0.03994803536318231, ""gross_amount"": 0.045243228258889386, ""gross_amount_pct_nav"": 0.03994803536318231, ""fee"": 1.3572968477666815e-05, ""fee_pct_nav"": 1.1984410608954694e-05, ""name"": ""中国电信""}, {""ts_code"": ""02388.HK"", ""side"": ""sell"", ""current_weight"": 0.03997856410814335, ""target_weight"": 0.0, ""post_trade_weight"": 0.0, ""diff_weight"": -0.03997856410814335, ""gross_amount"": 0.04527780365074965, ""gross_amount_pct_nav"": 0.03997856410814335, ""fee"": 1.3583341095224894e-05, ""fee_pct_nav"": 1.1993569232443005e-05, ""name"": ""中银香港""}]"
2022-03-14,0.06073022,0.12146044,0.06616427,0.06527074,0.00003943,0.00001985,0.00001958,0.00000000,rebalance,"[{""ts_code"": ""00005.HK"", ""side"": ""sell"", ""current_weight"": 0.06546520643921068, ""target_weight"": 0.053518681552467126, ""post_trade_weight"": 0.05352063174437516, ""diff_weight"": -0.011946524886743559, ""gross_amount"": 0.012927596303903117, ""gross_amount_pct_nav"": 0.011946524886743559, ""fee"": 3.878278891170935e-06, ""fee_pct_nav"": 3.5839574660230672e-06, ""name"": ""汇丰控股""}, {""ts_code"": ""00006.HK"", ""side"": ""buy"", ""current_weight"": 0.0, ""target_weight"": 0.041280757853165095, ""post_trade_weight"": 0.041282262101730034, ""diff_weight"": 0.041280757853165095, ""gross_amount"": 0.04467081244999311, ""gross_amount_pct_nav"": 0.041280757853165095, ""fee"": 1.3401243734997931e-05, ""fee_pct_nav"": 1.2384227355949528e-05, ""name"": ""电能实业""}, {""ts_code"": ""00386.HK"", ""side"": ""sell"", ""current_weight"": 0.03733230325183002, ""target_weight"": 0.0, ""post_trade_weight"": 0.0, ""diff_weight"": -0.03733230325183002, ""gross_amount"": 0.04039810322331335, ""gross_amount_pct_nav"": 0.03733230325183002, ""fee"": 1.2119430966994004e-05, ""fee_pct_nav"": 1.1199690975549006e-05, ""name"": ""中国石油化工股份""}, {""ts_code"": ""01288.HK"", ""side"": ""buy"", ""current_weight"": 0.05114984688624492, ""target_weight"": 0.07101217094021167, ""post_trade_weight"": 0.07101475858544362, ""diff_weight"": 0.019862324053966752, ""gross_amount"": 0.02149345600174602, ""gross_amount_pct_nav"": 0.019862324053966752, ""fee"": 6.448036800523806e-06, ""fee_pct_nav"": 5.9586972161900245e-06, ""name"": ""农业银行""}, {""ts_code"": ""03968.HK"", ""side"": ""sell"", ""current_weight"": 0.056481745798715115, ""target_weight"": 0.04544321187000132, ""post_trade_weight"": 0.04544486779614698, ""diff_weight"": -0.011038533928713795, ""gross_amount"": 0.01194503939599191, ""gross_amount_pct_nav"": 0.011038533928713795, ""fee"": 3.583511818797573e-06, ""fee_pct_nav"": 3.3115601786141382e-06, ""name"": ""招商银行""}]"
2022-03-28,0.04446932,0.08893863,0.05691622,0.04407290,0.00003030,0.00001707,0.00001322,0.00000000,rebalance,"[{""ts_code"": ""00006.HK"", ""side"": ""sell"", ""current_weight"": 0.03881392148261537, ""target_weight"": 0.0, ""post_trade_weight"": 0.0, ""diff_weight"": -0.03881392148261537, ""gross_amount"": 0.04407290457010436, ""gross_amount_pct_nav"": 0.03881392148261537, ""fee"": 1.3221871371031307e-05, ""fee_pct_nav"": 1.164417644478461e-05, ""name"": ""电能实业""}, {""ts_code"": ""01113.HK"", ""side"": ""buy"", ""current_weight"": 0.0, ""target_weight"": 0.037361803815039604, ""post_trade_weight"": 0.037362800713988106, ""diff_weight"": 0.037361803815039604, ""gross_amount"": 0.042424036304724515, ""gross_amount_pct_nav"": 0.037361803815039604, ""fee"": 1.2727210891417353e-05, ""fee_pct_nav"": 1.120854114451188e-05, ""name"": ""长实集团""}, {""ts_code"": ""01398.HK"", ""side"": ""buy"", ""current_weight"": 0.0629162312601432, ""target_weight"": 0.07567914095537726, ""post_trade_weight"": 0.07568116024910343, ""diff_weight"": 0.012762909695234052, ""gross_amount"": 0.014492184235670474, ""gross_amount_pct_nav"": 0.012762909695234052, ""fee"": 4.347655270701142e-06, ""fee_pct_nav"": 3.828872908570215e-06, ""name"": ""工商银行""}]"
2022-04-11,0.17285005,0.34570011,0.03003949,0.36758770,0.00011929,0.00000901,0.00011028,0.00000000,rebalance,"[{""ts_code"": ""00005.HK"", ""side"": ""sell"", ""current_weight"": 0.05486090137291658, ""target_weight"": 0.04245475851614175, ""post_trade_weight"": 0.04245916195721554, ""diff_weight"": -0.012406142856774832, ""gross_amount"": 0.014269650440975161, ""gross_amount_pct_nav"": 0.012406142856774832, ""fee"": 4.280895132292548e-06, ""fee_pct_nav"": 3.721842857032449e-06, ""name"": ""汇丰控股""}, {""ts_code"": ""00728.HK"", ""side"": ""sell"", ""current_weight"": 0.040137558665846944, ""target_weight"": 0.02701193232151278, ""post_trade_weight"": 0.027014734020460656, ""diff_weight"": -0.013125626344334163, ""gross_amount"": 0.01509720643352274, ""gross_amount_pct_nav"": 0.013125626344334163, ""fee"": 4.529161930056822e-06, ""fee_pct_nav"": 3.937687903300249e-06, ""name"": ""中国电信""}, {""ts_code"": ""00857.HK"", ""side"": ""sell"", ""current_weight"": 0.06119280403035994, ""target_weight"": 0.038683937339210724, ""post_trade_weight"": 0.03868794966773476, ""diff_weight"": -0.022508866691149213, ""gross_amount"": 0.025889888840817984, ""gross_amount_pct_nav"": 0.022508866691149213, ""fee"": 7.766966652245394e-06, ""fee_pct_nav"": 6.752660007344763e-06, ""name"": ""中国石油股份""}, {""ts_code"": ""00883.HK"", ""side"": ""sell"", ""current_weight"": 0.0540550345090528, ""target_weight"": 0.035439372493273356, ""post_trade_weight"": 0.0354430482929698, ""diff_weight"": -0.018615662015779445, ""gross_amount"": 0.021411891895751448, ""gross_amount_pct_nav"": 0.018615662015779445, ""fee"": 6.423567568725434e-06, ""fee_pct_nav"": 5.5846986047338334e-06, ""name"": ""中国海洋石油""}, {""ts_code"": ""00939.HK"", ""side"": ""sell"", ""current_weight"": 0.07199277906832462, ""target_weight"": 0.04192125508287258, ""post_trade_weight"": 0.041925603188549036, ""diff_weight"": -0.03007152398545204, ""gross_amount"": 0.034588521223215596, ""gross_amount_pct_nav"": 0.03007152398545204, ""fee"": 1.0376556366964678e-05, ""fee_pct_nav"": 9.02145719563561e-06, ""name"": ""建设银行""}, {""ts_code"": ""00941.HK"", ""side"": ""sell"", ""current_weight"": 0.07484760646177241, ""target_weight"": 0.045422162103239606, ""post_trade_weight"": 0.04542687332575639, ""diff_weight"": -0.02942544435853281, ""gross_amount"": 0.03384539497200219, ""gross_amount_pct_nav"": 0.02942544435853281, ""fee"": 1.0153618491600655e-05, ""fee_pct_nav"": 8.82763330755984e-06, ""name"": ""中国移动""}, {""ts_code"": ""01088.HK"", ""side"": ""sell"", ""current_weight"": 0.053307496382356157, ""target_weight"": 0.03095160385327125, ""post_trade_weight"": 0.030954814178060997, ""diff_weight"": -0.022355892529084903, ""gross_amount"": 0.025713936665806014, ""gross_amount_pct_nav"": 0.022355892529084903, ""fee"": 7.714180999741803e-06, ""fee_pct_nav"": 6.706767758725471e-06, ""name"": ""中国神华""}, {""ts_code"": ""01113.HK"", ""side"": ""sell"", ""current_weight"": 0.03799589450931399, ""target_weight"": 0.0, ""post_trade_weight"": 0.0, ""diff_weight"": -0.03799589450931399, ""gross_amount"": 0.043703199221504715, ""gross_amount_pct_nav"": 0.03799589450931399, ""fee"": 1.3110959766451413e-05, ""fee_pct_nav"": 1.1398768352794195e-05, ""name"": ""长实集团""}, {""ts_code"": ""01288.HK"", ""side"": ""sell"", ""current_weight"": 0.07041988405219386, ""target_weight"": 0.03599239699252283, ""post_trade_weight"": 0.03599613015235698, ""diff_weight"": -0.034427487059671025, ""gross_amount"": 0.03959878679249822, ""gross_amount_pct_nav"": 0.034427487059671025, ""fee"": 1.1879636037749464e-05, ""fee_pct_nav"": 1.0328246117901307e-05, ""name"": ""农业银行""}, {""ts_code"": ""01398.HK"", ""side"": ""sell"", ""current_weight"": 0.07611671853513849, ""target_weight"": 0.04386427483909541, ""post_trade_weight"": 0.04386882447631511, ""diff_weight"": -0.032252443696043076, ""gross_amount"": 0.037097033519845495, ""gross_amount_pct_nav"": 0.032252443696043076, ""fee"": 1.1129110055953647e-05, ""fee_pct_nav"": 9.675733108812922e-06, ""name"": ""工商银行""}, {""ts_code"": ""01658.HK"", ""side"": ""sell"", ""current_weight"": 0.048705430182485306, ""target_weight"": 0.034345185969274904, ""post_trade_weight"": 0.03434874827908115, ""diff_weight"": -0.014360244213210404, ""gross_amount"": 0.016517274348299728, ""gross_amount_pct_nav"": 0.014360244213210404, ""fee"": 4.955182304489918e-06, ""fee_pct_nav"": 4.30807326396312e-06, ""name"": ""邮储银行""}, {""ts_code"": ""02388.HK"", ""side"": ""buy"", ""current_weight"": 0.0, ""target_weight"": 0.026116564881391417, ""post_trade_weight"": 0.026119273712121457, ""diff_weight"": 0.026116564881391417, ""gross_amount"": 0.030039493811970006, ""gross_amount_pct_nav"": 0.026116564881391417, ""fee"": 9.011848143591e-06, ""fee_pct_nav"": 7.834969464417425e-06, ""name"": ""中银香港""}, {""ts_code"": ""03328.HK"", ""side"": ""sell"", ""current_weight"": 0.04152130099392131, ""target_weight"": 0.02599708247180637, ""post_trade_weight"": 0.025999778909726552, ""diff_weight"": -0.015524218522114937, ""gross_amount"": 0.017856087442917053, ""gross_amount_pct_nav"": 0.015524218522114937, ""fee"": 5.356826232875116e-06, ""fee_pct_nav"": 4.657265556634481e-06, ""name"": ""交通银行""}, {""ts_code"": ""03968.HK"", ""side"": ""sell"", ""current_weight"": 0.04481391749579159, ""target_weight"": 0.02898604758248179, ""post_trade_weight"": 0.02898905403822321, ""diff_weight"": -0.0158278699133098, ""gross_amount"": 0.01820534984125388, ""gross_amount_pct_nav"": 0.0158278699133098, ""fee"": 5.461604952376164e-06, ""fee_pct_nav"": 4.748360973992939e-06, ""name"": ""招商银行""}, {""ts_code"": ""03988.HK"", ""side"": ""sell"", ""current_weight"": 0.06344779786631077, ""target_weight"": 0.04276157053756958, ""post_trade_weight"": 0.042766005801428475, ""diff_weight"": -0.02068622732874119, ""gross_amount"": 0.023793473630886602, ""gross_amount_pct_nav"": 0.02068622732874119, ""fee"": 7.13804208926598e-06, ""fee_pct_nav"": 6.205868198622356e-06, ""name"": ""中国银行""}]"
2022-04-25,0.02430246,0.04860493,0.02790366,0.02649697,0.00001632,0.00000837,0.00000795,0.00000000,rebalance,"[{""ts_code"": ""00386.HK"", ""side"": ""buy"", ""current_weight"": 0.0, ""target_weight"": 0.02493087449592548, ""post_trade_weight"": 0.024931238030239486, ""diff_weight"": 0.02493087449592548, ""gross_amount"": 0.027903659116841412, ""gross_amount_pct_nav"": 0.02493087449592548, ""fee"": 8.371097735052422e-06, ""fee_pct_nav"": 7.479262348777643e-06, ""name"": ""中国石油化工股份""}, {""ts_code"": ""03968.HK"", ""side"": ""sell"", ""current_weight"": 0.023674054197143843, ""target_weight"": 0.0, ""post_trade_weight"": 0.0, ""diff_weight"": -0.023674054197143843, ""gross_amount"": 0.0264969741971423, ""gross_amount_pct_nav"": 0.023674054197143843, ""fee"": 7.94909225914269e-06, ""fee_pct_nav"": 7.102216259143153e-06, ""name"": ""招商银行""}]"
2022-05-10,0.02575403,0.05150806,0.02869947,0.02845953,0.00001715,0.00000861,0.00000854,0.00000000,rebalance,"[{""ts_code"": ""00006.HK"", ""side"": ""buy"", ""current_weight"": 0.0, ""target_weight"": 0.02586214355096268, ""post_trade_weight"": 0.025862543189811783, ""diff_weight"": 0.02586214355096268, ""gross_amount"": 0.028699473660039884, ""gross_amount_pct_nav"": 0.02586214355096268, ""fee"": 8.609842098011965e-06, ""fee_pct_nav"": 7.758643065288803e-06, ""name"": ""电能实业""}, {""ts_code"": ""00728.HK"", ""side"": ""sell"", ""current_weight"": 0.02564591918041548, ""target_weight"": 0.0, ""post_trade_weight"": 0.0, ""diff_weight"": -0.02564591918041548, ""gross_amount"": 0.028459527361120396, ""gross_amount_pct_nav"": 0.02564591918041548, ""fee"": 8.537858208336119e-06, ""fee_pct_nav"": 7.693775754124643e-06, ""name"": ""中国电信""}]"
2022-05-23,0.02537356,0.05074713,0.02717874,0.02983220,0.00001710,0.00000815,0.00000895,0.00000000,rebalance,"[{""ts_code"": ""00006.HK"", ""side"": ""sell"", ""current_weight"": 0.026554525920586422, ""target_weight"": 0.0, ""post_trade_weight"": 0.0, ""diff_weight"": -0.026554525920586422, ""gross_amount"": 0.02983219762604982, ""gross_amount_pct_nav"": 0.026554525920586422, ""fee"": 8.949659287814946e-06, ""fee_pct_nav"": 7.966357776175927e-06, ""name"": ""电能实业""}, {""ts_code"": ""01211.HK"", ""side"": ""buy"", ""current_weight"": 0.0, ""target_weight"": 0.024192602578468527, ""post_trade_weight"": 0.024192970895609373, ""diff_weight"": 0.024192602578468527, ""gross_amount"": 0.027178737943494697, ""gross_amount_pct_nav"": 0.024192602578468527, ""fee"": 8.153621383048409e-06, ""fee_pct_nav"": 7.2577807735405584e-06, ""name"": ""比亚迪股份""}]"
2022-06-06,0.02701571,0.05403142,0.03182377,0.03021421,0.00001861,0.00000955,0.00000906,0.00000000,rebalance,"[{""ts_code"": ""00728.HK"", ""side"": ""buy"", ""current_weight"": 0.0, ""target_weight"": 0.027716624582667552, ""post_trade_weight"": 0.027717073860500967, ""diff_weight"": 0.027716624582667552, ""gross_amount"": 0.03182376838697713, ""gross_amount_pct_nav"": 0.027716624582667552, ""fee"": 9.547130516093139e-06, ""fee_pct_nav"": 8.314987374800263e-06, ""name"": ""中国电信""}, {""ts_code"": ""01211.HK"", ""side"": ""sell"", ""current_weight"": 0.02631479249989938, ""target_weight"": 0.0, ""post_trade_weight"": 0.0, ""diff_weight"": -0.02631479249989938, ""gross_amount"": 0.030214208053019814, ""gross_amount_pct_nav"": 0.02631479249989938, ""fee"": 9.064262415905944e-06, ""fee_pct_nav"": 7.894437749969814e-06, ""name"": ""比亚迪股份""}]"
2022-06-20,0.03125570,0.06251141,0.02961128,0.04103921,0.00002120,0.00000888,0.00001231,0.00000000,rebalance,"[{""ts_code"": ""00883.HK"", ""side"": ""sell"", ""current_weight"": 0.04001865339059047, ""target_weight"": 0.027993975302280007, ""post_trade_weight"": 0.027994500294945813, ""diff_weight"": -0.01202467808831046, ""gross_amount"": 0.01359031053294988, ""gross_amount_pct_nav"": 0.01202467808831046, ""fee"": 4.077093159884964e-06, ""fee_pct_nav"": 3.607403426493138e-06, ""name"": ""中国海洋石油""}, {""ts_code"": ""01211.HK"", ""side"": ""buy"", ""current_weight"": 0.0, ""target_weight"": 0.026199997070734497, ""post_trade_weight"": 0.026200488419539293, ""diff_weight"": 0.026199997070734497, ""gross_amount"": 0.02961127886656702, ""gross_amount_pct_nav"": 0.026199997070734497, ""fee"": 8.883383659970106e-06, ""fee_pct_nav"": 7.859999121220349e-06, ""name"": ""比亚迪股份""}, {""ts_code"": ""03328.HK"", ""side"": ""sell"", ""current_weight"": 0.024286730089569334, ""target_weight"": 0.0, ""post_trade_weight"": 0.0, ""diff_weight"": -0.024286730089569334, ""gross_amount"": 0.027448901444442817, ""gross_amount_pct_nav"": 0.024286730089569334, ""fee"": 8.234670433332844e-06, ""fee_pct_nav"": 7.2860190268707986e-06, ""name"": ""交通银行""}]"
2022-07-04,0.20759806,0.41519611,0.41716511,0.06260722,0.00014393,0.00012515,0.00001878,0.00000000,rebalance,"[{""ts_code"": ""00005.HK"", ""side"": ""buy"", ""current_weight"": 0.04006829792681606, ""target_weight"": 0.0675131710635164, ""post_trade_weight"": 0.0675215814729158, ""diff_weight"": 0.027444873136700344, ""gross_amount"": 0.03171342488194202, ""gross_amount_pct_nav"": 0.027444873136700344, ""fee"": 9.514027464582606e-06, ""fee_pct_nav"": 8.233461941010102e-06, ""name"": ""汇丰控股""}, {""ts_code"": ""00386.HK"", ""side"": ""buy"", ""current_weight"": 0.026657225493031057, ""target_weight"": 0.05155847120660275, ""post_trade_weight"": 0.05156489406963857, ""diff_weight"": 0.024901245713571694, ""gross_amount"": 0.02877418239358208, ""gross_amount_pct_nav"": 0.024901245713571694, ""fee"": 8.632254718074623e-06, ""fee_pct_nav"": 7.470373714071508e-06, ""name"": ""中国石油化工股份""}, {""ts_code"": ""00728.HK"", ""side"": ""sell"", ""current_weight"": 0.02640233306991945, ""target_weight"": 0.0, ""post_trade_weight"": 0.0, ""diff_weight"": -0.02640233306991945, ""gross_amount"": 0.030508736635449157, ""gross_amount_pct_nav"": 0.02640233306991945, ""fee"": 9.152620990634747e-06, ""fee_pct_nav"": 7.920699920975834e-06, ""name"": ""中国电信""}, {""ts_code"": ""00857.HK"", ""side"": ""buy"", ""current_weight"": 0.03756278275560029, ""target_weight"": 0.06164848855603257, ""post_trade_weight"": 0.06165616837642085, ""diff_weight"": 0.024085705800432285, ""gross_amount"": 0.027831800053363262, ""gross_amount_pct_nav"": 0.024085705800432285, ""fee"": 8.349540016008978e-06, ""fee_pct_nav"": 7.225711740129685e-06, ""name"": ""中国石油股份""}, {""ts_code"": ""00883.HK"", ""side"": ""sell"", ""current_weight"": 0.027778100799369473, ""target_weight"": 0.0, ""post_trade_weight"": 0.0, ""diff_weight"": -0.027778100799369473, ""gross_amount"": 0.03209848005767577, ""gross_amount_pct_nav"": 0.027778100799369473, ""fee"": 9.62954401730273e-06, ""fee_pct_nav"": 8.33343023981084e-06, ""name"": ""中国海洋石油""}, {""ts_code"": ""00939.HK"", ""side"": ""buy"", ""current_weight"": 0.04353306140357454, ""target_weight"": 0.0726850737017717, ""post_trade_weight"": 0.07269412839758035, ""diff_weight"": 0.029152012298197156, ""gross_amount"": 0.03368607854630725, ""gross_amount_pct_nav"": 0.029152012298197156, ""fee"": 1.0105823563892175e-05, ""fee_pct_nav"": 8.745603689459147e-06, ""name"": ""建设银行""}, {""ts_code"": ""00941.HK"", ""side"": ""buy"", ""current_weight"": 0.04448224746240758, ""target_weight"": 0.07125243407271994, ""post_trade_weight"": 0.07126131029837808, ""diff_weight"": 0.026770186610312368, ""gross_amount"": 0.030933803115541836, ""gross_amount_pct_nav"": 0.026770186610312368, ""fee"": 9.28014093466255e-06, ""fee_pct_nav"": 8.03105598309371e-06, ""name"": ""中国移动""}, {""ts_code"": ""01088.HK"", ""side"": ""buy"", ""current_weight"": 0.03483038146556598, ""target_weight"": 0.047956552314714435, ""post_trade_weight"": 0.047962526471045666, ""diff_weight"": 0.013126170849148454, ""gross_amount"": 0.015167708414558001, ""gross_amount_pct_nav"": 0.013126170849148454, ""fee"": 4.5503125243674e-06, ""fee_pct_nav"": 3.937851254744536e-06, ""name"": ""中国神华""}, {""ts_code"": ""01211.HK"", ""side"": ""buy"", ""current_weight"": 0.026868211902785197, ""target_weight"": 0.04036422973975741, ""post_trade_weight"": 0.04036925808743914, ""diff_weight"": 0.013496017836972215, ""gross_amount"": 0.015595078386637658, ""gross_amount_pct_nav"": 0.013496017836972215, ""fee"": 4.678523515991297e-06, ""fee_pct_nav"": 4.048805351091664e-06, ""name"": ""比亚迪股份""}, {""ts_code"": ""01288.HK"", ""side"": ""buy"", ""current_weight"": 0.035520374511488095, ""target_weight"": 0.06503242464308467, ""post_trade_weight"": 0.06504052601511133, ""diff_weight"": 0.029512050131596575, ""gross_amount"": 0.03410211372808045, ""gross_amount_pct_nav"": 0.029512050131596575, ""fee"": 1.0230634118424135e-05, ""fee_pct_nav"": 8.853615039478971e-06, ""name"": ""农业银行""}, {""ts_code"": ""01299.HK"", ""side"": ""buy"", ""current_weight"": 0.0, ""target_weight"": 0.04113734441985632, ""post_trade_weight"": 0.04114246907779677, ""diff_weight"": 0.04113734441985632, ""gross_amount"": 0.04753551148163701, ""gross_amount_pct_nav"": 0.04113734441985632, ""fee"": 1.4260653444491102e-05, ""fee_pct_nav"": 1.2341203325956895e-05, ""name"": ""友邦保险""}, {""ts_code"": ""01398.HK"", ""side"": ""buy"", ""current_weight"": 0.04614220523371726, ""target_weight"": 0.07535977069654663, ""post_trade_weight"": 0.07536915859099477, ""diff_weight"": 0.029217565462829376, ""gross_amount"": 0.033761827315557616, ""gross_amount_pct_nav"": 0.029217565462829376, ""fee"": 1.0128548194667285e-05, ""fee_pct_nav"": 8.765269638848812e-06, ""name"": ""工商银行""}, {""ts_code"": ""01658.HK"", ""side"": ""buy"", ""current_weight"": 0.03334080715745136, ""target_weight"": 0.052392124503438546, ""post_trade_weight"": 0.052398651218291924, ""diff_weight"": 0.019051317345987192, ""gross_amount"": 0.022014403875894317, ""gross_amount_pct_nav"": 0.019051317345987192, ""fee"": 6.604321162768294e-06, ""fee_pct_nav"": 5.715395203796157e-06, ""name"": ""邮储银行""}, {""ts_code"": ""02388.HK"", ""side"": ""buy"", ""current_weight"": 0.027142181378517, ""target_weight"": 0.04264212113956777, ""post_trade_weight"": 0.04264743325408992, ""diff_weight"": 0.015499939761050775, ""gross_amount"": 0.017910673984110434, ""gross_amount_pct_nav"": 0.015499939761050775, ""fee"": 5.37320219523313e-06, ""fee_pct_nav"": 4.649981928315232e-06, ""name"": ""中银香港""}, {""ts_code"": ""03328.HK"", ""side"": ""buy"", ""current_weight"": 0.0, ""target_weight"": 0.046719909904457076, ""post_trade_weight"": 0.04672573000686391, ""diff_weight"": 0.046719909904457076, ""gross_amount"": 0.05398634367395859, ""gross_amount_pct_nav"": 0.046719909904457076, ""fee"": 1.6195903102187576e-05, ""fee_pct_nav"": 1.4015972971337122e-05, ""name"": ""交通银行""}, {""ts_code"": ""03988.HK"", ""side"": ""buy"", ""current_weight"": 0.04273689967581363, ""target_weight"": 0.063638236971428, ""post_trade_weight"": 0.06364616466343172, ""diff_weight"": 0.02090133729561437, ""gross_amount"": 0.02415216084093342, ""gross_amount_pct_nav"": 0.02090133729561437, ""fee"": 7.245648252280025e-06, ""fee_pct_nav"": 6.27040118868431e-06, ""name"": ""中国银行""}]"
2022-07-18,0.17067660,0.34135321,0.03097115,0.35640444,0.00011621,0.00000929,0.00010692,0.00000000,rebalance,"[{""ts_code"": ""00005.HK"", ""side"": ""sell"", ""current_weight"": 0.06592993186581028, ""target_weight"": 0.041179251477744344, ""post_trade_weight"": 0.041183468910530645, ""diff_weight"": -0.024750680388065938, ""gross_amount"": 0.028087650219629653, ""gross_amount_pct_nav"": 0.024750680388065938, ""fee"": 8.426295065888894e-06, ""fee_pct_nav"": 7.42520411641978e-06, ""name"": ""汇丰控股""}, {""ts_code"": ""00386.HK"", ""side"": ""sell"", ""current_weight"": 0.05302606969710265, ""target_weight"": 0.03167814564318721, ""post_trade_weight"": 0.03168139000643449, ""diff_weight"": -0.021347924053915435, ""gross_amount"": 0.024226122851584764, ""gross_amount_pct_nav"": 0.021347924053915435, ""fee"": 7.267836855475428e-06, ""fee_pct_nav"": 6.40437721617463e-06, ""name"": ""中国石油化工股份""}, {""ts_code"": ""00857.HK"", ""side"": ""sell"", ""current_weight"": 0.06115350236798784, ""target_weight"": 0.03308275256660701, ""post_trade_weight"": 0.03308614078471027, ""diff_weight"": -0.028070749801380832, ""gross_amount"": 0.03185534253854642, ""gross_amount_pct_nav"": 0.028070749801380832, ""fee"": 9.556602761563924e-06, ""fee_pct_nav"": 8.42122494041425e-06, ""name"": ""中国石油股份""}, {""ts_code"": ""00939.HK"", ""side"": ""sell"", ""current_weight"": 0.07134436656464314, ""target_weight"": 0.04537855730970792, ""post_trade_weight"": 0.0453832048204937, ""diff_weight"": -0.02596580925493523, ""gross_amount"": 0.02946660684018608, ""gross_amount_pct_nav"": 0.02596580925493523, ""fee"": 8.839982052055823e-06, ""fee_pct_nav"": 7.789742776480569e-06, ""name"": ""建设银行""}, {""ts_code"": ""00941.HK"", ""side"": ""sell"", ""current_weight"": 0.07404735433581655, ""target_weight"": 0.04805842795443299, ""post_trade_weight"": 0.04806334992805902, ""diff_weight"": -0.025988926381383566, ""gross_amount"": 0.029492840695239088, ""gross_amount_pct_nav"": 0.025988926381383566, ""fee"": 8.847852208571725e-06, ""fee_pct_nav"": 7.796677914415069e-06, ""name"": ""中国移动""}, {""ts_code"": ""01088.HK"", ""side"": ""sell"", ""current_weight"": 0.04947793676285688, ""target_weight"": 0.03255580043155746, ""post_trade_weight"": 0.03255913468109326, ""diff_weight"": -0.01692213633129942, ""gross_amount"": 0.019203635568402495, ""gross_amount_pct_nav"": 0.01692213633129942, ""fee"": 5.761090670520748e-06, ""fee_pct_nav"": 5.076640899389826e-06, ""name"": ""中国神华""}, {""ts_code"": ""01113.HK"", ""side"": ""buy"", ""current_weight"": 0.0, ""target_weight"": 0.02729160631563714, ""post_trade_weight"": 0.02729440142509484, ""diff_weight"": 0.02729160631563714, ""gross_amount"": 0.030971152312041623, ""gross_amount_pct_nav"": 0.02729160631563714, ""fee"": 9.291345693612487e-06, ""fee_pct_nav"": 8.187481894691143e-06, ""name"": ""长实集团""}, {""ts_code"": ""01288.HK"", ""side"": ""sell"", ""current_weight"": 0.06784861609865882, ""target_weight"": 0.03963565614903383, ""post_trade_weight"": 0.03963971549226497, ""diff_weight"": -0.028212959949624982, ""gross_amount"": 0.032016725936454514, ""gross_amount_pct_nav"": 0.028212959949624982, ""fee"": 9.605017780936353e-06, ""fee_pct_nav"": 8.463887984887493e-06, ""name"": ""农业银行""}, {""ts_code"": ""01299.HK"", ""side"": ""sell"", ""current_weight"": 0.041126894070397026, ""target_weight"": 0.028627338747050084, ""post_trade_weight"": 0.028630270657482734, ""diff_weight"": -0.012499555323346944, ""gross_amount"": 0.014184787339921408, ""gross_amount_pct_nav"": 0.012499555323346944, ""fee"": 4.255436201976422e-06, ""fee_pct_nav"": 3.7498665970040824e-06, ""name"": ""友邦保险""}, {""ts_code"": ""01398.HK"", ""side"": ""sell"", ""current_weight"": 0.07301196155619538, ""target_weight"": 0.047154794040576396, ""post_trade_weight"": 0.04715962346722407, ""diff_weight"": -0.02585716751561899, ""gross_amount"": 0.02934331765680516, ""gross_amount_pct_nav"": 0.02585716751561899, ""fee"": 8.802995297041547e-06, ""fee_pct_nav"": 7.757150254685696e-06, ""name"": ""工商银行""}, {""ts_code"": ""01658.HK"", ""side"": ""sell"", ""current_weight"": 0.0474664716647311, ""target_weight"": 0.026748052418018513, ""post_trade_weight"": 0.026750791858615154, ""diff_weight"": -0.020718419246712583, ""gross_amount"": 0.023511746092681016, ""gross_amount_pct_nav"": 0.020718419246712583, ""fee"": 7.053523827804304e-06, ""fee_pct_nav"": 6.215525774013774e-06, ""name"": ""邮储银行""}, {""ts_code"": ""02388.HK"", ""side"": ""sell"", ""current_weight"": 0.04057086022190452, ""target_weight"": 0.0, ""post_trade_weight"": 0.0, ""diff_weight"": -0.04057086022190452, ""gross_amount"": 0.04604075981570971, ""gross_amount_pct_nav"": 0.04057086022190452, ""fee"": 1.381222794471291e-05, ""fee_pct_nav"": 1.2171258066571355e-05, ""name"": ""中银香港""}, {""ts_code"": ""03328.HK"", ""side"": ""sell"", ""current_weight"": 0.04530170228939009, ""target_weight"": 0.02856382186772131, ""post_trade_weight"": 0.02856674727298061, ""diff_weight"": -0.01673788042166878, ""gross_amount"": 0.018994537658387038, ""gross_amount_pct_nav"": 0.01673788042166878, ""fee"": 5.698361297516111e-06, ""fee_pct_nav"": 5.021364126500633e-06, ""name"": ""交通银行""}, {""ts_code"": ""03988.HK"", ""side"": ""sell"", ""current_weight"": 0.06783230681169977, ""target_weight"": 0.041413772596792436, ""post_trade_weight"": 0.041418014048399406, ""diff_weight"": -0.02641853421490733, ""gross_amount"": 0.029980369699308264, ""gross_amount_pct_nav"": 0.02641853421490733, ""fee"": 8.994110909792478e-06, ""fee_pct_nav"": 7.925560264472197e-06, ""name"": ""中国银行""}]"
2022-08-01,0.17110329,0.34220657,0.35889041,0.02969444,0.00011658,0.00010767,0.00000891,0.00000000,rebalance,"[{""ts_code"": ""00005.HK"", ""side"": ""buy"", ""current_weight"": 0.0434215039488592, ""target_weight"": 0.06838821612794606, ""post_trade_weight"": 0.06839523771789123, ""diff_weight"": 0.024966712179086855, ""gross_amount"": 0.02835037923164549, ""gross_amount_pct_nav"": 0.024966712179086855, ""fee"": 8.505113769493645e-06, ""fee_pct_nav"": 7.490013653726055e-06, ""name"": ""汇丰控股""}, {""ts_code"": ""00386.HK"", ""side"": ""buy"", ""current_weight"": 0.03281163667123139, ""target_weight"": 0.05781866307339997, ""post_trade_weight"": 0.057824599460781695, ""diff_weight"": 0.02500702640216859, ""gross_amount"": 0.028396157126011318, ""gross_amount_pct_nav"": 0.02500702640216859, ""fee"": 8.518847137803395e-06, ""fee_pct_nav"": 7.502107920650576e-06, ""name"": ""中国石油化工股份""}, {""ts_code"": ""00857.HK"", ""side"": ""buy"", ""current_weight"": 0.03317172607519982, ""target_weight"": 0.06518832659476513, ""post_trade_weight"": 0.06519501964401363, ""diff_weight"": 0.03201660051956532, ""gross_amount"": 0.036355718763726015, ""gross_amount_pct_nav"": 0.03201660051956532, ""fee"": 1.0906715629117804e-05, ""fee_pct_nav"": 9.604980155869594e-06, ""name"": ""中国石油股份""}, {""ts_code"": ""00939.HK"", ""side"": ""buy"", ""current_weight"": 0.04492659662371287, ""target_weight"": 0.07528050056592266, ""post_trade_weight"": 0.07528822980402493, ""diff_weight"": 0.03035390394220978, ""gross_amount"": 0.03446768167750233, ""gross_amount_pct_nav"": 0.03035390394220978, ""fee"": 1.0340304503250698e-05, ""fee_pct_nav"": 9.106171182662933e-06, ""name"": ""建设银行""}, {""ts_code"": ""00941.HK"", ""side"": ""buy"", ""current_weight"": 0.04807321629260436, ""target_weight"": 0.07857067723762037, ""post_trade_weight"": 0.07857874428642665, ""diff_weight"": 0.030497460945016017, ""gross_amount"": 0.034630694550071284, ""gross_amount_pct_nav"": 0.030497460945016017, ""fee"": 1.0389208365021384e-05, ""fee_pct_nav"": 9.149238283504803e-06, ""name"": ""中国移动""}, {""ts_code"": ""01088.HK"", ""side"": ""buy"", ""current_weight"": 0.031685684990332474, ""target_weight"": 0.05735768342999833, ""post_trade_weight"": 0.05736357248744205, ""diff_weight"": 0.02567199843966585, ""gross_amount"": 0.02915125092075129, ""gross_amount_pct_nav"": 0.02567199843966585, ""fee"": 8.745375276225387e-06, ""fee_pct_nav"": 7.701599531899755e-06, ""name"": ""中国神华""}, {""ts_code"": ""01113.HK"", ""side"": ""buy"", ""current_weight"": 0.027078509839001556, ""target_weight"": 0.04687319648982146, ""post_trade_weight"": 0.04687800907865337, ""diff_weight"": 0.019794686650819904, ""gross_amount"": 0.02247740388469764, ""gross_amount_pct_nav"": 0.019794686650819904, ""fee"": 6.743221165409292e-06, ""fee_pct_nav"": 5.93840599524597e-06, ""name"": ""长实集团""}, {""ts_code"": ""01211.HK"", ""side"": ""buy"", ""current_weight"": 0.03847404795366894, ""target_weight"": 0.04978056437279503, ""post_trade_weight"": 0.04978567546839097, ""diff_weight"": 0.011306516419126096, ""gross_amount"": 0.012838856232722226, ""gross_amount_pct_nav"": 0.011306516419126096, ""fee"": 3.851656869816668e-06, ""fee_pct_nav"": 3.3919549257378285e-06, ""name"": ""比亚迪股份""}, {""ts_code"": ""01288.HK"", ""side"": ""buy"", ""current_weight"": 0.040156197385915526, ""target_weight"": 0.0545982309567449, ""post_trade_weight"": 0.05460383669427129, ""diff_weight"": 0.01444203357082938, ""gross_amount"": 0.01639932105085625, ""gross_amount_pct_nav"": 0.01444203357082938, ""fee"": 4.919796315256875e-06, ""fee_pct_nav"": 4.332610071248814e-06, ""name"": ""农业银行""}, {""ts_code"": ""01299.HK"", ""side"": ""buy"", ""current_weight"": 0.02638794299301523, ""target_weight"": 0.041476815364848256, ""post_trade_weight"": 0.04148107389367403, ""diff_weight"": 0.015088872371833028, ""gross_amount"": 0.017133824063453842, ""gross_amount_pct_nav"": 0.015088872371833028, ""fee"": 5.140147219036152e-06, ""fee_pct_nav"": 4.526661711549907e-06, ""name"": ""友邦保险""}, {""ts_code"": ""01398.HK"", ""side"": ""buy"", ""current_weight"": 0.04739256867696159, ""target_weight"": 0.06340544797133983, ""post_trade_weight"": 0.06341195796796137, ""diff_weight"": 0.016012879294378248, ""gross_amount"": 0.018183058999913175, ""gross_amount_pct_nav"": 0.016012879294378248, ""fee"": 5.454917699973952e-06, ""fee_pct_nav"": 4.8038637883134736e-06, ""name"": ""工商银行""}, {""ts_code"": ""01658.HK"", ""side"": ""sell"", ""current_weight"": 0.02615035541450233, ""target_weight"": 0.0, ""post_trade_weight"": 0.0, ""diff_weight"": -0.02615035541450233, ""gross_amount"": 0.029694438247438084, ""gross_amount_pct_nav"": 0.02615035541450233, ""fee"": 8.908331474231425e-06, ""fee_pct_nav"": 7.845106624350698e-06, ""name"": ""邮储银行""}, {""ts_code"": ""03328.HK"", ""side"": ""buy"", ""current_weight"": 0.02854611848996309, ""target_weight"": 0.042368689133254506, ""post_trade_weight"": 0.04237303923300052, ""diff_weight"": 0.013822570643291418, ""gross_amount"": 0.0156959040855116, ""gross_amount_pct_nav"": 0.013822570643291418, ""fee"": 4.70877122565348e-06, ""fee_pct_nav"": 4.146771192987425e-06, ""name"": ""交通银行""}, {""ts_code"": ""03988.HK"", ""side"": ""buy"", ""current_weight"": 0.04173590423705048, ""target_weight"": 0.059563026022257194, ""post_trade_weight"": 0.059569141507764815, ""diff_weight"": 0.017827121785206717, ""gross_amount"": 0.02024318058357271, ""gross_amount_pct_nav"": 0.017827121785206717, ""fee"": 6.072954175071813e-06, ""fee_pct_nav"": 5.3481365355620146e-06, ""name"": ""中国银行""}, {""ts_code"": ""09633.HK"", ""side"": ""buy"", ""current_weight"": 0.0, ""target_weight"": 0.03924783308208689, ""post_trade_weight"": 0.03925186275570235, ""diff_weight"": 0.03924783308208689, ""gross_amount"": 0.04456697958129708, ""gross_amount_pct_nav"": 0.03924783308208689, ""fee"": 1.3370093874389123e-05, ""fee_pct_nav"": 1.1774349924626067e-05, ""name"": ""农夫山泉""}]"
2022-08-15,0.17326198,0.34652397,0.02680670,0.36472488,0.00011746,0.00000804,0.00010942,0.00000000,rebalance,"[{""ts_code"": ""00005.HK"", ""side"": ""sell"", ""current_weight"": 0.06918046738025285, ""target_weight"": 0.04679337667725426, ""post_trade_weight"": 0.046798241690954825, ""diff_weight"": -0.022387090702998592, ""gross_amount"": 0.02529479574777623, ""gross_amount_pct_nav"": 0.022387090702998592, ""fee"": 7.588438724332869e-06, ""fee_pct_nav"": 6.716127210899577e-06, ""name"": ""汇丰控股""}, {""ts_code"": ""00386.HK"", ""side"": ""sell"", ""current_weight"": 0.05680795220415898, ""target_weight"": 0.034669929458776415, ""post_trade_weight"": 0.03467353402193881, ""diff_weight"": -0.022138022745382565, ""gross_amount"": 0.02501337806832897, ""gross_amount_pct_nav"": 0.022138022745382565, ""fee"": 7.50401342049869e-06, ""fee_pct_nav"": 6.641406823614768e-06, ""name"": ""中国石油化工股份""}, {""ts_code"": ""00728.HK"", ""side"": ""buy"", ""current_weight"": 0.0, ""target_weight"": 0.023725199342375696, ""post_trade_weight"": 0.023727666003857416, ""diff_weight"": 0.023725199342375696, ""gross_amount"": 0.02680670210356033, ""gross_amount_pct_nav"": 0.023725199342375696, ""fee"": 8.042010631068098e-06, ""fee_pct_nav"": 7.117559802712709e-06, ""name"": ""中国电信""}, {""ts_code"": ""00857.HK"", ""side"": ""sell"", ""current_weight"": 0.061405821269177645, ""target_weight"": 0.035774847358387755, ""post_trade_weight"": 0.0357785667976523, ""diff_weight"": -0.025630973910789893, ""gross_amount"": 0.02896000460672509, ""gross_amount_pct_nav"": 0.025630973910789893, ""fee"": 8.688001382017527e-06, ""fee_pct_nav"": 7.689292173236968e-06, ""name"": ""中国石油股份""}, {""ts_code"": ""00939.HK"", ""side"": ""sell"", ""current_weight"": 0.07476436766298007, ""target_weight"": 0.03860990399577075, ""post_trade_weight"": 0.03861391819019858, ""diff_weight"": -0.03615446366720933, ""gross_amount"": 0.04085031797856446, ""gross_amount_pct_nav"": 0.03615446366720933, ""fee"": 1.2255095393569338e-05, ""fee_pct_nav"": 1.0846339100162796e-05, ""name"": ""建设银行""}, {""ts_code"": ""00941.HK"", ""side"": ""sell"", ""current_weight"": 0.0828435889897052, ""target_weight"": 0.0505356832768352, ""post_trade_weight"": 0.050540937370661454, ""diff_weight"": -0.03230790571287, ""gross_amount"": 0.0365041571005025, ""gross_amount_pct_nav"": 0.03230790571287, ""fee"": 1.0951247130150749e-05, ""fee_pct_nav"": 9.692371713860999e-06, ""name"": ""中国移动""}, {""ts_code"": ""01088.HK"", ""side"": ""sell"", ""current_weight"": 0.05894304813937651, ""target_weight"": 0.03555986889018107, ""post_trade_weight"": 0.03556356597856463, ""diff_weight"": -0.023383179249195443, ""gross_amount"": 0.02642025937576671, ""gross_amount_pct_nav"": 0.023383179249195443, ""fee"": 7.926077812730013e-06, ""fee_pct_nav"": 7.014953774758632e-06, ""name"": ""中国神华""}, {""ts_code"": ""01113.HK"", ""side"": ""sell"", ""current_weight"": 0.04621619577246461, ""target_weight"": 0.0, ""post_trade_weight"": 0.0, ""diff_weight"": -0.04621619577246461, ""gross_amount"": 0.052218899177781435, ""gross_amount_pct_nav"": 0.04621619577246461, ""fee"": 1.566566975333443e-05, ""fee_pct_nav"": 1.3864858731739381e-05, ""name"": ""长实集团""}, {""ts_code"": ""01211.HK"", ""side"": ""sell"", ""current_weight"": 0.04837159315674838, ""target_weight"": 0.02662072388325103, ""post_trade_weight"": 0.026623491586622906, ""diff_weight"": -0.021750869273497356, ""gross_amount"": 0.02457593989807726, ""gross_amount_pct_nav"": 0.021750869273497356, ""fee"": 7.372781969423178e-06, ""fee_pct_nav"": 6.525260782049206e-06, ""name"": ""比亚迪股份""}, {""ts_code"": ""01288.HK"", ""side"": ""sell"", ""current_weight"": 0.05487096161074278, ""target_weight"": 0.040847921581132936, ""post_trade_weight"": 0.04085216845776898, ""diff_weight"": -0.014023040029609841, ""gross_amount"": 0.01584439613068437, ""gross_amount_pct_nav"": 0.014023040029609841, ""fee"": 4.753318839205311e-06, ""fee_pct_nav"": 4.206912008882952e-06, ""name"": ""农业银行""}, {""ts_code"": ""01299.HK"", ""side"": ""sell"", ""current_weight"": 0.04165574503755448, ""target_weight"": 0.025396729465623623, ""post_trade_weight"": 0.025399369912746134, ""diff_weight"": -0.01625901557193086, ""gross_amount"": 0.018370787138358168, ""gross_amount_pct_nav"": 0.01625901557193086, ""fee"": 5.51123614150745e-06, ""fee_pct_nav"": 4.8777046715792575e-06, ""name"": ""友邦保险""}, {""ts_code"": ""01398.HK"", ""side"": ""sell"", ""current_weight"": 0.06282467729915371, ""target_weight"": 0.04720436740150137, ""post_trade_weight"": 0.04720927514508481, ""diff_weight"": -0.01562030989765234, ""gross_amount"": 0.017649124382435315, ""gross_amount_pct_nav"": 0.01562030989765234, ""fee"": 5.294737314730594e-06, ""fee_pct_nav"": 4.686092969295702e-06, ""name"": ""工商银行""}, {""ts_code"": ""03328.HK"", ""side"": ""sell"", ""current_weight"": 0.042793765668348215, ""target_weight"": 0.028247641220935853, ""post_trade_weight"": 0.028250578071646514, ""diff_weight"": -0.014546124447412361, ""gross_amount"": 0.016435420381342672, ""gross_amount_pct_nav"": 0.014546124447412361, ""fee"": 4.930626114402801e-06, ""fee_pct_nav"": 4.363837334223708e-06, ""name"": ""交通银行""}, {""ts_code"": ""03988.HK"", ""side"": ""sell"", ""current_weight"": 0.059361718988702274, ""target_weight"": 0.041557384897035636, ""post_trade_weight"": 0.0415617055351524, ""diff_weight"": -0.017804334091666638, ""gross_amount"": 0.020116816438929, ""gross_amount_pct_nav"": 0.017804334091666638, ""fee"": 6.0350449316787e-06, ""fee_pct_nav"": 5.341300227499991e-06, ""name"": ""中国银行""}, {""ts_code"": ""09633.HK"", ""side"": ""sell"", ""current_weight"": 0.03898168602518962, ""target_weight"": 0.024404443955965926, ""post_trade_weight"": 0.024406981237150387, ""diff_weight"": -0.014577242069223697, ""gross_amount"": 0.01647057965676245, ""gross_amount_pct_nav"": 0.014577242069223697, ""fee"": 4.941173897028735e-06, ""fee_pct_nav"": 4.373172620767109e-06, ""name"": ""农夫山泉""}]"
2022-08-29,0.17270069,0.34540138,0.36482595,0.02680670,0.00011749,0.00010945,0.00000804,0.00000000,rebalance,"[{""ts_code"": ""00005.HK"", ""side"": ""buy"", ""current_weight"": 0.044833460364371545, ""target_weight"": 0.0656890385644959, ""post_trade_weight"": 0.06569584599519757, ""diff_weight"": 0.02085557820012435, ""gross_amount"": 0.023647054823536608, ""gross_amount_pct_nav"": 0.02085557820012435, ""fee"": 7.094116447060982e-06, ""fee_pct_nav"": 6.256673460037305e-06, ""name"": ""汇丰控股""}, {""ts_code"": ""00386.HK"", ""side"": ""buy"", ""current_weight"": 0.035903546200656056, ""target_weight"": 0.05734992786219984, ""post_trade_weight"": 0.05735587110125767, ""diff_weight"": 0.021446381661543782, ""gross_amount"": 0.02431693612378448, ""gross_amount_pct_nav"": 0.021446381661543782, ""fee"": 7.295080837135344e-06, ""fee_pct_nav"": 6.433914498463134e-06, ""name"": ""中国石油化工股份""}, {""ts_code"": ""00728.HK"", ""side"": ""sell"", ""current_weight"": 0.02364223689504802, ""target_weight"": 0.0, ""post_trade_weight"": 0.0, ""diff_weight"": -0.02364223689504802, ""gross_amount"": 0.02680670210356033, ""gross_amount_pct_nav"": 0.02364223689504802, ""fee"": 8.042010631068098e-06, ""fee_pct_nav"": 7.092671068514405e-06, ""name"": ""中国电信""}, {""ts_code"": ""00857.HK"", ""side"": ""buy"", ""current_weight"": 0.03979215009888145, ""target_weight"": 0.06811574195823952, ""post_trade_weight"": 0.06812280087100803, ""diff_weight"": 0.028323591859358073, ""gross_amount"": 0.03211464688587354, ""gross_amount_pct_nav"": 0.028323591859358073, ""fee"": 9.63439406576206e-06, ""fee_pct_nav"": 8.49707755780742e-06, ""name"": ""中国石油股份""}, {""ts_code"": ""00883.HK"", ""side"": ""buy"", ""current_weight"": 0.0, ""target_weight"": 0.05080702830244235, ""post_trade_weight"": 0.05081229349328523, ""diff_weight"": 0.05080702830244235, ""gross_amount"": 0.057607445459443886, ""gross_amount_pct_nav"": 0.05080702830244235, ""fee"": 1.7282233637833166e-05, ""fee_pct_nav"": 1.5242108490732707e-05, ""name"": ""中国海洋石油""}, {""ts_code"": ""00939.HK"", ""side"": ""buy"", ""current_weight"": 0.03783211397095996, ""target_weight"": 0.06247967006564195, ""post_trade_weight"": 0.062486144905790776, ""diff_weight"": 0.02464755609468199, ""gross_amount"": 0.02794658122850143, ""gross_amount_pct_nav"": 0.02464755609468199, ""fee"": 8.383974368550429e-06, ""fee_pct_nav"": 7.394266828404596e-06, ""name"": ""建设银行""}, {""ts_code"": ""00941.HK"", ""side"": ""buy"", ""current_weight"": 0.05040347611755402, ""target_weight"": 0.07583555507506681, ""post_trade_weight"": 0.07584341400095732, ""diff_weight"": 0.025432078957512802, ""gross_amount"": 0.02883611087710007, ""gross_amount_pct_nav"": 0.025432078957512802, ""fee"": 8.65083326313002e-06, ""fee_pct_nav"": 7.62962368725384e-06, ""name"": ""中国移动""}, {""ts_code"": ""01088.HK"", ""side"": ""buy"", ""current_weight"": 0.03987890691987433, ""target_weight"": 0.05359670086149563, ""post_trade_weight"": 0.05360225514931786, ""diff_weight"": 0.0137177939416213, ""gross_amount"": 0.015553892693973025, ""gross_amount_pct_nav"": 0.0137177939416213, ""fee"": 4.666167808191907e-06, ""fee_pct_nav"": 4.11533818248639e-06, ""name"": ""中国神华""}, {""ts_code"": ""01211.HK"", ""side"": ""buy"", ""current_weight"": 0.024506113723628792, ""target_weight"": 0.040957523318881396, ""post_trade_weight"": 0.040961767794181966, ""diff_weight"": 0.016451409595252604, ""gross_amount"": 0.018653397229767284, ""gross_amount_pct_nav"": 0.016451409595252604, ""fee"": 5.596019168930185e-06, ""fee_pct_nav"": 4.935422878575781e-06, ""name"": ""比亚迪股份""}, {""ts_code"": ""01288.HK"", ""side"": ""buy"", ""current_weight"": 0.04052089837409669, ""target_weight"": 0.06191010502049665, ""post_trade_weight"": 0.061916520835964044, ""diff_weight"": 0.021389206646399966, ""gross_amount"": 0.02425210834942748, ""gross_amount_pct_nav"": 0.021389206646399966, ""fee"": 7.275632504828244e-06, ""fee_pct_nav"": 6.4167619939199885e-06, ""name"": ""农业银行""}, {""ts_code"": ""01299.HK"", ""side"": ""buy"", ""current_weight"": 0.025438392904118694, ""target_weight"": 0.04053592288441836, ""post_trade_weight"": 0.04054012366878047, ""diff_weight"": 0.015097529980299668, ""gross_amount"": 0.017118303588533695, ""gross_amount_pct_nav"": 0.015097529980299668, ""fee"": 5.135491076560108e-06, ""fee_pct_nav"": 4.529258994089899e-06, ""name"": ""友邦保险""}, {""ts_code"": ""01398.HK"", ""side"": ""buy"", ""current_weight"": 0.04609851677418691, ""target_weight"": 0.070451894380075, ""post_trade_weight"": 0.07045919539100885, ""diff_weight"": 0.02435337760588809, ""gross_amount"": 0.027613027548729893, ""gross_amount_pct_nav"": 0.02435337760588809, ""fee"": 8.283908264618967e-06, ""fee_pct_nav"": 7.306013281766425e-06, ""name"": ""工商银行""}, {""ts_code"": ""03328.HK"", ""side"": ""buy"", ""current_weight"": 0.027376701296490273, ""target_weight"": 0.04029454570087323, ""post_trade_weight"": 0.04029872147103989, ""diff_weight"": 0.012917844404382957, ""gross_amount"": 0.014646871542048065, ""gross_amount_pct_nav"": 0.012917844404382957, ""fee"": 4.394061462614419e-06, ""fee_pct_nav"": 3.875353321314887e-06, ""name"": ""交通银行""}, {""ts_code"": ""03988.HK"", ""side"": ""buy"", ""current_weight"": 0.04089006589408414, ""target_weight"": 0.06109637301467577, ""post_trade_weight"": 0.061102704502158454, ""diff_weight"": 0.020206307120591627, ""gross_amount"": 0.022910880133690054, ""gross_amount_pct_nav"": 0.020206307120591627, ""fee"": 6.873264040107016e-06, ""fee_pct_nav"": 6.061892136177488e-06, ""name"": ""中国银行""}, {""ts_code"": ""09633.HK"", ""side"": ""buy"", ""current_weight"": 0.024683620890218954, ""target_weight"": 0.050797076660507985, ""post_trade_weight"": 0.050802340820050744, ""diff_weight"": 0.026113455770289028, ""gross_amount"": 0.029608688587130186, ""gross_amount_pct_nav"": 0.026113455770289028, ""fee"": 8.882606576139054e-06, ""fee_pct_nav"": 7.834036731086707e-06, ""name"": ""农夫山泉""}]"
2022-09-13,0.20724447,0.41448893,0.06487830,0.40490722,0.00014094,0.00001946,0.00012147,0.00000000,rebalance,"[{""ts_code"": ""00005.HK"", ""side"": ""sell"", ""current_weight"": 0.06583908117934745, ""target_weight"": 0.040813213824919654, ""post_trade_weight"": 0.040818289443714066, ""diff_weight"": -0.02502586735442779, ""gross_amount"": 0.02836454545698685, ""gross_amount_pct_nav"": 0.02502586735442779, ""fee"": 8.509363637096054e-06, ""fee_pct_nav"": 7.507760206328336e-06, ""name"": ""汇丰控股""}, {""ts_code"": ""00386.HK"", ""side"": ""sell"", ""current_weight"": 0.06015771006907177, ""target_weight"": 0.03508894133962133, ""post_trade_weight"": 0.03509330507561388, ""diff_weight"": -0.02506876872945044, ""gross_amount"": 0.028413170265260752, ""gross_amount_pct_nav"": 0.02506876872945044, ""fee"": 8.523951079578225e-06, ""fee_pct_nav"": 7.520630618835131e-06, ""name"": ""中国石油化工股份""}, {""ts_code"": ""00728.HK"", ""side"": ""buy"", ""current_weight"": 0.0, ""target_weight"": 0.031341946813938384, ""post_trade_weight"": 0.03134584456565636, ""diff_weight"": 0.031341946813938384, ""gross_amount"": 0.03552324730743568, ""gross_amount_pct_nav"": 0.031341946813938384, ""fee"": 1.0656974192230704e-05, ""fee_pct_nav"": 9.402584044181515e-06, ""name"": ""中国电信""}, {""ts_code"": ""00857.HK"", ""side"": ""sell"", ""current_weight"": 0.07174978749766302, ""target_weight"": 0.04193165359124117, ""post_trade_weight"": 0.0419368683016034, ""diff_weight"": -0.02981813390642184, ""gross_amount"": 0.033796143911934425, ""gross_amount_pct_nav"": 0.02981813390642184, ""fee"": 1.0138843173580327e-05, ""fee_pct_nav"": 8.945440171926552e-06, ""name"": ""中国石油股份""}, {""ts_code"": ""00883.HK"", ""side"": ""sell"", ""current_weight"": 0.05326750037426899, ""target_weight"": 0.03055614598929841, ""post_trade_weight"": 0.0305599460171407, ""diff_weight"": -0.022711354384970586, ""gross_amount"": 0.025741255426588, ""gross_amount_pct_nav"": 0.022711354384970586, ""fee"": 7.722376627976399e-06, ""fee_pct_nav"": 6.813406315491175e-06, ""name"": ""中国海洋石油""}, {""ts_code"": ""00939.HK"", ""side"": ""sell"", ""current_weight"": 0.06144190438813514, ""target_weight"": 0.038572960580923944, ""post_trade_weight"": 0.03857775759702075, ""diff_weight"": -0.022868943807211196, ""gross_amount"": 0.02591986870969138, ""gross_amount_pct_nav"": 0.022868943807211196, ""fee"": 7.775960612907413e-06, ""fee_pct_nav"": 6.860683142163358e-06, ""name"": ""建设银行""}, {""ts_code"": ""00941.HK"", ""side"": ""sell"", ""current_weight"": 0.08201202425591723, ""target_weight"": 0.04935193335184021, ""post_trade_weight"": 0.04935807086410611, ""diff_weight"": -0.032660090904077024, ""gross_amount"": 0.03701724379651165, ""gross_amount_pct_nav"": 0.032660090904077024, ""fee"": 1.1105173138953493e-05, ""fee_pct_nav"": 9.798027271223105e-06, ""name"": ""中国移动""}, {""ts_code"": ""01088.HK"", ""side"": ""sell"", ""current_weight"": 0.05414238051928385, ""target_weight"": 0.03337634312953218, ""post_trade_weight"": 0.03338049388313869, ""diff_weight"": -0.02076603738975167, ""gross_amount"": 0.02353641546808908, ""gross_amount_pct_nav"": 0.02076603738975167, ""fee"": 7.060924640426723e-06, ""fee_pct_nav"": 6.2298112169255005e-06, ""name"": ""中国神华""}, {""ts_code"": ""01211.HK"", ""side"": ""sell"", ""current_weight"": 0.03535864065372083, ""target_weight"": 0.0, ""post_trade_weight"": 0.0, ""diff_weight"": -0.03535864065372083, ""gross_amount"": 0.0400758046031232, ""gross_amount_pct_nav"": 0.03535864065372083, ""fee"": 1.2022741380936957e-05, ""fee_pct_nav"": 1.0607592196116248e-05, ""name"": ""比亚迪股份""}, {""ts_code"": ""01288.HK"", ""side"": ""sell"", ""current_weight"": 0.05996344789617419, ""target_weight"": 0.03870787181466967, ""post_trade_weight"": 0.03871268560861682, ""diff_weight"": -0.021255576081504527, ""gross_amount"": 0.024091263069513813, ""gross_amount_pct_nav"": 0.021255576081504527, ""fee"": 7.227378920854143e-06, ""fee_pct_nav"": 6.376672824451357e-06, ""name"": ""农业银行""}, {""ts_code"": ""01299.HK"", ""side"": ""sell"", ""current_weight"": 0.03887031200477826, ""target_weight"": 0.02547989279365236, ""post_trade_weight"": 0.025483061527761315, ""diff_weight"": -0.0133904192111259, ""gross_amount"": 0.015176822805899305, ""gross_amount_pct_nav"": 0.0133904192111259, ""fee"": 4.5530468417697914e-06, ""fee_pct_nav"": 4.01712576333777e-06, ""name"": ""友邦保险""}, {""ts_code"": ""01398.HK"", ""side"": ""sell"", ""current_weight"": 0.0686298667349572, ""target_weight"": 0.04665808036064987, ""post_trade_weight"": 0.04666388285958086, ""diff_weight"": -0.021971786374307342, ""gross_amount"": 0.024903022323219483, ""gross_amount_pct_nav"": 0.021971786374307342, ""fee"": 7.470906696965844e-06, ""fee_pct_nav"": 6.591535912292203e-06, ""name"": ""工商银行""}, {""ts_code"": ""02328.HK"", ""side"": ""buy"", ""current_weight"": 0.0, ""target_weight"": 0.025899789554288538, ""post_trade_weight"": 0.025903010507659106, ""diff_weight"": 0.025899789554288538, ""gross_amount"": 0.029355056819200812, ""gross_amount_pct_nav"": 0.025899789554288538, ""fee"": 8.806517045760243e-06, ""fee_pct_nav"": 7.769936866286562e-06, ""name"": ""中国财险""}, {""ts_code"": ""03328.HK"", ""side"": ""sell"", ""current_weight"": 0.039793351642224535, ""target_weight"": 0.023731308027510847, ""post_trade_weight"": 0.023734259303868476, ""diff_weight"": -0.01606204361471369, ""gross_amount"": 0.018204866180633876, ""gross_amount_pct_nav"": 0.01606204361471369, ""fee"": 5.461459854190163e-06, ""fee_pct_nav"": 4.818613084414107e-06, ""name"": ""交通银行""}, {""ts_code"": ""03988.HK"", ""side"": ""sell"", ""current_weight"": 0.060599860070195306, ""target_weight"": 0.03842774548768298, ""post_trade_weight"": 0.038432524444519375, ""diff_weight"": -0.022172114582512333, ""gross_amount"": 0.02513007613468076, ""gross_amount_pct_nav"": 0.022172114582512333, ""fee"": 7.539022840404228e-06, ""fee_pct_nav"": 6.6516343747537004e-06, ""name"": ""中国银行""}, {""ts_code"": ""09633.HK"", ""side"": ""sell"", ""current_weight"": 0.048117421506848744, ""target_weight"": 0.0, ""post_trade_weight"": 0.0, ""diff_weight"": -0.048117421506848744, ""gross_amount"": 0.054536722754687295, ""gross_amount_pct_nav"": 0.048117421506848744, ""fee"": 1.6361016826406186e-05, ""fee_pct_nav"": 1.4435226452054621e-05, ""name"": ""农夫山泉""}]"
2022-09-26,0.02668861,0.05337722,0.03388651,0.02515070,0.00001771,0.00001017,0.00000755,0.00000000,rebalance,"[{""ts_code"": ""02388.HK"", ""side"": ""buy"", ""current_weight"": 0.0, ""target_weight"": 0.030637757108649116, ""post_trade_weight"": 0.030638247724026176, ""diff_weight"": 0.030637757108649116, ""gross_amount"": 0.03388650987359101, ""gross_amount_pct_nav"": 0.030637757108649116, ""fee"": 1.0165952962077302e-05, ""fee_pct_nav"": 9.191327132594734e-06, ""name"": ""中银香港""}, {""ts_code"": ""03328.HK"", ""side"": ""sell"", ""current_weight"": 0.022739466189289216, ""target_weight"": 0.0, ""post_trade_weight"": 0.0, ""diff_weight"": -0.022739466189289216, ""gross_amount"": 0.025150703519547343, ""gross_amount_pct_nav"": 0.022739466189289216, ""fee"": 7.5452110558642025e-06, ""fee_pct_nav"": 6.821839856786764e-06, ""name"": ""交通银行""}]"
2022-10-10,0.03042549,0.06085097,0.03966561,0.02727419,0.00002008,0.00001190,0.00000818,0.00000000,rebalance,"[{""ts_code"": ""02328.HK"", ""side"": ""sell"", ""current_weight"": 0.02479333737925203, ""target_weight"": 0.0, ""post_trade_weight"": 0.0, ""diff_weight"": -0.02479333737925203, ""gross_amount"": 0.027274192032016954, ""gross_amount_pct_nav"": 0.02479333737925203, ""fee"": 8.182257609605086e-06, ""fee_pct_nav"": 7.438001213775608e-06, ""name"": ""中国财险""}, {""ts_code"": ""09633.HK"", ""side"": ""buy"", ""current_weight"": 0.0, ""target_weight"": 0.036057637384344, ""post_trade_weight"": 0.03605829563907539, ""diff_weight"": 0.036057637384344, ""gross_amount"": 0.03966561303136272, ""gross_amount_pct_nav"": 0.036057637384344, ""fee"": 1.1899683909408815e-05, ""fee_pct_nav"": 1.08172912153032e-05, ""name"": ""农夫山泉""}]"
2022-10-24,0.00000000,0.00000000,0.00000000,0.00000000,0.00000000,0.00000000,0.00000000,0.00000000,rebalance,
2022-11-07,0.02424699,0.04849398,0.02628032,0.02659727,0.00001586,0.00000788,0.00000798,0.00000000,rebalance,"[{""ts_code"": ""00016.HK"", ""side"": ""buy"", ""current_weight"": 0.0, ""target_weight"": 0.024101651397852933, ""post_trade_weight"": 0.024102002038467053, ""diff_weight"": 0.024101651397852933, ""gross_amount"": 0.02628031782674556, ""gross_amount_pct_nav"": 0.024101651397852933, ""fee"": 7.884095348023667e-06, ""fee_pct_nav"": 7.230495419355879e-06, ""name"": ""新鸿基地产""}, {""ts_code"": ""01299.HK"", ""side"": ""sell"", ""current_weight"": 0.024392330355279507, ""target_weight"": 0.0, ""post_trade_weight"": 0.0, ""diff_weight"": -0.024392330355279507, ""gross_amount"": 0.02659727268019589, ""gross_amount_pct_nav"": 0.024392330355279507, ""fee"": 7.979181804058767e-06, ""fee_pct_nav"": 7.317699106583853e-06, ""name"": ""友邦保险""}]"
2022-11-21,0.17463916,0.34927832,0.35489218,0.02908049,0.00011519,0.00010647,0.00000872,0.00000000,rebalance,"[{""ts_code"": ""00005.HK"", ""side"": ""buy"", ""current_weight"": 0.03820599557296444, ""target_weight"": 0.05038201767055625, ""post_trade_weight"": 0.05038729742767129, ""diff_weight"": 0.012176022097591815, ""gross_amount"": 0.013385485061205939, ""gross_amount_pct_nav"": 0.012176022097591815, ""fee"": 4.015645518361782e-06, ""fee_pct_nav"": 3.6528066292775445e-06, ""name"": ""汇丰控股""}, {""ts_code"": ""00016.HK"", ""side"": ""buy"", ""current_weight"": 0.02586620767832098, ""target_weight"": 0.0412118240445515, ""post_trade_weight"": 0.04121614281603553, ""diff_weight"": 0.015345616366230521, ""gross_amount"": 0.016869919993476513, ""gross_amount_pct_nav"": 0.015345616366230521, ""fee"": 5.060975998042954e-06, ""fee_pct_nav"": 4.6036849098691565e-06, ""name"": ""新鸿基地产""}, {""ts_code"": ""00386.HK"", ""side"": ""buy"", ""current_weight"": 0.03446481487774984, ""target_weight"": 0.05212636384818352, ""post_trade_weight"": 0.05213182640314129, ""diff_weight"": 0.017661548970433674, ""gross_amount"": 0.019415897737920018, ""gross_amount_pct_nav"": 0.017661548970433674, ""fee"": 5.824769321376005e-06, ""fee_pct_nav"": 5.298464691130103e-06, ""name"": ""中国石油化工股份""}, {""ts_code"": ""00728.HK"", ""side"": ""buy"", ""current_weight"": 0.03344509905391665, ""target_weight"": 0.048247861063263016, ""post_trade_weight"": 0.04825291717255582, ""diff_weight"": 0.014802762009346366, ""gross_amount"": 0.016273143080109992, ""gross_amount_pct_nav"": 0.014802762009346366, ""fee"": 4.881942924032997e-06, ""fee_pct_nav"": 4.44082860280391e-06, ""name"": ""中国电信""}, {""ts_code"": ""00857.HK"", ""side"": ""buy"", ""current_weight"": 0.04088343396102482, ""target_weight"": 0.060183409557032934, ""post_trade_weight"": 0.06018971644586962, ""diff_weight"": 0.01929997559600811, ""gross_amount"": 0.02121707179499127, ""gross_amount_pct_nav"": 0.01929997559600811, ""fee"": 6.3651215384973805e-06, ""fee_pct_nav"": 5.789992678802433e-06, ""name"": ""中国石油股份""}, {""ts_code"": ""00883.HK"", ""side"": ""buy"", ""current_weight"": 0.03179402678652144, ""target_weight"": 0.05590554721453899, ""post_trade_weight"": 0.05591140580703535, ""diff_weight"": 0.02411152042801755, ""gross_amount"": 0.0265065547602795, ""gross_amount_pct_nav"": 0.02411152042801755, ""fee"": 7.95196642808385e-06, ""fee_pct_nav"": 7.233456128405264e-06, ""name"": ""中国海洋石油""}, {""ts_code"": ""00939.HK"", ""side"": ""buy"", ""current_weight"": 0.03770658303917539, ""target_weight"": 0.0679893761136934, ""post_trade_weight"": 0.06799650102470095, ""diff_weight"": 0.03028279307451802, ""gross_amount"": 0.03329082939088309, ""gross_amount_pct_nav"": 0.03028279307451802, ""fee"": 9.987248817264926e-06, ""fee_pct_nav"": 9.084837922355404e-06, ""name"": ""建设银行""}, {""ts_code"": ""00941.HK"", ""side"": ""buy"", ""current_weight"": 0.048918098508574856, ""target_weight"": 0.08276243472369924, ""post_trade_weight"": 0.08277110776963495, ""diff_weight"": 0.033844336215124386, ""gross_amount"": 0.037206146078166025, ""gross_amount_pct_nav"": 0.033844336215124386, ""fee"": 1.1161843823449807e-05, ""fee_pct_nav"": 1.0153300864537315e-05, ""name"": ""中国移动""}, {""ts_code"": ""01088.HK"", ""side"": ""buy"", ""current_weight"": 0.029279498810969272, ""target_weight"": 0.05513039650664799, ""post_trade_weight"": 0.05513617386763251, ""diff_weight"": 0.025850897695678724, ""gross_amount"": 0.028418707041662487, ""gross_amount_pct_nav"": 0.025850897695678724, ""fee"": 8.525612112498745e-06, ""fee_pct_nav"": 7.755269308703616e-06, ""name"": ""中国神华""}, {""ts_code"": ""01288.HK"", ""side"": ""buy"", ""current_weight"": 0.038783592954682145, ""target_weight"": 0.06473364780670574, ""post_trade_weight"": 0.06474043153537307, ""diff_weight"": 0.02595005485202359, ""gross_amount"": 0.028527713630540838, ""gross_amount_pct_nav"": 0.02595005485202359, ""fee"": 8.558314089162251e-06, ""fee_pct_nav"": 7.785016455607077e-06, ""name"": ""农业银行""}, {""ts_code"": ""01339.HK"", ""side"": ""buy"", ""current_weight"": 0.0, ""target_weight"": 0.03892417614700711, ""post_trade_weight"": 0.038928255185629645, ""diff_weight"": 0.03892417614700711, ""gross_amount"": 0.04279057430739715, ""gross_amount_pct_nav"": 0.03892417614700711, ""fee"": 1.2837172292219143e-05, ""fee_pct_nav"": 1.1677252844102133e-05, ""name"": ""中国人民保险集团""}, {""ts_code"": ""01398.HK"", ""side"": ""buy"", ""current_weight"": 0.045223904149334214, ""target_weight"": 0.07306207123805826, ""post_trade_weight"": 0.0730697277394906, ""diff_weight"": 0.027838167088724042, ""gross_amount"": 0.030603374953727218, ""gross_amount_pct_nav"": 0.027838167088724042, ""fee"": 9.181012486118165e-06, ""fee_pct_nav"": 8.351450126617214e-06, ""name"": ""工商银行""}, {""ts_code"": ""02388.HK"", ""side"": ""sell"", ""current_weight"": 0.026452884795791474, ""target_weight"": 0.0, ""post_trade_weight"": 0.0, ""diff_weight"": -0.026452884795791474, ""gross_amount"": 0.029080490444403816, ""gross_amount_pct_nav"": 0.026452884795791474, ""fee"": 8.724147133321145e-06, ""fee_pct_nav"": 7.935865438737443e-06, ""name"": ""中银香港""}, {""ts_code"": ""03988.HK"", ""side"": ""buy"", ""current_weight"": 0.038428676524090884, ""target_weight"": 0.0649285721031429, ""post_trade_weight"": 0.06493537625879964, ""diff_weight"": 0.026499895579052024, ""gross_amount"": 0.029132170880921265, ""gross_amount_pct_nav"": 0.026499895579052024, ""fee"": 8.739651264276378e-06, ""fee_pct_nav"": 7.949968673715606e-06, ""name"": ""中国银行""}, {""ts_code"": ""09633.HK"", ""side"": ""buy"", ""current_weight"": 0.03409081027849772, ""target_weight"": 0.044328475167124966, ""post_trade_weight"": 0.04433312054642861, ""diff_weight"": 0.010237664888627249, ""gross_amount"": 0.011254587855540746, ""gross_amount_pct_nav"": 0.010237664888627249, ""fee"": 3.3763763566622232e-06, ""fee_pct_nav"": 3.0712994665881743e-06, ""name"": ""农夫山泉""}]"
2022-12-05,0.08738502,0.17477003,0.10471015,0.09559920,0.00006009,0.00003141,0.00002868,0.00000000,rebalance,"[{""ts_code"": ""00762.HK"", ""side"": ""buy"", ""current_weight"": 0.0, ""target_weight"": 0.039251856400564354, ""post_trade_weight"": 0.03925391452295202, ""diff_weight"": 0.039251856400564354, ""gross_amount"": 0.04498776799939926, ""gross_amount_pct_nav"": 0.039251856400564354, ""fee"": 1.3496330399819777e-05, ""fee_pct_nav"": 1.1775556920169305e-05, ""name"": ""中国联通""}, {""ts_code"": ""01339.HK"", ""side"": ""sell"", ""current_weight"": 0.040840418848476834, ""target_weight"": 0.0, ""post_trade_weight"": 0.0, ""diff_weight"": -0.040840418848476834, ""gross_amount"": 0.0468084686085612, ""gross_amount_pct_nav"": 0.040840418848476834, ""fee"": 1.4042540582568359e-05, ""fee_pct_nav"": 1.2252125654543049e-05, ""name"": ""中国人民保险集团""}, {""ts_code"": ""02628.HK"", ""side"": ""buy"", ""current_weight"": 0.0, ""target_weight"": 0.05210781449662498, ""post_trade_weight"": 0.052110546705224074, ""diff_weight"": 0.05210781449662498, ""gross_amount"": 0.05972237964001605, ""gross_amount_pct_nav"": 0.05210781449662498, ""fee"": 1.7916713892004813e-05, ""fee_pct_nav"": 1.563234434898749e-05, ""name"": ""中国人寿""}, {""ts_code"": ""09633.HK"", ""side"": ""sell"", ""current_weight"": 0.04256994382331131, ""target_weight"": 0.0, ""post_trade_weight"": 0.0, ""diff_weight"": -0.04256994382331131, ""gross_amount"": 0.048790730734535485, ""gross_amount_pct_nav"": 0.04256994382331131, ""fee"": 1.4637219220360644e-05, ""fee_pct_nav"": 1.277098314699339e-05, ""name"": ""农夫山泉""}]"
2022-12-19,0.04202596,0.08405193,0.05329215,0.04222715,0.00002866,0.00001599,0.00001267,0.00000000,rebalance,"[{""ts_code"": ""00762.HK"", ""side"": ""sell"", ""current_weight"": 0.037157658075475226, ""target_weight"": 0.0, ""post_trade_weight"": 0.0, ""diff_weight"": -0.037157658075475226, ""gross_amount"": 0.042227154963072486, ""gross_amount_pct_nav"": 0.037157658075475226, ""fee"": 1.2668146488921745e-05, ""fee_pct_nav"": 1.1147297422642567e-05, ""name"": ""中国联通""}, {""ts_code"": ""01299.HK"", ""side"": ""buy"", ""current_weight"": 0.0, ""target_weight"": 0.0468942692254313, ""post_trade_weight"": 0.04689545172136095, ""diff_weight"": 0.0468942692254313, ""gross_amount"": 0.05329215230518811, ""gross_amount_pct_nav"": 0.0468942692254313, ""fee"": 1.5987645691556434e-05, ""fee_pct_nav"": 1.4068280767629391e-05, ""name"": ""友邦保险""}]"
2023-01-03,0.01147468,0.02294936,0.01294029,0.01408148,0.00000811,0.00000388,0.00000422,0.00000000,rebalance,"[{""ts_code"": ""00005.HK"", ""side"": ""buy"", ""current_weight"": 0.05164764741945028, ""target_weight"": 0.06263772212137952, ""post_trade_weight"": 0.0626381533730015, ""diff_weight"": 0.01099007470192924, ""gross_amount"": 0.0129402868446288, ""gross_amount_pct_nav"": 0.01099007470192924, ""fee"": 3.88208605338864e-06, ""fee_pct_nav"": 3.297022410578772e-06, ""name"": ""汇丰控股""}, {""ts_code"": ""02628.HK"", ""side"": ""sell"", ""current_weight"": 0.05496674861285346, ""target_weight"": 0.043007465308727365, ""post_trade_weight"": 0.04300776140888145, ""diff_weight"": -0.011959283304126099, ""gross_amount"": 0.014081483575758155, ""gross_amount_pct_nav"": 0.011959283304126099, ""fee"": 4.224445072727446e-06, ""fee_pct_nav"": 3.587784991237829e-06, ""name"": ""中国人寿""}]"
2023-01-16,0.10605910,0.21211821,0.20773651,0.05400453,0.00007852,0.00006232,0.00001620,0.00000000,rebalance,"[{""ts_code"": ""00005.HK"", ""side"": ""buy"", ""current_weight"": 0.06952870200982895, ""target_weight"": 0.08415198199411322, ""post_trade_weight"": 0.08415733738520942, ""diff_weight"": 0.014623279984284266, ""gross_amount"": 0.01804424286418148, ""gross_amount_pct_nav"": 0.014623279984284266, ""fee"": 5.413272859254443e-06, ""fee_pct_nav"": 4.386983995285279e-06, ""name"": ""汇丰控股""}, {""ts_code"": ""00016.HK"", ""side"": ""sell"", ""current_weight"": 0.043765947490690314, ""target_weight"": 0.0, ""post_trade_weight"": 0.0, ""diff_weight"": -0.043765947490690314, ""gross_amount"": 0.054004531579218265, ""gross_amount_pct_nav"": 0.043765947490690314, ""fee"": 1.620135947376548e-05, ""fee_pct_nav"": 1.3129784247207095e-05, ""name"": ""新鸿基地产""}, {""ts_code"": ""00857.HK"", ""side"": ""buy"", ""current_weight"": 0.06267523823206482, ""target_weight"": 0.07553090942178178, ""post_trade_weight"": 0.07553571617202366, ""diff_weight"": 0.012855671189716962, ""gross_amount"": 0.015863120543312736, ""gross_amount_pct_nav"": 0.012855671189716962, ""fee"": 4.75893616299382e-06, ""fee_pct_nav"": 3.856701356915088e-06, ""name"": ""中国石油股份""}, {""ts_code"": ""00883.HK"", ""side"": ""buy"", ""current_weight"": 0.052083811856790334, ""target_weight"": 0.06653912431572404, ""post_trade_weight"": 0.06654335883314674, ""diff_weight"": 0.014455312458933708, ""gross_amount"": 0.017836981099107002, ""gross_amount_pct_nav"": 0.014455312458933708, ""fee"": 5.3510943297321e-06, ""fee_pct_nav"": 4.336593737680112e-06, ""name"": ""中国海洋石油""}, {""ts_code"": ""00941.HK"", ""side"": ""buy"", ""current_weight"": 0.08125626155294274, ""target_weight"": 0.09377260025269862, ""post_trade_weight"": 0.09377856789524916, ""diff_weight"": 0.012516338699755875, ""gross_amount"": 0.015444404778645324, ""gross_amount_pct_nav"": 0.012516338699755875, ""fee"": 4.633321433593597e-06, ""fee_pct_nav"": 3.754901609926762e-06, ""name"": ""中国移动""}, {""ts_code"": ""01288.HK"", ""side"": ""buy"", ""current_weight"": 0.06686606936078032, ""target_weight"": 0.07700271505802002, ""post_trade_weight"": 0.07700761547325484, ""diff_weight"": 0.010136645697239691, ""gross_amount"": 0.012508007573247978, ""gross_amount_pct_nav"": 0.010136645697239691, ""fee"": 3.7524022719743934e-06, ""fee_pct_nav"": 3.040993709171907e-06, ""name"": ""农业银行""}, {""ts_code"": ""01398.HK"", ""side"": ""buy"", ""current_weight"": 0.07545682597574939, ""target_weight"": 0.08838397335560706, ""post_trade_weight"": 0.0883895980685697, ""diff_weight"": 0.012927147379857664, ""gross_amount"": 0.01595131783798885, ""gross_amount_pct_nav"": 0.012927147379857664, ""fee"": 4.785395351396655e-06, ""fee_pct_nav"": 3.878144213957299e-06, ""name"": ""工商银行""}, {""ts_code"": ""02318.HK"", ""side"": ""buy"", ""current_weight"": 0.0, ""target_weight"": 0.056052622820903675, ""post_trade_weight"": 0.056056189982485134, ""diff_weight"": 0.056052622820903675, ""gross_amount"": 0.06916554565335098, ""gross_amount_pct_nav"": 0.056052622820903675, ""fee"": 2.0749663696005293e-05, ""fee_pct_nav"": 1.6815786846271103e-05, ""name"": ""中国平安""}, {""ts_code"": ""02628.HK"", ""side"": ""buy"", ""current_weight"": 0.0447961874717681, ""target_weight"": 0.06942099924676813, ""post_trade_weight"": 0.06942541716530605, ""diff_weight"": 0.02462481177500003, ""gross_amount"": 0.030385528050504894, ""gross_amount_pct_nav"": 0.02462481177500003, ""fee"": 9.115658415151468e-06, ""fee_pct_nav"": 7.387443532500008e-06, ""name"": ""中国人寿""}, {""ts_code"": ""03988.HK"", ""side"": ""buy"", ""current_weight"": 0.0655242706939927, ""target_weight"": 0.07568470188395786, ""post_trade_weight"": 0.07568951842147703, ""diff_weight"": 0.01016043118996516, ""gross_amount"": 0.01253735743236603, ""gross_amount_pct_nav"": 0.01016043118996516, ""fee"": 3.761207229709809e-06, ""fee_pct_nav"": 3.0481293569895478e-06, ""name"": ""中国银行""}]"
2023-01-30,0.04996394,0.09992788,0.06925261,0.05699014,0.00003787,0.00002078,0.00001710,0.00000000,rebalance,"[{""ts_code"": ""00016.HK"", ""side"": ""buy"", ""current_weight"": 0.0, ""target_weight"": 0.05481714145405535, ""post_trade_weight"": 0.05481878483160685, ""diff_weight"": 0.05481714145405535, ""gross_amount"": 0.06925260512231325, ""gross_amount_pct_nav"": 0.05481714145405535, ""fee"": 2.0775781536693973e-05, ""fee_pct_nav"": 1.6445142436216602e-05, ""name"": ""新鸿基地产""}, {""ts_code"": ""01299.HK"", ""side"": ""sell"", ""current_weight"": 0.045110742545298614, ""target_weight"": 0.0, ""post_trade_weight"": 0.0, ""diff_weight"": -0.045110742545298614, ""gross_amount"": 0.05699013770869999, ""gross_amount_pct_nav"": 0.045110742545298614, ""fee"": 1.7097041312609996e-05, ""fee_pct_nav"": 1.3533222763589583e-05, ""name"": ""友邦保险""}]"
2023-02-13,0.05867043,0.11734085,0.07894646,0.06604548,0.00004350,0.00002368,0.00001981,0.00000000,rebalance,"[{""ts_code"": ""00005.HK"", ""side"": ""buy"", ""current_weight"": 0.08566425338351917, ""target_weight"": 0.09659477737136445, ""post_trade_weight"": 0.09659817784512882, ""diff_weight"": 0.010930523987845268, ""gross_amount"": 0.013506275612384766, ""gross_amount_pct_nav"": 0.010930523987845268, ""fee"": 4.0518826837154295e-06, ""fee_pct_nav"": 3.2791571963535804e-06, ""name"": ""汇丰控股""}, {""ts_code"": ""00762.HK"", ""side"": ""buy"", ""current_weight"": 0.0, ""target_weight"": 0.05296023189128185, ""post_trade_weight"": 0.052962096276541616, ""diff_weight"": 0.05296023189128185, ""gross_amount"": 0.0654401828507828, ""gross_amount_pct_nav"": 0.05296023189128185, ""fee"": 1.963205485523484e-05, ""fee_pct_nav"": 1.5888069567384555e-05, ""name"": ""中国联通""}, {""ts_code"": ""02318.HK"", ""side"": ""sell"", ""current_weight"": 0.053450096720886756, ""target_weight"": 0.0, ""post_trade_weight"": 0.0, ""diff_weight"": -0.053450096720886756, ""gross_amount"": 0.06604548314643331, ""gross_amount_pct_nav"": 0.053450096720886756, ""fee"": 1.9813644943929993e-05, ""fee_pct_nav"": 1.6035029016266025e-05, ""name"": ""中国平安""}]"
2023-02-27,0.00593797,0.01187595,0.01453676,0.00000000,0.00000436,0.00000436,0.00000000,0.00000000,rebalance,"[{""ts_code"": ""00386.HK"", ""side"": ""buy"", ""current_weight"": 0.05580618906621041, ""target_weight"": 0.06768213858697719, ""post_trade_weight"": 0.0676823797247347, ""diff_weight"": 0.011875949520766779, ""gross_amount"": 0.014536761054973826, ""gross_amount_pct_nav"": 0.011875949520766779, ""fee"": 4.361028316492147e-06, ""fee_pct_nav"": 3.562784856230033e-06, ""name"": ""中国石油化工股份""}]"
2023-03-13,0.04966079,0.09932158,0.05957311,0.07014171,0.00003891,0.00001787,0.00002104,0.00000000,rebalance,"[{""ts_code"": ""00762.HK"", ""side"": ""sell"", ""current_weight"": 0.05370693496047979, ""target_weight"": 0.0, ""post_trade_weight"": 0.0, ""diff_weight"": -0.05370693496047979, ""gross_amount"": 0.07014171055074195, ""gross_amount_pct_nav"": 0.05370693496047979, ""fee"": 2.104251316522258e-05, ""fee_pct_nav"": 1.6112080488143935e-05, ""name"": ""中国联通""}, {""ts_code"": ""01766.HK"", ""side"": ""buy"", ""current_weight"": 0.0, ""target_weight"": 0.04561464137370838, ""post_trade_weight"": 0.04561600056963318, ""diff_weight"": 0.04561464137370838, ""gross_amount"": 0.05957310679644804, ""gross_amount_pct_nav"": 0.04561464137370838, ""fee"": 1.787193203893441e-05, ""fee_pct_nav"": 1.3684392412112514e-05, ""name"": ""中国中车""}]"
2023-03-27,0.05665301,0.11330601,0.06567815,0.07746473,0.00004294,0.00001970,0.00002324,0.00000000,rebalance,"[{""ts_code"": ""00005.HK"", ""side"": ""sell"", ""current_weight"": 0.08962653575802439, ""target_weight"": 0.0738802262177007, ""post_trade_weight"": 0.0738827376252515, ""diff_weight"": -0.01574630954032368, ""gross_amount"": 0.019892784598009902, ""gross_amount_pct_nav"": 0.01574630954032368, ""fee"": 5.96783537940297e-06, ""fee_pct_nav"": 4.723892862097104e-06, ""name"": ""汇丰控股""}, {""ts_code"": ""00998.HK"", ""side"": ""buy"", ""current_weight"": 0.0, ""target_weight"": 0.05198812391123338, ""post_trade_weight"": 0.0519898911414332, ""diff_weight"": 0.05198812391123338, ""gross_amount"": 0.06567815448898859, ""gross_amount_pct_nav"": 0.05198812391123338, ""fee"": 1.9703446346696573e-05, ""fee_pct_nav"": 1.559643717337001e-05, ""name"": ""中信银行""}, {""ts_code"": ""01766.HK"", ""side"": ""sell"", ""current_weight"": 0.04557158053387989, ""target_weight"": 0.0, ""post_trade_weight"": 0.0, ""diff_weight"": -0.04557158053387989, ""gross_amount"": 0.05757194300225212, ""gross_amount_pct_nav"": 0.04557158053387989, ""fee"": 1.7271582900675635e-05, ""fee_pct_nav"": 1.3671474160163966e-05, ""name"": ""中国中车""}]"
2023-04-11,0.13372789,0.26745577,0.20144682,0.15271418,0.00010625,0.00006043,0.00004581,0.00000000,rebalance,"[{""ts_code"": ""00005.HK"", ""side"": ""sell"", ""current_weight"": 0.07478783219585397, ""target_weight"": 0.06278461501886601, ""post_trade_weight"": 0.06278965305541447, ""diff_weight"": -0.012003217176987959, ""gross_amount"": 0.015894483194530032, ""gross_amount_pct_nav"": 0.012003217176987959, ""fee"": 4.768344958359009e-06, ""fee_pct_nav"": 3.6009651530963873e-06, ""name"": ""汇丰控股""}, {""ts_code"": ""00386.HK"", ""side"": ""sell"", ""current_weight"": 0.07438166618087633, ""target_weight"": 0.0625705049096912, ""post_trade_weight"": 0.06257552576536572, ""diff_weight"": -0.01181116127118514, ""gross_amount"": 0.015640165595991073, ""gross_amount_pct_nav"": 0.01181116127118514, ""fee"": 4.6920496787973216e-06, ""fee_pct_nav"": 3.5433483813555413e-06, ""name"": ""中国石油化工股份""}, {""ts_code"": ""00700.HK"", ""side"": ""buy"", ""current_weight"": 0.0, ""target_weight"": 0.15212887652894908, ""post_trade_weight"": 0.15214108383227964, ""diff_weight"": 0.15212887652894908, ""gross_amount"": 0.20144681511118684, ""gross_amount_pct_nav"": 0.15212887652894908, ""fee"": 6.0434044533356045e-05, ""fee_pct_nav"": 4.563866295868472e-05, ""name"": ""腾讯控股""}, {""ts_code"": ""00857.HK"", ""side"": ""sell"", ""current_weight"": 0.08848771752535399, ""target_weight"": 0.0771197585125176, ""post_trade_weight"": 0.07712594684642517, ""diff_weight"": -0.011367959012836383, ""gross_amount"": 0.015053283700643266, ""gross_amount_pct_nav"": 0.011367959012836383, ""fee"": 4.5159851101929795e-06, ""fee_pct_nav"": 3.410387703850915e-06, ""name"": ""中国石油股份""}, {""ts_code"": ""00883.HK"", ""side"": ""sell"", ""current_weight"": 0.07244006197290824, ""target_weight"": 0.05796792314974564, ""post_trade_weight"": 0.057972574679668674, ""diff_weight"": -0.014472138823162608, ""gross_amount"": 0.019163792833363183, ""gross_amount_pct_nav"": 0.014472138823162608, ""fee"": 5.7491378500089544e-06, ""fee_pct_nav"": 4.341641646948782e-06, ""name"": ""中国海洋石油""}, {""ts_code"": ""01088.HK"", ""side"": ""sell"", ""current_weight"": 0.05046257675191136, ""target_weight"": 0.0, ""post_trade_weight"": 0.0, ""diff_weight"": -0.05046257675191136, ""gross_amount"": 0.06682180004821066, ""gross_amount_pct_nav"": 0.05046257675191136, ""fee"": 2.0046540014463197e-05, ""fee_pct_nav"": 1.5138773025573408e-05, ""name"": ""中国神华""}, {""ts_code"": ""01398.HK"", ""side"": ""sell"", ""current_weight"": 0.08122911237626709, ""target_weight"": 0.06601926946398202, ""post_trade_weight"": 0.06602456705945764, ""diff_weight"": -0.015209842912285066, ""gross_amount"": 0.020140649710498795, ""gross_amount_pct_nav"": 0.015209842912285066, ""fee"": 6.042194913149638e-06, ""fee_pct_nav"": 4.562952873685519e-06, ""name"": ""工商银行""}]"
2023-04-24,0.06186887,0.12373774,0.06410862,0.10141417,0.00004966,0.00001923,0.00003042,0.00000000,rebalance,"[{""ts_code"": ""00267.HK"", ""side"": ""buy"", ""current_weight"": 0.0, ""target_weight"": 0.04792485565155957, ""post_trade_weight"": 0.047926634751637665, ""diff_weight"": 0.04792485565155957, ""gross_amount"": 0.06410861557009481, ""gross_amount_pct_nav"": 0.04792485565155957, ""fee"": 1.923258467102844e-05, ""fee_pct_nav"": 1.437745669546787e-05, ""name"": ""中信股份""}, {""ts_code"": ""00700.HK"", ""side"": ""sell"", ""current_weight"": 0.13795626255907928, ""target_weight"": 0.1260426387302536, ""post_trade_weight"": 0.12604731777342146, ""diff_weight"": -0.011913623828825682, ""gross_amount"": 0.01593673929123357, ""gross_amount_pct_nav"": 0.011913623828825682, ""fee"": 4.78102178737007e-06, ""fee_pct_nav"": 3.574087148647704e-06, ""name"": ""腾讯控股""}, {""ts_code"": ""00941.HK"", ""side"": ""sell"", ""current_weight"": 0.10566567624909075, ""target_weight"": 0.09494351425254506, ""post_trade_weight"": 0.09494703881221925, ""diff_weight"": -0.010722161996545685, ""gross_amount"": 0.014342932329613783, ""gross_amount_pct_nav"": 0.010722161996545685, ""fee"": 4.3028796988841344e-06, ""fee_pct_nav"": 3.2166485989637055e-06, ""name"": ""中国移动""}, {""ts_code"": ""00998.HK"", ""side"": ""sell"", ""current_weight"": 0.05317710110303644, ""target_weight"": 0.0, ""post_trade_weight"": 0.0, ""diff_weight"": -0.05317710110303644, ""gross_amount"": 0.07113449347730458, ""gross_amount_pct_nav"": 0.05317710110303644, ""fee"": 2.1340348043191373e-05, ""fee_pct_nav"": 1.595313033091093e-05, ""name"": ""中信银行""}]"
2023-05-08,0.11264885,0.22529771,0.16622022,0.15238921,0.00009558,0.00004987,0.00004572,0.00000000,rebalance,"[{""ts_code"": ""00267.HK"", ""side"": ""sell"", ""current_weight"": 0.049925045135010296, ""target_weight"": 0.0, ""post_trade_weight"": 0.0, ""diff_weight"": -0.049925045135010296, ""gross_amount"": 0.07060253893761916, ""gross_amount_pct_nav"": 0.049925045135010296, ""fee"": 2.1180761681285746e-05, ""fee_pct_nav"": 1.4977513540503088e-05, ""name"": ""中信股份""}, {""ts_code"": ""00883.HK"", ""side"": ""sell"", ""current_weight"": 0.05783365694169206, ""target_weight"": 0.0, ""post_trade_weight"": 0.0, ""diff_weight"": -0.05783365694169206, ""gross_amount"": 0.08178666649351403, ""gross_amount_pct_nav"": 0.05783365694169206, ""fee"": 2.4535999948054207e-05, ""fee_pct_nav"": 1.7350097082507616e-05, ""name"": ""中国海洋石油""}, {""ts_code"": ""01088.HK"", ""side"": ""buy"", ""current_weight"": 0.0, ""target_weight"": 0.05318824071054163, ""post_trade_weight"": 0.05319183591013931, ""diff_weight"": 0.05318824071054163, ""gross_amount"": 0.07521725469920702, ""gross_amount_pct_nav"": 0.05318824071054163, ""fee"": 2.2565176409762105e-05, ""fee_pct_nav"": 1.5956472213162488e-05, ""name"": ""中国神华""}, {""ts_code"": ""02318.HK"", ""side"": ""buy"", ""current_weight"": 0.0, ""target_weight"": 0.06435076416133621, ""post_trade_weight"": 0.06435511387921244, ""diff_weight"": 0.06435076416133621, ""gross_amount"": 0.09100296895235548, ""gross_amount_pct_nav"": 0.06435076416133621, ""fee"": 2.730089068570664e-05, ""fee_pct_nav"": 1.9305229248400864e-05, ""name"": ""中国平安""}]"
2023-05-22,0.12088248,0.24176495,0.16453696,0.16555061,0.00009903,0.00004936,0.00004967,0.00000000,rebalance,"[{""ts_code"": ""00005.HK"", ""side"": ""buy"", ""current_weight"": 0.06819517678248709, ""target_weight"": 0.0857320610181798, ""post_trade_weight"": 0.08573827957151799, ""diff_weight"": 0.017536884235692708, ""gross_amount"": 0.023943534573508812, ""gross_amount_pct_nav"": 0.017536884235692708, ""fee"": 7.183060372052643e-06, ""fee_pct_nav"": 5.261065270707812e-06, ""name"": ""汇丰控股""}, {""ts_code"": ""00016.HK"", ""side"": ""sell"", ""current_weight"": 0.04710734050654304, ""target_weight"": 0.0, ""post_trade_weight"": 0.0, ""diff_weight"": -0.04710734050654304, ""gross_amount"": 0.06431679772332788, ""gross_amount_pct_nav"": 0.04710734050654304, ""fee"": 1.929503931699836e-05, ""fee_pct_nav"": 1.413220215196291e-05, ""name"": ""新鸿基地产""}, {""ts_code"": ""00700.HK"", ""side"": ""sell"", ""current_weight"": 0.12352039793683713, ""target_weight"": 0.10927087198576496, ""post_trade_weight"": 0.10927879792079655, ""diff_weight"": -0.014249525951072163, ""gross_amount"": 0.01945522435343433, ""gross_amount_pct_nav"": 0.014249525951072163, ""fee"": 5.836567306030298e-06, ""fee_pct_nav"": 4.274857785321648e-06, ""name"": ""腾讯控股""}, {""ts_code"": ""00883.HK"", ""side"": ""buy"", ""current_weight"": 0.0, ""target_weight"": 0.053407911627582585, ""post_trade_weight"": 0.05341178555692935, ""diff_weight"": 0.053407911627582585, ""gross_amount"": 0.07291912071536892, ""gross_amount_pct_nav"": 0.053407911627582585, ""fee"": 2.1875736214610674e-05, ""fee_pct_nav"": 1.6022373488274772e-05, ""name"": ""中国海洋石油""}, {""ts_code"": ""00998.HK"", ""side"": ""buy"", ""current_weight"": 0.0, ""target_weight"": 0.04956646565370413, ""post_trade_weight"": 0.049570060944739855, ""diff_weight"": 0.04956646565370413, ""gross_amount"": 0.06767430109680617, ""gross_amount_pct_nav"": 0.04956646565370413, ""fee"": 2.0302290329041847e-05, ""fee_pct_nav"": 1.4869939696111235e-05, ""name"": ""中信银行""}, {""ts_code"": ""02318.HK"", ""side"": ""sell"", ""current_weight"": 0.05989682498356452, ""target_weight"": 0.0, ""post_trade_weight"": 0.0, ""diff_weight"": -0.05989682498356452, ""gross_amount"": 0.08177859194157672, ""gross_amount_pct_nav"": 0.05989682498356452, ""fee"": 2.4533577582473013e-05, ""fee_pct_nav"": 1.7969047495069354e-05, ""name"": ""中国平安""}]"
2023-06-05,0.01351779,0.02703559,0.01704417,0.01858510,0.00001069,0.00000511,0.00000558,0.00000000,rebalance,"[{""ts_code"": ""00700.HK"", ""side"": ""sell"", ""current_weight"": 0.11253801902169103, ""target_weight"": 0.09843559481795965, ""post_trade_weight"": 0.09843639320372957, ""diff_weight"": -0.014102424203731374, ""gross_amount"": 0.01858509698047406, ""gross_amount_pct_nav"": 0.014102424203731374, ""fee"": 5.575529094142217e-06, ""fee_pct_nav"": 4.230727261119412e-06, ""name"": ""腾讯控股""}, {""ts_code"": ""00728.HK"", ""side"": ""buy"", ""current_weight"": 0.05749722654974199, ""target_weight"": 0.07043039165560644, ""post_trade_weight"": 0.0704309628983827, ""diff_weight"": 0.012933165105864446, ""gross_amount"": 0.017044170866266778, ""gross_amount_pct_nav"": 0.012933165105864446, ""fee"": 5.113251259880033e-06, ""fee_pct_nav"": 3.879949531759333e-06, ""name"": ""中国电信""}]"
2023-06-19,0.06442459,0.12884919,0.11156588,0.06249606,0.00005222,0.00003347,0.00001875,0.00000000,rebalance,"[{""ts_code"": ""00700.HK"", ""side"": ""buy"", ""current_weight"": 0.10142441977864541, ""target_weight"": 0.13415019379028048, ""post_trade_weight"": 0.13415537953371018, ""diff_weight"": 0.03272577401163506, ""gross_amount"": 0.044209138514699625, ""gross_amount_pct_nav"": 0.03272577401163506, ""fee"": 1.3262741554409886e-05, ""fee_pct_nav"": 9.817732203490516e-06, ""name"": ""腾讯控股""}, {""ts_code"": ""00998.HK"", ""side"": ""sell"", ""current_weight"": 0.04626264812647052, ""target_weight"": 0.0, ""post_trade_weight"": 0.0, ""diff_weight"": -0.04626264812647052, ""gross_amount"": 0.062496056421852665, ""gross_amount_pct_nav"": 0.04626264812647052, ""fee"": 1.8748816926555798e-05, ""fee_pct_nav"": 1.3878794437941155e-05, ""name"": ""中信银行""}, {""ts_code"": ""01928.HK"", ""side"": ""buy"", ""current_weight"": 0.0, ""target_weight"": 0.04986076372695131, ""post_trade_weight"": 0.0498626911570995, ""diff_weight"": 0.04986076372695131, ""gross_amount"": 0.06735673873656285, ""gross_amount_pct_nav"": 0.04986076372695131, ""fee"": 2.0207021620968855e-05, ""fee_pct_nav"": 1.4958229118085391e-05, ""name"": ""金沙中国有限公司""}]"
2023-07-03,0.18365682,0.36731365,0.10269118,0.39765923,0.00015011,0.00003081,0.00011930,0.00000000,rebalance,"[{""ts_code"": ""00005.HK"", ""side"": ""sell"", ""current_weight"": 0.0890819194878628, ""target_weight"": 0.06631102365658362, ""post_trade_weight"": 0.06631833154505666, ""diff_weight"": -0.022770895831279173, ""gross_amount"": 0.031018251580557266, ""gross_amount_pct_nav"": 0.022770895831279173, ""fee"": 9.30547547416718e-06, ""fee_pct_nav"": 6.831268749383752e-06, ""name"": ""汇丰控股""}, {""ts_code"": ""00386.HK"", ""side"": ""sell"", ""current_weight"": 0.06390118168398902, ""target_weight"": 0.05227857171447552, ""post_trade_weight"": 0.052284333139206315, ""diff_weight"": -0.011622609969513493, ""gross_amount"": 0.0158321852037918, ""gross_amount_pct_nav"": 0.011622609969513493, ""fee"": 4.74965556113754e-06, ""fee_pct_nav"": 3.486782990854048e-06, ""name"": ""中国石油化工股份""}, {""ts_code"": ""00700.HK"", ""side"": ""sell"", ""current_weight"": 0.12588924725204387, ""target_weight"": 0.0914007486190976, ""post_trade_weight"": 0.09141082155177799, ""diff_weight"": -0.03448849863294628, ""gross_amount"": 0.04697983492432224, ""gross_amount_pct_nav"": 0.03448849863294628, ""fee"": 1.4093950477296671e-05, ""fee_pct_nav"": 1.0346549589883882e-05, ""name"": ""腾讯控股""}, {""ts_code"": ""00728.HK"", ""side"": ""sell"", ""current_weight"": 0.06539118982187483, ""target_weight"": 0.048375915864431296, ""post_trade_weight"": 0.04838124719214159, ""diff_weight"": -0.01701527395744355, ""gross_amount"": 0.02317800986991031, ""gross_amount_pct_nav"": 0.01701527395744355, ""fee"": 6.9534029609730926e-06, ""fee_pct_nav"": 5.104582187233064e-06, ""name"": ""中国电信""}, {""ts_code"": ""00857.HK"", ""side"": ""sell"", ""current_weight"": 0.09479468336067778, ""target_weight"": 0.06632837351907112, ""post_trade_weight"": 0.06633568331960724, ""diff_weight"": -0.02846630984160667, ""gross_amount"": 0.038776478834185904, ""gross_amount_pct_nav"": 0.02846630984160667, ""fee"": 1.163294365025577e-05, ""fee_pct_nav"": 8.539892952481999e-06, ""name"": ""中国石油股份""}, {""ts_code"": ""00941.HK"", ""side"": ""sell"", ""current_weight"": 0.09567446292998984, ""target_weight"": 0.07244099887922148, ""post_trade_weight"": 0.0724489823292045, ""diff_weight"": -0.02323346405076835, ""gross_amount"": 0.03164835667223208, ""gross_amount_pct_nav"": 0.02323346405076835, ""fee"": 9.494507001669623e-06, ""fee_pct_nav"": 6.9700392152305054e-06, ""name"": ""中国移动""}, {""ts_code"": ""00998.HK"", ""side"": ""buy"", ""current_weight"": 0.0, ""target_weight"": 0.037178195184920486, ""post_trade_weight"": 0.037182292453957495, ""diff_weight"": 0.037178195184920486, ""gross_amount"": 0.05064370853485848, ""gross_amount_pct_nav"": 0.037178195184920486, ""fee"": 1.5193112560457542e-05, ""fee_pct_nav"": 1.1153458555476144e-05, ""name"": ""中信银行""}, {""ts_code"": ""01088.HK"", ""side"": ""sell"", ""current_weight"": 0.06034498248396945, ""target_weight"": 0.0387108083636212, ""post_trade_weight"": 0.03871507453619135, ""diff_weight"": -0.02163417412034825, ""gross_amount"": 0.029469822380933805, ""gross_amount_pct_nav"": 0.02163417412034825, ""fee"": 8.840946714280141e-06, ""fee_pct_nav"": 6.490252236104475e-06, ""name"": ""中国神华""}, {""ts_code"": ""01288.HK"", ""side"": ""sell"", ""current_weight"": 0.07730954267945321, ""target_weight"": 0.06344411359923015, ""post_trade_weight"": 0.06345110553633031, ""diff_weight"": -0.013865429080223072, ""gross_amount"": 0.01888732751971725, ""gross_amount_pct_nav"": 0.013865429080223072, ""fee"": 5.666198255915174e-06, ""fee_pct_nav"": 4.159628724066921e-06, ""name"": ""农业银行""}, {""ts_code"": ""01339.HK"", ""side"": ""buy"", ""current_weight"": 0.0, ""target_weight"": 0.038208715827792866, ""post_trade_weight"": 0.03821292666663338, ""diff_weight"": 0.038208715827792866, ""gross_amount"": 0.05204747186487488, ""gross_amount_pct_nav"": 0.038208715827792866, ""fee"": 1.5614241559462462e-05, ""fee_pct_nav"": 1.1462614748337858e-05, ""name"": ""中国人民保险集团""}, {""ts_code"": ""01928.HK"", ""side"": ""sell"", ""current_weight"": 0.047985520297577744, ""target_weight"": 0.0, ""post_trade_weight"": 0.0, ""diff_weight"": -0.047985520297577744, ""gross_amount"": 0.06536532211304706, ""gross_amount_pct_nav"": 0.047985520297577744, ""fee"": 1.9609596633914116e-05, ""fee_pct_nav"": 1.4395656089273322e-05, ""name"": ""金沙中国有限公司""}, {""ts_code"": ""02628.HK"", ""side"": ""sell"", ""current_weight"": 0.05696809180619014, ""target_weight"": 0.0, ""post_trade_weight"": 0.0, ""diff_weight"": -0.05696809180619014, ""gross_amount"": 0.0776012773850287, ""gross_amount_pct_nav"": 0.05696809180619014, ""fee"": 2.328038321550861e-05, ""fee_pct_nav"": 1.709042754185704e-05, ""name"": ""中国人寿""}, {""ts_code"": ""03988.HK"", ""side"": ""sell"", ""current_weight"": 0.07337960558500549, ""target_weight"": 0.059503136873473896, ""post_trade_weight"": 0.059509694490354, ""diff_weight"": -0.013876468711531594, ""gross_amount"": 0.0189023655781152, ""gross_amount_pct_nav"": 0.013876468711531594, ""fee"": 5.670709673434559e-06, ""fee_pct_nav"": 4.1629406134594775e-06, ""name"": ""中国银行""}]"
2023-07-17,0.00000000,0.00000000,0.00000000,0.00000000,0.00000000,0.00000000,0.00000000,0.00000000,rebalance,
2023-07-31,0.12226442,0.24452884,0.29116116,0.05152703,0.00010281,0.00008735,0.00001546,0.00000000,rebalance,"[{""ts_code"": ""00005.HK"", ""side"": ""buy"", ""current_weight"": 0.06784148423249184, ""target_weight"": 0.08721636219349921, ""post_trade_weight"": 0.08722276073762619, ""diff_weight"": 0.01937487796100737, ""gross_amount"": 0.02715238781890264, ""gross_amount_pct_nav"": 0.01937487796100737, ""fee"": 8.145716345670791e-06, ""fee_pct_nav"": 5.81246338830221e-06, ""name"": ""汇丰控股""}, {""ts_code"": ""00386.HK"", ""side"": ""buy"", ""current_weight"": 0.04751378574178024, ""target_weight"": 0.059707892766112325, ""post_trade_weight"": 0.05971227317796378, ""diff_weight"": 0.012194107024332088, ""gross_amount"": 0.017089094635652335, ""gross_amount_pct_nav"": 0.012194107024332088, ""fee"": 5.126728390695701e-06, ""fee_pct_nav"": 3.658232107299626e-06, ""name"": ""中国石油化工股份""}, {""ts_code"": ""00700.HK"", ""side"": ""buy"", ""current_weight"": 0.09314999343077437, ""target_weight"": 0.13288380832717034, ""post_trade_weight"": 0.13289355721935017, ""diff_weight"": 0.03973381489639596, ""gross_amount"": 0.0556838579196573, ""gross_amount_pct_nav"": 0.03973381489639596, ""fee"": 1.670515737589719e-05, ""fee_pct_nav"": 1.1920144468918786e-05, ""name"": ""腾讯控股""}, {""ts_code"": ""00857.HK"", ""side"": ""buy"", ""current_weight"": 0.06471613164138379, ""target_weight"": 0.08454681491222966, ""post_trade_weight"": 0.0845530176076002, ""diff_weight"": 0.019830683270845886, ""gross_amount"": 0.02779116358655176, ""gross_amount_pct_nav"": 0.019830683270845886, ""fee"": 8.337349075965528e-06, ""fee_pct_nav"": 5.949204981253766e-06, ""name"": ""中国石油股份""}, {""ts_code"": ""00941.HK"", ""side"": ""buy"", ""current_weight"": 0.06998011318930925, ""target_weight"": 0.09112659945616197, ""post_trade_weight"": 0.09113328487106691, ""diff_weight"": 0.02114648626685273, ""gross_amount"": 0.02963515936875767, ""gross_amount_pct_nav"": 0.02114648626685273, ""fee"": 8.890547810627301e-06, ""fee_pct_nav"": 6.3439458800558186e-06, ""name"": ""中国移动""}, {""ts_code"": ""00998.HK"", ""side"": ""sell"", ""current_weight"": 0.03676766499718739, ""target_weight"": 0.0, ""post_trade_weight"": 0.0, ""diff_weight"": -0.03676766499718739, ""gross_amount"": 0.05152702903255949, ""gross_amount_pct_nav"": 0.03676766499718739, ""fee"": 1.5458108709767845e-05, ""fee_pct_nav"": 1.1030299499156213e-05, ""name"": ""中信银行""}, {""ts_code"": ""01088.HK"", ""side"": ""buy"", ""current_weight"": 0.03607645729453447, ""target_weight"": 0.04842119005618504, ""post_trade_weight"": 0.04842474242999958, ""diff_weight"": 0.012344732761650568, ""gross_amount"": 0.01730018491675813, ""gross_amount_pct_nav"": 0.012344732761650568, ""fee"": 5.190055475027439e-06, ""fee_pct_nav"": 3.70341982849517e-06, ""name"": ""中国神华""}, {""ts_code"": ""01288.HK"", ""side"": ""buy"", ""current_weight"": 0.06685274041235535, ""target_weight"": 0.07946194323185989, ""post_trade_weight"": 0.07946777288053357, ""diff_weight"": 0.012609202819504527, ""gross_amount"": 0.017670819177876593, ""gross_amount_pct_nav"": 0.012609202819504527, ""fee"": 5.301245753362978e-06, ""fee_pct_nav"": 3.782760845851358e-06, ""name"": ""农业银行""}, {""ts_code"": ""01398.HK"", ""side"": ""buy"", ""current_weight"": 0.06665042335038386, ""target_weight"": 0.07904152246978875, ""post_trade_weight"": 0.07904732127469952, ""diff_weight"": 0.012391099119404895, ""gross_amount"": 0.017365163768755507, ""gross_amount_pct_nav"": 0.012391099119404895, ""fee"": 5.209549130626652e-06, ""fee_pct_nav"": 3.7173297358214686e-06, ""name"": ""工商银行""}, {""ts_code"": ""01928.HK"", ""side"": ""buy"", ""current_weight"": 0.0, ""target_weight"": 0.04454462524499838, ""post_trade_weight"": 0.04454789321838184, ""diff_weight"": 0.04454462524499838, ""gross_amount"": 0.06242583526637043, ""gross_amount_pct_nav"": 0.04454462524499838, ""fee"": 1.8727750579911126e-05, ""fee_pct_nav"": 1.3363387573499511e-05, ""name"": ""金沙中国有限公司""}, {""ts_code"": ""03988.HK"", ""side"": ""buy"", ""current_weight"": 0.061998427896563624, ""target_weight"": 0.07558997260040791, ""post_trade_weight"": 0.07559551818569807, ""diff_weight"": 0.013591544703844287, ""gross_amount"": 0.019047495091295247, ""gross_amount_pct_nav"": 0.013591544703844287, ""fee"": 5.714248527388574e-06, ""fee_pct_nav"": 4.077463411153286e-06, ""name"": ""中国银行""}]"
2023-08-14,0.08691420,0.17382840,0.12812854,0.10759852,0.00007072,0.00003844,0.00003228,0.00000000,rebalance,"[{""ts_code"": ""00762.HK"", ""side"": ""buy"", ""current_weight"": 0.0, ""target_weight"": 0.04804190941968506, ""post_trade_weight"": 0.04804441486480049, ""diff_weight"": 0.04804190941968506, ""gross_amount"": 0.06514918129100157, ""gross_amount_pct_nav"": 0.04804190941968506, ""fee"": 1.954475438730047e-05, ""fee_pct_nav"": 1.4412572825905516e-05, ""name"": ""中国联通""}, {""ts_code"": ""01339.HK"", ""side"": ""sell"", ""current_weight"": 0.03570935503811134, ""target_weight"": 0.0, ""post_trade_weight"": 0.0, ""diff_weight"": -0.03570935503811134, ""gross_amount"": 0.04842512034314366, ""gross_amount_pct_nav"": 0.03570935503811134, ""fee"": 1.4527536102943097e-05, ""fee_pct_nav"": 1.0712806511433401e-05, ""name"": ""中国人民保险集团""}, {""ts_code"": ""01928.HK"", ""side"": ""sell"", ""current_weight"": 0.0436352830890859, ""target_weight"": 0.0, ""post_trade_weight"": 0.0, ""diff_weight"": -0.0436352830890859, ""gross_amount"": 0.05917339679030744, ""gross_amount_pct_nav"": 0.0436352830890859, ""fee"": 1.775201903709223e-05, ""fee_pct_nav"": 1.309058492672577e-05, ""name"": ""金沙中国有限公司""}, {""ts_code"": ""02899.HK"", ""side"": ""buy"", ""current_weight"": 0.0, ""target_weight"": 0.0464418514795268, ""post_trade_weight"": 0.04644427347963767, ""diff_weight"": 0.0464418514795268, ""gross_amount"": 0.06297935777485374, ""gross_amount_pct_nav"": 0.0464418514795268, ""fee"": 1.889380733245612e-05, ""fee_pct_nav"": 1.3932555443858039e-05, ""name"": ""紫金矿业""}]"
2023-08-28,0.16666710,0.33333420,0.09839394,0.34653868,0.00013348,0.00002952,0.00010396,0.00000000,rebalance,"[{""ts_code"": ""00005.HK"", ""side"": ""sell"", ""current_weight"": 0.08459733528052626, ""target_weight"": 0.0676123581153925, ""post_trade_weight"": 0.0676191200448775, ""diff_weight"": -0.01698497716513376, ""gross_amount"": 0.022671452362306402, ""gross_amount_pct_nav"": 0.01698497716513376, ""fee"": 6.80143570869192e-06, ""fee_pct_nav"": 5.095493149540128e-06, ""name"": ""汇丰控股""}, {""ts_code"": ""00386.HK"", ""side"": ""sell"", ""current_weight"": 0.0647104926130882, ""target_weight"": 0.05213416436187088, ""post_trade_weight"": 0.05213937831318097, ""diff_weight"": -0.012576328251217324, ""gross_amount"": 0.016786812491305245, ""gross_amount_pct_nav"": 0.012576328251217324, ""fee"": 5.036043747391573e-06, ""fee_pct_nav"": 3.7728984753651974e-06, ""name"": ""中国石油化工股份""}, {""ts_code"": ""00700.HK"", ""side"": ""sell"", ""current_weight"": 0.1280215050469167, ""target_weight"": 0.09380828578531679, ""post_trade_weight"": 0.09381766757632763, ""diff_weight"": -0.03421321926159992, ""gross_amount"": 0.0456676133920724, ""gross_amount_pct_nav"": 0.03421321926159992, ""fee"": 1.3700284017621719e-05, ""fee_pct_nav"": 1.0263965778479975e-05, ""name"": ""腾讯控股""}, {""ts_code"": ""00762.HK"", ""side"": ""sell"", ""current_weight"": 0.04663913950898118, ""target_weight"": 0.0, ""post_trade_weight"": 0.0, ""diff_weight"": -0.04663913950898118, ""gross_amount"": 0.06225366212251261, ""gross_amount_pct_nav"": 0.04663913950898118, ""fee"": 1.8676098636753783e-05, ""fee_pct_nav"": 1.3991741852694354e-05, ""name"": ""中国联通""}, {""ts_code"": ""00857.HK"", ""side"": ""sell"", ""current_weight"": 0.08809587225272919, ""target_weight"": 0.07387809607411547, ""post_trade_weight"": 0.0738854846416801, ""diff_weight"": -0.014217776178613724, ""gross_amount"": 0.018977807988641904, ""gross_amount_pct_nav"": 0.014217776178613724, ""fee"": 5.693342396592571e-06, ""fee_pct_nav"": 4.265332853584117e-06, ""name"": ""中国石油股份""}, {""ts_code"": ""00939.HK"", ""side"": ""sell"", ""current_weight"": 0.06097007419155384, ""target_weight"": 0.042859596107349886, ""post_trade_weight"": 0.04286388250668148, ""diff_weight"": -0.018110478084203956, ""gross_amount"": 0.02417376468350351, ""gross_amount_pct_nav"": 0.018110478084203956, ""fee"": 7.252129405051053e-06, ""fee_pct_nav"": 5.433143425261186e-06, ""name"": ""建设银行""}, {""ts_code"": ""00941.HK"", ""side"": ""sell"", ""current_weight"": 0.09799441238804553, ""target_weight"": 0.07764275252445847, ""post_trade_weight"": 0.07765051759629188, ""diff_weight"": -0.02035165986358705, ""gross_amount"": 0.02716528156648501, ""gross_amount_pct_nav"": 0.02035165986358705, ""fee"": 8.149584469945502e-06, ""fee_pct_nav"": 6.105497959076114e-06, ""name"": ""中国移动""}, {""ts_code"": ""01288.HK"", ""side"": ""sell"", ""current_weight"": 0.07647602347854424, ""target_weight"": 0.0589445345385914, ""post_trade_weight"": 0.05895042959679061, ""diff_weight"": -0.01753148893995284, ""gross_amount"": 0.02340093321752265, ""gross_amount_pct_nav"": 0.01753148893995284, ""fee"": 7.0202799652567946e-06, ""fee_pct_nav"": 5.259446681985851e-06, ""name"": ""农业银行""}, {""ts_code"": ""01398.HK"", ""side"": ""sell"", ""current_weight"": 0.0766395363751169, ""target_weight"": 0.05904187546676287, ""post_trade_weight"": 0.05904778026005358, ""diff_weight"": -0.017597660908354035, ""gross_amount"": 0.023489259190218534, ""gross_amount_pct_nav"": 0.017597660908354035, ""fee"": 7.046777757065559e-06, ""fee_pct_nav"": 5.27929827250621e-06, ""name"": ""工商银行""}, {""ts_code"": ""01816.HK"", ""side"": ""buy"", ""current_weight"": 0.0, ""target_weight"": 0.03792566305261232, ""post_trade_weight"": 0.03792945600801843, ""diff_weight"": 0.03792566305261232, ""gross_amount"": 0.05062296256548503, ""gross_amount_pct_nav"": 0.03792566305261232, ""fee"": 1.5186888769645507e-05, ""fee_pct_nav"": 1.1377698915783697e-05, ""name"": ""中广核电力""}, {""ts_code"": ""01919.HK"", ""side"": ""buy"", ""current_weight"": 0.0, ""target_weight"": 0.035789013053227396, ""post_trade_weight"": 0.03579259232171247, ""diff_weight"": 0.035789013053227396, ""gross_amount"": 0.0477709741168096, ""gross_amount_pct_nav"": 0.035789013053227396, ""fee"": 1.4331292235042879e-05, ""fee_pct_nav"": 1.0736703915968219e-05, ""name"": ""中远海控""}, {""ts_code"": ""02899.HK"", ""side"": ""sell"", ""current_weight"": 0.04541105262175662, ""target_weight"": 0.0, ""post_trade_weight"": 0.0, ""diff_weight"": -0.04541105262175662, ""gross_amount"": 0.06061441862575719, ""gross_amount_pct_nav"": 0.04541105262175662, ""fee"": 1.8184325587727156e-05, ""fee_pct_nav"": 1.3623315786526983e-05, ""name"": ""紫金矿业""}, {""ts_code"": ""03988.HK"", ""side"": ""sell"", ""current_weight"": 0.07289651761625202, ""target_weight"": 0.05691077945790462, ""post_trade_weight"": 0.05691647111973031, ""diff_weight"": -0.015985738158347394, ""gross_amount"": 0.021337673734247997, ""gross_amount_pct_nav"": 0.015985738158347394, ""fee"": 6.401302120274399e-06, ""fee_pct_nav"": 4.7957214475042185e-06, ""name"": ""中国银行""}]"
2023-09-25,0.04478287,0.08956575,0.05073180,0.07187731,0.00003678,0.00001522,0.00002156,0.00000000,rebalance,"[{""ts_code"": ""00883.HK"", ""side"": ""sell"", ""current_weight"": 0.068164803977565, ""target_weight"": 0.053804910793744595, ""post_trade_weight"": 0.053806356555748086, ""diff_weight"": -0.0143598931838204, ""gross_amount"": 0.019657668775437925, ""gross_amount_pct_nav"": 0.0143598931838204, ""fee"": 5.897300632631377e-06, ""fee_pct_nav"": 4.307967955146119e-06, ""name"": ""中国海洋石油""}, {""ts_code"": ""01816.HK"", ""side"": ""sell"", ""current_weight"": 0.03814636097975841, ""target_weight"": 0.0, ""post_trade_weight"": 0.0, ""diff_weight"": -0.03814636097975841, ""gross_amount"": 0.05221964533644815, ""gross_amount_pct_nav"": 0.03814636097975841, ""fee"": 1.5665893600934442e-05, ""fee_pct_nav"": 1.144390829392752e-05, ""name"": ""中广核电力""}, {""ts_code"": ""02328.HK"", ""side"": ""buy"", ""current_weight"": 0.0, ""target_weight"": 0.03705949581089383, ""post_trade_weight"": 0.037060491616111635, ""diff_weight"": 0.03705949581089383, ""gross_amount"": 0.05073180449950008, ""gross_amount_pct_nav"": 0.03705949581089383, ""fee"": 1.5219541349850023e-05, ""fee_pct_nav"": 1.1117848743268149e-05, ""name"": ""中国财险""}]"
2023-10-09,0.00565175,0.01130351,0.01532274,0.00000000,0.00000460,0.00000460,0.00000000,0.00000000,rebalance,"[{""ts_code"": ""00005.HK"", ""side"": ""buy"", ""current_weight"": 0.06556392760506416, ""target_weight"": 0.07686743675907873, ""post_trade_weight"": 0.07686769742149516, ""diff_weight"": 0.011303509154014575, ""gross_amount"": 0.015322743485426255, ""gross_amount_pct_nav"": 0.011303509154014575, ""fee"": 4.596823045627876e-06, ""fee_pct_nav"": 3.3910527462043725e-06, ""name"": ""汇丰控股""}]"
2023-10-24,0.04258032,0.08516065,0.05100745,0.06165496,0.00003380,0.00001530,0.00001850,0.00000000,rebalance,"[{""ts_code"": ""00386.HK"", ""side"": ""sell"", ""current_weight"": 0.0515198209351676, ""target_weight"": 0.041160151619093956, ""post_trade_weight"": 0.041161203213489705, ""diff_weight"": -0.010359669316073643, ""gross_amount"": 0.013705219015569516, ""gross_amount_pct_nav"": 0.010359669316073643, ""fee"": 4.111565704670854e-06, ""fee_pct_nav"": 3.1079007948220925e-06, ""name"": ""中国石油化工股份""}, {""ts_code"": ""00762.HK"", ""side"": ""buy"", ""current_weight"": 0.0, ""target_weight"": 0.038556139738833525, ""post_trade_weight"": 0.038557124803729456, ""diff_weight"": 0.038556139738833525, ""gross_amount"": 0.051007452399638005, ""gross_amount_pct_nav"": 0.038556139738833525, ""fee"": 1.53022357198914e-05, ""fee_pct_nav"": 1.1566841921650058e-05, ""name"": ""中国联通""}, {""ts_code"": ""02328.HK"", ""side"": ""sell"", ""current_weight"": 0.036244836864550364, ""target_weight"": 0.0, ""post_trade_weight"": 0.0, ""diff_weight"": -0.036244836864550364, ""gross_amount"": 0.047949737801140396, ""gross_amount_pct_nav"": 0.036244836864550364, ""fee"": 1.4384921340342118e-05, ""fee_pct_nav"": 1.0873451059365108e-05, ""name"": ""中国财险""}]"
2023-11-06,0.07844154,0.15688309,0.10013517,0.10701058,0.00006214,0.00003004,0.00003210,0.00000000,rebalance,"[{""ts_code"": ""00659.HK"", ""side"": ""buy"", ""current_weight"": 0.0, ""target_weight"": 0.032439264673953534, ""post_trade_weight"": 0.03244079149743377, ""diff_weight"": 0.032439264673953534, ""gross_amount"": 0.042832250213981855, ""gross_amount_pct_nav"": 0.032439264673953534, ""fee"": 1.2849675064194555e-05, ""fee_pct_nav"": 9.73177940218606e-06, ""name"": ""周大福创建""}, {""ts_code"": ""00728.HK"", ""side"": ""sell"", ""current_weight"": 0.04533974825886276, ""target_weight"": 0.0, ""post_trade_weight"": 0.0, ""diff_weight"": -0.04533974825886276, ""gross_amount"": 0.05986582808154252, ""gross_amount_pct_nav"": 0.04533974825886276, ""fee"": 1.7959748424462753e-05, ""fee_pct_nav"": 1.3601924477658825e-05, ""name"": ""中国电信""}, {""ts_code"": ""00762.HK"", ""side"": ""sell"", ""current_weight"": 0.035705364168243596, ""target_weight"": 0.0, ""post_trade_weight"": 0.0, ""diff_weight"": -0.035705364168243596, ""gross_amount"": 0.04714475212083047, ""gross_amount_pct_nav"": 0.035705364168243596, ""fee"": 1.414342563624914e-05, ""fee_pct_nav"": 1.0711609250473078e-05, ""name"": ""中国联通""}, {""ts_code"": ""01810.HK"", ""side"": ""buy"", ""current_weight"": 0.0, ""target_weight"": 0.04339871254803226, ""post_trade_weight"": 0.04340075520140299, ""diff_weight"": 0.04339871254803226, ""gross_amount"": 0.0573029177296528, ""gross_amount_pct_nav"": 0.04339871254803226, ""fee"": 1.719087531889584e-05, ""fee_pct_nav"": 1.3019613764409678e-05, ""name"": ""小米集团-W""}]"
2023-11-20,0.04065607,0.08131213,0.06555756,0.04448214,0.00003301,0.00001967,0.00001334,0.00000000,rebalance,"[{""ts_code"": ""00659.HK"", ""side"": ""sell"", ""current_weight"": 0.03286938754972923, ""target_weight"": 0.0, ""post_trade_weight"": 0.0, ""diff_weight"": -0.03286938754972923, ""gross_amount"": 0.04448213788312803, ""gross_amount_pct_nav"": 0.03286938754972923, ""fee"": 1.3344641364938407e-05, ""fee_pct_nav"": 9.860816264918768e-06, ""name"": ""周大福创建""}, {""ts_code"": ""00700.HK"", ""side"": ""buy"", ""current_weight"": 0.09529752168461206, ""target_weight"": 0.10949745874689286, ""post_trade_weight"": 0.1095001298535548, ""diff_weight"": 0.014199937062280808, ""gross_amount"": 0.01921677297395577, ""gross_amount_pct_nav"": 0.014199937062280808, ""fee"": 5.765031892186731e-06, ""fee_pct_nav"": 4.259981118684243e-06, ""name"": ""腾讯控股""}, {""ts_code"": ""06881.HK"", ""side"": ""buy"", ""current_weight"": 0.0, ""target_weight"": 0.034242806113658465, ""post_trade_weight"": 0.03424364144069327, ""diff_weight"": 0.034242806113658465, ""gross_amount"": 0.046340785046526466, ""gross_amount_pct_nav"": 0.034242806113658465, ""fee"": 1.3902235513957938e-05, ""fee_pct_nav"": 1.027284183409754e-05, ""name"": ""中国银河""}]"
2023-12-04,0.08748177,0.17496354,0.12138085,0.11125597,0.00006979,0.00003641,0.00003338,0.00000000,rebalance,"[{""ts_code"": ""00005.HK"", ""side"": ""sell"", ""current_weight"": 0.07747245801355404, ""target_weight"": 0.0656022677317418, ""post_trade_weight"": 0.06560571131393196, ""diff_weight"": -0.011870190281812245, ""gross_amount"": 0.015782964647705858, ""gross_amount_pct_nav"": 0.011870190281812245, ""fee"": 4.734889394311757e-06, ""fee_pct_nav"": 3.5610570845436734e-06, ""name"": ""汇丰控股""}, {""ts_code"": ""00728.HK"", ""side"": ""buy"", ""current_weight"": 0.0, ""target_weight"": 0.04520576735242322, ""post_trade_weight"": 0.045208140285261225, ""diff_weight"": 0.04520576735242322, ""gross_amount"": 0.06010695793890701, ""gross_amount_pct_nav"": 0.04520576735242322, ""fee"": 1.80320873816721e-05, ""fee_pct_nav"": 1.3561730205726965e-05, ""name"": ""中国电信""}, {""ts_code"": ""00939.HK"", ""side"": ""buy"", ""current_weight"": 0.044706798284225885, ""target_weight"": 0.05533520630866239, ""post_trade_weight"": 0.055338110954149845, ""diff_weight"": 0.010628408024436506, ""gross_amount"": 0.014131853334154322, ""gross_amount_pct_nav"": 0.010628408024436506, ""fee"": 4.2395560002462965e-06, ""fee_pct_nav"": 3.1885224073309516e-06, ""name"": ""建设银行""}, {""ts_code"": ""01171.HK"", ""side"": ""buy"", ""current_weight"": 0.0, ""target_weight"": 0.03545500018813111, ""post_trade_weight"": 0.035456861285489805, ""diff_weight"": 0.03545500018813111, ""gross_amount"": 0.04714204248360582, ""gross_amount_pct_nav"": 0.03545500018813111, ""fee"": 1.4142612745081744e-05, ""fee_pct_nav"": 1.063650005643933e-05, ""name"": ""兖矿能源""}, {""ts_code"": ""01919.HK"", ""side"": ""sell"", ""current_weight"": 0.0392030182129145, ""target_weight"": 0.0, ""post_trade_weight"": 0.0, ""diff_weight"": -0.0392030182129145, ""gross_amount"": 0.052125520808697104, ""gross_amount_pct_nav"": 0.0392030182129145, ""fee"": 1.563765624260913e-05, ""fee_pct_nav"": 1.1760905463874346e-05, ""name"": ""中远海控""}, {""ts_code"": ""06881.HK"", ""side"": ""sell"", ""current_weight"": 0.03260115296562704, ""target_weight"": 0.0, ""post_trade_weight"": 0.0, ""diff_weight"": -0.03260115296562704, ""gross_amount"": 0.04334748074926279, ""gross_amount_pct_nav"": 0.03260115296562704, ""fee"": 1.3004244224778836e-05, ""fee_pct_nav"": 9.780345889688112e-06, ""name"": ""中国银河""}]"
2023-12-18,0.03568462,0.07136925,0.04817742,0.04607904,0.00002828,0.00001445,0.00001382,0.00000000,rebalance,"[{""ts_code"": ""00002.HK"", ""side"": ""buy"", ""current_weight"": 0.0, ""target_weight"": 0.0364790522817075, ""post_trade_weight"": 0.03647983334316829, ""diff_weight"": 0.0364790522817075, ""gross_amount"": 0.04817742086183409, ""gross_amount_pct_nav"": 0.0364790522817075, ""fee"": 1.4453226258550226e-05, ""fee_pct_nav"": 1.094371568451225e-05, ""name"": ""中电控股""}, {""ts_code"": ""01171.HK"", ""side"": ""sell"", ""current_weight"": 0.034890193793122436, ""target_weight"": 0.0, ""post_trade_weight"": 0.0, ""diff_weight"": -0.034890193793122436, ""gross_amount"": 0.046079035643289225, ""gross_amount_pct_nav"": 0.034890193793122436, ""fee"": 1.3823710692986767e-05, ""fee_pct_nav"": 1.046705813793673e-05, ""name"": ""兖矿能源""}]"
2024-01-02,0.04572091,0.09144181,0.04457105,0.07874857,0.00003700,0.00001337,0.00002362,0.00000000,rebalance,"[{""ts_code"": ""00002.HK"", ""side"": ""sell"", ""current_weight"": 0.035949484425917805, ""target_weight"": 0.0, ""post_trade_weight"": 0.0, ""diff_weight"": -0.035949484425917805, ""gross_amount"": 0.04848194588835136, ""gross_amount_pct_nav"": 0.035949484425917805, ""fee"": 1.4544583766505408e-05, ""fee_pct_nav"": 1.0784845327775342e-05, ""name"": ""中电控股""}, {""ts_code"": ""00700.HK"", ""side"": ""sell"", ""current_weight"": 0.09978604556397476, ""target_weight"": 0.07734326524287376, ""post_trade_weight"": 0.07734538702360846, ""diff_weight"": -0.022442780321101013, ""gross_amount"": 0.030266627699598703, ""gross_amount_pct_nav"": 0.022442780321101013, ""fee"": 9.07998830987961e-06, ""fee_pct_nav"": 6.732834096330303e-06, ""name"": ""腾讯控股""}, {""ts_code"": ""02328.HK"", ""side"": ""buy"", ""current_weight"": 0.0, ""target_weight"": 0.03304954867225522, ""post_trade_weight"": 0.03305045533032614, ""diff_weight"": 0.03304954867225522, ""gross_amount"": 0.04457105452136966, ""gross_amount_pct_nav"": 0.03304954867225522, ""fee"": 1.3371316356410897e-05, ""fee_pct_nav"": 9.914864601676565e-06, ""name"": ""中国财险""}]"
2024-01-15,0.22053986,0.44107971,0.09204723,0.50255985,0.00017838,0.00002761,0.00015077,0.00000000,rebalance,"[{""ts_code"": ""00002.HK"", ""side"": ""buy"", ""current_weight"": 0.0, ""target_weight"": 0.020973602044329454, ""post_trade_weight"": 0.02097637772071723, ""diff_weight"": 0.020973602044329454, ""gross_amount"": 0.028273919582593645, ""gross_amount_pct_nav"": 0.020973602044329454, ""fee"": 8.482175874778092e-06, ""fee_pct_nav"": 6.292080613298836e-06, ""name"": ""中电控股""}, {""ts_code"": ""00005.HK"", ""side"": ""sell"", ""current_weight"": 0.06606162870627721, ""target_weight"": 0.044546942523477906, ""post_trade_weight"": 0.04455283792934327, ""diff_weight"": -0.021514686182799305, ""gross_amount"": 0.029003339802648298, ""gross_amount_pct_nav"": 0.021514686182799305, ""fee"": 8.701001940794488e-06, ""fee_pct_nav"": 6.454405854839791e-06, ""name"": ""汇丰控股""}, {""ts_code"": ""00386.HK"", ""side"": ""sell"", ""current_weight"": 0.039253524843473504, ""target_weight"": 0.02355517193921111, ""post_trade_weight"": 0.02355828926423823, ""diff_weight"": -0.015698352904262393, ""gross_amount"": 0.02116250545119374, ""gross_amount_pct_nav"": 0.015698352904262393, ""fee"": 6.348751635358121e-06, ""fee_pct_nav"": 4.709505871278717e-06, ""name"": ""中国石油化工股份""}, {""ts_code"": ""00700.HK"", ""side"": ""sell"", ""current_weight"": 0.07549561954091423, ""target_weight"": 0.0, ""post_trade_weight"": 0.0, ""diff_weight"": -0.07549561954091423, ""gross_amount"": 0.10177350896743106, ""gross_amount_pct_nav"": 0.07549561954091423, ""fee"": 3.0532052690229314e-05, ""fee_pct_nav"": 2.2648685862274266e-05, ""name"": ""腾讯控股""}, {""ts_code"": ""00728.HK"", ""side"": ""sell"", ""current_weight"": 0.047350519769583245, ""target_weight"": 0.030484955238490204, ""post_trade_weight"": 0.030488989660916024, ""diff_weight"": -0.016865564531093037, ""gross_amount"": 0.022735990425454537, ""gross_amount_pct_nav"": 0.016865564531093037, ""fee"": 6.820797127636361e-06, ""fee_pct_nav"": 5.0596693593279105e-06, ""name"": ""中国电信""}, {""ts_code"": ""00857.HK"", ""side"": ""sell"", ""current_weight"": 0.07094640322597215, ""target_weight"": 0.04516315556241236, ""post_trade_weight"": 0.045169132518789575, ""diff_weight"": -0.025783247663559786, ""gross_amount"": 0.034757666779258824, ""gross_amount_pct_nav"": 0.025783247663559786, ""fee"": 1.0427300033777645e-05, ""fee_pct_nav"": 7.734974299067935e-06, ""name"": ""中国石油股份""}, {""ts_code"": ""00883.HK"", ""side"": ""sell"", ""current_weight"": 0.05463736221888068, ""target_weight"": 0.03493315130188198, ""post_trade_weight"": 0.034937774404914745, ""diff_weight"": -0.019704210916998702, ""gross_amount"": 0.026562689314318808, ""gross_amount_pct_nav"": 0.019704210916998702, ""fee"": 7.968806794295641e-06, ""fee_pct_nav"": 5.9112632750996106e-06, ""name"": ""中国海洋石油""}, {""ts_code"": ""00939.HK"", ""side"": ""sell"", ""current_weight"": 0.055237386625027, ""target_weight"": 0.03864362662365529, ""post_trade_weight"": 0.038648740776280596, ""diff_weight"": -0.016593760001371718, ""gross_amount"": 0.02236957842815992, ""gross_amount_pct_nav"": 0.016593760001371718, ""fee"": 6.710873528447975e-06, ""fee_pct_nav"": 4.978128000411515e-06, ""name"": ""建设银行""}, {""ts_code"": ""00941.HK"", ""side"": ""sell"", ""current_weight"": 0.0789991304935039, ""target_weight"": 0.05034720399462358, ""post_trade_weight"": 0.05035386701535902, ""diff_weight"": -0.028651926498880334, ""gross_amount"": 0.03862485156357538, ""gross_amount_pct_nav"": 0.028651926498880334, ""fee"": 1.1587455469072613e-05, ""fee_pct_nav"": 8.595577949664099e-06, ""name"": ""中国移动""}, {""ts_code"": ""01088.HK"", ""side"": ""sell"", ""current_weight"": 0.058000870906132616, ""target_weight"": 0.03399589783857152, ""post_trade_weight"": 0.03400039690414511, ""diff_weight"": -0.024004973067561095, ""gross_amount"": 0.03236042510294744, ""gross_amount_pct_nav"": 0.024004973067561095, ""fee"": 9.708127530884232e-06, ""fee_pct_nav"": 7.201491920268328e-06, ""name"": ""中国神华""}, {""ts_code"": ""01171.HK"", ""side"": ""buy"", ""current_weight"": 0.0, ""target_weight"": 0.021009651670640367, ""post_trade_weight"": 0.021012432117887066, ""diff_weight"": 0.021009651670640367, ""gross_amount"": 0.02832251706399636, ""gross_amount_pct_nav"": 0.021009651670640367, ""fee"": 8.496755119198906e-06, ""fee_pct_nav"": 6.302895501192109e-06, ""name"": ""兖矿能源""}, {""ts_code"": ""01288.HK"", ""side"": ""sell"", ""current_weight"": 0.06289307921272114, ""target_weight"": 0.04476655746187873, ""post_trade_weight"": 0.044772481931898055, ""diff_weight"": -0.018126521750842412, ""gross_amount"": 0.02443585118151021, ""gross_amount_pct_nav"": 0.018126521750842412, ""fee"": 7.3307553544530625e-06, ""fee_pct_nav"": 5.4379565252527225e-06, ""name"": ""农业银行""}, {""ts_code"": ""01398.HK"", ""side"": ""sell"", ""current_weight"": 0.0611654565107645, ""target_weight"": 0.0446616227618597, ""post_trade_weight"": 0.04466753334467126, ""diff_weight"": -0.016503833748904805, ""gross_amount"": 0.02224835139118079, ""gross_amount_pct_nav"": 0.016503833748904805, ""fee"": 6.674505417354236e-06, ""fee_pct_nav"": 4.951150124671441e-06, ""name"": ""工商银行""}, {""ts_code"": ""01810.HK"", ""side"": ""sell"", ""current_weight"": 0.038841954095565574, ""target_weight"": 0.0, ""post_trade_weight"": 0.0, ""diff_weight"": -0.038841954095565574, ""gross_amount"": 0.05236173949556435, ""gross_amount_pct_nav"": 0.038841954095565574, ""fee"": 1.5708521848669304e-05, ""fee_pct_nav"": 1.165258622866967e-05, ""name"": ""小米集团-W""}, {""ts_code"": ""01816.HK"", ""side"": ""buy"", ""current_weight"": 0.0, ""target_weight"": 0.02629740950380302, ""post_trade_weight"": 0.02630088974045789, ""diff_weight"": 0.02629740950380302, ""gross_amount"": 0.03545079381069337, ""gross_amount_pct_nav"": 0.02629740950380302, ""fee"": 1.063523814320801e-05, ""fee_pct_nav"": 7.889222851140905e-06, ""name"": ""中广核电力""}, {""ts_code"": ""02328.HK"", ""side"": ""sell"", ""current_weight"": 0.03522156257198413, ""target_weight"": 0.0, ""post_trade_weight"": 0.0, ""diff_weight"": -0.03522156257198413, ""gross_amount"": 0.04748119210180274, ""gross_amount_pct_nav"": 0.03522156257198413, ""fee"": 1.424435763054082e-05, ""fee_pct_nav"": 1.0566468771595238e-05, ""name"": ""中国财险""}, {""ts_code"": ""03988.HK"", ""side"": ""sell"", ""current_weight"": 0.06034772402938555, ""target_weight"": 0.040554889578493215, ""post_trade_weight"": 0.04056025667038205, ""diff_weight"": -0.019792834450892333, ""gross_amount"": 0.026682160193242592, ""gross_amount_pct_nav"": 0.019792834450892333, ""fee"": 8.004648057972777e-06, ""fee_pct_nav"": 5.937850335267699e-06, ""name"": ""中国银行""}]"
2024-01-29,0.04094540,0.08189080,0.05548350,0.05706511,0.00003376,0.00001665,0.00001712,0.00000000,rebalance,"[{""ts_code"": ""00002.HK"", ""side"": ""sell"", ""current_weight"": 0.020247266164268, ""target_weight"": 0.0, ""post_trade_weight"": 0.0, ""diff_weight"": -0.020247266164268, ""gross_amount"": 0.02782731964780915, ""gross_amount_pct_nav"": 0.020247266164268, ""fee"": 8.348195894342745e-06, ""fee_pct_nav"": 6.0741798492803995e-06, ""name"": ""中电控股""}, {""ts_code"": ""00998.HK"", ""side"": ""buy"", ""current_weight"": 0.0, ""target_weight"": 0.020210033936238932, ""post_trade_weight"": 0.020210530453216167, ""diff_weight"": 0.020210033936238932, ""gross_amount"": 0.02777614863528039, ""gross_amount_pct_nav"": 0.020210033936238932, ""fee"": 8.332844590584117e-06, ""fee_pct_nav"": 6.063010180871679e-06, ""name"": ""中信银行""}, {""ts_code"": ""01171.HK"", ""side"": ""sell"", ""current_weight"": 0.021273527641889108, ""target_weight"": 0.0, ""post_trade_weight"": 0.0, ""diff_weight"": -0.021273527641889108, ""gross_amount"": 0.029237786915256567, ""gross_amount_pct_nav"": 0.021273527641889108, ""fee"": 8.771336074576969e-06, ""fee_pct_nav"": 6.382058292566732e-06, ""name"": ""兖矿能源""}, {""ts_code"": ""03328.HK"", ""side"": ""buy"", ""current_weight"": 0.0, ""target_weight"": 0.02015997639102618, ""post_trade_weight"": 0.02016047167819741, ""diff_weight"": 0.02015997639102618, ""gross_amount"": 0.02770735083808058, ""gross_amount_pct_nav"": 0.02015997639102618, ""fee"": 8.312205251424173e-06, ""fee_pct_nav"": 6.047992917307854e-06, ""name"": ""交通银行""}]"
2024-02-14,0.04167775,0.08335550,0.05816287,0.05597681,0.00003424,0.00001745,0.00001679,0.00000000,rebalance,"[{""ts_code"": ""00998.HK"", ""side"": ""sell"", ""current_weight"": 0.020507048500890118, ""target_weight"": 0.0, ""post_trade_weight"": 0.0, ""diff_weight"": -0.020507048500890118, ""gross_amount"": 0.028080544784708124, ""gross_amount_pct_nav"": 0.020507048500890118, ""fee"": 8.424163435412437e-06, ""fee_pct_nav"": 6.152114550267035e-06, ""name"": ""中信银行""}, {""ts_code"": ""01171.HK"", ""side"": ""buy"", ""current_weight"": 0.0, ""target_weight"": 0.021198919115221326, ""post_trade_weight"": 0.021199449242432118, ""diff_weight"": 0.021198919115221326, ""gross_amount"": 0.029027931424482626, ""gross_amount_pct_nav"": 0.021198919115221326, ""fee"": 8.708379427344787e-06, ""fee_pct_nav"": 6.359675734566397e-06, ""name"": ""兖矿能源""}, {""ts_code"": ""02328.HK"", ""side"": ""buy"", ""current_weight"": 0.0, ""target_weight"": 0.021277063102394987, ""post_trade_weight"": 0.021277595183773996, ""diff_weight"": 0.021277063102394987, ""gross_amount"": 0.029134934913131436, ""gross_amount_pct_nav"": 0.021277063102394987, ""fee"": 8.740480473939431e-06, ""fee_pct_nav"": 6.3831189307184955e-06, ""name"": ""中国财险""}, {""ts_code"": ""03328.HK"", ""side"": ""sell"", ""current_weight"": 0.02037246981512076, ""target_weight"": 0.0, ""post_trade_weight"": 0.0, ""diff_weight"": -0.02037246981512076, ""gross_amount"": 0.027896264593794764, ""gross_amount_pct_nav"": 0.02037246981512076, ""fee"": 8.368879378138428e-06, ""fee_pct_nav"": 6.1117409445362275e-06, ""name"": ""交通银行""}]"
2024-02-26,0.02321586,0.04643172,0.03261495,0.03299597,0.00001968,0.00000978,0.00000990,0.00000000,rebalance,"[{""ts_code"": ""01171.HK"", ""side"": ""sell"", ""current_weight"": 0.023350677675016827, ""target_weight"": 0.0, ""post_trade_weight"": 0.0, ""diff_weight"": -0.023350677675016827, ""gross_amount"": 0.032995969756820155, ""gross_amount_pct_nav"": 0.023350677675016827, ""fee"": 9.898790927046046e-06, ""fee_pct_nav"": 7.005203302505047e-06, ""name"": ""兖矿能源""}, {""ts_code"": ""03328.HK"", ""side"": ""buy"", ""current_weight"": 0.0, ""target_weight"": 0.023081038547322765, ""post_trade_weight"": 0.023081360059470857, ""diff_weight"": 0.023081038547322765, ""gross_amount"": 0.03261495278478736, ""gross_amount_pct_nav"": 0.023081038547322765, ""fee"": 9.784485835436207e-06, ""fee_pct_nav"": 6.924311564196828e-06, ""name"": ""交通银行""}]"
2024-03-11,0.00000000,0.00000000,0.00000000,0.00000000,0.00000000,0.00000000,0.00000000,0.00000000,rebalance,
2024-03-25,0.15640278,0.31280557,0.41301273,0.03182182,0.00013345,0.00012390,0.00000955,0.00000000,rebalance,"[{""ts_code"": ""00005.HK"", ""side"": ""buy"", ""current_weight"": 0.04609677529199942, ""target_weight"": 0.06701560048958898, ""post_trade_weight"": 0.06702188993568166, ""diff_weight"": 0.020918825197589558, ""gross_amount"": 0.0297482438676238, ""gross_amount_pct_nav"": 0.020918825197589558, ""fee"": 8.92447316028714e-06, ""fee_pct_nav"": 6.275647559276868e-06, ""name"": ""汇丰控股""}, {""ts_code"": ""00386.HK"", ""side"": ""buy"", ""current_weight"": 0.025392957847995053, ""target_weight"": 0.04302886347570567, ""post_trade_weight"": 0.043032901755080656, ""diff_weight"": 0.017635905627710616, ""gross_amount"": 0.02507966945963999, ""gross_amount_pct_nav"": 0.017635905627710616, ""fee"": 7.5239008378919965e-06, ""fee_pct_nav"": 5.290771688313184e-06, ""name"": ""中国石油化工股份""}, {""ts_code"": ""00857.HK"", ""side"": ""buy"", ""current_weight"": 0.052363943871003966, ""target_weight"": 0.07783767746845473, ""post_trade_weight"": 0.07784498257163729, ""diff_weight"": 0.02547373359745077, ""gross_amount"": 0.036225688207536966, ""gross_amount_pct_nav"": 0.02547373359745077, ""fee"": 1.086770646226109e-05, ""fee_pct_nav"": 7.64212007923523e-06, ""name"": ""中国石油股份""}, {""ts_code"": ""00883.HK"", ""side"": ""buy"", ""current_weight"": 0.0439272330095457, ""target_weight"": 0.05786441040000325, ""post_trade_weight"": 0.05786984100253813, ""diff_weight"": 0.013937177390457547, ""gross_amount"": 0.01981978184345831, ""gross_amount_pct_nav"": 0.013937177390457547, ""fee"": 5.945934553037493e-06, ""fee_pct_nav"": 4.181153217137263e-06, ""name"": ""中国海洋石油""}, {""ts_code"": ""00939.HK"", ""side"": ""buy"", ""current_weight"": 0.03881823432444368, ""target_weight"": 0.0633536733628658, ""post_trade_weight"": 0.06335961913534979, ""diff_weight"": 0.024535439038422126, ""gross_amount"": 0.03489135823929071, ""gross_amount_pct_nav"": 0.024535439038422126, ""fee"": 1.0467407471787213e-05, ""fee_pct_nav"": 7.3606317115266375e-06, ""name"": ""建设银行""}, {""ts_code"": ""00941.HK"", ""side"": ""buy"", ""current_weight"": 0.0484466348779121, ""target_weight"": 0.07310382112475546, ""post_trade_weight"": 0.07311068195326066, ""diff_weight"": 0.024657186246843345, ""gross_amount"": 0.035064492514858644, ""gross_amount_pct_nav"": 0.024657186246843345, ""fee"": 1.0519347754457592e-05, ""fee_pct_nav"": 7.397155874053003e-06, ""name"": ""中国移动""}, {""ts_code"": ""00998.HK"", ""side"": ""buy"", ""current_weight"": 0.0, ""target_weight"": 0.03647947820418011, ""post_trade_weight"": 0.03648290182062133, ""diff_weight"": 0.03647947820418011, ""gross_amount"": 0.051876737987497645, ""gross_amount_pct_nav"": 0.03647947820418011, ""fee"": 1.556302139624929e-05, ""fee_pct_nav"": 1.0943843461254034e-05, ""name"": ""中信银行""}, {""ts_code"": ""01088.HK"", ""side"": ""buy"", ""current_weight"": 0.034427225351726494, ""target_weight"": 0.05130123900553403, ""post_trade_weight"": 0.05130605365130092, ""diff_weight"": 0.016874013653807536, ""gross_amount"": 0.023996198087496888, ""gross_amount_pct_nav"": 0.016874013653807536, ""fee"": 7.198859426249066e-06, ""fee_pct_nav"": 5.06220409614226e-06, ""name"": ""中国神华""}, {""ts_code"": ""01288.HK"", ""side"": ""buy"", ""current_weight"": 0.046741985131750714, ""target_weight"": 0.07703424610739923, ""post_trade_weight"": 0.07704147580816506, ""diff_weight"": 0.030292260975648508, ""gross_amount"": 0.04307801983589081, ""gross_amount_pct_nav"": 0.030292260975648508, ""fee"": 1.2923405950767242e-05, ""fee_pct_nav"": 9.087678292694552e-06, ""name"": ""农业银行""}, {""ts_code"": ""01398.HK"", ""side"": ""buy"", ""current_weight"": 0.04516802211941899, ""target_weight"": 0.07662104461572858, ""post_trade_weight"": 0.0766282355373372, ""diff_weight"": 0.03145302249630959, ""gross_amount"": 0.044728715630832416, ""gross_amount_pct_nav"": 0.03145302249630959, ""fee"": 1.3418614689249724e-05, ""fee_pct_nav"": 9.435906748892876e-06, ""name"": ""工商银行""}, {""ts_code"": ""01816.HK"", ""side"": ""buy"", ""current_weight"": 0.026228438830967746, ""target_weight"": 0.036890864406084585, ""post_trade_weight"": 0.036894326631317205, ""diff_weight"": 0.010662425575116838, ""gross_amount"": 0.015162822636211604, ""gross_amount_pct_nav"": 0.010662425575116838, ""fee"": 4.548846790863481e-06, ""fee_pct_nav"": 3.198727672535051e-06, ""name"": ""中广核电力""}, {""ts_code"": ""02328.HK"", ""side"": ""sell"", ""current_weight"": 0.022376956542258734, ""target_weight"": 0.0, ""post_trade_weight"": 0.0, ""diff_weight"": -0.022376956542258734, ""gross_amount"": 0.03182182335512022, ""gross_amount_pct_nav"": 0.022376956542258734, ""fee"": 9.546547006536065e-06, ""fee_pct_nav"": 6.7130869626776205e-06, ""name"": ""中国财险""}, {""ts_code"": ""03328.HK"", ""side"": ""buy"", ""current_weight"": 0.023124616677453497, ""target_weight"": 0.03784007339129327, ""post_trade_weight"": 0.03784362470024222, ""diff_weight"": 0.014715456713839777, ""gross_amount"": 0.020926557338277765, ""gross_amount_pct_nav"": 0.014715456713839777, ""fee"": 6.277967201483329e-06, ""fee_pct_nav"": 4.414637014151932e-06, ""name"": ""交通银行""}, {""ts_code"": ""03988.HK"", ""side"": ""buy"", ""current_weight"": 0.04252814813795391, ""target_weight"": 0.06532183426881359, ""post_trade_weight"": 0.06532796475413802, ""diff_weight"": 0.02279368613085969, ""gross_amount"": 0.03241444618701731, ""gross_amount_pct_nav"": 0.02279368613085969, ""fee"": 9.724333856105193e-06, ""fee_pct_nav"": 6.8381058392579075e-06, ""name"": ""中国银行""}]"
2024-04-08,0.03916724,0.07833448,0.06010769,0.05447459,0.00003437,0.00001803,0.00001634,0.00000000,rebalance,"[{""ts_code"": ""02899.HK"", ""side"": ""buy"", ""current_weight"": 0.0, ""target_weight"": 0.04109278160217331, ""post_trade_weight"": 0.04109374731940262, ""diff_weight"": 0.04109278160217331, ""gross_amount"": 0.06010768506549392, ""gross_amount_pct_nav"": 0.04109278160217331, ""fee"": 1.8032305519648175e-05, ""fee_pct_nav"": 1.2327834480651994e-05, ""name"": ""紫金矿业""}, {""ts_code"": ""03328.HK"", ""side"": ""sell"", ""current_weight"": 0.037241700916615474, ""target_weight"": 0.0, ""post_trade_weight"": 0.0, ""diff_weight"": -0.037241700916615474, ""gross_amount"": 0.054474590006358896, ""gross_amount_pct_nav"": 0.037241700916615474, ""fee"": 1.634237700190767e-05, ""fee_pct_nav"": 1.1172510274984643e-05, ""name"": ""交通银行""}]"
2024-04-22,0.14996930,0.29993861,0.00000000,0.44481808,0.00013345,0.00000000,0.00013345,0.00000000,rebalance,"[{""ts_code"": ""00005.HK"", ""side"": ""sell"", ""current_weight"": 0.06657620068279567, ""target_weight"": 0.03744387643767597, ""post_trade_weight"": 0.03744724600010657, ""diff_weight"": -0.029132324245119693, ""gross_amount"": 0.04320412327089264, ""gross_amount_pct_nav"": 0.029132324245119693, ""fee"": 1.296123698126779e-05, ""fee_pct_nav"": 8.739697273535906e-06, ""name"": ""汇丰控股""}, {""ts_code"": ""00386.HK"", ""side"": ""sell"", ""current_weight"": 0.042409222639308214, ""target_weight"": 0.027745880583578287, ""post_trade_weight"": 0.027748377426472584, ""diff_weight"": -0.014663342055729929, ""gross_amount"": 0.021746182433251895, ""gross_amount_pct_nav"": 0.014663342055729929, ""fee"": 6.523854729975568e-06, ""fee_pct_nav"": 4.399002616718978e-06, ""name"": ""中国石油化工股份""}, {""ts_code"": ""00857.HK"", ""side"": ""sell"", ""current_weight"": 0.08419241153071987, ""target_weight"": 0.05058766283932797, ""post_trade_weight"": 0.05059221520688102, ""diff_weight"": -0.0336047486913919, ""gross_amount"": 0.04983686480811715, ""gross_amount_pct_nav"": 0.0336047486913919, ""fee"": 1.4951059442435144e-05, ""fee_pct_nav"": 1.0081424607417568e-05, ""name"": ""中国石油股份""}, {""ts_code"": ""00883.HK"", ""side"": ""sell"", ""current_weight"": 0.05593092011946313, ""target_weight"": 0.03465340345889781, ""post_trade_weight"": 0.03465652190756009, ""diff_weight"": -0.021277516660565318, ""gross_amount"": 0.031555204623109845, ""gross_amount_pct_nav"": 0.021277516660565318, ""fee"": 9.466561386932953e-06, ""fee_pct_nav"": 6.3832549981695954e-06, ""name"": ""中国海洋石油""}, {""ts_code"": ""00939.HK"", ""side"": ""sell"", ""current_weight"": 0.06211817166211179, ""target_weight"": 0.03569195086209535, ""post_trade_weight"": 0.03569516276930533, ""diff_weight"": -0.026426220800016446, ""gross_amount"": 0.039190889522623694, ""gross_amount_pct_nav"": 0.026426220800016446, ""fee"": 1.1757266856787106e-05, ""fee_pct_nav"": 7.927866240004932e-06, ""name"": ""建设银行""}, {""ts_code"": ""00941.HK"", ""side"": ""sell"", ""current_weight"": 0.07325562181141244, ""target_weight"": 0.044635936154799376, ""post_trade_weight"": 0.04463995292837709, ""diff_weight"": -0.02861968565661307, ""gross_amount"": 0.04244386464597476, ""gross_amount_pct_nav"": 0.02861968565661307, ""fee"": 1.2733159393792425e-05, ""fee_pct_nav"": 8.585905696983919e-06, ""name"": ""中国移动""}, {""ts_code"": ""00998.HK"", ""side"": ""sell"", ""current_weight"": 0.03633255325933327, ""target_weight"": 0.024307254390684426, ""post_trade_weight"": 0.024309441792710558, ""diff_weight"": -0.012025298868648846, ""gross_amount"": 0.01783388411851366, ""gross_amount_pct_nav"": 0.012025298868648846, ""fee"": 5.350165235554097e-06, ""fee_pct_nav"": 3.6075896605946533e-06, ""name"": ""中信银行""}, {""ts_code"": ""01088.HK"", ""side"": ""sell"", ""current_weight"": 0.051048518008550973, ""target_weight"": 0.03435199641824177, ""post_trade_weight"": 0.03435508774338114, ""diff_weight"": -0.016696521590309203, ""gross_amount"": 0.024761449547015896, ""gross_amount_pct_nav"": 0.016696521590309203, ""fee"": 7.428434864104768e-06, ""fee_pct_nav"": 5.0089564770927605e-06, ""name"": ""中国神华""}, {""ts_code"": ""01288.HK"", ""side"": ""sell"", ""current_weight"": 0.07897099223470244, ""target_weight"": 0.046621497211496346, ""post_trade_weight"": 0.04662569266507669, ""diff_weight"": -0.03234949502320609, ""gross_amount"": 0.04797528542432923, ""gross_amount_pct_nav"": 0.03234949502320609, ""fee"": 1.4392585627298768e-05, ""fee_pct_nav"": 9.704848506961826e-06, ""name"": ""农业银行""}, {""ts_code"": ""01398.HK"", ""side"": ""sell"", ""current_weight"": 0.07627477948627945, ""target_weight"": 0.04780191025574622, ""post_trade_weight"": 0.047806211934317805, ""diff_weight"": -0.028472869230533233, ""gross_amount"": 0.04222613141888397, ""gross_amount_pct_nav"": 0.028472869230533233, ""fee"": 1.266783942566519e-05, ""fee_pct_nav"": 8.54186076915997e-06, ""name"": ""工商银行""}, {""ts_code"": ""01816.HK"", ""side"": ""sell"", ""current_weight"": 0.0411111422594008, ""target_weight"": 0.025658673579034657, ""post_trade_weight"": 0.025660982594840082, ""diff_weight"": -0.015452468680366146, ""gross_amount"": 0.02291648122850981, ""gross_amount_pct_nav"": 0.015452468680366146, ""fee"": 6.874944368552942e-06, ""fee_pct_nav"": 4.635740604109843e-06, ""name"": ""中广核电力""}, {""ts_code"": ""02899.HK"", ""side"": ""sell"", ""current_weight"": 0.04077476444783577, ""target_weight"": 0.024011803587684982, ""post_trade_weight"": 0.024013964402188115, ""diff_weight"": -0.016762960860150784, ""gross_amount"": 0.02485998100575265, ""gross_amount_pct_nav"": 0.016762960860150784, ""fee"": 7.4579943017257946e-06, ""fee_pct_nav"": 5.028888258045235e-06, ""name"": ""紫金矿业""}, {""ts_code"": ""03988.HK"", ""side"": ""sell"", ""current_weight"": 0.06574832168801528, ""target_weight"": 0.04129316792056232, ""post_trade_weight"": 0.04129688387949882, ""diff_weight"": -0.02445515376745296, ""gross_amount"": 0.03626773713925932, ""gross_amount_pct_nav"": 0.02445515376745296, ""fee"": 1.0880321141777795e-05, ""fee_pct_nav"": 7.336546130235887e-06, ""name"": ""中国银行""}]"
2024-05-06,0.22667673,0.45335346,0.55620156,0.12599078,0.00020466,0.00016686,0.00003780,0.00000000,rebalance,"[{""ts_code"": ""00005.HK"", ""side"": ""buy"", ""current_weight"": 0.040276372188838026, ""target_weight"": 0.06495497130225868, ""post_trade_weight"": 0.0649638067722815, ""diff_weight"": 0.024678599113420643, ""gross_amount"": 0.037135596347198756, ""gross_amount_pct_nav"": 0.024678599113420643, ""fee"": 1.1140678904159626e-05, ""fee_pct_nav"": 7.403579734026192e-06, ""name"": ""汇丰控股""}, {""ts_code"": ""00386.HK"", ""side"": ""sell"", ""current_weight"": 0.028209224612835447, ""target_weight"": 0.0, ""post_trade_weight"": 0.0, ""diff_weight"": -0.028209224612835447, ""gross_amount"": 0.04244837292729622, ""gross_amount_pct_nav"": 0.028209224612835447, ""fee"": 1.2734511878188864e-05, ""fee_pct_nav"": 8.462767383850633e-06, ""name"": ""中国石油化工股份""}, {""ts_code"": ""00700.HK"", ""side"": ""buy"", ""current_weight"": 0.0, ""target_weight"": 0.10183325381072827, ""post_trade_weight"": 0.10184710563212597, ""diff_weight"": 0.10183325381072827, ""gross_amount"": 0.15323554594233532, ""gross_amount_pct_nav"": 0.10183325381072827, ""fee"": 4.5970663782700594e-05, ""fee_pct_nav"": 3.054997614321848e-05, ""name"": ""腾讯控股""}, {""ts_code"": ""00728.HK"", ""side"": ""sell"", ""current_weight"": 0.030135655178034203, ""target_weight"": 0.0, ""post_trade_weight"": 0.0, ""diff_weight"": -0.030135655178034203, ""gross_amount"": 0.04534720634694615, ""gross_amount_pct_nav"": 0.030135655178034203, ""fee"": 1.3604161904083844e-05, ""fee_pct_nav"": 9.04069655341026e-06, ""name"": ""中国电信""}, {""ts_code"": ""00857.HK"", ""side"": ""buy"", ""current_weight"": 0.04893749726027048, ""target_weight"": 0.07119019810149825, ""post_trade_weight"": 0.07119988171537159, ""diff_weight"": 0.022252700841227768, ""gross_amount"": 0.03348517929550596, ""gross_amount_pct_nav"": 0.022252700841227768, ""fee"": 1.0045553788651786e-05, ""fee_pct_nav"": 6.67581025236833e-06, ""name"": ""中国石油股份""}, {""ts_code"": ""00883.HK"", ""side"": ""buy"", ""current_weight"": 0.03708126908295887, ""target_weight"": 0.05705504053031734, ""post_trade_weight"": 0.057062801415899304, ""diff_weight"": 0.01997377144735847, ""gross_amount"": 0.030055916488263647, ""gross_amount_pct_nav"": 0.01997377144735847, ""fee"": 9.016774946479093e-06, ""fee_pct_nav"": 5.992131434207541e-06, ""name"": ""中国海洋石油""}, {""ts_code"": ""00939.HK"", ""side"": ""buy"", ""current_weight"": 0.037423269448989466, ""target_weight"": 0.059773409078638456, ""post_trade_weight"": 0.05978153972904886, ""diff_weight"": 0.022350139629648987, ""gross_amount"": 0.033631802185190275, ""gross_amount_pct_nav"": 0.022350139629648987, ""fee"": 1.0089540655557082e-05, ""fee_pct_nav"": 6.705041888894696e-06, ""name"": ""建设银行""}, {""ts_code"": ""00941.HK"", ""side"": ""buy"", ""current_weight"": 0.04392596541332598, ""target_weight"": 0.06004066845775493, ""post_trade_weight"": 0.060048835461999156, ""diff_weight"": 0.016114703044428948, ""gross_amount"": 0.02424890913631529, ""gross_amount_pct_nav"": 0.016114703044428948, ""fee"": 7.274672740894587e-06, ""fee_pct_nav"": 4.8344109133286834e-06, ""name"": ""中国移动""}, {""ts_code"": ""00998.HK"", ""side"": ""sell"", ""current_weight"": 0.02538276314883622, ""target_weight"": 0.0, ""post_trade_weight"": 0.0, ""diff_weight"": -0.02538276314883622, ""gross_amount"": 0.03819520071376861, ""gross_amount_pct_nav"": 0.02538276314883622, ""fee"": 1.1458560214130583e-05, ""fee_pct_nav"": 7.6148289446508655e-06, ""name"": ""中信银行""}, {""ts_code"": ""01088.HK"", ""side"": ""buy"", ""current_weight"": 0.035895503215514435, ""target_weight"": 0.05087477620523354, ""post_trade_weight"": 0.05088169642321021, ""diff_weight"": 0.01497927298971911, ""gross_amount"": 0.022540348938129152, ""gross_amount_pct_nav"": 0.01497927298971911, ""fee"": 6.762104681438745e-06, ""fee_pct_nav"": 4.493781896915733e-06, ""name"": ""中国神华""}, {""ts_code"": ""01288.HK"", ""side"": ""buy"", ""current_weight"": 0.04594797527209374, ""target_weight"": 0.0635812794375413, ""post_trade_weight"": 0.06358992805176159, ""diff_weight"": 0.01763330416544756, ""gross_amount"": 0.02653405336121105, ""gross_amount_pct_nav"": 0.01763330416544756, ""fee"": 7.960216008363315e-06, ""fee_pct_nav"": 5.289991249634268e-06, ""name"": ""农业银行""}, {""ts_code"": ""01398.HK"", ""side"": ""buy"", ""current_weight"": 0.04933706774536203, ""target_weight"": 0.0705725221386577, ""post_trade_weight"": 0.07058212173344298, ""diff_weight"": 0.021235454393295675, ""gross_amount"": 0.03195445815114875, ""gross_amount_pct_nav"": 0.021235454393295675, ""fee"": 9.586337445344624e-06, ""fee_pct_nav"": 6.370636317988701e-06, ""name"": ""工商银行""}, {""ts_code"": ""01816.HK"", ""side"": ""buy"", ""current_weight"": 0.024699900223135177, ""target_weight"": 0.035418973199925936, ""post_trade_weight"": 0.03542379104942495, ""diff_weight"": 0.01071907297679076, ""gross_amount"": 0.01612973108614567, ""gross_amount_pct_nav"": 0.01071907297679076, ""fee"": 4.8389193258437e-06, ""fee_pct_nav"": 3.2157218930372276e-06, ""name"": ""中广核电力""}, {""ts_code"": ""01919.HK"", ""side"": ""buy"", ""current_weight"": 0.0, ""target_weight"": 0.034757533167673535, ""post_trade_weight"": 0.03476226104509713, ""diff_weight"": 0.034757533167673535, ""gross_amount"": 0.052302066085962294, ""gross_amount_pct_nav"": 0.034757533167673535, ""fee"": 1.5690619825788687e-05, ""fee_pct_nav"": 1.042725995030206e-05, ""name"": ""中远海控""}, {""ts_code"": ""02899.HK"", ""side"": ""buy"", ""current_weight"": 0.02424660630967332, ""target_weight"": 0.035950815877888335, ""post_trade_weight"": 0.035955706071042405, ""diff_weight"": 0.011704209568215013, ""gross_amount"": 0.017612134306760063, ""gross_amount_pct_nav"": 0.011704209568215013, ""fee"": 5.283640292028019e-06, ""fee_pct_nav"": 3.511262870464504e-06, ""name"": ""紫金矿业""}, {""ts_code"": ""03968.HK"", ""side"": ""buy"", ""current_weight"": 0.0, ""target_weight"": 0.035502195646960034, ""post_trade_weight"": 0.03550702481675404, ""diff_weight"": 0.035502195646960034, ""gross_amount"": 0.05342261126434113, ""gross_amount_pct_nav"": 0.035502195646960034, ""fee"": 1.6026783379302337e-05, ""fee_pct_nav"": 1.0650658694088009e-05, ""name"": ""招商银行""}, {""ts_code"": ""03988.HK"", ""side"": ""buy"", ""current_weight"": 0.04249394936577631, ""target_weight"": 0.0583855582139024, ""post_trade_weight"": 0.058393500082538824, ""diff_weight"": 0.01589160884812609, ""gross_amount"": 0.02391320385648034, ""gross_amount_pct_nav"": 0.01589160884812609, ""fee"": 7.173961156944101e-06, ""fee_pct_nav"": 4.767482654437828e-06, ""name"": ""中国银行""}]"
2024-05-20,0.07663437,0.15326874,0.12335464,0.12407992,0.00007423,0.00003701,0.00003722,0.00000000,rebalance,"[{""ts_code"": ""00386.HK"", ""side"": ""buy"", ""current_weight"": 0.0, ""target_weight"": 0.039043192494772394, ""post_trade_weight"": 0.039044987807625046, ""diff_weight"": 0.039043192494772394, ""gross_amount"": 0.0630306952436091, ""gross_amount_pct_nav"": 0.039043192494772394, ""fee"": 1.890920857308273e-05, ""fee_pct_nav"": 1.1712957748431717e-05, ""name"": ""中国石油化工股份""}, {""ts_code"": ""01816.HK"", ""side"": ""sell"", ""current_weight"": 0.03707532658013234, ""target_weight"": 0.0, ""post_trade_weight"": 0.0, ""diff_weight"": -0.03707532658013234, ""gross_amount"": 0.059853804502346813, ""gross_amount_pct_nav"": 0.03707532658013234, ""fee"": 1.7956141350704042e-05, ""fee_pct_nav"": 1.11225979740397e-05, ""name"": ""中广核电力""}, {""ts_code"": ""01919.HK"", ""side"": ""sell"", ""current_weight"": 0.03978367510678968, ""target_weight"": 0.0, ""post_trade_weight"": 0.0, ""diff_weight"": -0.03978367510678968, ""gross_amount"": 0.06422611833452316, ""gross_amount_pct_nav"": 0.03978367510678968, ""fee"": 1.9267835500356946e-05, ""fee_pct_nav"": 1.1935102532036904e-05, ""name"": ""中远海控""}, {""ts_code"": ""03328.HK"", ""side"": ""buy"", ""current_weight"": 0.0, ""target_weight"": 0.03736654814656387, ""post_trade_weight"": 0.03736826636272039, ""diff_weight"": 0.03736654814656387, ""gross_amount"": 0.06032394786484389, ""gross_amount_pct_nav"": 0.03736654814656387, ""fee"": 1.8097184359453166e-05, ""fee_pct_nav"": 1.1209964443969163e-05, ""name"": ""交通银行""}]"
2024-06-03,0.17403107,0.34806215,0.39063957,0.16322166,0.00016616,0.00011719,0.00004897,0.00000000,rebalance,"[{""ts_code"": ""00728.HK"", ""side"": ""buy"", ""current_weight"": 0.0, ""target_weight"": 0.05160689760700626, ""post_trade_weight"": 0.05161228689203875, ""diff_weight"": 0.05160689760700626, ""gross_amount"": 0.08212056359573854, ""gross_amount_pct_nav"": 0.05160689760700626, ""fee"": 2.463616907872156e-05, ""fee_pct_nav"": 1.5482069282101877e-05, ""name"": ""中国电信""}, {""ts_code"": ""00857.HK"", ""side"": ""buy"", ""current_weight"": 0.07558939261113563, ""target_weight"": 0.09145820427054195, ""post_trade_weight"": 0.09146775520954874, ""diff_weight"": 0.01586881165940632, ""gross_amount"": 0.02525158103842605, ""gross_amount_pct_nav"": 0.01586881165940632, ""fee"": 7.575474311527814e-06, ""fee_pct_nav"": 4.760643497821896e-06, ""name"": ""中国石油股份""}, {""ts_code"": ""00883.HK"", ""side"": ""buy"", ""current_weight"": 0.057593684744884376, ""target_weight"": 0.07539597043815133, ""post_trade_weight"": 0.07540384400532613, ""diff_weight"": 0.01780228569326695, ""gross_amount"": 0.028328262348887245, ""gross_amount_pct_nav"": 0.01780228569326695, ""fee"": 8.498478704666173e-06, ""fee_pct_nav"": 5.340685707980084e-06, ""name"": ""中国海洋石油""}, {""ts_code"": ""00941.HK"", ""side"": ""buy"", ""current_weight"": 0.06211440621079088, ""target_weight"": 0.08566153850696047, ""post_trade_weight"": 0.08567048410277696, ""diff_weight"": 0.023547132296169584, ""gross_amount"": 0.037469870596568075, ""gross_amount_pct_nav"": 0.023547132296169584, ""fee"": 1.1240961178970421e-05, ""fee_pct_nav"": 7.064139688850875e-06, ""name"": ""中国移动""}, {""ts_code"": ""00998.HK"", ""side"": ""buy"", ""current_weight"": 0.0, ""target_weight"": 0.04615896965789195, ""post_trade_weight"": 0.04616379001826677, ""diff_weight"": 0.04615896965789195, ""gross_amount"": 0.07345143341439811, ""gross_amount_pct_nav"": 0.04615896965789195, ""fee"": 2.2035430024319432e-05, ""fee_pct_nav"": 1.3847690897367584e-05, ""name"": ""中信银行""}, {""ts_code"": ""01288.HK"", ""side"": ""buy"", ""current_weight"": 0.06619408444805398, ""target_weight"": 0.08122257482489455, ""post_trade_weight"": 0.08123105686173655, ""diff_weight"": 0.015028490376840566, ""gross_amount"": 0.023914402085114486, ""gross_amount_pct_nav"": 0.015028490376840566, ""fee"": 7.1743206255343455e-06, ""fee_pct_nav"": 4.508547113052169e-06, ""name"": ""农业银行""}, {""ts_code"": ""01398.HK"", ""side"": ""buy"", ""current_weight"": 0.06957958008176617, ""target_weight"": 0.08275679822785194, ""post_trade_weight"": 0.08276544048295167, ""diff_weight"": 0.013177218146085776, ""gross_amount"": 0.020968526126508444, ""gross_amount_pct_nav"": 0.013177218146085776, ""fee"": 6.290557837952532e-06, ""fee_pct_nav"": 3.953165443825732e-06, ""name"": ""工商银行""}, {""ts_code"": ""01816.HK"", ""side"": ""buy"", ""current_weight"": 0.0, ""target_weight"": 0.04676436418554163, ""post_trade_weight"": 0.04676924776699383, ""diff_weight"": 0.04676436418554163, ""gross_amount"": 0.07441478021712508, ""gross_amount_pct_nav"": 0.04676436418554163, ""fee"": 2.2324434065137524e-05, ""fee_pct_nav"": 1.4029309255662488e-05, ""name"": ""中广核电力""}, {""ts_code"": ""02899.HK"", ""side"": ""sell"", ""current_weight"": 0.03370927096500978, ""target_weight"": 0.0, ""post_trade_weight"": 0.0, ""diff_weight"": -0.03370927096500978, ""gross_amount"": 0.053640587952573385, ""gross_amount_pct_nav"": 0.03370927096500978, ""fee"": 1.6092176385772014e-05, ""fee_pct_nav"": 1.0112781289502933e-05, ""name"": ""紫金矿业""}, {""ts_code"": ""03328.HK"", ""side"": ""sell"", ""current_weight"": 0.036033227666632334, ""target_weight"": 0.0, ""post_trade_weight"": 0.0, ""diff_weight"": -0.036033227666632334, ""gross_amount"": 0.057338633038767996, ""gross_amount_pct_nav"": 0.036033227666632334, ""fee"": 1.72015899116304e-05, ""fee_pct_nav"": 1.08099682999897e-05, ""name"": ""交通银行""}, {""ts_code"": ""03968.HK"", ""side"": ""sell"", ""current_weight"": 0.03283063236345705, ""target_weight"": 0.0, ""post_trade_weight"": 0.0, ""diff_weight"": -0.03283063236345705, ""gross_amount"": 0.052242435757765104, ""gross_amount_pct_nav"": 0.03283063236345705, ""fee"": 1.567273072732953e-05, ""fee_pct_nav"": 9.849189709037115e-06, ""name"": ""招商银行""}, {""ts_code"": ""03988.HK"", ""side"": ""buy"", ""current_weight"": 0.05804735251806289, ""target_weight"": 0.07358219995502578, ""post_trade_weight"": 0.07358988411096741, ""diff_weight"": 0.0155348474369629, ""gross_amount"": 0.024720153430110706, ""gross_amount_pct_nav"": 0.0155348474369629, ""fee"": 7.416046029033211e-06, ""fee_pct_nav"": 4.66045423108887e-06, ""name"": ""中国银行""}]"
2024-06-17,0.06648914,0.13297827,0.15415847,0.05668958,0.00006325,0.00004625,0.00001701,0.00000000,rebalance,"[{""ts_code"": ""00005.HK"", ""side"": ""buy"", ""current_weight"": 0.06450444243297677, ""target_weight"": 0.07715407673116928, ""post_trade_weight"": 0.077157154798665, ""diff_weight"": 0.01264963429819251, ""gross_amount"": 0.020057041609067808, ""gross_amount_pct_nav"": 0.01264963429819251, ""fee"": 6.017112482720342e-06, ""fee_pct_nav"": 3.7948902894577532e-06, ""name"": ""汇丰控股""}, {""ts_code"": ""00386.HK"", ""side"": ""sell"", ""current_weight"": 0.035753151293336616, ""target_weight"": 0.0, ""post_trade_weight"": 0.0, ""diff_weight"": -0.035753151293336616, ""gross_amount"": 0.056689579021918034, ""gross_amount_pct_nav"": 0.035753151293336616, ""fee"": 1.7006873706575407e-05, ""fee_pct_nav"": 1.0725945388000983e-05, ""name"": ""中国石油化工股份""}, {""ts_code"": ""00700.HK"", ""side"": ""buy"", ""current_weight"": 0.10123197598307389, ""target_weight"": 0.12274742900119003, ""post_trade_weight"": 0.12275232601878651, ""diff_weight"": 0.021515453018116148, ""gross_amount"": 0.03411453060615047, ""gross_amount_pct_nav"": 0.021515453018116148, ""fee"": 1.0234359181845139e-05, ""fee_pct_nav"": 6.454635905434843e-06, ""name"": ""腾讯控股""}, {""ts_code"": ""00939.HK"", ""side"": ""buy"", ""current_weight"": 0.0601328586255182, ""target_weight"": 0.07048935042526301, ""post_trade_weight"": 0.07049216260301863, ""diff_weight"": 0.010356491799744814, ""gross_amount"": 0.016421074479689282, ""gross_amount_pct_nav"": 0.010356491799744814, ""fee"": 4.926322343906784e-06, ""fee_pct_nav"": 3.1069475399234442e-06, ""name"": ""建设银行""}, {""ts_code"": ""01088.HK"", ""side"": ""buy"", ""current_weight"": 0.055761653927785204, ""target_weight"": 0.06621895619824432, ""post_trade_weight"": 0.06622159800831205, ""diff_weight"": 0.010457302270459115, ""gross_amount"": 0.016580917820459645, ""gross_amount_pct_nav"": 0.010457302270459115, ""fee"": 4.974275346137893e-06, ""fee_pct_nav"": 3.137190681137734e-06, ""name"": ""中国神华""}, {""ts_code"": ""03328.HK"", ""side"": ""buy"", ""current_weight"": 0.0, ""target_weight"": 0.042246237611800797, ""post_trade_weight"": 0.04224792302851912, ""diff_weight"": 0.042246237611800797, ""gross_amount"": 0.066984904514396, ""gross_amount_pct_nav"": 0.042246237611800797, ""fee"": 2.0095471354318796e-05, ""fee_pct_nav"": 1.2673871283540237e-05, ""name"": ""交通银行""}]"
2024-07-02,0.10091698,0.20183396,0.16316570,0.17987190,0.00010291,0.00004895,0.00005396,0.00000000,rebalance,"[{""ts_code"": ""00386.HK"", ""side"": ""buy"", ""current_weight"": 0.0, ""target_weight"": 0.04889473557847795, ""post_trade_weight"": 0.04889769634324046, ""diff_weight"": 0.04889473557847795, ""gross_amount"": 0.08310163536720627, ""gross_amount_pct_nav"": 0.04889473557847795, ""fee"": 2.4930490610161878e-05, ""fee_pct_nav"": 1.4668420673543383e-05, ""name"": ""中国石油化工股份""}, {""ts_code"": ""00762.HK"", ""side"": ""buy"", ""current_weight"": 0.0, ""target_weight"": 0.047107509438796165, ""post_trade_weight"": 0.04711036198012492, ""diff_weight"": 0.047107509438796165, ""gross_amount"": 0.0800640606013055, ""gross_amount_pct_nav"": 0.047107509438796165, ""fee"": 2.4019218180391646e-05, ""fee_pct_nav"": 1.4132252831638847e-05, ""name"": ""中国联通""}, {""ts_code"": ""00883.HK"", ""side"": ""sell"", ""current_weight"": 0.08346325594178791, ""target_weight"": 0.06879006142265531, ""post_trade_weight"": 0.06879422692610802, ""diff_weight"": -0.0146731945191326, ""gross_amount"": 0.02493860425206547, ""gross_amount_pct_nav"": 0.0146731945191326, ""fee"": 7.48158127561964e-06, ""fee_pct_nav"": 4.40195835573978e-06, ""name"": ""中国海洋石油""}, {""ts_code"": ""00998.HK"", ""side"": ""sell"", ""current_weight"": 0.0465856143968795, ""target_weight"": 0.0, ""post_trade_weight"": 0.0, ""diff_weight"": -0.0465856143968795, ""gross_amount"": 0.0791770462640728, ""gross_amount_pct_nav"": 0.0465856143968795, ""fee"": 2.375311387922184e-05, ""fee_pct_nav"": 1.3975684319063849e-05, ""name"": ""中信银行""}, {""ts_code"": ""03328.HK"", ""side"": ""sell"", ""current_weight"": 0.04457290989543039, ""target_weight"": 0.0, ""post_trade_weight"": 0.0, ""diff_weight"": -0.04457290989543039, ""gross_amount"": 0.07575624781609058, ""gross_amount_pct_nav"": 0.04457290989543039, ""fee"": 2.2726874344827174e-05, ""fee_pct_nav"": 1.3371872968629118e-05, ""name"": ""交通银行""}]"
2024-07-15,0.10310567,0.20621134,0.18838167,0.16925413,0.00010729,0.00005651,0.00005078,0.00000000,rebalance,"[{""ts_code"": ""00700.HK"", ""side"": ""buy"", ""current_weight"": 0.11487016462130994, ""target_weight"": 0.12657734751674257, ""post_trade_weight"": 0.12658517850668444, ""diff_weight"": 0.011707182895432627, ""gross_amount"": 0.020303964361707783, ""gross_amount_pct_nav"": 0.011707182895432627, ""fee"": 6.091189308512335e-06, ""fee_pct_nav"": 3.5121548686297883e-06, ""name"": ""腾讯控股""}, {""ts_code"": ""00762.HK"", ""side"": ""sell"", ""current_weight"": 0.046101886571276285, ""target_weight"": 0.0, ""post_trade_weight"": 0.0, ""diff_weight"": -0.046101886571276285, ""gross_amount"": 0.07995527791027113, ""gross_amount_pct_nav"": 0.046101886571276285, ""fee"": 2.3986583373081335e-05, ""fee_pct_nav"": 1.3830565971382885e-05, ""name"": ""中国联通""}, {""ts_code"": ""01816.HK"", ""side"": ""sell"", ""current_weight"": 0.051489355639426776, ""target_weight"": 0.0, ""post_trade_weight"": 0.0, ""diff_weight"": -0.051489355639426776, ""gross_amount"": 0.08929885620203987, ""gross_amount_pct_nav"": 0.051489355639426776, ""fee"": 2.6789656860611958e-05, ""fee_pct_nav"": 1.5446806691828033e-05, ""name"": ""中广核电力""}, {""ts_code"": ""03328.HK"", ""side"": ""buy"", ""current_weight"": 0.0, ""target_weight"": 0.04661924351980376, ""post_trade_weight"": 0.046622127723290906, ""diff_weight"": 0.04661924351980376, ""gross_amount"": 0.08085253877473425, ""gross_amount_pct_nav"": 0.04661924351980376, ""fee"": 2.4255761632420273e-05, ""fee_pct_nav"": 1.3985773055941127e-05, ""name"": ""交通银行""}, {""ts_code"": ""03968.HK"", ""side"": ""buy"", ""current_weight"": 0.0, ""target_weight"": 0.050293675499274576, ""post_trade_weight"": 0.05029678702969215, ""diff_weight"": 0.050293675499274576, ""gross_amount"": 0.08722516800817699, ""gross_amount_pct_nav"": 0.050293675499274576, ""fee"": 2.6167550402453095e-05, ""fee_pct_nav"": 1.5088102649782371e-05, ""name"": ""招商银行""}]"
2024-07-29,0.04858849,0.09717698,0.07992036,0.08024715,0.00004805,0.00002398,0.00002407,0.00000000,rebalance,"[{""ts_code"": ""00762.HK"", ""side"": ""buy"", ""current_weight"": 0.0, ""target_weight"": 0.048489353747383994, ""post_trade_weight"": 0.04849076740330905, ""diff_weight"": 0.048489353747383994, ""gross_amount"": 0.07992035817262796, ""gross_amount_pct_nav"": 0.048489353747383994, ""fee"": 2.397610745178839e-05, ""fee_pct_nav"": 1.4546806124215197e-05, ""name"": ""中国联通""}, {""ts_code"": ""03968.HK"", ""side"": ""sell"", ""current_weight"": 0.04868762795883333, ""target_weight"": 0.0, ""post_trade_weight"": 0.0, ""diff_weight"": -0.04868762795883333, ""gross_amount"": 0.08024715456752282, ""gross_amount_pct_nav"": 0.04868762795883333, ""fee"": 2.4074146370256844e-05, ""fee_pct_nav"": 1.4606288387649997e-05, ""name"": ""招商银行""}]"
2024-08-12,0.09887389,0.19774778,0.14870389,0.17229562,0.00009630,0.00004461,0.00005169,0.00000000,rebalance,"[{""ts_code"": ""00006.HK"", ""side"": ""buy"", ""current_weight"": 0.0, ""target_weight"": 0.04828425859776483, ""post_trade_weight"": 0.04828712319923904, ""diff_weight"": 0.04828425859776483, ""gross_amount"": 0.07837874758725695, ""gross_amount_pct_nav"": 0.04828425859776483, ""fee"": 2.351362427617708e-05, ""fee_pct_nav"": 1.4485277579329447e-05, ""name"": ""电能实业""}, {""ts_code"": ""00728.HK"", ""side"": ""sell"", ""current_weight"": 0.049605458418564716, ""target_weight"": 0.0, ""post_trade_weight"": 0.0, ""diff_weight"": -0.049605458418564716, ""gross_amount"": 0.08052342144731281, ""gross_amount_pct_nav"": 0.049605458418564716, ""fee"": 2.415702643419384e-05, ""fee_pct_nav"": 1.4881637525569413e-05, ""name"": ""中国电信""}, {""ts_code"": ""00762.HK"", ""side"": ""sell"", ""current_weight"": 0.04309775278508937, ""target_weight"": 0.0, ""post_trade_weight"": 0.0, ""diff_weight"": -0.04309775278508937, ""gross_amount"": 0.06995960972002771, ""gross_amount_pct_nav"": 0.04309775278508937, ""fee"": 2.098788291600831e-05, ""fee_pct_nav"": 1.292932583552681e-05, ""name"": ""中国联通""}, {""ts_code"": ""00857.HK"", ""side"": ""sell"", ""current_weight"": 0.07959395205301975, ""target_weight"": 0.06615657526328367, ""post_trade_weight"": 0.06616050019096262, ""diff_weight"": -0.013437376789736086, ""gross_amount"": 0.02181259056727744, ""gross_amount_pct_nav"": 0.013437376789736086, ""fee"": 6.543777170183232e-06, ""fee_pct_nav"": 4.0312130369208255e-06, ""name"": ""中国石油股份""}, {""ts_code"": ""00998.HK"", ""side"": ""buy"", ""current_weight"": 0.0, ""target_weight"": 0.04332293683602864, ""post_trade_weight"": 0.043325507092926686, ""diff_weight"": 0.04332293683602864, ""gross_amount"": 0.07032514590929131, ""gross_amount_pct_nav"": 0.04332293683602864, ""fee"": 2.1097543772787392e-05, ""fee_pct_nav"": 1.2996881050808593e-05, ""name"": ""中信银行""}]"
2024-08-26,0.04675750,0.09351500,0.08075152,0.07757896,0.00004750,0.00002423,0.00002327,0.00000000,rebalance,"[{""ts_code"": ""00006.HK"", ""side"": ""sell"", ""current_weight"": 0.04582059518472264, ""target_weight"": 0.0, ""post_trade_weight"": 0.0, ""diff_weight"": -0.04582059518472264, ""gross_amount"": 0.07757896444861147, ""gross_amount_pct_nav"": 0.04582059518472264, ""fee"": 2.327368933458344e-05, ""fee_pct_nav"": 1.374617855541679e-05, ""name"": ""电能实业""}, {""ts_code"": ""03968.HK"", ""side"": ""buy"", ""current_weight"": 0.0, ""target_weight"": 0.04769440783992449, ""post_trade_weight"": 0.04769574592027169, ""diff_weight"": 0.04769440783992449, ""gross_amount"": 0.08075152134743, ""gross_amount_pct_nav"": 0.04769440783992449, ""fee"": 2.4225456404228995e-05, ""fee_pct_nav"": 1.4308322351977345e-05, ""name"": ""招商银行""}]"
2024-09-09,0.19011456,0.38022911,0.28826668,0.30579901,0.00017822,0.00008648,0.00009174,0.00000000,rebalance,"[{""ts_code"": ""00006.HK"", ""side"": ""buy"", ""current_weight"": 0.0, ""target_weight"": 0.04513367543141612, ""post_trade_weight"": 0.04513882435992759, ""diff_weight"": 0.04513367543141612, ""gross_amount"": 0.07051634758506056, ""gross_amount_pct_nav"": 0.04513367543141612, ""fee"": 2.1154904275518168e-05, ""fee_pct_nav"": 1.3540102629424836e-05, ""name"": ""电能实业""}, {""ts_code"": ""00386.HK"", ""side"": ""sell"", ""current_weight"": 0.05116048600353821, ""target_weight"": 0.0, ""post_trade_weight"": 0.0, ""diff_weight"": -0.05116048600353821, ""gross_amount"": 0.07993256873414202, ""gross_amount_pct_nav"": 0.05116048600353821, ""fee"": 2.3979770620242605e-05, ""fee_pct_nav"": 1.5348145801061463e-05, ""name"": ""中国石油化工股份""}, {""ts_code"": ""00788.HK"", ""side"": ""buy"", ""current_weight"": 0.0, ""target_weight"": 0.04810995931413574, ""post_trade_weight"": 0.04811544778231011, ""diff_weight"": 0.04810995931413574, ""gross_amount"": 0.07516646009594155, ""gross_amount_pct_nav"": 0.04810995931413574, ""fee"": 2.2549938028782464e-05, ""fee_pct_nav"": 1.4432987794240721e-05, ""name"": ""中国铁塔""}, {""ts_code"": ""00857.HK"", ""side"": ""sell"", ""current_weight"": 0.061109048056681194, ""target_weight"": 0.050078491157800824, ""post_trade_weight"": 0.050084204199525625, ""diff_weight"": -0.011030556898880372, ""gross_amount"": 0.017234018211528368, ""gross_amount_pct_nav"": 0.011030556898880372, ""fee"": 5.17020546345851e-06, ""fee_pct_nav"": 3.309167069664111e-06, ""name"": ""中国石油股份""}, {""ts_code"": ""00998.HK"", ""side"": ""sell"", ""current_weight"": 0.04315213535297267, ""target_weight"": 0.0, ""post_trade_weight"": 0.0, ""diff_weight"": -0.04315213535297267, ""gross_amount"": 0.06742041162173362, ""gross_amount_pct_nav"": 0.04315213535297267, ""fee"": 2.0226123486520084e-05, ""fee_pct_nav"": 1.29456406058918e-05, ""name"": ""中信银行""}, {""ts_code"": ""01038.HK"", ""side"": ""buy"", ""current_weight"": 0.0, ""target_weight"": 0.046224534373535, ""post_trade_weight"": 0.046229807749139575, ""diff_weight"": 0.046224534373535, ""gross_amount"": 0.07222069334448396, ""gross_amount_pct_nav"": 0.046224534373535, ""fee"": 2.1666208003345185e-05, ""fee_pct_nav"": 1.3867360312060498e-05, ""name"": ""长江基建集团""}, {""ts_code"": ""02388.HK"", ""side"": ""buy"", ""current_weight"": 0.0, ""target_weight"": 0.04503564269456599, ""post_trade_weight"": 0.045040780439331636, ""diff_weight"": 0.04503564269456599, ""gross_amount"": 0.0703631823380391, ""gross_amount_pct_nav"": 0.04503564269456599, ""fee"": 2.110895470141173e-05, ""fee_pct_nav"": 1.3510692808369794e-05, ""name"": ""中银香港""}, {""ts_code"": ""03328.HK"", ""side"": ""sell"", ""current_weight"": 0.04626476662306653, ""target_weight"": 0.0, ""post_trade_weight"": 0.0, ""diff_weight"": -0.04626476662306653, ""gross_amount"": 0.07228355175929232, ""gross_amount_pct_nav"": 0.04626476662306653, ""fee"": 2.1685065527787694e-05, ""fee_pct_nav"": 1.3879429986919956e-05, ""name"": ""交通银行""}, {""ts_code"": ""03968.HK"", ""side"": ""sell"", ""current_weight"": 0.04411735387032754, ""target_weight"": 0.0, ""post_trade_weight"": 0.0, ""diff_weight"": -0.04411735387032754, ""gross_amount"": 0.06892845819260862, ""gross_amount_pct_nav"": 0.04411735387032754, ""fee"": 2.0678537457782585e-05, ""fee_pct_nav"": 1.323520616109826e-05, ""name"": ""招商银行""}]"
2024-09-23,0.10005393,0.20010786,0.18452385,0.14077074,0.00009759,0.00005536,0.00004223,0.00000000,rebalance,"[{""ts_code"": ""00006.HK"", ""side"": ""sell"", ""current_weight"": 0.04323883556647184, ""target_weight"": 0.0, ""post_trade_weight"": 0.0, ""diff_weight"": -0.04323883556647184, ""gross_amount"": 0.07028888832862402, ""gross_amount_pct_nav"": 0.04323883556647184, ""fee"": 2.1086666498587204e-05, ""fee_pct_nav"": 1.2971650669941548e-05, ""name"": ""电能实业""}, {""ts_code"": ""00700.HK"", ""side"": ""buy"", ""current_weight"": 0.13414307213712198, ""target_weight"": 0.1488505329699316, ""post_trade_weight"": 0.14885946935507532, ""diff_weight"": 0.014707460832809582, ""gross_amount"": 0.023908392965063308, ""gross_amount_pct_nav"": 0.014707460832809582, ""fee"": 7.172517889518992e-06, ""fee_pct_nav"": 4.412238249842874e-06, ""name"": ""腾讯控股""}, {""ts_code"": ""01038.HK"", ""side"": ""sell"", ""current_weight"": 0.04335753896426862, ""target_weight"": 0.0, ""post_trade_weight"": 0.0, ""diff_weight"": -0.04335753896426862, ""gross_amount"": 0.07048185212523551, ""gross_amount_pct_nav"": 0.04335753896426862, ""fee"": 2.1144555637570652e-05, ""fee_pct_nav"": 1.3007261689280584e-05, ""name"": ""长江基建集团""}, {""ts_code"": ""01810.HK"", ""side"": ""buy"", ""current_weight"": 0.0, ""target_weight"": 0.05381700179753064, ""post_trade_weight"": 0.053820232753078796, ""diff_weight"": 0.05381700179753064, ""gross_amount"": 0.08748471553339406, ""gross_amount_pct_nav"": 0.05381700179753064, ""fee"": 2.6245414660018216e-05, ""fee_pct_nav"": 1.614510053925919e-05, ""name"": ""小米集团-W""}, {""ts_code"": ""02628.HK"", ""side"": ""buy"", ""current_weight"": 0.0, ""target_weight"": 0.04498702704263163, ""post_trade_weight"": 0.04498972788213892, ""diff_weight"": 0.04498702704263163, ""gross_amount"": 0.07313074181137902, ""gross_amount_pct_nav"": 0.04498702704263163, ""fee"": 2.1939222543413705e-05, ""fee_pct_nav"": 1.3496108112789489e-05, ""name"": ""中国人寿""}]"
2024-10-07,0.18756552,0.37513103,0.33578059,0.36667099,0.00021074,0.00010073,0.00011000,0.00000000,rebalance,"[{""ts_code"": ""00005.HK"", ""side"": ""sell"", ""current_weight"": 0.06878949714379722, ""target_weight"": 0.0475018647470891, ""post_trade_weight"": 0.047507211175812046, ""diff_weight"": -0.02128763239670812, ""gross_amount"": 0.03986215445201473, ""gross_amount_pct_nav"": 0.02128763239670812, ""fee"": 1.1958646335604417e-05, ""fee_pct_nav"": 6.386289719012434e-06, ""name"": ""汇丰控股""}, {""ts_code"": ""00788.HK"", ""side"": ""sell"", ""current_weight"": 0.048523267583509035, ""target_weight"": 0.0, ""post_trade_weight"": 0.0, ""diff_weight"": -0.048523267583509035, ""gross_amount"": 0.09086224108367187, ""gross_amount_pct_nav"": 0.048523267583509035, ""fee"": 2.725867232510156e-05, ""fee_pct_nav"": 1.455698027505271e-05, ""name"": ""中国铁塔""}, {""ts_code"": ""00857.HK"", ""side"": ""sell"", ""current_weight"": 0.050529712663979466, ""target_weight"": 0.0, ""post_trade_weight"": 0.0, ""diff_weight"": -0.050529712663979466, ""gross_amount"": 0.09461940966901279, ""gross_amount_pct_nav"": 0.050529712663979466, ""fee"": 2.8385822900703833e-05, ""fee_pct_nav"": 1.5158913799193838e-05, ""name"": ""中国石油股份""}, {""ts_code"": ""00941.HK"", ""side"": ""sell"", ""current_weight"": 0.08159939009022209, ""target_weight"": 0.05810506112985341, ""post_trade_weight"": 0.05811160096927714, ""diff_weight"": -0.02349432896036867, ""gross_amount"": 0.04399430393722331, ""gross_amount_pct_nav"": 0.02349432896036867, ""fee"": 1.3198291181166992e-05, ""fee_pct_nav"": 7.0482986881106e-06, ""name"": ""中国移动""}, {""ts_code"": ""01288.HK"", ""side"": ""sell"", ""current_weight"": 0.07956128328603929, ""target_weight"": 0.06899031346562241, ""post_trade_weight"": 0.06899807846170165, ""diff_weight"": -0.010570969820416868, ""gross_amount"": 0.019794668746450417, ""gross_amount_pct_nav"": 0.010570969820416868, ""fee"": 5.938400623935124e-06, ""fee_pct_nav"": 3.1712909461250598e-06, ""name"": ""农业银行""}, {""ts_code"": ""02318.HK"", ""side"": ""buy"", ""current_weight"": 0.0, ""target_weight"": 0.050355108189863655, ""post_trade_weight"": 0.050360775756773016, ""diff_weight"": 0.050355108189863655, ""gross_amount"": 0.09429245407406868, ""gross_amount_pct_nav"": 0.050355108189863655, ""fee"": 2.82877362222206e-05, ""fee_pct_nav"": 1.5106532456959094e-05, ""name"": ""中国平安""}, {""ts_code"": ""02388.HK"", ""side"": ""sell"", ""current_weight"": 0.041407821107522766, ""target_weight"": 0.0, ""post_trade_weight"": 0.0, ""diff_weight"": -0.041407821107522766, ""gross_amount"": 0.07753821231734134, ""gross_amount_pct_nav"": 0.041407821107522766, ""fee"": 2.32614636952024e-05, ""fee_pct_nav"": 1.2422346332256828e-05, ""name"": ""中银香港""}, {""ts_code"": ""03690.HK"", ""side"": ""buy"", ""current_weight"": 0.0, ""target_weight"": 0.07097173677795651, ""post_trade_weight"": 0.07097972478714411, ""diff_weight"": 0.07097173677795651, ""gross_amount"": 0.13289812039445598, ""gross_amount_pct_nav"": 0.07097173677795651, ""fee"": 3.986943611833679e-05, ""fee_pct_nav"": 2.1291521033386954e-05, ""name"": ""美团-W""}, {""ts_code"": ""03968.HK"", ""side"": ""buy"", ""current_weight"": 0.0, ""target_weight"": 0.057990452829982046, ""post_trade_weight"": 0.0579969797700152, ""diff_weight"": 0.057990452829982046, ""gross_amount"": 0.10859001810875335, ""gross_amount_pct_nav"": 0.057990452829982046, ""fee"": 3.2577005432626005e-05, ""fee_pct_nav"": 1.7397135848994613e-05, ""name"": ""招商银行""}]"
2024-10-21,0.16284096,0.32568191,0.27180780,0.28450747,0.00016689,0.00008154,0.00008535,0.00000000,rebalance,"[{""ts_code"": ""00883.HK"", ""side"": ""sell"", ""current_weight"": 0.057127667587534944, ""target_weight"": 0.0, ""post_trade_weight"": 0.0, ""diff_weight"": -0.057127667587534944, ""gross_amount"": 0.09758292656262936, ""gross_amount_pct_nav"": 0.057127667587534944, ""fee"": 2.9274877968788804e-05, ""fee_pct_nav"": 1.7138300276260482e-05, ""name"": ""中国海洋石油""}, {""ts_code"": ""00998.HK"", ""side"": ""buy"", ""current_weight"": 0.0, ""target_weight"": 0.046155276535030154, ""post_trade_weight"": 0.04615978655726895, ""diff_weight"": 0.046155276535030154, ""gross_amount"": 0.07884037894063169, ""gross_amount_pct_nav"": 0.046155276535030154, ""fee"": 2.3652113682189503e-05, ""fee_pct_nav"": 1.3846582960509043e-05, ""name"": ""中信银行""}, {""ts_code"": ""01288.HK"", ""side"": ""buy"", ""current_weight"": 0.07759442946096111, ""target_weight"": 0.0931597447111409, ""post_trade_weight"": 0.09316884773363257, ""diff_weight"": 0.015565315250179781, ""gross_amount"": 0.026587975303824396, ""gross_amount_pct_nav"": 0.015565315250179781, ""fee"": 7.976392591147318e-06, ""fee_pct_nav"": 4.6695945750539345e-06, ""name"": ""农业银行""}, {""ts_code"": ""01919.HK"", ""side"": ""buy"", ""current_weight"": 0.0, ""target_weight"": 0.04522502096235229, ""post_trade_weight"": 0.04522944008548625, ""diff_weight"": 0.04522502096235229, ""gross_amount"": 0.0772513579799211, ""gross_amount_pct_nav"": 0.04522502096235229, ""fee"": 2.3175407393976326e-05, ""fee_pct_nav"": 1.3567506288705686e-05, ""name"": ""中远海控""}, {""ts_code"": ""02318.HK"", ""side"": ""sell"", ""current_weight"": 0.04535386195311847, ""target_weight"": 0.0, ""post_trade_weight"": 0.0, ""diff_weight"": -0.04535386195311847, ""gross_amount"": 0.07747143839753884, ""gross_amount_pct_nav"": 0.04535386195311847, ""fee"": 2.3241431519261648e-05, ""fee_pct_nav"": 1.360615858593554e-05, ""name"": ""中国平安""}, {""ts_code"": ""02628.HK"", ""side"": ""sell"", ""current_weight"": 0.05783223943384401, ""target_weight"": 0.04710170364204901, ""post_trade_weight"": 0.0471063061435799, ""diff_weight"": -0.010730535791794999, ""gross_amount"": 0.018329421283372588, ""gross_amount_pct_nav"": 0.010730535791794999, ""fee"": 5.4988263850117755e-06, ""fee_pct_nav"": 3.2191607375384993e-06, ""name"": ""中国人寿""}, {""ts_code"": ""03328.HK"", ""side"": ""buy"", ""current_weight"": 0.0, ""target_weight"": 0.05217797691267195, ""post_trade_weight"": 0.05218307543777933, ""diff_weight"": 0.05217797691267195, ""gross_amount"": 0.08912808634194658, ""gross_amount_pct_nav"": 0.05217797691267195, ""fee"": 2.673842590258397e-05, ""fee_pct_nav"": 1.5653393073801583e-05, ""name"": ""交通银行""}, {""ts_code"": ""03968.HK"", ""side"": ""sell"", ""current_weight"": 0.05334625525629991, ""target_weight"": 0.0, ""post_trade_weight"": 0.0, ""diff_weight"": -0.05334625525629991, ""gross_amount"": 0.09112368715369462, ""gross_amount_pct_nav"": 0.05334625525629991, ""fee"": 2.7337106146108385e-05, ""fee_pct_nav"": 1.600387657688997e-05, ""name"": ""招商银行""}]"
2024-11-04,0.11411399,0.22822798,0.20658048,0.18834878,0.00011848,0.00006197,0.00005650,0.00000000,rebalance,"[{""ts_code"": ""00005.HK"", ""side"": ""buy"", ""current_weight"": 0.05257270560803249, ""target_weight"": 0.07209355862273943, ""post_trade_weight"": 0.07209849509086878, ""diff_weight"": 0.019520853014706945, ""gross_amount"": 0.033779189429874706, ""gross_amount_pct_nav"": 0.019520853014706945, ""fee"": 1.0133756828962411e-05, ""fee_pct_nav"": 5.8562559044120835e-06, ""name"": ""汇丰控股""}, {""ts_code"": ""00700.HK"", ""side"": ""sell"", ""current_weight"": 0.15116209451623022, ""target_weight"": 0.13648577013631338, ""post_trade_weight"": 0.1364951157376023, ""diff_weight"": -0.014676324379916835, ""gross_amount"": 0.02539614129515752, ""gross_amount_pct_nav"": 0.014676324379916835, ""fee"": 7.618842388547255e-06, ""fee_pct_nav"": 4.40289731397505e-06, ""name"": ""腾讯控股""}, {""ts_code"": ""00788.HK"", ""side"": ""buy"", ""current_weight"": 0.0, ""target_weight"": 0.04408518407329704, ""post_trade_weight"": 0.04408820272170769, ""diff_weight"": 0.04408518407329704, ""gross_amount"": 0.07628569216421366, ""gross_amount_pct_nav"": 0.04408518407329704, ""fee"": 2.2885707649264096e-05, ""fee_pct_nav"": 1.3225555221989112e-05, ""name"": ""中国铁塔""}, {""ts_code"": ""00939.HK"", ""side"": ""buy"", ""current_weight"": 0.08311279273321771, ""target_weight"": 0.09432183445568791, ""post_trade_weight"": 0.09432829296236434, ""diff_weight"": 0.0112090417224702, ""gross_amount"": 0.01939630114449556, ""gross_amount_pct_nav"": 0.0112090417224702, ""fee"": 5.818890343348667e-06, ""fee_pct_nav"": 3.3627125167410595e-06, ""name"": ""建设银行""}, {""ts_code"": ""00998.HK"", ""side"": ""sell"", ""current_weight"": 0.0448368903199835, ""target_weight"": 0.0, ""post_trade_weight"": 0.0, ""diff_weight"": -0.0448368903199835, ""gross_amount"": 0.07758645641274889, ""gross_amount_pct_nav"": 0.0448368903199835, ""fee"": 2.3275936923824663e-05, ""fee_pct_nav"": 1.3451067095995047e-05, ""name"": ""中信银行""}, {""ts_code"": ""01898.HK"", ""side"": ""buy"", ""current_weight"": 0.0, ""target_weight"": 0.04456692065124637, ""post_trade_weight"": 0.044569972285645076, ""diff_weight"": 0.04456692065124637, ""gross_amount"": 0.07711929667471278, ""gross_amount_pct_nav"": 0.04456692065124637, ""fee"": 2.313578900241383e-05, ""fee_pct_nav"": 1.337007619537391e-05, ""name"": ""中煤能源""}, {""ts_code"": ""03328.HK"", ""side"": ""sell"", ""current_weight"": 0.04933276401975443, ""target_weight"": 0.0, ""post_trade_weight"": 0.0, ""diff_weight"": -0.04933276401975443, ""gross_amount"": 0.08536618659374752, ""gross_amount_pct_nav"": 0.04933276401975443, ""fee"": 2.5609855978124253e-05, ""fee_pct_nav"": 1.4799829205926326e-05, ""name"": ""交通银行""}]"
2024-11-18,0.05525365,0.11050730,0.09512658,0.09250350,0.00005629,0.00002854,0.00002775,0.00000000,rebalance,"[{""ts_code"": ""00788.HK"", ""side"": ""sell"", ""current_weight"": 0.04281018435210927, ""target_weight"": 0.0, ""post_trade_weight"": 0.0, ""diff_weight"": -0.04281018435210927, ""gross_amount"": 0.07268731045835454, ""gross_amount_pct_nav"": 0.04281018435210927, ""fee"": 2.180619313750636e-05, ""fee_pct_nav"": 1.284305530563278e-05, ""name"": ""中国铁塔""}, {""ts_code"": ""01038.HK"", ""side"": ""buy"", ""current_weight"": 0.0, ""target_weight"": 0.045392547640540425, ""post_trade_weight"": 0.045394052552784586, ""diff_weight"": 0.045392547640540425, ""gross_amount"": 0.07707189895997364, ""gross_amount_pct_nav"": 0.045392547640540425, ""fee"": 2.312156968799209e-05, ""fee_pct_nav"": 1.3617764292162125e-05, ""name"": ""长江基建集团""}, {""ts_code"": ""02628.HK"", ""side"": ""buy"", ""current_weight"": 0.04534411919415028, ""target_weight"": 0.05597766922033969, ""post_trade_weight"": 0.05597952506417724, ""diff_weight"": 0.01063355002618941, ""gross_amount"": 0.01805467936486453, ""gross_amount_pct_nav"": 0.01063355002618941, ""fee"": 5.416403809459359e-06, ""fee_pct_nav"": 3.190065007856823e-06, ""name"": ""中国人寿""}, {""ts_code"": ""03690.HK"", ""side"": ""sell"", ""current_weight"": 0.06204500749500769, ""target_weight"": 0.0503739903165014, ""post_trade_weight"": 0.050375660379953564, ""diff_weight"": -0.011671017178506281, ""gross_amount"": 0.019816192381733516, ""gross_amount_pct_nav"": 0.011671017178506281, ""fee"": 5.944857714520055e-06, ""fee_pct_nav"": 3.5013051535518845e-06, ""name"": ""美团-W""}]"
2024-12-02,0.12323135,0.24646270,0.20612354,0.20551080,0.00012349,0.00006184,0.00006165,0.00000000,rebalance,"[{""ts_code"": ""00700.HK"", ""side"": ""sell"", ""current_weight"": 0.13492926945755854, ""target_weight"": 0.11399452336693727, ""post_trade_weight"": 0.11400295260947527, ""diff_weight"": -0.02093474609062127, ""gross_amount"": 0.03496456286355801, ""gross_amount_pct_nav"": 0.02093474609062127, ""fee"": 1.04893688590674e-05, ""fee_pct_nav"": 6.2804238271863805e-06, ""name"": ""腾讯控股""}, {""ts_code"": ""00998.HK"", ""side"": ""buy"", ""current_weight"": 0.0, ""target_weight"": 0.04847770655706335, ""post_trade_weight"": 0.04848129120599372, ""diff_weight"": 0.04847770655706335, ""gross_amount"": 0.08096596018209733, ""gross_amount_pct_nav"": 0.04847770655706335, ""fee"": 2.4289788054629196e-05, ""fee_pct_nav"": 1.4543311967119004e-05, ""name"": ""中信银行""}, {""ts_code"": ""01088.HK"", ""side"": ""sell"", ""current_weight"": 0.05898825807576605, ""target_weight"": 0.04467787492465252, ""post_trade_weight"": 0.04468117859778258, ""diff_weight"": -0.014310383151113526, ""gross_amount"": 0.02390075757894522, ""gross_amount_pct_nav"": 0.014310383151113526, ""fee"": 7.1702272736835655e-06, ""fee_pct_nav"": 4.293114945334057e-06, ""name"": ""中国神华""}, {""ts_code"": ""01898.HK"", ""side"": ""sell"", ""current_weight"": 0.04361193199480414, ""target_weight"": 0.0, ""post_trade_weight"": 0.0, ""diff_weight"": -0.04361193199480414, ""gross_amount"": 0.07283929459821278, ""gross_amount_pct_nav"": 0.04361193199480414, ""fee"": 2.1851788379463832e-05, ""fee_pct_nav"": 1.3083579598441241e-05, ""name"": ""中煤能源""}, {""ts_code"": ""01919.HK"", ""side"": ""sell"", ""current_weight"": 0.044190850270486054, ""target_weight"": 0.0, ""post_trade_weight"": 0.0, ""diff_weight"": -0.044190850270486054, ""gross_amount"": 0.07380618592592805, ""gross_amount_pct_nav"": 0.044190850270486054, ""fee"": 2.2141855777778415e-05, ""fee_pct_nav"": 1.3257255081145817e-05, ""name"": ""中远海控""}, {""ts_code"": ""03690.HK"", ""side"": ""buy"", ""current_weight"": 0.050725484037047255, ""target_weight"": 0.0719828440142897, ""post_trade_weight"": 0.0719881667335998, ""diff_weight"": 0.021257359977242443, ""gross_amount"": 0.03550338255932094, ""gross_amount_pct_nav"": 0.021257359977242443, ""fee"": 1.065101476779628e-05, ""fee_pct_nav"": 6.377207993172732e-06, ""name"": ""美团-W""}, {""ts_code"": ""09992.HK"", ""side"": ""buy"", ""current_weight"": 0.0, ""target_weight"": 0.05367971861273441, ""post_trade_weight"": 0.053683687920681795, ""diff_weight"": 0.05367971861273441, ""gross_amount"": 0.08965419918677206, ""gross_amount_pct_nav"": 0.05367971861273441, ""fee"": 2.6896259756031617e-05, ""fee_pct_nav"": 1.6103915583820323e-05, ""name"": ""泡泡玛特""}]"
2024-12-16,0.04426353,0.08852706,0.07544263,0.07728799,0.00004582,0.00002263,0.00002319,0.00000000,rebalance,"[{""ts_code"": ""00728.HK"", ""side"": ""buy"", ""current_weight"": 0.0, ""target_weight"": 0.043728715605375265, ""post_trade_weight"": 0.043729876988548674, ""diff_weight"": 0.043728715605375265, ""gross_amount"": 0.07544262748351668, ""gross_amount_pct_nav"": 0.043728715605375265, ""fee"": 2.2632788245055002e-05, ""fee_pct_nav"": 1.3118614681612578e-05, ""name"": ""中国电信""}, {""ts_code"": ""01038.HK"", ""side"": ""sell"", ""current_weight"": 0.044798339838206316, ""target_weight"": 0.0, ""post_trade_weight"": 0.0, ""diff_weight"": -0.044798339838206316, ""gross_amount"": 0.07728798839631001, ""gross_amount_pct_nav"": 0.044798339838206316, ""fee"": 2.3186396518893e-05, ""fee_pct_nav"": 1.3439501951461893e-05, ""name"": ""长江基建集团""}]"
2024-12-30,0.16220553,0.32441107,0.27234656,0.30267954,0.00017251,0.00008170,0.00009080,0.00000000,rebalance,"[{""ts_code"": ""00883.HK"", ""side"": ""buy"", ""current_weight"": 0.0, ""target_weight"": 0.04840963003992727, ""post_trade_weight"": 0.048414341884427926, ""diff_weight"": 0.04840963003992727, ""gross_amount"": 0.08580718635659816, ""gross_amount_pct_nav"": 0.04840963003992727, ""fee"": 2.5742155906979447e-05, ""fee_pct_nav"": 1.4522889011978182e-05, ""name"": ""中国海洋石油""}, {""ts_code"": ""01088.HK"", ""side"": ""sell"", ""current_weight"": 0.0428203863438529, ""target_weight"": 0.0, ""post_trade_weight"": 0.0, ""diff_weight"": -0.0428203863438529, ""gross_amount"": 0.07590012292674064, ""gross_amount_pct_nav"": 0.0428203863438529, ""fee"": 2.2770036878022192e-05, ""fee_pct_nav"": 1.284611590315587e-05, ""name"": ""中国神华""}, {""ts_code"": ""01810.HK"", ""side"": ""sell"", ""current_weight"": 0.08274041333804641, ""target_weight"": 0.06729598815598914, ""post_trade_weight"": 0.06730253826247513, ""diff_weight"": -0.015444425182057273, ""gross_amount"": 0.027375600034007547, ""gross_amount_pct_nav"": 0.015444425182057273, ""fee"": 8.212680010202263e-06, ""fee_pct_nav"": 4.633327554617181e-06, ""name"": ""小米集团-W""}, {""ts_code"": ""02628.HK"", ""side"": ""sell"", ""current_weight"": 0.05093299991721457, ""target_weight"": 0.0, ""post_trade_weight"": 0.0, ""diff_weight"": -0.05093299991721457, ""gross_amount"": 0.09027991769390507, ""gross_amount_pct_nav"": 0.05093299991721457, ""fee"": 2.708397530817152e-05, ""fee_pct_nav"": 1.527989997516437e-05, ""name"": ""中国人寿""}, {""ts_code"": ""03328.HK"", ""side"": ""buy"", ""current_weight"": 0.0, ""target_weight"": 0.05297765304551264, ""post_trade_weight"": 0.05298280950845099, ""diff_weight"": 0.05297765304551264, ""gross_amount"": 0.09390411254665999, ""gross_amount_pct_nav"": 0.05297765304551264, ""fee"": 2.8171233763997995e-05, ""fee_pct_nav"": 1.589329591365379e-05, ""name"": ""交通银行""}, {""ts_code"": ""03690.HK"", ""side"": ""sell"", ""current_weight"": 0.06191065648848507, ""target_weight"": 0.047503365863343076, ""post_trade_weight"": 0.04750798949862021, ""diff_weight"": -0.014407290625141997, ""gross_amount"": 0.025537255098739567, ""gross_amount_pct_nav"": 0.014407290625141997, ""fee"": 7.66117652962187e-06, ""fee_pct_nav"": 4.322187187542599e-06, ""name"": ""美团-W""}, {""ts_code"": ""03968.HK"", ""side"": ""buy"", ""current_weight"": 0.0, ""target_weight"": 0.052261810440153406, ""post_trade_weight"": 0.05226689722813162, ""diff_weight"": 0.052261810440153406, ""gross_amount"": 0.0926352650097259, ""gross_amount_pct_nav"": 0.052261810440153406, ""fee"": 2.7790579502917766e-05, ""fee_pct_nav"": 1.567854313204602e-05, ""name"": ""招商银行""}, {""ts_code"": ""09992.HK"", ""side"": ""sell"", ""current_weight"": 0.047156871957401245, ""target_weight"": 0.0, ""post_trade_weight"": 0.0, ""diff_weight"": -0.047156871957401245, ""gross_amount"": 0.08358664374641118, ""gross_amount_pct_nav"": 0.047156871957401245, ""fee"": 2.5075993123923352e-05, ""fee_pct_nav"": 1.414706158722037e-05, ""name"": ""泡泡玛特""}]"
2025-01-13,0.05295668,0.10591337,0.10588462,0.07356828,0.00005384,0.00003177,0.00002207,0.00000000,rebalance,"[{""ts_code"": ""00728.HK"", ""side"": ""sell"", ""current_weight"": 0.043420106829639586, ""target_weight"": 0.0, ""post_trade_weight"": 0.0, ""diff_weight"": -0.043420106829639586, ""gross_amount"": 0.07356827649013739, ""gross_amount_pct_nav"": 0.043420106829639586, ""fee"": 2.2070482947041215e-05, ""fee_pct_nav"": 1.3026032048891875e-05, ""name"": ""中国电信""}, {""ts_code"": ""01658.HK"", ""side"": ""buy"", ""current_weight"": 0.0, ""target_weight"": 0.05063489744712917, ""post_trade_weight"": 0.05063650637198536, ""diff_weight"": 0.05063489744712917, ""gross_amount"": 0.08579256034665707, ""gross_amount_pct_nav"": 0.05063489744712917, ""fee"": 2.5737768103997118e-05, ""fee_pct_nav"": 1.5190469234138751e-05, ""name"": ""邮储银行""}, {""ts_code"": ""03968.HK"", ""side"": ""buy"", ""current_weight"": 0.052743008903763745, ""target_weight"": 0.06460137105375728, ""post_trade_weight"": 0.06460342376358533, ""diff_weight"": 0.011858362149993532, ""gross_amount"": 0.02009205709220835, ""gross_amount_pct_nav"": 0.011858362149993532, ""fee"": 6.027617127662504e-06, ""fee_pct_nav"": 3.557508644998059e-06, ""name"": ""招商银行""}]"
2025-01-27,0.05741723,0.11483447,0.09055346,0.11827567,0.00006265,0.00002717,0.00003548,0.00000000,rebalance,"[{""ts_code"": ""01288.HK"", ""side"": ""sell"", ""current_weight"": 0.09891318960178225, ""target_weight"": 0.08626825622379553, ""post_trade_weight"": 0.08627122829695129, ""diff_weight"": -0.01264493337798673, ""gross_amount"": 0.02299510346368061, ""gross_amount_pct_nav"": 0.01264493337798673, ""fee"": 6.898531039104182e-06, ""fee_pct_nav"": 3.793480013396018e-06, ""name"": ""农业银行""}, {""ts_code"": ""02328.HK"", ""side"": ""buy"", ""current_weight"": 0.0, ""target_weight"": 0.049795058048992064, ""post_trade_weight"": 0.04979677356477731, ""diff_weight"": 0.049795058048992064, ""gross_amount"": 0.09055346339822813, ""gross_amount_pct_nav"": 0.049795058048992064, ""fee"": 2.7166039019468436e-05, ""fee_pct_nav"": 1.4938517414697616e-05, ""name"": ""中国财险""}, {""ts_code"": ""03328.HK"", ""side"": ""sell"", ""current_weight"": 0.052394475576943295, ""target_weight"": 0.0, ""post_trade_weight"": 0.0, ""diff_weight"": -0.052394475576943295, ""gross_amount"": 0.0952805642230219, ""gross_amount_pct_nav"": 0.052394475576943295, ""fee"": 2.858416926690657e-05, ""fee_pct_nav"": 1.5718342673082985e-05, ""name"": ""交通银行""}]"
2025-02-10,0.18324035,0.36648070,0.36698545,0.32089685,0.00020636,0.00011010,0.00009627,0.00000000,rebalance,"[{""ts_code"": ""00700.HK"", ""side"": ""buy"", ""current_weight"": 0.11087152191411799, ""target_weight"": 0.13158707955002924, ""post_trade_weight"": 0.131601548378277, ""diff_weight"": 0.020715557635911253, ""gross_amount"": 0.0388829904517595, ""gross_amount_pct_nav"": 0.020715557635911253, ""fee"": 1.1664897135527847e-05, ""fee_pct_nav"": 6.214667290773375e-06, ""name"": ""腾讯控股""}, {""ts_code"": ""00883.HK"", ""side"": ""sell"", ""current_weight"": 0.04498802365085203, ""target_weight"": 0.0, ""post_trade_weight"": 0.0, ""diff_weight"": -0.04498802365085203, ""gross_amount"": 0.08444227883236809, ""gross_amount_pct_nav"": 0.04498802365085203, ""fee"": 2.5332683649710424e-05, ""fee_pct_nav"": 1.3496407095255607e-05, ""name"": ""中国海洋石油""}, {""ts_code"": ""00939.HK"", ""side"": ""sell"", ""current_weight"": 0.09398776472572389, ""target_weight"": 0.07569721957585517, ""post_trade_weight"": 0.07570554296195525, ""diff_weight"": -0.018290545149868716, ""gross_amount"": 0.034331255036405245, ""gross_amount_pct_nav"": 0.018290545149868716, ""fee"": 1.0299376510921572e-05, ""fee_pct_nav"": 5.487163544960615e-06, ""name"": ""建设银行""}, {""ts_code"": ""00981.HK"", ""side"": ""buy"", ""current_weight"": 0.0, ""target_weight"": 0.044474947981244184, ""post_trade_weight"": 0.04447983828191709, ""diff_weight"": 0.044474947981244184, ""gross_amount"": 0.08347923855544076, ""gross_amount_pct_nav"": 0.044474947981244184, ""fee"": 2.5043771566632227e-05, ""fee_pct_nav"": 1.3342484394373254e-05, ""name"": ""中芯国际""}, {""ts_code"": ""01211.HK"", ""side"": ""buy"", ""current_weight"": 0.0, ""target_weight"": 0.06175649454950797, ""post_trade_weight"": 0.06176328506508044, ""diff_weight"": 0.06175649454950797, ""gross_amount"": 0.11591660867192613, ""gross_amount_pct_nav"": 0.06175649454950797, ""fee"": 3.477498260157784e-05, ""fee_pct_nav"": 1.852694836485239e-05, ""name"": ""比亚迪股份""}, {""ts_code"": ""01658.HK"", ""side"": ""sell"", ""current_weight"": 0.047977302384306794, ""target_weight"": 0.0, ""post_trade_weight"": 0.0, ""diff_weight"": -0.047977302384306794, ""gross_amount"": 0.090053138964324, ""gross_amount_pct_nav"": 0.047977302384306794, ""fee"": 2.7015941689297197e-05, ""fee_pct_nav"": 1.4393190715292035e-05, ""name"": ""邮储银行""}, {""ts_code"": ""01810.HK"", ""side"": ""sell"", ""current_weight"": 0.0807061951728755, ""target_weight"": 0.06931807145541999, ""post_trade_weight"": 0.06932569341400273, ""diff_weight"": -0.011388123717455517, ""gross_amount"": 0.021375447069870795, ""gross_amount_pct_nav"": 0.011388123717455517, ""fee"": 6.412634120961238e-06, ""fee_pct_nav"": 3.4164371152366547e-06, ""name"": ""小米集团-W""}, {""ts_code"": ""02328.HK"", ""side"": ""sell"", ""current_weight"": 0.04831912194900873, ""target_weight"": 0.0, ""post_trade_weight"": 0.0, ""diff_weight"": -0.04831912194900873, ""gross_amount"": 0.09069473245189151, ""gross_amount_pct_nav"": 0.04831912194900873, ""fee"": 2.720841973556745e-05, ""fee_pct_nav"": 1.4495736584702618e-05, ""name"": ""中国财险""}, {""ts_code"": ""02628.HK"", ""side"": ""buy"", ""current_weight"": 0.0, ""target_weight"": 0.05672405799260451, ""post_trade_weight"": 0.05673029516007884, ""diff_weight"": 0.05672405799260451, ""gross_amount"": 0.1064707522759607, ""gross_amount_pct_nav"": 0.05672405799260451, ""fee"": 3.194122568278821e-05, ""fee_pct_nav"": 1.7017217397781353e-05, ""name"": ""中国人寿""}, {""ts_code"": ""03690.HK"", ""side"": ""buy"", ""current_weight"": 0.04776584325013181, ""target_weight"": 0.05961236764548206, ""post_trade_weight"": 0.059618922400795846, ""diff_weight"": 0.011846524395350255, ""gross_amount"": 0.02223586268092645, ""gross_amount_pct_nav"": 0.011846524395350255, ""fee"": 6.670758804277934e-06, ""fee_pct_nav"": 3.5539573186050765e-06, ""name"": ""美团-W""}]"
2025-02-24,0.10346143,0.20692286,0.21112304,0.20827327,0.00012582,0.00006334,0.00006248,0.00000000,rebalance,"[{""ts_code"": ""00728.HK"", ""side"": ""buy"", ""current_weight"": 0.0, ""target_weight"": 0.04870659263496862, ""post_trade_weight"": 0.04870961637498022, ""diff_weight"": 0.04870659263496862, ""gross_amount"": 0.09871970807036201, ""gross_amount_pct_nav"": 0.04870659263496862, ""fee"": 2.96159124211086e-05, ""fee_pct_nav"": 1.4611977790490585e-05, ""name"": ""中国电信""}, {""ts_code"": ""00788.HK"", ""side"": ""buy"", ""current_weight"": 0.0, ""target_weight"": 0.05545785314174631, ""post_trade_weight"": 0.05546129600482562, ""diff_weight"": 0.05545785314174631, ""gross_amount"": 0.11240332727425517, ""gross_amount_pct_nav"": 0.05545785314174631, ""fee"": 3.372099818227655e-05, ""fee_pct_nav"": 1.6637355942523892e-05, ""name"": ""中国铁塔""}, {""ts_code"": ""00998.HK"", ""side"": ""sell"", ""current_weight"": 0.04800700608262649, ""target_weight"": 0.0, ""post_trade_weight"": 0.0, ""diff_weight"": -0.04800700608262649, ""gross_amount"": 0.09730176900952976, ""gross_amount_pct_nav"": 0.04800700608262649, ""fee"": 2.9190530702858927e-05, ""fee_pct_nav"": 1.4402101824787946e-05, ""name"": ""中信银行""}, {""ts_code"": ""02628.HK"", ""side"": ""sell"", ""current_weight"": 0.05475141311194247, ""target_weight"": 0.0, ""post_trade_weight"": 0.0, ""diff_weight"": -0.05475141311194247, ""gross_amount"": 0.11097149741840555, ""gross_amount_pct_nav"": 0.05475141311194247, ""fee"": 3.329144922552166e-05, ""fee_pct_nav"": 1.6425423933582736e-05, ""name"": ""中国人寿""}]"
2025-03-10,0.04651487,0.09302974,0.09726353,0.09297658,0.00005707,0.00002918,0.00002789,0.00000000,rebalance,"[{""ts_code"": ""00728.HK"", ""side"": ""sell"", ""current_weight"": 0.045466684740399506, ""target_weight"": 0.0, ""post_trade_weight"": 0.0, ""diff_weight"": -0.045466684740399506, ""gross_amount"": 0.09297658039960195, ""gross_amount_pct_nav"": 0.045466684740399506, ""fee"": 2.7892974119880584e-05, ""fee_pct_nav"": 1.364000542211985e-05, ""name"": ""中国电信""}, {""ts_code"": ""02628.HK"", ""side"": ""buy"", ""current_weight"": 0.0, ""target_weight"": 0.047563055037555216, ""post_trade_weight"": 0.04756438250819345, ""diff_weight"": 0.047563055037555216, ""gross_amount"": 0.0972635290212956, ""gross_amount_pct_nav"": 0.047563055037555216, ""fee"": 2.9179058706388678e-05, ""fee_pct_nav"": 1.4268916511266563e-05, ""name"": ""中国人寿""}]"
2025-03-24,0.05225644,0.10451289,0.09649188,0.12191620,0.00006552,0.00002895,0.00003657,0.00000000,rebalance,"[{""ts_code"": ""00788.HK"", ""side"": ""sell"", ""current_weight"": 0.048275277387724067, ""target_weight"": 0.0, ""post_trade_weight"": 0.0, ""diff_weight"": -0.048275277387724067, ""gross_amount"": 0.10088430861143893, ""gross_amount_pct_nav"": 0.048275277387724067, ""fee"": 3.0265292583431677e-05, ""fee_pct_nav"": 1.4482583216317218e-05, ""name"": ""中国铁塔""}, {""ts_code"": ""00998.HK"", ""side"": ""buy"", ""current_weight"": 0.0, ""target_weight"": 0.04617340553692129, ""post_trade_weight"": 0.046174853297115646, ""diff_weight"": 0.04617340553692129, ""gross_amount"": 0.09649187629551392, ""gross_amount_pct_nav"": 0.04617340553692129, ""fee"": 2.8947562888654174e-05, ""fee_pct_nav"": 1.3852021661076387e-05, ""name"": ""中信银行""}, {""ts_code"": ""01211.HK"", ""side"": ""sell"", ""current_weight"": 0.06776503196258386, ""target_weight"": 0.057700825946112255, ""post_trade_weight"": 0.05770263514684187, ""diff_weight"": -0.010064206016471615, ""gross_amount"": 0.02103189294056773, ""gross_amount_pct_nav"": 0.010064206016471615, ""fee"": 6.309567882170319e-06, ""fee_pct_nav"": 3.019261804941484e-06, ""name"": ""比亚迪股份""}]"
2025-04-07,0.15147512,0.30295024,0.26963166,0.25748464,0.00015813,0.00008089,0.00007725,0.00000000,rebalance,"[{""ts_code"": ""00700.HK"", ""side"": ""sell"", ""current_weight"": 0.1414321431392811, ""target_weight"": 0.12926052939309157, ""post_trade_weight"": 0.12927227831335308, ""diff_weight"": -0.012171613746189526, ""gross_amount"": 0.02117792012283609, ""gross_amount_pct_nav"": 0.012171613746189526, ""fee"": 6.353376036850827e-06, ""fee_pct_nav"": 3.651484123856858e-06, ""name"": ""腾讯控股""}, {""ts_code"": ""00941.HK"", ""side"": ""buy"", ""current_weight"": 0.06366525287943321, ""target_weight"": 0.07417902256054137, ""post_trade_weight"": 0.07418576493909447, ""diff_weight"": 0.010513769681108157, ""gross_amount"": 0.018293365131317185, ""gross_amount_pct_nav"": 0.010513769681108157, ""fee"": 5.488009539395155e-06, ""fee_pct_nav"": 3.1541309043324468e-06, ""name"": ""中国移动""}, {""ts_code"": ""00981.HK"", ""side"": ""sell"", ""current_weight"": 0.03784049324442455, ""target_weight"": 0.0, ""post_trade_weight"": 0.0, ""diff_weight"": -0.03784049324442455, ""gross_amount"": 0.06584031994853802, ""gross_amount_pct_nav"": 0.03784049324442455, ""fee"": 1.9752095984561404e-05, ""fee_pct_nav"": 1.1352147973327365e-05, ""name"": ""中芯国际""}, {""ts_code"": ""02328.HK"", ""side"": ""buy"", ""current_weight"": 0.0, ""target_weight"": 0.04932856458775749, ""post_trade_weight"": 0.04933304822537431, ""diff_weight"": 0.04932856458775749, ""gross_amount"": 0.08582891491612916, ""gross_amount_pct_nav"": 0.04932856458775749, ""fee"": 2.5748674474838747e-05, ""fee_pct_nav"": 1.4798569376327244e-05, ""name"": ""中国财险""}, {""ts_code"": ""02388.HK"", ""side"": ""buy"", ""current_weight"": 0.0, ""target_weight"": 0.04642954846574691, ""post_trade_weight"": 0.046433768602127785, ""diff_weight"": 0.04642954846574691, ""gross_amount"": 0.08078479068190636, ""gross_amount_pct_nav"": 0.04642954846574691, ""fee"": 2.4235437204571907e-05, ""fee_pct_nav"": 1.3928864539724073e-05, ""name"": ""中银香港""}, {""ts_code"": ""02628.HK"", ""side"": ""sell"", ""current_weight"": 0.04488971139017038, ""target_weight"": 0.0, ""post_trade_weight"": 0.0, ""diff_weight"": -0.04488971139017038, ""gross_amount"": 0.07810556118376767, ""gross_amount_pct_nav"": 0.04488971139017038, ""fee"": 2.34316683551303e-05, ""fee_pct_nav"": 1.3466913417051112e-05, ""name"": ""中国人寿""}, {""ts_code"": ""03328.HK"", ""side"": ""buy"", ""current_weight"": 0.0, ""target_weight"": 0.04869387245774011, ""post_trade_weight"": 0.048698298406074196, ""diff_weight"": 0.04869387245774011, ""gross_amount"": 0.08472458647518527, ""gross_amount_pct_nav"": 0.04869387245774011, ""fee"": 2.541737594255558e-05, ""fee_pct_nav"": 1.4608161737322032e-05, ""name"": ""交通银行""}, {""ts_code"": ""03690.HK"", ""side"": ""sell"", ""current_weight"": 0.05308266486462923, ""target_weight"": 0.0, ""post_trade_weight"": 0.0, ""diff_weight"": -0.05308266486462923, ""gross_amount"": 0.09236083726057559, ""gross_amount_pct_nav"": 0.05308266486462923, ""fee"": 2.7708251178172675e-05, ""fee_pct_nav"": 1.5924799459388767e-05, ""name"": ""美团-W""}]"
2025-04-22,0.05550739,0.11101478,0.09317171,0.11793971,0.00006333,0.00002795,0.00003538,0.00000000,rebalance,"[{""ts_code"": ""00005.HK"", ""side"": ""sell"", ""current_weight"": 0.07824191250657676, ""target_weight"": 0.0646636911339844, ""post_trade_weight"": 0.06466584479339613, ""diff_weight"": -0.013578221372592368, ""gross_amount"": 0.0258210444663433, ""gross_amount_pct_nav"": 0.013578221372592368, ""fee"": 7.74631333990299e-06, ""fee_pct_nav"": 4.07346641177771e-06, ""name"": ""汇丰控股""}, {""ts_code"": ""00728.HK"", ""side"": ""buy"", ""current_weight"": 0.0, ""target_weight"": 0.04899515680665167, ""post_trade_weight"": 0.04899678861700359, ""diff_weight"": 0.04899515680665167, ""gross_amount"": 0.09317171136225774, ""gross_amount_pct_nav"": 0.04899515680665167, ""fee"": 2.795151340867732e-05, ""fee_pct_nav"": 1.4698547041995499e-05, ""name"": ""中国电信""}, {""ts_code"": ""02328.HK"", ""side"": ""sell"", ""current_weight"": 0.048441404488693884, ""target_weight"": 0.0, ""post_trade_weight"": 0.0, ""diff_weight"": -0.048441404488693884, ""gross_amount"": 0.09211866745960123, ""gross_amount_pct_nav"": 0.048441404488693884, ""fee"": 2.7635600237880367e-05, ""fee_pct_nav"": 1.4532421346608163e-05, ""name"": ""中国财险""}]"
2025-05-06,0.10475944,0.20951888,0.20563811,0.20500741,0.00012319,0.00006169,0.00006150,0.00000000,rebalance,"[{""ts_code"": ""00728.HK"", ""side"": ""sell"", ""current_weight"": 0.04481911071078738, ""target_weight"": 0.0, ""post_trade_weight"": 0.0, ""diff_weight"": -0.04481911071078738, ""gross_amount"": 0.08784299996718929, ""gross_amount_pct_nav"": 0.04481911071078738, ""fee"": 2.6352899990156786e-05, ""fee_pct_nav"": 1.3445733213236215e-05, ""name"": ""中国电信""}, {""ts_code"": ""00788.HK"", ""side"": ""buy"", ""current_weight"": 0.0, ""target_weight"": 0.05538048168319191, ""post_trade_weight"": 0.05538396287898251, ""diff_weight"": 0.05538048168319191, ""gross_amount"": 0.10854270808877656, ""gross_amount_pct_nav"": 0.05538048168319191, ""fee"": 3.2562812426632964e-05, ""fee_pct_nav"": 1.661414450495757e-05, ""name"": ""中国铁塔""}, {""ts_code"": ""00981.HK"", ""side"": ""buy"", ""current_weight"": 0.0, ""target_weight"": 0.04953985730521044, ""post_trade_weight"": 0.04954297136159774, ""diff_weight"": 0.04953985730521044, ""gross_amount"": 0.09709540449647425, ""gross_amount_pct_nav"": 0.04953985730521044, ""fee"": 2.912862134894227e-05, ""fee_pct_nav"": 1.486195719156313e-05, ""name"": ""中芯国际""}, {""ts_code"": ""02388.HK"", ""side"": ""sell"", ""current_weight"": 0.04713708838432483, ""target_weight"": 0.0, ""post_trade_weight"": 0.0, ""diff_weight"": -0.04713708838432483, ""gross_amount"": 0.09238610913359868, ""gross_amount_pct_nav"": 0.04713708838432483, ""fee"": 2.7715832740079602e-05, ""fee_pct_nav"": 1.4141126515297449e-05, ""name"": ""中银香港""}, {""ts_code"": ""03968.HK"", ""side"": ""sell"", ""current_weight"": 0.06416895182122453, ""target_weight"": 0.05152660816609517, ""post_trade_weight"": 0.05152984710887789, ""diff_weight"": -0.01264234365512936, ""gross_amount"": 0.02477830049884125, ""gross_amount_pct_nav"": 0.01264234365512936, ""fee"": 7.433490149652374e-06, ""fee_pct_nav"": 3.792703096538808e-06, ""name"": ""招商银行""}]"
2025-05-19,0.05765091,0.11530182,0.09654920,0.14004555,0.00007098,0.00002896,0.00004201,0.00000000,rebalance,"[{""ts_code"": ""00981.HK"", ""side"": ""sell"", ""current_weight"": 0.04278305804018767, ""target_weight"": 0.0, ""post_trade_weight"": 0.0, ""diff_weight"": -0.04278305804018767, ""gross_amount"": 0.08778913569489524, ""gross_amount_pct_nav"": 0.04278305804018767, ""fee"": 2.633674070846857e-05, ""fee_pct_nav"": 1.28349174120563e-05, ""name"": ""中芯国际""}, {""ts_code"": ""01810.HK"", ""side"": ""sell"", ""current_weight"": 0.07587158918756415, ""target_weight"": 0.06287735382741033, ""post_trade_weight"": 0.06287952886455957, ""diff_weight"": -0.012994235360153811, ""gross_amount"": 0.026663654809630455, ""gross_amount_pct_nav"": 0.012994235360153811, ""fee"": 7.999096442889135e-06, ""fee_pct_nav"": 3.898270608046143e-06, ""name"": ""小米集团-W""}, {""ts_code"": ""02388.HK"", ""side"": ""buy"", ""current_weight"": 0.0, ""target_weight"": 0.04705217580110868, ""post_trade_weight"": 0.047053803417795616, ""diff_weight"": 0.04705217580110868, ""gross_amount"": 0.09654919576491024, ""gross_amount_pct_nav"": 0.04705217580110868, ""fee"": 2.8964758729473068e-05, ""fee_pct_nav"": 1.4115652740332603e-05, ""name"": ""中银香港""}, {""ts_code"": ""03988.HK"", ""side"": ""sell"", ""current_weight"": 0.08688231313738587, ""target_weight"": 0.07440996691955569, ""post_trade_weight"": 0.07441254088987205, ""diff_weight"": -0.01247234621783018, ""gross_amount"": 0.02559275901975716, ""gross_amount_pct_nav"": 0.01247234621783018, ""fee"": 7.677827705927148e-06, ""fee_pct_nav"": 3.7417038653490543e-06, ""name"": ""中国银行""}]"
2025-06-02,0.05331978,0.10663956,0.10148353,0.11520112,0.00006501,0.00003045,0.00003456,0.00000000,rebalance,"[{""ts_code"": ""00728.HK"", ""side"": ""buy"", ""current_weight"": 0.0, ""target_weight"": 0.04994428163310987, ""post_trade_weight"": 0.04994587949511115, ""diff_weight"": 0.04994428163310987, ""gross_amount"": 0.10148352886217868, ""gross_amount_pct_nav"": 0.04994428163310987, ""fee"": 3.0445058658653602e-05, ""fee_pct_nav"": 1.4983284489932961e-05, ""name"": ""中国电信""}, {""ts_code"": ""01211.HK"", ""side"": ""sell"", ""current_weight"": 0.056695279523248265, ""target_weight"": 0.0, ""post_trade_weight"": 0.0, ""diff_weight"": -0.056695279523248265, ""gross_amount"": 0.11520111707908837, ""gross_amount_pct_nav"": 0.056695279523248265, ""fee"": 3.456033512372651e-05, ""fee_pct_nav"": 1.7008583856974477e-05, ""name"": ""比亚迪股份""}]"
2025-06-16,0.15645817,0.31291634,0.34426799,0.32797651,0.00020167,0.00010328,0.00009839,0.00000000,rebalance,"[{""ts_code"": ""00005.HK"", ""side"": ""sell"", ""current_weight"": 0.06503138972917182, ""target_weight"": 0.05262424207249295, ""post_trade_weight"": 0.0526291826319307, ""diff_weight"": -0.012407147656678866, ""gross_amount"": 0.026654525920583858, ""gross_amount_pct_nav"": 0.012407147656678866, ""fee"": 7.996357776175156e-06, ""fee_pct_nav"": 3.722144297003659e-06, ""name"": ""汇丰控股""}, {""ts_code"": ""00700.HK"", ""side"": ""buy"", ""current_weight"": 0.12358128875102734, ""target_weight"": 0.14018184311022527, ""post_trade_weight"": 0.14019500390267955, ""diff_weight"": 0.01660055435919795, ""gross_amount"": 0.03566330624147224, ""gross_amount_pct_nav"": 0.01660055435919795, ""fee"": 1.069899187244167e-05, ""fee_pct_nav"": 4.980166307759384e-06, ""name"": ""腾讯控股""}, {""ts_code"": ""00728.HK"", ""side"": ""sell"", ""current_weight"": 0.04643753141020583, ""target_weight"": 0.0, ""post_trade_weight"": 0.0, ""diff_weight"": -0.04643753141020583, ""gross_amount"": 0.09976268671187746, ""gross_amount_pct_nav"": 0.04643753141020583, ""fee"": 2.9928806013563237e-05, ""fee_pct_nav"": 1.3931259423061748e-05, ""name"": ""中国电信""}, {""ts_code"": ""01339.HK"", ""side"": ""buy"", ""current_weight"": 0.0, ""target_weight"": 0.04766917490170885, ""post_trade_weight"": 0.047673650261023784, ""diff_weight"": 0.04766917490170885, ""gross_amount"": 0.10240865130241843, ""gross_amount_pct_nav"": 0.04766917490170885, ""fee"": 3.072259539072553e-05, ""fee_pct_nav"": 1.4300752470512652e-05, ""name"": ""中国人民保险集团""}, {""ts_code"": ""02388.HK"", ""side"": ""sell"", ""current_weight"": 0.046836848365911406, ""target_weight"": 0.0, ""post_trade_weight"": 0.0, ""diff_weight"": -0.046836848365911406, ""gross_amount"": 0.10062054739355102, ""gross_amount_pct_nav"": 0.046836848365911406, ""fee"": 3.0186164218065302e-05, ""fee_pct_nav"": 1.405105450977342e-05, ""name"": ""中银香港""}, {""ts_code"": ""02628.HK"", ""side"": ""buy"", ""current_weight"": 0.0, ""target_weight"": 0.0494165209234064, ""post_trade_weight"": 0.049421160330060325, ""diff_weight"": 0.0494165209234064, ""gross_amount"": 0.10616251005515882, ""gross_amount_pct_nav"": 0.0494165209234064, ""fee"": 3.1848753016547646e-05, ""fee_pct_nav"": 1.482495627702192e-05, ""name"": ""中国人寿""}, {""ts_code"": ""03328.HK"", ""side"": ""sell"", ""current_weight"": 0.04698496564981501, ""target_weight"": 0.0, ""post_trade_weight"": 0.0, ""diff_weight"": -0.04698496564981501, ""gross_amount"": 0.10093875074635547, ""gross_amount_pct_nav"": 0.04698496564981501, ""fee"": 3.0281625223906637e-05, ""fee_pct_nav"": 1.4095489694944501e-05, ""name"": ""交通银行""}, {""ts_code"": ""09992.HK"", ""side"": ""buy"", ""current_weight"": 0.0, ""target_weight"": 0.046563601536828925, ""post_trade_weight"": 0.04656797310080721, ""diff_weight"": 0.046563601536828925, ""gross_amount"": 0.10003352571136964, ""gross_amount_pct_nav"": 0.046563601536828925, ""fee"": 3.001005771341089e-05, ""fee_pct_nav"": 1.3969080461048676e-05, ""name"": ""泡泡玛特""}]"
2025-06-30,0.14468694,0.28937388,0.31462145,0.31232571,0.00018808,0.00009439,0.00009370,0.00000000,rebalance,"[{""ts_code"": ""00388.HK"", ""side"": ""buy"", ""current_weight"": 0.0, ""target_weight"": 0.04795384449988078, ""post_trade_weight"": 0.04795800783838722, ""diff_weight"": 0.04795384449988078, ""gross_amount"": 0.10389509253883272, ""gross_amount_pct_nav"": 0.04795384449988078, ""fee"": 3.1168527761649816e-05, ""fee_pct_nav"": 1.4386153349964233e-05, ""name"": ""香港交易所""}, {""ts_code"": ""00788.HK"", ""side"": ""sell"", ""current_weight"": 0.05065873580795191, ""target_weight"": 0.0, ""post_trade_weight"": 0.0, ""diff_weight"": -0.05065873580795191, ""gross_amount"": 0.10975541376417751, ""gross_amount_pct_nav"": 0.05065873580795191, ""fee"": 3.2926624129253246e-05, ""fee_pct_nav"": 1.519762074238557e-05, ""name"": ""中国铁塔""}, {""ts_code"": ""01339.HK"", ""side"": ""sell"", ""current_weight"": 0.04873722643018831, ""target_weight"": 0.0, ""post_trade_weight"": 0.0, ""diff_weight"": -0.04873722643018831, ""gross_amount"": 0.10559233994394437, ""gross_amount_pct_nav"": 0.04873722643018831, ""fee"": 3.167770198318331e-05, ""fee_pct_nav"": 1.462116792905649e-05, ""name"": ""中国人民保险集团""}, {""ts_code"": ""01658.HK"", ""side"": ""buy"", ""current_weight"": 0.0, ""target_weight"": 0.048720635273373725, ""post_trade_weight"": 0.04872486518442689, ""diff_weight"": 0.048720635273373725, ""gross_amount"": 0.10555639413416511, ""gross_amount_pct_nav"": 0.048720635273373725, ""fee"": 3.166691824024953e-05, ""fee_pct_nav"": 1.4616190582012117e-05, ""name"": ""邮储银行""}, {""ts_code"": ""03328.HK"", ""side"": ""buy"", ""current_weight"": 0.0, ""target_weight"": 0.04854227314972721, ""post_trade_weight"": 0.04854648757543389, ""diff_weight"": 0.04854227314972721, ""gross_amount"": 0.10516996110601189, ""gross_amount_pct_nav"": 0.04854227314972721, ""fee"": 3.1550988331803565e-05, ""fee_pct_nav"": 1.4562681944918163e-05, ""name"": ""交通银行""}, {""ts_code"": ""09992.HK"", ""side"": ""sell"", ""current_weight"": 0.04476116934716642, ""target_weight"": 0.0, ""post_trade_weight"": 0.0, ""diff_weight"": -0.04476116934716642, ""gross_amount"": 0.09697795619873145, ""gross_amount_pct_nav"": 0.04476116934716642, ""fee"": 2.9093386859619433e-05, ""fee_pct_nav"": 1.3428350804149924e-05, ""name"": ""泡泡玛特""}]"
2025-07-14,0.11215935,0.22431869,0.27334031,0.22068774,0.00014821,0.00008200,0.00006621,0.00000000,rebalance,"[{""ts_code"": ""00005.HK"", ""side"": ""buy"", ""current_weight"": 0.053464058907463204, ""target_weight"": 0.0674972028948522, ""post_trade_weight"": 0.06750174546582413, ""diff_weight"": 0.014033143987388991, ""gross_amount"": 0.03090588103081761, ""gross_amount_pct_nav"": 0.014033143987388991, ""fee"": 9.271764309245281e-06, ""fee_pct_nav"": 4.209943196216697e-06, ""name"": ""汇丰控股""}, {""ts_code"": ""00981.HK"", ""side"": ""buy"", ""current_weight"": 0.0, ""target_weight"": 0.05176001683357652, ""post_trade_weight"": 0.05176350028977753, ""diff_weight"": 0.05176001683357652, ""gross_amount"": 0.11399362280107772, ""gross_amount_pct_nav"": 0.05176001683357652, ""fee"": 3.419808684032331e-05, ""fee_pct_nav"": 1.552800505007295e-05, ""name"": ""中芯国际""}, {""ts_code"": ""01658.HK"", ""side"": ""sell"", ""current_weight"": 0.05134000913958491, ""target_weight"": 0.0, ""post_trade_weight"": 0.0, ""diff_weight"": -0.05134000913958491, ""gross_amount"": 0.1130686192641513, ""gross_amount_pct_nav"": 0.05134000913958491, ""fee"": 3.392058577924538e-05, ""fee_pct_nav"": 1.5402002741875472e-05, ""name"": ""邮储银行""}, {""ts_code"": ""01810.HK"", ""side"": ""buy"", ""current_weight"": 0.06412317155850579, ""target_weight"": 0.07623505108593814, ""post_trade_weight"": 0.07624018171528654, ""diff_weight"": 0.01211187952743235, ""gross_amount"": 0.026674586113476284, ""gross_amount_pct_nav"": 0.01211187952743235, ""fee"": 8.002375834042885e-06, ""fee_pct_nav"": 3.6335638582297054e-06, ""name"": ""小米集团-W""}, {""ts_code"": ""02318.HK"", ""side"": ""buy"", ""current_weight"": 0.0, ""target_weight"": 0.0462080342306399, ""post_trade_weight"": 0.046211144037653584, ""diff_weight"": 0.0462080342306399, ""gross_amount"": 0.10176621930790983, ""gross_amount_pct_nav"": 0.0462080342306399, ""fee"": 3.052986579237295e-05, ""fee_pct_nav"": 1.3862410269191968e-05, ""name"": ""中国平安""}, {""ts_code"": ""03328.HK"", ""side"": ""sell"", ""current_weight"": 0.04886560812084998, ""target_weight"": 0.0, ""post_trade_weight"": 0.0, ""diff_weight"": -0.04886560812084998, ""gross_amount"": 0.10761912458382313, ""gross_amount_pct_nav"": 0.04886560812084998, ""fee"": 3.228573737514694e-05, ""fee_pct_nav"": 1.4659682436254996e-05, ""name"": ""交通银行""}]"
2025-07-28,0.16048898,0.32097796,0.35658507,0.37353129,0.00021903,0.00010698,0.00011206,0.00000000,rebalance,"[{""ts_code"": ""00939.HK"", ""side"": ""buy"", ""current_weight"": 0.0843870116164583, ""target_weight"": 0.09552141092534343, ""post_trade_weight"": 0.09553060989152704, ""diff_weight"": 0.01113439930888512, ""gross_amount"": 0.02532699443273867, ""gross_amount_pct_nav"": 0.01113439930888512, ""fee"": 7.5980983298216e-06, ""fee_pct_nav"": 3.3403197926655356e-06, ""name"": ""建设银行""}, {""ts_code"": ""00941.HK"", ""side"": ""sell"", ""current_weight"": 0.06434038616987653, ""target_weight"": 0.0, ""post_trade_weight"": 0.0, ""diff_weight"": -0.06434038616987653, ""gross_amount"": 0.14635262820369288, ""gross_amount_pct_nav"": 0.06434038616987653, ""fee"": 4.390578846110786e-05, ""fee_pct_nav"": 1.9302115850962957e-05, ""name"": ""中国移动""}, {""ts_code"": ""00998.HK"", ""side"": ""sell"", ""current_weight"": 0.05230936142470041, ""target_weight"": 0.0, ""post_trade_weight"": 0.0, ""diff_weight"": -0.05230936142470041, ""gross_amount"": 0.11898611400852997, ""gross_amount_pct_nav"": 0.05230936142470041, ""fee"": 3.569583420255899e-05, ""fee_pct_nav"": 1.569280842741012e-05, ""name"": ""中信银行""}, {""ts_code"": ""01339.HK"", ""side"": ""buy"", ""current_weight"": 0.0, ""target_weight"": 0.05169349465439093, ""post_trade_weight"": 0.05169847287555236, ""diff_weight"": 0.05169349465439093, ""gross_amount"": 0.117585225300462, ""gross_amount_pct_nav"": 0.05169349465439093, ""fee"": 3.5275567590138596e-05, ""fee_pct_nav"": 1.5508048396317276e-05, ""name"": ""中国人民保险集团""}, {""ts_code"": ""02318.HK"", ""side"": ""sell"", ""current_weight"": 0.047564232516993585, ""target_weight"": 0.0, ""post_trade_weight"": 0.0, ""diff_weight"": -0.047564232516993585, ""gross_amount"": 0.10819254983913505, ""gross_amount_pct_nav"": 0.047564232516993585, ""fee"": 3.245776495174051e-05, ""fee_pct_nav"": 1.4269269755098074e-05, ""name"": ""中国平安""}, {""ts_code"": ""02359.HK"", ""side"": ""buy"", ""current_weight"": 0.0, ""target_weight"": 0.047197290977748024, ""post_trade_weight"": 0.04720183620252493, ""diff_weight"": 0.047197290977748024, ""gross_amount"": 0.10735788188231077, ""gross_amount_pct_nav"": 0.047197290977748024, ""fee"": 3.2207364564693224e-05, ""fee_pct_nav"": 1.4159187293324405e-05, ""name"": ""药明康德""}, {""ts_code"": ""09992.HK"", ""side"": ""buy"", ""current_weight"": 0.0, ""target_weight"": 0.04673879841741945, ""post_trade_weight"": 0.046743299488142126, ""diff_weight"": 0.04673879841741945, ""gross_amount"": 0.10631496630143812, ""gross_amount_pct_nav"": 0.04673879841741945, ""fee"": 3.189448989043143e-05, ""fee_pct_nav"": 1.4021639525225835e-05, ""name"": ""泡泡玛特""}]"
2025-08-11,0.14037866,0.28075732,0.33204577,0.29310582,0.00018755,0.00009961,0.00008793,0.00000000,rebalance,"[{""ts_code"": ""00005.HK"", ""side"": ""sell"", ""current_weight"": 0.06907538860242717, ""target_weight"": 0.05416304652771361, ""post_trade_weight"": 0.054167608913467946, ""diff_weight"": -0.014912342074713564, ""gross_amount"": 0.033204742425642114, ""gross_amount_pct_nav"": 0.014912342074713564, ""fee"": 9.961422727692633e-06, ""fee_pct_nav"": 4.473702622414068e-06, ""name"": ""汇丰控股""}, {""ts_code"": ""00700.HK"", ""side"": ""buy"", ""current_weight"": 0.14892074225949756, ""target_weight"": 0.17881674420449042, ""post_trade_weight"": 0.17883180670593185, ""diff_weight"": 0.02989600194499286, ""gross_amount"": 0.06656828546223187, ""gross_amount_pct_nav"": 0.02989600194499286, ""fee"": 1.9970485638669558e-05, ""fee_pct_nav"": 8.968800583497856e-06, ""name"": ""腾讯控股""}, {""ts_code"": ""00939.HK"", ""side"": ""sell"", ""current_weight"": 0.09278343991603283, ""target_weight"": 0.0784788043288794, ""post_trade_weight"": 0.07848541493522158, ""diff_weight"": -0.014304635587153424, ""gross_amount"": 0.03185158560502152, ""gross_amount_pct_nav"": 0.014304635587153424, ""fee"": 9.555475681506455e-06, ""fee_pct_nav"": 4.2913906761460265e-06, ""name"": ""建设银行""}, {""ts_code"": ""00981.HK"", ""side"": ""sell"", ""current_weight"": 0.05367468948699487, ""target_weight"": 0.0, ""post_trade_weight"": 0.0, ""diff_weight"": -0.05367468948699487, ""gross_amount"": 0.11951538063320741, ""gross_amount_pct_nav"": 0.05367468948699487, ""fee"": 3.585461418996222e-05, ""fee_pct_nav"": 1.610240684609846e-05, ""name"": ""中芯国际""}, {""ts_code"": ""01378.HK"", ""side"": ""buy"", ""current_weight"": 0.0, ""target_weight"": 0.04907349183089575, ""post_trade_weight"": 0.049077625501625116, ""diff_weight"": 0.04907349183089575, ""gross_amount"": 0.10927006958449514, ""gross_amount_pct_nav"": 0.04907349183089575, ""fee"": 3.278102087534854e-05, ""fee_pct_nav"": 1.4722047549268722e-05, ""name"": ""中国宏桥""}, {""ts_code"": ""01810.HK"", ""side"": ""buy"", ""current_weight"": 0.06684911696383479, ""target_weight"": 0.08005047897769234, ""post_trade_weight"": 0.08005722197293226, ""diff_weight"": 0.013201362013857547, ""gross_amount"": 0.029394968485942252, ""gross_amount_pct_nav"": 0.013201362013857547, ""fee"": 8.818490545782676e-06, ""fee_pct_nav"": 3.960408604157264e-06, ""name"": ""小米集团-W""}, {""ts_code"": ""02359.HK"", ""side"": ""sell"", ""current_weight"": 0.048742971978697626, ""target_weight"": 0.0, ""post_trade_weight"": 0.0, ""diff_weight"": -0.048742971978697626, ""gross_amount"": 0.10853411365592175, ""gross_amount_pct_nav"": 0.048742971978697626, ""fee"": 3.256023409677652e-05, ""fee_pct_nav"": 1.4622891593609287e-05, ""name"": ""药明康德""}, {""ts_code"": ""02628.HK"", ""side"": ""buy"", ""current_weight"": 0.058370736968377746, ""target_weight"": 0.06845185509995204, ""post_trade_weight"": 0.06845762109334767, ""diff_weight"": 0.010081118131574295, ""gross_amount"": 0.02244724063090034, ""gross_amount_pct_nav"": 0.010081118131574295, ""fee"": 6.7341721892701015e-06, ""fee_pct_nav"": 3.0243354394722885e-06, ""name"": ""中国人寿""}, {""ts_code"": ""06618.HK"", ""side"": ""buy"", ""current_weight"": 0.0, ""target_weight"": 0.04687070335352463, ""post_trade_weight"": 0.04687465147393117, ""diff_weight"": 0.04687070335352463, ""gross_amount"": 0.10436520463150384, ""gross_amount_pct_nav"": 0.04687070335352463, ""fee"": 3.130956138945115e-05, ""fee_pct_nav"": 1.4061211006057389e-05, ""name"": ""京东健康""}]"
2025-08-25,0.11512712,0.23025424,0.27071336,0.27436274,0.00016352,0.00008121,0.00008231,0.00000000,rebalance,"[{""ts_code"": ""00005.HK"", ""side"": ""buy"", ""current_weight"": 0.052137246541176144, ""target_weight"": 0.06215715166475034, ""post_trade_weight"": 0.06216144554562587, ""diff_weight"": 0.010019905123574193, ""gross_amount"": 0.023719914142719276, ""gross_amount_pct_nav"": 0.010019905123574193, ""fee"": 7.115974242815782e-06, ""fee_pct_nav"": 3.0059715370722575e-06, ""name"": ""汇丰控股""}, {""ts_code"": ""00981.HK"", ""side"": ""buy"", ""current_weight"": 0.0, ""target_weight"": 0.05411917671034668, ""post_trade_weight"": 0.05412291531952764, ""diff_weight"": 0.05411917671034668, ""gross_amount"": 0.12811520760050546, ""gross_amount_pct_nav"": 0.05411917671034668, ""fee"": 3.843456228015164e-05, ""fee_pct_nav"": 1.6235753013104006e-05, ""name"": ""中芯国际""}, {""ts_code"": ""02318.HK"", ""side"": ""buy"", ""current_weight"": 0.0, ""target_weight"": 0.05021724090033426, ""post_trade_weight"": 0.0502207099597192, ""diff_weight"": 0.05021724090033426, ""gross_amount"": 0.1188782356668948, ""gross_amount_pct_nav"": 0.05021724090033426, ""fee"": 3.5663470700068434e-05, ""fee_pct_nav"": 1.5065172270100277e-05, ""name"": ""中国平安""}, {""ts_code"": ""03988.HK"", ""side"": ""sell"", ""current_weight"": 0.061440514866736545, ""target_weight"": 0.0, ""post_trade_weight"": 0.0, ""diff_weight"": -0.061440514866736545, ""gross_amount"": 0.14544685998020737, ""gross_amount_pct_nav"": 0.061440514866736545, ""fee"": 4.3634057994062206e-05, ""fee_pct_nav"": 1.843215446002096e-05, ""name"": ""中国银行""}, {""ts_code"": ""06618.HK"", ""side"": ""sell"", ""current_weight"": 0.05445739999155861, ""target_weight"": 0.0, ""post_trade_weight"": 0.0, ""diff_weight"": -0.05445739999155861, ""gross_amount"": 0.12891587657815282, ""gross_amount_pct_nav"": 0.05445739999155861, ""fee"": 3.867476297344584e-05, ""fee_pct_nav"": 1.633721999746758e-05, ""name"": ""京东健康""}]"
2025-09-08,0.18325538,0.36651077,0.39601988,0.45139517,0.00025422,0.00011881,0.00013542,0.00000000,rebalance,"[{""ts_code"": ""00981.HK"", ""side"": ""sell"", ""current_weight"": 0.055745925596342026, ""target_weight"": 0.0, ""post_trade_weight"": 0.0, ""diff_weight"": -0.055745925596342026, ""gross_amount"": 0.12889099172957427, ""gross_amount_pct_nav"": 0.055745925596342026, ""fee"": 3.866729751887228e-05, ""fee_pct_nav"": 1.6723777678902607e-05, ""name"": ""中芯国际""}, {""ts_code"": ""01288.HK"", ""side"": ""buy"", ""current_weight"": 0.0865262999630856, ""target_weight"": 0.10122795934707014, ""post_trade_weight"": 0.10123909091213638, ""diff_weight"": 0.01470165938398454, ""gross_amount"": 0.03399192744225438, ""gross_amount_pct_nav"": 0.01470165938398454, ""fee"": 1.0197578232676312e-05, ""fee_pct_nav"": 4.410497815195361e-06, ""name"": ""农业银行""}, {""ts_code"": ""01398.HK"", ""side"": ""sell"", ""current_weight"": 0.09039076346614602, ""target_weight"": 0.0, ""post_trade_weight"": 0.0, ""diff_weight"": -0.09039076346614602, ""gross_amount"": 0.20899384164336893, ""gross_amount_pct_nav"": 0.09039076346614602, ""fee"": 6.269815249301068e-05, ""fee_pct_nav"": 2.7117229039843808e-05, ""name"": ""工商银行""}, {""ts_code"": ""02318.HK"", ""side"": ""sell"", ""current_weight"": 0.049093725653597056, ""target_weight"": 0.0, ""post_trade_weight"": 0.0, ""diff_weight"": -0.049093725653597056, ""gross_amount"": 0.11351034034327676, ""gross_amount_pct_nav"": 0.049093725653597056, ""fee"": 3.4053102102983024e-05, ""fee_pct_nav"": 1.4728117696079117e-05, ""name"": ""中国平安""}, {""ts_code"": ""02359.HK"", ""side"": ""buy"", ""current_weight"": 0.0, ""target_weight"": 0.05055780191069343, ""post_trade_weight"": 0.05056336151562082, ""diff_weight"": 0.05055780191069343, ""gross_amount"": 0.11689545304391254, ""gross_amount_pct_nav"": 0.05055780191069343, ""fee"": 3.506863591317376e-05, ""fee_pct_nav"": 1.5167340573208028e-05, ""name"": ""药明康德""}, {""ts_code"": ""02899.HK"", ""side"": ""buy"", ""current_weight"": 0.0, ""target_weight"": 0.05655199952168104, ""post_trade_weight"": 0.056558218280474186, ""diff_weight"": 0.05655199952168104, ""gross_amount"": 0.13075472735747662, ""gross_amount_pct_nav"": 0.05655199952168104, ""fee"": 3.922641820724298e-05, ""fee_pct_nav"": 1.6965599856504307e-05, ""name"": ""紫金矿业""}, {""ts_code"": ""09633.HK"", ""side"": ""buy"", ""current_weight"": 0.0, ""target_weight"": 0.04946889173307815, ""post_trade_weight"": 0.049474331595648076, ""diff_weight"": 0.04946889173307815, ""gross_amount"": 0.1143777674696601, ""gross_amount_pct_nav"": 0.04946889173307815, ""fee"": 3.4313330240898025e-05, ""fee_pct_nav"": 1.4840667519923443e-05, ""name"": ""农夫山泉""}]"
2025-09-22,0.11259390,0.22518780,0.26552739,0.25950291,0.00015751,0.00007966,0.00007785,0.00000000,rebalance,"[{""ts_code"": ""00700.HK"", ""side"": ""sell"", ""current_weight"": 0.195127327723635, ""target_weight"": 0.17998783985899683, ""post_trade_weight"": 0.17999999999999997, ""diff_weight"": -0.015139487864638172, ""gross_amount"": 0.03529804862582003, ""gross_amount_pct_nav"": 0.015139487864638172, ""fee"": 1.0589414587746008e-05, ""fee_pct_nav"": 4.541846359391451e-06, ""name"": ""腾讯控股""}, {""ts_code"": ""00939.HK"", ""side"": ""buy"", ""current_weight"": 0.0704125720346225, ""target_weight"": 0.08173498316386911, ""post_trade_weight"": 0.08174050525314437, ""diff_weight"": 0.011322411129246613, ""gross_amount"": 0.026398450342245083, ""gross_amount_pct_nav"": 0.011322411129246613, ""fee"": 7.919535102673524e-06, ""fee_pct_nav"": 3.3967233387739833e-06, ""name"": ""建设银行""}, {""ts_code"": ""00981.HK"", ""side"": ""buy"", ""current_weight"": 0.0, ""target_weight"": 0.05536434131691706, ""post_trade_weight"": 0.0553680817818145, ""diff_weight"": 0.05536434131691706, ""gross_amount"": 0.12908317833561944, ""gross_amount_pct_nav"": 0.05536434131691706, ""fee"": 3.872495350068583e-05, ""fee_pct_nav"": 1.6609302395075116e-05, ""name"": ""中芯国际""}, {""ts_code"": ""02359.HK"", ""side"": ""sell"", ""current_weight"": 0.0484287281090344, ""target_weight"": 0.0, ""post_trade_weight"": 0.0, ""diff_weight"": -0.0484287281090344, ""gross_amount"": 0.11291264374088315, ""gross_amount_pct_nav"": 0.0484287281090344, ""fee"": 3.3873793122264945e-05, ""fee_pct_nav"": 1.452861843271032e-05, ""name"": ""药明康德""}, {""ts_code"": ""03968.HK"", ""side"": ""sell"", ""current_weight"": 0.04773371903623324, ""target_weight"": 0.0, ""post_trade_weight"": 0.0, ""diff_weight"": -0.04773371903623324, ""gross_amount"": 0.11129221481577911, ""gross_amount_pct_nav"": 0.04773371903623324, ""fee"": 3.338766444473373e-05, ""fee_pct_nav"": 1.432011571086997e-05, ""name"": ""招商银行""}, {""ts_code"": ""06618.HK"", ""side"": ""buy"", ""current_weight"": 0.0, ""target_weight"": 0.04719910889860378, ""post_trade_weight"": 0.04720229771302523, ""diff_weight"": 0.04719910889860378, ""gross_amount"": 0.11004575953257378, ""gross_amount_pct_nav"": 0.04719910889860378, ""fee"": 3.301372785977213e-05, ""fee_pct_nav"": 1.4159732669581132e-05, ""name"": ""京东健康""}]"
2025-10-06,0.10385953,0.20771907,0.27990472,0.21821047,0.00014943,0.00008397,0.00006546,0.00000000,rebalance,"[{""ts_code"": ""00005.HK"", ""side"": ""buy"", ""current_weight"": 0.06704288572271765, ""target_weight"": 0.08468305474111365, ""post_trade_weight"": 0.0846883321555547, ""diff_weight"": 0.017640169018396, ""gross_amount"": 0.04230153771037526, ""gross_amount_pct_nav"": 0.017640169018396, ""fee"": 1.2690461313112576e-05, ""fee_pct_nav"": 5.2920507055188e-06, ""name"": ""汇丰控股""}, {""ts_code"": ""00388.HK"", ""side"": ""sell"", ""current_weight"": 0.047007960756614287, ""target_weight"": 0.0, ""post_trade_weight"": 0.0, ""diff_weight"": -0.047007960756614287, ""gross_amount"": 0.1127261888794857, ""gross_amount_pct_nav"": 0.047007960756614287, ""fee"": 3.381785666384571e-05, ""fee_pct_nav"": 1.4102388226984285e-05, ""name"": ""香港交易所""}, {""ts_code"": ""02611.HK"", ""side"": ""buy"", ""current_weight"": 0.0, ""target_weight"": 0.04911145594504738, ""post_trade_weight"": 0.0491145165515361, ""diff_weight"": 0.04911145594504738, ""gross_amount"": 0.11777041951833625, ""gross_amount_pct_nav"": 0.04911145594504738, ""fee"": 3.533112585550087e-05, ""fee_pct_nav"": 1.4733436783514211e-05, ""name"": ""国泰海通""}, {""ts_code"": ""03993.HK"", ""side"": ""buy"", ""current_weight"": 0.0, ""target_weight"": 0.049971472424040736, ""post_trade_weight"": 0.04997458662641591, ""diff_weight"": 0.049971472424040736, ""gross_amount"": 0.11983275914103164, ""gross_amount_pct_nav"": 0.049971472424040736, ""fee"": 3.5949827742309487e-05, ""fee_pct_nav"": 1.499144172721222e-05, ""name"": ""洛阳钼业""}, {""ts_code"": ""06618.HK"", ""side"": ""sell"", ""current_weight"": 0.043988010379296366, ""target_weight"": 0.0, ""post_trade_weight"": 0.0, ""diff_weight"": -0.043988010379296366, ""gross_amount"": 0.10548427727215622, ""gross_amount_pct_nav"": 0.043988010379296366, ""fee"": 3.164528318164686e-05, ""fee_pct_nav"": 1.3196403113788908e-05, ""name"": ""京东健康""}]"
2025-10-20,0.07165792,0.14331584,0.14665730,0.18703738,0.00010011,0.00004400,0.00005611,0.00000000,rebalance,"[{""ts_code"": ""00005.HK"", ""side"": ""sell"", ""current_weight"": 0.08029509597076227, ""target_weight"": 0.06937286428605977, ""post_trade_weight"": 0.0693758470833671, ""diff_weight"": -0.0109222316847025, ""gross_amount"": 0.025431178585004793, ""gross_amount_pct_nav"": 0.0109222316847025, ""fee"": 7.629353575501438e-06, ""fee_pct_nav"": 3.2766695054107497e-06, ""name"": ""汇丰控股""}, {""ts_code"": ""01288.HK"", ""side"": ""buy"", ""current_weight"": 0.10517426883452688, ""target_weight"": 0.118896489899483, ""post_trade_weight"": 0.11890160204431906, ""diff_weight"": 0.013722221064956117, ""gross_amount"": 0.031950636514566755, ""gross_amount_pct_nav"": 0.013722221064956117, ""fee"": 9.585190954370025e-06, ""fee_pct_nav"": 4.116666319486834e-06, ""name"": ""农业银行""}, {""ts_code"": ""01810.HK"", ""side"": ""sell"", ""current_weight"": 0.07103771051260714, ""target_weight"": 0.04900910210546411, ""post_trade_weight"": 0.0490112093302313, ""diff_weight"": -0.02202860840714303, ""gross_amount"": 0.051291118019938936, ""gross_amount_pct_nav"": 0.02202860840714303, ""fee"": 1.538733540598168e-05, ""fee_pct_nav"": 6.6085825221429085e-06, ""name"": ""小米集团-W""}, {""ts_code"": ""01929.HK"", ""side"": ""buy"", ""current_weight"": 0.0, ""target_weight"": 0.04926444140408345, ""post_trade_weight"": 0.049266559607572376, ""diff_weight"": 0.04926444140408345, ""gross_amount"": 0.11470666832607808, ""gross_amount_pct_nav"": 0.04926444140408345, ""fee"": 3.441200049782342e-05, ""fee_pct_nav"": 1.4779332421225036e-05, ""name"": ""周大福""}, {""ts_code"": ""03993.HK"", ""side"": ""sell"", ""current_weight"": 0.047378335862528397, ""target_weight"": 0.0, ""post_trade_weight"": 0.0, ""diff_weight"": -0.047378335862528397, ""gross_amount"": 0.11031508533808541, ""gross_amount_pct_nav"": 0.047378335862528397, ""fee"": 3.309452560142562e-05, ""fee_pct_nav"": 1.4213500758758518e-05, ""name"": ""洛阳钼业""}]"
2025-11-03,0.21175875,0.42351749,0.46600779,0.52748559,0.00029805,0.00013980,0.00015825,0.00000000,rebalance,"[{""ts_code"": ""00939.HK"", ""side"": ""sell"", ""current_weight"": 0.08658010199506463, ""target_weight"": 0.07244597162685486, ""post_trade_weight"": 0.07245517743733533, ""diff_weight"": -0.01413413036820978, ""gross_amount"": 0.033156044947995955, ""gross_amount_pct_nav"": 0.01413413036820978, ""fee"": 9.946813484398786e-06, ""fee_pct_nav"": 4.2402391104629334e-06, ""name"": ""建设银行""}, {""ts_code"": ""01288.HK"", ""side"": ""sell"", ""current_weight"": 0.12615922146365185, ""target_weight"": 0.08762634474823325, ""post_trade_weight"": 0.08763747954986176, ""diff_weight"": -0.03853287671541859, ""gross_amount"": 0.09039097270713978, ""gross_amount_pct_nav"": 0.03853287671541859, ""fee"": 2.711729181214193e-05, ""fee_pct_nav"": 1.1559863014625577e-05, ""name"": ""农业银行""}, {""ts_code"": ""01336.HK"", ""side"": ""buy"", ""current_weight"": 0.0, ""target_weight"": 0.05009816205648192, ""post_trade_weight"": 0.05010452809968564, ""diff_weight"": 0.05009816205648192, ""gross_amount"": 0.11752098429010659, ""gross_amount_pct_nav"": 0.05009816205648192, ""fee"": 3.525629528703197e-05, ""fee_pct_nav"": 1.5029448616944574e-05, ""name"": ""新华保险""}, {""ts_code"": ""01339.HK"", ""side"": ""sell"", ""current_weight"": 0.05745902784662704, ""target_weight"": 0.0, ""post_trade_weight"": 0.0, ""diff_weight"": -0.05745902784662704, ""gross_amount"": 0.13478820842319839, ""gross_amount_pct_nav"": 0.05745902784662704, ""fee"": 4.043646252695951e-05, ""fee_pct_nav"": 1.723770835398811e-05, ""name"": ""中国人民保险集团""}, {""ts_code"": ""01530.HK"", ""side"": ""buy"", ""current_weight"": 0.0, ""target_weight"": 0.053547867493014274, ""post_trade_weight"": 0.05355467189509081, ""diff_weight"": 0.053547867493014274, ""gross_amount"": 0.12561335258807213, ""gross_amount_pct_nav"": 0.053547867493014274, ""fee"": 3.768400577642164e-05, ""fee_pct_nav"": 1.6064360247904282e-05, ""name"": ""三生制药""}, {""ts_code"": ""02611.HK"", ""side"": ""sell"", ""current_weight"": 0.04797527641383253, ""target_weight"": 0.0, ""post_trade_weight"": 0.0, ""diff_weight"": -0.04797527641383253, ""gross_amount"": 0.11254108882052394, ""gross_amount_pct_nav"": 0.04797527641383253, ""fee"": 3.376232664615718e-05, ""fee_pct_nav"": 1.4392582924149757e-05, ""name"": ""国泰海通""}, {""ts_code"": ""02628.HK"", ""side"": ""sell"", ""current_weight"": 0.07360282729873754, ""target_weight"": 0.04838604361443881, ""post_trade_weight"": 0.04839219209636833, ""diff_weight"": -0.02521678368429873, ""gross_amount"": 0.059153891431553154, ""gross_amount_pct_nav"": 0.02521678368429873, ""fee"": 1.7746167429465944e-05, ""fee_pct_nav"": 7.565035105289618e-06, ""name"": ""中国人寿""}, {""ts_code"": ""02899.HK"", ""side"": ""buy"", ""current_weight"": 0.06480761625078447, ""target_weight"": 0.07753259360996964, ""post_trade_weight"": 0.07754244578458756, ""diff_weight"": 0.012724977359185168, ""gross_amount"": 0.029850433687262867, ""gross_amount_pct_nav"": 0.012724977359185168, ""fee"": 8.95513010617886e-06, ""fee_pct_nav"": 3.817493207755551e-06, ""name"": ""紫金矿业""}, {""ts_code"": ""03993.HK"", ""side"": ""buy"", ""current_weight"": 0.0, ""target_weight"": 0.05755937220737962, ""post_trade_weight"": 0.05756668635694539, ""diff_weight"": 0.05755937220737962, ""gross_amount"": 0.13502359765824276, ""gross_amount_pct_nav"": 0.05755937220737962, ""fee"": 4.050707929747283e-05, ""fee_pct_nav"": 1.7267811662213886e-05, ""name"": ""洛阳钼业""}, {""ts_code"": ""09633.HK"", ""side"": ""buy"", ""current_weight"": 0.05014858922531353, ""target_weight"": 0.07487323188096309, ""post_trade_weight"": 0.0748827461267835, ""diff_weight"": 0.024724642655649554, ""gross_amount"": 0.0579994199754708, ""gross_amount_pct_nav"": 0.024724642655649554, ""fee"": 1.739982599264124e-05, ""fee_pct_nav"": 7.417392796694866e-06, ""name"": ""农夫山泉""}, {""ts_code"": ""09992.HK"", ""side"": ""sell"", ""current_weight"": 0.04154437387834208, ""target_weight"": 0.0, ""post_trade_weight"": 0.0, ""diff_weight"": -0.04154437387834208, ""gross_amount"": 0.09745538577631825, ""gross_amount_pct_nav"": 0.04154437387834208, ""fee"": 2.9236615732895473e-05, ""fee_pct_nav"": 1.2463312163502623e-05, ""name"": ""泡泡玛特""}]"
2025-11-17,0.29255155,0.58510311,0.74126290,0.66544105,0.00042201,0.00022238,0.00019963,0.00000000,rebalance,"[{""ts_code"": ""00700.HK"", ""side"": ""sell"", ""current_weight"": 0.1733216262452923, ""target_weight"": 0.15876832957678297, ""post_trade_weight"": 0.15879620322248805, ""diff_weight"": -0.014553296668509328, ""gross_amount"": 0.03498901232446233, ""gross_amount_pct_nav"": 0.014553296668509328, ""fee"": 1.0496703697338699e-05, ""fee_pct_nav"": 4.3659890005527975e-06, ""name"": ""腾讯控股""}, {""ts_code"": ""00857.HK"", ""side"": ""buy"", ""current_weight"": 0.0, ""target_weight"": 0.08572682077925711, ""post_trade_weight"": 0.08574187112989187, ""diff_weight"": 0.08572682077925711, ""gross_amount"": 0.2061042839367635, ""gross_amount_pct_nav"": 0.08572682077925711, ""fee"": 6.183128518102904e-05, ""fee_pct_nav"": 2.5718046233777132e-05, ""name"": ""中国石油股份""}, {""ts_code"": ""00981.HK"", ""side"": ""sell"", ""current_weight"": 0.05339794300637337, ""target_weight"": 0.0, ""post_trade_weight"": 0.0, ""diff_weight"": -0.05339794300637337, ""gross_amount"": 0.1283792482560796, ""gross_amount_pct_nav"": 0.05339794300637337, ""fee"": 3.8513774476823875e-05, ""fee_pct_nav"": 1.601938290191201e-05, ""name"": ""中芯国际""}, {""ts_code"": ""01288.HK"", ""side"": ""buy"", ""current_weight"": 0.08592306775494132, ""target_weight"": 0.1007774470222407, ""post_trade_weight"": 0.10079513968714969, ""diff_weight"": 0.014854379267299373, ""gross_amount"": 0.035712874621761675, ""gross_amount_pct_nav"": 0.014854379267299373, ""fee"": 1.0713862386528502e-05, ""fee_pct_nav"": 4.456313780189811e-06, ""name"": ""农业银行""}, {""ts_code"": ""01339.HK"", ""side"": ""buy"", ""current_weight"": 0.0, ""target_weight"": 0.045735778685966254, ""post_trade_weight"": 0.04574380813928693, ""diff_weight"": 0.045735778685966254, ""gross_amount"": 0.10995788518314223, ""gross_amount_pct_nav"": 0.045735778685966254, ""fee"": 3.298736555494267e-05, ""fee_pct_nav"": 1.3720733605789876e-05, ""name"": ""中国人民保险集团""}, {""ts_code"": ""01378.HK"", ""side"": ""sell"", ""current_weight"": 0.06612725067277934, ""target_weight"": 0.05006822598588185, ""post_trade_weight"": 0.050077016051230105, ""diff_weight"": -0.01605902468689749, ""gross_amount"": 0.03860908119220348, ""gross_amount_pct_nav"": 0.01605902468689749, ""fee"": 1.1582724357661043e-05, ""fee_pct_nav"": 4.817707406069246e-06, ""name"": ""中国宏桥""}, {""ts_code"": ""01398.HK"", ""side"": ""buy"", ""current_weight"": 0.0, ""target_weight"": 0.09461186030955973, ""post_trade_weight"": 0.09462847053327877, ""diff_weight"": 0.09461186030955973, ""gross_amount"": 0.2274656816125065, ""gross_amount_pct_nav"": 0.09461186030955973, ""fee"": 6.823970448375194e-05, ""fee_pct_nav"": 2.838355809286792e-05, ""name"": ""工商银行""}, {""ts_code"": ""01530.HK"", ""side"": ""sell"", ""current_weight"": 0.05441762794979112, ""target_weight"": 0.0, ""post_trade_weight"": 0.0, ""diff_weight"": -0.05441762794979112, ""gross_amount"": 0.13083077314868433, ""gross_amount_pct_nav"": 0.05441762794979112, ""fee"": 3.9249231944605297e-05, ""fee_pct_nav"": 1.6325288384937333e-05, ""name"": ""三生制药""}, {""ts_code"": ""01810.HK"", ""side"": ""sell"", ""current_weight"": 0.04224812596936859, ""target_weight"": 0.0, ""post_trade_weight"": 0.0, ""diff_weight"": -0.04224812596936859, ""gross_amount"": 0.10157287615982384, ""gross_amount_pct_nav"": 0.04224812596936859, ""fee"": 3.0471862847947148e-05, ""fee_pct_nav"": 1.2674437790810576e-05, ""name"": ""小米集团-W""}, {""ts_code"": ""01929.HK"", ""side"": ""sell"", ""current_weight"": 0.04308252282880614, ""target_weight"": 0.0, ""post_trade_weight"": 0.0, ""diff_weight"": -0.04308252282880614, ""gross_amount"": 0.10357893174044876, ""gross_amount_pct_nav"": 0.04308252282880614, ""fee"": 3.1073679522134625e-05, ""fee_pct_nav"": 1.2924756848641842e-05, ""name"": ""周大福""}, {""ts_code"": ""02628.HK"", ""side"": ""buy"", ""current_weight"": 0.051820727479724195, ""target_weight"": 0.0682556242397859, ""post_trade_weight"": 0.06826760731659039, ""diff_weight"": 0.016434896760061702, ""gross_amount"": 0.03951275222289312, ""gross_amount_pct_nav"": 0.016434896760061702, ""fee"": 1.1853825666867935e-05, ""fee_pct_nav"": 4.9304690280185106e-06, ""name"": ""中国人寿""}, {""ts_code"": ""02899.HK"", ""side"": ""sell"", ""current_weight"": 0.07660374400374856, ""target_weight"": 0.05448909843115269, ""post_trade_weight"": 0.05449866463260174, ""diff_weight"": -0.022114645572595865, ""gross_amount"": 0.05316799513645379, ""gross_amount_pct_nav"": 0.022114645572595865, ""fee"": 1.5950398540936135e-05, ""fee_pct_nav"": 6.634393671778759e-06, ""name"": ""紫金矿业""}, {""ts_code"": ""03993.HK"", ""side"": ""sell"", ""current_weight"": 0.05685195725906808, ""target_weight"": 0.045618398178433654, ""post_trade_weight"": 0.04562640702422707, ""diff_weight"": -0.011233559080634427, ""gross_amount"": 0.027007704582177897, ""gross_amount_pct_nav"": 0.011233559080634427, ""fee"": 8.102311374653368e-06, ""fee_pct_nav"": 3.3700677241903274e-06, ""name"": ""洛阳钼业""}, {""ts_code"": ""06618.HK"", ""side"": ""buy"", ""current_weight"": 0.0, ""target_weight"": 0.05095645334089531, ""post_trade_weight"": 0.05096539934499196, ""diff_weight"": 0.05095645334089531, ""gross_amount"": 0.12250942274909986, ""gross_amount_pct_nav"": 0.05095645334089531, ""fee"": 3.6752826824729956e-05, ""fee_pct_nav"": 1.528693600226859e-05, ""name"": ""京东健康""}, {""ts_code"": ""09633.HK"", ""side"": ""sell"", ""current_weight"": 0.07522010314815313, ""target_weight"": 0.05554392812562084, ""post_trade_weight"": 0.05555367951481646, ""diff_weight"": -0.019676175022532282, ""gross_amount"": 0.04730542818187303, ""gross_amount_pct_nav"": 0.019676175022532282, ""fee"": 1.4191628454561906e-05, ""fee_pct_nav"": 5.9028525067596845e-06, ""name"": ""农夫山泉""}]"
2025-12-01,0.11293360,0.22586720,0.24046306,0.28822268,0.00015861,0.00007214,0.00008647,0.00000000,rebalance,"[{""ts_code"": ""00005.HK"", ""side"": ""sell"", ""current_weight"": 0.07468559349807077, ""target_weight"": 0.05723472660029739, ""post_trade_weight"": 0.05723860509734378, ""diff_weight"": -0.01745086689777339, ""gross_amount"": 0.04084711937594587, ""gross_amount_pct_nav"": 0.01745086689777339, ""fee"": 1.225413581278376e-05, ""fee_pct_nav"": 5.235260069332016e-06, ""name"": ""汇丰控股""}, {""ts_code"": ""01339.HK"", ""side"": ""sell"", ""current_weight"": 0.04234871183068434, ""target_weight"": 0.0, ""post_trade_weight"": 0.0, ""diff_weight"": -0.04234871183068434, ""gross_amount"": 0.09912532699370986, ""gross_amount_pct_nav"": 0.04234871183068434, ""fee"": 2.9737598098112957e-05, ""fee_pct_nav"": 1.27046135492053e-05, ""name"": ""中国人民保险集团""}, {""ts_code"": ""01398.HK"", ""side"": ""sell"", ""current_weight"": 0.09643240178028444, ""target_weight"": 0.08098574434917633, ""post_trade_weight"": 0.08099123232804711, ""diff_weight"": -0.015446657431108115, ""gross_amount"": 0.03615588060718747, ""gross_amount_pct_nav"": 0.015446657431108115, ""fee"": 1.084676418215624e-05, ""fee_pct_nav"": 4.633997229332434e-06, ""name"": ""工商银行""}, {""ts_code"": ""02400.HK"", ""side"": ""buy"", ""current_weight"": 0.0, ""target_weight"": 0.04514447119270265, ""post_trade_weight"": 0.04514753039659131, ""diff_weight"": 0.04514447119270265, ""gross_amount"": 0.10566934094303128, ""gross_amount_pct_nav"": 0.04514447119270265, ""fee"": 3.170080228290938e-05, ""fee_pct_nav"": 1.3543341357810795e-05, ""name"": ""心动公司""}, {""ts_code"": ""02899.HK"", ""side"": ""buy"", ""current_weight"": 0.056315936420308396, ""target_weight"": 0.06841226356816647, ""post_trade_weight"": 0.068416899508232, ""diff_weight"": 0.012096327147858082, ""gross_amount"": 0.02831378646765667, ""gross_amount_pct_nav"": 0.012096327147858082, ""fee"": 8.494135940297e-06, ""fee_pct_nav"": 3.628898144357424e-06, ""name"": ""紫金矿业""}, {""ts_code"": ""06618.HK"", ""side"": ""sell"", ""current_weight"": 0.04788939161514035, ""target_weight"": 0.0, ""post_trade_weight"": 0.0, ""diff_weight"": -0.04788939161514035, ""gross_amount"": 0.11209435654996887, ""gross_amount_pct_nav"": 0.04788939161514035, ""fee"": 3.3628306964990655e-05, ""fee_pct_nav"": 1.4366817484542103e-05, ""name"": ""京东健康""}, {""ts_code"": ""09995.HK"", ""side"": ""buy"", ""current_weight"": 0.0, ""target_weight"": 0.0454907742819607, ""post_trade_weight"": 0.04549385695299227, ""diff_weight"": 0.0454907742819607, ""gross_amount"": 0.10647993010803071, ""gross_amount_pct_nav"": 0.0454907742819607, ""fee"": 3.194397903240921e-05, ""fee_pct_nav"": 1.3647232284588208e-05, ""name"": ""荣昌生物""}]"
2025-12-15,0.16959048,0.33918096,0.42574993,0.34660157,0.00023171,0.00012772,0.00010398,0.00000000,rebalance,"[{""ts_code"": ""00005.HK"", ""side"": ""buy"", ""current_weight"": 0.06186775506012443, ""target_weight"": 0.07969976902950755, ""post_trade_weight"": 0.07970787964793623, ""diff_weight"": 0.017832013969383116, ""gross_amount"": 0.04060541275213156, ""gross_amount_pct_nav"": 0.017832013969383116, ""fee"": 1.2181623825639467e-05, ""fee_pct_nav"": 5.349604190814934e-06, ""name"": ""汇丰控股""}, {""ts_code"": ""00700.HK"", ""side"": ""buy"", ""current_weight"": 0.15880696530561683, ""target_weight"": 0.16910650942579572, ""post_trade_weight"": 0.16912371848911498, ""diff_weight"": 0.0102995441201789, ""gross_amount"": 0.023453169163994425, ""gross_amount_pct_nav"": 0.0102995441201789, ""fee"": 7.035950749198327e-06, ""fee_pct_nav"": 3.08986323605367e-06, ""name"": ""腾讯控股""}, {""ts_code"": ""01288.HK"", ""side"": ""sell"", ""current_weight"": 0.09588457653642654, ""target_weight"": 0.08543085831593046, ""post_trade_weight"": 0.08543955215660619, ""diff_weight"": -0.010453718220496091, ""gross_amount"": 0.023804240164152723, ""gross_amount_pct_nav"": 0.010453718220496091, ""fee"": 7.141272049245816e-06, ""fee_pct_nav"": 3.136115466148827e-06, ""name"": ""农业银行""}, {""ts_code"": ""01336.HK"", ""side"": ""sell"", ""current_weight"": 0.05392775956679439, ""target_weight"": 0.04049056474027265, ""post_trade_weight"": 0.0404946852480805, ""diff_weight"": -0.013437194826521743, ""gross_amount"": 0.030597937120200536, ""gross_amount_pct_nav"": 0.013437194826521743, ""fee"": 9.17938113606016e-06, ""fee_pct_nav"": 4.031158447956522e-06, ""name"": ""新华保险""}, {""ts_code"": ""02318.HK"", ""side"": ""buy"", ""current_weight"": 0.0, ""target_weight"": 0.06364250394626443, ""post_trade_weight"": 0.0636489805028673, ""diff_weight"": 0.06364250394626443, ""gross_amount"": 0.14492082306318585, ""gross_amount_pct_nav"": 0.06364250394626443, ""fee"": 4.347624691895575e-05, ""fee_pct_nav"": 1.9092751183879327e-05, ""name"": ""中国平安""}, {""ts_code"": ""02400.HK"", ""side"": ""sell"", ""current_weight"": 0.039537248649119006, ""target_weight"": 0.0, ""post_trade_weight"": 0.0, ""diff_weight"": -0.039537248649119006, ""gross_amount"": 0.09003056543347199, ""gross_amount_pct_nav"": 0.039537248649119006, ""fee"": 2.7009169630041593e-05, ""fee_pct_nav"": 1.1861174594735701e-05, ""name"": ""心动公司""}, {""ts_code"": ""03692.HK"", ""side"": ""buy"", ""current_weight"": 0.0, ""target_weight"": 0.049508817269186906, ""post_trade_weight"": 0.04951385551623097, ""diff_weight"": 0.049508817269186906, ""gross_amount"": 0.11273689912630427, ""gross_amount_pct_nav"": 0.049508817269186906, ""fee"": 3.382106973789128e-05, ""fee_pct_nav"": 1.4852645180756069e-05, ""name"": ""翰森制药""}, {""ts_code"": ""03968.HK"", ""side"": ""buy"", ""current_weight"": 0.0, ""target_weight"": 0.0456867437374676, ""post_trade_weight"": 0.04569139303256865, ""diff_weight"": 0.0456867437374676, ""gross_amount"": 0.10403362682117225, ""gross_amount_pct_nav"": 0.0456867437374676, ""fee"": 3.121008804635167e-05, ""fee_pct_nav"": 1.370602312124028e-05, ""name"": ""招商银行""}, {""ts_code"": ""09633.HK"", ""side"": ""sell"", ""current_weight"": 0.04913678537497, ""target_weight"": 0.0, ""post_trade_weight"": 0.0, ""diff_weight"": -0.04913678537497, ""gross_amount"": 0.11188974250969484, ""gross_amount_pct_nav"": 0.04913678537497, ""fee"": 3.356692275290845e-05, ""fee_pct_nav"": 1.4741035612490999e-05, ""name"": ""农夫山泉""}, {""ts_code"": ""09995.HK"", ""side"": ""sell"", ""current_weight"": 0.03964638516553436, ""target_weight"": 0.0, ""post_trade_weight"": 0.0, ""diff_weight"": -0.03964638516553436, ""gross_amount"": 0.09027908101353961, ""gross_amount_pct_nav"": 0.03964638516553436, ""fee"": 2.7083724304061882e-05, ""fee_pct_nav"": 1.1893915549660307e-05, ""name"": ""荣昌生物""}]"
2025-12-29,0.06479702,0.12959403,0.13793132,0.16018777,0.00008944,0.00004138,0.00004806,0.00000000,rebalance,"[{""ts_code"": ""00700.HK"", ""side"": ""sell"", ""current_weight"": 0.16558927815663793, ""target_weight"": 0.15494377287291528, ""post_trade_weight"": 0.1549497970435791, ""diff_weight"": -0.010645505283722658, ""gross_amount"": 0.024489000592636256, ""gross_amount_pct_nav"": 0.010645505283722658, ""fee"": 7.346700177790876e-06, ""fee_pct_nav"": 3.193651585116797e-06, ""name"": ""腾讯控股""}, {""ts_code"": ""02388.HK"", ""side"": ""buy"", ""current_weight"": 0.0, ""target_weight"": 0.059959513891460536, ""post_trade_weight"": 0.05996184510063342, ""diff_weight"": 0.059959513891460536, ""gross_amount"": 0.13793131768647132, ""gross_amount_pct_nav"": 0.059959513891460536, ""fee"": 4.1379395305941394e-05, ""fee_pct_nav"": 1.7987854167438158e-05, ""name"": ""中银香港""}, {""ts_code"": ""02899.HK"", ""side"": ""sell"", ""current_weight"": 0.07348712842729455, ""target_weight"": 0.05985520421311386, ""post_trade_weight"": 0.05985753136675555, ""diff_weight"": -0.01363192421418069, ""gross_amount"": 0.031358981209683334, ""gross_amount_pct_nav"": 0.01363192421418069, ""fee"": 9.407694362905e-06, ""fee_pct_nav"": 4.089577264254207e-06, ""name"": ""紫金矿业""}, {""ts_code"": ""03692.HK"", ""side"": ""sell"", ""current_weight"": 0.04535708811348332, ""target_weight"": 0.0, ""post_trade_weight"": 0.0, ""diff_weight"": -0.04535708811348332, ""gross_amount"": 0.10433978736450607, ""gross_amount_pct_nav"": 0.04535708811348332, ""fee"": 3.130193620935182e-05, ""fee_pct_nav"": 1.3607126434044997e-05, ""name"": ""翰森制药""}]"
2026-01-12,0.16950190,0.33900379,0.40713001,0.40937865,0.00024495,0.00012214,0.00012281,0.00000000,rebalance,"[{""ts_code"": ""00700.HK"", ""side"": ""buy"", ""current_weight"": 0.15456112335510644, ""target_weight"": 0.17998169379520265, ""post_trade_weight"": 0.17999999999999997, ""diff_weight"": 0.025420570440096216, ""gross_amount"": 0.06122679604959269, ""gross_amount_pct_nav"": 0.025420570440096216, ""fee"": 1.8368038814877806e-05, ""fee_pct_nav"": 7.626171132028865e-06, ""name"": ""腾讯控股""}, {""ts_code"": ""00939.HK"", ""side"": ""sell"", ""current_weight"": 0.06860383985851427, ""target_weight"": 0.0, ""post_trade_weight"": 0.0, ""diff_weight"": -0.06860383985851427, ""gross_amount"": 0.16523599740353712, ""gross_amount_pct_nav"": 0.06860383985851427, ""fee"": 4.957079922106113e-05, ""fee_pct_nav"": 2.058115195755428e-05, ""name"": ""建设银行""}, {""ts_code"": ""00981.HK"", ""side"": ""buy"", ""current_weight"": 0.0, ""target_weight"": 0.05328730272860731, ""post_trade_weight"": 0.053292722659136225, ""diff_weight"": 0.05328730272860731, ""gross_amount"": 0.1283453030247969, ""gross_amount_pct_nav"": 0.05328730272860731, ""fee"": 3.850359090743907e-05, ""fee_pct_nav"": 1.5986190818582194e-05, ""name"": ""中芯国际""}, {""ts_code"": ""01299.HK"", ""side"": ""buy"", ""current_weight"": 0.0, ""target_weight"": 0.04470634866286556, ""post_trade_weight"": 0.044710895811840026, ""diff_weight"": 0.04470634866286556, ""gross_amount"": 0.10767761872824795, ""gross_amount_pct_nav"": 0.04470634866286556, ""fee"": 3.230328561847438e-05, ""fee_pct_nav"": 1.3411904598859667e-05, ""name"": ""友邦保险""}, {""ts_code"": ""01336.HK"", ""side"": ""sell"", ""current_weight"": 0.04571908397112006, ""target_weight"": 0.0, ""post_trade_weight"": 0.0, ""diff_weight"": -0.04571908397112006, ""gross_amount"": 0.11011684558654518, ""gross_amount_pct_nav"": 0.04571908397112006, ""fee"": 3.3035053675963554e-05, ""fee_pct_nav"": 1.3715725191336017e-05, ""name"": ""新华保险""}, {""ts_code"": ""02388.HK"", ""side"": ""sell"", ""current_weight"": 0.05764481421537775, ""target_weight"": 0.04493661443629235, ""post_trade_weight"": 0.04494118500593986, ""diff_weight"": -0.012708199779085409, ""gross_amount"": 0.03060837512931107, ""gross_amount_pct_nav"": 0.012708199779085409, ""fee"": 9.18251253879332e-06, ""fee_pct_nav"": 3.812459933725622e-06, ""name"": ""中银香港""}, {""ts_code"": ""02600.HK"", ""side"": ""buy"", ""current_weight"": 0.0, ""target_weight"": 0.045620871161040404, ""post_trade_weight"": 0.04562551132745342, ""diff_weight"": 0.045620871161040404, ""gross_amount"": 0.10988029480943438, ""gross_amount_pct_nav"": 0.045620871161040404, ""fee"": 3.2964088442830314e-05, ""fee_pct_nav"": 1.368626134831212e-05, ""name"": ""中国铝业""}, {""ts_code"": ""03968.HK"", ""side"": ""sell"", ""current_weight"": 0.04293757594178948, ""target_weight"": 0.0, ""post_trade_weight"": 0.0, ""diff_weight"": -0.04293757594178948, ""gross_amount"": 0.10341743554681189, ""gross_amount_pct_nav"": 0.04293757594178948, ""fee"": 3.1025230664043566e-05, ""fee_pct_nav"": 1.2881272782536843e-05, ""name"": ""招商银行""}]"
2026-01-26,0.16126603,0.32253205,0.37535918,0.40825024,0.00023508,0.00011261,0.00012248,0.00000000,rebalance,"[{""ts_code"": ""01288.HK"", ""side"": ""sell"", ""current_weight"": 0.07889926741658529, ""target_weight"": 0.0, ""post_trade_weight"": 0.0, ""diff_weight"": -0.07889926741658529, ""gross_amount"": 0.19169012575370842, ""gross_amount_pct_nav"": 0.07889926741658529, ""fee"": 5.750703772611252e-05, ""fee_pct_nav"": 2.3669780224975583e-05, ""name"": ""农业银行""}, {""ts_code"": ""01299.HK"", ""side"": ""sell"", ""current_weight"": 0.043975708980656183, ""target_weight"": 0.0, ""post_trade_weight"": 0.0, ""diff_weight"": -0.043975708980656183, ""gross_amount"": 0.1068414126090919, ""gross_amount_pct_nav"": 0.043975708980656183, ""fee"": 3.205242378272757e-05, ""fee_pct_nav"": 1.3192712694196854e-05, ""name"": ""友邦保险""}, {""ts_code"": ""01347.HK"", ""side"": ""buy"", ""current_weight"": 0.0, ""target_weight"": 0.046447133792312224, ""post_trade_weight"": 0.0464516284340438, ""diff_weight"": 0.046447133792312224, ""gross_amount"": 0.11284587562185741, ""gross_amount_pct_nav"": 0.046447133792312224, ""fee"": 3.385376268655722e-05, ""fee_pct_nav"": 1.3934140137693668e-05, ""name"": ""华虹半导体""}, {""ts_code"": ""01398.HK"", ""side"": ""buy"", ""current_weight"": 0.07536649300500566, ""target_weight"": 0.08779577603588387, ""post_trade_weight"": 0.08780427194352355, ""diff_weight"": 0.012429283030878225, ""gross_amount"": 0.03019762927122749, ""gross_amount_pct_nav"": 0.012429283030878225, ""fee"": 9.059288781368246e-06, ""fee_pct_nav"": 3.7287849092634675e-06, ""name"": ""工商银行""}, {""ts_code"": ""01787.HK"", ""side"": ""buy"", ""current_weight"": 0.0, ""target_weight"": 0.04618311921769578, ""post_trade_weight"": 0.04618758831100644, ""diff_weight"": 0.04618311921769578, ""gross_amount"": 0.11220443763813287, ""gross_amount_pct_nav"": 0.04618311921769578, ""fee"": 3.366133129143986e-05, ""fee_pct_nav"": 1.3854935765308734e-05, ""name"": ""山东黄金""}, {""ts_code"": ""02600.HK"", ""side"": ""sell"", ""current_weight"": 0.045159997169135505, ""target_weight"": 0.0, ""post_trade_weight"": 0.0, ""diff_weight"": -0.045159997169135505, ""gross_amount"": 0.109718706140597, ""gross_amount_pct_nav"": 0.045159997169135505, ""fee"": 3.29156118421791e-05, ""fee_pct_nav"": 1.354799915074065e-05, ""name"": ""中国铝业""}, {""ts_code"": ""09988.HK"", ""side"": ""buy"", ""current_weight"": 0.0, ""target_weight"": 0.04943754384978651, ""post_trade_weight"": 0.04944232787044724, ""diff_weight"": 0.04943754384978651, ""gross_amount"": 0.12011124193946536, ""gross_amount_pct_nav"": 0.04943754384978651, ""fee"": 3.6033372581839606e-05, ""fee_pct_nav"": 1.4831263154935953e-05, ""name"": ""阿里巴巴-W""}]"
2026-02-09,0.15055778,0.30111556,0.38356022,0.34284553,0.00021792,0.00011507,0.00010285,0.00000000,rebalance,"[{""ts_code"": ""00016.HK"", ""side"": ""buy"", ""current_weight"": 0.0, ""target_weight"": 0.05378495514108077, ""post_trade_weight"": 0.05378981422611506, ""diff_weight"": 0.05378495514108077, ""gross_amount"": 0.12974985522117405, ""gross_amount_pct_nav"": 0.05378495514108077, ""fee"": 3.892495656635221e-05, ""fee_pct_nav"": 1.613548654232423e-05, ""name"": ""新鸿基地产""}, {""ts_code"": ""00883.HK"", ""side"": ""buy"", ""current_weight"": 0.0, ""target_weight"": 0.05221791496815733, ""post_trade_weight"": 0.052222632482348395, ""diff_weight"": 0.05221791496815733, ""gross_amount"": 0.125969555785593, ""gross_amount_pct_nav"": 0.05221791496815733, ""fee"": 3.7790866735677894e-05, ""fee_pct_nav"": 1.5665374490447197e-05, ""name"": ""中国海洋石油""}, {""ts_code"": ""01299.HK"", ""side"": ""buy"", ""current_weight"": 0.0, ""target_weight"": 0.05299360041887463, ""post_trade_weight"": 0.05299838801068415, ""diff_weight"": 0.05299360041887463, ""gross_amount"": 0.12784080536949138, ""gross_amount_pct_nav"": 0.05299360041887463, ""fee"": 3.835224161084741e-05, ""fee_pct_nav"": 1.5898080125662387e-05, ""name"": ""友邦保险""}, {""ts_code"": ""01347.HK"", ""side"": ""sell"", ""current_weight"": 0.04311800889144239, ""target_weight"": 0.0, ""post_trade_weight"": 0.0, ""diff_weight"": -0.04311800889144239, ""gross_amount"": 0.10401710657590273, ""gross_amount_pct_nav"": 0.04311800889144239, ""fee"": 3.1205131972770816e-05, ""fee_pct_nav"": 1.2935402667432716e-05, ""name"": ""华虹半导体""}, {""ts_code"": ""01787.HK"", ""side"": ""sell"", ""current_weight"": 0.0370590358893973, ""target_weight"": 0.0, ""post_trade_weight"": 0.0, ""diff_weight"": -0.0370590358893973, ""gross_amount"": 0.08940054944124978, ""gross_amount_pct_nav"": 0.0370590358893973, ""fee"": 2.6820164832374933e-05, ""fee_pct_nav"": 1.111771076681919e-05, ""name"": ""山东黄金""}, {""ts_code"": ""02628.HK"", ""side"": ""sell"", ""current_weight"": 0.0883455796746255, ""target_weight"": 0.07399287255549081, ""post_trade_weight"": 0.0739995572809635, ""diff_weight"": -0.014352707119134703, ""gross_amount"": 0.034624211656490766, ""gross_amount_pct_nav"": 0.014352707119134703, ""fee"": 1.0387263496947229e-05, ""fee_pct_nav"": 4.30581213574041e-06, ""name"": ""中国人寿""}, {""ts_code"": ""09988.HK"", ""side"": ""sell"", ""current_weight"": 0.047589339084079633, ""target_weight"": 0.0, ""post_trade_weight"": 0.0, ""diff_weight"": -0.047589339084079633, ""gross_amount"": 0.11480366284649868, ""gross_amount_pct_nav"": 0.047589339084079633, ""fee"": 3.44410988539496e-05, ""fee_pct_nav"": 1.427680172522389e-05, ""name"": ""阿里巴巴-W""}]"
2026-02-23,0.14641076,0.29282153,0.34482152,0.37435083,0.00021575,0.00010345,0.00011231,0.00000000,rebalance,"[{""ts_code"": ""00700.HK"", ""side"": ""sell"", ""current_weight"": 0.15242241031027723, ""target_weight"": 0.0, ""post_trade_weight"": 0.0, ""diff_weight"": -0.15242241031027723, ""gross_amount"": 0.3743508343548655, ""gross_amount_pct_nav"": 0.15242241031027723, ""fee"": 0.00011230525030645964, ""fee_pct_nav"": 4.572672309308317e-05, ""name"": ""腾讯控股""}, {""ts_code"": ""00857.HK"", ""side"": ""buy"", ""current_weight"": 0.09074562694798557, ""target_weight"": 0.1100166377987652, ""post_trade_weight"": 0.11002630321989881, ""diff_weight"": 0.019271010850779608, ""gross_amount"": 0.04732977897518914, ""gross_amount_pct_nav"": 0.019271010850779608, ""fee"": 1.419893369255674e-05, ""fee_pct_nav"": 5.7813032552338815e-06, ""name"": ""中国石油股份""}, {""ts_code"": ""00883.HK"", ""side"": ""buy"", ""current_weight"": 0.05522260441938172, ""target_weight"": 0.07327928020459182, ""post_trade_weight"": 0.07328571809542105, ""diff_weight"": 0.018056675785210096, ""gross_amount"": 0.04434736094324135, ""gross_amount_pct_nav"": 0.018056675785210096, ""fee"": 1.3304208282972404e-05, ""fee_pct_nav"": 5.417002735563029e-06, ""name"": ""中国海洋石油""}, {""ts_code"": ""01088.HK"", ""side"": ""buy"", ""current_weight"": 0.0, ""target_weight"": 0.05071564891237454, ""post_trade_weight"": 0.050720104493953935, ""diff_weight"": 0.05071564891237454, ""gross_amount"": 0.12455809776625558, ""gross_amount_pct_nav"": 0.05071564891237454, ""fee"": 3.736742932987667e-05, ""fee_pct_nav"": 1.5214694673712361e-05, ""name"": ""中国神华""}, {""ts_code"": ""01398.HK"", ""side"": ""buy"", ""current_weight"": 0.0913039702479599, ""target_weight"": 0.10728619044221739, ""post_trade_weight"": 0.10729561598214657, ""diff_weight"": 0.015982220194257494, ""gross_amount"": 0.03925247903103174, ""gross_amount_pct_nav"": 0.015982220194257494, ""fee"": 1.1775743709309521e-05, ""fee_pct_nav"": 4.794666058277248e-06, ""name"": ""工商银行""}, {""ts_code"": ""02318.HK"", ""side"": ""buy"", ""current_weight"": 0.0658342170205543, ""target_weight"": 0.07737191587315405, ""post_trade_weight"": 0.07737871331912033, ""diff_weight"": 0.011537698852599752, ""gross_amount"": 0.028336693949489844, ""gross_amount_pct_nav"": 0.011537698852599752, ""fee"": 8.501008184846952e-06, ""fee_pct_nav"": 3.4613096557799253e-06, ""name"": ""中国平安""}, {""ts_code"": ""02388.HK"", ""side"": ""buy"", ""current_weight"": 0.049218887444801414, ""target_weight"": 0.06325373287757369, ""post_trade_weight"": 0.06325928998219685, ""diff_weight"": 0.014034845432772279, ""gross_amount"": 0.03446970879875676, ""gross_amount_pct_nav"": 0.014034845432772279, ""fee"": 1.0340912639627026e-05, ""fee_pct_nav"": 4.210453629831683e-06, ""name"": ""中银香港""}, {""ts_code"": ""02628.HK"", ""side"": ""buy"", ""current_weight"": 0.07172439110606788, ""target_weight"": 0.08252541073457241, ""post_trade_weight"": 0.0825326609365867, ""diff_weight"": 0.010801019628504526, ""gross_amount"": 0.02652740303465284, ""gross_amount_pct_nav"": 0.010801019628504526, ""fee"": 7.95822091039585e-06, ""fee_pct_nav"": 3.2403058885513574e-06, ""name"": ""中国人寿""}]"
2026-03-09,0.05908391,0.11816783,0.14914749,0.12750539,0.00008300,0.00004474,0.00003825,0.00000000,rebalance,"[{""ts_code"": ""00981.HK"", ""side"": ""sell"", ""current_weight"": 0.04430060312625648, ""target_weight"": 0.0, ""post_trade_weight"": 0.0, ""diff_weight"": -0.04430060312625648, ""gross_amount"": 0.10371595868604107, ""gross_amount_pct_nav"": 0.04430060312625648, ""fee"": 3.1114787605812316e-05, ""fee_pct_nav"": 1.3290180937876942e-05, ""name"": ""中芯国际""}, {""ts_code"": ""01088.HK"", ""side"": ""buy"", ""current_weight"": 0.05631978378860755, ""target_weight"": 0.07519144811558834, ""post_trade_weight"": 0.0751941137731405, ""diff_weight"": 0.018871664326980793, ""gross_amount"": 0.04418207923932099, ""gross_amount_pct_nav"": 0.018871664326980793, ""fee"": 1.3254623771796297e-05, ""fee_pct_nav"": 5.661499298094238e-06, ""name"": ""中国神华""}, {""ts_code"": ""01171.HK"", ""side"": ""buy"", ""current_weight"": 0.0, ""target_weight"": 0.04483428845356341, ""post_trade_weight"": 0.0448358779010685, ""diff_weight"": 0.04483428845356341, ""gross_amount"": 0.10496541538532256, ""gross_amount_pct_nav"": 0.04483428845356341, ""fee"": 3.148962461559676e-05, ""fee_pct_nav"": 1.345028653606902e-05, ""name"": ""兖矿能源""}, {""ts_code"": ""01398.HK"", ""side"": ""sell"", ""current_weight"": 0.10843040918467202, ""target_weight"": 0.09826913614870177, ""post_trade_weight"": 0.09827261994734486, ""diff_weight"": -0.010161273035970256, ""gross_amount"": 0.023789431746396417, ""gross_amount_pct_nav"": 0.010161273035970256, ""fee"": 7.1368295239189245e-06, ""fee_pct_nav"": 3.048381910791077e-06, ""name"": ""工商银行""}]"
2026-03-23,0.08638876,0.17277751,0.20394346,0.18424043,0.00011646,0.00006118,0.00005527,0.00000000,rebalance,"[{""ts_code"": ""00005.HK"", ""side"": ""sell"", ""current_weight"": 0.08265440982028956, ""target_weight"": 0.07210427507377552, ""post_trade_weight"": 0.07210801266671721, ""diff_weight"": -0.010550134746514034, ""gross_amount"": 0.023703272011314502, ""gross_amount_pct_nav"": 0.010550134746514034, ""fee"": 7.11098160339435e-06, ""fee_pct_nav"": 3.1650404239542097e-06, ""name"": ""汇丰控股""}, {""ts_code"": ""00857.HK"", ""side"": ""sell"", ""current_weight"": 0.1352192081945806, ""target_weight"": 0.11560630322070402, ""post_trade_weight"": 0.11561229578220596, ""diff_weight"": -0.01961290497387659, ""gross_amount"": 0.04406484207999983, ""gross_amount_pct_nav"": 0.01961290497387659, ""fee"": 1.321945262399995e-05, ""fee_pct_nav"": 5.883871492162977e-06, ""name"": ""中国石油股份""}, {""ts_code"": ""00939.HK"", ""side"": ""buy"", ""current_weight"": 0.0, ""target_weight"": 0.09077358619931071, ""post_trade_weight"": 0.09077829153356062, ""diff_weight"": 0.09077358619931071, ""gross_amount"": 0.20394346203357316, ""gross_amount_pct_nav"": 0.09077358619931071, ""fee"": 6.118303861007194e-05, ""fee_pct_nav"": 2.723207585979321e-05, ""name"": ""建设银行""}, {""ts_code"": ""01171.HK"", ""side"": ""sell"", ""current_weight"": 0.051840887676956424, ""target_weight"": 0.0, ""post_trade_weight"": 0.0, ""diff_weight"": -0.051840887676956424, ""gross_amount"": 0.11647231921098626, ""gross_amount_pct_nav"": 0.051840887676956424, ""fee"": 3.494169576329588e-05, ""fee_pct_nav"": 1.555226630308693e-05, ""name"": ""兖矿能源""}]"
2026-04-08,0.16206338,0.32412676,0.37500006,0.39399346,0.00023070,0.00011250,0.00011820,0.00000000,rebalance,"[{""ts_code"": ""01288.HK"", ""side"": ""buy"", ""current_weight"": 0.0, ""target_weight"": 0.08798586815626093, ""post_trade_weight"": 0.08799442456062033, ""diff_weight"": 0.08798586815626093, ""gross_amount"": 0.20874722399847137, ""gross_amount_pct_nav"": 0.08798586815626093, ""fee"": 6.26241671995414e-05, ""fee_pct_nav"": 2.639576044687828e-05, ""name"": ""农业银行""}, {""ts_code"": ""01378.HK"", ""side"": ""sell"", ""current_weight"": 0.05868526426729081, ""target_weight"": 0.0, ""post_trade_weight"": 0.0, ""diff_weight"": -0.05868526426729081, ""gross_amount"": 0.13923129091205, ""gross_amount_pct_nav"": 0.05868526426729081, ""fee"": 4.1769387273615e-05, ""fee_pct_nav"": 1.7605579280187242e-05, ""name"": ""中国宏桥""}, {""ts_code"": ""02318.HK"", ""side"": ""sell"", ""current_weight"": 0.06865287934255696, ""target_weight"": 0.05101488579120653, ""post_trade_weight"": 0.05101984686052738, ""diff_weight"": -0.017637993551350428, ""gross_amount"": 0.04184629040891431, ""gross_amount_pct_nav"": 0.017637993551350428, ""fee"": 1.2553887122674292e-05, ""fee_pct_nav"": 5.291398065405127e-06, ""name"": ""中国平安""}, {""ts_code"": ""02388.HK"", ""side"": ""sell"", ""current_weight"": 0.06459389085658375, ""target_weight"": 0.052934606994509005, ""post_trade_weight"": 0.05293975475188802, ""diff_weight"": -0.011659283862074743, ""gross_amount"": 0.02766175058585349, ""gross_amount_pct_nav"": 0.011659283862074743, ""fee"": 8.298525175756047e-06, ""fee_pct_nav"": 3.497785158622423e-06, ""name"": ""中银香港""}, {""ts_code"": ""02628.HK"", ""side"": ""sell"", ""current_weight"": 0.06487533636037673, ""target_weight"": 0.05401883348340082, ""post_trade_weight"": 0.05402408667907863, ""diff_weight"": -0.01085650287697591, ""gross_amount"": 0.02575714583932165, ""gross_amount_pct_nav"": 0.01085650287697591, ""fee"": 7.727143751796495e-06, ""fee_pct_nav"": 3.2569508630927735e-06, ""name"": ""中国人寿""}, {""ts_code"": ""02899.HK"", ""side"": ""sell"", ""current_weight"": 0.06324107978119173, ""target_weight"": 0.04864112867771202, ""post_trade_weight"": 0.0486458589051245, ""diff_weight"": -0.014599951103479706, ""gross_amount"": 0.03463850874270129, ""gross_amount_pct_nav"": 0.014599951103479706, ""fee"": 1.0391552622810386e-05, ""fee_pct_nav"": 4.379985331043912e-06, ""name"": ""紫金矿业""}, {""ts_code"": ""03988.HK"", ""side"": ""buy"", ""current_weight"": 0.0, ""target_weight"": 0.07007470305116013, ""post_trade_weight"": 0.07008151763976664, ""diff_weight"": 0.07007470305116013, ""gross_amount"": 0.16625283174416222, ""gross_amount_pct_nav"": 0.07007470305116013, ""fee"": 4.987584952324866e-05, ""fee_pct_nav"": 2.102241091534804e-05, ""name"": ""中国银行""}, {""ts_code"": ""03993.HK"", ""side"": ""sell"", ""current_weight"": 0.052627194651523344, ""target_weight"": 0.0, ""post_trade_weight"": 0.0, ""diff_weight"": -0.052627194651523344, ""gross_amount"": 0.12485846898529429, ""gross_amount_pct_nav"": 0.052627194651523344, ""fee"": 3.745754069558828e-05, ""fee_pct_nav"": 1.5788158395457e-05, ""name"": ""洛阳钼业""}]"
2026-04-20,0.04782064,0.09564128,0.10718117,0.12362139,0.00006924,0.00003215,0.00003709,0.00000000,rebalance,"[{""ts_code"": ""01299.HK"", ""side"": ""sell"", ""current_weight"": 0.05122693496088803, ""target_weight"": 0.0, ""post_trade_weight"": 0.0, ""diff_weight"": -0.05122693496088803, ""gross_amount"": 0.12362139256922444, ""gross_amount_pct_nav"": 0.05122693496088803, ""fee"": 3.708641777076733e-05, ""fee_pct_nav"": 1.5368080488266408e-05, ""name"": ""友邦保险""}, {""ts_code"": ""01378.HK"", ""side"": ""buy"", ""current_weight"": 0.0, ""target_weight"": 0.04441434359978614, ""post_trade_weight"": 0.04441561798973392, ""diff_weight"": 0.04441434359978614, ""gross_amount"": 0.10718117353782049, ""gross_amount_pct_nav"": 0.04441434359978614, ""fee"": 3.2154352061346145e-05, ""fee_pct_nav"": 1.3324303079935841e-05, ""name"": ""中国宏桥""}]"
